converged SCF energy = -7.76736213574856
[[ 0.04003959  0.5461471  -0.13924768  0.         -0.          1.4724109 ]
 [ 0.9853072  -0.25570637 -0.1918667   0.         -0.         -0.12962715]
 [ 0.0184864   0.38797506  0.8356816   0.         -0.         -0.9277768 ]
 [-0.         -0.         -0.          0.          1.         -0.        ]
 [-0.         -0.         -0.          1.         -0.         -0.        ]
 [ 0.01662528 -0.37913547  0.5879016   0.         -0.          1.12079023]]
<class 'pyscf.gto.mole.Mole'> <class 'pyscf.scf.hf.RHF'>
 ecore:   0.27849071
h1!!! [[ 7.22854815e-01 -5.25480058e-02 -6.54284215e-02  0.00000000e+00
   0.00000000e+00 -1.56579337e-03]
 [-5.25480058e-02  2.11116909e+00 -8.05212764e-02  0.00000000e+00
   0.00000000e+00  3.05681850e-01]
 [-6.54284215e-02 -8.05212764e-02  1.92372024e+00  0.00000000e+00
   0.00000000e+00  1.92419121e-02]
 [ 0.00000000e+00  0.00000000e+00  0.00000000e+00  2.06518172e+00
   0.00000000e+00  0.00000000e+00]
 [ 0.00000000e+00  0.00000000e+00  0.00000000e+00  0.00000000e+00
   2.06518172e+00  0.00000000e+00]
 [-1.56579337e-03  3.05681850e-01  1.92419121e-02  0.00000000e+00
   0.00000000e+00  2.57357566e+00]]
SCF energy pycc: -7.76736213574856 -7.76736213574856
dropcore: 0
calctype: None
dropcore: 0
n_mo=6, n_spin_orbitals=12, n_electrons=4
[-2.37089933 -2.37089933 -0.31665704 -0.31665704  0.07684843  0.07684843
  0.15793876  0.15793876  0.15793876  0.15793876  0.61299931  0.61299931]
geo: [['H', [0, 0, 0]], ['Li', [0, 0, 1]]]
Original Hamiltonian shape: (4096, 4096)
Restricted Hamiltonian shape: (225, 225)
hf_index: 3840
restrict sz: (225,)
e cmp: -7.784460280031231
<1100|H|1100> = (-7.767362135748568+0j)

nelectrons: 4
singles alt: [(4, 0), (5, 1), (6, 0), (7, 1), (8, 0), (9, 1), (10, 0), (11, 1), (4, 2), (5, 3), (6, 2), (7, 3), (8, 2), (9, 3), (10, 2), (11, 3)]
singles alt: [(4, 0), (5, 1), (6, 0), (7, 1), (8, 0), (9, 1), (10, 0), (11, 1), (4, 2), (5, 3), (6, 2), (7, 3), (8, 2), (9, 3), (10, 2), (11, 3)]
singles alt: [(4, 0), (5, 1), (6, 0), (7, 1), (8, 0), (9, 1), (10, 0), (11, 1), (4, 2), (5, 3), (6, 2), (7, 3), (8, 2), (9, 3), (10, 2), (11, 3)]
Energy at theta=0 (should be HF energy): -7.767362135749  PySCF RHF energy: -7.767362135749,-7.767362135749
Starting optimization... (this may take some time for larger ansatz sizes)
singles alt: [(4, 0), (5, 1), (6, 0), (7, 1), (8, 0), (9, 1), (10, 0), (11, 1), (4, 2), (5, 3), (6, 2), (7, 3), (8, 2), (9, 3), (10, 2), (11, 3)]
length: 16 76
Estimated difference between T3^fnT3 - (T2^WT3 + h.c.) is: 0.0 0.0
total cost: -7.767362135748568
singles alt: [(4, 0), (5, 1), (6, 0), (7, 1), (8, 0), (9, 1), (10, 0), (11, 1), (4, 2), (5, 3), (6, 2), (7, 3), (8, 2), (9, 3), (10, 2), (11, 3)]
length: 16 76
Estimated difference between T3^fnT3 - (T2^WT3 + h.c.) is: -4.1172572793183235e-19 1.6951807504099722e-37
total cost: -7.767362136328494
singles alt: [(4, 0), (5, 1), (6, 0), (7, 1), (8, 0), (9, 1), (10, 0), (11, 1), (4, 2), (5, 3), (6, 2), (7, 3), (8, 2), (9, 3), (10, 2), (11, 3)]
length: 16 76
Estimated difference between T3^fnT3 - (T2^WT3 + h.c.) is: -7.878878695523275e-19 6.207672949877054e-37
total cost: -7.767362135767054
singles alt: [(4, 0), (5, 1), (6, 0), (7, 1), (8, 0), (9, 1), (10, 0), (11, 1), (4, 2), (5, 3), (6, 2), (7, 3), (8, 2), (9, 3), (10, 2), (11, 3)]
length: 16 76
Estimated difference between T3^fnT3 - (T2^WT3 + h.c.) is: -7.878878695523277e-19 6.207672949877057e-37
total cost: -7.767362135767054
singles alt: [(4, 0), (5, 1), (6, 0), (7, 1), (8, 0), (9, 1), (10, 0), (11, 1), (4, 2), (5, 3), (6, 2), (7, 3), (8, 2), (9, 3), (10, 2), (11, 3)]
length: 16 76
Estimated difference between T3^fnT3 - (T2^WT3 + h.c.) is: -9.730481157084344e-21 9.468226354837348e-41
total cost: -7.767362136030674
singles alt: [(4, 0), (5, 1), (6, 0), (7, 1), (8, 0), (9, 1), (10, 0), (11, 1), (4, 2), (5, 3), (6, 2), (7, 3), (8, 2), (9, 3), (10, 2), (11, 3)]
length: 16 76
Estimated difference between T3^fnT3 - (T2^WT3 + h.c.) is: -3.0289273455801096e-19 9.174400864802969e-38
total cost: -7.767362135748567
singles alt: [(4, 0), (5, 1), (6, 0), (7, 1), (8, 0), (9, 1), (10, 0), (11, 1), (4, 2), (5, 3), (6, 2), (7, 3), (8, 2), (9, 3), (10, 2), (11, 3)]
length: 16 76
Estimated difference between T3^fnT3 - (T2^WT3 + h.c.) is: -9.500318704990751e-19 9.025605549639715e-37
total cost: -7.767362135748567
singles alt: [(4, 0), (5, 1), (6, 0), (7, 1), (8, 0), (9, 1), (10, 0), (11, 1), (4, 2), (5, 3), (6, 2), (7, 3), (8, 2), (9, 3), (10, 2), (11, 3)]
length: 16 76
Estimated difference between T3^fnT3 - (T2^WT3 + h.c.) is: -6.033396041819453e-19 3.6401867797442643e-37
total cost: -7.767362135748567
singles alt: [(4, 0), (5, 1), (6, 0), (7, 1), (8, 0), (9, 1), (10, 0), (11, 1), (4, 2), (5, 3), (6, 2), (7, 3), (8, 2), (9, 3), (10, 2), (11, 3)]
length: 16 76
Estimated difference between T3^fnT3 - (T2^WT3 + h.c.) is: -3.874188664693109e-20 1.5009337809636576e-39
total cost: -7.767362135748568
singles alt: [(4, 0), (5, 1), (6, 0), (7, 1), (8, 0), (9, 1), (10, 0), (11, 1), (4, 2), (5, 3), (6, 2), (7, 3), (8, 2), (9, 3), (10, 2), (11, 3)]
length: 16 76
Estimated difference between T3^fnT3 - (T2^WT3 + h.c.) is: -3.0855372668212404e-19 9.520540224942692e-38
total cost: -7.767362135748567
singles alt: [(4, 0), (5, 1), (6, 0), (7, 1), (8, 0), (9, 1), (10, 0), (11, 1), (4, 2), (5, 3), (6, 2), (7, 3), (8, 2), (9, 3), (10, 2), (11, 3)]
length: 16 76
Estimated difference between T3^fnT3 - (T2^WT3 + h.c.) is: -8.081920762976047e-19 6.531744321902333e-37
total cost: -7.767362135748567
singles alt: [(4, 0), (5, 1), (6, 0), (7, 1), (8, 0), (9, 1), (10, 0), (11, 1), (4, 2), (5, 3), (6, 2), (7, 3), (8, 2), (9, 3), (10, 2), (11, 3)]
length: 16 76
Estimated difference between T3^fnT3 - (T2^WT3 + h.c.) is: -7.071119666269982e-19 5.00007333347101e-37
total cost: -7.767362135748567
singles alt: [(4, 0), (5, 1), (6, 0), (7, 1), (8, 0), (9, 1), (10, 0), (11, 1), (4, 2), (5, 3), (6, 2), (7, 3), (8, 2), (9, 3), (10, 2), (11, 3)]
length: 16 76
Estimated difference between T3^fnT3 - (T2^WT3 + h.c.) is: -2.778754525561634e-20 7.72147671332926e-40
total cost: -7.767362135748568
singles alt: [(4, 0), (5, 1), (6, 0), (7, 1), (8, 0), (9, 1), (10, 0), (11, 1), (4, 2), (5, 3), (6, 2), (7, 3), (8, 2), (9, 3), (10, 2), (11, 3)]
length: 16 76
Estimated difference between T3^fnT3 - (T2^WT3 + h.c.) is: -2.3275733638612885e-20 5.417597764156554e-40
total cost: -7.767362136022309
singles alt: [(4, 0), (5, 1), (6, 0), (7, 1), (8, 0), (9, 1), (10, 0), (11, 1), (4, 2), (5, 3), (6, 2), (7, 3), (8, 2), (9, 3), (10, 2), (11, 3)]
length: 16 76
Estimated difference between T3^fnT3 - (T2^WT3 + h.c.) is: -2.1272084647390562e-19 4.525015852457492e-38
total cost: -7.767362135362283
singles alt: [(4, 0), (5, 1), (6, 0), (7, 1), (8, 0), (9, 1), (10, 0), (11, 1), (4, 2), (5, 3), (6, 2), (7, 3), (8, 2), (9, 3), (10, 2), (11, 3)]
length: 16 76
Estimated difference between T3^fnT3 - (T2^WT3 + h.c.) is: -1.493539606449987e-19 2.230660556034782e-38
total cost: -7.767362135625995
singles alt: [(4, 0), (5, 1), (6, 0), (7, 1), (8, 0), (9, 1), (10, 0), (11, 1), (4, 2), (5, 3), (6, 2), (7, 3), (8, 2), (9, 3), (10, 2), (11, 3)]
length: 16 76
Estimated difference between T3^fnT3 - (T2^WT3 + h.c.) is: -2.3730788015547906e-20 5.631502998388721e-40
total cost: -7.76736213488584
singles alt: [(4, 0), (5, 1), (6, 0), (7, 1), (8, 0), (9, 1), (10, 0), (11, 1), (4, 2), (5, 3), (6, 2), (7, 3), (8, 2), (9, 3), (10, 2), (11, 3)]
length: 16 76
Estimated difference between T3^fnT3 - (T2^WT3 + h.c.) is: -3.0855372668212404e-19 9.520540224942692e-38
total cost: -7.767362135748567
singles alt: [(4, 0), (5, 1), (6, 0), (7, 1), (8, 0), (9, 1), (10, 0), (11, 1), (4, 2), (5, 3), (6, 2), (7, 3), (8, 2), (9, 3), (10, 2), (11, 3)]
length: 16 76
Estimated difference between T3^fnT3 - (T2^WT3 + h.c.) is: -7.071119666269983e-19 5.000073333471011e-37
total cost: -7.767362135748567
singles alt: [(4, 0), (5, 1), (6, 0), (7, 1), (8, 0), (9, 1), (10, 0), (11, 1), (4, 2), (5, 3), (6, 2), (7, 3), (8, 2), (9, 3), (10, 2), (11, 3)]
length: 16 76
Estimated difference between T3^fnT3 - (T2^WT3 + h.c.) is: -8.081920762976047e-19 6.531744321902333e-37
total cost: -7.767362135748567
singles alt: [(4, 0), (5, 1), (6, 0), (7, 1), (8, 0), (9, 1), (10, 0), (11, 1), (4, 2), (5, 3), (6, 2), (7, 3), (8, 2), (9, 3), (10, 2), (11, 3)]
length: 16 76
Estimated difference between T3^fnT3 - (T2^WT3 + h.c.) is: -2.778754525561634e-20 7.72147671332926e-40
total cost: -7.767362135748568
singles alt: [(4, 0), (5, 1), (6, 0), (7, 1), (8, 0), (9, 1), (10, 0), (11, 1), (4, 2), (5, 3), (6, 2), (7, 3), (8, 2), (9, 3), (10, 2), (11, 3)]
length: 16 76
Estimated difference between T3^fnT3 - (T2^WT3 + h.c.) is: -2.3506004341802232e-19 5.525322401168254e-38
total cost: -7.767362136043337
singles alt: [(4, 0), (5, 1), (6, 0), (7, 1), (8, 0), (9, 1), (10, 0), (11, 1), (4, 2), (5, 3), (6, 2), (7, 3), (8, 2), (9, 3), (10, 2), (11, 3)]
length: 16 76
Estimated difference between T3^fnT3 - (T2^WT3 + h.c.) is: -8.64968142352905e-19 7.4816988728543525e-37
total cost: -7.7673621359962715
singles alt: [(4, 0), (5, 1), (6, 0), (7, 1), (8, 0), (9, 1), (10, 0), (11, 1), (4, 2), (5, 3), (6, 2), (7, 3), (8, 2), (9, 3), (10, 2), (11, 3)]
length: 16 76
Estimated difference between T3^fnT3 - (T2^WT3 + h.c.) is: -6.013945257016748e-19 3.6167537554394232e-37
total cost: -7.7673621359962715
singles alt: [(4, 0), (5, 1), (6, 0), (7, 1), (8, 0), (9, 1), (10, 0), (11, 1), (4, 2), (5, 3), (6, 2), (7, 3), (8, 2), (9, 3), (10, 2), (11, 3)]
length: 16 76
Estimated difference between T3^fnT3 - (T2^WT3 + h.c.) is: -3.5544272849283226e-20 1.2633953323842927e-39
total cost: -7.767362136558658
singles alt: [(4, 0), (5, 1), (6, 0), (7, 1), (8, 0), (9, 1), (10, 0), (11, 1), (4, 2), (5, 3), (6, 2), (7, 3), (8, 2), (9, 3), (10, 2), (11, 3)]
length: 16 76
Estimated difference between T3^fnT3 - (T2^WT3 + h.c.) is: -2.2244696989941435e-19 4.948265441743096e-38
total cost: -7.767362135748567
singles alt: [(4, 0), (5, 1), (6, 0), (7, 1), (8, 0), (9, 1), (10, 0), (11, 1), (4, 2), (5, 3), (6, 2), (7, 3), (8, 2), (9, 3), (10, 2), (11, 3)]
length: 16 76
Estimated difference between T3^fnT3 - (T2^WT3 + h.c.) is: -7.22067570377528e-19 5.213815761909063e-37
total cost: -7.767362135748567
singles alt: [(4, 0), (5, 1), (6, 0), (7, 1), (8, 0), (9, 1), (10, 0), (11, 1), (4, 2), (5, 3), (6, 2), (7, 3), (8, 2), (9, 3), (10, 2), (11, 3)]
length: 16 76
Estimated difference between T3^fnT3 - (T2^WT3 + h.c.) is: -7.22067570377528e-19 5.213815761909063e-37
total cost: -7.767362135748567
singles alt: [(4, 0), (5, 1), (6, 0), (7, 1), (8, 0), (9, 1), (10, 0), (11, 1), (4, 2), (5, 3), (6, 2), (7, 3), (8, 2), (9, 3), (10, 2), (11, 3)]
length: 16 76
Estimated difference between T3^fnT3 - (T2^WT3 + h.c.) is: -3.173805605156955e-20 1.0073042019325704e-39
total cost: -7.767362135748568
singles alt: [(4, 0), (5, 1), (6, 0), (7, 1), (8, 0), (9, 1), (10, 0), (11, 1), (4, 2), (5, 3), (6, 2), (7, 3), (8, 2), (9, 3), (10, 2), (11, 3)]
length: 16 76
Estimated difference between T3^fnT3 - (T2^WT3 + h.c.) is: -4.5924199827081883e-20 2.1090321297577477e-39
total cost: -7.7673621357485665
singles alt: [(4, 0), (5, 1), (6, 0), (7, 1), (8, 0), (9, 1), (10, 0), (11, 1), (4, 2), (5, 3), (6, 2), (7, 3), (8, 2), (9, 3), (10, 2), (11, 3)]
length: 16 76
Estimated difference between T3^fnT3 - (T2^WT3 + h.c.) is: -1.8878714221424215e-19 3.564058506542049e-38
total cost: -7.767362135748567
singles alt: [(4, 0), (5, 1), (6, 0), (7, 1), (8, 0), (9, 1), (10, 0), (11, 1), (4, 2), (5, 3), (6, 2), (7, 3), (8, 2), (9, 3), (10, 2), (11, 3)]
length: 16 76
Estimated difference between T3^fnT3 - (T2^WT3 + h.c.) is: -2.430446161364508e-19 5.907068543291472e-38
total cost: -7.767362135748567
singles alt: [(4, 0), (5, 1), (6, 0), (7, 1), (8, 0), (9, 1), (10, 0), (11, 1), (4, 2), (5, 3), (6, 2), (7, 3), (8, 2), (9, 3), (10, 2), (11, 3)]
length: 16 76
Estimated difference between T3^fnT3 - (T2^WT3 + h.c.) is: -2.1363176182445348e-20 4.563852966022002e-40
total cost: -7.767362135748568
singles alt: [(4, 0), (5, 1), (6, 0), (7, 1), (8, 0), (9, 1), (10, 0), (11, 1), (4, 2), (5, 3), (6, 2), (7, 3), (8, 2), (9, 3), (10, 2), (11, 3)]
length: 16 76
Estimated difference between T3^fnT3 - (T2^WT3 + h.c.) is: -3.02892734558011e-19 9.174400864802972e-38
total cost: -7.767362135748567
singles alt: [(4, 0), (5, 1), (6, 0), (7, 1), (8, 0), (9, 1), (10, 0), (11, 1), (4, 2), (5, 3), (6, 2), (7, 3), (8, 2), (9, 3), (10, 2), (11, 3)]
length: 16 76
Estimated difference between T3^fnT3 - (T2^WT3 + h.c.) is: -6.033396041819453e-19 3.6401867797442643e-37
total cost: -7.767362135748567
singles alt: [(4, 0), (5, 1), (6, 0), (7, 1), (8, 0), (9, 1), (10, 0), (11, 1), (4, 2), (5, 3), (6, 2), (7, 3), (8, 2), (9, 3), (10, 2), (11, 3)]
length: 16 76
Estimated difference between T3^fnT3 - (T2^WT3 + h.c.) is: -9.500318704990751e-19 9.025605549639715e-37
total cost: -7.767362135748567
singles alt: [(4, 0), (5, 1), (6, 0), (7, 1), (8, 0), (9, 1), (10, 0), (11, 1), (4, 2), (5, 3), (6, 2), (7, 3), (8, 2), (9, 3), (10, 2), (11, 3)]
length: 16 76
Estimated difference between T3^fnT3 - (T2^WT3 + h.c.) is: -3.874188664693109e-20 1.5009337809636576e-39
total cost: -7.767362135748568
singles alt: [(4, 0), (5, 1), (6, 0), (7, 1), (8, 0), (9, 1), (10, 0), (11, 1), (4, 2), (5, 3), (6, 2), (7, 3), (8, 2), (9, 3), (10, 2), (11, 3)]
length: 16 76
Estimated difference between T3^fnT3 - (T2^WT3 + h.c.) is: -2.2244696989941435e-19 4.948265441743096e-38
total cost: -7.767362135748567
singles alt: [(4, 0), (5, 1), (6, 0), (7, 1), (8, 0), (9, 1), (10, 0), (11, 1), (4, 2), (5, 3), (6, 2), (7, 3), (8, 2), (9, 3), (10, 2), (11, 3)]
length: 16 76
Estimated difference between T3^fnT3 - (T2^WT3 + h.c.) is: -7.22067570377528e-19 5.213815761909063e-37
total cost: -7.767362135748567
singles alt: [(4, 0), (5, 1), (6, 0), (7, 1), (8, 0), (9, 1), (10, 0), (11, 1), (4, 2), (5, 3), (6, 2), (7, 3), (8, 2), (9, 3), (10, 2), (11, 3)]
length: 16 76
Estimated difference between T3^fnT3 - (T2^WT3 + h.c.) is: -7.22067570377528e-19 5.213815761909063e-37
total cost: -7.767362135748567
singles alt: [(4, 0), (5, 1), (6, 0), (7, 1), (8, 0), (9, 1), (10, 0), (11, 1), (4, 2), (5, 3), (6, 2), (7, 3), (8, 2), (9, 3), (10, 2), (11, 3)]
length: 16 76
Estimated difference between T3^fnT3 - (T2^WT3 + h.c.) is: -3.173805605156955e-20 1.0073042019325704e-39
total cost: -7.767362135748568
singles alt: [(4, 0), (5, 1), (6, 0), (7, 1), (8, 0), (9, 1), (10, 0), (11, 1), (4, 2), (5, 3), (6, 2), (7, 3), (8, 2), (9, 3), (10, 2), (11, 3)]
length: 16 76
Estimated difference between T3^fnT3 - (T2^WT3 + h.c.) is: -2.350600434180224e-19 5.525322401168258e-38
total cost: -7.767362136043337
singles alt: [(4, 0), (5, 1), (6, 0), (7, 1), (8, 0), (9, 1), (10, 0), (11, 1), (4, 2), (5, 3), (6, 2), (7, 3), (8, 2), (9, 3), (10, 2), (11, 3)]
length: 16 76
Estimated difference between T3^fnT3 - (T2^WT3 + h.c.) is: -6.013945257016749e-19 3.6167537554394245e-37
total cost: -7.7673621359962715
singles alt: [(4, 0), (5, 1), (6, 0), (7, 1), (8, 0), (9, 1), (10, 0), (11, 1), (4, 2), (5, 3), (6, 2), (7, 3), (8, 2), (9, 3), (10, 2), (11, 3)]
length: 16 76
Estimated difference between T3^fnT3 - (T2^WT3 + h.c.) is: -8.649681423529048e-19 7.481698872854349e-37
total cost: -7.7673621359962715
singles alt: [(4, 0), (5, 1), (6, 0), (7, 1), (8, 0), (9, 1), (10, 0), (11, 1), (4, 2), (5, 3), (6, 2), (7, 3), (8, 2), (9, 3), (10, 2), (11, 3)]
length: 16 76
Estimated difference between T3^fnT3 - (T2^WT3 + h.c.) is: -3.5544272849283214e-20 1.2633953323842918e-39
total cost: -7.767362136558658
singles alt: [(4, 0), (5, 1), (6, 0), (7, 1), (8, 0), (9, 1), (10, 0), (11, 1), (4, 2), (5, 3), (6, 2), (7, 3), (8, 2), (9, 3), (10, 2), (11, 3)]
length: 16 76
Estimated difference between T3^fnT3 - (T2^WT3 + h.c.) is: -2.7418518946795165e-20 7.517751812357655e-40
total cost: -7.7673621357485665
singles alt: [(4, 0), (5, 1), (6, 0), (7, 1), (8, 0), (9, 1), (10, 0), (11, 1), (4, 2), (5, 3), (6, 2), (7, 3), (8, 2), (9, 3), (10, 2), (11, 3)]
length: 16 76
Estimated difference between T3^fnT3 - (T2^WT3 + h.c.) is: -1.4260947170837478e-19 2.0337461420941748e-38
total cost: -7.767362135748567
singles alt: [(4, 0), (5, 1), (6, 0), (7, 1), (8, 0), (9, 1), (10, 0), (11, 1), (4, 2), (5, 3), (6, 2), (7, 3), (8, 2), (9, 3), (10, 2), (11, 3)]
length: 16 76
Estimated difference between T3^fnT3 - (T2^WT3 + h.c.) is: -2.8993502404810697e-19 8.406231816977637e-38
total cost: -7.767362135748567
singles alt: [(4, 0), (5, 1), (6, 0), (7, 1), (8, 0), (9, 1), (10, 0), (11, 1), (4, 2), (5, 3), (6, 2), (7, 3), (8, 2), (9, 3), (10, 2), (11, 3)]
length: 16 76
Estimated difference between T3^fnT3 - (T2^WT3 + h.c.) is: -1.9778659930614988e-20 3.911953886509149e-40
total cost: -7.767362135748568
singles alt: [(4, 0), (5, 1), (6, 0), (7, 1), (8, 0), (9, 1), (10, 0), (11, 1), (4, 2), (5, 3), (6, 2), (7, 3), (8, 2), (9, 3), (10, 2), (11, 3)]
length: 16 76
Estimated difference between T3^fnT3 - (T2^WT3 + h.c.) is: -2.3275733638612888e-20 5.417597764156555e-40
total cost: -7.767362136022309
singles alt: [(4, 0), (5, 1), (6, 0), (7, 1), (8, 0), (9, 1), (10, 0), (11, 1), (4, 2), (5, 3), (6, 2), (7, 3), (8, 2), (9, 3), (10, 2), (11, 3)]
length: 16 76
Estimated difference between T3^fnT3 - (T2^WT3 + h.c.) is: -1.493539606449987e-19 2.230660556034782e-38
total cost: -7.767362135625995
singles alt: [(4, 0), (5, 1), (6, 0), (7, 1), (8, 0), (9, 1), (10, 0), (11, 1), (4, 2), (5, 3), (6, 2), (7, 3), (8, 2), (9, 3), (10, 2), (11, 3)]
length: 16 76
Estimated difference between T3^fnT3 - (T2^WT3 + h.c.) is: -2.1272084647390557e-19 4.52501585245749e-38
total cost: -7.767362135362283
singles alt: [(4, 0), (5, 1), (6, 0), (7, 1), (8, 0), (9, 1), (10, 0), (11, 1), (4, 2), (5, 3), (6, 2), (7, 3), (8, 2), (9, 3), (10, 2), (11, 3)]
length: 16 76
Estimated difference between T3^fnT3 - (T2^WT3 + h.c.) is: -2.373078801554791e-20 5.6315029983887224e-40
total cost: -7.76736213488584
singles alt: [(4, 0), (5, 1), (6, 0), (7, 1), (8, 0), (9, 1), (10, 0), (11, 1), (4, 2), (5, 3), (6, 2), (7, 3), (8, 2), (9, 3), (10, 2), (11, 3)]
length: 16 76
Estimated difference between T3^fnT3 - (T2^WT3 + h.c.) is: -2.7418518946795165e-20 7.517751812357655e-40
total cost: -7.7673621357485665
singles alt: [(4, 0), (5, 1), (6, 0), (7, 1), (8, 0), (9, 1), (10, 0), (11, 1), (4, 2), (5, 3), (6, 2), (7, 3), (8, 2), (9, 3), (10, 2), (11, 3)]
length: 16 76
Estimated difference between T3^fnT3 - (T2^WT3 + h.c.) is: -2.899350240481069e-19 8.406231816977634e-38
total cost: -7.767362135748567
singles alt: [(4, 0), (5, 1), (6, 0), (7, 1), (8, 0), (9, 1), (10, 0), (11, 1), (4, 2), (5, 3), (6, 2), (7, 3), (8, 2), (9, 3), (10, 2), (11, 3)]
length: 16 76
Estimated difference between T3^fnT3 - (T2^WT3 + h.c.) is: -1.4260947170837478e-19 2.0337461420941748e-38
total cost: -7.767362135748567
singles alt: [(4, 0), (5, 1), (6, 0), (7, 1), (8, 0), (9, 1), (10, 0), (11, 1), (4, 2), (5, 3), (6, 2), (7, 3), (8, 2), (9, 3), (10, 2), (11, 3)]
length: 16 76
Estimated difference between T3^fnT3 - (T2^WT3 + h.c.) is: -1.9778659930614988e-20 3.911953886509149e-40
total cost: -7.767362135748568
singles alt: [(4, 0), (5, 1), (6, 0), (7, 1), (8, 0), (9, 1), (10, 0), (11, 1), (4, 2), (5, 3), (6, 2), (7, 3), (8, 2), (9, 3), (10, 2), (11, 3)]
length: 16 76
Estimated difference between T3^fnT3 - (T2^WT3 + h.c.) is: -4.592419982708188e-20 2.109032129757747e-39
total cost: -7.7673621357485665
singles alt: [(4, 0), (5, 1), (6, 0), (7, 1), (8, 0), (9, 1), (10, 0), (11, 1), (4, 2), (5, 3), (6, 2), (7, 3), (8, 2), (9, 3), (10, 2), (11, 3)]
length: 16 76
Estimated difference between T3^fnT3 - (T2^WT3 + h.c.) is: -2.430446161364508e-19 5.907068543291472e-38
total cost: -7.767362135748567
singles alt: [(4, 0), (5, 1), (6, 0), (7, 1), (8, 0), (9, 1), (10, 0), (11, 1), (4, 2), (5, 3), (6, 2), (7, 3), (8, 2), (9, 3), (10, 2), (11, 3)]
length: 16 76
Estimated difference between T3^fnT3 - (T2^WT3 + h.c.) is: -1.8878714221424215e-19 3.564058506542049e-38
total cost: -7.767362135748567
singles alt: [(4, 0), (5, 1), (6, 0), (7, 1), (8, 0), (9, 1), (10, 0), (11, 1), (4, 2), (5, 3), (6, 2), (7, 3), (8, 2), (9, 3), (10, 2), (11, 3)]
length: 16 76
Estimated difference between T3^fnT3 - (T2^WT3 + h.c.) is: -2.1363176182445345e-20 4.563852966022e-40
total cost: -7.767362135748568
singles alt: [(4, 0), (5, 1), (6, 0), (7, 1), (8, 0), (9, 1), (10, 0), (11, 1), (4, 2), (5, 3), (6, 2), (7, 3), (8, 2), (9, 3), (10, 2), (11, 3)]
length: 16 76
Estimated difference between T3^fnT3 - (T2^WT3 + h.c.) is: -3.0800738129424976e-20 9.486854693174135e-40
total cost: -7.767362135960096
singles alt: [(4, 0), (5, 1), (6, 0), (7, 1), (8, 0), (9, 1), (10, 0), (11, 1), (4, 2), (5, 3), (6, 2), (7, 3), (8, 2), (9, 3), (10, 2), (11, 3)]
length: 16 76
Estimated difference between T3^fnT3 - (T2^WT3 + h.c.) is: -1.3634362495439964e-19 1.8589584065705988e-38
total cost: -7.767362135999249
singles alt: [(4, 0), (5, 1), (6, 0), (7, 1), (8, 0), (9, 1), (10, 0), (11, 1), (4, 2), (5, 3), (6, 2), (7, 3), (8, 2), (9, 3), (10, 2), (11, 3)]
length: 16 76
Estimated difference between T3^fnT3 - (T2^WT3 + h.c.) is: -1.3634362495439964e-19 1.8589584065705988e-38
total cost: -7.767362135999249
singles alt: [(4, 0), (5, 1), (6, 0), (7, 1), (8, 0), (9, 1), (10, 0), (11, 1), (4, 2), (5, 3), (6, 2), (7, 3), (8, 2), (9, 3), (10, 2), (11, 3)]
length: 16 76
Estimated difference between T3^fnT3 - (T2^WT3 + h.c.) is: -9.993612146958747e-21 9.987228374384142e-41
total cost: -7.767362139396838
singles alt: [(4, 0), (5, 1), (6, 0), (7, 1), (8, 0), (9, 1), (10, 0), (11, 1), (4, 2), (5, 3), (6, 2), (7, 3), (8, 2), (9, 3), (10, 2), (11, 3)]
length: 16 76
Estimated difference between T3^fnT3 - (T2^WT3 + h.c.) is: -7.813171044561572e-19 6.104564177157537e-37
total cost: -7.767362135748567
singles alt: [(4, 0), (5, 1), (6, 0), (7, 1), (8, 0), (9, 1), (10, 0), (11, 1), (4, 2), (5, 3), (6, 2), (7, 3), (8, 2), (9, 3), (10, 2), (11, 3)]
length: 16 76
Estimated difference between T3^fnT3 - (T2^WT3 + h.c.) is: -8.581891525967094e-19 7.364886216346582e-37
total cost: -7.767362135748567
singles alt: [(4, 0), (5, 1), (6, 0), (7, 1), (8, 0), (9, 1), (10, 0), (11, 1), (4, 2), (5, 3), (6, 2), (7, 3), (8, 2), (9, 3), (10, 2), (11, 3)]
length: 16 76
Estimated difference between T3^fnT3 - (T2^WT3 + h.c.) is: -8.581891525967094e-19 7.364886216346582e-37
total cost: -7.767362135748567
singles alt: [(4, 0), (5, 1), (6, 0), (7, 1), (8, 0), (9, 1), (10, 0), (11, 1), (4, 2), (5, 3), (6, 2), (7, 3), (8, 2), (9, 3), (10, 2), (11, 3)]
length: 16 76
Estimated difference between T3^fnT3 - (T2^WT3 + h.c.) is: -7.813171044561572e-19 6.104564177157537e-37
total cost: -7.767362135748567
singles alt: [(4, 0), (5, 1), (6, 0), (7, 1), (8, 0), (9, 1), (10, 0), (11, 1), (4, 2), (5, 3), (6, 2), (7, 3), (8, 2), (9, 3), (10, 2), (11, 3)]
length: 16 76
Estimated difference between T3^fnT3 - (T2^WT3 + h.c.) is: -2.374770652420771e-19 5.639535651598975e-38
total cost: -7.767362135484856
singles alt: [(4, 0), (5, 1), (6, 0), (7, 1), (8, 0), (9, 1), (10, 0), (11, 1), (4, 2), (5, 3), (6, 2), (7, 3), (8, 2), (9, 3), (10, 2), (11, 3)]
length: 16 76
Estimated difference between T3^fnT3 - (T2^WT3 + h.c.) is: -2.3747706524207706e-19 5.639535651598973e-38
total cost: -7.767362135484856
singles alt: [(4, 0), (5, 1), (6, 0), (7, 1), (8, 0), (9, 1), (10, 0), (11, 1), (4, 2), (5, 3), (6, 2), (7, 3), (8, 2), (9, 3), (10, 2), (11, 3)]
length: 16 76
Estimated difference between T3^fnT3 - (T2^WT3 + h.c.) is: -6.712618159183727e-19 4.5059242551003135e-37
total cost: -7.767362135748567
singles alt: [(4, 0), (5, 1), (6, 0), (7, 1), (8, 0), (9, 1), (10, 0), (11, 1), (4, 2), (5, 3), (6, 2), (7, 3), (8, 2), (9, 3), (10, 2), (11, 3)]
length: 16 76
Estimated difference between T3^fnT3 - (T2^WT3 + h.c.) is: -6.712618159183726e-19 4.505924255100312e-37
total cost: -7.767362135748567
singles alt: [(4, 0), (5, 1), (6, 0), (7, 1), (8, 0), (9, 1), (10, 0), (11, 1), (4, 2), (5, 3), (6, 2), (7, 3), (8, 2), (9, 3), (10, 2), (11, 3)]
length: 16 76
Estimated difference between T3^fnT3 - (T2^WT3 + h.c.) is: -2.1990999834377407e-19 4.836040737155871e-38
total cost: -7.767362135748567
singles alt: [(4, 0), (5, 1), (6, 0), (7, 1), (8, 0), (9, 1), (10, 0), (11, 1), (4, 2), (5, 3), (6, 2), (7, 3), (8, 2), (9, 3), (10, 2), (11, 3)]
length: 16 76
Estimated difference between T3^fnT3 - (T2^WT3 + h.c.) is: -2.2942456079921565e-19 5.2635629097913e-38
total cost: -7.767362135748567
singles alt: [(4, 0), (5, 1), (6, 0), (7, 1), (8, 0), (9, 1), (10, 0), (11, 1), (4, 2), (5, 3), (6, 2), (7, 3), (8, 2), (9, 3), (10, 2), (11, 3)]
length: 16 76
Estimated difference between T3^fnT3 - (T2^WT3 + h.c.) is: -2.2942456079921575e-19 5.263562909791305e-38
total cost: -7.767362135748567
singles alt: [(4, 0), (5, 1), (6, 0), (7, 1), (8, 0), (9, 1), (10, 0), (11, 1), (4, 2), (5, 3), (6, 2), (7, 3), (8, 2), (9, 3), (10, 2), (11, 3)]
length: 16 76
Estimated difference between T3^fnT3 - (T2^WT3 + h.c.) is: -2.19909998343774e-19 4.836040737155869e-38
total cost: -7.767362135748567
singles alt: [(4, 0), (5, 1), (6, 0), (7, 1), (8, 0), (9, 1), (10, 0), (11, 1), (4, 2), (5, 3), (6, 2), (7, 3), (8, 2), (9, 3), (10, 2), (11, 3)]
length: 16 76
Estimated difference between T3^fnT3 - (T2^WT3 + h.c.) is: 0.0 0.0
total cost: -7.767362135748567
singles alt: [(4, 0), (5, 1), (6, 0), (7, 1), (8, 0), (9, 1), (10, 0), (11, 1), (4, 2), (5, 3), (6, 2), (7, 3), (8, 2), (9, 3), (10, 2), (11, 3)]
length: 16 76
Estimated difference between T3^fnT3 - (T2^WT3 + h.c.) is: 0.0 0.0
total cost: -7.767362135748567
singles alt: [(4, 0), (5, 1), (6, 0), (7, 1), (8, 0), (9, 1), (10, 0), (11, 1), (4, 2), (5, 3), (6, 2), (7, 3), (8, 2), (9, 3), (10, 2), (11, 3)]
length: 16 76
Estimated difference between T3^fnT3 - (T2^WT3 + h.c.) is: 0.0 0.0
total cost: -7.767362135748567
singles alt: [(4, 0), (5, 1), (6, 0), (7, 1), (8, 0), (9, 1), (10, 0), (11, 1), (4, 2), (5, 3), (6, 2), (7, 3), (8, 2), (9, 3), (10, 2), (11, 3)]
length: 16 76
Estimated difference between T3^fnT3 - (T2^WT3 + h.c.) is: 0.0 0.0
total cost: -7.767362135748567
singles alt: [(4, 0), (5, 1), (6, 0), (7, 1), (8, 0), (9, 1), (10, 0), (11, 1), (4, 2), (5, 3), (6, 2), (7, 3), (8, 2), (9, 3), (10, 2), (11, 3)]
length: 16 76
Estimated difference between T3^fnT3 - (T2^WT3 + h.c.) is: 0.0 0.0
total cost: -7.767362135748567
singles alt: [(4, 0), (5, 1), (6, 0), (7, 1), (8, 0), (9, 1), (10, 0), (11, 1), (4, 2), (5, 3), (6, 2), (7, 3), (8, 2), (9, 3), (10, 2), (11, 3)]
length: 16 76
Estimated difference between T3^fnT3 - (T2^WT3 + h.c.) is: 0.0 0.0
total cost: -7.767362135748567
singles alt: [(4, 0), (5, 1), (6, 0), (7, 1), (8, 0), (9, 1), (10, 0), (11, 1), (4, 2), (5, 3), (6, 2), (7, 3), (8, 2), (9, 3), (10, 2), (11, 3)]
length: 16 76
Estimated difference between T3^fnT3 - (T2^WT3 + h.c.) is: 0.0 0.0
total cost: -7.767362135748567
singles alt: [(4, 0), (5, 1), (6, 0), (7, 1), (8, 0), (9, 1), (10, 0), (11, 1), (4, 2), (5, 3), (6, 2), (7, 3), (8, 2), (9, 3), (10, 2), (11, 3)]
length: 16 76
Estimated difference between T3^fnT3 - (T2^WT3 + h.c.) is: 0.0 0.0
total cost: -7.767362135748567
singles alt: [(4, 0), (5, 1), (6, 0), (7, 1), (8, 0), (9, 1), (10, 0), (11, 1), (4, 2), (5, 3), (6, 2), (7, 3), (8, 2), (9, 3), (10, 2), (11, 3)]
length: 16 76
Estimated difference between T3^fnT3 - (T2^WT3 + h.c.) is: 0.0 0.0
total cost: -7.76736213574857
singles alt: [(4, 0), (5, 1), (6, 0), (7, 1), (8, 0), (9, 1), (10, 0), (11, 1), (4, 2), (5, 3), (6, 2), (7, 3), (8, 2), (9, 3), (10, 2), (11, 3)]
length: 16 76
Estimated difference between T3^fnT3 - (T2^WT3 + h.c.) is: 0.0 0.0
total cost: -7.76736213574857
singles alt: [(4, 0), (5, 1), (6, 0), (7, 1), (8, 0), (9, 1), (10, 0), (11, 1), (4, 2), (5, 3), (6, 2), (7, 3), (8, 2), (9, 3), (10, 2), (11, 3)]
length: 16 76
Estimated difference between T3^fnT3 - (T2^WT3 + h.c.) is: 0.0 0.0
total cost: -7.767362135748568
singles alt: [(4, 0), (5, 1), (6, 0), (7, 1), (8, 0), (9, 1), (10, 0), (11, 1), (4, 2), (5, 3), (6, 2), (7, 3), (8, 2), (9, 3), (10, 2), (11, 3)]
length: 16 76
Estimated difference between T3^fnT3 - (T2^WT3 + h.c.) is: 0.0 0.0
total cost: -7.767362135748568
singles alt: [(4, 0), (5, 1), (6, 0), (7, 1), (8, 0), (9, 1), (10, 0), (11, 1), (4, 2), (5, 3), (6, 2), (7, 3), (8, 2), (9, 3), (10, 2), (11, 3)]
length: 16 76
Estimated difference between T3^fnT3 - (T2^WT3 + h.c.) is: 0.0 0.0
total cost: -7.767362135748568
singles alt: [(4, 0), (5, 1), (6, 0), (7, 1), (8, 0), (9, 1), (10, 0), (11, 1), (4, 2), (5, 3), (6, 2), (7, 3), (8, 2), (9, 3), (10, 2), (11, 3)]
length: 16 76
Estimated difference between T3^fnT3 - (T2^WT3 + h.c.) is: 0.0 0.0
total cost: -7.767362135748568
singles alt: [(4, 0), (5, 1), (6, 0), (7, 1), (8, 0), (9, 1), (10, 0), (11, 1), (4, 2), (5, 3), (6, 2), (7, 3), (8, 2), (9, 3), (10, 2), (11, 3)]
length: 16 76
Estimated difference between T3^fnT3 - (T2^WT3 + h.c.) is: 0.0 0.0
total cost: -7.767362135748568
singles alt: [(4, 0), (5, 1), (6, 0), (7, 1), (8, 0), (9, 1), (10, 0), (11, 1), (4, 2), (5, 3), (6, 2), (7, 3), (8, 2), (9, 3), (10, 2), (11, 3)]
length: 16 76
Estimated difference between T3^fnT3 - (T2^WT3 + h.c.) is: 0.0 0.0
total cost: -7.767362135748568
singles alt: [(4, 0), (5, 1), (6, 0), (7, 1), (8, 0), (9, 1), (10, 0), (11, 1), (4, 2), (5, 3), (6, 2), (7, 3), (8, 2), (9, 3), (10, 2), (11, 3)]
length: 16 76
Estimated difference between T3^fnT3 - (T2^WT3 + h.c.) is: -1.6964237351932703e-05 2.877853489327087e-10
total cost: -7.7342462677345125
singles alt: [(4, 0), (5, 1), (6, 0), (7, 1), (8, 0), (9, 1), (10, 0), (11, 1), (4, 2), (5, 3), (6, 2), (7, 3), (8, 2), (9, 3), (10, 2), (11, 3)]
length: 16 76
Estimated difference between T3^fnT3 - (T2^WT3 + h.c.) is: -1.696423972988244e-05 2.8778542961292177e-10
total cost: -7.734246262034664
singles alt: [(4, 0), (5, 1), (6, 0), (7, 1), (8, 0), (9, 1), (10, 0), (11, 1), (4, 2), (5, 3), (6, 2), (7, 3), (8, 2), (9, 3), (10, 2), (11, 3)]
length: 16 76
Estimated difference between T3^fnT3 - (T2^WT3 + h.c.) is: -1.6964237609898295e-05 2.877853576850878e-10
total cost: -7.734246267763077
singles alt: [(4, 0), (5, 1), (6, 0), (7, 1), (8, 0), (9, 1), (10, 0), (11, 1), (4, 2), (5, 3), (6, 2), (7, 3), (8, 2), (9, 3), (10, 2), (11, 3)]
length: 16 76
Estimated difference between T3^fnT3 - (T2^WT3 + h.c.) is: -1.6964237609898295e-05 2.877853576850878e-10
total cost: -7.7342462677627974
singles alt: [(4, 0), (5, 1), (6, 0), (7, 1), (8, 0), (9, 1), (10, 0), (11, 1), (4, 2), (5, 3), (6, 2), (7, 3), (8, 2), (9, 3), (10, 2), (11, 3)]
length: 16 76
Estimated difference between T3^fnT3 - (T2^WT3 + h.c.) is: -1.6964237607727522e-05 2.8778535761143684e-10
total cost: -7.734246267640914
singles alt: [(4, 0), (5, 1), (6, 0), (7, 1), (8, 0), (9, 1), (10, 0), (11, 1), (4, 2), (5, 3), (6, 2), (7, 3), (8, 2), (9, 3), (10, 2), (11, 3)]
length: 16 76
Estimated difference between T3^fnT3 - (T2^WT3 + h.c.) is: -1.696423735193016e-05 2.877853489326224e-10
total cost: -7.73424626773452
singles alt: [(4, 0), (5, 1), (6, 0), (7, 1), (8, 0), (9, 1), (10, 0), (11, 1), (4, 2), (5, 3), (6, 2), (7, 3), (8, 2), (9, 3), (10, 2), (11, 3)]
length: 16 76
Estimated difference between T3^fnT3 - (T2^WT3 + h.c.) is: -1.6964237351924026e-05 2.877853489324143e-10
total cost: -7.734246267734518
singles alt: [(4, 0), (5, 1), (6, 0), (7, 1), (8, 0), (9, 1), (10, 0), (11, 1), (4, 2), (5, 3), (6, 2), (7, 3), (8, 2), (9, 3), (10, 2), (11, 3)]
length: 16 76
Estimated difference between T3^fnT3 - (T2^WT3 + h.c.) is: -1.6964237351928766e-05 2.8778534893257513e-10
total cost: -7.734246267734517
singles alt: [(4, 0), (5, 1), (6, 0), (7, 1), (8, 0), (9, 1), (10, 0), (11, 1), (4, 2), (5, 3), (6, 2), (7, 3), (8, 2), (9, 3), (10, 2), (11, 3)]
length: 16 76
Estimated difference between T3^fnT3 - (T2^WT3 + h.c.) is: -1.6964237351932256e-05 2.877853489326935e-10
total cost: -7.7342462677345125
singles alt: [(4, 0), (5, 1), (6, 0), (7, 1), (8, 0), (9, 1), (10, 0), (11, 1), (4, 2), (5, 3), (6, 2), (7, 3), (8, 2), (9, 3), (10, 2), (11, 3)]
length: 16 76
Estimated difference between T3^fnT3 - (T2^WT3 + h.c.) is: -1.69642373519295e-05 2.8778534893260005e-10
total cost: -7.734246267734521
singles alt: [(4, 0), (5, 1), (6, 0), (7, 1), (8, 0), (9, 1), (10, 0), (11, 1), (4, 2), (5, 3), (6, 2), (7, 3), (8, 2), (9, 3), (10, 2), (11, 3)]
length: 16 76
Estimated difference between T3^fnT3 - (T2^WT3 + h.c.) is: -1.696423735192548e-05 2.877853489324636e-10
total cost: -7.734246267734517
singles alt: [(4, 0), (5, 1), (6, 0), (7, 1), (8, 0), (9, 1), (10, 0), (11, 1), (4, 2), (5, 3), (6, 2), (7, 3), (8, 2), (9, 3), (10, 2), (11, 3)]
length: 16 76
Estimated difference between T3^fnT3 - (T2^WT3 + h.c.) is: -1.6964237351927665e-05 2.8778534893253775e-10
total cost: -7.734246267734517
singles alt: [(4, 0), (5, 1), (6, 0), (7, 1), (8, 0), (9, 1), (10, 0), (11, 1), (4, 2), (5, 3), (6, 2), (7, 3), (8, 2), (9, 3), (10, 2), (11, 3)]
length: 16 76
Estimated difference between T3^fnT3 - (T2^WT3 + h.c.) is: -1.6964237351932314e-05 2.877853489326955e-10
total cost: -7.7342462677345125
singles alt: [(4, 0), (5, 1), (6, 0), (7, 1), (8, 0), (9, 1), (10, 0), (11, 1), (4, 2), (5, 3), (6, 2), (7, 3), (8, 2), (9, 3), (10, 2), (11, 3)]
length: 16 76
Estimated difference between T3^fnT3 - (T2^WT3 + h.c.) is: -1.696423767607437e-05 2.8778535993034116e-10
total cost: -7.734246264759715
singles alt: [(4, 0), (5, 1), (6, 0), (7, 1), (8, 0), (9, 1), (10, 0), (11, 1), (4, 2), (5, 3), (6, 2), (7, 3), (8, 2), (9, 3), (10, 2), (11, 3)]
length: 16 76
Estimated difference between T3^fnT3 - (T2^WT3 + h.c.) is: -1.696423618811893e-05 2.877853094462839e-10
total cost: -7.734246269684801
singles alt: [(4, 0), (5, 1), (6, 0), (7, 1), (8, 0), (9, 1), (10, 0), (11, 1), (4, 2), (5, 3), (6, 2), (7, 3), (8, 2), (9, 3), (10, 2), (11, 3)]
length: 16 76
Estimated difference between T3^fnT3 - (T2^WT3 + h.c.) is: -1.696423713510068e-05 2.8778534157592896e-10
total cost: -7.73424626835249
singles alt: [(4, 0), (5, 1), (6, 0), (7, 1), (8, 0), (9, 1), (10, 0), (11, 1), (4, 2), (5, 3), (6, 2), (7, 3), (8, 2), (9, 3), (10, 2), (11, 3)]
length: 16 76
Estimated difference between T3^fnT3 - (T2^WT3 + h.c.) is: -1.6964237108870948e-05 2.8778534068599414e-10
total cost: -7.7342462680893505
singles alt: [(4, 0), (5, 1), (6, 0), (7, 1), (8, 0), (9, 1), (10, 0), (11, 1), (4, 2), (5, 3), (6, 2), (7, 3), (8, 2), (9, 3), (10, 2), (11, 3)]
length: 16 76
Estimated difference between T3^fnT3 - (T2^WT3 + h.c.) is: -1.6964237351929505e-05 2.877853489326002e-10
total cost: -7.7342462677345205
singles alt: [(4, 0), (5, 1), (6, 0), (7, 1), (8, 0), (9, 1), (10, 0), (11, 1), (4, 2), (5, 3), (6, 2), (7, 3), (8, 2), (9, 3), (10, 2), (11, 3)]
length: 16 76
Estimated difference between T3^fnT3 - (T2^WT3 + h.c.) is: -1.6964237351927665e-05 2.8778534893253775e-10
total cost: -7.734246267734517
singles alt: [(4, 0), (5, 1), (6, 0), (7, 1), (8, 0), (9, 1), (10, 0), (11, 1), (4, 2), (5, 3), (6, 2), (7, 3), (8, 2), (9, 3), (10, 2), (11, 3)]
length: 16 76
Estimated difference between T3^fnT3 - (T2^WT3 + h.c.) is: -1.6964237351925476e-05 2.877853489324635e-10
total cost: -7.734246267734517
singles alt: [(4, 0), (5, 1), (6, 0), (7, 1), (8, 0), (9, 1), (10, 0), (11, 1), (4, 2), (5, 3), (6, 2), (7, 3), (8, 2), (9, 3), (10, 2), (11, 3)]
length: 16 76
Estimated difference between T3^fnT3 - (T2^WT3 + h.c.) is: -1.696423735193231e-05 2.877853489326954e-10
total cost: -7.7342462677345125
singles alt: [(4, 0), (5, 1), (6, 0), (7, 1), (8, 0), (9, 1), (10, 0), (11, 1), (4, 2), (5, 3), (6, 2), (7, 3), (8, 2), (9, 3), (10, 2), (11, 3)]
length: 16 76
Estimated difference between T3^fnT3 - (T2^WT3 + h.c.) is: -1.6964238191491415e-05 2.877853774176559e-10
total cost: -7.734246264855253
singles alt: [(4, 0), (5, 1), (6, 0), (7, 1), (8, 0), (9, 1), (10, 0), (11, 1), (4, 2), (5, 3), (6, 2), (7, 3), (8, 2), (9, 3), (10, 2), (11, 3)]
length: 16 76
Estimated difference between T3^fnT3 - (T2^WT3 + h.c.) is: -1.6964239281773922e-05 2.877854144092814e-10
total cost: -7.73424626676623
singles alt: [(4, 0), (5, 1), (6, 0), (7, 1), (8, 0), (9, 1), (10, 0), (11, 1), (4, 2), (5, 3), (6, 2), (7, 3), (8, 2), (9, 3), (10, 2), (11, 3)]
length: 16 76
Estimated difference between T3^fnT3 - (T2^WT3 + h.c.) is: -1.696423869371185e-05 2.877853944572303e-10
total cost: -7.734246266768656
singles alt: [(4, 0), (5, 1), (6, 0), (7, 1), (8, 0), (9, 1), (10, 0), (11, 1), (4, 2), (5, 3), (6, 2), (7, 3), (8, 2), (9, 3), (10, 2), (11, 3)]
length: 16 76
Estimated difference between T3^fnT3 - (T2^WT3 + h.c.) is: -1.696423768968775e-05 2.877853603922223e-10
total cost: -7.7342462672495005
singles alt: [(4, 0), (5, 1), (6, 0), (7, 1), (8, 0), (9, 1), (10, 0), (11, 1), (4, 2), (5, 3), (6, 2), (7, 3), (8, 2), (9, 3), (10, 2), (11, 3)]
length: 16 76
Estimated difference between T3^fnT3 - (T2^WT3 + h.c.) is: -1.6964237474770726e-05 2.8778535310041543e-10
total cost: -7.734246267734645
singles alt: [(4, 0), (5, 1), (6, 0), (7, 1), (8, 0), (9, 1), (10, 0), (11, 1), (4, 2), (5, 3), (6, 2), (7, 3), (8, 2), (9, 3), (10, 2), (11, 3)]
length: 16 76
Estimated difference between T3^fnT3 - (T2^WT3 + h.c.) is: -1.696423760258017e-05 2.87785357436795e-10
total cost: -7.734246267734767
singles alt: [(4, 0), (5, 1), (6, 0), (7, 1), (8, 0), (9, 1), (10, 0), (11, 1), (4, 2), (5, 3), (6, 2), (7, 3), (8, 2), (9, 3), (10, 2), (11, 3)]
length: 16 76
Estimated difference between T3^fnT3 - (T2^WT3 + h.c.) is: -1.696423760258017e-05 2.87785357436795e-10
total cost: -7.734246267734767
singles alt: [(4, 0), (5, 1), (6, 0), (7, 1), (8, 0), (9, 1), (10, 0), (11, 1), (4, 2), (5, 3), (6, 2), (7, 3), (8, 2), (9, 3), (10, 2), (11, 3)]
length: 16 76
Estimated difference between T3^fnT3 - (T2^WT3 + h.c.) is: -1.6964237460519983e-05 2.877853526169095e-10
total cost: -7.734246267734621
singles alt: [(4, 0), (5, 1), (6, 0), (7, 1), (8, 0), (9, 1), (10, 0), (11, 1), (4, 2), (5, 3), (6, 2), (7, 3), (8, 2), (9, 3), (10, 2), (11, 3)]
length: 16 76
Estimated difference between T3^fnT3 - (T2^WT3 + h.c.) is: -1.6964237351931426e-05 2.8778534893266535e-10
total cost: -7.734246267734533
singles alt: [(4, 0), (5, 1), (6, 0), (7, 1), (8, 0), (9, 1), (10, 0), (11, 1), (4, 2), (5, 3), (6, 2), (7, 3), (8, 2), (9, 3), (10, 2), (11, 3)]
length: 16 76
Estimated difference between T3^fnT3 - (T2^WT3 + h.c.) is: -1.696423735193059e-05 2.8778534893263696e-10
total cost: -7.734246267734517
singles alt: [(4, 0), (5, 1), (6, 0), (7, 1), (8, 0), (9, 1), (10, 0), (11, 1), (4, 2), (5, 3), (6, 2), (7, 3), (8, 2), (9, 3), (10, 2), (11, 3)]
length: 16 76
Estimated difference between T3^fnT3 - (T2^WT3 + h.c.) is: -1.696423735192993e-05 2.877853489326146e-10
total cost: -7.734246267734517
singles alt: [(4, 0), (5, 1), (6, 0), (7, 1), (8, 0), (9, 1), (10, 0), (11, 1), (4, 2), (5, 3), (6, 2), (7, 3), (8, 2), (9, 3), (10, 2), (11, 3)]
length: 16 76
Estimated difference between T3^fnT3 - (T2^WT3 + h.c.) is: -1.6964237351932612e-05 2.877853489327056e-10
total cost: -7.7342462677345125
singles alt: [(4, 0), (5, 1), (6, 0), (7, 1), (8, 0), (9, 1), (10, 0), (11, 1), (4, 2), (5, 3), (6, 2), (7, 3), (8, 2), (9, 3), (10, 2), (11, 3)]
length: 16 76
Estimated difference between T3^fnT3 - (T2^WT3 + h.c.) is: -1.6964237351930166e-05 2.877853489326226e-10
total cost: -7.734246267734521
singles alt: [(4, 0), (5, 1), (6, 0), (7, 1), (8, 0), (9, 1), (10, 0), (11, 1), (4, 2), (5, 3), (6, 2), (7, 3), (8, 2), (9, 3), (10, 2), (11, 3)]
length: 16 76
Estimated difference between T3^fnT3 - (T2^WT3 + h.c.) is: -1.6964237351928766e-05 2.8778534893257513e-10
total cost: -7.734246267734517
singles alt: [(4, 0), (5, 1), (6, 0), (7, 1), (8, 0), (9, 1), (10, 0), (11, 1), (4, 2), (5, 3), (6, 2), (7, 3), (8, 2), (9, 3), (10, 2), (11, 3)]
length: 16 76
Estimated difference between T3^fnT3 - (T2^WT3 + h.c.) is: -1.696423735192403e-05 2.877853489324144e-10
total cost: -7.734246267734517
singles alt: [(4, 0), (5, 1), (6, 0), (7, 1), (8, 0), (9, 1), (10, 0), (11, 1), (4, 2), (5, 3), (6, 2), (7, 3), (8, 2), (9, 3), (10, 2), (11, 3)]
length: 16 76
Estimated difference between T3^fnT3 - (T2^WT3 + h.c.) is: -1.6964237351932253e-05 2.877853489326934e-10
total cost: -7.7342462677345125
singles alt: [(4, 0), (5, 1), (6, 0), (7, 1), (8, 0), (9, 1), (10, 0), (11, 1), (4, 2), (5, 3), (6, 2), (7, 3), (8, 2), (9, 3), (10, 2), (11, 3)]
length: 16 76
Estimated difference between T3^fnT3 - (T2^WT3 + h.c.) is: -1.6964237474770726e-05 2.8778535310041543e-10
total cost: -7.734246267734645
singles alt: [(4, 0), (5, 1), (6, 0), (7, 1), (8, 0), (9, 1), (10, 0), (11, 1), (4, 2), (5, 3), (6, 2), (7, 3), (8, 2), (9, 3), (10, 2), (11, 3)]
length: 16 76
Estimated difference between T3^fnT3 - (T2^WT3 + h.c.) is: -1.696423760258017e-05 2.87785357436795e-10
total cost: -7.734246267734769
singles alt: [(4, 0), (5, 1), (6, 0), (7, 1), (8, 0), (9, 1), (10, 0), (11, 1), (4, 2), (5, 3), (6, 2), (7, 3), (8, 2), (9, 3), (10, 2), (11, 3)]
length: 16 76
Estimated difference between T3^fnT3 - (T2^WT3 + h.c.) is: -1.696423760258017e-05 2.87785357436795e-10
total cost: -7.734246267734768
singles alt: [(4, 0), (5, 1), (6, 0), (7, 1), (8, 0), (9, 1), (10, 0), (11, 1), (4, 2), (5, 3), (6, 2), (7, 3), (8, 2), (9, 3), (10, 2), (11, 3)]
length: 16 76
Estimated difference between T3^fnT3 - (T2^WT3 + h.c.) is: -1.6964237460519983e-05 2.877853526169095e-10
total cost: -7.734246267734622
singles alt: [(4, 0), (5, 1), (6, 0), (7, 1), (8, 0), (9, 1), (10, 0), (11, 1), (4, 2), (5, 3), (6, 2), (7, 3), (8, 2), (9, 3), (10, 2), (11, 3)]
length: 16 76
Estimated difference between T3^fnT3 - (T2^WT3 + h.c.) is: -1.6964238191491422e-05 2.8778537741765617e-10
total cost: -7.73424626485822
singles alt: [(4, 0), (5, 1), (6, 0), (7, 1), (8, 0), (9, 1), (10, 0), (11, 1), (4, 2), (5, 3), (6, 2), (7, 3), (8, 2), (9, 3), (10, 2), (11, 3)]
length: 16 76
Estimated difference between T3^fnT3 - (T2^WT3 + h.c.) is: -1.6964238693711845e-05 2.877853944572302e-10
total cost: -7.734246266768277
singles alt: [(4, 0), (5, 1), (6, 0), (7, 1), (8, 0), (9, 1), (10, 0), (11, 1), (4, 2), (5, 3), (6, 2), (7, 3), (8, 2), (9, 3), (10, 2), (11, 3)]
length: 16 76
Estimated difference between T3^fnT3 - (T2^WT3 + h.c.) is: -1.696423928177393e-05 2.877854144092816e-10
total cost: -7.734246266771917
singles alt: [(4, 0), (5, 1), (6, 0), (7, 1), (8, 0), (9, 1), (10, 0), (11, 1), (4, 2), (5, 3), (6, 2), (7, 3), (8, 2), (9, 3), (10, 2), (11, 3)]
length: 16 76
Estimated difference between T3^fnT3 - (T2^WT3 + h.c.) is: -1.6964237689687738e-05 2.8778536039222196e-10
total cost: -7.734246267248015
singles alt: [(4, 0), (5, 1), (6, 0), (7, 1), (8, 0), (9, 1), (10, 0), (11, 1), (4, 2), (5, 3), (6, 2), (7, 3), (8, 2), (9, 3), (10, 2), (11, 3)]
length: 16 76
Estimated difference between T3^fnT3 - (T2^WT3 + h.c.) is: -1.6964237351932043e-05 2.877853489326863e-10
total cost: -7.734246267734531
singles alt: [(4, 0), (5, 1), (6, 0), (7, 1), (8, 0), (9, 1), (10, 0), (11, 1), (4, 2), (5, 3), (6, 2), (7, 3), (8, 2), (9, 3), (10, 2), (11, 3)]
length: 16 76
Estimated difference between T3^fnT3 - (T2^WT3 + h.c.) is: -1.696423735193199e-05 2.877853489326844e-10
total cost: -7.734246267734516
singles alt: [(4, 0), (5, 1), (6, 0), (7, 1), (8, 0), (9, 1), (10, 0), (11, 1), (4, 2), (5, 3), (6, 2), (7, 3), (8, 2), (9, 3), (10, 2), (11, 3)]
length: 16 76
Estimated difference between T3^fnT3 - (T2^WT3 + h.c.) is: -1.696423735192897e-05 2.87785348932582e-10
total cost: -7.734246267734517
singles alt: [(4, 0), (5, 1), (6, 0), (7, 1), (8, 0), (9, 1), (10, 0), (11, 1), (4, 2), (5, 3), (6, 2), (7, 3), (8, 2), (9, 3), (10, 2), (11, 3)]
length: 16 76
Estimated difference between T3^fnT3 - (T2^WT3 + h.c.) is: -1.6964237351932348e-05 2.877853489326966e-10
total cost: -7.7342462677345125
singles alt: [(4, 0), (5, 1), (6, 0), (7, 1), (8, 0), (9, 1), (10, 0), (11, 1), (4, 2), (5, 3), (6, 2), (7, 3), (8, 2), (9, 3), (10, 2), (11, 3)]
length: 16 76
Estimated difference between T3^fnT3 - (T2^WT3 + h.c.) is: -1.6964237676074896e-05 2.8778535993035895e-10
total cost: -7.734246264755667
singles alt: [(4, 0), (5, 1), (6, 0), (7, 1), (8, 0), (9, 1), (10, 0), (11, 1), (4, 2), (5, 3), (6, 2), (7, 3), (8, 2), (9, 3), (10, 2), (11, 3)]
length: 16 76
Estimated difference between T3^fnT3 - (T2^WT3 + h.c.) is: -1.696423713510068e-05 2.8778534157592896e-10
total cost: -7.734246268353985
singles alt: [(4, 0), (5, 1), (6, 0), (7, 1), (8, 0), (9, 1), (10, 0), (11, 1), (4, 2), (5, 3), (6, 2), (7, 3), (8, 2), (9, 3), (10, 2), (11, 3)]
length: 16 76
Estimated difference between T3^fnT3 - (T2^WT3 + h.c.) is: -1.696423618811893e-05 2.877853094462839e-10
total cost: -7.734246269675896
singles alt: [(4, 0), (5, 1), (6, 0), (7, 1), (8, 0), (9, 1), (10, 0), (11, 1), (4, 2), (5, 3), (6, 2), (7, 3), (8, 2), (9, 3), (10, 2), (11, 3)]
length: 16 76
Estimated difference between T3^fnT3 - (T2^WT3 + h.c.) is: -1.696423710887053e-05 2.8778534068597997e-10
total cost: -7.734246268090845
singles alt: [(4, 0), (5, 1), (6, 0), (7, 1), (8, 0), (9, 1), (10, 0), (11, 1), (4, 2), (5, 3), (6, 2), (7, 3), (8, 2), (9, 3), (10, 2), (11, 3)]
length: 16 76
Estimated difference between T3^fnT3 - (T2^WT3 + h.c.) is: -1.6964237351932043e-05 2.877853489326863e-10
total cost: -7.734246267734529
singles alt: [(4, 0), (5, 1), (6, 0), (7, 1), (8, 0), (9, 1), (10, 0), (11, 1), (4, 2), (5, 3), (6, 2), (7, 3), (8, 2), (9, 3), (10, 2), (11, 3)]
length: 16 76
Estimated difference between T3^fnT3 - (T2^WT3 + h.c.) is: -1.6964237351928973e-05 2.877853489325821e-10
total cost: -7.734246267734516
singles alt: [(4, 0), (5, 1), (6, 0), (7, 1), (8, 0), (9, 1), (10, 0), (11, 1), (4, 2), (5, 3), (6, 2), (7, 3), (8, 2), (9, 3), (10, 2), (11, 3)]
length: 16 76
Estimated difference between T3^fnT3 - (T2^WT3 + h.c.) is: -1.6964237351931992e-05 2.877853489326846e-10
total cost: -7.734246267734517
singles alt: [(4, 0), (5, 1), (6, 0), (7, 1), (8, 0), (9, 1), (10, 0), (11, 1), (4, 2), (5, 3), (6, 2), (7, 3), (8, 2), (9, 3), (10, 2), (11, 3)]
length: 16 76
Estimated difference between T3^fnT3 - (T2^WT3 + h.c.) is: -1.6964237351932354e-05 2.877853489326969e-10
total cost: -7.7342462677345125
singles alt: [(4, 0), (5, 1), (6, 0), (7, 1), (8, 0), (9, 1), (10, 0), (11, 1), (4, 2), (5, 3), (6, 2), (7, 3), (8, 2), (9, 3), (10, 2), (11, 3)]
length: 16 76
Estimated difference between T3^fnT3 - (T2^WT3 + h.c.) is: -1.6964237351931433e-05 2.877853489326656e-10
total cost: -7.73424626773453
singles alt: [(4, 0), (5, 1), (6, 0), (7, 1), (8, 0), (9, 1), (10, 0), (11, 1), (4, 2), (5, 3), (6, 2), (7, 3), (8, 2), (9, 3), (10, 2), (11, 3)]
length: 16 76
Estimated difference between T3^fnT3 - (T2^WT3 + h.c.) is: -1.696423735192993e-05 2.877853489326146e-10
total cost: -7.734246267734516
singles alt: [(4, 0), (5, 1), (6, 0), (7, 1), (8, 0), (9, 1), (10, 0), (11, 1), (4, 2), (5, 3), (6, 2), (7, 3), (8, 2), (9, 3), (10, 2), (11, 3)]
length: 16 76
Estimated difference between T3^fnT3 - (T2^WT3 + h.c.) is: -1.696423735193059e-05 2.8778534893263696e-10
total cost: -7.734246267734518
singles alt: [(4, 0), (5, 1), (6, 0), (7, 1), (8, 0), (9, 1), (10, 0), (11, 1), (4, 2), (5, 3), (6, 2), (7, 3), (8, 2), (9, 3), (10, 2), (11, 3)]
length: 16 76
Estimated difference between T3^fnT3 - (T2^WT3 + h.c.) is: -1.6964237351932612e-05 2.877853489327056e-10
total cost: -7.7342462677345125
singles alt: [(4, 0), (5, 1), (6, 0), (7, 1), (8, 0), (9, 1), (10, 0), (11, 1), (4, 2), (5, 3), (6, 2), (7, 3), (8, 2), (9, 3), (10, 2), (11, 3)]
length: 16 76
Estimated difference between T3^fnT3 - (T2^WT3 + h.c.) is: -1.696423777135591e-05 2.8778536316309855e-10
total cost: -7.7342462652114845
singles alt: [(4, 0), (5, 1), (6, 0), (7, 1), (8, 0), (9, 1), (10, 0), (11, 1), (4, 2), (5, 3), (6, 2), (7, 3), (8, 2), (9, 3), (10, 2), (11, 3)]
length: 16 76
Estimated difference between T3^fnT3 - (T2^WT3 + h.c.) is: -1.696423750212747e-05 2.877853540285881e-10
total cost: -7.7342462664977765
singles alt: [(4, 0), (5, 1), (6, 0), (7, 1), (8, 0), (9, 1), (10, 0), (11, 1), (4, 2), (5, 3), (6, 2), (7, 3), (8, 2), (9, 3), (10, 2), (11, 3)]
length: 16 76
Estimated difference between T3^fnT3 - (T2^WT3 + h.c.) is: -1.696423750212747e-05 2.877853540285881e-10
total cost: -7.734246266497744
singles alt: [(4, 0), (5, 1), (6, 0), (7, 1), (8, 0), (9, 1), (10, 0), (11, 1), (4, 2), (5, 3), (6, 2), (7, 3), (8, 2), (9, 3), (10, 2), (11, 3)]
length: 16 76
Estimated difference between T3^fnT3 - (T2^WT3 + h.c.) is: -1.6964237686128377e-05 2.8778536027145825e-10
total cost: -7.734246262376583
singles alt: [(4, 0), (5, 1), (6, 0), (7, 1), (8, 0), (9, 1), (10, 0), (11, 1), (4, 2), (5, 3), (6, 2), (7, 3), (8, 2), (9, 3), (10, 2), (11, 3)]
length: 16 76
Estimated difference between T3^fnT3 - (T2^WT3 + h.c.) is: -1.696423735192545e-05 2.877853489324626e-10
total cost: -7.734246267734515
singles alt: [(4, 0), (5, 1), (6, 0), (7, 1), (8, 0), (9, 1), (10, 0), (11, 1), (4, 2), (5, 3), (6, 2), (7, 3), (8, 2), (9, 3), (10, 2), (11, 3)]
length: 16 76
Estimated difference between T3^fnT3 - (T2^WT3 + h.c.) is: -1.6964237351924934e-05 2.877853489324451e-10
total cost: -7.734246267734515
singles alt: [(4, 0), (5, 1), (6, 0), (7, 1), (8, 0), (9, 1), (10, 0), (11, 1), (4, 2), (5, 3), (6, 2), (7, 3), (8, 2), (9, 3), (10, 2), (11, 3)]
length: 16 76
Estimated difference between T3^fnT3 - (T2^WT3 + h.c.) is: -1.696423735192494e-05 2.877853489324453e-10
total cost: -7.734246267734514
singles alt: [(4, 0), (5, 1), (6, 0), (7, 1), (8, 0), (9, 1), (10, 0), (11, 1), (4, 2), (5, 3), (6, 2), (7, 3), (8, 2), (9, 3), (10, 2), (11, 3)]
length: 16 76
Estimated difference between T3^fnT3 - (T2^WT3 + h.c.) is: -1.696423735192545e-05 2.877853489324626e-10
total cost: -7.734246267734514
singles alt: [(4, 0), (5, 1), (6, 0), (7, 1), (8, 0), (9, 1), (10, 0), (11, 1), (4, 2), (5, 3), (6, 2), (7, 3), (8, 2), (9, 3), (10, 2), (11, 3)]
length: 16 76
Estimated difference between T3^fnT3 - (T2^WT3 + h.c.) is: -1.696423644649423e-05 2.8778531821256313e-10
total cost: -7.734246268994101
singles alt: [(4, 0), (5, 1), (6, 0), (7, 1), (8, 0), (9, 1), (10, 0), (11, 1), (4, 2), (5, 3), (6, 2), (7, 3), (8, 2), (9, 3), (10, 2), (11, 3)]
length: 16 76
Estimated difference between T3^fnT3 - (T2^WT3 + h.c.) is: -1.696423644649423e-05 2.8778531821256313e-10
total cost: -7.73424626899374
singles alt: [(4, 0), (5, 1), (6, 0), (7, 1), (8, 0), (9, 1), (10, 0), (11, 1), (4, 2), (5, 3), (6, 2), (7, 3), (8, 2), (9, 3), (10, 2), (11, 3)]
length: 16 76
Estimated difference between T3^fnT3 - (T2^WT3 + h.c.) is: -1.696423693799052e-05 2.87785334888282e-10
total cost: -7.7342462677341
singles alt: [(4, 0), (5, 1), (6, 0), (7, 1), (8, 0), (9, 1), (10, 0), (11, 1), (4, 2), (5, 3), (6, 2), (7, 3), (8, 2), (9, 3), (10, 2), (11, 3)]
length: 16 76
Estimated difference between T3^fnT3 - (T2^WT3 + h.c.) is: -1.696423776586549e-05 2.8778536297681696e-10
total cost: -7.734246267734928
singles alt: [(4, 0), (5, 1), (6, 0), (7, 1), (8, 0), (9, 1), (10, 0), (11, 1), (4, 2), (5, 3), (6, 2), (7, 3), (8, 2), (9, 3), (10, 2), (11, 3)]
length: 16 76
Estimated difference between T3^fnT3 - (T2^WT3 + h.c.) is: -1.6964237351933286e-05 2.8778534893272847e-10
total cost: -7.734246267734515
singles alt: [(4, 0), (5, 1), (6, 0), (7, 1), (8, 0), (9, 1), (10, 0), (11, 1), (4, 2), (5, 3), (6, 2), (7, 3), (8, 2), (9, 3), (10, 2), (11, 3)]
length: 16 76
Estimated difference between T3^fnT3 - (T2^WT3 + h.c.) is: -1.696423735193333e-05 2.8778534893272997e-10
total cost: -7.734246267734515
singles alt: [(4, 0), (5, 1), (6, 0), (7, 1), (8, 0), (9, 1), (10, 0), (11, 1), (4, 2), (5, 3), (6, 2), (7, 3), (8, 2), (9, 3), (10, 2), (11, 3)]
length: 16 76
Estimated difference between T3^fnT3 - (T2^WT3 + h.c.) is: -1.696423735193333e-05 2.8778534893272997e-10
total cost: -7.734246267734515
singles alt: [(4, 0), (5, 1), (6, 0), (7, 1), (8, 0), (9, 1), (10, 0), (11, 1), (4, 2), (5, 3), (6, 2), (7, 3), (8, 2), (9, 3), (10, 2), (11, 3)]
length: 16 76
Estimated difference between T3^fnT3 - (T2^WT3 + h.c.) is: -1.6964237351933283e-05 2.8778534893272837e-10
total cost: -7.734246267734515
singles alt: [(4, 0), (5, 1), (6, 0), (7, 1), (8, 0), (9, 1), (10, 0), (11, 1), (4, 2), (5, 3), (6, 2), (7, 3), (8, 2), (9, 3), (10, 2), (11, 3)]
length: 16 76
Estimated difference between T3^fnT3 - (T2^WT3 + h.c.) is: -1.6964237351932703e-05 2.877853489327087e-10
total cost: -7.734246268010413
singles alt: [(4, 0), (5, 1), (6, 0), (7, 1), (8, 0), (9, 1), (10, 0), (11, 1), (4, 2), (5, 3), (6, 2), (7, 3), (8, 2), (9, 3), (10, 2), (11, 3)]
length: 16 76
Estimated difference between T3^fnT3 - (T2^WT3 + h.c.) is: -1.6964237351932703e-05 2.877853489327087e-10
total cost: -7.734246268010083
singles alt: [(4, 0), (5, 1), (6, 0), (7, 1), (8, 0), (9, 1), (10, 0), (11, 1), (4, 2), (5, 3), (6, 2), (7, 3), (8, 2), (9, 3), (10, 2), (11, 3)]
length: 16 76
Estimated difference between T3^fnT3 - (T2^WT3 + h.c.) is: -1.6964237351932703e-05 2.877853489327087e-10
total cost: -7.734246267734515
singles alt: [(4, 0), (5, 1), (6, 0), (7, 1), (8, 0), (9, 1), (10, 0), (11, 1), (4, 2), (5, 3), (6, 2), (7, 3), (8, 2), (9, 3), (10, 2), (11, 3)]
length: 16 76
Estimated difference between T3^fnT3 - (T2^WT3 + h.c.) is: -1.6964237351932703e-05 2.877853489327087e-10
total cost: -7.734246267734515
singles alt: [(4, 0), (5, 1), (6, 0), (7, 1), (8, 0), (9, 1), (10, 0), (11, 1), (4, 2), (5, 3), (6, 2), (7, 3), (8, 2), (9, 3), (10, 2), (11, 3)]
length: 16 76
Estimated difference between T3^fnT3 - (T2^WT3 + h.c.) is: -1.6964237351932703e-05 2.877853489327087e-10
total cost: -7.734246267734515
singles alt: [(4, 0), (5, 1), (6, 0), (7, 1), (8, 0), (9, 1), (10, 0), (11, 1), (4, 2), (5, 3), (6, 2), (7, 3), (8, 2), (9, 3), (10, 2), (11, 3)]
length: 16 76
Estimated difference between T3^fnT3 - (T2^WT3 + h.c.) is: -1.6964237351932703e-05 2.877853489327087e-10
total cost: -7.734246267734516
singles alt: [(4, 0), (5, 1), (6, 0), (7, 1), (8, 0), (9, 1), (10, 0), (11, 1), (4, 2), (5, 3), (6, 2), (7, 3), (8, 2), (9, 3), (10, 2), (11, 3)]
length: 16 76
Estimated difference between T3^fnT3 - (T2^WT3 + h.c.) is: -1.6964237351932703e-05 2.877853489327087e-10
total cost: -7.73424626776448
singles alt: [(4, 0), (5, 1), (6, 0), (7, 1), (8, 0), (9, 1), (10, 0), (11, 1), (4, 2), (5, 3), (6, 2), (7, 3), (8, 2), (9, 3), (10, 2), (11, 3)]
length: 16 76
Estimated difference between T3^fnT3 - (T2^WT3 + h.c.) is: -1.6964237351932703e-05 2.877853489327087e-10
total cost: -7.734246267764362
singles alt: [(4, 0), (5, 1), (6, 0), (7, 1), (8, 0), (9, 1), (10, 0), (11, 1), (4, 2), (5, 3), (6, 2), (7, 3), (8, 2), (9, 3), (10, 2), (11, 3)]
length: 16 76
Estimated difference between T3^fnT3 - (T2^WT3 + h.c.) is: -1.6964237351932703e-05 2.877853489327087e-10
total cost: -7.73424626784932
singles alt: [(4, 0), (5, 1), (6, 0), (7, 1), (8, 0), (9, 1), (10, 0), (11, 1), (4, 2), (5, 3), (6, 2), (7, 3), (8, 2), (9, 3), (10, 2), (11, 3)]
length: 16 76
Estimated difference between T3^fnT3 - (T2^WT3 + h.c.) is: -1.6964237351932703e-05 2.877853489327087e-10
total cost: -7.734246267847819
singles alt: [(4, 0), (5, 1), (6, 0), (7, 1), (8, 0), (9, 1), (10, 0), (11, 1), (4, 2), (5, 3), (6, 2), (7, 3), (8, 2), (9, 3), (10, 2), (11, 3)]
length: 16 76
Estimated difference between T3^fnT3 - (T2^WT3 + h.c.) is: -1.6964237351932703e-05 2.877853489327087e-10
total cost: -7.734246267734512
singles alt: [(4, 0), (5, 1), (6, 0), (7, 1), (8, 0), (9, 1), (10, 0), (11, 1), (4, 2), (5, 3), (6, 2), (7, 3), (8, 2), (9, 3), (10, 2), (11, 3)]
length: 16 76
Estimated difference between T3^fnT3 - (T2^WT3 + h.c.) is: -1.6964237351932703e-05 2.877853489327087e-10
total cost: -7.734246267734512
singles alt: [(4, 0), (5, 1), (6, 0), (7, 1), (8, 0), (9, 1), (10, 0), (11, 1), (4, 2), (5, 3), (6, 2), (7, 3), (8, 2), (9, 3), (10, 2), (11, 3)]
length: 16 76
Estimated difference between T3^fnT3 - (T2^WT3 + h.c.) is: -1.6964237351932703e-05 2.877853489327087e-10
total cost: -7.7342462677345125
singles alt: [(4, 0), (5, 1), (6, 0), (7, 1), (8, 0), (9, 1), (10, 0), (11, 1), (4, 2), (5, 3), (6, 2), (7, 3), (8, 2), (9, 3), (10, 2), (11, 3)]
length: 16 76
Estimated difference between T3^fnT3 - (T2^WT3 + h.c.) is: -1.6964237351932703e-05 2.877853489327087e-10
total cost: -7.734246267734512
singles alt: [(4, 0), (5, 1), (6, 0), (7, 1), (8, 0), (9, 1), (10, 0), (11, 1), (4, 2), (5, 3), (6, 2), (7, 3), (8, 2), (9, 3), (10, 2), (11, 3)]
length: 16 76
Estimated difference between T3^fnT3 - (T2^WT3 + h.c.) is: -1.6964237351932703e-05 2.877853489327087e-10
total cost: -7.734246267665448
singles alt: [(4, 0), (5, 1), (6, 0), (7, 1), (8, 0), (9, 1), (10, 0), (11, 1), (4, 2), (5, 3), (6, 2), (7, 3), (8, 2), (9, 3), (10, 2), (11, 3)]
length: 16 76
Estimated difference between T3^fnT3 - (T2^WT3 + h.c.) is: -1.6964237351932703e-05 2.877853489327087e-10
total cost: -7.73424626766503
singles alt: [(4, 0), (5, 1), (6, 0), (7, 1), (8, 0), (9, 1), (10, 0), (11, 1), (4, 2), (5, 3), (6, 2), (7, 3), (8, 2), (9, 3), (10, 2), (11, 3)]
length: 16 76
Estimated difference between T3^fnT3 - (T2^WT3 + h.c.) is: -2.0871421046871726e-06 4.356162165158e-12
total cost: -7.781484054144031
singles alt: [(4, 0), (5, 1), (6, 0), (7, 1), (8, 0), (9, 1), (10, 0), (11, 1), (4, 2), (5, 3), (6, 2), (7, 3), (8, 2), (9, 3), (10, 2), (11, 3)]
length: 16 76
Estimated difference between T3^fnT3 - (T2^WT3 + h.c.) is: -2.0871429387747417e-06 4.356165646877265e-12
total cost: -7.78148405252289
singles alt: [(4, 0), (5, 1), (6, 0), (7, 1), (8, 0), (9, 1), (10, 0), (11, 1), (4, 2), (5, 3), (6, 2), (7, 3), (8, 2), (9, 3), (10, 2), (11, 3)]
length: 16 76
Estimated difference between T3^fnT3 - (T2^WT3 + h.c.) is: -2.0871421951714426e-06 4.3561625428650686e-12
total cost: -7.781484054164539
singles alt: [(4, 0), (5, 1), (6, 0), (7, 1), (8, 0), (9, 1), (10, 0), (11, 1), (4, 2), (5, 3), (6, 2), (7, 3), (8, 2), (9, 3), (10, 2), (11, 3)]
length: 16 76
Estimated difference between T3^fnT3 - (T2^WT3 + h.c.) is: -2.0871421951714426e-06 4.3561625428650686e-12
total cost: -7.781484054164528
singles alt: [(4, 0), (5, 1), (6, 0), (7, 1), (8, 0), (9, 1), (10, 0), (11, 1), (4, 2), (5, 3), (6, 2), (7, 3), (8, 2), (9, 3), (10, 2), (11, 3)]
length: 16 76
Estimated difference between T3^fnT3 - (T2^WT3 + h.c.) is: -2.0871421944095153e-06 4.356162539684567e-12
total cost: -7.781484054291248
singles alt: [(4, 0), (5, 1), (6, 0), (7, 1), (8, 0), (9, 1), (10, 0), (11, 1), (4, 2), (5, 3), (6, 2), (7, 3), (8, 2), (9, 3), (10, 2), (11, 3)]
length: 16 76
Estimated difference between T3^fnT3 - (T2^WT3 + h.c.) is: -2.087142104686478e-06 4.356162165155101e-12
total cost: -7.781484054144034
singles alt: [(4, 0), (5, 1), (6, 0), (7, 1), (8, 0), (9, 1), (10, 0), (11, 1), (4, 2), (5, 3), (6, 2), (7, 3), (8, 2), (9, 3), (10, 2), (11, 3)]
length: 16 76
Estimated difference between T3^fnT3 - (T2^WT3 + h.c.) is: -2.087142104684746e-06 4.3561621651478705e-12
total cost: -7.781484054144032
singles alt: [(4, 0), (5, 1), (6, 0), (7, 1), (8, 0), (9, 1), (10, 0), (11, 1), (4, 2), (5, 3), (6, 2), (7, 3), (8, 2), (9, 3), (10, 2), (11, 3)]
length: 16 76
Estimated difference between T3^fnT3 - (T2^WT3 + h.c.) is: -2.0871421046861837e-06 4.356162165153872e-12
total cost: -7.781484054144032
singles alt: [(4, 0), (5, 1), (6, 0), (7, 1), (8, 0), (9, 1), (10, 0), (11, 1), (4, 2), (5, 3), (6, 2), (7, 3), (8, 2), (9, 3), (10, 2), (11, 3)]
length: 16 76
Estimated difference between T3^fnT3 - (T2^WT3 + h.c.) is: -2.0871421046870387e-06 4.356162165157442e-12
total cost: -7.781484054144031
singles alt: [(4, 0), (5, 1), (6, 0), (7, 1), (8, 0), (9, 1), (10, 0), (11, 1), (4, 2), (5, 3), (6, 2), (7, 3), (8, 2), (9, 3), (10, 2), (11, 3)]
length: 16 76
Estimated difference between T3^fnT3 - (T2^WT3 + h.c.) is: -2.087142104686251e-06 4.3561621651541535e-12
total cost: -7.781484054144034
singles alt: [(4, 0), (5, 1), (6, 0), (7, 1), (8, 0), (9, 1), (10, 0), (11, 1), (4, 2), (5, 3), (6, 2), (7, 3), (8, 2), (9, 3), (10, 2), (11, 3)]
length: 16 76
Estimated difference between T3^fnT3 - (T2^WT3 + h.c.) is: -2.0871421046851626e-06 4.3561621651496105e-12
total cost: -7.781484054144033
singles alt: [(4, 0), (5, 1), (6, 0), (7, 1), (8, 0), (9, 1), (10, 0), (11, 1), (4, 2), (5, 3), (6, 2), (7, 3), (8, 2), (9, 3), (10, 2), (11, 3)]
length: 16 76
Estimated difference between T3^fnT3 - (T2^WT3 + h.c.) is: -2.087142104685864e-06 4.356162165152538e-12
total cost: -7.781484054144033
singles alt: [(4, 0), (5, 1), (6, 0), (7, 1), (8, 0), (9, 1), (10, 0), (11, 1), (4, 2), (5, 3), (6, 2), (7, 3), (8, 2), (9, 3), (10, 2), (11, 3)]
length: 16 76
Estimated difference between T3^fnT3 - (T2^WT3 + h.c.) is: -2.087142104687054e-06 4.356162165157505e-12
total cost: -7.781484054144031
singles alt: [(4, 0), (5, 1), (6, 0), (7, 1), (8, 0), (9, 1), (10, 0), (11, 1), (4, 2), (5, 3), (6, 2), (7, 3), (8, 2), (9, 3), (10, 2), (11, 3)]
length: 16 76
Estimated difference between T3^fnT3 - (T2^WT3 + h.c.) is: -2.087142218382799e-06 4.356162639755872e-12
total cost: -7.781484053276097
singles alt: [(4, 0), (5, 1), (6, 0), (7, 1), (8, 0), (9, 1), (10, 0), (11, 1), (4, 2), (5, 3), (6, 2), (7, 3), (8, 2), (9, 3), (10, 2), (11, 3)]
length: 16 76
Estimated difference between T3^fnT3 - (T2^WT3 + h.c.) is: -2.0871416964691393e-06 4.356160461140077e-12
total cost: -7.781484054584398
singles alt: [(4, 0), (5, 1), (6, 0), (7, 1), (8, 0), (9, 1), (10, 0), (11, 1), (4, 2), (5, 3), (6, 2), (7, 3), (8, 2), (9, 3), (10, 2), (11, 3)]
length: 16 76
Estimated difference between T3^fnT3 - (T2^WT3 + h.c.) is: -2.0871420286314845e-06 4.356161847679948e-12
total cost: -7.781484054282891
singles alt: [(4, 0), (5, 1), (6, 0), (7, 1), (8, 0), (9, 1), (10, 0), (11, 1), (4, 2), (5, 3), (6, 2), (7, 3), (8, 2), (9, 3), (10, 2), (11, 3)]
length: 16 76
Estimated difference between T3^fnT3 - (T2^WT3 + h.c.) is: -2.0871420194310847e-06 4.356161809274866e-12
total cost: -7.781484053718602
singles alt: [(4, 0), (5, 1), (6, 0), (7, 1), (8, 0), (9, 1), (10, 0), (11, 1), (4, 2), (5, 3), (6, 2), (7, 3), (8, 2), (9, 3), (10, 2), (11, 3)]
length: 16 76
Estimated difference between T3^fnT3 - (T2^WT3 + h.c.) is: -2.0871421046862506e-06 4.356162165154152e-12
total cost: -7.781484054144034
singles alt: [(4, 0), (5, 1), (6, 0), (7, 1), (8, 0), (9, 1), (10, 0), (11, 1), (4, 2), (5, 3), (6, 2), (7, 3), (8, 2), (9, 3), (10, 2), (11, 3)]
length: 16 76
Estimated difference between T3^fnT3 - (T2^WT3 + h.c.) is: -2.0871421046858643e-06 4.3561621651525395e-12
total cost: -7.781484054144033
singles alt: [(4, 0), (5, 1), (6, 0), (7, 1), (8, 0), (9, 1), (10, 0), (11, 1), (4, 2), (5, 3), (6, 2), (7, 3), (8, 2), (9, 3), (10, 2), (11, 3)]
length: 16 76
Estimated difference between T3^fnT3 - (T2^WT3 + h.c.) is: -2.0871421046851626e-06 4.3561621651496105e-12
total cost: -7.781484054144033
singles alt: [(4, 0), (5, 1), (6, 0), (7, 1), (8, 0), (9, 1), (10, 0), (11, 1), (4, 2), (5, 3), (6, 2), (7, 3), (8, 2), (9, 3), (10, 2), (11, 3)]
length: 16 76
Estimated difference between T3^fnT3 - (T2^WT3 + h.c.) is: -2.0871421046870536e-06 4.3561621651575034e-12
total cost: -7.781484054144031
singles alt: [(4, 0), (5, 1), (6, 0), (7, 1), (8, 0), (9, 1), (10, 0), (11, 1), (4, 2), (5, 3), (6, 2), (7, 3), (8, 2), (9, 3), (10, 2), (11, 3)]
length: 16 76
Estimated difference between T3^fnT3 - (T2^WT3 + h.c.) is: -2.0871423991701114e-06 4.356163394413569e-12
total cost: -7.781484053324354
singles alt: [(4, 0), (5, 1), (6, 0), (7, 1), (8, 0), (9, 1), (10, 0), (11, 1), (4, 2), (5, 3), (6, 2), (7, 3), (8, 2), (9, 3), (10, 2), (11, 3)]
length: 16 76
Estimated difference between T3^fnT3 - (T2^WT3 + h.c.) is: -2.087142781596939e-06 4.356164990772207e-12
total cost: -7.7814840539598915
singles alt: [(4, 0), (5, 1), (6, 0), (7, 1), (8, 0), (9, 1), (10, 0), (11, 1), (4, 2), (5, 3), (6, 2), (7, 3), (8, 2), (9, 3), (10, 2), (11, 3)]
length: 16 76
Estimated difference between T3^fnT3 - (T2^WT3 + h.c.) is: -2.0871425753286914e-06 4.356164129749682e-12
total cost: -7.781484053959777
singles alt: [(4, 0), (5, 1), (6, 0), (7, 1), (8, 0), (9, 1), (10, 0), (11, 1), (4, 2), (5, 3), (6, 2), (7, 3), (8, 2), (9, 3), (10, 2), (11, 3)]
length: 16 76
Estimated difference between T3^fnT3 - (T2^WT3 + h.c.) is: -2.0871422231578194e-06 4.356162659688165e-12
total cost: -7.781484054488339
singles alt: [(4, 0), (5, 1), (6, 0), (7, 1), (8, 0), (9, 1), (10, 0), (11, 1), (4, 2), (5, 3), (6, 2), (7, 3), (8, 2), (9, 3), (10, 2), (11, 3)]
length: 16 76
Estimated difference between T3^fnT3 - (T2^WT3 + h.c.) is: -2.0871421477738616e-06 4.356162345014088e-12
total cost: -7.7814840541440775
singles alt: [(4, 0), (5, 1), (6, 0), (7, 1), (8, 0), (9, 1), (10, 0), (11, 1), (4, 2), (5, 3), (6, 2), (7, 3), (8, 2), (9, 3), (10, 2), (11, 3)]
length: 16 76
Estimated difference between T3^fnT3 - (T2^WT3 + h.c.) is: -2.0871421926045e-06 4.3561625321499195e-12
total cost: -7.781484054144121
singles alt: [(4, 0), (5, 1), (6, 0), (7, 1), (8, 0), (9, 1), (10, 0), (11, 1), (4, 2), (5, 3), (6, 2), (7, 3), (8, 2), (9, 3), (10, 2), (11, 3)]
length: 16 76
Estimated difference between T3^fnT3 - (T2^WT3 + h.c.) is: -2.0871421926045e-06 4.3561625321499195e-12
total cost: -7.781484054144121
singles alt: [(4, 0), (5, 1), (6, 0), (7, 1), (8, 0), (9, 1), (10, 0), (11, 1), (4, 2), (5, 3), (6, 2), (7, 3), (8, 2), (9, 3), (10, 2), (11, 3)]
length: 16 76
Estimated difference between T3^fnT3 - (T2^WT3 + h.c.) is: -2.087142142775162e-06 4.356162324148094e-12
total cost: -7.7814840541440695
singles alt: [(4, 0), (5, 1), (6, 0), (7, 1), (8, 0), (9, 1), (10, 0), (11, 1), (4, 2), (5, 3), (6, 2), (7, 3), (8, 2), (9, 3), (10, 2), (11, 3)]
length: 16 76
Estimated difference between T3^fnT3 - (T2^WT3 + h.c.) is: -2.087142104686755e-06 4.356162165156257e-12
total cost: -7.781484054144038
singles alt: [(4, 0), (5, 1), (6, 0), (7, 1), (8, 0), (9, 1), (10, 0), (11, 1), (4, 2), (5, 3), (6, 2), (7, 3), (8, 2), (9, 3), (10, 2), (11, 3)]
length: 16 76
Estimated difference between T3^fnT3 - (T2^WT3 + h.c.) is: -2.0871421046865517e-06 4.356162165155409e-12
total cost: -7.781484054144032
singles alt: [(4, 0), (5, 1), (6, 0), (7, 1), (8, 0), (9, 1), (10, 0), (11, 1), (4, 2), (5, 3), (6, 2), (7, 3), (8, 2), (9, 3), (10, 2), (11, 3)]
length: 16 76
Estimated difference between T3^fnT3 - (T2^WT3 + h.c.) is: -2.0871421046863556e-06 4.3561621651545905e-12
total cost: -7.781484054144033
singles alt: [(4, 0), (5, 1), (6, 0), (7, 1), (8, 0), (9, 1), (10, 0), (11, 1), (4, 2), (5, 3), (6, 2), (7, 3), (8, 2), (9, 3), (10, 2), (11, 3)]
length: 16 76
Estimated difference between T3^fnT3 - (T2^WT3 + h.c.) is: -2.0871421046871556e-06 4.35616216515793e-12
total cost: -7.78148405414403
singles alt: [(4, 0), (5, 1), (6, 0), (7, 1), (8, 0), (9, 1), (10, 0), (11, 1), (4, 2), (5, 3), (6, 2), (7, 3), (8, 2), (9, 3), (10, 2), (11, 3)]
length: 16 76
Estimated difference between T3^fnT3 - (T2^WT3 + h.c.) is: -2.087142104686478e-06 4.356162165155101e-12
total cost: -7.781484054144034
singles alt: [(4, 0), (5, 1), (6, 0), (7, 1), (8, 0), (9, 1), (10, 0), (11, 1), (4, 2), (5, 3), (6, 2), (7, 3), (8, 2), (9, 3), (10, 2), (11, 3)]
length: 16 76
Estimated difference between T3^fnT3 - (T2^WT3 + h.c.) is: -2.0871421046861832e-06 4.356162165153871e-12
total cost: -7.781484054144033
singles alt: [(4, 0), (5, 1), (6, 0), (7, 1), (8, 0), (9, 1), (10, 0), (11, 1), (4, 2), (5, 3), (6, 2), (7, 3), (8, 2), (9, 3), (10, 2), (11, 3)]
length: 16 76
Estimated difference between T3^fnT3 - (T2^WT3 + h.c.) is: -2.0871421046847462e-06 4.356162165147872e-12
total cost: -7.781484054144033
singles alt: [(4, 0), (5, 1), (6, 0), (7, 1), (8, 0), (9, 1), (10, 0), (11, 1), (4, 2), (5, 3), (6, 2), (7, 3), (8, 2), (9, 3), (10, 2), (11, 3)]
length: 16 76
Estimated difference between T3^fnT3 - (T2^WT3 + h.c.) is: -2.087142104687038e-06 4.356162165157438e-12
total cost: -7.781484054144031
singles alt: [(4, 0), (5, 1), (6, 0), (7, 1), (8, 0), (9, 1), (10, 0), (11, 1), (4, 2), (5, 3), (6, 2), (7, 3), (8, 2), (9, 3), (10, 2), (11, 3)]
length: 16 76
Estimated difference between T3^fnT3 - (T2^WT3 + h.c.) is: -2.0871421477738616e-06 4.356162345014088e-12
total cost: -7.7814840541440775
singles alt: [(4, 0), (5, 1), (6, 0), (7, 1), (8, 0), (9, 1), (10, 0), (11, 1), (4, 2), (5, 3), (6, 2), (7, 3), (8, 2), (9, 3), (10, 2), (11, 3)]
length: 16 76
Estimated difference between T3^fnT3 - (T2^WT3 + h.c.) is: -2.0871421926045e-06 4.3561625321499195e-12
total cost: -7.78148405414412
singles alt: [(4, 0), (5, 1), (6, 0), (7, 1), (8, 0), (9, 1), (10, 0), (11, 1), (4, 2), (5, 3), (6, 2), (7, 3), (8, 2), (9, 3), (10, 2), (11, 3)]
length: 16 76
Estimated difference between T3^fnT3 - (T2^WT3 + h.c.) is: -2.0871421926045e-06 4.3561625321499195e-12
total cost: -7.78148405414412
singles alt: [(4, 0), (5, 1), (6, 0), (7, 1), (8, 0), (9, 1), (10, 0), (11, 1), (4, 2), (5, 3), (6, 2), (7, 3), (8, 2), (9, 3), (10, 2), (11, 3)]
length: 16 76
Estimated difference between T3^fnT3 - (T2^WT3 + h.c.) is: -2.087142142775162e-06 4.356162324148094e-12
total cost: -7.7814840541440695
singles alt: [(4, 0), (5, 1), (6, 0), (7, 1), (8, 0), (9, 1), (10, 0), (11, 1), (4, 2), (5, 3), (6, 2), (7, 3), (8, 2), (9, 3), (10, 2), (11, 3)]
length: 16 76
Estimated difference between T3^fnT3 - (T2^WT3 + h.c.) is: -2.087142399170111e-06 4.3561633944135665e-12
total cost: -7.781484053324458
singles alt: [(4, 0), (5, 1), (6, 0), (7, 1), (8, 0), (9, 1), (10, 0), (11, 1), (4, 2), (5, 3), (6, 2), (7, 3), (8, 2), (9, 3), (10, 2), (11, 3)]
length: 16 76
Estimated difference between T3^fnT3 - (T2^WT3 + h.c.) is: -2.087142575328692e-06 4.356164129749684e-12
total cost: -7.781484053959851
singles alt: [(4, 0), (5, 1), (6, 0), (7, 1), (8, 0), (9, 1), (10, 0), (11, 1), (4, 2), (5, 3), (6, 2), (7, 3), (8, 2), (9, 3), (10, 2), (11, 3)]
length: 16 76
Estimated difference between T3^fnT3 - (T2^WT3 + h.c.) is: -2.087142781596938e-06 4.356164990772204e-12
total cost: -7.781484053960154
singles alt: [(4, 0), (5, 1), (6, 0), (7, 1), (8, 0), (9, 1), (10, 0), (11, 1), (4, 2), (5, 3), (6, 2), (7, 3), (8, 2), (9, 3), (10, 2), (11, 3)]
length: 16 76
Estimated difference between T3^fnT3 - (T2^WT3 + h.c.) is: -2.08714222315782e-06 4.356162659688167e-12
total cost: -7.781484054488387
singles alt: [(4, 0), (5, 1), (6, 0), (7, 1), (8, 0), (9, 1), (10, 0), (11, 1), (4, 2), (5, 3), (6, 2), (7, 3), (8, 2), (9, 3), (10, 2), (11, 3)]
length: 16 76
Estimated difference between T3^fnT3 - (T2^WT3 + h.c.) is: -2.0871421046869566e-06 4.356162165157099e-12
total cost: -7.781484054144038
singles alt: [(4, 0), (5, 1), (6, 0), (7, 1), (8, 0), (9, 1), (10, 0), (11, 1), (4, 2), (5, 3), (6, 2), (7, 3), (8, 2), (9, 3), (10, 2), (11, 3)]
length: 16 76
Estimated difference between T3^fnT3 - (T2^WT3 + h.c.) is: -2.0871421046870154e-06 4.356162165157344e-12
total cost: -7.781484054144033
singles alt: [(4, 0), (5, 1), (6, 0), (7, 1), (8, 0), (9, 1), (10, 0), (11, 1), (4, 2), (5, 3), (6, 2), (7, 3), (8, 2), (9, 3), (10, 2), (11, 3)]
length: 16 76
Estimated difference between T3^fnT3 - (T2^WT3 + h.c.) is: -2.087142104686052e-06 4.356162165153322e-12
total cost: -7.781484054144033
singles alt: [(4, 0), (5, 1), (6, 0), (7, 1), (8, 0), (9, 1), (10, 0), (11, 1), (4, 2), (5, 3), (6, 2), (7, 3), (8, 2), (9, 3), (10, 2), (11, 3)]
length: 16 76
Estimated difference between T3^fnT3 - (T2^WT3 + h.c.) is: -2.087142104687061e-06 4.356162165157536e-12
total cost: -7.78148405414403
singles alt: [(4, 0), (5, 1), (6, 0), (7, 1), (8, 0), (9, 1), (10, 0), (11, 1), (4, 2), (5, 3), (6, 2), (7, 3), (8, 2), (9, 3), (10, 2), (11, 3)]
length: 16 76
Estimated difference between T3^fnT3 - (T2^WT3 + h.c.) is: -2.087142218382983e-06 4.356162639756639e-12
total cost: -7.78148405327591
singles alt: [(4, 0), (5, 1), (6, 0), (7, 1), (8, 0), (9, 1), (10, 0), (11, 1), (4, 2), (5, 3), (6, 2), (7, 3), (8, 2), (9, 3), (10, 2), (11, 3)]
length: 16 76
Estimated difference between T3^fnT3 - (T2^WT3 + h.c.) is: -2.0871420286314845e-06 4.356161847679948e-12
total cost: -7.781484054282859
singles alt: [(4, 0), (5, 1), (6, 0), (7, 1), (8, 0), (9, 1), (10, 0), (11, 1), (4, 2), (5, 3), (6, 2), (7, 3), (8, 2), (9, 3), (10, 2), (11, 3)]
length: 16 76
Estimated difference between T3^fnT3 - (T2^WT3 + h.c.) is: -2.0871416964691385e-06 4.356160461140074e-12
total cost: -7.781484054583831
singles alt: [(4, 0), (5, 1), (6, 0), (7, 1), (8, 0), (9, 1), (10, 0), (11, 1), (4, 2), (5, 3), (6, 2), (7, 3), (8, 2), (9, 3), (10, 2), (11, 3)]
length: 16 76
Estimated difference between T3^fnT3 - (T2^WT3 + h.c.) is: -2.087142019430939e-06 4.356161809274258e-12
total cost: -7.781484053718276
singles alt: [(4, 0), (5, 1), (6, 0), (7, 1), (8, 0), (9, 1), (10, 0), (11, 1), (4, 2), (5, 3), (6, 2), (7, 3), (8, 2), (9, 3), (10, 2), (11, 3)]
length: 16 76
Estimated difference between T3^fnT3 - (T2^WT3 + h.c.) is: -2.0871421046869566e-06 4.356162165157099e-12
total cost: -7.781484054144038
singles alt: [(4, 0), (5, 1), (6, 0), (7, 1), (8, 0), (9, 1), (10, 0), (11, 1), (4, 2), (5, 3), (6, 2), (7, 3), (8, 2), (9, 3), (10, 2), (11, 3)]
length: 16 76
Estimated difference between T3^fnT3 - (T2^WT3 + h.c.) is: -2.087142104686052e-06 4.356162165153322e-12
total cost: -7.781484054144032
singles alt: [(4, 0), (5, 1), (6, 0), (7, 1), (8, 0), (9, 1), (10, 0), (11, 1), (4, 2), (5, 3), (6, 2), (7, 3), (8, 2), (9, 3), (10, 2), (11, 3)]
length: 16 76
Estimated difference between T3^fnT3 - (T2^WT3 + h.c.) is: -2.0871421046870154e-06 4.356162165157344e-12
total cost: -7.781484054144033
singles alt: [(4, 0), (5, 1), (6, 0), (7, 1), (8, 0), (9, 1), (10, 0), (11, 1), (4, 2), (5, 3), (6, 2), (7, 3), (8, 2), (9, 3), (10, 2), (11, 3)]
length: 16 76
Estimated difference between T3^fnT3 - (T2^WT3 + h.c.) is: -2.0871421046870616e-06 4.356162165157537e-12
total cost: -7.78148405414403
singles alt: [(4, 0), (5, 1), (6, 0), (7, 1), (8, 0), (9, 1), (10, 0), (11, 1), (4, 2), (5, 3), (6, 2), (7, 3), (8, 2), (9, 3), (10, 2), (11, 3)]
length: 16 76
Estimated difference between T3^fnT3 - (T2^WT3 + h.c.) is: -2.087142104686755e-06 4.356162165156257e-12
total cost: -7.781484054144038
singles alt: [(4, 0), (5, 1), (6, 0), (7, 1), (8, 0), (9, 1), (10, 0), (11, 1), (4, 2), (5, 3), (6, 2), (7, 3), (8, 2), (9, 3), (10, 2), (11, 3)]
length: 16 76
Estimated difference between T3^fnT3 - (T2^WT3 + h.c.) is: -2.087142104686356e-06 4.356162165154592e-12
total cost: -7.781484054144033
singles alt: [(4, 0), (5, 1), (6, 0), (7, 1), (8, 0), (9, 1), (10, 0), (11, 1), (4, 2), (5, 3), (6, 2), (7, 3), (8, 2), (9, 3), (10, 2), (11, 3)]
length: 16 76
Estimated difference between T3^fnT3 - (T2^WT3 + h.c.) is: -2.0871421046865517e-06 4.356162165155409e-12
total cost: -7.781484054144033
singles alt: [(4, 0), (5, 1), (6, 0), (7, 1), (8, 0), (9, 1), (10, 0), (11, 1), (4, 2), (5, 3), (6, 2), (7, 3), (8, 2), (9, 3), (10, 2), (11, 3)]
length: 16 76
Estimated difference between T3^fnT3 - (T2^WT3 + h.c.) is: -2.0871421046871565e-06 4.356162165157933e-12
total cost: -7.781484054144031
singles alt: [(4, 0), (5, 1), (6, 0), (7, 1), (8, 0), (9, 1), (10, 0), (11, 1), (4, 2), (5, 3), (6, 2), (7, 3), (8, 2), (9, 3), (10, 2), (11, 3)]
length: 16 76
Estimated difference between T3^fnT3 - (T2^WT3 + h.c.) is: -2.0871422518036614e-06 4.3561627792640586e-12
total cost: -7.781484053388897
singles alt: [(4, 0), (5, 1), (6, 0), (7, 1), (8, 0), (9, 1), (10, 0), (11, 1), (4, 2), (5, 3), (6, 2), (7, 3), (8, 2), (9, 3), (10, 2), (11, 3)]
length: 16 76
Estimated difference between T3^fnT3 - (T2^WT3 + h.c.) is: -2.0871421573694303e-06 4.35616238506872e-12
total cost: -7.781484053861675
singles alt: [(4, 0), (5, 1), (6, 0), (7, 1), (8, 0), (9, 1), (10, 0), (11, 1), (4, 2), (5, 3), (6, 2), (7, 3), (8, 2), (9, 3), (10, 2), (11, 3)]
length: 16 76
Estimated difference between T3^fnT3 - (T2^WT3 + h.c.) is: -2.0871421573694294e-06 4.356162385068716e-12
total cost: -7.781484053861676
singles alt: [(4, 0), (5, 1), (6, 0), (7, 1), (8, 0), (9, 1), (10, 0), (11, 1), (4, 2), (5, 3), (6, 2), (7, 3), (8, 2), (9, 3), (10, 2), (11, 3)]
length: 16 76
Estimated difference between T3^fnT3 - (T2^WT3 + h.c.) is: -2.0871422219093217e-06 4.35616265447658e-12
total cost: -7.781484054601187
singles alt: [(4, 0), (5, 1), (6, 0), (7, 1), (8, 0), (9, 1), (10, 0), (11, 1), (4, 2), (5, 3), (6, 2), (7, 3), (8, 2), (9, 3), (10, 2), (11, 3)]
length: 16 76
Estimated difference between T3^fnT3 - (T2^WT3 + h.c.) is: -2.0871421046851346e-06 4.356162165149493e-12
total cost: -7.781484054144033
singles alt: [(4, 0), (5, 1), (6, 0), (7, 1), (8, 0), (9, 1), (10, 0), (11, 1), (4, 2), (5, 3), (6, 2), (7, 3), (8, 2), (9, 3), (10, 2), (11, 3)]
length: 16 76
Estimated difference between T3^fnT3 - (T2^WT3 + h.c.) is: -2.087142104685006e-06 4.356162165148956e-12
total cost: -7.781484054144033
singles alt: [(4, 0), (5, 1), (6, 0), (7, 1), (8, 0), (9, 1), (10, 0), (11, 1), (4, 2), (5, 3), (6, 2), (7, 3), (8, 2), (9, 3), (10, 2), (11, 3)]
length: 16 76
Estimated difference between T3^fnT3 - (T2^WT3 + h.c.) is: -2.0871421046850067e-06 4.356162165148959e-12
total cost: -7.781484054144032
singles alt: [(4, 0), (5, 1), (6, 0), (7, 1), (8, 0), (9, 1), (10, 0), (11, 1), (4, 2), (5, 3), (6, 2), (7, 3), (8, 2), (9, 3), (10, 2), (11, 3)]
length: 16 76
Estimated difference between T3^fnT3 - (T2^WT3 + h.c.) is: -2.0871421046851355e-06 4.3561621651494966e-12
total cost: -7.781484054144033
singles alt: [(4, 0), (5, 1), (6, 0), (7, 1), (8, 0), (9, 1), (10, 0), (11, 1), (4, 2), (5, 3), (6, 2), (7, 3), (8, 2), (9, 3), (10, 2), (11, 3)]
length: 16 76
Estimated difference between T3^fnT3 - (T2^WT3 + h.c.) is: -2.087141787096621e-06 4.356160839444877e-12
total cost: -7.781484054441578
singles alt: [(4, 0), (5, 1), (6, 0), (7, 1), (8, 0), (9, 1), (10, 0), (11, 1), (4, 2), (5, 3), (6, 2), (7, 3), (8, 2), (9, 3), (10, 2), (11, 3)]
length: 16 76
Estimated difference between T3^fnT3 - (T2^WT3 + h.c.) is: -2.087141787096622e-06 4.35616083944488e-12
total cost: -7.7814840544415596
singles alt: [(4, 0), (5, 1), (6, 0), (7, 1), (8, 0), (9, 1), (10, 0), (11, 1), (4, 2), (5, 3), (6, 2), (7, 3), (8, 2), (9, 3), (10, 2), (11, 3)]
length: 16 76
Estimated difference between T3^fnT3 - (T2^WT3 + h.c.) is: -2.087141959493657e-06 4.356161559079022e-12
total cost: -7.781484054143888
singles alt: [(4, 0), (5, 1), (6, 0), (7, 1), (8, 0), (9, 1), (10, 0), (11, 1), (4, 2), (5, 3), (6, 2), (7, 3), (8, 2), (9, 3), (10, 2), (11, 3)]
length: 16 76
Estimated difference between T3^fnT3 - (T2^WT3 + h.c.) is: -2.087142249878263e-06 4.356162771226899e-12
total cost: -7.781484054144178
singles alt: [(4, 0), (5, 1), (6, 0), (7, 1), (8, 0), (9, 1), (10, 0), (11, 1), (4, 2), (5, 3), (6, 2), (7, 3), (8, 2), (9, 3), (10, 2), (11, 3)]
length: 16 76
Estimated difference between T3^fnT3 - (T2^WT3 + h.c.) is: -2.087142104687517e-06 4.356162165159438e-12
total cost: -7.781484054144033
singles alt: [(4, 0), (5, 1), (6, 0), (7, 1), (8, 0), (9, 1), (10, 0), (11, 1), (4, 2), (5, 3), (6, 2), (7, 3), (8, 2), (9, 3), (10, 2), (11, 3)]
length: 16 76
Estimated difference between T3^fnT3 - (T2^WT3 + h.c.) is: -2.0871421046875415e-06 4.35616216515954e-12
total cost: -7.781484054144034
singles alt: [(4, 0), (5, 1), (6, 0), (7, 1), (8, 0), (9, 1), (10, 0), (11, 1), (4, 2), (5, 3), (6, 2), (7, 3), (8, 2), (9, 3), (10, 2), (11, 3)]
length: 16 76
Estimated difference between T3^fnT3 - (T2^WT3 + h.c.) is: -2.087142104687542e-06 4.356162165159542e-12
total cost: -7.781484054144033
singles alt: [(4, 0), (5, 1), (6, 0), (7, 1), (8, 0), (9, 1), (10, 0), (11, 1), (4, 2), (5, 3), (6, 2), (7, 3), (8, 2), (9, 3), (10, 2), (11, 3)]
length: 16 76
Estimated difference between T3^fnT3 - (T2^WT3 + h.c.) is: -2.0871421046875177e-06 4.356162165159441e-12
total cost: -7.781484054144033
singles alt: [(4, 0), (5, 1), (6, 0), (7, 1), (8, 0), (9, 1), (10, 0), (11, 1), (4, 2), (5, 3), (6, 2), (7, 3), (8, 2), (9, 3), (10, 2), (11, 3)]
length: 16 76
Estimated difference between T3^fnT3 - (T2^WT3 + h.c.) is: -2.0871421046871726e-06 4.356162165158e-12
total cost: -7.781484054252209
singles alt: [(4, 0), (5, 1), (6, 0), (7, 1), (8, 0), (9, 1), (10, 0), (11, 1), (4, 2), (5, 3), (6, 2), (7, 3), (8, 2), (9, 3), (10, 2), (11, 3)]
length: 16 76
Estimated difference between T3^fnT3 - (T2^WT3 + h.c.) is: -2.0871421046871726e-06 4.356162165158e-12
total cost: -7.781484054252193
singles alt: [(4, 0), (5, 1), (6, 0), (7, 1), (8, 0), (9, 1), (10, 0), (11, 1), (4, 2), (5, 3), (6, 2), (7, 3), (8, 2), (9, 3), (10, 2), (11, 3)]
length: 16 76
Estimated difference between T3^fnT3 - (T2^WT3 + h.c.) is: -2.0871421046871726e-06 4.356162165158e-12
total cost: -7.781484054144032
singles alt: [(4, 0), (5, 1), (6, 0), (7, 1), (8, 0), (9, 1), (10, 0), (11, 1), (4, 2), (5, 3), (6, 2), (7, 3), (8, 2), (9, 3), (10, 2), (11, 3)]
length: 16 76
Estimated difference between T3^fnT3 - (T2^WT3 + h.c.) is: -2.0871421046871726e-06 4.356162165158e-12
total cost: -7.781484054144033
singles alt: [(4, 0), (5, 1), (6, 0), (7, 1), (8, 0), (9, 1), (10, 0), (11, 1), (4, 2), (5, 3), (6, 2), (7, 3), (8, 2), (9, 3), (10, 2), (11, 3)]
length: 16 76
Estimated difference between T3^fnT3 - (T2^WT3 + h.c.) is: -2.0871421046871726e-06 4.356162165158e-12
total cost: -7.781484054144033
singles alt: [(4, 0), (5, 1), (6, 0), (7, 1), (8, 0), (9, 1), (10, 0), (11, 1), (4, 2), (5, 3), (6, 2), (7, 3), (8, 2), (9, 3), (10, 2), (11, 3)]
length: 16 76
Estimated difference between T3^fnT3 - (T2^WT3 + h.c.) is: -2.0871421046871726e-06 4.356162165158e-12
total cost: -7.781484054144033
singles alt: [(4, 0), (5, 1), (6, 0), (7, 1), (8, 0), (9, 1), (10, 0), (11, 1), (4, 2), (5, 3), (6, 2), (7, 3), (8, 2), (9, 3), (10, 2), (11, 3)]
length: 16 76
Estimated difference between T3^fnT3 - (T2^WT3 + h.c.) is: -2.0871421046871726e-06 4.356162165158e-12
total cost: -7.781484054158409
singles alt: [(4, 0), (5, 1), (6, 0), (7, 1), (8, 0), (9, 1), (10, 0), (11, 1), (4, 2), (5, 3), (6, 2), (7, 3), (8, 2), (9, 3), (10, 2), (11, 3)]
length: 16 76
Estimated difference between T3^fnT3 - (T2^WT3 + h.c.) is: -2.0871421046871726e-06 4.356162165158e-12
total cost: -7.781484054158403
singles alt: [(4, 0), (5, 1), (6, 0), (7, 1), (8, 0), (9, 1), (10, 0), (11, 1), (4, 2), (5, 3), (6, 2), (7, 3), (8, 2), (9, 3), (10, 2), (11, 3)]
length: 16 76
Estimated difference between T3^fnT3 - (T2^WT3 + h.c.) is: -2.0871421046871726e-06 4.356162165158e-12
total cost: -7.781484054183506
singles alt: [(4, 0), (5, 1), (6, 0), (7, 1), (8, 0), (9, 1), (10, 0), (11, 1), (4, 2), (5, 3), (6, 2), (7, 3), (8, 2), (9, 3), (10, 2), (11, 3)]
length: 16 76
Estimated difference between T3^fnT3 - (T2^WT3 + h.c.) is: -2.0871421046871726e-06 4.356162165158e-12
total cost: -7.781484054183441
singles alt: [(4, 0), (5, 1), (6, 0), (7, 1), (8, 0), (9, 1), (10, 0), (11, 1), (4, 2), (5, 3), (6, 2), (7, 3), (8, 2), (9, 3), (10, 2), (11, 3)]
length: 16 76
Estimated difference between T3^fnT3 - (T2^WT3 + h.c.) is: -2.0871421046871726e-06 4.356162165158e-12
total cost: -7.781484054144031
singles alt: [(4, 0), (5, 1), (6, 0), (7, 1), (8, 0), (9, 1), (10, 0), (11, 1), (4, 2), (5, 3), (6, 2), (7, 3), (8, 2), (9, 3), (10, 2), (11, 3)]
length: 16 76
Estimated difference between T3^fnT3 - (T2^WT3 + h.c.) is: -2.0871421046871726e-06 4.356162165158e-12
total cost: -7.781484054144031
singles alt: [(4, 0), (5, 1), (6, 0), (7, 1), (8, 0), (9, 1), (10, 0), (11, 1), (4, 2), (5, 3), (6, 2), (7, 3), (8, 2), (9, 3), (10, 2), (11, 3)]
length: 16 76
Estimated difference between T3^fnT3 - (T2^WT3 + h.c.) is: -2.0871421046871726e-06 4.356162165158e-12
total cost: -7.781484054144031
singles alt: [(4, 0), (5, 1), (6, 0), (7, 1), (8, 0), (9, 1), (10, 0), (11, 1), (4, 2), (5, 3), (6, 2), (7, 3), (8, 2), (9, 3), (10, 2), (11, 3)]
length: 16 76
Estimated difference between T3^fnT3 - (T2^WT3 + h.c.) is: -2.0871421046871726e-06 4.356162165158e-12
total cost: -7.781484054144031
singles alt: [(4, 0), (5, 1), (6, 0), (7, 1), (8, 0), (9, 1), (10, 0), (11, 1), (4, 2), (5, 3), (6, 2), (7, 3), (8, 2), (9, 3), (10, 2), (11, 3)]
length: 16 76
Estimated difference between T3^fnT3 - (T2^WT3 + h.c.) is: -2.0871421046871726e-06 4.356162165158e-12
total cost: -7.7814840541205745
singles alt: [(4, 0), (5, 1), (6, 0), (7, 1), (8, 0), (9, 1), (10, 0), (11, 1), (4, 2), (5, 3), (6, 2), (7, 3), (8, 2), (9, 3), (10, 2), (11, 3)]
length: 16 76
Estimated difference between T3^fnT3 - (T2^WT3 + h.c.) is: -2.0871421046871726e-06 4.356162165158e-12
total cost: -7.781484054120558
singles alt: [(4, 0), (5, 1), (6, 0), (7, 1), (8, 0), (9, 1), (10, 0), (11, 1), (4, 2), (5, 3), (6, 2), (7, 3), (8, 2), (9, 3), (10, 2), (11, 3)]
callback: energy=-7.781481967002
singles alt: [(4, 0), (5, 1), (6, 0), (7, 1), (8, 0), (9, 1), (10, 0), (11, 1), (4, 2), (5, 3), (6, 2), (7, 3), (8, 2), (9, 3), (10, 2), (11, 3)]
length: 16 76
Estimated difference between T3^fnT3 - (T2^WT3 + h.c.) is: -1.1851815379809136e-05 1.4046552779708038e-10
total cost: -7.714297292185064
singles alt: [(4, 0), (5, 1), (6, 0), (7, 1), (8, 0), (9, 1), (10, 0), (11, 1), (4, 2), (5, 3), (6, 2), (7, 3), (8, 2), (9, 3), (10, 2), (11, 3)]
length: 16 76
Estimated difference between T3^fnT3 - (T2^WT3 + h.c.) is: -1.1851811835366453e-05 1.4046544378093234e-10
total cost: -7.714297302473408
singles alt: [(4, 0), (5, 1), (6, 0), (7, 1), (8, 0), (9, 1), (10, 0), (11, 1), (4, 2), (5, 3), (6, 2), (7, 3), (8, 2), (9, 3), (10, 2), (11, 3)]
length: 16 76
Estimated difference between T3^fnT3 - (T2^WT3 + h.c.) is: -1.1851815564829464e-05 1.4046553218273393e-10
total cost: -7.714297291844177
singles alt: [(4, 0), (5, 1), (6, 0), (7, 1), (8, 0), (9, 1), (10, 0), (11, 1), (4, 2), (5, 3), (6, 2), (7, 3), (8, 2), (9, 3), (10, 2), (11, 3)]
length: 16 76
Estimated difference between T3^fnT3 - (T2^WT3 + h.c.) is: -1.185181556470132e-05 1.4046553217969644e-10
total cost: -7.714297291844117
singles alt: [(4, 0), (5, 1), (6, 0), (7, 1), (8, 0), (9, 1), (10, 0), (11, 1), (4, 2), (5, 3), (6, 2), (7, 3), (8, 2), (9, 3), (10, 2), (11, 3)]
length: 16 76
Estimated difference between T3^fnT3 - (T2^WT3 + h.c.) is: -1.1851815157724164e-05 1.4046552253286023e-10
total cost: -7.714297292140535
singles alt: [(4, 0), (5, 1), (6, 0), (7, 1), (8, 0), (9, 1), (10, 0), (11, 1), (4, 2), (5, 3), (6, 2), (7, 3), (8, 2), (9, 3), (10, 2), (11, 3)]
length: 16 76
Estimated difference between T3^fnT3 - (T2^WT3 + h.c.) is: -1.1851815379814413e-05 1.4046552779720546e-10
total cost: -7.714297292185047
singles alt: [(4, 0), (5, 1), (6, 0), (7, 1), (8, 0), (9, 1), (10, 0), (11, 1), (4, 2), (5, 3), (6, 2), (7, 3), (8, 2), (9, 3), (10, 2), (11, 3)]
length: 16 76
Estimated difference between T3^fnT3 - (T2^WT3 + h.c.) is: -1.1851815379811383e-05 1.4046552779713363e-10
total cost: -7.714297292185063
singles alt: [(4, 0), (5, 1), (6, 0), (7, 1), (8, 0), (9, 1), (10, 0), (11, 1), (4, 2), (5, 3), (6, 2), (7, 3), (8, 2), (9, 3), (10, 2), (11, 3)]
length: 16 76
Estimated difference between T3^fnT3 - (T2^WT3 + h.c.) is: -1.1851815379809972e-05 1.4046552779710018e-10
total cost: -7.714297292185064
singles alt: [(4, 0), (5, 1), (6, 0), (7, 1), (8, 0), (9, 1), (10, 0), (11, 1), (4, 2), (5, 3), (6, 2), (7, 3), (8, 2), (9, 3), (10, 2), (11, 3)]
length: 16 76
Estimated difference between T3^fnT3 - (T2^WT3 + h.c.) is: -1.1851815379809831e-05 1.4046552779709685e-10
total cost: -7.714297292185066
singles alt: [(4, 0), (5, 1), (6, 0), (7, 1), (8, 0), (9, 1), (10, 0), (11, 1), (4, 2), (5, 3), (6, 2), (7, 3), (8, 2), (9, 3), (10, 2), (11, 3)]
length: 16 76
Estimated difference between T3^fnT3 - (T2^WT3 + h.c.) is: -1.1851815379815008e-05 1.4046552779721955e-10
total cost: -7.714297292185046
singles alt: [(4, 0), (5, 1), (6, 0), (7, 1), (8, 0), (9, 1), (10, 0), (11, 1), (4, 2), (5, 3), (6, 2), (7, 3), (8, 2), (9, 3), (10, 2), (11, 3)]
length: 16 76
Estimated difference between T3^fnT3 - (T2^WT3 + h.c.) is: -1.1851815379817254e-05 1.404655277972728e-10
total cost: -7.714297292185061
singles alt: [(4, 0), (5, 1), (6, 0), (7, 1), (8, 0), (9, 1), (10, 0), (11, 1), (4, 2), (5, 3), (6, 2), (7, 3), (8, 2), (9, 3), (10, 2), (11, 3)]
length: 16 76
Estimated difference between T3^fnT3 - (T2^WT3 + h.c.) is: -1.1851815379814644e-05 1.4046552779721092e-10
total cost: -7.714297292185061
singles alt: [(4, 0), (5, 1), (6, 0), (7, 1), (8, 0), (9, 1), (10, 0), (11, 1), (4, 2), (5, 3), (6, 2), (7, 3), (8, 2), (9, 3), (10, 2), (11, 3)]
length: 16 76
Estimated difference between T3^fnT3 - (T2^WT3 + h.c.) is: -1.185181537980969e-05 1.404655277970935e-10
total cost: -7.714297292185066
singles alt: [(4, 0), (5, 1), (6, 0), (7, 1), (8, 0), (9, 1), (10, 0), (11, 1), (4, 2), (5, 3), (6, 2), (7, 3), (8, 2), (9, 3), (10, 2), (11, 3)]
length: 16 76
Estimated difference between T3^fnT3 - (T2^WT3 + h.c.) is: -1.1851815064968062e-05 1.404655203342039e-10
total cost: -7.714297298346896
singles alt: [(4, 0), (5, 1), (6, 0), (7, 1), (8, 0), (9, 1), (10, 0), (11, 1), (4, 2), (5, 3), (6, 2), (7, 3), (8, 2), (9, 3), (10, 2), (11, 3)]
length: 16 76
Estimated difference between T3^fnT3 - (T2^WT3 + h.c.) is: -1.1851815631544623e-05 1.4046553376412547e-10
total cost: -7.714297291229551
singles alt: [(4, 0), (5, 1), (6, 0), (7, 1), (8, 0), (9, 1), (10, 0), (11, 1), (4, 2), (5, 3), (6, 2), (7, 3), (8, 2), (9, 3), (10, 2), (11, 3)]
length: 16 76
Estimated difference between T3^fnT3 - (T2^WT3 + h.c.) is: -1.1851815459200306e-05 1.4046552967893936e-10
total cost: -7.714297291761999
singles alt: [(4, 0), (5, 1), (6, 0), (7, 1), (8, 0), (9, 1), (10, 0), (11, 1), (4, 2), (5, 3), (6, 2), (7, 3), (8, 2), (9, 3), (10, 2), (11, 3)]
length: 16 76
Estimated difference between T3^fnT3 - (T2^WT3 + h.c.) is: -1.1851815261959676e-05 1.404655250036203e-10
total cost: -7.714297292777492
singles alt: [(4, 0), (5, 1), (6, 0), (7, 1), (8, 0), (9, 1), (10, 0), (11, 1), (4, 2), (5, 3), (6, 2), (7, 3), (8, 2), (9, 3), (10, 2), (11, 3)]
length: 16 76
Estimated difference between T3^fnT3 - (T2^WT3 + h.c.) is: -1.1851815379815132e-05 1.404655277972225e-10
total cost: -7.714297292185046
singles alt: [(4, 0), (5, 1), (6, 0), (7, 1), (8, 0), (9, 1), (10, 0), (11, 1), (4, 2), (5, 3), (6, 2), (7, 3), (8, 2), (9, 3), (10, 2), (11, 3)]
length: 16 76
Estimated difference between T3^fnT3 - (T2^WT3 + h.c.) is: -1.1851815379814471e-05 1.4046552779720683e-10
total cost: -7.714297292185059
singles alt: [(4, 0), (5, 1), (6, 0), (7, 1), (8, 0), (9, 1), (10, 0), (11, 1), (4, 2), (5, 3), (6, 2), (7, 3), (8, 2), (9, 3), (10, 2), (11, 3)]
length: 16 76
Estimated difference between T3^fnT3 - (T2^WT3 + h.c.) is: -1.1851815379817256e-05 1.4046552779727285e-10
total cost: -7.714297292185059
singles alt: [(4, 0), (5, 1), (6, 0), (7, 1), (8, 0), (9, 1), (10, 0), (11, 1), (4, 2), (5, 3), (6, 2), (7, 3), (8, 2), (9, 3), (10, 2), (11, 3)]
length: 16 76
Estimated difference between T3^fnT3 - (T2^WT3 + h.c.) is: -1.1851815379809902e-05 1.4046552779709853e-10
total cost: -7.714297292185064
singles alt: [(4, 0), (5, 1), (6, 0), (7, 1), (8, 0), (9, 1), (10, 0), (11, 1), (4, 2), (5, 3), (6, 2), (7, 3), (8, 2), (9, 3), (10, 2), (11, 3)]
length: 16 76
Estimated difference between T3^fnT3 - (T2^WT3 + h.c.) is: -1.1851814644675918e-05 1.4046551037175455e-10
total cost: -7.714297297441234
singles alt: [(4, 0), (5, 1), (6, 0), (7, 1), (8, 0), (9, 1), (10, 0), (11, 1), (4, 2), (5, 3), (6, 2), (7, 3), (8, 2), (9, 3), (10, 2), (11, 3)]
length: 16 76
Estimated difference between T3^fnT3 - (T2^WT3 + h.c.) is: -1.1851815582576686e-05 1.4046553260340756e-10
total cost: -7.714297292122545
singles alt: [(4, 0), (5, 1), (6, 0), (7, 1), (8, 0), (9, 1), (10, 0), (11, 1), (4, 2), (5, 3), (6, 2), (7, 3), (8, 2), (9, 3), (10, 2), (11, 3)]
length: 16 76
Estimated difference between T3^fnT3 - (T2^WT3 + h.c.) is: -1.1851815520266076e-05 1.4046553112641984e-10
total cost: -7.714297292123966
singles alt: [(4, 0), (5, 1), (6, 0), (7, 1), (8, 0), (9, 1), (10, 0), (11, 1), (4, 2), (5, 3), (6, 2), (7, 3), (8, 2), (9, 3), (10, 2), (11, 3)]
length: 16 76
Estimated difference between T3^fnT3 - (T2^WT3 + h.c.) is: -1.1851815531025726e-05 1.404655313814626e-10
total cost: -7.714297291714866
singles alt: [(4, 0), (5, 1), (6, 0), (7, 1), (8, 0), (9, 1), (10, 0), (11, 1), (4, 2), (5, 3), (6, 2), (7, 3), (8, 2), (9, 3), (10, 2), (11, 3)]
length: 16 76
Estimated difference between T3^fnT3 - (T2^WT3 + h.c.) is: -1.1851815392852463e-05 1.404655281062546e-10
total cost: -7.714297292184722
singles alt: [(4, 0), (5, 1), (6, 0), (7, 1), (8, 0), (9, 1), (10, 0), (11, 1), (4, 2), (5, 3), (6, 2), (7, 3), (8, 2), (9, 3), (10, 2), (11, 3)]
length: 16 76
Estimated difference between T3^fnT3 - (T2^WT3 + h.c.) is: -1.1851815453923894e-05 1.4046552955386923e-10
total cost: -7.714297292184804
singles alt: [(4, 0), (5, 1), (6, 0), (7, 1), (8, 0), (9, 1), (10, 0), (11, 1), (4, 2), (5, 3), (6, 2), (7, 3), (8, 2), (9, 3), (10, 2), (11, 3)]
length: 16 76
Estimated difference between T3^fnT3 - (T2^WT3 + h.c.) is: -1.1851815453894604e-05 1.4046552955317495e-10
total cost: -7.714297292184803
singles alt: [(4, 0), (5, 1), (6, 0), (7, 1), (8, 0), (9, 1), (10, 0), (11, 1), (4, 2), (5, 3), (6, 2), (7, 3), (8, 2), (9, 3), (10, 2), (11, 3)]
length: 16 76
Estimated difference between T3^fnT3 - (T2^WT3 + h.c.) is: -1.1851815391282728e-05 1.4046552806904617e-10
total cost: -7.714297292185019
singles alt: [(4, 0), (5, 1), (6, 0), (7, 1), (8, 0), (9, 1), (10, 0), (11, 1), (4, 2), (5, 3), (6, 2), (7, 3), (8, 2), (9, 3), (10, 2), (11, 3)]
length: 16 76
Estimated difference between T3^fnT3 - (T2^WT3 + h.c.) is: -1.1851815379811586e-05 1.4046552779713844e-10
total cost: -7.714297292185009
singles alt: [(4, 0), (5, 1), (6, 0), (7, 1), (8, 0), (9, 1), (10, 0), (11, 1), (4, 2), (5, 3), (6, 2), (7, 3), (8, 2), (9, 3), (10, 2), (11, 3)]
length: 16 76
Estimated difference between T3^fnT3 - (T2^WT3 + h.c.) is: -1.1851815379810958e-05 1.4046552779712355e-10
total cost: -7.714297292185063
singles alt: [(4, 0), (5, 1), (6, 0), (7, 1), (8, 0), (9, 1), (10, 0), (11, 1), (4, 2), (5, 3), (6, 2), (7, 3), (8, 2), (9, 3), (10, 2), (11, 3)]
length: 16 76
Estimated difference between T3^fnT3 - (T2^WT3 + h.c.) is: -1.1851815379812128e-05 1.404655277971513e-10
total cost: -7.71429729218506
singles alt: [(4, 0), (5, 1), (6, 0), (7, 1), (8, 0), (9, 1), (10, 0), (11, 1), (4, 2), (5, 3), (6, 2), (7, 3), (8, 2), (9, 3), (10, 2), (11, 3)]
length: 16 76
Estimated difference between T3^fnT3 - (T2^WT3 + h.c.) is: -1.1851815379809172e-05 1.4046552779708123e-10
total cost: -7.714297292185063
singles alt: [(4, 0), (5, 1), (6, 0), (7, 1), (8, 0), (9, 1), (10, 0), (11, 1), (4, 2), (5, 3), (6, 2), (7, 3), (8, 2), (9, 3), (10, 2), (11, 3)]
length: 16 76
Estimated difference between T3^fnT3 - (T2^WT3 + h.c.) is: -1.1851815379814275e-05 1.4046552779720218e-10
total cost: -7.714297292185048
singles alt: [(4, 0), (5, 1), (6, 0), (7, 1), (8, 0), (9, 1), (10, 0), (11, 1), (4, 2), (5, 3), (6, 2), (7, 3), (8, 2), (9, 3), (10, 2), (11, 3)]
length: 16 76
Estimated difference between T3^fnT3 - (T2^WT3 + h.c.) is: -1.185181537981387e-05 1.404655277971926e-10
total cost: -7.714297292185059
singles alt: [(4, 0), (5, 1), (6, 0), (7, 1), (8, 0), (9, 1), (10, 0), (11, 1), (4, 2), (5, 3), (6, 2), (7, 3), (8, 2), (9, 3), (10, 2), (11, 3)]
length: 16 76
Estimated difference between T3^fnT3 - (T2^WT3 + h.c.) is: -1.1851815379817715e-05 1.4046552779728374e-10
total cost: -7.714297292185059
singles alt: [(4, 0), (5, 1), (6, 0), (7, 1), (8, 0), (9, 1), (10, 0), (11, 1), (4, 2), (5, 3), (6, 2), (7, 3), (8, 2), (9, 3), (10, 2), (11, 3)]
length: 16 76
Estimated difference between T3^fnT3 - (T2^WT3 + h.c.) is: -1.1851815379809804e-05 1.404655277970962e-10
total cost: -7.714297292185064
singles alt: [(4, 0), (5, 1), (6, 0), (7, 1), (8, 0), (9, 1), (10, 0), (11, 1), (4, 2), (5, 3), (6, 2), (7, 3), (8, 2), (9, 3), (10, 2), (11, 3)]
length: 16 76
Estimated difference between T3^fnT3 - (T2^WT3 + h.c.) is: -1.1851815392852463e-05 1.404655281062546e-10
total cost: -7.714297292184714
singles alt: [(4, 0), (5, 1), (6, 0), (7, 1), (8, 0), (9, 1), (10, 0), (11, 1), (4, 2), (5, 3), (6, 2), (7, 3), (8, 2), (9, 3), (10, 2), (11, 3)]
length: 16 76
Estimated difference between T3^fnT3 - (T2^WT3 + h.c.) is: -1.18518154539193e-05 1.4046552955376033e-10
total cost: -7.714297292184797
singles alt: [(4, 0), (5, 1), (6, 0), (7, 1), (8, 0), (9, 1), (10, 0), (11, 1), (4, 2), (5, 3), (6, 2), (7, 3), (8, 2), (9, 3), (10, 2), (11, 3)]
length: 16 76
Estimated difference between T3^fnT3 - (T2^WT3 + h.c.) is: -1.1851815453890011e-05 1.404655295530661e-10
total cost: -7.714297292184797
singles alt: [(4, 0), (5, 1), (6, 0), (7, 1), (8, 0), (9, 1), (10, 0), (11, 1), (4, 2), (5, 3), (6, 2), (7, 3), (8, 2), (9, 3), (10, 2), (11, 3)]
length: 16 76
Estimated difference between T3^fnT3 - (T2^WT3 + h.c.) is: -1.1851815391282728e-05 1.4046552806904617e-10
total cost: -7.714297292185025
singles alt: [(4, 0), (5, 1), (6, 0), (7, 1), (8, 0), (9, 1), (10, 0), (11, 1), (4, 2), (5, 3), (6, 2), (7, 3), (8, 2), (9, 3), (10, 2), (11, 3)]
length: 16 76
Estimated difference between T3^fnT3 - (T2^WT3 + h.c.) is: -1.1851814644863861e-05 1.4046551037620948e-10
total cost: -7.714297297439498
singles alt: [(4, 0), (5, 1), (6, 0), (7, 1), (8, 0), (9, 1), (10, 0), (11, 1), (4, 2), (5, 3), (6, 2), (7, 3), (8, 2), (9, 3), (10, 2), (11, 3)]
length: 16 76
Estimated difference between T3^fnT3 - (T2^WT3 + h.c.) is: -1.1851815520588501e-05 1.4046553113406247e-10
total cost: -7.714297292122354
singles alt: [(4, 0), (5, 1), (6, 0), (7, 1), (8, 0), (9, 1), (10, 0), (11, 1), (4, 2), (5, 3), (6, 2), (7, 3), (8, 2), (9, 3), (10, 2), (11, 3)]
length: 16 76
Estimated difference between T3^fnT3 - (T2^WT3 + h.c.) is: -1.1851815584230467e-05 1.4046553264260817e-10
total cost: -7.7142972921223105
singles alt: [(4, 0), (5, 1), (6, 0), (7, 1), (8, 0), (9, 1), (10, 0), (11, 1), (4, 2), (5, 3), (6, 2), (7, 3), (8, 2), (9, 3), (10, 2), (11, 3)]
length: 16 76
Estimated difference between T3^fnT3 - (T2^WT3 + h.c.) is: -1.185181553106044e-05 1.4046553138228547e-10
total cost: -7.714297291715844
singles alt: [(4, 0), (5, 1), (6, 0), (7, 1), (8, 0), (9, 1), (10, 0), (11, 1), (4, 2), (5, 3), (6, 2), (7, 3), (8, 2), (9, 3), (10, 2), (11, 3)]
length: 16 76
Estimated difference between T3^fnT3 - (T2^WT3 + h.c.) is: -1.1851815379810382e-05 1.404655277971099e-10
total cost: -7.71429729218501
singles alt: [(4, 0), (5, 1), (6, 0), (7, 1), (8, 0), (9, 1), (10, 0), (11, 1), (4, 2), (5, 3), (6, 2), (7, 3), (8, 2), (9, 3), (10, 2), (11, 3)]
length: 16 76
Estimated difference between T3^fnT3 - (T2^WT3 + h.c.) is: -1.1851815379810056e-05 1.404655277971022e-10
total cost: -7.71429729218506
singles alt: [(4, 0), (5, 1), (6, 0), (7, 1), (8, 0), (9, 1), (10, 0), (11, 1), (4, 2), (5, 3), (6, 2), (7, 3), (8, 2), (9, 3), (10, 2), (11, 3)]
length: 16 76
Estimated difference between T3^fnT3 - (T2^WT3 + h.c.) is: -1.185181537981293e-05 1.4046552779717028e-10
total cost: -7.71429729218506
singles alt: [(4, 0), (5, 1), (6, 0), (7, 1), (8, 0), (9, 1), (10, 0), (11, 1), (4, 2), (5, 3), (6, 2), (7, 3), (8, 2), (9, 3), (10, 2), (11, 3)]
length: 16 76
Estimated difference between T3^fnT3 - (T2^WT3 + h.c.) is: -1.1851815379809423e-05 1.4046552779708718e-10
total cost: -7.714297292185064
singles alt: [(4, 0), (5, 1), (6, 0), (7, 1), (8, 0), (9, 1), (10, 0), (11, 1), (4, 2), (5, 3), (6, 2), (7, 3), (8, 2), (9, 3), (10, 2), (11, 3)]
length: 16 76
Estimated difference between T3^fnT3 - (T2^WT3 + h.c.) is: -1.1851815064926371e-05 1.4046552033321568e-10
total cost: -7.7142972983471685
singles alt: [(4, 0), (5, 1), (6, 0), (7, 1), (8, 0), (9, 1), (10, 0), (11, 1), (4, 2), (5, 3), (6, 2), (7, 3), (8, 2), (9, 3), (10, 2), (11, 3)]
length: 16 76
Estimated difference between T3^fnT3 - (T2^WT3 + h.c.) is: -1.18518154592518e-05 1.4046552968015994e-10
total cost: -7.714297291762945
singles alt: [(4, 0), (5, 1), (6, 0), (7, 1), (8, 0), (9, 1), (10, 0), (11, 1), (4, 2), (5, 3), (6, 2), (7, 3), (8, 2), (9, 3), (10, 2), (11, 3)]
length: 16 76
Estimated difference between T3^fnT3 - (T2^WT3 + h.c.) is: -1.1851815630692862e-05 1.4046553374393564e-10
total cost: -7.71429729123589
singles alt: [(4, 0), (5, 1), (6, 0), (7, 1), (8, 0), (9, 1), (10, 0), (11, 1), (4, 2), (5, 3), (6, 2), (7, 3), (8, 2), (9, 3), (10, 2), (11, 3)]
length: 16 76
Estimated difference between T3^fnT3 - (T2^WT3 + h.c.) is: -1.1851815261899526e-05 1.4046552500219454e-10
total cost: -7.714297292772197
singles alt: [(4, 0), (5, 1), (6, 0), (7, 1), (8, 0), (9, 1), (10, 0), (11, 1), (4, 2), (5, 3), (6, 2), (7, 3), (8, 2), (9, 3), (10, 2), (11, 3)]
length: 16 76
Estimated difference between T3^fnT3 - (T2^WT3 + h.c.) is: -1.1851815379810551e-05 1.404655277971139e-10
total cost: -7.71429729218501
singles alt: [(4, 0), (5, 1), (6, 0), (7, 1), (8, 0), (9, 1), (10, 0), (11, 1), (4, 2), (5, 3), (6, 2), (7, 3), (8, 2), (9, 3), (10, 2), (11, 3)]
length: 16 76
Estimated difference between T3^fnT3 - (T2^WT3 + h.c.) is: -1.1851815379810502e-05 1.4046552779711274e-10
total cost: -7.714297292185063
singles alt: [(4, 0), (5, 1), (6, 0), (7, 1), (8, 0), (9, 1), (10, 0), (11, 1), (4, 2), (5, 3), (6, 2), (7, 3), (8, 2), (9, 3), (10, 2), (11, 3)]
length: 16 76
Estimated difference between T3^fnT3 - (T2^WT3 + h.c.) is: -1.1851815379810287e-05 1.4046552779710765e-10
total cost: -7.714297292185059
singles alt: [(4, 0), (5, 1), (6, 0), (7, 1), (8, 0), (9, 1), (10, 0), (11, 1), (4, 2), (5, 3), (6, 2), (7, 3), (8, 2), (9, 3), (10, 2), (11, 3)]
length: 16 76
Estimated difference between T3^fnT3 - (T2^WT3 + h.c.) is: -1.1851815379809477e-05 1.4046552779708844e-10
total cost: -7.714297292185062
singles alt: [(4, 0), (5, 1), (6, 0), (7, 1), (8, 0), (9, 1), (10, 0), (11, 1), (4, 2), (5, 3), (6, 2), (7, 3), (8, 2), (9, 3), (10, 2), (11, 3)]
length: 16 76
Estimated difference between T3^fnT3 - (T2^WT3 + h.c.) is: -1.1851815379811693e-05 1.4046552779714097e-10
total cost: -7.714297292185009
singles alt: [(4, 0), (5, 1), (6, 0), (7, 1), (8, 0), (9, 1), (10, 0), (11, 1), (4, 2), (5, 3), (6, 2), (7, 3), (8, 2), (9, 3), (10, 2), (11, 3)]
length: 16 76
Estimated difference between T3^fnT3 - (T2^WT3 + h.c.) is: -1.1851815379812128e-05 1.404655277971513e-10
total cost: -7.71429729218506
singles alt: [(4, 0), (5, 1), (6, 0), (7, 1), (8, 0), (9, 1), (10, 0), (11, 1), (4, 2), (5, 3), (6, 2), (7, 3), (8, 2), (9, 3), (10, 2), (11, 3)]
length: 16 76
Estimated difference between T3^fnT3 - (T2^WT3 + h.c.) is: -1.1851815379812174e-05 1.404655277971524e-10
total cost: -7.714297292185059
singles alt: [(4, 0), (5, 1), (6, 0), (7, 1), (8, 0), (9, 1), (10, 0), (11, 1), (4, 2), (5, 3), (6, 2), (7, 3), (8, 2), (9, 3), (10, 2), (11, 3)]
length: 16 76
Estimated difference between T3^fnT3 - (T2^WT3 + h.c.) is: -1.1851815379809179e-05 1.404655277970814e-10
total cost: -7.714297292185063
singles alt: [(4, 0), (5, 1), (6, 0), (7, 1), (8, 0), (9, 1), (10, 0), (11, 1), (4, 2), (5, 3), (6, 2), (7, 3), (8, 2), (9, 3), (10, 2), (11, 3)]
length: 16 76
Estimated difference between T3^fnT3 - (T2^WT3 + h.c.) is: -1.1851815675667501e-05 1.404655348099979e-10
total cost: -7.714297298040126
singles alt: [(4, 0), (5, 1), (6, 0), (7, 1), (8, 0), (9, 1), (10, 0), (11, 1), (4, 2), (5, 3), (6, 2), (7, 3), (8, 2), (9, 3), (10, 2), (11, 3)]
length: 16 76
Estimated difference between T3^fnT3 - (T2^WT3 + h.c.) is: -1.1851815352926095e-05 1.4046552715985469e-10
total cost: -7.714297292663473
singles alt: [(4, 0), (5, 1), (6, 0), (7, 1), (8, 0), (9, 1), (10, 0), (11, 1), (4, 2), (5, 3), (6, 2), (7, 3), (8, 2), (9, 3), (10, 2), (11, 3)]
length: 16 76
Estimated difference between T3^fnT3 - (T2^WT3 + h.c.) is: -1.185181535290309e-05 1.4046552715930942e-10
total cost: -7.71429729266348
singles alt: [(4, 0), (5, 1), (6, 0), (7, 1), (8, 0), (9, 1), (10, 0), (11, 1), (4, 2), (5, 3), (6, 2), (7, 3), (8, 2), (9, 3), (10, 2), (11, 3)]
length: 16 76
Estimated difference between T3^fnT3 - (T2^WT3 + h.c.) is: -1.1851815623682453e-05 1.4046553357776349e-10
total cost: -7.714297288570545
singles alt: [(4, 0), (5, 1), (6, 0), (7, 1), (8, 0), (9, 1), (10, 0), (11, 1), (4, 2), (5, 3), (6, 2), (7, 3), (8, 2), (9, 3), (10, 2), (11, 3)]
length: 16 76
Estimated difference between T3^fnT3 - (T2^WT3 + h.c.) is: -1.185181537981723e-05 1.4046552779727226e-10
total cost: -7.71429729218506
singles alt: [(4, 0), (5, 1), (6, 0), (7, 1), (8, 0), (9, 1), (10, 0), (11, 1), (4, 2), (5, 3), (6, 2), (7, 3), (8, 2), (9, 3), (10, 2), (11, 3)]
length: 16 76
Estimated difference between T3^fnT3 - (T2^WT3 + h.c.) is: -1.1851815379815518e-05 1.4046552779723165e-10
total cost: -7.714297292185059
singles alt: [(4, 0), (5, 1), (6, 0), (7, 1), (8, 0), (9, 1), (10, 0), (11, 1), (4, 2), (5, 3), (6, 2), (7, 3), (8, 2), (9, 3), (10, 2), (11, 3)]
length: 16 76
Estimated difference between T3^fnT3 - (T2^WT3 + h.c.) is: -1.1851815379812857e-05 1.4046552779716858e-10
total cost: -7.714297292185062
singles alt: [(4, 0), (5, 1), (6, 0), (7, 1), (8, 0), (9, 1), (10, 0), (11, 1), (4, 2), (5, 3), (6, 2), (7, 3), (8, 2), (9, 3), (10, 2), (11, 3)]
length: 16 76
Estimated difference between T3^fnT3 - (T2^WT3 + h.c.) is: -1.1851815379817229e-05 1.404655277972722e-10
total cost: -7.71429729218506
singles alt: [(4, 0), (5, 1), (6, 0), (7, 1), (8, 0), (9, 1), (10, 0), (11, 1), (4, 2), (5, 3), (6, 2), (7, 3), (8, 2), (9, 3), (10, 2), (11, 3)]
length: 16 76
Estimated difference between T3^fnT3 - (T2^WT3 + h.c.) is: -1.1851815535197532e-05 1.4046553148034956e-10
total cost: -7.714297291681552
singles alt: [(4, 0), (5, 1), (6, 0), (7, 1), (8, 0), (9, 1), (10, 0), (11, 1), (4, 2), (5, 3), (6, 2), (7, 3), (8, 2), (9, 3), (10, 2), (11, 3)]
length: 16 76
Estimated difference between T3^fnT3 - (T2^WT3 + h.c.) is: -1.1851815535897476e-05 1.404655314969408e-10
total cost: -7.714297291681932
singles alt: [(4, 0), (5, 1), (6, 0), (7, 1), (8, 0), (9, 1), (10, 0), (11, 1), (4, 2), (5, 3), (6, 2), (7, 3), (8, 2), (9, 3), (10, 2), (11, 3)]
length: 16 76
Estimated difference between T3^fnT3 - (T2^WT3 + h.c.) is: -1.1851814784039756e-05 1.4046551367518333e-10
total cost: -7.714297292184993
singles alt: [(4, 0), (5, 1), (6, 0), (7, 1), (8, 0), (9, 1), (10, 0), (11, 1), (4, 2), (5, 3), (6, 2), (7, 3), (8, 2), (9, 3), (10, 2), (11, 3)]
length: 16 76
Estimated difference between T3^fnT3 - (T2^WT3 + h.c.) is: -1.1851815975572953e-05 1.4046554191884627e-10
total cost: -7.7142972921851225
singles alt: [(4, 0), (5, 1), (6, 0), (7, 1), (8, 0), (9, 1), (10, 0), (11, 1), (4, 2), (5, 3), (6, 2), (7, 3), (8, 2), (9, 3), (10, 2), (11, 3)]
length: 16 76
Estimated difference between T3^fnT3 - (T2^WT3 + h.c.) is: -1.1851815379809033e-05 1.4046552779707792e-10
total cost: -7.714297292185059
singles alt: [(4, 0), (5, 1), (6, 0), (7, 1), (8, 0), (9, 1), (10, 0), (11, 1), (4, 2), (5, 3), (6, 2), (7, 3), (8, 2), (9, 3), (10, 2), (11, 3)]
length: 16 76
Estimated difference between T3^fnT3 - (T2^WT3 + h.c.) is: -1.185181537981212e-05 1.404655277971511e-10
total cost: -7.714297292185055
singles alt: [(4, 0), (5, 1), (6, 0), (7, 1), (8, 0), (9, 1), (10, 0), (11, 1), (4, 2), (5, 3), (6, 2), (7, 3), (8, 2), (9, 3), (10, 2), (11, 3)]
length: 16 76
Estimated difference between T3^fnT3 - (T2^WT3 + h.c.) is: -1.18518153798104e-05 1.4046552779711034e-10
total cost: -7.7142972921850586
singles alt: [(4, 0), (5, 1), (6, 0), (7, 1), (8, 0), (9, 1), (10, 0), (11, 1), (4, 2), (5, 3), (6, 2), (7, 3), (8, 2), (9, 3), (10, 2), (11, 3)]
length: 16 76
Estimated difference between T3^fnT3 - (T2^WT3 + h.c.) is: -1.1851815379809033e-05 1.4046552779707792e-10
total cost: -7.714297292185059
singles alt: [(4, 0), (5, 1), (6, 0), (7, 1), (8, 0), (9, 1), (10, 0), (11, 1), (4, 2), (5, 3), (6, 2), (7, 3), (8, 2), (9, 3), (10, 2), (11, 3)]
length: 16 76
Estimated difference between T3^fnT3 - (T2^WT3 + h.c.) is: -1.1851815379809136e-05 1.4046552779708038e-10
total cost: -7.714297291501226
singles alt: [(4, 0), (5, 1), (6, 0), (7, 1), (8, 0), (9, 1), (10, 0), (11, 1), (4, 2), (5, 3), (6, 2), (7, 3), (8, 2), (9, 3), (10, 2), (11, 3)]
length: 16 76
Estimated difference between T3^fnT3 - (T2^WT3 + h.c.) is: -1.1851815379809136e-05 1.4046552779708038e-10
total cost: -7.714297291501484
singles alt: [(4, 0), (5, 1), (6, 0), (7, 1), (8, 0), (9, 1), (10, 0), (11, 1), (4, 2), (5, 3), (6, 2), (7, 3), (8, 2), (9, 3), (10, 2), (11, 3)]
length: 16 76
Estimated difference between T3^fnT3 - (T2^WT3 + h.c.) is: -1.1851815379809136e-05 1.4046552779708038e-10
total cost: -7.714297292185062
singles alt: [(4, 0), (5, 1), (6, 0), (7, 1), (8, 0), (9, 1), (10, 0), (11, 1), (4, 2), (5, 3), (6, 2), (7, 3), (8, 2), (9, 3), (10, 2), (11, 3)]
length: 16 76
Estimated difference between T3^fnT3 - (T2^WT3 + h.c.) is: -1.1851815379809136e-05 1.4046552779708038e-10
total cost: -7.714297292185061
singles alt: [(4, 0), (5, 1), (6, 0), (7, 1), (8, 0), (9, 1), (10, 0), (11, 1), (4, 2), (5, 3), (6, 2), (7, 3), (8, 2), (9, 3), (10, 2), (11, 3)]
length: 16 76
Estimated difference between T3^fnT3 - (T2^WT3 + h.c.) is: -1.1851815379809136e-05 1.4046552779708038e-10
total cost: -7.71429729218506
singles alt: [(4, 0), (5, 1), (6, 0), (7, 1), (8, 0), (9, 1), (10, 0), (11, 1), (4, 2), (5, 3), (6, 2), (7, 3), (8, 2), (9, 3), (10, 2), (11, 3)]
length: 16 76
Estimated difference between T3^fnT3 - (T2^WT3 + h.c.) is: -1.1851815379809136e-05 1.4046552779708038e-10
total cost: -7.71429729218506
singles alt: [(4, 0), (5, 1), (6, 0), (7, 1), (8, 0), (9, 1), (10, 0), (11, 1), (4, 2), (5, 3), (6, 2), (7, 3), (8, 2), (9, 3), (10, 2), (11, 3)]
length: 16 76
Estimated difference between T3^fnT3 - (T2^WT3 + h.c.) is: -1.1851815379809136e-05 1.4046552779708038e-10
total cost: -7.714297291843415
singles alt: [(4, 0), (5, 1), (6, 0), (7, 1), (8, 0), (9, 1), (10, 0), (11, 1), (4, 2), (5, 3), (6, 2), (7, 3), (8, 2), (9, 3), (10, 2), (11, 3)]
length: 16 76
Estimated difference between T3^fnT3 - (T2^WT3 + h.c.) is: -1.1851815379809136e-05 1.4046552779708038e-10
total cost: -7.714297291843044
singles alt: [(4, 0), (5, 1), (6, 0), (7, 1), (8, 0), (9, 1), (10, 0), (11, 1), (4, 2), (5, 3), (6, 2), (7, 3), (8, 2), (9, 3), (10, 2), (11, 3)]
length: 16 76
Estimated difference between T3^fnT3 - (T2^WT3 + h.c.) is: -1.1851815379809136e-05 1.4046552779708038e-10
total cost: -7.714297292387784
singles alt: [(4, 0), (5, 1), (6, 0), (7, 1), (8, 0), (9, 1), (10, 0), (11, 1), (4, 2), (5, 3), (6, 2), (7, 3), (8, 2), (9, 3), (10, 2), (11, 3)]
length: 16 76
Estimated difference between T3^fnT3 - (T2^WT3 + h.c.) is: -1.1851815379809136e-05 1.4046552779708038e-10
total cost: -7.714297292386418
singles alt: [(4, 0), (5, 1), (6, 0), (7, 1), (8, 0), (9, 1), (10, 0), (11, 1), (4, 2), (5, 3), (6, 2), (7, 3), (8, 2), (9, 3), (10, 2), (11, 3)]
length: 16 76
Estimated difference between T3^fnT3 - (T2^WT3 + h.c.) is: -1.1851815379809136e-05 1.4046552779708038e-10
total cost: -7.714297292185064
singles alt: [(4, 0), (5, 1), (6, 0), (7, 1), (8, 0), (9, 1), (10, 0), (11, 1), (4, 2), (5, 3), (6, 2), (7, 3), (8, 2), (9, 3), (10, 2), (11, 3)]
length: 16 76
Estimated difference between T3^fnT3 - (T2^WT3 + h.c.) is: -1.1851815379809136e-05 1.4046552779708038e-10
total cost: -7.714297292185063
singles alt: [(4, 0), (5, 1), (6, 0), (7, 1), (8, 0), (9, 1), (10, 0), (11, 1), (4, 2), (5, 3), (6, 2), (7, 3), (8, 2), (9, 3), (10, 2), (11, 3)]
length: 16 76
Estimated difference between T3^fnT3 - (T2^WT3 + h.c.) is: -1.1851815379809136e-05 1.4046552779708038e-10
total cost: -7.714297292185064
singles alt: [(4, 0), (5, 1), (6, 0), (7, 1), (8, 0), (9, 1), (10, 0), (11, 1), (4, 2), (5, 3), (6, 2), (7, 3), (8, 2), (9, 3), (10, 2), (11, 3)]
length: 16 76
Estimated difference between T3^fnT3 - (T2^WT3 + h.c.) is: -1.1851815379809136e-05 1.4046552779708038e-10
total cost: -7.714297292185064
singles alt: [(4, 0), (5, 1), (6, 0), (7, 1), (8, 0), (9, 1), (10, 0), (11, 1), (4, 2), (5, 3), (6, 2), (7, 3), (8, 2), (9, 3), (10, 2), (11, 3)]
length: 16 76
Estimated difference between T3^fnT3 - (T2^WT3 + h.c.) is: -1.1851815379809136e-05 1.4046552779708038e-10
total cost: -7.7142972922353845
singles alt: [(4, 0), (5, 1), (6, 0), (7, 1), (8, 0), (9, 1), (10, 0), (11, 1), (4, 2), (5, 3), (6, 2), (7, 3), (8, 2), (9, 3), (10, 2), (11, 3)]
length: 16 76
Estimated difference between T3^fnT3 - (T2^WT3 + h.c.) is: -1.1851815379809136e-05 1.4046552779708038e-10
total cost: -7.714297292235103
singles alt: [(4, 0), (5, 1), (6, 0), (7, 1), (8, 0), (9, 1), (10, 0), (11, 1), (4, 2), (5, 3), (6, 2), (7, 3), (8, 2), (9, 3), (10, 2), (11, 3)]
length: 16 76
Estimated difference between T3^fnT3 - (T2^WT3 + h.c.) is: -1.4849600077889534e-06 2.2051062247325686e-12
total cost: -7.7836027049683825
singles alt: [(4, 0), (5, 1), (6, 0), (7, 1), (8, 0), (9, 1), (10, 0), (11, 1), (4, 2), (5, 3), (6, 2), (7, 3), (8, 2), (9, 3), (10, 2), (11, 3)]
length: 16 76
Estimated difference between T3^fnT3 - (T2^WT3 + h.c.) is: -1.4849601941816682e-06 2.2051067783040577e-12
total cost: -7.78360270511729
singles alt: [(4, 0), (5, 1), (6, 0), (7, 1), (8, 0), (9, 1), (10, 0), (11, 1), (4, 2), (5, 3), (6, 2), (7, 3), (8, 2), (9, 3), (10, 2), (11, 3)]
length: 16 76
Estimated difference between T3^fnT3 - (T2^WT3 + h.c.) is: -1.484960112257486e-06 2.2051065349957657e-12
total cost: -7.783602704932519
singles alt: [(4, 0), (5, 1), (6, 0), (7, 1), (8, 0), (9, 1), (10, 0), (11, 1), (4, 2), (5, 3), (6, 2), (7, 3), (8, 2), (9, 3), (10, 2), (11, 3)]
length: 16 76
Estimated difference between T3^fnT3 - (T2^WT3 + h.c.) is: -1.4849601122385307e-06 2.2051065349394698e-12
total cost: -7.783602704932515
singles alt: [(4, 0), (5, 1), (6, 0), (7, 1), (8, 0), (9, 1), (10, 0), (11, 1), (4, 2), (5, 3), (6, 2), (7, 3), (8, 2), (9, 3), (10, 2), (11, 3)]
length: 16 76
Estimated difference between T3^fnT3 - (T2^WT3 + h.c.) is: -1.4849600513871449e-06 2.205106354215712e-12
total cost: -7.783602705090826
singles alt: [(4, 0), (5, 1), (6, 0), (7, 1), (8, 0), (9, 1), (10, 0), (11, 1), (4, 2), (5, 3), (6, 2), (7, 3), (8, 2), (9, 3), (10, 2), (11, 3)]
length: 16 76
Estimated difference between T3^fnT3 - (T2^WT3 + h.c.) is: -1.484960007789143e-06 2.2051062247331316e-12
total cost: -7.783602704968381
singles alt: [(4, 0), (5, 1), (6, 0), (7, 1), (8, 0), (9, 1), (10, 0), (11, 1), (4, 2), (5, 3), (6, 2), (7, 3), (8, 2), (9, 3), (10, 2), (11, 3)]
length: 16 76
Estimated difference between T3^fnT3 - (T2^WT3 + h.c.) is: -1.4849600077872179e-06 2.205106224727414e-12
total cost: -7.7836027049683825
singles alt: [(4, 0), (5, 1), (6, 0), (7, 1), (8, 0), (9, 1), (10, 0), (11, 1), (4, 2), (5, 3), (6, 2), (7, 3), (8, 2), (9, 3), (10, 2), (11, 3)]
length: 16 76
Estimated difference between T3^fnT3 - (T2^WT3 + h.c.) is: -1.4849600077882345e-06 2.2051062247304336e-12
total cost: -7.7836027049683825
singles alt: [(4, 0), (5, 1), (6, 0), (7, 1), (8, 0), (9, 1), (10, 0), (11, 1), (4, 2), (5, 3), (6, 2), (7, 3), (8, 2), (9, 3), (10, 2), (11, 3)]
length: 16 76
Estimated difference between T3^fnT3 - (T2^WT3 + h.c.) is: -1.4849600077889422e-06 2.2051062247325354e-12
total cost: -7.783602704968383
singles alt: [(4, 0), (5, 1), (6, 0), (7, 1), (8, 0), (9, 1), (10, 0), (11, 1), (4, 2), (5, 3), (6, 2), (7, 3), (8, 2), (9, 3), (10, 2), (11, 3)]
length: 16 76
Estimated difference between T3^fnT3 - (T2^WT3 + h.c.) is: -1.484960007789037e-06 2.205106224732817e-12
total cost: -7.783602704968381
singles alt: [(4, 0), (5, 1), (6, 0), (7, 1), (8, 0), (9, 1), (10, 0), (11, 1), (4, 2), (5, 3), (6, 2), (7, 3), (8, 2), (9, 3), (10, 2), (11, 3)]
length: 16 76
Estimated difference between T3^fnT3 - (T2^WT3 + h.c.) is: -1.4849600077884414e-06 2.205106224731048e-12
total cost: -7.783602704968382
singles alt: [(4, 0), (5, 1), (6, 0), (7, 1), (8, 0), (9, 1), (10, 0), (11, 1), (4, 2), (5, 3), (6, 2), (7, 3), (8, 2), (9, 3), (10, 2), (11, 3)]
length: 16 76
Estimated difference between T3^fnT3 - (T2^WT3 + h.c.) is: -1.4849600077886532e-06 2.2051062247316767e-12
total cost: -7.783602704968382
singles alt: [(4, 0), (5, 1), (6, 0), (7, 1), (8, 0), (9, 1), (10, 0), (11, 1), (4, 2), (5, 3), (6, 2), (7, 3), (8, 2), (9, 3), (10, 2), (11, 3)]
length: 16 76
Estimated difference between T3^fnT3 - (T2^WT3 + h.c.) is: -1.484960007788935e-06 2.205106224732514e-12
total cost: -7.7836027049683825
singles alt: [(4, 0), (5, 1), (6, 0), (7, 1), (8, 0), (9, 1), (10, 0), (11, 1), (4, 2), (5, 3), (6, 2), (7, 3), (8, 2), (9, 3), (10, 2), (11, 3)]
length: 16 76
Estimated difference between T3^fnT3 - (T2^WT3 + h.c.) is: -1.4849600580932131e-06 2.205106374132199e-12
total cost: -7.783602705147748
singles alt: [(4, 0), (5, 1), (6, 0), (7, 1), (8, 0), (9, 1), (10, 0), (11, 1), (4, 2), (5, 3), (6, 2), (7, 3), (8, 2), (9, 3), (10, 2), (11, 3)]
length: 16 76
Estimated difference between T3^fnT3 - (T2^WT3 + h.c.) is: -1.4849596971946609e-06 2.205105302292459e-12
total cost: -7.78360270519887
singles alt: [(4, 0), (5, 1), (6, 0), (7, 1), (8, 0), (9, 1), (10, 0), (11, 1), (4, 2), (5, 3), (6, 2), (7, 3), (8, 2), (9, 3), (10, 2), (11, 3)]
length: 16 76
Estimated difference between T3^fnT3 - (T2^WT3 + h.c.) is: -1.4849599547277686e-06 2.2051060671450964e-12
total cost: -7.7836027050229895
singles alt: [(4, 0), (5, 1), (6, 0), (7, 1), (8, 0), (9, 1), (10, 0), (11, 1), (4, 2), (5, 3), (6, 2), (7, 3), (8, 2), (9, 3), (10, 2), (11, 3)]
length: 16 76
Estimated difference between T3^fnT3 - (T2^WT3 + h.c.) is: -1.4849599177114847e-06 2.2051059572096995e-12
total cost: -7.78360270469635
singles alt: [(4, 0), (5, 1), (6, 0), (7, 1), (8, 0), (9, 1), (10, 0), (11, 1), (4, 2), (5, 3), (6, 2), (7, 3), (8, 2), (9, 3), (10, 2), (11, 3)]
length: 16 76
Estimated difference between T3^fnT3 - (T2^WT3 + h.c.) is: -1.4849600077890553e-06 2.205106224732871e-12
total cost: -7.783602704968381
singles alt: [(4, 0), (5, 1), (6, 0), (7, 1), (8, 0), (9, 1), (10, 0), (11, 1), (4, 2), (5, 3), (6, 2), (7, 3), (8, 2), (9, 3), (10, 2), (11, 3)]
length: 16 76
Estimated difference between T3^fnT3 - (T2^WT3 + h.c.) is: -1.4849600077886282e-06 2.205106224731603e-12
total cost: -7.783602704968382
singles alt: [(4, 0), (5, 1), (6, 0), (7, 1), (8, 0), (9, 1), (10, 0), (11, 1), (4, 2), (5, 3), (6, 2), (7, 3), (8, 2), (9, 3), (10, 2), (11, 3)]
length: 16 76
Estimated difference between T3^fnT3 - (T2^WT3 + h.c.) is: -1.4849600077884416e-06 2.2051062247310487e-12
total cost: -7.783602704968382
singles alt: [(4, 0), (5, 1), (6, 0), (7, 1), (8, 0), (9, 1), (10, 0), (11, 1), (4, 2), (5, 3), (6, 2), (7, 3), (8, 2), (9, 3), (10, 2), (11, 3)]
length: 16 76
Estimated difference between T3^fnT3 - (T2^WT3 + h.c.) is: -1.4849600077889655e-06 2.2051062247326045e-12
total cost: -7.7836027049683825
singles alt: [(4, 0), (5, 1), (6, 0), (7, 1), (8, 0), (9, 1), (10, 0), (11, 1), (4, 2), (5, 3), (6, 2), (7, 3), (8, 2), (9, 3), (10, 2), (11, 3)]
length: 16 76
Estimated difference between T3^fnT3 - (T2^WT3 + h.c.) is: -1.4849601499657422e-06 2.2051066469862795e-12
total cost: -7.783602705052212
singles alt: [(4, 0), (5, 1), (6, 0), (7, 1), (8, 0), (9, 1), (10, 0), (11, 1), (4, 2), (5, 3), (6, 2), (7, 3), (8, 2), (9, 3), (10, 2), (11, 3)]
length: 16 76
Estimated difference between T3^fnT3 - (T2^WT3 + h.c.) is: -1.4849606145611486e-06 2.205108026797824e-12
total cost: -7.783602704801298
singles alt: [(4, 0), (5, 1), (6, 0), (7, 1), (8, 0), (9, 1), (10, 0), (11, 1), (4, 2), (5, 3), (6, 2), (7, 3), (8, 2), (9, 3), (10, 2), (11, 3)]
length: 16 76
Estimated difference between T3^fnT3 - (T2^WT3 + h.c.) is: -1.484960429587861e-06 2.205107477441765e-12
total cost: -7.78360270480112
singles alt: [(4, 0), (5, 1), (6, 0), (7, 1), (8, 0), (9, 1), (10, 0), (11, 1), (4, 2), (5, 3), (6, 2), (7, 3), (8, 2), (9, 3), (10, 2), (11, 3)]
length: 16 76
Estimated difference between T3^fnT3 - (T2^WT3 + h.c.) is: -1.4849601311035494e-06 2.2051065909670707e-12
total cost: -7.783602705190473
singles alt: [(4, 0), (5, 1), (6, 0), (7, 1), (8, 0), (9, 1), (10, 0), (11, 1), (4, 2), (5, 3), (6, 2), (7, 3), (8, 2), (9, 3), (10, 2), (11, 3)]
length: 16 76
Estimated difference between T3^fnT3 - (T2^WT3 + h.c.) is: -1.4849600464314732e-06 2.205106339497763e-12
total cost: -7.78360270496837
singles alt: [(4, 0), (5, 1), (6, 0), (7, 1), (8, 0), (9, 1), (10, 0), (11, 1), (4, 2), (5, 3), (6, 2), (7, 3), (8, 2), (9, 3), (10, 2), (11, 3)]
length: 16 76
Estimated difference between T3^fnT3 - (T2^WT3 + h.c.) is: -1.4849600936645327e-06 2.2051064797761777e-12
total cost: -7.783602704968421
singles alt: [(4, 0), (5, 1), (6, 0), (7, 1), (8, 0), (9, 1), (10, 0), (11, 1), (4, 2), (5, 3), (6, 2), (7, 3), (8, 2), (9, 3), (10, 2), (11, 3)]
length: 16 76
Estimated difference between T3^fnT3 - (T2^WT3 + h.c.) is: -1.4849600936602e-06 2.2051064797633103e-12
total cost: -7.783602704968421
singles alt: [(4, 0), (5, 1), (6, 0), (7, 1), (8, 0), (9, 1), (10, 0), (11, 1), (4, 2), (5, 3), (6, 2), (7, 3), (8, 2), (9, 3), (10, 2), (11, 3)]
length: 16 76
Estimated difference between T3^fnT3 - (T2^WT3 + h.c.) is: -1.4849600419400035e-06 2.2051063261584567e-12
total cost: -7.783602704968411
singles alt: [(4, 0), (5, 1), (6, 0), (7, 1), (8, 0), (9, 1), (10, 0), (11, 1), (4, 2), (5, 3), (6, 2), (7, 3), (8, 2), (9, 3), (10, 2), (11, 3)]
length: 16 76
Estimated difference between T3^fnT3 - (T2^WT3 + h.c.) is: -1.4849600077889606e-06 2.20510622473259e-12
total cost: -7.783602704968378
singles alt: [(4, 0), (5, 1), (6, 0), (7, 1), (8, 0), (9, 1), (10, 0), (11, 1), (4, 2), (5, 3), (6, 2), (7, 3), (8, 2), (9, 3), (10, 2), (11, 3)]
length: 16 76
Estimated difference between T3^fnT3 - (T2^WT3 + h.c.) is: -1.4849600077886938e-06 2.2051062247317975e-12
total cost: -7.7836027049683825
singles alt: [(4, 0), (5, 1), (6, 0), (7, 1), (8, 0), (9, 1), (10, 0), (11, 1), (4, 2), (5, 3), (6, 2), (7, 3), (8, 2), (9, 3), (10, 2), (11, 3)]
length: 16 76
Estimated difference between T3^fnT3 - (T2^WT3 + h.c.) is: -1.4849600077887006e-06 2.2051062247318177e-12
total cost: -7.783602704968383
singles alt: [(4, 0), (5, 1), (6, 0), (7, 1), (8, 0), (9, 1), (10, 0), (11, 1), (4, 2), (5, 3), (6, 2), (7, 3), (8, 2), (9, 3), (10, 2), (11, 3)]
length: 16 76
Estimated difference between T3^fnT3 - (T2^WT3 + h.c.) is: -1.484960007788945e-06 2.2051062247325435e-12
total cost: -7.7836027049683825
singles alt: [(4, 0), (5, 1), (6, 0), (7, 1), (8, 0), (9, 1), (10, 0), (11, 1), (4, 2), (5, 3), (6, 2), (7, 3), (8, 2), (9, 3), (10, 2), (11, 3)]
length: 16 76
Estimated difference between T3^fnT3 - (T2^WT3 + h.c.) is: -1.4849600077891222e-06 2.2051062247330698e-12
total cost: -7.783602704968381
singles alt: [(4, 0), (5, 1), (6, 0), (7, 1), (8, 0), (9, 1), (10, 0), (11, 1), (4, 2), (5, 3), (6, 2), (7, 3), (8, 2), (9, 3), (10, 2), (11, 3)]
length: 16 76
Estimated difference between T3^fnT3 - (T2^WT3 + h.c.) is: -1.484960007788811e-06 2.2051062247321453e-12
total cost: -7.783602704968382
singles alt: [(4, 0), (5, 1), (6, 0), (7, 1), (8, 0), (9, 1), (10, 0), (11, 1), (4, 2), (5, 3), (6, 2), (7, 3), (8, 2), (9, 3), (10, 2), (11, 3)]
length: 16 76
Estimated difference between T3^fnT3 - (T2^WT3 + h.c.) is: -1.4849600077881553e-06 2.2051062247301985e-12
total cost: -7.783602704968382
singles alt: [(4, 0), (5, 1), (6, 0), (7, 1), (8, 0), (9, 1), (10, 0), (11, 1), (4, 2), (5, 3), (6, 2), (7, 3), (8, 2), (9, 3), (10, 2), (11, 3)]
length: 16 76
Estimated difference between T3^fnT3 - (T2^WT3 + h.c.) is: -1.4849600077889382e-06 2.2051062247325233e-12
total cost: -7.7836027049683825
singles alt: [(4, 0), (5, 1), (6, 0), (7, 1), (8, 0), (9, 1), (10, 0), (11, 1), (4, 2), (5, 3), (6, 2), (7, 3), (8, 2), (9, 3), (10, 2), (11, 3)]
length: 16 76
Estimated difference between T3^fnT3 - (T2^WT3 + h.c.) is: -1.4849600464314732e-06 2.205106339497763e-12
total cost: -7.78360270496837
singles alt: [(4, 0), (5, 1), (6, 0), (7, 1), (8, 0), (9, 1), (10, 0), (11, 1), (4, 2), (5, 3), (6, 2), (7, 3), (8, 2), (9, 3), (10, 2), (11, 3)]
length: 16 76
Estimated difference between T3^fnT3 - (T2^WT3 + h.c.) is: -1.4849600936638535e-06 2.2051064797741606e-12
total cost: -7.783602704968419
singles alt: [(4, 0), (5, 1), (6, 0), (7, 1), (8, 0), (9, 1), (10, 0), (11, 1), (4, 2), (5, 3), (6, 2), (7, 3), (8, 2), (9, 3), (10, 2), (11, 3)]
length: 16 76
Estimated difference between T3^fnT3 - (T2^WT3 + h.c.) is: -1.4849600936595208e-06 2.205106479761293e-12
total cost: -7.783602704968418
singles alt: [(4, 0), (5, 1), (6, 0), (7, 1), (8, 0), (9, 1), (10, 0), (11, 1), (4, 2), (5, 3), (6, 2), (7, 3), (8, 2), (9, 3), (10, 2), (11, 3)]
length: 16 76
Estimated difference between T3^fnT3 - (T2^WT3 + h.c.) is: -1.4849600419400033e-06 2.2051063261584563e-12
total cost: -7.783602704968412
singles alt: [(4, 0), (5, 1), (6, 0), (7, 1), (8, 0), (9, 1), (10, 0), (11, 1), (4, 2), (5, 3), (6, 2), (7, 3), (8, 2), (9, 3), (10, 2), (11, 3)]
length: 16 76
Estimated difference between T3^fnT3 - (T2^WT3 + h.c.) is: -1.4849601499935433e-06 2.2051066470688465e-12
total cost: -7.783602705052064
singles alt: [(4, 0), (5, 1), (6, 0), (7, 1), (8, 0), (9, 1), (10, 0), (11, 1), (4, 2), (5, 3), (6, 2), (7, 3), (8, 2), (9, 3), (10, 2), (11, 3)]
length: 16 76
Estimated difference between T3^fnT3 - (T2^WT3 + h.c.) is: -1.4849604296355556e-06 2.2051074775834137e-12
total cost: -7.783602704801348
singles alt: [(4, 0), (5, 1), (6, 0), (7, 1), (8, 0), (9, 1), (10, 0), (11, 1), (4, 2), (5, 3), (6, 2), (7, 3), (8, 2), (9, 3), (10, 2), (11, 3)]
length: 16 76
Estimated difference between T3^fnT3 - (T2^WT3 + h.c.) is: -1.484960614805786e-06 2.205108027524378e-12
total cost: -7.78360270480131
singles alt: [(4, 0), (5, 1), (6, 0), (7, 1), (8, 0), (9, 1), (10, 0), (11, 1), (4, 2), (5, 3), (6, 2), (7, 3), (8, 2), (9, 3), (10, 2), (11, 3)]
length: 16 76
Estimated difference between T3^fnT3 - (T2^WT3 + h.c.) is: -1.4849601311086852e-06 2.2051065909823235e-12
total cost: -7.783602705190648
singles alt: [(4, 0), (5, 1), (6, 0), (7, 1), (8, 0), (9, 1), (10, 0), (11, 1), (4, 2), (5, 3), (6, 2), (7, 3), (8, 2), (9, 3), (10, 2), (11, 3)]
length: 16 76
Estimated difference between T3^fnT3 - (T2^WT3 + h.c.) is: -1.4849600077889545e-06 2.2051062247325718e-12
total cost: -7.783602704968378
singles alt: [(4, 0), (5, 1), (6, 0), (7, 1), (8, 0), (9, 1), (10, 0), (11, 1), (4, 2), (5, 3), (6, 2), (7, 3), (8, 2), (9, 3), (10, 2), (11, 3)]
length: 16 76
Estimated difference between T3^fnT3 - (T2^WT3 + h.c.) is: -1.4849600077889558e-06 2.2051062247325754e-12
total cost: -7.7836027049683825
singles alt: [(4, 0), (5, 1), (6, 0), (7, 1), (8, 0), (9, 1), (10, 0), (11, 1), (4, 2), (5, 3), (6, 2), (7, 3), (8, 2), (9, 3), (10, 2), (11, 3)]
length: 16 76
Estimated difference between T3^fnT3 - (T2^WT3 + h.c.) is: -1.4849600077885594e-06 2.205106224731398e-12
total cost: -7.7836027049683825
singles alt: [(4, 0), (5, 1), (6, 0), (7, 1), (8, 0), (9, 1), (10, 0), (11, 1), (4, 2), (5, 3), (6, 2), (7, 3), (8, 2), (9, 3), (10, 2), (11, 3)]
length: 16 76
Estimated difference between T3^fnT3 - (T2^WT3 + h.c.) is: -1.4849600077889011e-06 2.2051062247324135e-12
total cost: -7.7836027049683825
singles alt: [(4, 0), (5, 1), (6, 0), (7, 1), (8, 0), (9, 1), (10, 0), (11, 1), (4, 2), (5, 3), (6, 2), (7, 3), (8, 2), (9, 3), (10, 2), (11, 3)]
length: 16 76
Estimated difference between T3^fnT3 - (T2^WT3 + h.c.) is: -1.4849600580872026e-06 2.205106374114348e-12
total cost: -7.783602705147714
singles alt: [(4, 0), (5, 1), (6, 0), (7, 1), (8, 0), (9, 1), (10, 0), (11, 1), (4, 2), (5, 3), (6, 2), (7, 3), (8, 2), (9, 3), (10, 2), (11, 3)]
length: 16 76
Estimated difference between T3^fnT3 - (T2^WT3 + h.c.) is: -1.484959954735386e-06 2.2051060671677194e-12
total cost: -7.783602705022625
singles alt: [(4, 0), (5, 1), (6, 0), (7, 1), (8, 0), (9, 1), (10, 0), (11, 1), (4, 2), (5, 3), (6, 2), (7, 3), (8, 2), (9, 3), (10, 2), (11, 3)]
length: 16 76
Estimated difference between T3^fnT3 - (T2^WT3 + h.c.) is: -1.4849596970686628e-06 2.2051053019182547e-12
total cost: -7.783602705198229
singles alt: [(4, 0), (5, 1), (6, 0), (7, 1), (8, 0), (9, 1), (10, 0), (11, 1), (4, 2), (5, 3), (6, 2), (7, 3), (8, 2), (9, 3), (10, 2), (11, 3)]
length: 16 76
Estimated difference between T3^fnT3 - (T2^WT3 + h.c.) is: -1.4849599177024638e-06 2.2051059571829082e-12
total cost: -7.783602704695689
singles alt: [(4, 0), (5, 1), (6, 0), (7, 1), (8, 0), (9, 1), (10, 0), (11, 1), (4, 2), (5, 3), (6, 2), (7, 3), (8, 2), (9, 3), (10, 2), (11, 3)]
length: 16 76
Estimated difference between T3^fnT3 - (T2^WT3 + h.c.) is: -1.4849600077889795e-06 2.205106224732646e-12
total cost: -7.783602704968378
singles alt: [(4, 0), (5, 1), (6, 0), (7, 1), (8, 0), (9, 1), (10, 0), (11, 1), (4, 2), (5, 3), (6, 2), (7, 3), (8, 2), (9, 3), (10, 2), (11, 3)]
length: 16 76
Estimated difference between T3^fnT3 - (T2^WT3 + h.c.) is: -1.4849600077881998e-06 2.2051062247303306e-12
total cost: -7.783602704968383
singles alt: [(4, 0), (5, 1), (6, 0), (7, 1), (8, 0), (9, 1), (10, 0), (11, 1), (4, 2), (5, 3), (6, 2), (7, 3), (8, 2), (9, 3), (10, 2), (11, 3)]
length: 16 76
Estimated difference between T3^fnT3 - (T2^WT3 + h.c.) is: -1.48496000778899e-06 2.2051062247326776e-12
total cost: -7.7836027049683825
singles alt: [(4, 0), (5, 1), (6, 0), (7, 1), (8, 0), (9, 1), (10, 0), (11, 1), (4, 2), (5, 3), (6, 2), (7, 3), (8, 2), (9, 3), (10, 2), (11, 3)]
length: 16 76
Estimated difference between T3^fnT3 - (T2^WT3 + h.c.) is: -1.48496000778891e-06 2.2051062247324397e-12
total cost: -7.783602704968383
singles alt: [(4, 0), (5, 1), (6, 0), (7, 1), (8, 0), (9, 1), (10, 0), (11, 1), (4, 2), (5, 3), (6, 2), (7, 3), (8, 2), (9, 3), (10, 2), (11, 3)]
length: 16 76
Estimated difference between T3^fnT3 - (T2^WT3 + h.c.) is: -1.4849600077889757e-06 2.2051062247326348e-12
total cost: -7.783602704968378
singles alt: [(4, 0), (5, 1), (6, 0), (7, 1), (8, 0), (9, 1), (10, 0), (11, 1), (4, 2), (5, 3), (6, 2), (7, 3), (8, 2), (9, 3), (10, 2), (11, 3)]
length: 16 76
Estimated difference between T3^fnT3 - (T2^WT3 + h.c.) is: -1.4849600077887e-06 2.2051062247318157e-12
total cost: -7.7836027049683825
singles alt: [(4, 0), (5, 1), (6, 0), (7, 1), (8, 0), (9, 1), (10, 0), (11, 1), (4, 2), (5, 3), (6, 2), (7, 3), (8, 2), (9, 3), (10, 2), (11, 3)]
length: 16 76
Estimated difference between T3^fnT3 - (T2^WT3 + h.c.) is: -1.4849600077888745e-06 2.205106224732334e-12
total cost: -7.7836027049683825
singles alt: [(4, 0), (5, 1), (6, 0), (7, 1), (8, 0), (9, 1), (10, 0), (11, 1), (4, 2), (5, 3), (6, 2), (7, 3), (8, 2), (9, 3), (10, 2), (11, 3)]
length: 16 76
Estimated difference between T3^fnT3 - (T2^WT3 + h.c.) is: -1.484960007788946e-06 2.2051062247325467e-12
total cost: -7.7836027049683825
singles alt: [(4, 0), (5, 1), (6, 0), (7, 1), (8, 0), (9, 1), (10, 0), (11, 1), (4, 2), (5, 3), (6, 2), (7, 3), (8, 2), (9, 3), (10, 2), (11, 3)]
length: 16 76
Estimated difference between T3^fnT3 - (T2^WT3 + h.c.) is: -1.48496017690811e-06 2.2051067270029656e-12
total cost: -7.783602705201876
singles alt: [(4, 0), (5, 1), (6, 0), (7, 1), (8, 0), (9, 1), (10, 0), (11, 1), (4, 2), (5, 3), (6, 2), (7, 3), (8, 2), (9, 3), (10, 2), (11, 3)]
length: 16 76
Estimated difference between T3^fnT3 - (T2^WT3 + h.c.) is: -1.4849600487015e-06 2.2051063462395614e-12
total cost: -7.783602704800256
singles alt: [(4, 0), (5, 1), (6, 0), (7, 1), (8, 0), (9, 1), (10, 0), (11, 1), (4, 2), (5, 3), (6, 2), (7, 3), (8, 2), (9, 3), (10, 2), (11, 3)]
length: 16 76
Estimated difference between T3^fnT3 - (T2^WT3 + h.c.) is: -1.4849600486980967e-06 2.205106346229454e-12
total cost: -7.783602704800256
singles alt: [(4, 0), (5, 1), (6, 0), (7, 1), (8, 0), (9, 1), (10, 0), (11, 1), (4, 2), (5, 3), (6, 2), (7, 3), (8, 2), (9, 3), (10, 2), (11, 3)]
length: 16 76
Estimated difference between T3^fnT3 - (T2^WT3 + h.c.) is: -1.4849601437459994e-06 2.2051066285141393e-12
total cost: -7.783602704815625
singles alt: [(4, 0), (5, 1), (6, 0), (7, 1), (8, 0), (9, 1), (10, 0), (11, 1), (4, 2), (5, 3), (6, 2), (7, 3), (8, 2), (9, 3), (10, 2), (11, 3)]
length: 16 76
Estimated difference between T3^fnT3 - (T2^WT3 + h.c.) is: -1.4849600077884145e-06 2.205106224730968e-12
total cost: -7.783602704968382
singles alt: [(4, 0), (5, 1), (6, 0), (7, 1), (8, 0), (9, 1), (10, 0), (11, 1), (4, 2), (5, 3), (6, 2), (7, 3), (8, 2), (9, 3), (10, 2), (11, 3)]
length: 16 76
Estimated difference between T3^fnT3 - (T2^WT3 + h.c.) is: -1.484960007788052e-06 2.2051062247298915e-12
total cost: -7.7836027049683825
singles alt: [(4, 0), (5, 1), (6, 0), (7, 1), (8, 0), (9, 1), (10, 0), (11, 1), (4, 2), (5, 3), (6, 2), (7, 3), (8, 2), (9, 3), (10, 2), (11, 3)]
length: 16 76
Estimated difference between T3^fnT3 - (T2^WT3 + h.c.) is: -1.4849600077876581e-06 2.2051062247287214e-12
total cost: -7.7836027049683825
singles alt: [(4, 0), (5, 1), (6, 0), (7, 1), (8, 0), (9, 1), (10, 0), (11, 1), (4, 2), (5, 3), (6, 2), (7, 3), (8, 2), (9, 3), (10, 2), (11, 3)]
length: 16 76
Estimated difference between T3^fnT3 - (T2^WT3 + h.c.) is: -1.4849600077884143e-06 2.2051062247309675e-12
total cost: -7.7836027049683825
singles alt: [(4, 0), (5, 1), (6, 0), (7, 1), (8, 0), (9, 1), (10, 0), (11, 1), (4, 2), (5, 3), (6, 2), (7, 3), (8, 2), (9, 3), (10, 2), (11, 3)]
length: 16 76
Estimated difference between T3^fnT3 - (T2^WT3 + h.c.) is: -1.4849597601638965e-06 2.205105489306017e-12
total cost: -7.783602705142847
singles alt: [(4, 0), (5, 1), (6, 0), (7, 1), (8, 0), (9, 1), (10, 0), (11, 1), (4, 2), (5, 3), (6, 2), (7, 3), (8, 2), (9, 3), (10, 2), (11, 3)]
length: 16 76
Estimated difference between T3^fnT3 - (T2^WT3 + h.c.) is: -1.4849597602674357e-06 2.2051054896135203e-12
total cost: -7.783602705142862
singles alt: [(4, 0), (5, 1), (6, 0), (7, 1), (8, 0), (9, 1), (10, 0), (11, 1), (4, 2), (5, 3), (6, 2), (7, 3), (8, 2), (9, 3), (10, 2), (11, 3)]
length: 16 76
Estimated difference between T3^fnT3 - (T2^WT3 + h.c.) is: -1.484959795943924e-06 2.20510559556982e-12
total cost: -7.783602704968254
singles alt: [(4, 0), (5, 1), (6, 0), (7, 1), (8, 0), (9, 1), (10, 0), (11, 1), (4, 2), (5, 3), (6, 2), (7, 3), (8, 2), (9, 3), (10, 2), (11, 3)]
length: 16 76
Estimated difference between T3^fnT3 - (T2^WT3 + h.c.) is: -1.4849602196310937e-06 2.2051068538868263e-12
total cost: -7.783602704968513
singles alt: [(4, 0), (5, 1), (6, 0), (7, 1), (8, 0), (9, 1), (10, 0), (11, 1), (4, 2), (5, 3), (6, 2), (7, 3), (8, 2), (9, 3), (10, 2), (11, 3)]
length: 16 76
Estimated difference between T3^fnT3 - (T2^WT3 + h.c.) is: -1.4849600077892325e-06 2.2051062247333973e-12
total cost: -7.7836027049683825
singles alt: [(4, 0), (5, 1), (6, 0), (7, 1), (8, 0), (9, 1), (10, 0), (11, 1), (4, 2), (5, 3), (6, 2), (7, 3), (8, 2), (9, 3), (10, 2), (11, 3)]
length: 16 76
Estimated difference between T3^fnT3 - (T2^WT3 + h.c.) is: -1.48496000778971e-06 2.205106224734816e-12
total cost: -7.7836027049683825
singles alt: [(4, 0), (5, 1), (6, 0), (7, 1), (8, 0), (9, 1), (10, 0), (11, 1), (4, 2), (5, 3), (6, 2), (7, 3), (8, 2), (9, 3), (10, 2), (11, 3)]
length: 16 76
Estimated difference between T3^fnT3 - (T2^WT3 + h.c.) is: -1.4849600077894555e-06 2.2051062247340597e-12
total cost: -7.783602704968382
singles alt: [(4, 0), (5, 1), (6, 0), (7, 1), (8, 0), (9, 1), (10, 0), (11, 1), (4, 2), (5, 3), (6, 2), (7, 3), (8, 2), (9, 3), (10, 2), (11, 3)]
length: 16 76
Estimated difference between T3^fnT3 - (T2^WT3 + h.c.) is: -1.4849600077892323e-06 2.205106224733397e-12
total cost: -7.783602704968382
singles alt: [(4, 0), (5, 1), (6, 0), (7, 1), (8, 0), (9, 1), (10, 0), (11, 1), (4, 2), (5, 3), (6, 2), (7, 3), (8, 2), (9, 3), (10, 2), (11, 3)]
length: 16 76
Estimated difference between T3^fnT3 - (T2^WT3 + h.c.) is: -1.4849600077889534e-06 2.2051062247325686e-12
total cost: -7.783602704956472
singles alt: [(4, 0), (5, 1), (6, 0), (7, 1), (8, 0), (9, 1), (10, 0), (11, 1), (4, 2), (5, 3), (6, 2), (7, 3), (8, 2), (9, 3), (10, 2), (11, 3)]
length: 16 76
Estimated difference between T3^fnT3 - (T2^WT3 + h.c.) is: -1.4849600077889534e-06 2.2051062247325686e-12
total cost: -7.783602704956471
singles alt: [(4, 0), (5, 1), (6, 0), (7, 1), (8, 0), (9, 1), (10, 0), (11, 1), (4, 2), (5, 3), (6, 2), (7, 3), (8, 2), (9, 3), (10, 2), (11, 3)]
length: 16 76
Estimated difference between T3^fnT3 - (T2^WT3 + h.c.) is: -1.4849600077889534e-06 2.2051062247325686e-12
total cost: -7.7836027049683825
singles alt: [(4, 0), (5, 1), (6, 0), (7, 1), (8, 0), (9, 1), (10, 0), (11, 1), (4, 2), (5, 3), (6, 2), (7, 3), (8, 2), (9, 3), (10, 2), (11, 3)]
length: 16 76
Estimated difference between T3^fnT3 - (T2^WT3 + h.c.) is: -1.4849600077889534e-06 2.2051062247325686e-12
total cost: -7.783602704968383
singles alt: [(4, 0), (5, 1), (6, 0), (7, 1), (8, 0), (9, 1), (10, 0), (11, 1), (4, 2), (5, 3), (6, 2), (7, 3), (8, 2), (9, 3), (10, 2), (11, 3)]
length: 16 76
Estimated difference between T3^fnT3 - (T2^WT3 + h.c.) is: -1.4849600077889534e-06 2.2051062247325686e-12
total cost: -7.783602704968382
singles alt: [(4, 0), (5, 1), (6, 0), (7, 1), (8, 0), (9, 1), (10, 0), (11, 1), (4, 2), (5, 3), (6, 2), (7, 3), (8, 2), (9, 3), (10, 2), (11, 3)]
length: 16 76
Estimated difference between T3^fnT3 - (T2^WT3 + h.c.) is: -1.4849600077889534e-06 2.2051062247325686e-12
total cost: -7.783602704968382
singles alt: [(4, 0), (5, 1), (6, 0), (7, 1), (8, 0), (9, 1), (10, 0), (11, 1), (4, 2), (5, 3), (6, 2), (7, 3), (8, 2), (9, 3), (10, 2), (11, 3)]
length: 16 76
Estimated difference between T3^fnT3 - (T2^WT3 + h.c.) is: -1.4849600077889534e-06 2.2051062247325686e-12
total cost: -7.783602704927235
singles alt: [(4, 0), (5, 1), (6, 0), (7, 1), (8, 0), (9, 1), (10, 0), (11, 1), (4, 2), (5, 3), (6, 2), (7, 3), (8, 2), (9, 3), (10, 2), (11, 3)]
length: 16 76
Estimated difference between T3^fnT3 - (T2^WT3 + h.c.) is: -1.4849600077889534e-06 2.2051062247325686e-12
total cost: -7.783602704927235
singles alt: [(4, 0), (5, 1), (6, 0), (7, 1), (8, 0), (9, 1), (10, 0), (11, 1), (4, 2), (5, 3), (6, 2), (7, 3), (8, 2), (9, 3), (10, 2), (11, 3)]
length: 16 76
Estimated difference between T3^fnT3 - (T2^WT3 + h.c.) is: -1.4849600077889534e-06 2.2051062247325686e-12
total cost: -7.783602705033246
singles alt: [(4, 0), (5, 1), (6, 0), (7, 1), (8, 0), (9, 1), (10, 0), (11, 1), (4, 2), (5, 3), (6, 2), (7, 3), (8, 2), (9, 3), (10, 2), (11, 3)]
length: 16 76
Estimated difference between T3^fnT3 - (T2^WT3 + h.c.) is: -1.4849600077889534e-06 2.2051062247325686e-12
total cost: -7.78360270503313
singles alt: [(4, 0), (5, 1), (6, 0), (7, 1), (8, 0), (9, 1), (10, 0), (11, 1), (4, 2), (5, 3), (6, 2), (7, 3), (8, 2), (9, 3), (10, 2), (11, 3)]
length: 16 76
Estimated difference between T3^fnT3 - (T2^WT3 + h.c.) is: -1.4849600077889534e-06 2.2051062247325686e-12
total cost: -7.7836027049683825
singles alt: [(4, 0), (5, 1), (6, 0), (7, 1), (8, 0), (9, 1), (10, 0), (11, 1), (4, 2), (5, 3), (6, 2), (7, 3), (8, 2), (9, 3), (10, 2), (11, 3)]
length: 16 76
Estimated difference between T3^fnT3 - (T2^WT3 + h.c.) is: -1.4849600077889534e-06 2.2051062247325686e-12
total cost: -7.783602704968383
singles alt: [(4, 0), (5, 1), (6, 0), (7, 1), (8, 0), (9, 1), (10, 0), (11, 1), (4, 2), (5, 3), (6, 2), (7, 3), (8, 2), (9, 3), (10, 2), (11, 3)]
length: 16 76
Estimated difference between T3^fnT3 - (T2^WT3 + h.c.) is: -1.4849600077889534e-06 2.2051062247325686e-12
total cost: -7.7836027049683825
singles alt: [(4, 0), (5, 1), (6, 0), (7, 1), (8, 0), (9, 1), (10, 0), (11, 1), (4, 2), (5, 3), (6, 2), (7, 3), (8, 2), (9, 3), (10, 2), (11, 3)]
length: 16 76
Estimated difference between T3^fnT3 - (T2^WT3 + h.c.) is: -1.4849600077889534e-06 2.2051062247325686e-12
total cost: -7.7836027049683825
singles alt: [(4, 0), (5, 1), (6, 0), (7, 1), (8, 0), (9, 1), (10, 0), (11, 1), (4, 2), (5, 3), (6, 2), (7, 3), (8, 2), (9, 3), (10, 2), (11, 3)]
length: 16 76
Estimated difference between T3^fnT3 - (T2^WT3 + h.c.) is: -1.4849600077889534e-06 2.2051062247325686e-12
total cost: -7.78360270495225
singles alt: [(4, 0), (5, 1), (6, 0), (7, 1), (8, 0), (9, 1), (10, 0), (11, 1), (4, 2), (5, 3), (6, 2), (7, 3), (8, 2), (9, 3), (10, 2), (11, 3)]
length: 16 76
Estimated difference between T3^fnT3 - (T2^WT3 + h.c.) is: -1.4849600077889534e-06 2.2051062247325686e-12
total cost: -7.783602704952225
singles alt: [(4, 0), (5, 1), (6, 0), (7, 1), (8, 0), (9, 1), (10, 0), (11, 1), (4, 2), (5, 3), (6, 2), (7, 3), (8, 2), (9, 3), (10, 2), (11, 3)]
callback: energy=-7.783601220008
singles alt: [(4, 0), (5, 1), (6, 0), (7, 1), (8, 0), (9, 1), (10, 0), (11, 1), (4, 2), (5, 3), (6, 2), (7, 3), (8, 2), (9, 3), (10, 2), (11, 3)]
length: 16 76
Estimated difference between T3^fnT3 - (T2^WT3 + h.c.) is: -3.2837864869809058e-06 1.0783253692078398e-11
total cost: -7.779083000140762
singles alt: [(4, 0), (5, 1), (6, 0), (7, 1), (8, 0), (9, 1), (10, 0), (11, 1), (4, 2), (5, 3), (6, 2), (7, 3), (8, 2), (9, 3), (10, 2), (11, 3)]
length: 16 76
Estimated difference between T3^fnT3 - (T2^WT3 + h.c.) is: -3.2837868665575343e-06 1.0783256184975749e-11
total cost: -7.779083000156149
singles alt: [(4, 0), (5, 1), (6, 0), (7, 1), (8, 0), (9, 1), (10, 0), (11, 1), (4, 2), (5, 3), (6, 2), (7, 3), (8, 2), (9, 3), (10, 2), (11, 3)]
length: 16 76
Estimated difference between T3^fnT3 - (T2^WT3 + h.c.) is: -3.283786231546722e-06 1.0783252014495822e-11
total cost: -7.7790830002868905
singles alt: [(4, 0), (5, 1), (6, 0), (7, 1), (8, 0), (9, 1), (10, 0), (11, 1), (4, 2), (5, 3), (6, 2), (7, 3), (8, 2), (9, 3), (10, 2), (11, 3)]
length: 16 76
Estimated difference between T3^fnT3 - (T2^WT3 + h.c.) is: -3.2837862317724262e-06 1.078325201597815e-11
total cost: -7.779083000286916
singles alt: [(4, 0), (5, 1), (6, 0), (7, 1), (8, 0), (9, 1), (10, 0), (11, 1), (4, 2), (5, 3), (6, 2), (7, 3), (8, 2), (9, 3), (10, 2), (11, 3)]
length: 16 76
Estimated difference between T3^fnT3 - (T2^WT3 + h.c.) is: -3.283786559336971e-06 1.0783254167282142e-11
total cost: -7.779083000150976
singles alt: [(4, 0), (5, 1), (6, 0), (7, 1), (8, 0), (9, 1), (10, 0), (11, 1), (4, 2), (5, 3), (6, 2), (7, 3), (8, 2), (9, 3), (10, 2), (11, 3)]
length: 16 76
Estimated difference between T3^fnT3 - (T2^WT3 + h.c.) is: -3.2837864869765563e-06 1.0783253692049833e-11
total cost: -7.779083000140779
singles alt: [(4, 0), (5, 1), (6, 0), (7, 1), (8, 0), (9, 1), (10, 0), (11, 1), (4, 2), (5, 3), (6, 2), (7, 3), (8, 2), (9, 3), (10, 2), (11, 3)]
length: 16 76
Estimated difference between T3^fnT3 - (T2^WT3 + h.c.) is: -3.2837864869802345e-06 1.0783253692073989e-11
total cost: -7.779083000140763
singles alt: [(4, 0), (5, 1), (6, 0), (7, 1), (8, 0), (9, 1), (10, 0), (11, 1), (4, 2), (5, 3), (6, 2), (7, 3), (8, 2), (9, 3), (10, 2), (11, 3)]
length: 16 76
Estimated difference between T3^fnT3 - (T2^WT3 + h.c.) is: -3.283786486980425e-06 1.0783253692075241e-11
total cost: -7.779083000140764
singles alt: [(4, 0), (5, 1), (6, 0), (7, 1), (8, 0), (9, 1), (10, 0), (11, 1), (4, 2), (5, 3), (6, 2), (7, 3), (8, 2), (9, 3), (10, 2), (11, 3)]
length: 16 76
Estimated difference between T3^fnT3 - (T2^WT3 + h.c.) is: -3.2837864869806025e-06 1.0783253692076408e-11
total cost: -7.779083000140761
singles alt: [(4, 0), (5, 1), (6, 0), (7, 1), (8, 0), (9, 1), (10, 0), (11, 1), (4, 2), (5, 3), (6, 2), (7, 3), (8, 2), (9, 3), (10, 2), (11, 3)]
length: 16 76
Estimated difference between T3^fnT3 - (T2^WT3 + h.c.) is: -3.2837864869761073e-06 1.0783253692046884e-11
total cost: -7.779083000140777
singles alt: [(4, 0), (5, 1), (6, 0), (7, 1), (8, 0), (9, 1), (10, 0), (11, 1), (4, 2), (5, 3), (6, 2), (7, 3), (8, 2), (9, 3), (10, 2), (11, 3)]
length: 16 76
Estimated difference between T3^fnT3 - (T2^WT3 + h.c.) is: -3.283786486976181e-06 1.0783253692047369e-11
total cost: -7.7790830001407665
singles alt: [(4, 0), (5, 1), (6, 0), (7, 1), (8, 0), (9, 1), (10, 0), (11, 1), (4, 2), (5, 3), (6, 2), (7, 3), (8, 2), (9, 3), (10, 2), (11, 3)]
length: 16 76
Estimated difference between T3^fnT3 - (T2^WT3 + h.c.) is: -3.2837864869765804e-06 1.0783253692049991e-11
total cost: -7.7790830001407665
singles alt: [(4, 0), (5, 1), (6, 0), (7, 1), (8, 0), (9, 1), (10, 0), (11, 1), (4, 2), (5, 3), (6, 2), (7, 3), (8, 2), (9, 3), (10, 2), (11, 3)]
length: 16 76
Estimated difference between T3^fnT3 - (T2^WT3 + h.c.) is: -3.28378648698035e-06 1.0783253692074748e-11
total cost: -7.779083000140762
singles alt: [(4, 0), (5, 1), (6, 0), (7, 1), (8, 0), (9, 1), (10, 0), (11, 1), (4, 2), (5, 3), (6, 2), (7, 3), (8, 2), (9, 3), (10, 2), (11, 3)]
length: 16 76
Estimated difference between T3^fnT3 - (T2^WT3 + h.c.) is: -3.2837865622093603e-06 1.0783254186146769e-11
total cost: -7.77908299924998
singles alt: [(4, 0), (5, 1), (6, 0), (7, 1), (8, 0), (9, 1), (10, 0), (11, 1), (4, 2), (5, 3), (6, 2), (7, 3), (8, 2), (9, 3), (10, 2), (11, 3)]
length: 16 76
Estimated difference between T3^fnT3 - (T2^WT3 + h.c.) is: -3.283786978776075e-06 1.0783256921979304e-11
total cost: -7.7790829989071995
singles alt: [(4, 0), (5, 1), (6, 0), (7, 1), (8, 0), (9, 1), (10, 0), (11, 1), (4, 2), (5, 3), (6, 2), (7, 3), (8, 2), (9, 3), (10, 2), (11, 3)]
length: 16 76
Estimated difference between T3^fnT3 - (T2^WT3 + h.c.) is: -3.2837865358253885e-06 1.0783254012868105e-11
total cost: -7.779082999862718
singles alt: [(4, 0), (5, 1), (6, 0), (7, 1), (8, 0), (9, 1), (10, 0), (11, 1), (4, 2), (5, 3), (6, 2), (7, 3), (8, 2), (9, 3), (10, 2), (11, 3)]
length: 16 76
Estimated difference between T3^fnT3 - (T2^WT3 + h.c.) is: -3.283786311381695e-06 1.0783252538817797e-11
total cost: -7.779083000423811
singles alt: [(4, 0), (5, 1), (6, 0), (7, 1), (8, 0), (9, 1), (10, 0), (11, 1), (4, 2), (5, 3), (6, 2), (7, 3), (8, 2), (9, 3), (10, 2), (11, 3)]
length: 16 76
Estimated difference between T3^fnT3 - (T2^WT3 + h.c.) is: -3.2837864869756648e-06 1.0783253692043978e-11
total cost: -7.779083000140777
singles alt: [(4, 0), (5, 1), (6, 0), (7, 1), (8, 0), (9, 1), (10, 0), (11, 1), (4, 2), (5, 3), (6, 2), (7, 3), (8, 2), (9, 3), (10, 2), (11, 3)]
length: 16 76
Estimated difference between T3^fnT3 - (T2^WT3 + h.c.) is: -3.2837864869760607e-06 1.0783253692046579e-11
total cost: -7.7790830001407665
singles alt: [(4, 0), (5, 1), (6, 0), (7, 1), (8, 0), (9, 1), (10, 0), (11, 1), (4, 2), (5, 3), (6, 2), (7, 3), (8, 2), (9, 3), (10, 2), (11, 3)]
length: 16 76
Estimated difference between T3^fnT3 - (T2^WT3 + h.c.) is: -3.2837864869743544e-06 1.0783253692035372e-11
total cost: -7.779083000140767
singles alt: [(4, 0), (5, 1), (6, 0), (7, 1), (8, 0), (9, 1), (10, 0), (11, 1), (4, 2), (5, 3), (6, 2), (7, 3), (8, 2), (9, 3), (10, 2), (11, 3)]
length: 16 76
Estimated difference between T3^fnT3 - (T2^WT3 + h.c.) is: -3.283786486980208e-06 1.0783253692073815e-11
total cost: -7.779083000140762
singles alt: [(4, 0), (5, 1), (6, 0), (7, 1), (8, 0), (9, 1), (10, 0), (11, 1), (4, 2), (5, 3), (6, 2), (7, 3), (8, 2), (9, 3), (10, 2), (11, 3)]
length: 16 76
Estimated difference between T3^fnT3 - (T2^WT3 + h.c.) is: -3.283786735226732e-06 1.078325532245104e-11
total cost: -7.779082999964797
singles alt: [(4, 0), (5, 1), (6, 0), (7, 1), (8, 0), (9, 1), (10, 0), (11, 1), (4, 2), (5, 3), (6, 2), (7, 3), (8, 2), (9, 3), (10, 2), (11, 3)]
length: 16 76
Estimated difference between T3^fnT3 - (T2^WT3 + h.c.) is: -3.2837857236312956e-06 1.0783248678724711e-11
total cost: -7.779083000849202
singles alt: [(4, 0), (5, 1), (6, 0), (7, 1), (8, 0), (9, 1), (10, 0), (11, 1), (4, 2), (5, 3), (6, 2), (7, 3), (8, 2), (9, 3), (10, 2), (11, 3)]
length: 16 76
Estimated difference between T3^fnT3 - (T2^WT3 + h.c.) is: -3.283785955120801e-06 1.0783250199048632e-11
total cost: -7.77908300085027
singles alt: [(4, 0), (5, 1), (6, 0), (7, 1), (8, 0), (9, 1), (10, 0), (11, 1), (4, 2), (5, 3), (6, 2), (7, 3), (8, 2), (9, 3), (10, 2), (11, 3)]
length: 16 76
Estimated difference between T3^fnT3 - (T2^WT3 + h.c.) is: -3.283786707653252e-06 1.0783255141360185e-11
total cost: -7.779082999970179
singles alt: [(4, 0), (5, 1), (6, 0), (7, 1), (8, 0), (9, 1), (10, 0), (11, 1), (4, 2), (5, 3), (6, 2), (7, 3), (8, 2), (9, 3), (10, 2), (11, 3)]
length: 16 76
Estimated difference between T3^fnT3 - (T2^WT3 + h.c.) is: -3.283786438412333e-06 1.0783253373100755e-11
total cost: -7.779083000140776
singles alt: [(4, 0), (5, 1), (6, 0), (7, 1), (8, 0), (9, 1), (10, 0), (11, 1), (4, 2), (5, 3), (6, 2), (7, 3), (8, 2), (9, 3), (10, 2), (11, 3)]
length: 16 76
Estimated difference between T3^fnT3 - (T2^WT3 + h.c.) is: -3.283786640690174e-06 1.0783254701575258e-11
total cost: -7.779083000140637
singles alt: [(4, 0), (5, 1), (6, 0), (7, 1), (8, 0), (9, 1), (10, 0), (11, 1), (4, 2), (5, 3), (6, 2), (7, 3), (8, 2), (9, 3), (10, 2), (11, 3)]
length: 16 76
Estimated difference between T3^fnT3 - (T2^WT3 + h.c.) is: -3.283786640680472e-06 1.0783254701511539e-11
total cost: -7.779083000140637
singles alt: [(4, 0), (5, 1), (6, 0), (7, 1), (8, 0), (9, 1), (10, 0), (11, 1), (4, 2), (5, 3), (6, 2), (7, 3), (8, 2), (9, 3), (10, 2), (11, 3)]
length: 16 76
Estimated difference between T3^fnT3 - (T2^WT3 + h.c.) is: -3.283786444054665e-06 1.0783253410157183e-11
total cost: -7.779083000140662
singles alt: [(4, 0), (5, 1), (6, 0), (7, 1), (8, 0), (9, 1), (10, 0), (11, 1), (4, 2), (5, 3), (6, 2), (7, 3), (8, 2), (9, 3), (10, 2), (11, 3)]
length: 16 76
Estimated difference between T3^fnT3 - (T2^WT3 + h.c.) is: -3.283786486978918e-06 1.0783253692065346e-11
total cost: -7.779083000140804
singles alt: [(4, 0), (5, 1), (6, 0), (7, 1), (8, 0), (9, 1), (10, 0), (11, 1), (4, 2), (5, 3), (6, 2), (7, 3), (8, 2), (9, 3), (10, 2), (11, 3)]
length: 16 76
Estimated difference between T3^fnT3 - (T2^WT3 + h.c.) is: -3.2837864869793608e-06 1.0783253692068252e-11
total cost: -7.779083000140763
singles alt: [(4, 0), (5, 1), (6, 0), (7, 1), (8, 0), (9, 1), (10, 0), (11, 1), (4, 2), (5, 3), (6, 2), (7, 3), (8, 2), (9, 3), (10, 2), (11, 3)]
length: 16 76
Estimated difference between T3^fnT3 - (T2^WT3 + h.c.) is: -3.2837864869815046e-06 1.0783253692082332e-11
total cost: -7.779083000140757
singles alt: [(4, 0), (5, 1), (6, 0), (7, 1), (8, 0), (9, 1), (10, 0), (11, 1), (4, 2), (5, 3), (6, 2), (7, 3), (8, 2), (9, 3), (10, 2), (11, 3)]
length: 16 76
Estimated difference between T3^fnT3 - (T2^WT3 + h.c.) is: -3.2837864869808406e-06 1.078325369207797e-11
total cost: -7.779083000140764
singles alt: [(4, 0), (5, 1), (6, 0), (7, 1), (8, 0), (9, 1), (10, 0), (11, 1), (4, 2), (5, 3), (6, 2), (7, 3), (8, 2), (9, 3), (10, 2), (11, 3)]
length: 16 76
Estimated difference between T3^fnT3 - (T2^WT3 + h.c.) is: -3.283786486976352e-06 1.0783253692048492e-11
total cost: -7.779083000140777
singles alt: [(4, 0), (5, 1), (6, 0), (7, 1), (8, 0), (9, 1), (10, 0), (11, 1), (4, 2), (5, 3), (6, 2), (7, 3), (8, 2), (9, 3), (10, 2), (11, 3)]
length: 16 76
Estimated difference between T3^fnT3 - (T2^WT3 + h.c.) is: -3.2837864869766477e-06 1.0783253692050434e-11
total cost: -7.7790830001407665
singles alt: [(4, 0), (5, 1), (6, 0), (7, 1), (8, 0), (9, 1), (10, 0), (11, 1), (4, 2), (5, 3), (6, 2), (7, 3), (8, 2), (9, 3), (10, 2), (11, 3)]
length: 16 76
Estimated difference between T3^fnT3 - (T2^WT3 + h.c.) is: -3.2837864869742426e-06 1.0783253692034638e-11
total cost: -7.779083000140767
singles alt: [(4, 0), (5, 1), (6, 0), (7, 1), (8, 0), (9, 1), (10, 0), (11, 1), (4, 2), (5, 3), (6, 2), (7, 3), (8, 2), (9, 3), (10, 2), (11, 3)]
length: 16 76
Estimated difference between T3^fnT3 - (T2^WT3 + h.c.) is: -3.2837864869802455e-06 1.0783253692074062e-11
total cost: -7.779083000140762
singles alt: [(4, 0), (5, 1), (6, 0), (7, 1), (8, 0), (9, 1), (10, 0), (11, 1), (4, 2), (5, 3), (6, 2), (7, 3), (8, 2), (9, 3), (10, 2), (11, 3)]
length: 16 76
Estimated difference between T3^fnT3 - (T2^WT3 + h.c.) is: -3.28378643841257e-06 1.0783253373102312e-11
total cost: -7.779083000140765
singles alt: [(4, 0), (5, 1), (6, 0), (7, 1), (8, 0), (9, 1), (10, 0), (11, 1), (4, 2), (5, 3), (6, 2), (7, 3), (8, 2), (9, 3), (10, 2), (11, 3)]
length: 16 76
Estimated difference between T3^fnT3 - (T2^WT3 + h.c.) is: -3.283786640677494e-06 1.078325470149198e-11
total cost: -7.779083000140633
singles alt: [(4, 0), (5, 1), (6, 0), (7, 1), (8, 0), (9, 1), (10, 0), (11, 1), (4, 2), (5, 3), (6, 2), (7, 3), (8, 2), (9, 3), (10, 2), (11, 3)]
length: 16 76
Estimated difference between T3^fnT3 - (T2^WT3 + h.c.) is: -3.2837866406620812e-06 1.0783254701390756e-11
total cost: -7.779083000140639
singles alt: [(4, 0), (5, 1), (6, 0), (7, 1), (8, 0), (9, 1), (10, 0), (11, 1), (4, 2), (5, 3), (6, 2), (7, 3), (8, 2), (9, 3), (10, 2), (11, 3)]
length: 16 76
Estimated difference between T3^fnT3 - (T2^WT3 + h.c.) is: -3.2837864440548896e-06 1.0783253410158656e-11
total cost: -7.779083000140672
singles alt: [(4, 0), (5, 1), (6, 0), (7, 1), (8, 0), (9, 1), (10, 0), (11, 1), (4, 2), (5, 3), (6, 2), (7, 3), (8, 2), (9, 3), (10, 2), (11, 3)]
length: 16 76
Estimated difference between T3^fnT3 - (T2^WT3 + h.c.) is: -3.283786735009915e-06 1.0783255321027077e-11
total cost: -7.7790829999661755
singles alt: [(4, 0), (5, 1), (6, 0), (7, 1), (8, 0), (9, 1), (10, 0), (11, 1), (4, 2), (5, 3), (6, 2), (7, 3), (8, 2), (9, 3), (10, 2), (11, 3)]
length: 16 76
Estimated difference between T3^fnT3 - (T2^WT3 + h.c.) is: -3.283785956450664e-06 1.0783250207782603e-11
total cost: -7.779083000848121
singles alt: [(4, 0), (5, 1), (6, 0), (7, 1), (8, 0), (9, 1), (10, 0), (11, 1), (4, 2), (5, 3), (6, 2), (7, 3), (8, 2), (9, 3), (10, 2), (11, 3)]
length: 16 76
Estimated difference between T3^fnT3 - (T2^WT3 + h.c.) is: -3.2837857241751284e-06 1.0783248682296372e-11
total cost: -7.779083000847619
singles alt: [(4, 0), (5, 1), (6, 0), (7, 1), (8, 0), (9, 1), (10, 0), (11, 1), (4, 2), (5, 3), (6, 2), (7, 3), (8, 2), (9, 3), (10, 2), (11, 3)]
length: 16 76
Estimated difference between T3^fnT3 - (T2^WT3 + h.c.) is: -3.2837867076796008e-06 1.0783255141533232e-11
total cost: -7.779082999970206
singles alt: [(4, 0), (5, 1), (6, 0), (7, 1), (8, 0), (9, 1), (10, 0), (11, 1), (4, 2), (5, 3), (6, 2), (7, 3), (8, 2), (9, 3), (10, 2), (11, 3)]
length: 16 76
Estimated difference between T3^fnT3 - (T2^WT3 + h.c.) is: -3.283786486979829e-06 1.0783253692071328e-11
total cost: -7.779083000140803
singles alt: [(4, 0), (5, 1), (6, 0), (7, 1), (8, 0), (9, 1), (10, 0), (11, 1), (4, 2), (5, 3), (6, 2), (7, 3), (8, 2), (9, 3), (10, 2), (11, 3)]
length: 16 76
Estimated difference between T3^fnT3 - (T2^WT3 + h.c.) is: -3.283786486981333e-06 1.0783253692081204e-11
total cost: -7.779083000140761
singles alt: [(4, 0), (5, 1), (6, 0), (7, 1), (8, 0), (9, 1), (10, 0), (11, 1), (4, 2), (5, 3), (6, 2), (7, 3), (8, 2), (9, 3), (10, 2), (11, 3)]
length: 16 76
Estimated difference between T3^fnT3 - (T2^WT3 + h.c.) is: -3.283786486979682e-06 1.078325369207036e-11
total cost: -7.77908300014076
singles alt: [(4, 0), (5, 1), (6, 0), (7, 1), (8, 0), (9, 1), (10, 0), (11, 1), (4, 2), (5, 3), (6, 2), (7, 3), (8, 2), (9, 3), (10, 2), (11, 3)]
length: 16 76
Estimated difference between T3^fnT3 - (T2^WT3 + h.c.) is: -3.2837864869805136e-06 1.0783253692075823e-11
total cost: -7.779083000140765
singles alt: [(4, 0), (5, 1), (6, 0), (7, 1), (8, 0), (9, 1), (10, 0), (11, 1), (4, 2), (5, 3), (6, 2), (7, 3), (8, 2), (9, 3), (10, 2), (11, 3)]
length: 16 76
Estimated difference between T3^fnT3 - (T2^WT3 + h.c.) is: -3.2837865621640944e-06 1.0783254185849481e-11
total cost: -7.779082999249521
singles alt: [(4, 0), (5, 1), (6, 0), (7, 1), (8, 0), (9, 1), (10, 0), (11, 1), (4, 2), (5, 3), (6, 2), (7, 3), (8, 2), (9, 3), (10, 2), (11, 3)]
length: 16 76
Estimated difference between T3^fnT3 - (T2^WT3 + h.c.) is: -3.2837865354370552e-06 1.0783254010317698e-11
total cost: -7.77908299986601
singles alt: [(4, 0), (5, 1), (6, 0), (7, 1), (8, 0), (9, 1), (10, 0), (11, 1), (4, 2), (5, 3), (6, 2), (7, 3), (8, 2), (9, 3), (10, 2), (11, 3)]
length: 16 76
Estimated difference between T3^fnT3 - (T2^WT3 + h.c.) is: -3.283786977339259e-06 1.0783256912542908e-11
total cost: -7.779082998917973
singles alt: [(4, 0), (5, 1), (6, 0), (7, 1), (8, 0), (9, 1), (10, 0), (11, 1), (4, 2), (5, 3), (6, 2), (7, 3), (8, 2), (9, 3), (10, 2), (11, 3)]
length: 16 76
Estimated difference between T3^fnT3 - (T2^WT3 + h.c.) is: -3.2837863112265074e-06 1.0783252537798592e-11
total cost: -7.779083000423089
singles alt: [(4, 0), (5, 1), (6, 0), (7, 1), (8, 0), (9, 1), (10, 0), (11, 1), (4, 2), (5, 3), (6, 2), (7, 3), (8, 2), (9, 3), (10, 2), (11, 3)]
length: 16 76
Estimated difference between T3^fnT3 - (T2^WT3 + h.c.) is: -3.2837864869799423e-06 1.078325369207207e-11
total cost: -7.779083000140805
singles alt: [(4, 0), (5, 1), (6, 0), (7, 1), (8, 0), (9, 1), (10, 0), (11, 1), (4, 2), (5, 3), (6, 2), (7, 3), (8, 2), (9, 3), (10, 2), (11, 3)]
length: 16 76
Estimated difference between T3^fnT3 - (T2^WT3 + h.c.) is: -3.283786486981858e-06 1.0783253692084652e-11
total cost: -7.7790830001407585
singles alt: [(4, 0), (5, 1), (6, 0), (7, 1), (8, 0), (9, 1), (10, 0), (11, 1), (4, 2), (5, 3), (6, 2), (7, 3), (8, 2), (9, 3), (10, 2), (11, 3)]
length: 16 76
Estimated difference between T3^fnT3 - (T2^WT3 + h.c.) is: -3.2837864869811095e-06 1.0783253692079736e-11
total cost: -7.77908300014076
singles alt: [(4, 0), (5, 1), (6, 0), (7, 1), (8, 0), (9, 1), (10, 0), (11, 1), (4, 2), (5, 3), (6, 2), (7, 3), (8, 2), (9, 3), (10, 2), (11, 3)]
length: 16 76
Estimated difference between T3^fnT3 - (T2^WT3 + h.c.) is: -3.283786486980727e-06 1.0783253692077225e-11
total cost: -7.779083000140762
singles alt: [(4, 0), (5, 1), (6, 0), (7, 1), (8, 0), (9, 1), (10, 0), (11, 1), (4, 2), (5, 3), (6, 2), (7, 3), (8, 2), (9, 3), (10, 2), (11, 3)]
length: 16 76
Estimated difference between T3^fnT3 - (T2^WT3 + h.c.) is: -3.283786486979222e-06 1.078325369206734e-11
total cost: -7.779083000140804
singles alt: [(4, 0), (5, 1), (6, 0), (7, 1), (8, 0), (9, 1), (10, 0), (11, 1), (4, 2), (5, 3), (6, 2), (7, 3), (8, 2), (9, 3), (10, 2), (11, 3)]
length: 16 76
Estimated difference between T3^fnT3 - (T2^WT3 + h.c.) is: -3.2837864869807855e-06 1.0783253692077608e-11
total cost: -7.77908300014076
singles alt: [(4, 0), (5, 1), (6, 0), (7, 1), (8, 0), (9, 1), (10, 0), (11, 1), (4, 2), (5, 3), (6, 2), (7, 3), (8, 2), (9, 3), (10, 2), (11, 3)]
length: 16 76
Estimated difference between T3^fnT3 - (T2^WT3 + h.c.) is: -3.2837864869797923e-06 1.0783253692071086e-11
total cost: -7.77908300014076
singles alt: [(4, 0), (5, 1), (6, 0), (7, 1), (8, 0), (9, 1), (10, 0), (11, 1), (4, 2), (5, 3), (6, 2), (7, 3), (8, 2), (9, 3), (10, 2), (11, 3)]
length: 16 76
Estimated difference between T3^fnT3 - (T2^WT3 + h.c.) is: -3.2837864869809524e-06 1.0783253692078705e-11
total cost: -7.779083000140763
singles alt: [(4, 0), (5, 1), (6, 0), (7, 1), (8, 0), (9, 1), (10, 0), (11, 1), (4, 2), (5, 3), (6, 2), (7, 3), (8, 2), (9, 3), (10, 2), (11, 3)]
length: 16 76
Estimated difference between T3^fnT3 - (T2^WT3 + h.c.) is: -3.283786724456724e-06 1.078325525171822e-11
total cost: -7.779082998067231
singles alt: [(4, 0), (5, 1), (6, 0), (7, 1), (8, 0), (9, 1), (10, 0), (11, 1), (4, 2), (5, 3), (6, 2), (7, 3), (8, 2), (9, 3), (10, 2), (11, 3)]
length: 16 76
Estimated difference between T3^fnT3 - (T2^WT3 + h.c.) is: -3.2837864300146654e-06 1.0783253317948462e-11
total cost: -7.779083001271057
singles alt: [(4, 0), (5, 1), (6, 0), (7, 1), (8, 0), (9, 1), (10, 0), (11, 1), (4, 2), (5, 3), (6, 2), (7, 3), (8, 2), (9, 3), (10, 2), (11, 3)]
length: 16 76
Estimated difference between T3^fnT3 - (T2^WT3 + h.c.) is: -3.283786429717651e-06 1.0783253315997795e-11
total cost: -7.779083001271124
singles alt: [(4, 0), (5, 1), (6, 0), (7, 1), (8, 0), (9, 1), (10, 0), (11, 1), (4, 2), (5, 3), (6, 2), (7, 3), (8, 2), (9, 3), (10, 2), (11, 3)]
length: 16 76
Estimated difference between T3^fnT3 - (T2^WT3 + h.c.) is: -3.2837866476647737e-06 1.0783254747381452e-11
total cost: -7.7790829998626005
singles alt: [(4, 0), (5, 1), (6, 0), (7, 1), (8, 0), (9, 1), (10, 0), (11, 1), (4, 2), (5, 3), (6, 2), (7, 3), (8, 2), (9, 3), (10, 2), (11, 3)]
length: 16 76
Estimated difference between T3^fnT3 - (T2^WT3 + h.c.) is: -3.28378648697441e-06 1.0783253692035737e-11
total cost: -7.7790830001407665
singles alt: [(4, 0), (5, 1), (6, 0), (7, 1), (8, 0), (9, 1), (10, 0), (11, 1), (4, 2), (5, 3), (6, 2), (7, 3), (8, 2), (9, 3), (10, 2), (11, 3)]
length: 16 76
Estimated difference between T3^fnT3 - (T2^WT3 + h.c.) is: -3.2837864869808694e-06 1.0783253692078159e-11
total cost: -7.779083000140761
singles alt: [(4, 0), (5, 1), (6, 0), (7, 1), (8, 0), (9, 1), (10, 0), (11, 1), (4, 2), (5, 3), (6, 2), (7, 3), (8, 2), (9, 3), (10, 2), (11, 3)]
length: 16 76
Estimated difference between T3^fnT3 - (T2^WT3 + h.c.) is: -3.283786486978822e-06 1.0783253692064714e-11
total cost: -7.779083000140763
singles alt: [(4, 0), (5, 1), (6, 0), (7, 1), (8, 0), (9, 1), (10, 0), (11, 1), (4, 2), (5, 3), (6, 2), (7, 3), (8, 2), (9, 3), (10, 2), (11, 3)]
length: 16 76
Estimated difference between T3^fnT3 - (T2^WT3 + h.c.) is: -3.283786486980594e-06 1.0783253692076351e-11
total cost: -7.779083000140762
singles alt: [(4, 0), (5, 1), (6, 0), (7, 1), (8, 0), (9, 1), (10, 0), (11, 1), (4, 2), (5, 3), (6, 2), (7, 3), (8, 2), (9, 3), (10, 2), (11, 3)]
length: 16 76
Estimated difference between T3^fnT3 - (T2^WT3 + h.c.) is: -3.2837869007235725e-06 1.0783256409363726e-11
total cost: -7.779082999213551
singles alt: [(4, 0), (5, 1), (6, 0), (7, 1), (8, 0), (9, 1), (10, 0), (11, 1), (4, 2), (5, 3), (6, 2), (7, 3), (8, 2), (9, 3), (10, 2), (11, 3)]
length: 16 76
Estimated difference between T3^fnT3 - (T2^WT3 + h.c.) is: -3.2837869021844227e-06 1.0783256418957968e-11
total cost: -7.7790829992137756
singles alt: [(4, 0), (5, 1), (6, 0), (7, 1), (8, 0), (9, 1), (10, 0), (11, 1), (4, 2), (5, 3), (6, 2), (7, 3), (8, 2), (9, 3), (10, 2), (11, 3)]
length: 16 76
Estimated difference between T3^fnT3 - (T2^WT3 + h.c.) is: -3.2837861540763077e-06 1.0783251505703268e-11
total cost: -7.7790830001411875
singles alt: [(4, 0), (5, 1), (6, 0), (7, 1), (8, 0), (9, 1), (10, 0), (11, 1), (4, 2), (5, 3), (6, 2), (7, 3), (8, 2), (9, 3), (10, 2), (11, 3)]
length: 16 76
Estimated difference between T3^fnT3 - (T2^WT3 + h.c.) is: -3.28378681974841e-06 1.0783255877553376e-11
total cost: -7.779083000140327
singles alt: [(4, 0), (5, 1), (6, 0), (7, 1), (8, 0), (9, 1), (10, 0), (11, 1), (4, 2), (5, 3), (6, 2), (7, 3), (8, 2), (9, 3), (10, 2), (11, 3)]
length: 16 76
Estimated difference between T3^fnT3 - (T2^WT3 + h.c.) is: -3.2837864869822424e-06 1.0783253692087177e-11
total cost: -7.779083000140762
singles alt: [(4, 0), (5, 1), (6, 0), (7, 1), (8, 0), (9, 1), (10, 0), (11, 1), (4, 2), (5, 3), (6, 2), (7, 3), (8, 2), (9, 3), (10, 2), (11, 3)]
length: 16 76
Estimated difference between T3^fnT3 - (T2^WT3 + h.c.) is: -3.2837864869806695e-06 1.0783253692076847e-11
total cost: -7.779083000140762
singles alt: [(4, 0), (5, 1), (6, 0), (7, 1), (8, 0), (9, 1), (10, 0), (11, 1), (4, 2), (5, 3), (6, 2), (7, 3), (8, 2), (9, 3), (10, 2), (11, 3)]
length: 16 76
Estimated difference between T3^fnT3 - (T2^WT3 + h.c.) is: -3.283786486979809e-06 1.0783253692071194e-11
total cost: -7.779083000140768
singles alt: [(4, 0), (5, 1), (6, 0), (7, 1), (8, 0), (9, 1), (10, 0), (11, 1), (4, 2), (5, 3), (6, 2), (7, 3), (8, 2), (9, 3), (10, 2), (11, 3)]
length: 16 76
Estimated difference between T3^fnT3 - (T2^WT3 + h.c.) is: -3.2837864869803463e-06 1.0783253692074724e-11
total cost: -7.779083000140767
singles alt: [(4, 0), (5, 1), (6, 0), (7, 1), (8, 0), (9, 1), (10, 0), (11, 1), (4, 2), (5, 3), (6, 2), (7, 3), (8, 2), (9, 3), (10, 2), (11, 3)]
length: 16 76
Estimated difference between T3^fnT3 - (T2^WT3 + h.c.) is: -3.2837864869809058e-06 1.0783253692078398e-11
total cost: -7.779083000091788
singles alt: [(4, 0), (5, 1), (6, 0), (7, 1), (8, 0), (9, 1), (10, 0), (11, 1), (4, 2), (5, 3), (6, 2), (7, 3), (8, 2), (9, 3), (10, 2), (11, 3)]
length: 16 76
Estimated difference between T3^fnT3 - (T2^WT3 + h.c.) is: -3.2837864869809058e-06 1.0783253692078398e-11
total cost: -7.7790830000919415
singles alt: [(4, 0), (5, 1), (6, 0), (7, 1), (8, 0), (9, 1), (10, 0), (11, 1), (4, 2), (5, 3), (6, 2), (7, 3), (8, 2), (9, 3), (10, 2), (11, 3)]
length: 16 76
Estimated difference between T3^fnT3 - (T2^WT3 + h.c.) is: -3.2837864869809058e-06 1.0783253692078398e-11
total cost: -7.779083000140763
singles alt: [(4, 0), (5, 1), (6, 0), (7, 1), (8, 0), (9, 1), (10, 0), (11, 1), (4, 2), (5, 3), (6, 2), (7, 3), (8, 2), (9, 3), (10, 2), (11, 3)]
length: 16 76
Estimated difference between T3^fnT3 - (T2^WT3 + h.c.) is: -3.2837864869809058e-06 1.0783253692078398e-11
total cost: -7.779083000140758
singles alt: [(4, 0), (5, 1), (6, 0), (7, 1), (8, 0), (9, 1), (10, 0), (11, 1), (4, 2), (5, 3), (6, 2), (7, 3), (8, 2), (9, 3), (10, 2), (11, 3)]
length: 16 76
Estimated difference between T3^fnT3 - (T2^WT3 + h.c.) is: -3.2837864869809058e-06 1.0783253692078398e-11
total cost: -7.7790830001407665
singles alt: [(4, 0), (5, 1), (6, 0), (7, 1), (8, 0), (9, 1), (10, 0), (11, 1), (4, 2), (5, 3), (6, 2), (7, 3), (8, 2), (9, 3), (10, 2), (11, 3)]
length: 16 76
Estimated difference between T3^fnT3 - (T2^WT3 + h.c.) is: -3.2837864869809058e-06 1.0783253692078398e-11
total cost: -7.779083000140766
singles alt: [(4, 0), (5, 1), (6, 0), (7, 1), (8, 0), (9, 1), (10, 0), (11, 1), (4, 2), (5, 3), (6, 2), (7, 3), (8, 2), (9, 3), (10, 2), (11, 3)]
length: 16 76
Estimated difference between T3^fnT3 - (T2^WT3 + h.c.) is: -3.2837864869809058e-06 1.0783253692078398e-11
total cost: -7.779083000311242
singles alt: [(4, 0), (5, 1), (6, 0), (7, 1), (8, 0), (9, 1), (10, 0), (11, 1), (4, 2), (5, 3), (6, 2), (7, 3), (8, 2), (9, 3), (10, 2), (11, 3)]
length: 16 76
Estimated difference between T3^fnT3 - (T2^WT3 + h.c.) is: -3.2837864869809058e-06 1.0783253692078398e-11
total cost: -7.779083000311194
singles alt: [(4, 0), (5, 1), (6, 0), (7, 1), (8, 0), (9, 1), (10, 0), (11, 1), (4, 2), (5, 3), (6, 2), (7, 3), (8, 2), (9, 3), (10, 2), (11, 3)]
length: 16 76
Estimated difference between T3^fnT3 - (T2^WT3 + h.c.) is: -3.2837864869809058e-06 1.0783253692078398e-11
total cost: -7.779083000292471
singles alt: [(4, 0), (5, 1), (6, 0), (7, 1), (8, 0), (9, 1), (10, 0), (11, 1), (4, 2), (5, 3), (6, 2), (7, 3), (8, 2), (9, 3), (10, 2), (11, 3)]
length: 16 76
Estimated difference between T3^fnT3 - (T2^WT3 + h.c.) is: -3.2837864869809058e-06 1.0783253692078398e-11
total cost: -7.779083000292039
singles alt: [(4, 0), (5, 1), (6, 0), (7, 1), (8, 0), (9, 1), (10, 0), (11, 1), (4, 2), (5, 3), (6, 2), (7, 3), (8, 2), (9, 3), (10, 2), (11, 3)]
length: 16 76
Estimated difference between T3^fnT3 - (T2^WT3 + h.c.) is: -3.2837864869809058e-06 1.0783253692078398e-11
total cost: -7.779083000140762
singles alt: [(4, 0), (5, 1), (6, 0), (7, 1), (8, 0), (9, 1), (10, 0), (11, 1), (4, 2), (5, 3), (6, 2), (7, 3), (8, 2), (9, 3), (10, 2), (11, 3)]
length: 16 76
Estimated difference between T3^fnT3 - (T2^WT3 + h.c.) is: -3.2837864869809058e-06 1.0783253692078398e-11
total cost: -7.779083000140762
singles alt: [(4, 0), (5, 1), (6, 0), (7, 1), (8, 0), (9, 1), (10, 0), (11, 1), (4, 2), (5, 3), (6, 2), (7, 3), (8, 2), (9, 3), (10, 2), (11, 3)]
length: 16 76
Estimated difference between T3^fnT3 - (T2^WT3 + h.c.) is: -3.2837864869809058e-06 1.0783253692078398e-11
total cost: -7.779083000140763
singles alt: [(4, 0), (5, 1), (6, 0), (7, 1), (8, 0), (9, 1), (10, 0), (11, 1), (4, 2), (5, 3), (6, 2), (7, 3), (8, 2), (9, 3), (10, 2), (11, 3)]
length: 16 76
Estimated difference between T3^fnT3 - (T2^WT3 + h.c.) is: -3.2837864869809058e-06 1.0783253692078398e-11
total cost: -7.779083000140762
singles alt: [(4, 0), (5, 1), (6, 0), (7, 1), (8, 0), (9, 1), (10, 0), (11, 1), (4, 2), (5, 3), (6, 2), (7, 3), (8, 2), (9, 3), (10, 2), (11, 3)]
length: 16 76
Estimated difference between T3^fnT3 - (T2^WT3 + h.c.) is: -3.2837864869809058e-06 1.0783253692078398e-11
total cost: -7.7790830001646105
singles alt: [(4, 0), (5, 1), (6, 0), (7, 1), (8, 0), (9, 1), (10, 0), (11, 1), (4, 2), (5, 3), (6, 2), (7, 3), (8, 2), (9, 3), (10, 2), (11, 3)]
length: 16 76
Estimated difference between T3^fnT3 - (T2^WT3 + h.c.) is: -3.2837864869809058e-06 1.0783253692078398e-11
total cost: -7.779083000164528
singles alt: [(4, 0), (5, 1), (6, 0), (7, 1), (8, 0), (9, 1), (10, 0), (11, 1), (4, 2), (5, 3), (6, 2), (7, 3), (8, 2), (9, 3), (10, 2), (11, 3)]
length: 16 76
Estimated difference between T3^fnT3 - (T2^WT3 + h.c.) is: -1.2202310426591186e-06 1.4889637974689597e-12
total cost: -7.78400358542741
singles alt: [(4, 0), (5, 1), (6, 0), (7, 1), (8, 0), (9, 1), (10, 0), (11, 1), (4, 2), (5, 3), (6, 2), (7, 3), (8, 2), (9, 3), (10, 2), (11, 3)]
length: 16 76
Estimated difference between T3^fnT3 - (T2^WT3 + h.c.) is: -1.220231271860947e-06 1.4889643568273842e-12
total cost: -7.784003585547043
singles alt: [(4, 0), (5, 1), (6, 0), (7, 1), (8, 0), (9, 1), (10, 0), (11, 1), (4, 2), (5, 3), (6, 2), (7, 3), (8, 2), (9, 3), (10, 2), (11, 3)]
length: 16 76
Estimated difference between T3^fnT3 - (T2^WT3 + h.c.) is: -1.2202310673740334e-06 1.4889638577847728e-12
total cost: -7.784003585432285
singles alt: [(4, 0), (5, 1), (6, 0), (7, 1), (8, 0), (9, 1), (10, 0), (11, 1), (4, 2), (5, 3), (6, 2), (7, 3), (8, 2), (9, 3), (10, 2), (11, 3)]
length: 16 76
Estimated difference between T3^fnT3 - (T2^WT3 + h.c.) is: -1.2202310674092934e-06 1.4889638578708236e-12
total cost: -7.784003585432292
singles alt: [(4, 0), (5, 1), (6, 0), (7, 1), (8, 0), (9, 1), (10, 0), (11, 1), (4, 2), (5, 3), (6, 2), (7, 3), (8, 2), (9, 3), (10, 2), (11, 3)]
length: 16 76
Estimated difference between T3^fnT3 - (T2^WT3 + h.c.) is: -1.2202310926299885e-06 1.4889639194209755e-12
total cost: -7.7840035855244505
singles alt: [(4, 0), (5, 1), (6, 0), (7, 1), (8, 0), (9, 1), (10, 0), (11, 1), (4, 2), (5, 3), (6, 2), (7, 3), (8, 2), (9, 3), (10, 2), (11, 3)]
length: 16 76
Estimated difference between T3^fnT3 - (T2^WT3 + h.c.) is: -1.220231042658302e-06 1.488963797466967e-12
total cost: -7.784003585427412
singles alt: [(4, 0), (5, 1), (6, 0), (7, 1), (8, 0), (9, 1), (10, 0), (11, 1), (4, 2), (5, 3), (6, 2), (7, 3), (8, 2), (9, 3), (10, 2), (11, 3)]
length: 16 76
Estimated difference between T3^fnT3 - (T2^WT3 + h.c.) is: -1.220231042657619e-06 1.4889637974652998e-12
total cost: -7.784003585427411
singles alt: [(4, 0), (5, 1), (6, 0), (7, 1), (8, 0), (9, 1), (10, 0), (11, 1), (4, 2), (5, 3), (6, 2), (7, 3), (8, 2), (9, 3), (10, 2), (11, 3)]
length: 16 76
Estimated difference between T3^fnT3 - (T2^WT3 + h.c.) is: -1.220231042658452e-06 1.4889637974673328e-12
total cost: -7.78400358542741
singles alt: [(4, 0), (5, 1), (6, 0), (7, 1), (8, 0), (9, 1), (10, 0), (11, 1), (4, 2), (5, 3), (6, 2), (7, 3), (8, 2), (9, 3), (10, 2), (11, 3)]
length: 16 76
Estimated difference between T3^fnT3 - (T2^WT3 + h.c.) is: -1.2202310426590422e-06 1.4889637974687731e-12
total cost: -7.784003585427409
singles alt: [(4, 0), (5, 1), (6, 0), (7, 1), (8, 0), (9, 1), (10, 0), (11, 1), (4, 2), (5, 3), (6, 2), (7, 3), (8, 2), (9, 3), (10, 2), (11, 3)]
length: 16 76
Estimated difference between T3^fnT3 - (T2^WT3 + h.c.) is: -1.2202310426581204e-06 1.4889637974665236e-12
total cost: -7.784003585427412
singles alt: [(4, 0), (5, 1), (6, 0), (7, 1), (8, 0), (9, 1), (10, 0), (11, 1), (4, 2), (5, 3), (6, 2), (7, 3), (8, 2), (9, 3), (10, 2), (11, 3)]
length: 16 76
Estimated difference between T3^fnT3 - (T2^WT3 + h.c.) is: -1.220231042657673e-06 1.4889637974654317e-12
total cost: -7.784003585427412
singles alt: [(4, 0), (5, 1), (6, 0), (7, 1), (8, 0), (9, 1), (10, 0), (11, 1), (4, 2), (5, 3), (6, 2), (7, 3), (8, 2), (9, 3), (10, 2), (11, 3)]
length: 16 76
Estimated difference between T3^fnT3 - (T2^WT3 + h.c.) is: -1.220231042657926e-06 1.4889637974660492e-12
total cost: -7.784003585427412
singles alt: [(4, 0), (5, 1), (6, 0), (7, 1), (8, 0), (9, 1), (10, 0), (11, 1), (4, 2), (5, 3), (6, 2), (7, 3), (8, 2), (9, 3), (10, 2), (11, 3)]
length: 16 76
Estimated difference between T3^fnT3 - (T2^WT3 + h.c.) is: -1.2202310426589801e-06 1.4889637974686219e-12
total cost: -7.78400358542741
singles alt: [(4, 0), (5, 1), (6, 0), (7, 1), (8, 0), (9, 1), (10, 0), (11, 1), (4, 2), (5, 3), (6, 2), (7, 3), (8, 2), (9, 3), (10, 2), (11, 3)]
length: 16 76
Estimated difference between T3^fnT3 - (T2^WT3 + h.c.) is: -1.2202310984865227e-06 1.488963933713626e-12
total cost: -7.7840035853698435
singles alt: [(4, 0), (5, 1), (6, 0), (7, 1), (8, 0), (9, 1), (10, 0), (11, 1), (4, 2), (5, 3), (6, 2), (7, 3), (8, 2), (9, 3), (10, 2), (11, 3)]
length: 16 76
Estimated difference between T3^fnT3 - (T2^WT3 + h.c.) is: -1.2202309098724937e-06 1.4889634734082538e-12
total cost: -7.784003585333315
singles alt: [(4, 0), (5, 1), (6, 0), (7, 1), (8, 0), (9, 1), (10, 0), (11, 1), (4, 2), (5, 3), (6, 2), (7, 3), (8, 2), (9, 3), (10, 2), (11, 3)]
length: 16 76
Estimated difference between T3^fnT3 - (T2^WT3 + h.c.) is: -1.220231012179996e-06 1.4889637230858175e-12
total cost: -7.7840035854084055
singles alt: [(4, 0), (5, 1), (6, 0), (7, 1), (8, 0), (9, 1), (10, 0), (11, 1), (4, 2), (5, 3), (6, 2), (7, 3), (8, 2), (9, 3), (10, 2), (11, 3)]
length: 16 76
Estimated difference between T3^fnT3 - (T2^WT3 + h.c.) is: -1.220230933630228e-06 1.4889635313880977e-12
total cost: -7.7840035852795735
singles alt: [(4, 0), (5, 1), (6, 0), (7, 1), (8, 0), (9, 1), (10, 0), (11, 1), (4, 2), (5, 3), (6, 2), (7, 3), (8, 2), (9, 3), (10, 2), (11, 3)]
length: 16 76
Estimated difference between T3^fnT3 - (T2^WT3 + h.c.) is: -1.2202310426580365e-06 1.488963797466319e-12
total cost: -7.7840035854274126
singles alt: [(4, 0), (5, 1), (6, 0), (7, 1), (8, 0), (9, 1), (10, 0), (11, 1), (4, 2), (5, 3), (6, 2), (7, 3), (8, 2), (9, 3), (10, 2), (11, 3)]
length: 16 76
Estimated difference between T3^fnT3 - (T2^WT3 + h.c.) is: -1.2202310426577913e-06 1.4889637974657205e-12
total cost: -7.784003585427412
singles alt: [(4, 0), (5, 1), (6, 0), (7, 1), (8, 0), (9, 1), (10, 0), (11, 1), (4, 2), (5, 3), (6, 2), (7, 3), (8, 2), (9, 3), (10, 2), (11, 3)]
length: 16 76
Estimated difference between T3^fnT3 - (T2^WT3 + h.c.) is: -1.2202310426572683e-06 1.4889637974644442e-12
total cost: -7.784003585427412
singles alt: [(4, 0), (5, 1), (6, 0), (7, 1), (8, 0), (9, 1), (10, 0), (11, 1), (4, 2), (5, 3), (6, 2), (7, 3), (8, 2), (9, 3), (10, 2), (11, 3)]
length: 16 76
Estimated difference between T3^fnT3 - (T2^WT3 + h.c.) is: -1.2202310426589734e-06 1.4889637974686053e-12
total cost: -7.78400358542741
singles alt: [(4, 0), (5, 1), (6, 0), (7, 1), (8, 0), (9, 1), (10, 0), (11, 1), (4, 2), (5, 3), (6, 2), (7, 3), (8, 2), (9, 3), (10, 2), (11, 3)]
length: 16 76
Estimated difference between T3^fnT3 - (T2^WT3 + h.c.) is: -1.220231208340563e-06 1.4889642018082705e-12
total cost: -7.784003585453346
singles alt: [(4, 0), (5, 1), (6, 0), (7, 1), (8, 0), (9, 1), (10, 0), (11, 1), (4, 2), (5, 3), (6, 2), (7, 3), (8, 2), (9, 3), (10, 2), (11, 3)]
length: 16 76
Estimated difference between T3^fnT3 - (T2^WT3 + h.c.) is: -1.2202313458154578e-06 1.4889645373106032e-12
total cost: -7.784003585454633
singles alt: [(4, 0), (5, 1), (6, 0), (7, 1), (8, 0), (9, 1), (10, 0), (11, 1), (4, 2), (5, 3), (6, 2), (7, 3), (8, 2), (9, 3), (10, 2), (11, 3)]
length: 16 76
Estimated difference between T3^fnT3 - (T2^WT3 + h.c.) is: -1.2202312531293717e-06 1.4889643111136768e-12
total cost: -7.7840035854548
singles alt: [(4, 0), (5, 1), (6, 0), (7, 1), (8, 0), (9, 1), (10, 0), (11, 1), (4, 2), (5, 3), (6, 2), (7, 3), (8, 2), (9, 3), (10, 2), (11, 3)]
length: 16 76
Estimated difference between T3^fnT3 - (T2^WT3 + h.c.) is: -1.2202311875479693e-06 1.4889641510647274e-12
total cost: -7.784003585561674
singles alt: [(4, 0), (5, 1), (6, 0), (7, 1), (8, 0), (9, 1), (10, 0), (11, 1), (4, 2), (5, 3), (6, 2), (7, 3), (8, 2), (9, 3), (10, 2), (11, 3)]
length: 16 76
Estimated difference between T3^fnT3 - (T2^WT3 + h.c.) is: -1.2202310619758596e-06 1.488963844610734e-12
total cost: -7.784003585427404
singles alt: [(4, 0), (5, 1), (6, 0), (7, 1), (8, 0), (9, 1), (10, 0), (11, 1), (4, 2), (5, 3), (6, 2), (7, 3), (8, 2), (9, 3), (10, 2), (11, 3)]
length: 16 76
Estimated difference between T3^fnT3 - (T2^WT3 + h.c.) is: -1.2202311435664882e-06 1.4889640437295794e-12
total cost: -7.784003585427411
singles alt: [(4, 0), (5, 1), (6, 0), (7, 1), (8, 0), (9, 1), (10, 0), (11, 1), (4, 2), (5, 3), (6, 2), (7, 3), (8, 2), (9, 3), (10, 2), (11, 3)]
length: 16 76
Estimated difference between T3^fnT3 - (T2^WT3 + h.c.) is: -1.2202311435609651e-06 1.4889640437161006e-12
total cost: -7.784003585427412
singles alt: [(4, 0), (5, 1), (6, 0), (7, 1), (8, 0), (9, 1), (10, 0), (11, 1), (4, 2), (5, 3), (6, 2), (7, 3), (8, 2), (9, 3), (10, 2), (11, 3)]
length: 16 76
Estimated difference between T3^fnT3 - (T2^WT3 + h.c.) is: -1.2202310597300171e-06 1.4889638391298406e-12
total cost: -7.784003585427406
singles alt: [(4, 0), (5, 1), (6, 0), (7, 1), (8, 0), (9, 1), (10, 0), (11, 1), (4, 2), (5, 3), (6, 2), (7, 3), (8, 2), (9, 3), (10, 2), (11, 3)]
length: 16 76
Estimated difference between T3^fnT3 - (T2^WT3 + h.c.) is: -1.2202310426586837e-06 1.4889637974678983e-12
total cost: -7.784003585427416
singles alt: [(4, 0), (5, 1), (6, 0), (7, 1), (8, 0), (9, 1), (10, 0), (11, 1), (4, 2), (5, 3), (6, 2), (7, 3), (8, 2), (9, 3), (10, 2), (11, 3)]
length: 16 76
Estimated difference between T3^fnT3 - (T2^WT3 + h.c.) is: -1.220231042658574e-06 1.4889637974676305e-12
total cost: -7.784003585427411
singles alt: [(4, 0), (5, 1), (6, 0), (7, 1), (8, 0), (9, 1), (10, 0), (11, 1), (4, 2), (5, 3), (6, 2), (7, 3), (8, 2), (9, 3), (10, 2), (11, 3)]
length: 16 76
Estimated difference between T3^fnT3 - (T2^WT3 + h.c.) is: -1.2202310426590542e-06 1.4889637974688026e-12
total cost: -7.784003585427408
singles alt: [(4, 0), (5, 1), (6, 0), (7, 1), (8, 0), (9, 1), (10, 0), (11, 1), (4, 2), (5, 3), (6, 2), (7, 3), (8, 2), (9, 3), (10, 2), (11, 3)]
length: 16 76
Estimated difference between T3^fnT3 - (T2^WT3 + h.c.) is: -1.2202310426590979e-06 1.488963797468909e-12
total cost: -7.78400358542741
singles alt: [(4, 0), (5, 1), (6, 0), (7, 1), (8, 0), (9, 1), (10, 0), (11, 1), (4, 2), (5, 3), (6, 2), (7, 3), (8, 2), (9, 3), (10, 2), (11, 3)]
length: 16 76
Estimated difference between T3^fnT3 - (T2^WT3 + h.c.) is: -1.220231042658241e-06 1.4889637974668183e-12
total cost: -7.784003585427412
singles alt: [(4, 0), (5, 1), (6, 0), (7, 1), (8, 0), (9, 1), (10, 0), (11, 1), (4, 2), (5, 3), (6, 2), (7, 3), (8, 2), (9, 3), (10, 2), (11, 3)]
length: 16 76
Estimated difference between T3^fnT3 - (T2^WT3 + h.c.) is: -1.2202310426580636e-06 1.488963797466385e-12
total cost: -7.784003585427412
singles alt: [(4, 0), (5, 1), (6, 0), (7, 1), (8, 0), (9, 1), (10, 0), (11, 1), (4, 2), (5, 3), (6, 2), (7, 3), (8, 2), (9, 3), (10, 2), (11, 3)]
length: 16 76
Estimated difference between T3^fnT3 - (T2^WT3 + h.c.) is: -1.2202310426570205e-06 1.4889637974638395e-12
total cost: -7.784003585427412
singles alt: [(4, 0), (5, 1), (6, 0), (7, 1), (8, 0), (9, 1), (10, 0), (11, 1), (4, 2), (5, 3), (6, 2), (7, 3), (8, 2), (9, 3), (10, 2), (11, 3)]
length: 16 76
Estimated difference between T3^fnT3 - (T2^WT3 + h.c.) is: -1.2202310426589606e-06 1.4889637974685742e-12
total cost: -7.78400358542741
singles alt: [(4, 0), (5, 1), (6, 0), (7, 1), (8, 0), (9, 1), (10, 0), (11, 1), (4, 2), (5, 3), (6, 2), (7, 3), (8, 2), (9, 3), (10, 2), (11, 3)]
length: 16 76
Estimated difference between T3^fnT3 - (T2^WT3 + h.c.) is: -1.2202310619759123e-06 1.4889638446108627e-12
total cost: -7.7840035854274
singles alt: [(4, 0), (5, 1), (6, 0), (7, 1), (8, 0), (9, 1), (10, 0), (11, 1), (4, 2), (5, 3), (6, 2), (7, 3), (8, 2), (9, 3), (10, 2), (11, 3)]
length: 16 76
Estimated difference between T3^fnT3 - (T2^WT3 + h.c.) is: -1.2202311435631496e-06 1.4889640437214318e-12
total cost: -7.784003585427411
singles alt: [(4, 0), (5, 1), (6, 0), (7, 1), (8, 0), (9, 1), (10, 0), (11, 1), (4, 2), (5, 3), (6, 2), (7, 3), (8, 2), (9, 3), (10, 2), (11, 3)]
length: 16 76
Estimated difference between T3^fnT3 - (T2^WT3 + h.c.) is: -1.220231143556361e-06 1.4889640437048646e-12
total cost: -7.784003585427412
singles alt: [(4, 0), (5, 1), (6, 0), (7, 1), (8, 0), (9, 1), (10, 0), (11, 1), (4, 2), (5, 3), (6, 2), (7, 3), (8, 2), (9, 3), (10, 2), (11, 3)]
length: 16 76
Estimated difference between T3^fnT3 - (T2^WT3 + h.c.) is: -1.220231059730067e-06 1.4889638391299622e-12
total cost: -7.784003585427408
singles alt: [(4, 0), (5, 1), (6, 0), (7, 1), (8, 0), (9, 1), (10, 0), (11, 1), (4, 2), (5, 3), (6, 2), (7, 3), (8, 2), (9, 3), (10, 2), (11, 3)]
length: 16 76
Estimated difference between T3^fnT3 - (T2^WT3 + h.c.) is: -1.2202312083141576e-06 1.4889642017438292e-12
total cost: -7.7840035854534
singles alt: [(4, 0), (5, 1), (6, 0), (7, 1), (8, 0), (9, 1), (10, 0), (11, 1), (4, 2), (5, 3), (6, 2), (7, 3), (8, 2), (9, 3), (10, 2), (11, 3)]
length: 16 76
Estimated difference between T3^fnT3 - (T2^WT3 + h.c.) is: -1.2202312534611916e-06 1.4889643119234709e-12
total cost: -7.784003585454604
singles alt: [(4, 0), (5, 1), (6, 0), (7, 1), (8, 0), (9, 1), (10, 0), (11, 1), (4, 2), (5, 3), (6, 2), (7, 3), (8, 2), (9, 3), (10, 2), (11, 3)]
length: 16 76
Estimated difference between T3^fnT3 - (T2^WT3 + h.c.) is: -1.2202313461263957e-06 1.4889645380694356e-12
total cost: -7.784003585454529
singles alt: [(4, 0), (5, 1), (6, 0), (7, 1), (8, 0), (9, 1), (10, 0), (11, 1), (4, 2), (5, 3), (6, 2), (7, 3), (8, 2), (9, 3), (10, 2), (11, 3)]
length: 16 76
Estimated difference between T3^fnT3 - (T2^WT3 + h.c.) is: -1.2202311875578056e-06 1.4889641510887326e-12
total cost: -7.784003585561905
singles alt: [(4, 0), (5, 1), (6, 0), (7, 1), (8, 0), (9, 1), (10, 0), (11, 1), (4, 2), (5, 3), (6, 2), (7, 3), (8, 2), (9, 3), (10, 2), (11, 3)]
length: 16 76
Estimated difference between T3^fnT3 - (T2^WT3 + h.c.) is: -1.2202310426588804e-06 1.4889637974683783e-12
total cost: -7.784003585427416
singles alt: [(4, 0), (5, 1), (6, 0), (7, 1), (8, 0), (9, 1), (10, 0), (11, 1), (4, 2), (5, 3), (6, 2), (7, 3), (8, 2), (9, 3), (10, 2), (11, 3)]
length: 16 76
Estimated difference between T3^fnT3 - (T2^WT3 + h.c.) is: -1.2202310426592148e-06 1.4889637974691944e-12
total cost: -7.78400358542741
singles alt: [(4, 0), (5, 1), (6, 0), (7, 1), (8, 0), (9, 1), (10, 0), (11, 1), (4, 2), (5, 3), (6, 2), (7, 3), (8, 2), (9, 3), (10, 2), (11, 3)]
length: 16 76
Estimated difference between T3^fnT3 - (T2^WT3 + h.c.) is: -1.22023104265854e-06 1.488963797467548e-12
total cost: -7.78400358542741
singles alt: [(4, 0), (5, 1), (6, 0), (7, 1), (8, 0), (9, 1), (10, 0), (11, 1), (4, 2), (5, 3), (6, 2), (7, 3), (8, 2), (9, 3), (10, 2), (11, 3)]
length: 16 76
Estimated difference between T3^fnT3 - (T2^WT3 + h.c.) is: -1.220231042658991e-06 1.4889637974686481e-12
total cost: -7.78400358542741
singles alt: [(4, 0), (5, 1), (6, 0), (7, 1), (8, 0), (9, 1), (10, 0), (11, 1), (4, 2), (5, 3), (6, 2), (7, 3), (8, 2), (9, 3), (10, 2), (11, 3)]
length: 16 76
Estimated difference between T3^fnT3 - (T2^WT3 + h.c.) is: -1.2202310984718134e-06 1.4889639336777282e-12
total cost: -7.784003585370236
singles alt: [(4, 0), (5, 1), (6, 0), (7, 1), (8, 0), (9, 1), (10, 0), (11, 1), (4, 2), (5, 3), (6, 2), (7, 3), (8, 2), (9, 3), (10, 2), (11, 3)]
length: 16 76
Estimated difference between T3^fnT3 - (T2^WT3 + h.c.) is: -1.220231012099872e-06 1.488963722890278e-12
total cost: -7.7840035854086915
singles alt: [(4, 0), (5, 1), (6, 0), (7, 1), (8, 0), (9, 1), (10, 0), (11, 1), (4, 2), (5, 3), (6, 2), (7, 3), (8, 2), (9, 3), (10, 2), (11, 3)]
length: 16 76
Estimated difference between T3^fnT3 - (T2^WT3 + h.c.) is: -1.2202309094560222e-06 1.488963472391871e-12
total cost: -7.784003585334277
singles alt: [(4, 0), (5, 1), (6, 0), (7, 1), (8, 0), (9, 1), (10, 0), (11, 1), (4, 2), (5, 3), (6, 2), (7, 3), (8, 2), (9, 3), (10, 2), (11, 3)]
length: 16 76
Estimated difference between T3^fnT3 - (T2^WT3 + h.c.) is: -1.220230933588816e-06 1.4889635312870337e-12
total cost: -7.784003585278625
singles alt: [(4, 0), (5, 1), (6, 0), (7, 1), (8, 0), (9, 1), (10, 0), (11, 1), (4, 2), (5, 3), (6, 2), (7, 3), (8, 2), (9, 3), (10, 2), (11, 3)]
length: 16 76
Estimated difference between T3^fnT3 - (T2^WT3 + h.c.) is: -1.2202310426589249e-06 1.488963797468487e-12
total cost: -7.784003585427416
singles alt: [(4, 0), (5, 1), (6, 0), (7, 1), (8, 0), (9, 1), (10, 0), (11, 1), (4, 2), (5, 3), (6, 2), (7, 3), (8, 2), (9, 3), (10, 2), (11, 3)]
length: 16 76
Estimated difference between T3^fnT3 - (T2^WT3 + h.c.) is: -1.2202310426587434e-06 1.488963797468044e-12
total cost: -7.784003585427409
singles alt: [(4, 0), (5, 1), (6, 0), (7, 1), (8, 0), (9, 1), (10, 0), (11, 1), (4, 2), (5, 3), (6, 2), (7, 3), (8, 2), (9, 3), (10, 2), (11, 3)]
length: 16 76
Estimated difference between T3^fnT3 - (T2^WT3 + h.c.) is: -1.2202310426591919e-06 1.4889637974691387e-12
total cost: -7.78400358542741
singles alt: [(4, 0), (5, 1), (6, 0), (7, 1), (8, 0), (9, 1), (10, 0), (11, 1), (4, 2), (5, 3), (6, 2), (7, 3), (8, 2), (9, 3), (10, 2), (11, 3)]
length: 16 76
Estimated difference between T3^fnT3 - (T2^WT3 + h.c.) is: -1.2202310426590453e-06 1.488963797468781e-12
total cost: -7.784003585427409
singles alt: [(4, 0), (5, 1), (6, 0), (7, 1), (8, 0), (9, 1), (10, 0), (11, 1), (4, 2), (5, 3), (6, 2), (7, 3), (8, 2), (9, 3), (10, 2), (11, 3)]
length: 16 76
Estimated difference between T3^fnT3 - (T2^WT3 + h.c.) is: -1.220231042658763e-06 1.4889637974680922e-12
total cost: -7.784003585427417
singles alt: [(4, 0), (5, 1), (6, 0), (7, 1), (8, 0), (9, 1), (10, 0), (11, 1), (4, 2), (5, 3), (6, 2), (7, 3), (8, 2), (9, 3), (10, 2), (11, 3)]
length: 16 76
Estimated difference between T3^fnT3 - (T2^WT3 + h.c.) is: -1.2202310426588946e-06 1.488963797468413e-12
total cost: -7.78400358542741
singles alt: [(4, 0), (5, 1), (6, 0), (7, 1), (8, 0), (9, 1), (10, 0), (11, 1), (4, 2), (5, 3), (6, 2), (7, 3), (8, 2), (9, 3), (10, 2), (11, 3)]
length: 16 76
Estimated difference between T3^fnT3 - (T2^WT3 + h.c.) is: -1.22023104265881e-06 1.4889637974682069e-12
total cost: -7.78400358542741
singles alt: [(4, 0), (5, 1), (6, 0), (7, 1), (8, 0), (9, 1), (10, 0), (11, 1), (4, 2), (5, 3), (6, 2), (7, 3), (8, 2), (9, 3), (10, 2), (11, 3)]
length: 16 76
Estimated difference between T3^fnT3 - (T2^WT3 + h.c.) is: -1.220231042659123e-06 1.4889637974689706e-12
total cost: -7.78400358542741
singles alt: [(4, 0), (5, 1), (6, 0), (7, 1), (8, 0), (9, 1), (10, 0), (11, 1), (4, 2), (5, 3), (6, 2), (7, 3), (8, 2), (9, 3), (10, 2), (11, 3)]
length: 16 76
Estimated difference between T3^fnT3 - (T2^WT3 + h.c.) is: -1.2202312269259548e-06 1.488964247165221e-12
total cost: -7.784003585147749
singles alt: [(4, 0), (5, 1), (6, 0), (7, 1), (8, 0), (9, 1), (10, 0), (11, 1), (4, 2), (5, 3), (6, 2), (7, 3), (8, 2), (9, 3), (10, 2), (11, 3)]
length: 16 76
Estimated difference between T3^fnT3 - (T2^WT3 + h.c.) is: -1.2202310618819497e-06 1.4889638443815505e-12
total cost: -7.784003585548788
singles alt: [(4, 0), (5, 1), (6, 0), (7, 1), (8, 0), (9, 1), (10, 0), (11, 1), (4, 2), (5, 3), (6, 2), (7, 3), (8, 2), (9, 3), (10, 2), (11, 3)]
length: 16 76
Estimated difference between T3^fnT3 - (T2^WT3 + h.c.) is: -1.2202310618134838e-06 1.488963844214462e-12
total cost: -7.784003585548796
singles alt: [(4, 0), (5, 1), (6, 0), (7, 1), (8, 0), (9, 1), (10, 0), (11, 1), (4, 2), (5, 3), (6, 2), (7, 3), (8, 2), (9, 3), (10, 2), (11, 3)]
length: 16 76
Estimated difference between T3^fnT3 - (T2^WT3 + h.c.) is: -1.2202311840955712e-06 1.4889641426392797e-12
total cost: -7.784003585246212
singles alt: [(4, 0), (5, 1), (6, 0), (7, 1), (8, 0), (9, 1), (10, 0), (11, 1), (4, 2), (5, 3), (6, 2), (7, 3), (8, 2), (9, 3), (10, 2), (11, 3)]
length: 16 76
Estimated difference between T3^fnT3 - (T2^WT3 + h.c.) is: -1.2202310426572592e-06 1.488963797464422e-12
total cost: -7.784003585427412
singles alt: [(4, 0), (5, 1), (6, 0), (7, 1), (8, 0), (9, 1), (10, 0), (11, 1), (4, 2), (5, 3), (6, 2), (7, 3), (8, 2), (9, 3), (10, 2), (11, 3)]
length: 16 76
Estimated difference between T3^fnT3 - (T2^WT3 + h.c.) is: -1.2202310426584086e-06 1.488963797467227e-12
total cost: -7.78400358542741
singles alt: [(4, 0), (5, 1), (6, 0), (7, 1), (8, 0), (9, 1), (10, 0), (11, 1), (4, 2), (5, 3), (6, 2), (7, 3), (8, 2), (9, 3), (10, 2), (11, 3)]
length: 16 76
Estimated difference between T3^fnT3 - (T2^WT3 + h.c.) is: -1.2202310426576477e-06 1.48896379746537e-12
total cost: -7.78400358542741
singles alt: [(4, 0), (5, 1), (6, 0), (7, 1), (8, 0), (9, 1), (10, 0), (11, 1), (4, 2), (5, 3), (6, 2), (7, 3), (8, 2), (9, 3), (10, 2), (11, 3)]
length: 16 76
Estimated difference between T3^fnT3 - (T2^WT3 + h.c.) is: -1.2202310426586299e-06 1.488963797467767e-12
total cost: -7.78400358542741
singles alt: [(4, 0), (5, 1), (6, 0), (7, 1), (8, 0), (9, 1), (10, 0), (11, 1), (4, 2), (5, 3), (6, 2), (7, 3), (8, 2), (9, 3), (10, 2), (11, 3)]
length: 16 76
Estimated difference between T3^fnT3 - (T2^WT3 + h.c.) is: -1.2202309415916357e-06 1.4889635508176099e-12
total cost: -7.784003585356287
singles alt: [(4, 0), (5, 1), (6, 0), (7, 1), (8, 0), (9, 1), (10, 0), (11, 1), (4, 2), (5, 3), (6, 2), (7, 3), (8, 2), (9, 3), (10, 2), (11, 3)]
length: 16 76
Estimated difference between T3^fnT3 - (T2^WT3 + h.c.) is: -1.2202309419959516e-06 1.4889635518043275e-12
total cost: -7.784003585356324
singles alt: [(4, 0), (5, 1), (6, 0), (7, 1), (8, 0), (9, 1), (10, 0), (11, 1), (4, 2), (5, 3), (6, 2), (7, 3), (8, 2), (9, 3), (10, 2), (11, 3)]
length: 16 76
Estimated difference between T3^fnT3 - (T2^WT3 + h.c.) is: -1.2202308039875653e-06 1.4889632150001399e-12
total cost: -7.784003585427405
singles alt: [(4, 0), (5, 1), (6, 0), (7, 1), (8, 0), (9, 1), (10, 0), (11, 1), (4, 2), (5, 3), (6, 2), (7, 3), (8, 2), (9, 3), (10, 2), (11, 3)]
length: 16 76
Estimated difference between T3^fnT3 - (T2^WT3 + h.c.) is: -1.220231281298043e-06 1.4889643798582638e-12
total cost: -7.784003585427413
singles alt: [(4, 0), (5, 1), (6, 0), (7, 1), (8, 0), (9, 1), (10, 0), (11, 1), (4, 2), (5, 3), (6, 2), (7, 3), (8, 2), (9, 3), (10, 2), (11, 3)]
length: 16 76
Estimated difference between T3^fnT3 - (T2^WT3 + h.c.) is: -1.2202310426596317e-06 1.488963797470212e-12
total cost: -7.78400358542741
singles alt: [(4, 0), (5, 1), (6, 0), (7, 1), (8, 0), (9, 1), (10, 0), (11, 1), (4, 2), (5, 3), (6, 2), (7, 3), (8, 2), (9, 3), (10, 2), (11, 3)]
length: 16 76
Estimated difference between T3^fnT3 - (T2^WT3 + h.c.) is: -1.2202310426596546e-06 1.4889637974702677e-12
total cost: -7.78400358542741
singles alt: [(4, 0), (5, 1), (6, 0), (7, 1), (8, 0), (9, 1), (10, 0), (11, 1), (4, 2), (5, 3), (6, 2), (7, 3), (8, 2), (9, 3), (10, 2), (11, 3)]
length: 16 76
Estimated difference between T3^fnT3 - (T2^WT3 + h.c.) is: -1.2202310426592664e-06 1.4889637974693204e-12
total cost: -7.784003585427412
singles alt: [(4, 0), (5, 1), (6, 0), (7, 1), (8, 0), (9, 1), (10, 0), (11, 1), (4, 2), (5, 3), (6, 2), (7, 3), (8, 2), (9, 3), (10, 2), (11, 3)]
length: 16 76
Estimated difference between T3^fnT3 - (T2^WT3 + h.c.) is: -1.2202310426592114e-06 1.4889637974691861e-12
total cost: -7.784003585427412
singles alt: [(4, 0), (5, 1), (6, 0), (7, 1), (8, 0), (9, 1), (10, 0), (11, 1), (4, 2), (5, 3), (6, 2), (7, 3), (8, 2), (9, 3), (10, 2), (11, 3)]
length: 16 76
Estimated difference between T3^fnT3 - (T2^WT3 + h.c.) is: -1.2202310426591186e-06 1.4889637974689597e-12
total cost: -7.784003585408299
singles alt: [(4, 0), (5, 1), (6, 0), (7, 1), (8, 0), (9, 1), (10, 0), (11, 1), (4, 2), (5, 3), (6, 2), (7, 3), (8, 2), (9, 3), (10, 2), (11, 3)]
length: 16 76
Estimated difference between T3^fnT3 - (T2^WT3 + h.c.) is: -1.2202310426591186e-06 1.4889637974689597e-12
total cost: -7.784003585408315
singles alt: [(4, 0), (5, 1), (6, 0), (7, 1), (8, 0), (9, 1), (10, 0), (11, 1), (4, 2), (5, 3), (6, 2), (7, 3), (8, 2), (9, 3), (10, 2), (11, 3)]
length: 16 76
Estimated difference between T3^fnT3 - (T2^WT3 + h.c.) is: -1.2202310426591186e-06 1.4889637974689597e-12
total cost: -7.78400358542741
singles alt: [(4, 0), (5, 1), (6, 0), (7, 1), (8, 0), (9, 1), (10, 0), (11, 1), (4, 2), (5, 3), (6, 2), (7, 3), (8, 2), (9, 3), (10, 2), (11, 3)]
length: 16 76
Estimated difference between T3^fnT3 - (T2^WT3 + h.c.) is: -1.2202310426591186e-06 1.4889637974689597e-12
total cost: -7.784003585427408
singles alt: [(4, 0), (5, 1), (6, 0), (7, 1), (8, 0), (9, 1), (10, 0), (11, 1), (4, 2), (5, 3), (6, 2), (7, 3), (8, 2), (9, 3), (10, 2), (11, 3)]
length: 16 76
Estimated difference between T3^fnT3 - (T2^WT3 + h.c.) is: -1.2202310426591186e-06 1.4889637974689597e-12
total cost: -7.784003585427412
singles alt: [(4, 0), (5, 1), (6, 0), (7, 1), (8, 0), (9, 1), (10, 0), (11, 1), (4, 2), (5, 3), (6, 2), (7, 3), (8, 2), (9, 3), (10, 2), (11, 3)]
length: 16 76
Estimated difference between T3^fnT3 - (T2^WT3 + h.c.) is: -1.2202310426591186e-06 1.4889637974689597e-12
total cost: -7.784003585427412
singles alt: [(4, 0), (5, 1), (6, 0), (7, 1), (8, 0), (9, 1), (10, 0), (11, 1), (4, 2), (5, 3), (6, 2), (7, 3), (8, 2), (9, 3), (10, 2), (11, 3)]
length: 16 76
Estimated difference between T3^fnT3 - (T2^WT3 + h.c.) is: -1.2202310426591186e-06 1.4889637974689597e-12
total cost: -7.78400358543345
singles alt: [(4, 0), (5, 1), (6, 0), (7, 1), (8, 0), (9, 1), (10, 0), (11, 1), (4, 2), (5, 3), (6, 2), (7, 3), (8, 2), (9, 3), (10, 2), (11, 3)]
length: 16 76
Estimated difference between T3^fnT3 - (T2^WT3 + h.c.) is: -1.2202310426591186e-06 1.4889637974689597e-12
total cost: -7.784003585433463
singles alt: [(4, 0), (5, 1), (6, 0), (7, 1), (8, 0), (9, 1), (10, 0), (11, 1), (4, 2), (5, 3), (6, 2), (7, 3), (8, 2), (9, 3), (10, 2), (11, 3)]
length: 16 76
Estimated difference between T3^fnT3 - (T2^WT3 + h.c.) is: -1.2202310426591186e-06 1.4889637974689597e-12
total cost: -7.784003585511242
singles alt: [(4, 0), (5, 1), (6, 0), (7, 1), (8, 0), (9, 1), (10, 0), (11, 1), (4, 2), (5, 3), (6, 2), (7, 3), (8, 2), (9, 3), (10, 2), (11, 3)]
length: 16 76
Estimated difference between T3^fnT3 - (T2^WT3 + h.c.) is: -1.2202310426591186e-06 1.4889637974689597e-12
total cost: -7.7840035855111225
singles alt: [(4, 0), (5, 1), (6, 0), (7, 1), (8, 0), (9, 1), (10, 0), (11, 1), (4, 2), (5, 3), (6, 2), (7, 3), (8, 2), (9, 3), (10, 2), (11, 3)]
length: 16 76
Estimated difference between T3^fnT3 - (T2^WT3 + h.c.) is: -1.2202310426591186e-06 1.4889637974689597e-12
total cost: -7.78400358542741
singles alt: [(4, 0), (5, 1), (6, 0), (7, 1), (8, 0), (9, 1), (10, 0), (11, 1), (4, 2), (5, 3), (6, 2), (7, 3), (8, 2), (9, 3), (10, 2), (11, 3)]
length: 16 76
Estimated difference between T3^fnT3 - (T2^WT3 + h.c.) is: -1.2202310426591186e-06 1.4889637974689597e-12
total cost: -7.784003585427409
singles alt: [(4, 0), (5, 1), (6, 0), (7, 1), (8, 0), (9, 1), (10, 0), (11, 1), (4, 2), (5, 3), (6, 2), (7, 3), (8, 2), (9, 3), (10, 2), (11, 3)]
length: 16 76
Estimated difference between T3^fnT3 - (T2^WT3 + h.c.) is: -1.2202310426591186e-06 1.4889637974689597e-12
total cost: -7.78400358542741
singles alt: [(4, 0), (5, 1), (6, 0), (7, 1), (8, 0), (9, 1), (10, 0), (11, 1), (4, 2), (5, 3), (6, 2), (7, 3), (8, 2), (9, 3), (10, 2), (11, 3)]
length: 16 76
Estimated difference between T3^fnT3 - (T2^WT3 + h.c.) is: -1.2202310426591186e-06 1.4889637974689597e-12
total cost: -7.78400358542741
singles alt: [(4, 0), (5, 1), (6, 0), (7, 1), (8, 0), (9, 1), (10, 0), (11, 1), (4, 2), (5, 3), (6, 2), (7, 3), (8, 2), (9, 3), (10, 2), (11, 3)]
length: 16 76
Estimated difference between T3^fnT3 - (T2^WT3 + h.c.) is: -1.2202310426591186e-06 1.4889637974689597e-12
total cost: -7.784003585420253
singles alt: [(4, 0), (5, 1), (6, 0), (7, 1), (8, 0), (9, 1), (10, 0), (11, 1), (4, 2), (5, 3), (6, 2), (7, 3), (8, 2), (9, 3), (10, 2), (11, 3)]
length: 16 76
Estimated difference between T3^fnT3 - (T2^WT3 + h.c.) is: -1.2202310426591186e-06 1.4889637974689597e-12
total cost: -7.784003585420231
singles alt: [(4, 0), (5, 1), (6, 0), (7, 1), (8, 0), (9, 1), (10, 0), (11, 1), (4, 2), (5, 3), (6, 2), (7, 3), (8, 2), (9, 3), (10, 2), (11, 3)]
callback: energy=-7.784002365196
singles alt: [(4, 0), (5, 1), (6, 0), (7, 1), (8, 0), (9, 1), (10, 0), (11, 1), (4, 2), (5, 3), (6, 2), (7, 3), (8, 2), (9, 3), (10, 2), (11, 3)]
length: 16 76
Estimated difference between T3^fnT3 - (T2^WT3 + h.c.) is: -1.6000277553311182e-06 2.5600888178299366e-12
total cost: -7.783690475811245
singles alt: [(4, 0), (5, 1), (6, 0), (7, 1), (8, 0), (9, 1), (10, 0), (11, 1), (4, 2), (5, 3), (6, 2), (7, 3), (8, 2), (9, 3), (10, 2), (11, 3)]
length: 16 76
Estimated difference between T3^fnT3 - (T2^WT3 + h.c.) is: -1.6000283163372705e-06 2.5600906130810804e-12
total cost: -7.783690475118729
singles alt: [(4, 0), (5, 1), (6, 0), (7, 1), (8, 0), (9, 1), (10, 0), (11, 1), (4, 2), (5, 3), (6, 2), (7, 3), (8, 2), (9, 3), (10, 2), (11, 3)]
length: 16 76
Estimated difference between T3^fnT3 - (T2^WT3 + h.c.) is: -1.6000277533750369e-06 2.5600888115703677e-12
total cost: -7.78369047585902
singles alt: [(4, 0), (5, 1), (6, 0), (7, 1), (8, 0), (9, 1), (10, 0), (11, 1), (4, 2), (5, 3), (6, 2), (7, 3), (8, 2), (9, 3), (10, 2), (11, 3)]
length: 16 76
Estimated difference between T3^fnT3 - (T2^WT3 + h.c.) is: -1.6000277534360158e-06 2.560088811765504e-12
total cost: -7.783690475858996
singles alt: [(4, 0), (5, 1), (6, 0), (7, 1), (8, 0), (9, 1), (10, 0), (11, 1), (4, 2), (5, 3), (6, 2), (7, 3), (8, 2), (9, 3), (10, 2), (11, 3)]
length: 16 76
Estimated difference between T3^fnT3 - (T2^WT3 + h.c.) is: -1.6000278324714404e-06 2.5600890646832557e-12
total cost: -7.783690475837795
singles alt: [(4, 0), (5, 1), (6, 0), (7, 1), (8, 0), (9, 1), (10, 0), (11, 1), (4, 2), (5, 3), (6, 2), (7, 3), (8, 2), (9, 3), (10, 2), (11, 3)]
length: 16 76
Estimated difference between T3^fnT3 - (T2^WT3 + h.c.) is: -1.6000277553325997e-06 2.5600888178346776e-12
total cost: -7.78369047581124
singles alt: [(4, 0), (5, 1), (6, 0), (7, 1), (8, 0), (9, 1), (10, 0), (11, 1), (4, 2), (5, 3), (6, 2), (7, 3), (8, 2), (9, 3), (10, 2), (11, 3)]
length: 16 76
Estimated difference between T3^fnT3 - (T2^WT3 + h.c.) is: -1.6000277553342e-06 2.5600888178397986e-12
total cost: -7.783690475811242
singles alt: [(4, 0), (5, 1), (6, 0), (7, 1), (8, 0), (9, 1), (10, 0), (11, 1), (4, 2), (5, 3), (6, 2), (7, 3), (8, 2), (9, 3), (10, 2), (11, 3)]
length: 16 76
Estimated difference between T3^fnT3 - (T2^WT3 + h.c.) is: -1.6000277553305062e-06 2.5600888178279785e-12
total cost: -7.7836904758112455
singles alt: [(4, 0), (5, 1), (6, 0), (7, 1), (8, 0), (9, 1), (10, 0), (11, 1), (4, 2), (5, 3), (6, 2), (7, 3), (8, 2), (9, 3), (10, 2), (11, 3)]
length: 16 76
Estimated difference between T3^fnT3 - (T2^WT3 + h.c.) is: -1.6000277553313499e-06 2.560088817830678e-12
total cost: -7.783690475811245
singles alt: [(4, 0), (5, 1), (6, 0), (7, 1), (8, 0), (9, 1), (10, 0), (11, 1), (4, 2), (5, 3), (6, 2), (7, 3), (8, 2), (9, 3), (10, 2), (11, 3)]
length: 16 76
Estimated difference between T3^fnT3 - (T2^WT3 + h.c.) is: -1.6000277553329338e-06 2.5600888178357467e-12
total cost: -7.78369047581124
singles alt: [(4, 0), (5, 1), (6, 0), (7, 1), (8, 0), (9, 1), (10, 0), (11, 1), (4, 2), (5, 3), (6, 2), (7, 3), (8, 2), (9, 3), (10, 2), (11, 3)]
length: 16 76
Estimated difference between T3^fnT3 - (T2^WT3 + h.c.) is: -1.60002775533532e-06 2.5600888178433824e-12
total cost: -7.783690475811241
singles alt: [(4, 0), (5, 1), (6, 0), (7, 1), (8, 0), (9, 1), (10, 0), (11, 1), (4, 2), (5, 3), (6, 2), (7, 3), (8, 2), (9, 3), (10, 2), (11, 3)]
length: 16 76
Estimated difference between T3^fnT3 - (T2^WT3 + h.c.) is: -1.600027755335273e-06 2.560088817843232e-12
total cost: -7.783690475811242
singles alt: [(4, 0), (5, 1), (6, 0), (7, 1), (8, 0), (9, 1), (10, 0), (11, 1), (4, 2), (5, 3), (6, 2), (7, 3), (8, 2), (9, 3), (10, 2), (11, 3)]
length: 16 76
Estimated difference between T3^fnT3 - (T2^WT3 + h.c.) is: -1.6000277553313842e-06 2.5600888178307876e-12
total cost: -7.783690475811245
singles alt: [(4, 0), (5, 1), (6, 0), (7, 1), (8, 0), (9, 1), (10, 0), (11, 1), (4, 2), (5, 3), (6, 2), (7, 3), (8, 2), (9, 3), (10, 2), (11, 3)]
length: 16 76
Estimated difference between T3^fnT3 - (T2^WT3 + h.c.) is: -1.6000278406613611e-06 2.560089090891458e-12
total cost: -7.783690475872121
singles alt: [(4, 0), (5, 1), (6, 0), (7, 1), (8, 0), (9, 1), (10, 0), (11, 1), (4, 2), (5, 3), (6, 2), (7, 3), (8, 2), (9, 3), (10, 2), (11, 3)]
length: 16 76
Estimated difference between T3^fnT3 - (T2^WT3 + h.c.) is: -1.600027628864499e-06 2.5600884131297508e-12
total cost: -7.78369047570906
singles alt: [(4, 0), (5, 1), (6, 0), (7, 1), (8, 0), (9, 1), (10, 0), (11, 1), (4, 2), (5, 3), (6, 2), (7, 3), (8, 2), (9, 3), (10, 2), (11, 3)]
length: 16 76
Estimated difference between T3^fnT3 - (T2^WT3 + h.c.) is: -1.60002770256495e-06 2.560088648975272e-12
total cost: -7.783690475783966
singles alt: [(4, 0), (5, 1), (6, 0), (7, 1), (8, 0), (9, 1), (10, 0), (11, 1), (4, 2), (5, 3), (6, 2), (7, 3), (8, 2), (9, 3), (10, 2), (11, 3)]
length: 16 76
Estimated difference between T3^fnT3 - (T2^WT3 + h.c.) is: -1.6000276073429173e-06 2.5600883442595007e-12
total cost: -7.783690475925869
singles alt: [(4, 0), (5, 1), (6, 0), (7, 1), (8, 0), (9, 1), (10, 0), (11, 1), (4, 2), (5, 3), (6, 2), (7, 3), (8, 2), (9, 3), (10, 2), (11, 3)]
length: 16 76
Estimated difference between T3^fnT3 - (T2^WT3 + h.c.) is: -1.6000277553344668e-06 2.5600888178406524e-12
total cost: -7.783690475811234
singles alt: [(4, 0), (5, 1), (6, 0), (7, 1), (8, 0), (9, 1), (10, 0), (11, 1), (4, 2), (5, 3), (6, 2), (7, 3), (8, 2), (9, 3), (10, 2), (11, 3)]
length: 16 76
Estimated difference between T3^fnT3 - (T2^WT3 + h.c.) is: -1.6000277553354366e-06 2.560088817843756e-12
total cost: -7.783690475811242
singles alt: [(4, 0), (5, 1), (6, 0), (7, 1), (8, 0), (9, 1), (10, 0), (11, 1), (4, 2), (5, 3), (6, 2), (7, 3), (8, 2), (9, 3), (10, 2), (11, 3)]
length: 16 76
Estimated difference between T3^fnT3 - (T2^WT3 + h.c.) is: -1.600027755336693e-06 2.5600888178477763e-12
total cost: -7.783690475811242
singles alt: [(4, 0), (5, 1), (6, 0), (7, 1), (8, 0), (9, 1), (10, 0), (11, 1), (4, 2), (5, 3), (6, 2), (7, 3), (8, 2), (9, 3), (10, 2), (11, 3)]
length: 16 76
Estimated difference between T3^fnT3 - (T2^WT3 + h.c.) is: -1.600027755331589e-06 2.560088817831443e-12
total cost: -7.783690475811245
singles alt: [(4, 0), (5, 1), (6, 0), (7, 1), (8, 0), (9, 1), (10, 0), (11, 1), (4, 2), (5, 3), (6, 2), (7, 3), (8, 2), (9, 3), (10, 2), (11, 3)]
length: 16 76
Estimated difference between T3^fnT3 - (T2^WT3 + h.c.) is: -1.6000279998519504e-06 2.5600896003102327e-12
total cost: -7.783690475604535
singles alt: [(4, 0), (5, 1), (6, 0), (7, 1), (8, 0), (9, 1), (10, 0), (11, 1), (4, 2), (5, 3), (6, 2), (7, 3), (8, 2), (9, 3), (10, 2), (11, 3)]
length: 16 76
Estimated difference between T3^fnT3 - (T2^WT3 + h.c.) is: -1.600027876532554e-06 2.5600892056812737e-12
total cost: -7.7836904759503485
singles alt: [(4, 0), (5, 1), (6, 0), (7, 1), (8, 0), (9, 1), (10, 0), (11, 1), (4, 2), (5, 3), (6, 2), (7, 3), (8, 2), (9, 3), (10, 2), (11, 3)]
length: 16 76
Estimated difference between T3^fnT3 - (T2^WT3 + h.c.) is: -1.6000278396068184e-06 2.560089087516863e-12
total cost: -7.783690475950321
singles alt: [(4, 0), (5, 1), (6, 0), (7, 1), (8, 0), (9, 1), (10, 0), (11, 1), (4, 2), (5, 3), (6, 2), (7, 3), (8, 2), (9, 3), (10, 2), (11, 3)]
length: 16 76
Estimated difference between T3^fnT3 - (T2^WT3 + h.c.) is: -1.6000279520080596e-06 2.5600894472071054e-12
total cost: -7.783690475744011
singles alt: [(4, 0), (5, 1), (6, 0), (7, 1), (8, 0), (9, 1), (10, 0), (11, 1), (4, 2), (5, 3), (6, 2), (7, 3), (8, 2), (9, 3), (10, 2), (11, 3)]
length: 16 76
Estimated difference between T3^fnT3 - (T2^WT3 + h.c.) is: -1.6000277630419882e-06 2.5600888425051487e-12
total cost: -7.783690475811293
singles alt: [(4, 0), (5, 1), (6, 0), (7, 1), (8, 0), (9, 1), (10, 0), (11, 1), (4, 2), (5, 3), (6, 2), (7, 3), (8, 2), (9, 3), (10, 2), (11, 3)]
length: 16 76
Estimated difference between T3^fnT3 - (T2^WT3 + h.c.) is: -1.600027893048368e-06 2.5600892585327996e-12
total cost: -7.783690475811226
singles alt: [(4, 0), (5, 1), (6, 0), (7, 1), (8, 0), (9, 1), (10, 0), (11, 1), (4, 2), (5, 3), (6, 2), (7, 3), (8, 2), (9, 3), (10, 2), (11, 3)]
length: 16 76
Estimated difference between T3^fnT3 - (T2^WT3 + h.c.) is: -1.600027893006636e-06 2.560089258399255e-12
total cost: -7.783690475811223
singles alt: [(4, 0), (5, 1), (6, 0), (7, 1), (8, 0), (9, 1), (10, 0), (11, 1), (4, 2), (5, 3), (6, 2), (7, 3), (8, 2), (9, 3), (10, 2), (11, 3)]
length: 16 76
Estimated difference between T3^fnT3 - (T2^WT3 + h.c.) is: -1.6000277621522699e-06 2.5600888396580007e-12
total cost: -7.783690475811221
singles alt: [(4, 0), (5, 1), (6, 0), (7, 1), (8, 0), (9, 1), (10, 0), (11, 1), (4, 2), (5, 3), (6, 2), (7, 3), (8, 2), (9, 3), (10, 2), (11, 3)]
length: 16 76
Estimated difference between T3^fnT3 - (T2^WT3 + h.c.) is: -1.6000277553322854e-06 2.560088817833672e-12
total cost: -7.783690475811216
singles alt: [(4, 0), (5, 1), (6, 0), (7, 1), (8, 0), (9, 1), (10, 0), (11, 1), (4, 2), (5, 3), (6, 2), (7, 3), (8, 2), (9, 3), (10, 2), (11, 3)]
length: 16 76
Estimated difference between T3^fnT3 - (T2^WT3 + h.c.) is: -1.6000277553325268e-06 2.5600888178344445e-12
total cost: -7.783690475811242
singles alt: [(4, 0), (5, 1), (6, 0), (7, 1), (8, 0), (9, 1), (10, 0), (11, 1), (4, 2), (5, 3), (6, 2), (7, 3), (8, 2), (9, 3), (10, 2), (11, 3)]
length: 16 76
Estimated difference between T3^fnT3 - (T2^WT3 + h.c.) is: -1.6000277553308048e-06 2.5600888178289338e-12
total cost: -7.7836904758112455
singles alt: [(4, 0), (5, 1), (6, 0), (7, 1), (8, 0), (9, 1), (10, 0), (11, 1), (4, 2), (5, 3), (6, 2), (7, 3), (8, 2), (9, 3), (10, 2), (11, 3)]
length: 16 76
Estimated difference between T3^fnT3 - (T2^WT3 + h.c.) is: -1.6000277553311409e-06 2.5600888178300093e-12
total cost: -7.783690475811244
singles alt: [(4, 0), (5, 1), (6, 0), (7, 1), (8, 0), (9, 1), (10, 0), (11, 1), (4, 2), (5, 3), (6, 2), (7, 3), (8, 2), (9, 3), (10, 2), (11, 3)]
length: 16 76
Estimated difference between T3^fnT3 - (T2^WT3 + h.c.) is: -1.6000277553327007e-06 2.5600888178350007e-12
total cost: -7.78369047581124
singles alt: [(4, 0), (5, 1), (6, 0), (7, 1), (8, 0), (9, 1), (10, 0), (11, 1), (4, 2), (5, 3), (6, 2), (7, 3), (8, 2), (9, 3), (10, 2), (11, 3)]
length: 16 76
Estimated difference between T3^fnT3 - (T2^WT3 + h.c.) is: -1.6000277553349434e-06 2.5600888178421775e-12
total cost: -7.783690475811242
singles alt: [(4, 0), (5, 1), (6, 0), (7, 1), (8, 0), (9, 1), (10, 0), (11, 1), (4, 2), (5, 3), (6, 2), (7, 3), (8, 2), (9, 3), (10, 2), (11, 3)]
length: 16 76
Estimated difference between T3^fnT3 - (T2^WT3 + h.c.) is: -1.6000277553362322e-06 2.5600888178463017e-12
total cost: -7.783690475811241
singles alt: [(4, 0), (5, 1), (6, 0), (7, 1), (8, 0), (9, 1), (10, 0), (11, 1), (4, 2), (5, 3), (6, 2), (7, 3), (8, 2), (9, 3), (10, 2), (11, 3)]
length: 16 76
Estimated difference between T3^fnT3 - (T2^WT3 + h.c.) is: -1.600027755331416e-06 2.5600888178308894e-12
total cost: -7.783690475811245
singles alt: [(4, 0), (5, 1), (6, 0), (7, 1), (8, 0), (9, 1), (10, 0), (11, 1), (4, 2), (5, 3), (6, 2), (7, 3), (8, 2), (9, 3), (10, 2), (11, 3)]
length: 16 76
Estimated difference between T3^fnT3 - (T2^WT3 + h.c.) is: -1.6000277630383375e-06 2.5600888424934664e-12
total cost: -7.78369047581131
singles alt: [(4, 0), (5, 1), (6, 0), (7, 1), (8, 0), (9, 1), (10, 0), (11, 1), (4, 2), (5, 3), (6, 2), (7, 3), (8, 2), (9, 3), (10, 2), (11, 3)]
length: 16 76
Estimated difference between T3^fnT3 - (T2^WT3 + h.c.) is: -1.600027893042326e-06 2.560089258513465e-12
total cost: -7.783690475811225
singles alt: [(4, 0), (5, 1), (6, 0), (7, 1), (8, 0), (9, 1), (10, 0), (11, 1), (4, 2), (5, 3), (6, 2), (7, 3), (8, 2), (9, 3), (10, 2), (11, 3)]
length: 16 76
Estimated difference between T3^fnT3 - (T2^WT3 + h.c.) is: -1.6000278929980408e-06 2.56008925837175e-12
total cost: -7.783690475811224
singles alt: [(4, 0), (5, 1), (6, 0), (7, 1), (8, 0), (9, 1), (10, 0), (11, 1), (4, 2), (5, 3), (6, 2), (7, 3), (8, 2), (9, 3), (10, 2), (11, 3)]
length: 16 76
Estimated difference between T3^fnT3 - (T2^WT3 + h.c.) is: -1.6000277621520702e-06 2.5600888396573617e-12
total cost: -7.783690475811226
singles alt: [(4, 0), (5, 1), (6, 0), (7, 1), (8, 0), (9, 1), (10, 0), (11, 1), (4, 2), (5, 3), (6, 2), (7, 3), (8, 2), (9, 3), (10, 2), (11, 3)]
length: 16 76
Estimated difference between T3^fnT3 - (T2^WT3 + h.c.) is: -1.6000279998759756e-06 2.560089600387115e-12
total cost: -7.783690475604357
singles alt: [(4, 0), (5, 1), (6, 0), (7, 1), (8, 0), (9, 1), (10, 0), (11, 1), (4, 2), (5, 3), (6, 2), (7, 3), (8, 2), (9, 3), (10, 2), (11, 3)]
length: 16 76
Estimated difference between T3^fnT3 - (T2^WT3 + h.c.) is: -1.6000278395876005e-06 2.5600890874553643e-12
total cost: -7.78369047595032
singles alt: [(4, 0), (5, 1), (6, 0), (7, 1), (8, 0), (9, 1), (10, 0), (11, 1), (4, 2), (5, 3), (6, 2), (7, 3), (8, 2), (9, 3), (10, 2), (11, 3)]
length: 16 76
Estimated difference between T3^fnT3 - (T2^WT3 + h.c.) is: -1.6000278764224084e-06 2.560089205328802e-12
total cost: -7.7836904759504355
singles alt: [(4, 0), (5, 1), (6, 0), (7, 1), (8, 0), (9, 1), (10, 0), (11, 1), (4, 2), (5, 3), (6, 2), (7, 3), (8, 2), (9, 3), (10, 2), (11, 3)]
length: 16 76
Estimated difference between T3^fnT3 - (T2^WT3 + h.c.) is: -1.600027952075591e-06 2.56008944742321e-12
total cost: -7.783690475744242
singles alt: [(4, 0), (5, 1), (6, 0), (7, 1), (8, 0), (9, 1), (10, 0), (11, 1), (4, 2), (5, 3), (6, 2), (7, 3), (8, 2), (9, 3), (10, 2), (11, 3)]
length: 16 76
Estimated difference between T3^fnT3 - (T2^WT3 + h.c.) is: -1.600027755331742e-06 2.560088817831933e-12
total cost: -7.783690475811217
singles alt: [(4, 0), (5, 1), (6, 0), (7, 1), (8, 0), (9, 1), (10, 0), (11, 1), (4, 2), (5, 3), (6, 2), (7, 3), (8, 2), (9, 3), (10, 2), (11, 3)]
length: 16 76
Estimated difference between T3^fnT3 - (T2^WT3 + h.c.) is: -1.600027755330965e-06 2.5600888178294463e-12
total cost: -7.7836904758112455
singles alt: [(4, 0), (5, 1), (6, 0), (7, 1), (8, 0), (9, 1), (10, 0), (11, 1), (4, 2), (5, 3), (6, 2), (7, 3), (8, 2), (9, 3), (10, 2), (11, 3)]
length: 16 76
Estimated difference between T3^fnT3 - (T2^WT3 + h.c.) is: -1.6000277553317764e-06 2.560088817832043e-12
total cost: -7.7836904758112455
singles alt: [(4, 0), (5, 1), (6, 0), (7, 1), (8, 0), (9, 1), (10, 0), (11, 1), (4, 2), (5, 3), (6, 2), (7, 3), (8, 2), (9, 3), (10, 2), (11, 3)]
length: 16 76
Estimated difference between T3^fnT3 - (T2^WT3 + h.c.) is: -1.6000277553314172e-06 2.5600888178308935e-12
total cost: -7.783690475811244
singles alt: [(4, 0), (5, 1), (6, 0), (7, 1), (8, 0), (9, 1), (10, 0), (11, 1), (4, 2), (5, 3), (6, 2), (7, 3), (8, 2), (9, 3), (10, 2), (11, 3)]
length: 16 76
Estimated difference between T3^fnT3 - (T2^WT3 + h.c.) is: -1.6000278406635331e-06 2.5600890908984087e-12
total cost: -7.783690475870259
singles alt: [(4, 0), (5, 1), (6, 0), (7, 1), (8, 0), (9, 1), (10, 0), (11, 1), (4, 2), (5, 3), (6, 2), (7, 3), (8, 2), (9, 3), (10, 2), (11, 3)]
length: 16 76
Estimated difference between T3^fnT3 - (T2^WT3 + h.c.) is: -1.6000277025279531e-06 2.5600886488568803e-12
total cost: -7.7836904757838274
singles alt: [(4, 0), (5, 1), (6, 0), (7, 1), (8, 0), (9, 1), (10, 0), (11, 1), (4, 2), (5, 3), (6, 2), (7, 3), (8, 2), (9, 3), (10, 2), (11, 3)]
length: 16 76
Estimated difference between T3^fnT3 - (T2^WT3 + h.c.) is: -1.6000276292031753e-06 2.560088414213534e-12
total cost: -7.78369047570769
singles alt: [(4, 0), (5, 1), (6, 0), (7, 1), (8, 0), (9, 1), (10, 0), (11, 1), (4, 2), (5, 3), (6, 2), (7, 3), (8, 2), (9, 3), (10, 2), (11, 3)]
length: 16 76
Estimated difference between T3^fnT3 - (T2^WT3 + h.c.) is: -1.6000276071594427e-06 2.560088343672372e-12
total cost: -7.783690475924994
singles alt: [(4, 0), (5, 1), (6, 0), (7, 1), (8, 0), (9, 1), (10, 0), (11, 1), (4, 2), (5, 3), (6, 2), (7, 3), (8, 2), (9, 3), (10, 2), (11, 3)]
length: 16 76
Estimated difference between T3^fnT3 - (T2^WT3 + h.c.) is: -1.6000277553316404e-06 2.560088817831608e-12
total cost: -7.783690475811218
singles alt: [(4, 0), (5, 1), (6, 0), (7, 1), (8, 0), (9, 1), (10, 0), (11, 1), (4, 2), (5, 3), (6, 2), (7, 3), (8, 2), (9, 3), (10, 2), (11, 3)]
length: 16 76
Estimated difference between T3^fnT3 - (T2^WT3 + h.c.) is: -1.600027755331155e-06 2.5600888178300546e-12
total cost: -7.783690475811248
singles alt: [(4, 0), (5, 1), (6, 0), (7, 1), (8, 0), (9, 1), (10, 0), (11, 1), (4, 2), (5, 3), (6, 2), (7, 3), (8, 2), (9, 3), (10, 2), (11, 3)]
length: 16 76
Estimated difference between T3^fnT3 - (T2^WT3 + h.c.) is: -1.6000277553312288e-06 2.5600888178302904e-12
total cost: -7.783690475811246
singles alt: [(4, 0), (5, 1), (6, 0), (7, 1), (8, 0), (9, 1), (10, 0), (11, 1), (4, 2), (5, 3), (6, 2), (7, 3), (8, 2), (9, 3), (10, 2), (11, 3)]
length: 16 76
Estimated difference between T3^fnT3 - (T2^WT3 + h.c.) is: -1.6000277553313562e-06 2.5600888178306984e-12
total cost: -7.7836904758112455
singles alt: [(4, 0), (5, 1), (6, 0), (7, 1), (8, 0), (9, 1), (10, 0), (11, 1), (4, 2), (5, 3), (6, 2), (7, 3), (8, 2), (9, 3), (10, 2), (11, 3)]
length: 16 76
Estimated difference between T3^fnT3 - (T2^WT3 + h.c.) is: -1.600027755332302e-06 2.5600888178337248e-12
total cost: -7.783690475811211
singles alt: [(4, 0), (5, 1), (6, 0), (7, 1), (8, 0), (9, 1), (10, 0), (11, 1), (4, 2), (5, 3), (6, 2), (7, 3), (8, 2), (9, 3), (10, 2), (11, 3)]
length: 16 76
Estimated difference between T3^fnT3 - (T2^WT3 + h.c.) is: -1.6000277553313473e-06 2.56008881783067e-12
total cost: -7.7836904758112455
singles alt: [(4, 0), (5, 1), (6, 0), (7, 1), (8, 0), (9, 1), (10, 0), (11, 1), (4, 2), (5, 3), (6, 2), (7, 3), (8, 2), (9, 3), (10, 2), (11, 3)]
length: 16 76
Estimated difference between T3^fnT3 - (T2^WT3 + h.c.) is: -1.6000277553318515e-06 2.5600888178322833e-12
total cost: -7.7836904758112455
singles alt: [(4, 0), (5, 1), (6, 0), (7, 1), (8, 0), (9, 1), (10, 0), (11, 1), (4, 2), (5, 3), (6, 2), (7, 3), (8, 2), (9, 3), (10, 2), (11, 3)]
length: 16 76
Estimated difference between T3^fnT3 - (T2^WT3 + h.c.) is: -1.6000277553312093e-06 2.5600888178302282e-12
total cost: -7.783690475811245
singles alt: [(4, 0), (5, 1), (6, 0), (7, 1), (8, 0), (9, 1), (10, 0), (11, 1), (4, 2), (5, 3), (6, 2), (7, 3), (8, 2), (9, 3), (10, 2), (11, 3)]
length: 16 76
Estimated difference between T3^fnT3 - (T2^WT3 + h.c.) is: -1.600027905250829e-06 2.5600892975813556e-12
total cost: -7.783690477252903
singles alt: [(4, 0), (5, 1), (6, 0), (7, 1), (8, 0), (9, 1), (10, 0), (11, 1), (4, 2), (5, 3), (6, 2), (7, 3), (8, 2), (9, 3), (10, 2), (11, 3)]
length: 16 76
Estimated difference between T3^fnT3 - (T2^WT3 + h.c.) is: -1.600027810882581e-06 2.5600889955977045e-12
total cost: -7.783690475687971
singles alt: [(4, 0), (5, 1), (6, 0), (7, 1), (8, 0), (9, 1), (10, 0), (11, 1), (4, 2), (5, 3), (6, 2), (7, 3), (8, 2), (9, 3), (10, 2), (11, 3)]
length: 16 76
Estimated difference between T3^fnT3 - (T2^WT3 + h.c.) is: -1.600027810876999e-06 2.5600889955798417e-12
total cost: -7.783690475687941
singles alt: [(4, 0), (5, 1), (6, 0), (7, 1), (8, 0), (9, 1), (10, 0), (11, 1), (4, 2), (5, 3), (6, 2), (7, 3), (8, 2), (9, 3), (10, 2), (11, 3)]
length: 16 76
Estimated difference between T3^fnT3 - (T2^WT3 + h.c.) is: -1.6000278723713734e-06 2.5600891923652637e-12
total cost: -7.783690475886137
singles alt: [(4, 0), (5, 1), (6, 0), (7, 1), (8, 0), (9, 1), (10, 0), (11, 1), (4, 2), (5, 3), (6, 2), (7, 3), (8, 2), (9, 3), (10, 2), (11, 3)]
length: 16 76
Estimated difference between T3^fnT3 - (T2^WT3 + h.c.) is: -1.600027755336604e-06 2.5600888178474916e-12
total cost: -7.783690475811241
singles alt: [(4, 0), (5, 1), (6, 0), (7, 1), (8, 0), (9, 1), (10, 0), (11, 1), (4, 2), (5, 3), (6, 2), (7, 3), (8, 2), (9, 3), (10, 2), (11, 3)]
length: 16 76
Estimated difference between T3^fnT3 - (T2^WT3 + h.c.) is: -1.600027755331961e-06 2.560088817832634e-12
total cost: -7.783690475811245
singles alt: [(4, 0), (5, 1), (6, 0), (7, 1), (8, 0), (9, 1), (10, 0), (11, 1), (4, 2), (5, 3), (6, 2), (7, 3), (8, 2), (9, 3), (10, 2), (11, 3)]
length: 16 76
Estimated difference between T3^fnT3 - (T2^WT3 + h.c.) is: -1.6000277553309814e-06 2.560088817829499e-12
total cost: -7.7836904758112455
singles alt: [(4, 0), (5, 1), (6, 0), (7, 1), (8, 0), (9, 1), (10, 0), (11, 1), (4, 2), (5, 3), (6, 2), (7, 3), (8, 2), (9, 3), (10, 2), (11, 3)]
length: 16 76
Estimated difference between T3^fnT3 - (T2^WT3 + h.c.) is: -1.6000277553319547e-06 2.5600888178326133e-12
total cost: -7.783690475811245
singles alt: [(4, 0), (5, 1), (6, 0), (7, 1), (8, 0), (9, 1), (10, 0), (11, 1), (4, 2), (5, 3), (6, 2), (7, 3), (8, 2), (9, 3), (10, 2), (11, 3)]
length: 16 76
Estimated difference between T3^fnT3 - (T2^WT3 + h.c.) is: -1.6000276901741894e-06 2.5600886093241518e-12
total cost: -7.783690475730347
singles alt: [(4, 0), (5, 1), (6, 0), (7, 1), (8, 0), (9, 1), (10, 0), (11, 1), (4, 2), (5, 3), (6, 2), (7, 3), (8, 2), (9, 3), (10, 2), (11, 3)]
length: 16 76
Estimated difference between T3^fnT3 - (T2^WT3 + h.c.) is: -1.6000276899088006e-06 2.560088608474893e-12
total cost: -7.783690475730156
singles alt: [(4, 0), (5, 1), (6, 0), (7, 1), (8, 0), (9, 1), (10, 0), (11, 1), (4, 2), (5, 3), (6, 2), (7, 3), (8, 2), (9, 3), (10, 2), (11, 3)]
length: 16 76
Estimated difference between T3^fnT3 - (T2^WT3 + h.c.) is: -1.6000275087973818e-06 2.5600880289083556e-12
total cost: -7.783690475811397
singles alt: [(4, 0), (5, 1), (6, 0), (7, 1), (8, 0), (9, 1), (10, 0), (11, 1), (4, 2), (5, 3), (6, 2), (7, 3), (8, 2), (9, 3), (10, 2), (11, 3)]
length: 16 76
Estimated difference between T3^fnT3 - (T2^WT3 + h.c.) is: -1.6000280015926316e-06 2.5600896058805106e-12
total cost: -7.783690475811092
singles alt: [(4, 0), (5, 1), (6, 0), (7, 1), (8, 0), (9, 1), (10, 0), (11, 1), (4, 2), (5, 3), (6, 2), (7, 3), (8, 2), (9, 3), (10, 2), (11, 3)]
length: 16 76
Estimated difference between T3^fnT3 - (T2^WT3 + h.c.) is: -1.6000277553305331e-06 2.5600888178280646e-12
total cost: -7.783690475811245
singles alt: [(4, 0), (5, 1), (6, 0), (7, 1), (8, 0), (9, 1), (10, 0), (11, 1), (4, 2), (5, 3), (6, 2), (7, 3), (8, 2), (9, 3), (10, 2), (11, 3)]
length: 16 76
Estimated difference between T3^fnT3 - (T2^WT3 + h.c.) is: -1.6000277553318761e-06 2.560088817832362e-12
total cost: -7.783690475811243
singles alt: [(4, 0), (5, 1), (6, 0), (7, 1), (8, 0), (9, 1), (10, 0), (11, 1), (4, 2), (5, 3), (6, 2), (7, 3), (8, 2), (9, 3), (10, 2), (11, 3)]
length: 16 76
Estimated difference between T3^fnT3 - (T2^WT3 + h.c.) is: -1.6000277553326789e-06 2.560088817834931e-12
total cost: -7.783690475811241
singles alt: [(4, 0), (5, 1), (6, 0), (7, 1), (8, 0), (9, 1), (10, 0), (11, 1), (4, 2), (5, 3), (6, 2), (7, 3), (8, 2), (9, 3), (10, 2), (11, 3)]
length: 16 76
Estimated difference between T3^fnT3 - (T2^WT3 + h.c.) is: -1.6000277553319585e-06 2.5600888178326258e-12
total cost: -7.783690475811241
singles alt: [(4, 0), (5, 1), (6, 0), (7, 1), (8, 0), (9, 1), (10, 0), (11, 1), (4, 2), (5, 3), (6, 2), (7, 3), (8, 2), (9, 3), (10, 2), (11, 3)]
length: 16 76
Estimated difference between T3^fnT3 - (T2^WT3 + h.c.) is: -1.6000277553311182e-06 2.5600888178299366e-12
total cost: -7.783690475858461
singles alt: [(4, 0), (5, 1), (6, 0), (7, 1), (8, 0), (9, 1), (10, 0), (11, 1), (4, 2), (5, 3), (6, 2), (7, 3), (8, 2), (9, 3), (10, 2), (11, 3)]
length: 16 76
Estimated difference between T3^fnT3 - (T2^WT3 + h.c.) is: -1.6000277553311182e-06 2.5600888178299366e-12
total cost: -7.783690475858384
singles alt: [(4, 0), (5, 1), (6, 0), (7, 1), (8, 0), (9, 1), (10, 0), (11, 1), (4, 2), (5, 3), (6, 2), (7, 3), (8, 2), (9, 3), (10, 2), (11, 3)]
length: 16 76
Estimated difference between T3^fnT3 - (T2^WT3 + h.c.) is: -1.6000277553311182e-06 2.5600888178299366e-12
total cost: -7.7836904758112455
singles alt: [(4, 0), (5, 1), (6, 0), (7, 1), (8, 0), (9, 1), (10, 0), (11, 1), (4, 2), (5, 3), (6, 2), (7, 3), (8, 2), (9, 3), (10, 2), (11, 3)]
length: 16 76
Estimated difference between T3^fnT3 - (T2^WT3 + h.c.) is: -1.6000277553311182e-06 2.5600888178299366e-12
total cost: -7.783690475811245
singles alt: [(4, 0), (5, 1), (6, 0), (7, 1), (8, 0), (9, 1), (10, 0), (11, 1), (4, 2), (5, 3), (6, 2), (7, 3), (8, 2), (9, 3), (10, 2), (11, 3)]
length: 16 76
Estimated difference between T3^fnT3 - (T2^WT3 + h.c.) is: -1.6000277553311182e-06 2.5600888178299366e-12
total cost: -7.783690475811242
singles alt: [(4, 0), (5, 1), (6, 0), (7, 1), (8, 0), (9, 1), (10, 0), (11, 1), (4, 2), (5, 3), (6, 2), (7, 3), (8, 2), (9, 3), (10, 2), (11, 3)]
length: 16 76
Estimated difference between T3^fnT3 - (T2^WT3 + h.c.) is: -1.6000277553311182e-06 2.5600888178299366e-12
total cost: -7.783690475811242
singles alt: [(4, 0), (5, 1), (6, 0), (7, 1), (8, 0), (9, 1), (10, 0), (11, 1), (4, 2), (5, 3), (6, 2), (7, 3), (8, 2), (9, 3), (10, 2), (11, 3)]
length: 16 76
Estimated difference between T3^fnT3 - (T2^WT3 + h.c.) is: -1.6000277553311182e-06 2.5600888178299366e-12
total cost: -7.783690475827044
singles alt: [(4, 0), (5, 1), (6, 0), (7, 1), (8, 0), (9, 1), (10, 0), (11, 1), (4, 2), (5, 3), (6, 2), (7, 3), (8, 2), (9, 3), (10, 2), (11, 3)]
length: 16 76
Estimated difference between T3^fnT3 - (T2^WT3 + h.c.) is: -1.6000277553311182e-06 2.5600888178299366e-12
total cost: -7.783690475826985
singles alt: [(4, 0), (5, 1), (6, 0), (7, 1), (8, 0), (9, 1), (10, 0), (11, 1), (4, 2), (5, 3), (6, 2), (7, 3), (8, 2), (9, 3), (10, 2), (11, 3)]
length: 16 76
Estimated difference between T3^fnT3 - (T2^WT3 + h.c.) is: -1.6000277553311182e-06 2.5600888178299366e-12
total cost: -7.783690475939034
singles alt: [(4, 0), (5, 1), (6, 0), (7, 1), (8, 0), (9, 1), (10, 0), (11, 1), (4, 2), (5, 3), (6, 2), (7, 3), (8, 2), (9, 3), (10, 2), (11, 3)]
length: 16 76
Estimated difference between T3^fnT3 - (T2^WT3 + h.c.) is: -1.6000277553311182e-06 2.5600888178299366e-12
total cost: -7.7836904759388705
singles alt: [(4, 0), (5, 1), (6, 0), (7, 1), (8, 0), (9, 1), (10, 0), (11, 1), (4, 2), (5, 3), (6, 2), (7, 3), (8, 2), (9, 3), (10, 2), (11, 3)]
length: 16 76
Estimated difference between T3^fnT3 - (T2^WT3 + h.c.) is: -1.6000277553311182e-06 2.5600888178299366e-12
total cost: -7.783690475811245
singles alt: [(4, 0), (5, 1), (6, 0), (7, 1), (8, 0), (9, 1), (10, 0), (11, 1), (4, 2), (5, 3), (6, 2), (7, 3), (8, 2), (9, 3), (10, 2), (11, 3)]
length: 16 76
Estimated difference between T3^fnT3 - (T2^WT3 + h.c.) is: -1.6000277553311182e-06 2.5600888178299366e-12
total cost: -7.783690475811245
singles alt: [(4, 0), (5, 1), (6, 0), (7, 1), (8, 0), (9, 1), (10, 0), (11, 1), (4, 2), (5, 3), (6, 2), (7, 3), (8, 2), (9, 3), (10, 2), (11, 3)]
length: 16 76
Estimated difference between T3^fnT3 - (T2^WT3 + h.c.) is: -1.6000277553311182e-06 2.5600888178299366e-12
total cost: -7.783690475811245
singles alt: [(4, 0), (5, 1), (6, 0), (7, 1), (8, 0), (9, 1), (10, 0), (11, 1), (4, 2), (5, 3), (6, 2), (7, 3), (8, 2), (9, 3), (10, 2), (11, 3)]
length: 16 76
Estimated difference between T3^fnT3 - (T2^WT3 + h.c.) is: -1.6000277553311182e-06 2.5600888178299366e-12
total cost: -7.783690475811245
singles alt: [(4, 0), (5, 1), (6, 0), (7, 1), (8, 0), (9, 1), (10, 0), (11, 1), (4, 2), (5, 3), (6, 2), (7, 3), (8, 2), (9, 3), (10, 2), (11, 3)]
length: 16 76
Estimated difference between T3^fnT3 - (T2^WT3 + h.c.) is: -1.6000277553311182e-06 2.5600888178299366e-12
total cost: -7.783690475825191
singles alt: [(4, 0), (5, 1), (6, 0), (7, 1), (8, 0), (9, 1), (10, 0), (11, 1), (4, 2), (5, 3), (6, 2), (7, 3), (8, 2), (9, 3), (10, 2), (11, 3)]
length: 16 76
Estimated difference between T3^fnT3 - (T2^WT3 + h.c.) is: -1.6000277553311182e-06 2.5600888178299366e-12
total cost: -7.783690475825172
singles alt: [(4, 0), (5, 1), (6, 0), (7, 1), (8, 0), (9, 1), (10, 0), (11, 1), (4, 2), (5, 3), (6, 2), (7, 3), (8, 2), (9, 3), (10, 2), (11, 3)]
length: 16 76
Estimated difference between T3^fnT3 - (T2^WT3 + h.c.) is: -1.3146897316956703e-06 1.7284090906260335e-12
total cost: -7.784149464136731
singles alt: [(4, 0), (5, 1), (6, 0), (7, 1), (8, 0), (9, 1), (10, 0), (11, 1), (4, 2), (5, 3), (6, 2), (7, 3), (8, 2), (9, 3), (10, 2), (11, 3)]
length: 16 76
Estimated difference between T3^fnT3 - (T2^WT3 + h.c.) is: -1.3146900804607706e-06 1.7284100076619473e-12
total cost: -7.784149463963686
singles alt: [(4, 0), (5, 1), (6, 0), (7, 1), (8, 0), (9, 1), (10, 0), (11, 1), (4, 2), (5, 3), (6, 2), (7, 3), (8, 2), (9, 3), (10, 2), (11, 3)]
length: 16 76
Estimated difference between T3^fnT3 - (T2^WT3 + h.c.) is: -1.314689746799886e-06 1.7284091303407484e-12
total cost: -7.784149464157059
singles alt: [(4, 0), (5, 1), (6, 0), (7, 1), (8, 0), (9, 1), (10, 0), (11, 1), (4, 2), (5, 3), (6, 2), (7, 3), (8, 2), (9, 3), (10, 2), (11, 3)]
length: 16 76
Estimated difference between T3^fnT3 - (T2^WT3 + h.c.) is: -1.3146897468444135e-06 1.728409130457828e-12
total cost: -7.784149464157053
singles alt: [(4, 0), (5, 1), (6, 0), (7, 1), (8, 0), (9, 1), (10, 0), (11, 1), (4, 2), (5, 3), (6, 2), (7, 3), (8, 2), (9, 3), (10, 2), (11, 3)]
length: 16 76
Estimated difference between T3^fnT3 - (T2^WT3 + h.c.) is: -1.3146897914568546e-06 1.728409247760868e-12
total cost: -7.784149464208191
singles alt: [(4, 0), (5, 1), (6, 0), (7, 1), (8, 0), (9, 1), (10, 0), (11, 1), (4, 2), (5, 3), (6, 2), (7, 3), (8, 2), (9, 3), (10, 2), (11, 3)]
length: 16 76
Estimated difference between T3^fnT3 - (T2^WT3 + h.c.) is: -1.314689731695682e-06 1.7284090906260642e-12
total cost: -7.784149464136731
singles alt: [(4, 0), (5, 1), (6, 0), (7, 1), (8, 0), (9, 1), (10, 0), (11, 1), (4, 2), (5, 3), (6, 2), (7, 3), (8, 2), (9, 3), (10, 2), (11, 3)]
length: 16 76
Estimated difference between T3^fnT3 - (T2^WT3 + h.c.) is: -1.314689731695822e-06 1.728409090626432e-12
total cost: -7.78414946413673
singles alt: [(4, 0), (5, 1), (6, 0), (7, 1), (8, 0), (9, 1), (10, 0), (11, 1), (4, 2), (5, 3), (6, 2), (7, 3), (8, 2), (9, 3), (10, 2), (11, 3)]
length: 16 76
Estimated difference between T3^fnT3 - (T2^WT3 + h.c.) is: -1.3146897316950234e-06 1.7284090906243324e-12
total cost: -7.784149464136731
singles alt: [(4, 0), (5, 1), (6, 0), (7, 1), (8, 0), (9, 1), (10, 0), (11, 1), (4, 2), (5, 3), (6, 2), (7, 3), (8, 2), (9, 3), (10, 2), (11, 3)]
length: 16 76
Estimated difference between T3^fnT3 - (T2^WT3 + h.c.) is: -1.3146897316957046e-06 1.7284090906261237e-12
total cost: -7.78414946413673
singles alt: [(4, 0), (5, 1), (6, 0), (7, 1), (8, 0), (9, 1), (10, 0), (11, 1), (4, 2), (5, 3), (6, 2), (7, 3), (8, 2), (9, 3), (10, 2), (11, 3)]
length: 16 76
Estimated difference between T3^fnT3 - (T2^WT3 + h.c.) is: -1.314689731695686e-06 1.7284090906260747e-12
total cost: -7.784149464136731
singles alt: [(4, 0), (5, 1), (6, 0), (7, 1), (8, 0), (9, 1), (10, 0), (11, 1), (4, 2), (5, 3), (6, 2), (7, 3), (8, 2), (9, 3), (10, 2), (11, 3)]
length: 16 76
Estimated difference between T3^fnT3 - (T2^WT3 + h.c.) is: -1.3146897316962598e-06 1.7284090906275836e-12
total cost: -7.78414946413673
singles alt: [(4, 0), (5, 1), (6, 0), (7, 1), (8, 0), (9, 1), (10, 0), (11, 1), (4, 2), (5, 3), (6, 2), (7, 3), (8, 2), (9, 3), (10, 2), (11, 3)]
length: 16 76
Estimated difference between T3^fnT3 - (T2^WT3 + h.c.) is: -1.3146897316964047e-06 1.7284090906279645e-12
total cost: -7.78414946413673
singles alt: [(4, 0), (5, 1), (6, 0), (7, 1), (8, 0), (9, 1), (10, 0), (11, 1), (4, 2), (5, 3), (6, 2), (7, 3), (8, 2), (9, 3), (10, 2), (11, 3)]
length: 16 76
Estimated difference between T3^fnT3 - (T2^WT3 + h.c.) is: -1.314689731695678e-06 1.7284090906260536e-12
total cost: -7.784149464136731
singles alt: [(4, 0), (5, 1), (6, 0), (7, 1), (8, 0), (9, 1), (10, 0), (11, 1), (4, 2), (5, 3), (6, 2), (7, 3), (8, 2), (9, 3), (10, 2), (11, 3)]
length: 16 76
Estimated difference between T3^fnT3 - (T2^WT3 + h.c.) is: -1.3146897981542078e-06 1.7284092653707516e-12
total cost: -7.784149464121727
singles alt: [(4, 0), (5, 1), (6, 0), (7, 1), (8, 0), (9, 1), (10, 0), (11, 1), (4, 2), (5, 3), (6, 2), (7, 3), (8, 2), (9, 3), (10, 2), (11, 3)]
length: 16 76
Estimated difference between T3^fnT3 - (T2^WT3 + h.c.) is: -1.3146896011864135e-06 1.728408747467691e-12
total cost: -7.784149464039713
singles alt: [(4, 0), (5, 1), (6, 0), (7, 1), (8, 0), (9, 1), (10, 0), (11, 1), (4, 2), (5, 3), (6, 2), (7, 3), (8, 2), (9, 3), (10, 2), (11, 3)]
length: 16 76
Estimated difference between T3^fnT3 - (T2^WT3 + h.c.) is: -1.3146896931855731e-06 1.7284089893683764e-12
total cost: -7.784149464114755
singles alt: [(4, 0), (5, 1), (6, 0), (7, 1), (8, 0), (9, 1), (10, 0), (11, 1), (4, 2), (5, 3), (6, 2), (7, 3), (8, 2), (9, 3), (10, 2), (11, 3)]
length: 16 76
Estimated difference between T3^fnT3 - (T2^WT3 + h.c.) is: -1.3146896086280752e-06 1.7284087670346417e-12
total cost: -7.784149464083667
singles alt: [(4, 0), (5, 1), (6, 0), (7, 1), (8, 0), (9, 1), (10, 0), (11, 1), (4, 2), (5, 3), (6, 2), (7, 3), (8, 2), (9, 3), (10, 2), (11, 3)]
length: 16 76
Estimated difference between T3^fnT3 - (T2^WT3 + h.c.) is: -1.3146897316961846e-06 1.728409090627386e-12
total cost: -7.784149464136728
singles alt: [(4, 0), (5, 1), (6, 0), (7, 1), (8, 0), (9, 1), (10, 0), (11, 1), (4, 2), (5, 3), (6, 2), (7, 3), (8, 2), (9, 3), (10, 2), (11, 3)]
length: 16 76
Estimated difference between T3^fnT3 - (T2^WT3 + h.c.) is: -1.3146897316963776e-06 1.7284090906278932e-12
total cost: -7.78414946413673
singles alt: [(4, 0), (5, 1), (6, 0), (7, 1), (8, 0), (9, 1), (10, 0), (11, 1), (4, 2), (5, 3), (6, 2), (7, 3), (8, 2), (9, 3), (10, 2), (11, 3)]
length: 16 76
Estimated difference between T3^fnT3 - (T2^WT3 + h.c.) is: -1.3146897316964953e-06 1.7284090906282028e-12
total cost: -7.78414946413673
singles alt: [(4, 0), (5, 1), (6, 0), (7, 1), (8, 0), (9, 1), (10, 0), (11, 1), (4, 2), (5, 3), (6, 2), (7, 3), (8, 2), (9, 3), (10, 2), (11, 3)]
length: 16 76
Estimated difference between T3^fnT3 - (T2^WT3 + h.c.) is: -1.3146897316957472e-06 1.7284090906262356e-12
total cost: -7.78414946413673
singles alt: [(4, 0), (5, 1), (6, 0), (7, 1), (8, 0), (9, 1), (10, 0), (11, 1), (4, 2), (5, 3), (6, 2), (7, 3), (8, 2), (9, 3), (10, 2), (11, 3)]
length: 16 76
Estimated difference between T3^fnT3 - (T2^WT3 + h.c.) is: -1.3146899257863139e-06 1.7284096009640235e-12
total cost: -7.7841494640788325
singles alt: [(4, 0), (5, 1), (6, 0), (7, 1), (8, 0), (9, 1), (10, 0), (11, 1), (4, 2), (5, 3), (6, 2), (7, 3), (8, 2), (9, 3), (10, 2), (11, 3)]
length: 16 76
Estimated difference between T3^fnT3 - (T2^WT3 + h.c.) is: -1.314689969285884e-06 1.7284097153409186e-12
total cost: -7.784149464204303
singles alt: [(4, 0), (5, 1), (6, 0), (7, 1), (8, 0), (9, 1), (10, 0), (11, 1), (4, 2), (5, 3), (6, 2), (7, 3), (8, 2), (9, 3), (10, 2), (11, 3)]
length: 16 76
Estimated difference between T3^fnT3 - (T2^WT3 + h.c.) is: -1.3146898966926348e-06 1.7284095244656908e-12
total cost: -7.784149464204404
singles alt: [(4, 0), (5, 1), (6, 0), (7, 1), (8, 0), (9, 1), (10, 0), (11, 1), (4, 2), (5, 3), (6, 2), (7, 3), (8, 2), (9, 3), (10, 2), (11, 3)]
length: 16 76
Estimated difference between T3^fnT3 - (T2^WT3 + h.c.) is: -1.3146898952459824e-06 1.7284095206618921e-12
total cost: -7.784149464198324
singles alt: [(4, 0), (5, 1), (6, 0), (7, 1), (8, 0), (9, 1), (10, 0), (11, 1), (4, 2), (5, 3), (6, 2), (7, 3), (8, 2), (9, 3), (10, 2), (11, 3)]
length: 16 76
Estimated difference between T3^fnT3 - (T2^WT3 + h.c.) is: -1.3146897468303199e-06 1.7284091304207706e-12
total cost: -7.784149464136747
singles alt: [(4, 0), (5, 1), (6, 0), (7, 1), (8, 0), (9, 1), (10, 0), (11, 1), (4, 2), (5, 3), (6, 2), (7, 3), (8, 2), (9, 3), (10, 2), (11, 3)]
length: 16 76
Estimated difference between T3^fnT3 - (T2^WT3 + h.c.) is: -1.3146898458672122e-06 1.7284093908263543e-12
total cost: -7.784149464136726
singles alt: [(4, 0), (5, 1), (6, 0), (7, 1), (8, 0), (9, 1), (10, 0), (11, 1), (4, 2), (5, 3), (6, 2), (7, 3), (8, 2), (9, 3), (10, 2), (11, 3)]
length: 16 76
Estimated difference between T3^fnT3 - (T2^WT3 + h.c.) is: -1.3146898458486415e-06 1.7284093907775246e-12
total cost: -7.784149464136726
singles alt: [(4, 0), (5, 1), (6, 0), (7, 1), (8, 0), (9, 1), (10, 0), (11, 1), (4, 2), (5, 3), (6, 2), (7, 3), (8, 2), (9, 3), (10, 2), (11, 3)]
length: 16 76
Estimated difference between T3^fnT3 - (T2^WT3 + h.c.) is: -1.3146897450731466e-06 1.7284091258004954e-12
total cost: -7.784149464136721
singles alt: [(4, 0), (5, 1), (6, 0), (7, 1), (8, 0), (9, 1), (10, 0), (11, 1), (4, 2), (5, 3), (6, 2), (7, 3), (8, 2), (9, 3), (10, 2), (11, 3)]
length: 16 76
Estimated difference between T3^fnT3 - (T2^WT3 + h.c.) is: -1.314689731695813e-06 1.7284090906264089e-12
total cost: -7.784149464136725
singles alt: [(4, 0), (5, 1), (6, 0), (7, 1), (8, 0), (9, 1), (10, 0), (11, 1), (4, 2), (5, 3), (6, 2), (7, 3), (8, 2), (9, 3), (10, 2), (11, 3)]
length: 16 76
Estimated difference between T3^fnT3 - (T2^WT3 + h.c.) is: -1.3146897316958297e-06 1.7284090906264527e-12
total cost: -7.78414946413673
singles alt: [(4, 0), (5, 1), (6, 0), (7, 1), (8, 0), (9, 1), (10, 0), (11, 1), (4, 2), (5, 3), (6, 2), (7, 3), (8, 2), (9, 3), (10, 2), (11, 3)]
length: 16 76
Estimated difference between T3^fnT3 - (T2^WT3 + h.c.) is: -1.3146897316955165e-06 1.7284090906256294e-12
total cost: -7.784149464136732
singles alt: [(4, 0), (5, 1), (6, 0), (7, 1), (8, 0), (9, 1), (10, 0), (11, 1), (4, 2), (5, 3), (6, 2), (7, 3), (8, 2), (9, 3), (10, 2), (11, 3)]
length: 16 76
Estimated difference between T3^fnT3 - (T2^WT3 + h.c.) is: -1.3146897316956648e-06 1.7284090906260191e-12
total cost: -7.784149464136731
singles alt: [(4, 0), (5, 1), (6, 0), (7, 1), (8, 0), (9, 1), (10, 0), (11, 1), (4, 2), (5, 3), (6, 2), (7, 3), (8, 2), (9, 3), (10, 2), (11, 3)]
length: 16 76
Estimated difference between T3^fnT3 - (T2^WT3 + h.c.) is: -1.3146897316956792e-06 1.7284090906260569e-12
total cost: -7.784149464136731
singles alt: [(4, 0), (5, 1), (6, 0), (7, 1), (8, 0), (9, 1), (10, 0), (11, 1), (4, 2), (5, 3), (6, 2), (7, 3), (8, 2), (9, 3), (10, 2), (11, 3)]
length: 16 76
Estimated difference between T3^fnT3 - (T2^WT3 + h.c.) is: -1.3146897316963737e-06 1.728409090627883e-12
total cost: -7.78414946413673
singles alt: [(4, 0), (5, 1), (6, 0), (7, 1), (8, 0), (9, 1), (10, 0), (11, 1), (4, 2), (5, 3), (6, 2), (7, 3), (8, 2), (9, 3), (10, 2), (11, 3)]
length: 16 76
Estimated difference between T3^fnT3 - (T2^WT3 + h.c.) is: -1.3146897316961717e-06 1.728409090627352e-12
total cost: -7.78414946413673
singles alt: [(4, 0), (5, 1), (6, 0), (7, 1), (8, 0), (9, 1), (10, 0), (11, 1), (4, 2), (5, 3), (6, 2), (7, 3), (8, 2), (9, 3), (10, 2), (11, 3)]
length: 16 76
Estimated difference between T3^fnT3 - (T2^WT3 + h.c.) is: -1.3146897316956762e-06 1.7284090906260492e-12
total cost: -7.784149464136731
singles alt: [(4, 0), (5, 1), (6, 0), (7, 1), (8, 0), (9, 1), (10, 0), (11, 1), (4, 2), (5, 3), (6, 2), (7, 3), (8, 2), (9, 3), (10, 2), (11, 3)]
length: 16 76
Estimated difference between T3^fnT3 - (T2^WT3 + h.c.) is: -1.3146897468290381e-06 1.7284091304174003e-12
total cost: -7.78414946413675
singles alt: [(4, 0), (5, 1), (6, 0), (7, 1), (8, 0), (9, 1), (10, 0), (11, 1), (4, 2), (5, 3), (6, 2), (7, 3), (8, 2), (9, 3), (10, 2), (11, 3)]
length: 16 76
Estimated difference between T3^fnT3 - (T2^WT3 + h.c.) is: -1.3146898458628994e-06 1.7284093908150141e-12
total cost: -7.784149464136725
singles alt: [(4, 0), (5, 1), (6, 0), (7, 1), (8, 0), (9, 1), (10, 0), (11, 1), (4, 2), (5, 3), (6, 2), (7, 3), (8, 2), (9, 3), (10, 2), (11, 3)]
length: 16 76
Estimated difference between T3^fnT3 - (T2^WT3 + h.c.) is: -1.3146898458425991e-06 1.7284093907616371e-12
total cost: -7.784149464136726
singles alt: [(4, 0), (5, 1), (6, 0), (7, 1), (8, 0), (9, 1), (10, 0), (11, 1), (4, 2), (5, 3), (6, 2), (7, 3), (8, 2), (9, 3), (10, 2), (11, 3)]
length: 16 76
Estimated difference between T3^fnT3 - (T2^WT3 + h.c.) is: -1.3146897450731068e-06 1.7284091258003905e-12
total cost: -7.784149464136726
singles alt: [(4, 0), (5, 1), (6, 0), (7, 1), (8, 0), (9, 1), (10, 0), (11, 1), (4, 2), (5, 3), (6, 2), (7, 3), (8, 2), (9, 3), (10, 2), (11, 3)]
length: 16 76
Estimated difference between T3^fnT3 - (T2^WT3 + h.c.) is: -1.3146899257780807e-06 1.7284096009423755e-12
total cost: -7.784149464078809
singles alt: [(4, 0), (5, 1), (6, 0), (7, 1), (8, 0), (9, 1), (10, 0), (11, 1), (4, 2), (5, 3), (6, 2), (7, 3), (8, 2), (9, 3), (10, 2), (11, 3)]
length: 16 76
Estimated difference between T3^fnT3 - (T2^WT3 + h.c.) is: -1.3146898968979609e-06 1.728409525005571e-12
total cost: -7.784149464204292
singles alt: [(4, 0), (5, 1), (6, 0), (7, 1), (8, 0), (9, 1), (10, 0), (11, 1), (4, 2), (5, 3), (6, 2), (7, 3), (8, 2), (9, 3), (10, 2), (11, 3)]
length: 16 76
Estimated difference between T3^fnT3 - (T2^WT3 + h.c.) is: -1.314689969445088e-06 1.7284097157595268e-12
total cost: -7.784149464204281
singles alt: [(4, 0), (5, 1), (6, 0), (7, 1), (8, 0), (9, 1), (10, 0), (11, 1), (4, 2), (5, 3), (6, 2), (7, 3), (8, 2), (9, 3), (10, 2), (11, 3)]
length: 16 76
Estimated difference between T3^fnT3 - (T2^WT3 + h.c.) is: -1.3146898952766085e-06 1.7284095207424198e-12
total cost: -7.784149464198554
singles alt: [(4, 0), (5, 1), (6, 0), (7, 1), (8, 0), (9, 1), (10, 0), (11, 1), (4, 2), (5, 3), (6, 2), (7, 3), (8, 2), (9, 3), (10, 2), (11, 3)]
length: 16 76
Estimated difference between T3^fnT3 - (T2^WT3 + h.c.) is: -1.3146897316957427e-06 1.7284090906262239e-12
total cost: -7.784149464136725
singles alt: [(4, 0), (5, 1), (6, 0), (7, 1), (8, 0), (9, 1), (10, 0), (11, 1), (4, 2), (5, 3), (6, 2), (7, 3), (8, 2), (9, 3), (10, 2), (11, 3)]
length: 16 76
Estimated difference between T3^fnT3 - (T2^WT3 + h.c.) is: -1.3146897316956766e-06 1.7284090906260502e-12
total cost: -7.784149464136731
singles alt: [(4, 0), (5, 1), (6, 0), (7, 1), (8, 0), (9, 1), (10, 0), (11, 1), (4, 2), (5, 3), (6, 2), (7, 3), (8, 2), (9, 3), (10, 2), (11, 3)]
length: 16 76
Estimated difference between T3^fnT3 - (T2^WT3 + h.c.) is: -1.3146897316955373e-06 1.7284090906256839e-12
total cost: -7.784149464136731
singles alt: [(4, 0), (5, 1), (6, 0), (7, 1), (8, 0), (9, 1), (10, 0), (11, 1), (4, 2), (5, 3), (6, 2), (7, 3), (8, 2), (9, 3), (10, 2), (11, 3)]
length: 16 76
Estimated difference between T3^fnT3 - (T2^WT3 + h.c.) is: -1.3146897316956965e-06 1.7284090906261025e-12
total cost: -7.784149464136731
singles alt: [(4, 0), (5, 1), (6, 0), (7, 1), (8, 0), (9, 1), (10, 0), (11, 1), (4, 2), (5, 3), (6, 2), (7, 3), (8, 2), (9, 3), (10, 2), (11, 3)]
length: 16 76
Estimated difference between T3^fnT3 - (T2^WT3 + h.c.) is: -1.3146897981455812e-06 1.728409265348069e-12
total cost: -7.784149464121298
singles alt: [(4, 0), (5, 1), (6, 0), (7, 1), (8, 0), (9, 1), (10, 0), (11, 1), (4, 2), (5, 3), (6, 2), (7, 3), (8, 2), (9, 3), (10, 2), (11, 3)]
length: 16 76
Estimated difference between T3^fnT3 - (T2^WT3 + h.c.) is: -1.3146896931209894e-06 1.7284089891985614e-12
total cost: -7.784149464114894
singles alt: [(4, 0), (5, 1), (6, 0), (7, 1), (8, 0), (9, 1), (10, 0), (11, 1), (4, 2), (5, 3), (6, 2), (7, 3), (8, 2), (9, 3), (10, 2), (11, 3)]
length: 16 76
Estimated difference between T3^fnT3 - (T2^WT3 + h.c.) is: -1.3146896010420537e-06 1.7284087470881142e-12
total cost: -7.784149464039836
singles alt: [(4, 0), (5, 1), (6, 0), (7, 1), (8, 0), (9, 1), (10, 0), (11, 1), (4, 2), (5, 3), (6, 2), (7, 3), (8, 2), (9, 3), (10, 2), (11, 3)]
length: 16 76
Estimated difference between T3^fnT3 - (T2^WT3 + h.c.) is: -1.3146896085354725e-06 1.728408766791154e-12
total cost: -7.784149464082786
singles alt: [(4, 0), (5, 1), (6, 0), (7, 1), (8, 0), (9, 1), (10, 0), (11, 1), (4, 2), (5, 3), (6, 2), (7, 3), (8, 2), (9, 3), (10, 2), (11, 3)]
length: 16 76
Estimated difference between T3^fnT3 - (T2^WT3 + h.c.) is: -1.3146897316957347e-06 1.7284090906262027e-12
total cost: -7.784149464136726
singles alt: [(4, 0), (5, 1), (6, 0), (7, 1), (8, 0), (9, 1), (10, 0), (11, 1), (4, 2), (5, 3), (6, 2), (7, 3), (8, 2), (9, 3), (10, 2), (11, 3)]
length: 16 76
Estimated difference between T3^fnT3 - (T2^WT3 + h.c.) is: -1.3146897316954437e-06 1.7284090906254377e-12
total cost: -7.784149464136733
singles alt: [(4, 0), (5, 1), (6, 0), (7, 1), (8, 0), (9, 1), (10, 0), (11, 1), (4, 2), (5, 3), (6, 2), (7, 3), (8, 2), (9, 3), (10, 2), (11, 3)]
length: 16 76
Estimated difference between T3^fnT3 - (T2^WT3 + h.c.) is: -1.314689731695757e-06 1.7284090906262619e-12
total cost: -7.784149464136731
singles alt: [(4, 0), (5, 1), (6, 0), (7, 1), (8, 0), (9, 1), (10, 0), (11, 1), (4, 2), (5, 3), (6, 2), (7, 3), (8, 2), (9, 3), (10, 2), (11, 3)]
length: 16 76
Estimated difference between T3^fnT3 - (T2^WT3 + h.c.) is: -1.3146897316957088e-06 1.7284090906261348e-12
total cost: -7.78414946413673
singles alt: [(4, 0), (5, 1), (6, 0), (7, 1), (8, 0), (9, 1), (10, 0), (11, 1), (4, 2), (5, 3), (6, 2), (7, 3), (8, 2), (9, 3), (10, 2), (11, 3)]
length: 16 76
Estimated difference between T3^fnT3 - (T2^WT3 + h.c.) is: -1.3146897316958691e-06 1.7284090906265563e-12
total cost: -7.784149464136722
singles alt: [(4, 0), (5, 1), (6, 0), (7, 1), (8, 0), (9, 1), (10, 0), (11, 1), (4, 2), (5, 3), (6, 2), (7, 3), (8, 2), (9, 3), (10, 2), (11, 3)]
length: 16 76
Estimated difference between T3^fnT3 - (T2^WT3 + h.c.) is: -1.3146897316956093e-06 1.7284090906258731e-12
total cost: -7.784149464136731
singles alt: [(4, 0), (5, 1), (6, 0), (7, 1), (8, 0), (9, 1), (10, 0), (11, 1), (4, 2), (5, 3), (6, 2), (7, 3), (8, 2), (9, 3), (10, 2), (11, 3)]
length: 16 76
Estimated difference between T3^fnT3 - (T2^WT3 + h.c.) is: -1.3146897316957368e-06 1.7284090906262083e-12
total cost: -7.784149464136731
singles alt: [(4, 0), (5, 1), (6, 0), (7, 1), (8, 0), (9, 1), (10, 0), (11, 1), (4, 2), (5, 3), (6, 2), (7, 3), (8, 2), (9, 3), (10, 2), (11, 3)]
length: 16 76
Estimated difference between T3^fnT3 - (T2^WT3 + h.c.) is: -1.3146897316957054e-06 1.728409090626126e-12
total cost: -7.78414946413673
singles alt: [(4, 0), (5, 1), (6, 0), (7, 1), (8, 0), (9, 1), (10, 0), (11, 1), (4, 2), (5, 3), (6, 2), (7, 3), (8, 2), (9, 3), (10, 2), (11, 3)]
length: 16 76
Estimated difference between T3^fnT3 - (T2^WT3 + h.c.) is: -1.3146899035857703e-06 1.7284095425903619e-12
total cost: -7.784149464478057
singles alt: [(4, 0), (5, 1), (6, 0), (7, 1), (8, 0), (9, 1), (10, 0), (11, 1), (4, 2), (5, 3), (6, 2), (7, 3), (8, 2), (9, 3), (10, 2), (11, 3)]
length: 16 76
Estimated difference between T3^fnT3 - (T2^WT3 + h.c.) is: -1.31468976400926e-06 1.7284091755907237e-12
total cost: -7.784149464169794
singles alt: [(4, 0), (5, 1), (6, 0), (7, 1), (8, 0), (9, 1), (10, 0), (11, 1), (4, 2), (5, 3), (6, 2), (7, 3), (8, 2), (9, 3), (10, 2), (11, 3)]
length: 16 76
Estimated difference between T3^fnT3 - (T2^WT3 + h.c.) is: -1.314689763963453e-06 1.72840917547028e-12
total cost: -7.784149464169788
singles alt: [(4, 0), (5, 1), (6, 0), (7, 1), (8, 0), (9, 1), (10, 0), (11, 1), (4, 2), (5, 3), (6, 2), (7, 3), (8, 2), (9, 3), (10, 2), (11, 3)]
length: 16 76
Estimated difference between T3^fnT3 - (T2^WT3 + h.c.) is: -1.3146898643411304e-06 1.7284094394012999e-12
total cost: -7.784149464047952
singles alt: [(4, 0), (5, 1), (6, 0), (7, 1), (8, 0), (9, 1), (10, 0), (11, 1), (4, 2), (5, 3), (6, 2), (7, 3), (8, 2), (9, 3), (10, 2), (11, 3)]
length: 16 76
Estimated difference between T3^fnT3 - (T2^WT3 + h.c.) is: -1.314689731696458e-06 1.7284090906281048e-12
total cost: -7.78414946413673
singles alt: [(4, 0), (5, 1), (6, 0), (7, 1), (8, 0), (9, 1), (10, 0), (11, 1), (4, 2), (5, 3), (6, 2), (7, 3), (8, 2), (9, 3), (10, 2), (11, 3)]
length: 16 76
Estimated difference between T3^fnT3 - (T2^WT3 + h.c.) is: -1.3146897316955201e-06 1.7284090906256388e-12
total cost: -7.784149464136731
singles alt: [(4, 0), (5, 1), (6, 0), (7, 1), (8, 0), (9, 1), (10, 0), (11, 1), (4, 2), (5, 3), (6, 2), (7, 3), (8, 2), (9, 3), (10, 2), (11, 3)]
length: 16 76
Estimated difference between T3^fnT3 - (T2^WT3 + h.c.) is: -1.3146897316946803e-06 1.7284090906234305e-12
total cost: -7.784149464136731
singles alt: [(4, 0), (5, 1), (6, 0), (7, 1), (8, 0), (9, 1), (10, 0), (11, 1), (4, 2), (5, 3), (6, 2), (7, 3), (8, 2), (9, 3), (10, 2), (11, 3)]
length: 16 76
Estimated difference between T3^fnT3 - (T2^WT3 + h.c.) is: -1.3146897316956593e-06 1.7284090906260046e-12
total cost: -7.784149464136731
singles alt: [(4, 0), (5, 1), (6, 0), (7, 1), (8, 0), (9, 1), (10, 0), (11, 1), (4, 2), (5, 3), (6, 2), (7, 3), (8, 2), (9, 3), (10, 2), (11, 3)]
length: 16 76
Estimated difference between T3^fnT3 - (T2^WT3 + h.c.) is: -1.314689643568294e-06 1.7284088589057278e-12
total cost: -7.784149464062063
singles alt: [(4, 0), (5, 1), (6, 0), (7, 1), (8, 0), (9, 1), (10, 0), (11, 1), (4, 2), (5, 3), (6, 2), (7, 3), (8, 2), (9, 3), (10, 2), (11, 3)]
length: 16 76
Estimated difference between T3^fnT3 - (T2^WT3 + h.c.) is: -1.3146896437312869e-06 1.7284088593342979e-12
total cost: -7.784149464062014
singles alt: [(4, 0), (5, 1), (6, 0), (7, 1), (8, 0), (9, 1), (10, 0), (11, 1), (4, 2), (5, 3), (6, 2), (7, 3), (8, 2), (9, 3), (10, 2), (11, 3)]
length: 16 76
Estimated difference between T3^fnT3 - (T2^WT3 + h.c.) is: -1.3146894901910365e-06 1.7284084556187675e-12
total cost: -7.784149464136783
singles alt: [(4, 0), (5, 1), (6, 0), (7, 1), (8, 0), (9, 1), (10, 0), (11, 1), (4, 2), (5, 3), (6, 2), (7, 3), (8, 2), (9, 3), (10, 2), (11, 3)]
length: 16 76
Estimated difference between T3^fnT3 - (T2^WT3 + h.c.) is: -1.3146899730813393e-06 1.7284097253206128e-12
total cost: -7.7841494641366795
singles alt: [(4, 0), (5, 1), (6, 0), (7, 1), (8, 0), (9, 1), (10, 0), (11, 1), (4, 2), (5, 3), (6, 2), (7, 3), (8, 2), (9, 3), (10, 2), (11, 3)]
length: 16 76
Estimated difference between T3^fnT3 - (T2^WT3 + h.c.) is: -1.3146897316957878e-06 1.7284090906263424e-12
total cost: -7.784149464136731
singles alt: [(4, 0), (5, 1), (6, 0), (7, 1), (8, 0), (9, 1), (10, 0), (11, 1), (4, 2), (5, 3), (6, 2), (7, 3), (8, 2), (9, 3), (10, 2), (11, 3)]
length: 16 76
Estimated difference between T3^fnT3 - (T2^WT3 + h.c.) is: -1.3146897316962867e-06 1.7284090906276543e-12
total cost: -7.78414946413673
singles alt: [(4, 0), (5, 1), (6, 0), (7, 1), (8, 0), (9, 1), (10, 0), (11, 1), (4, 2), (5, 3), (6, 2), (7, 3), (8, 2), (9, 3), (10, 2), (11, 3)]
length: 16 76
Estimated difference between T3^fnT3 - (T2^WT3 + h.c.) is: -1.314689731696327e-06 1.7284090906277601e-12
total cost: -7.784149464136731
singles alt: [(4, 0), (5, 1), (6, 0), (7, 1), (8, 0), (9, 1), (10, 0), (11, 1), (4, 2), (5, 3), (6, 2), (7, 3), (8, 2), (9, 3), (10, 2), (11, 3)]
length: 16 76
Estimated difference between T3^fnT3 - (T2^WT3 + h.c.) is: -1.3146897316960326e-06 1.7284090906269862e-12
total cost: -7.784149464136731
singles alt: [(4, 0), (5, 1), (6, 0), (7, 1), (8, 0), (9, 1), (10, 0), (11, 1), (4, 2), (5, 3), (6, 2), (7, 3), (8, 2), (9, 3), (10, 2), (11, 3)]
length: 16 76
Estimated difference between T3^fnT3 - (T2^WT3 + h.c.) is: -1.3146897316956703e-06 1.7284090906260335e-12
total cost: -7.784149464141639
singles alt: [(4, 0), (5, 1), (6, 0), (7, 1), (8, 0), (9, 1), (10, 0), (11, 1), (4, 2), (5, 3), (6, 2), (7, 3), (8, 2), (9, 3), (10, 2), (11, 3)]
length: 16 76
Estimated difference between T3^fnT3 - (T2^WT3 + h.c.) is: -1.3146897316956703e-06 1.7284090906260335e-12
total cost: -7.784149464141622
singles alt: [(4, 0), (5, 1), (6, 0), (7, 1), (8, 0), (9, 1), (10, 0), (11, 1), (4, 2), (5, 3), (6, 2), (7, 3), (8, 2), (9, 3), (10, 2), (11, 3)]
length: 16 76
Estimated difference between T3^fnT3 - (T2^WT3 + h.c.) is: -1.3146897316956703e-06 1.7284090906260335e-12
total cost: -7.784149464136731
singles alt: [(4, 0), (5, 1), (6, 0), (7, 1), (8, 0), (9, 1), (10, 0), (11, 1), (4, 2), (5, 3), (6, 2), (7, 3), (8, 2), (9, 3), (10, 2), (11, 3)]
length: 16 76
Estimated difference between T3^fnT3 - (T2^WT3 + h.c.) is: -1.3146897316956703e-06 1.7284090906260335e-12
total cost: -7.784149464136731
singles alt: [(4, 0), (5, 1), (6, 0), (7, 1), (8, 0), (9, 1), (10, 0), (11, 1), (4, 2), (5, 3), (6, 2), (7, 3), (8, 2), (9, 3), (10, 2), (11, 3)]
length: 16 76
Estimated difference between T3^fnT3 - (T2^WT3 + h.c.) is: -1.3146897316956703e-06 1.7284090906260335e-12
total cost: -7.784149464136729
singles alt: [(4, 0), (5, 1), (6, 0), (7, 1), (8, 0), (9, 1), (10, 0), (11, 1), (4, 2), (5, 3), (6, 2), (7, 3), (8, 2), (9, 3), (10, 2), (11, 3)]
length: 16 76
Estimated difference between T3^fnT3 - (T2^WT3 + h.c.) is: -1.3146897316956703e-06 1.7284090906260335e-12
total cost: -7.78414946413673
singles alt: [(4, 0), (5, 1), (6, 0), (7, 1), (8, 0), (9, 1), (10, 0), (11, 1), (4, 2), (5, 3), (6, 2), (7, 3), (8, 2), (9, 3), (10, 2), (11, 3)]
length: 16 76
Estimated difference between T3^fnT3 - (T2^WT3 + h.c.) is: -1.3146897316956703e-06 1.7284090906260335e-12
total cost: -7.784149464146205
singles alt: [(4, 0), (5, 1), (6, 0), (7, 1), (8, 0), (9, 1), (10, 0), (11, 1), (4, 2), (5, 3), (6, 2), (7, 3), (8, 2), (9, 3), (10, 2), (11, 3)]
length: 16 76
Estimated difference between T3^fnT3 - (T2^WT3 + h.c.) is: -1.3146897316956703e-06 1.7284090906260335e-12
total cost: -7.78414946414619
singles alt: [(4, 0), (5, 1), (6, 0), (7, 1), (8, 0), (9, 1), (10, 0), (11, 1), (4, 2), (5, 3), (6, 2), (7, 3), (8, 2), (9, 3), (10, 2), (11, 3)]
length: 16 76
Estimated difference between T3^fnT3 - (T2^WT3 + h.c.) is: -1.3146897316956703e-06 1.7284090906260335e-12
total cost: -7.784149464236362
singles alt: [(4, 0), (5, 1), (6, 0), (7, 1), (8, 0), (9, 1), (10, 0), (11, 1), (4, 2), (5, 3), (6, 2), (7, 3), (8, 2), (9, 3), (10, 2), (11, 3)]
length: 16 76
Estimated difference between T3^fnT3 - (T2^WT3 + h.c.) is: -1.3146897316956703e-06 1.7284090906260335e-12
total cost: -7.784149464236252
singles alt: [(4, 0), (5, 1), (6, 0), (7, 1), (8, 0), (9, 1), (10, 0), (11, 1), (4, 2), (5, 3), (6, 2), (7, 3), (8, 2), (9, 3), (10, 2), (11, 3)]
length: 16 76
Estimated difference between T3^fnT3 - (T2^WT3 + h.c.) is: -1.3146897316956703e-06 1.7284090906260335e-12
total cost: -7.784149464136731
singles alt: [(4, 0), (5, 1), (6, 0), (7, 1), (8, 0), (9, 1), (10, 0), (11, 1), (4, 2), (5, 3), (6, 2), (7, 3), (8, 2), (9, 3), (10, 2), (11, 3)]
length: 16 76
Estimated difference between T3^fnT3 - (T2^WT3 + h.c.) is: -1.3146897316956703e-06 1.7284090906260335e-12
total cost: -7.78414946413673
singles alt: [(4, 0), (5, 1), (6, 0), (7, 1), (8, 0), (9, 1), (10, 0), (11, 1), (4, 2), (5, 3), (6, 2), (7, 3), (8, 2), (9, 3), (10, 2), (11, 3)]
length: 16 76
Estimated difference between T3^fnT3 - (T2^WT3 + h.c.) is: -1.3146897316956703e-06 1.7284090906260335e-12
total cost: -7.784149464136731
singles alt: [(4, 0), (5, 1), (6, 0), (7, 1), (8, 0), (9, 1), (10, 0), (11, 1), (4, 2), (5, 3), (6, 2), (7, 3), (8, 2), (9, 3), (10, 2), (11, 3)]
length: 16 76
Estimated difference between T3^fnT3 - (T2^WT3 + h.c.) is: -1.3146897316956703e-06 1.7284090906260335e-12
total cost: -7.784149464136731
singles alt: [(4, 0), (5, 1), (6, 0), (7, 1), (8, 0), (9, 1), (10, 0), (11, 1), (4, 2), (5, 3), (6, 2), (7, 3), (8, 2), (9, 3), (10, 2), (11, 3)]
length: 16 76
Estimated difference between T3^fnT3 - (T2^WT3 + h.c.) is: -1.3146897316956703e-06 1.7284090906260335e-12
total cost: -7.784149464137299
singles alt: [(4, 0), (5, 1), (6, 0), (7, 1), (8, 0), (9, 1), (10, 0), (11, 1), (4, 2), (5, 3), (6, 2), (7, 3), (8, 2), (9, 3), (10, 2), (11, 3)]
length: 16 76
Estimated difference between T3^fnT3 - (T2^WT3 + h.c.) is: -1.3146897316956703e-06 1.7284090906260335e-12
total cost: -7.784149464137286
singles alt: [(4, 0), (5, 1), (6, 0), (7, 1), (8, 0), (9, 1), (10, 0), (11, 1), (4, 2), (5, 3), (6, 2), (7, 3), (8, 2), (9, 3), (10, 2), (11, 3)]
callback: energy=-7.784148149447
singles alt: [(4, 0), (5, 1), (6, 0), (7, 1), (8, 0), (9, 1), (10, 0), (11, 1), (4, 2), (5, 3), (6, 2), (7, 3), (8, 2), (9, 3), (10, 2), (11, 3)]
length: 16 76
Estimated difference between T3^fnT3 - (T2^WT3 + h.c.) is: -1.5825682276070428e-06 2.504522195031297e-12
total cost: -7.784255743475541
singles alt: [(4, 0), (5, 1), (6, 0), (7, 1), (8, 0), (9, 1), (10, 0), (11, 1), (4, 2), (5, 3), (6, 2), (7, 3), (8, 2), (9, 3), (10, 2), (11, 3)]
length: 16 76
Estimated difference between T3^fnT3 - (T2^WT3 + h.c.) is: -1.5825685344856378e-06 2.504523166344019e-12
total cost: -7.784255743481791
singles alt: [(4, 0), (5, 1), (6, 0), (7, 1), (8, 0), (9, 1), (10, 0), (11, 1), (4, 2), (5, 3), (6, 2), (7, 3), (8, 2), (9, 3), (10, 2), (11, 3)]
length: 16 76
Estimated difference between T3^fnT3 - (T2^WT3 + h.c.) is: -1.582568282376057e-06 2.5045223683827034e-12
total cost: -7.784255743472619
singles alt: [(4, 0), (5, 1), (6, 0), (7, 1), (8, 0), (9, 1), (10, 0), (11, 1), (4, 2), (5, 3), (6, 2), (7, 3), (8, 2), (9, 3), (10, 2), (11, 3)]
length: 16 76
Estimated difference between T3^fnT3 - (T2^WT3 + h.c.) is: -1.5825682823746414e-06 2.504522368378223e-12
total cost: -7.7842557434726105
singles alt: [(4, 0), (5, 1), (6, 0), (7, 1), (8, 0), (9, 1), (10, 0), (11, 1), (4, 2), (5, 3), (6, 2), (7, 3), (8, 2), (9, 3), (10, 2), (11, 3)]
length: 16 76
Estimated difference between T3^fnT3 - (T2^WT3 + h.c.) is: -1.5825682870737335e-06 2.504522383251491e-12
total cost: -7.784255743507747
singles alt: [(4, 0), (5, 1), (6, 0), (7, 1), (8, 0), (9, 1), (10, 0), (11, 1), (4, 2), (5, 3), (6, 2), (7, 3), (8, 2), (9, 3), (10, 2), (11, 3)]
length: 16 76
Estimated difference between T3^fnT3 - (T2^WT3 + h.c.) is: -1.582568227607661e-06 2.5045221950332534e-12
total cost: -7.784255743475536
singles alt: [(4, 0), (5, 1), (6, 0), (7, 1), (8, 0), (9, 1), (10, 0), (11, 1), (4, 2), (5, 3), (6, 2), (7, 3), (8, 2), (9, 3), (10, 2), (11, 3)]
length: 16 76
Estimated difference between T3^fnT3 - (T2^WT3 + h.c.) is: -1.5825682276075921e-06 2.5045221950330357e-12
total cost: -7.784255743475541
singles alt: [(4, 0), (5, 1), (6, 0), (7, 1), (8, 0), (9, 1), (10, 0), (11, 1), (4, 2), (5, 3), (6, 2), (7, 3), (8, 2), (9, 3), (10, 2), (11, 3)]
length: 16 76
Estimated difference between T3^fnT3 - (T2^WT3 + h.c.) is: -1.5825682276064158e-06 2.504522195029312e-12
total cost: -7.78425574347554
singles alt: [(4, 0), (5, 1), (6, 0), (7, 1), (8, 0), (9, 1), (10, 0), (11, 1), (4, 2), (5, 3), (6, 2), (7, 3), (8, 2), (9, 3), (10, 2), (11, 3)]
length: 16 76
Estimated difference between T3^fnT3 - (T2^WT3 + h.c.) is: -1.5825682276070263e-06 2.5045221950312448e-12
total cost: -7.78425574347554
singles alt: [(4, 0), (5, 1), (6, 0), (7, 1), (8, 0), (9, 1), (10, 0), (11, 1), (4, 2), (5, 3), (6, 2), (7, 3), (8, 2), (9, 3), (10, 2), (11, 3)]
length: 16 76
Estimated difference between T3^fnT3 - (T2^WT3 + h.c.) is: -1.5825682276076046e-06 2.5045221950330752e-12
total cost: -7.784255743475536
singles alt: [(4, 0), (5, 1), (6, 0), (7, 1), (8, 0), (9, 1), (10, 0), (11, 1), (4, 2), (5, 3), (6, 2), (7, 3), (8, 2), (9, 3), (10, 2), (11, 3)]
length: 16 76
Estimated difference between T3^fnT3 - (T2^WT3 + h.c.) is: -1.5825682276080076e-06 2.5045221950343503e-12
total cost: -7.78425574347554
singles alt: [(4, 0), (5, 1), (6, 0), (7, 1), (8, 0), (9, 1), (10, 0), (11, 1), (4, 2), (5, 3), (6, 2), (7, 3), (8, 2), (9, 3), (10, 2), (11, 3)]
length: 16 76
Estimated difference between T3^fnT3 - (T2^WT3 + h.c.) is: -1.5825682276082388e-06 2.5045221950350826e-12
total cost: -7.78425574347554
singles alt: [(4, 0), (5, 1), (6, 0), (7, 1), (8, 0), (9, 1), (10, 0), (11, 1), (4, 2), (5, 3), (6, 2), (7, 3), (8, 2), (9, 3), (10, 2), (11, 3)]
length: 16 76
Estimated difference between T3^fnT3 - (T2^WT3 + h.c.) is: -1.5825682276070858e-06 2.504522195031433e-12
total cost: -7.784255743475541
singles alt: [(4, 0), (5, 1), (6, 0), (7, 1), (8, 0), (9, 1), (10, 0), (11, 1), (4, 2), (5, 3), (6, 2), (7, 3), (8, 2), (9, 3), (10, 2), (11, 3)]
length: 16 76
Estimated difference between T3^fnT3 - (T2^WT3 + h.c.) is: -1.5825682855960414e-06 2.5045223785743933e-12
total cost: -7.78425574355024
singles alt: [(4, 0), (5, 1), (6, 0), (7, 1), (8, 0), (9, 1), (10, 0), (11, 1), (4, 2), (5, 3), (6, 2), (7, 3), (8, 2), (9, 3), (10, 2), (11, 3)]
length: 16 76
Estimated difference between T3^fnT3 - (T2^WT3 + h.c.) is: -1.582568020974369e-06 2.504521541010731e-12
total cost: -7.7842557435169155
singles alt: [(4, 0), (5, 1), (6, 0), (7, 1), (8, 0), (9, 1), (10, 0), (11, 1), (4, 2), (5, 3), (6, 2), (7, 3), (8, 2), (9, 3), (10, 2), (11, 3)]
length: 16 76
Estimated difference between T3^fnT3 - (T2^WT3 + h.c.) is: -1.5825681807621252e-06 2.5045220467607424e-12
total cost: -7.784255743482586
singles alt: [(4, 0), (5, 1), (6, 0), (7, 1), (8, 0), (9, 1), (10, 0), (11, 1), (4, 2), (5, 3), (6, 2), (7, 3), (8, 2), (9, 3), (10, 2), (11, 3)]
length: 16 76
Estimated difference between T3^fnT3 - (T2^WT3 + h.c.) is: -1.5825680877256797e-06 2.5045217522877143e-12
total cost: -7.784255743533397
singles alt: [(4, 0), (5, 1), (6, 0), (7, 1), (8, 0), (9, 1), (10, 0), (11, 1), (4, 2), (5, 3), (6, 2), (7, 3), (8, 2), (9, 3), (10, 2), (11, 3)]
length: 16 76
Estimated difference between T3^fnT3 - (T2^WT3 + h.c.) is: -1.582568227606784e-06 2.5045221950304778e-12
total cost: -7.784255743475541
singles alt: [(4, 0), (5, 1), (6, 0), (7, 1), (8, 0), (9, 1), (10, 0), (11, 1), (4, 2), (5, 3), (6, 2), (7, 3), (8, 2), (9, 3), (10, 2), (11, 3)]
length: 16 76
Estimated difference between T3^fnT3 - (T2^WT3 + h.c.) is: -1.5825682276084055e-06 2.50452219503561e-12
total cost: -7.784255743475539
singles alt: [(4, 0), (5, 1), (6, 0), (7, 1), (8, 0), (9, 1), (10, 0), (11, 1), (4, 2), (5, 3), (6, 2), (7, 3), (8, 2), (9, 3), (10, 2), (11, 3)]
length: 16 76
Estimated difference between T3^fnT3 - (T2^WT3 + h.c.) is: -1.5825682276086732e-06 2.504522195036457e-12
total cost: -7.784255743475539
singles alt: [(4, 0), (5, 1), (6, 0), (7, 1), (8, 0), (9, 1), (10, 0), (11, 1), (4, 2), (5, 3), (6, 2), (7, 3), (8, 2), (9, 3), (10, 2), (11, 3)]
length: 16 76
Estimated difference between T3^fnT3 - (T2^WT3 + h.c.) is: -1.582568227606991e-06 2.504522195031133e-12
total cost: -7.784255743475539
singles alt: [(4, 0), (5, 1), (6, 0), (7, 1), (8, 0), (9, 1), (10, 0), (11, 1), (4, 2), (5, 3), (6, 2), (7, 3), (8, 2), (9, 3), (10, 2), (11, 3)]
length: 16 76
Estimated difference between T3^fnT3 - (T2^WT3 + h.c.) is: -1.5825684231070944e-06 2.5045228138156755e-12
total cost: -7.784255743505765
singles alt: [(4, 0), (5, 1), (6, 0), (7, 1), (8, 0), (9, 1), (10, 0), (11, 1), (4, 2), (5, 3), (6, 2), (7, 3), (8, 2), (9, 3), (10, 2), (11, 3)]
length: 16 76
Estimated difference between T3^fnT3 - (T2^WT3 + h.c.) is: -1.5825685349476472e-06 2.5045231678063423e-12
total cost: -7.784255743490795
singles alt: [(4, 0), (5, 1), (6, 0), (7, 1), (8, 0), (9, 1), (10, 0), (11, 1), (4, 2), (5, 3), (6, 2), (7, 3), (8, 2), (9, 3), (10, 2), (11, 3)]
length: 16 76
Estimated difference between T3^fnT3 - (T2^WT3 + h.c.) is: -1.5825684413558043e-06 2.5045228715753397e-12
total cost: -7.784255743490617
singles alt: [(4, 0), (5, 1), (6, 0), (7, 1), (8, 0), (9, 1), (10, 0), (11, 1), (4, 2), (5, 3), (6, 2), (7, 3), (8, 2), (9, 3), (10, 2), (11, 3)]
length: 16 76
Estimated difference between T3^fnT3 - (T2^WT3 + h.c.) is: -1.5825684111326083e-06 2.504522775914788e-12
total cost: -7.784255743441494
singles alt: [(4, 0), (5, 1), (6, 0), (7, 1), (8, 0), (9, 1), (10, 0), (11, 1), (4, 2), (5, 3), (6, 2), (7, 3), (8, 2), (9, 3), (10, 2), (11, 3)]
length: 16 76
Estimated difference between T3^fnT3 - (T2^WT3 + h.c.) is: -1.582568247179468e-06 2.504522256980694e-12
total cost: -7.784255743475538
singles alt: [(4, 0), (5, 1), (6, 0), (7, 1), (8, 0), (9, 1), (10, 0), (11, 1), (4, 2), (5, 3), (6, 2), (7, 3), (8, 2), (9, 3), (10, 2), (11, 3)]
length: 16 76
Estimated difference between T3^fnT3 - (T2^WT3 + h.c.) is: -1.5825683549697808e-06 2.504522598151758e-12
total cost: -7.784255743475534
singles alt: [(4, 0), (5, 1), (6, 0), (7, 1), (8, 0), (9, 1), (10, 0), (11, 1), (4, 2), (5, 3), (6, 2), (7, 3), (8, 2), (9, 3), (10, 2), (11, 3)]
length: 16 76
Estimated difference between T3^fnT3 - (T2^WT3 + h.c.) is: -1.5825683549265078e-06 2.504522598014793e-12
total cost: -7.784255743475533
singles alt: [(4, 0), (5, 1), (6, 0), (7, 1), (8, 0), (9, 1), (10, 0), (11, 1), (4, 2), (5, 3), (6, 2), (7, 3), (8, 2), (9, 3), (10, 2), (11, 3)]
length: 16 76
Estimated difference between T3^fnT3 - (T2^WT3 + h.c.) is: -1.582568244904017e-06 2.5045222497785806e-12
total cost: -7.784255743475536
singles alt: [(4, 0), (5, 1), (6, 0), (7, 1), (8, 0), (9, 1), (10, 0), (11, 1), (4, 2), (5, 3), (6, 2), (7, 3), (8, 2), (9, 3), (10, 2), (11, 3)]
length: 16 76
Estimated difference between T3^fnT3 - (T2^WT3 + h.c.) is: -1.5825682276069416e-06 2.5045221950309766e-12
total cost: -7.784255743475541
singles alt: [(4, 0), (5, 1), (6, 0), (7, 1), (8, 0), (9, 1), (10, 0), (11, 1), (4, 2), (5, 3), (6, 2), (7, 3), (8, 2), (9, 3), (10, 2), (11, 3)]
length: 16 76
Estimated difference between T3^fnT3 - (T2^WT3 + h.c.) is: -1.5825682276070888e-06 2.5045221950314423e-12
total cost: -7.784255743475541
singles alt: [(4, 0), (5, 1), (6, 0), (7, 1), (8, 0), (9, 1), (10, 0), (11, 1), (4, 2), (5, 3), (6, 2), (7, 3), (8, 2), (9, 3), (10, 2), (11, 3)]
length: 16 76
Estimated difference between T3^fnT3 - (T2^WT3 + h.c.) is: -1.5825682276068927e-06 2.504522195030822e-12
total cost: -7.784255743475541
singles alt: [(4, 0), (5, 1), (6, 0), (7, 1), (8, 0), (9, 1), (10, 0), (11, 1), (4, 2), (5, 3), (6, 2), (7, 3), (8, 2), (9, 3), (10, 2), (11, 3)]
length: 16 76
Estimated difference between T3^fnT3 - (T2^WT3 + h.c.) is: -1.5825682276070219e-06 2.5045221950312306e-12
total cost: -7.784255743475541
singles alt: [(4, 0), (5, 1), (6, 0), (7, 1), (8, 0), (9, 1), (10, 0), (11, 1), (4, 2), (5, 3), (6, 2), (7, 3), (8, 2), (9, 3), (10, 2), (11, 3)]
length: 16 76
Estimated difference between T3^fnT3 - (T2^WT3 + h.c.) is: -1.5825682276076855e-06 2.504522195033331e-12
total cost: -7.784255743475536
singles alt: [(4, 0), (5, 1), (6, 0), (7, 1), (8, 0), (9, 1), (10, 0), (11, 1), (4, 2), (5, 3), (6, 2), (7, 3), (8, 2), (9, 3), (10, 2), (11, 3)]
length: 16 76
Estimated difference between T3^fnT3 - (T2^WT3 + h.c.) is: -1.5825682276082683e-06 2.5045221950351755e-12
total cost: -7.78425574347554
singles alt: [(4, 0), (5, 1), (6, 0), (7, 1), (8, 0), (9, 1), (10, 0), (11, 1), (4, 2), (5, 3), (6, 2), (7, 3), (8, 2), (9, 3), (10, 2), (11, 3)]
length: 16 76
Estimated difference between T3^fnT3 - (T2^WT3 + h.c.) is: -1.5825682276079337e-06 2.5045221950341165e-12
total cost: -7.78425574347554
singles alt: [(4, 0), (5, 1), (6, 0), (7, 1), (8, 0), (9, 1), (10, 0), (11, 1), (4, 2), (5, 3), (6, 2), (7, 3), (8, 2), (9, 3), (10, 2), (11, 3)]
length: 16 76
Estimated difference between T3^fnT3 - (T2^WT3 + h.c.) is: -1.582568227607131e-06 2.5045221950315756e-12
total cost: -7.784255743475541
singles alt: [(4, 0), (5, 1), (6, 0), (7, 1), (8, 0), (9, 1), (10, 0), (11, 1), (4, 2), (5, 3), (6, 2), (7, 3), (8, 2), (9, 3), (10, 2), (11, 3)]
length: 16 76
Estimated difference between T3^fnT3 - (T2^WT3 + h.c.) is: -1.5825682471784506e-06 2.5045222569774736e-12
total cost: -7.784255743475544
singles alt: [(4, 0), (5, 1), (6, 0), (7, 1), (8, 0), (9, 1), (10, 0), (11, 1), (4, 2), (5, 3), (6, 2), (7, 3), (8, 2), (9, 3), (10, 2), (11, 3)]
length: 16 76
Estimated difference between T3^fnT3 - (T2^WT3 + h.c.) is: -1.5825683549630048e-06 2.504522598130311e-12
total cost: -7.784255743475535
singles alt: [(4, 0), (5, 1), (6, 0), (7, 1), (8, 0), (9, 1), (10, 0), (11, 1), (4, 2), (5, 3), (6, 2), (7, 3), (8, 2), (9, 3), (10, 2), (11, 3)]
length: 16 76
Estimated difference between T3^fnT3 - (T2^WT3 + h.c.) is: -1.5825683549190067e-06 2.504522597991051e-12
total cost: -7.784255743475535
singles alt: [(4, 0), (5, 1), (6, 0), (7, 1), (8, 0), (9, 1), (10, 0), (11, 1), (4, 2), (5, 3), (6, 2), (7, 3), (8, 2), (9, 3), (10, 2), (11, 3)]
length: 16 76
Estimated difference between T3^fnT3 - (T2^WT3 + h.c.) is: -1.5825682449043598e-06 2.504522249779666e-12
total cost: -7.784255743475539
singles alt: [(4, 0), (5, 1), (6, 0), (7, 1), (8, 0), (9, 1), (10, 0), (11, 1), (4, 2), (5, 3), (6, 2), (7, 3), (8, 2), (9, 3), (10, 2), (11, 3)]
length: 16 76
Estimated difference between T3^fnT3 - (T2^WT3 + h.c.) is: -1.5825684231201514e-06 2.5045228138570026e-12
total cost: -7.784255743505717
singles alt: [(4, 0), (5, 1), (6, 0), (7, 1), (8, 0), (9, 1), (10, 0), (11, 1), (4, 2), (5, 3), (6, 2), (7, 3), (8, 2), (9, 3), (10, 2), (11, 3)]
length: 16 76
Estimated difference between T3^fnT3 - (T2^WT3 + h.c.) is: -1.5825684412764149e-06 2.5045228713240614e-12
total cost: -7.784255743490854
singles alt: [(4, 0), (5, 1), (6, 0), (7, 1), (8, 0), (9, 1), (10, 0), (11, 1), (4, 2), (5, 3), (6, 2), (7, 3), (8, 2), (9, 3), (10, 2), (11, 3)]
length: 16 76
Estimated difference between T3^fnT3 - (T2^WT3 + h.c.) is: -1.5825685349100644e-06 2.5045231676873875e-12
total cost: -7.78425574349094
singles alt: [(4, 0), (5, 1), (6, 0), (7, 1), (8, 0), (9, 1), (10, 0), (11, 1), (4, 2), (5, 3), (6, 2), (7, 3), (8, 2), (9, 3), (10, 2), (11, 3)]
length: 16 76
Estimated difference between T3^fnT3 - (T2^WT3 + h.c.) is: -1.582568411201633e-06 2.5045227761332608e-12
total cost: -7.7842557434416735
singles alt: [(4, 0), (5, 1), (6, 0), (7, 1), (8, 0), (9, 1), (10, 0), (11, 1), (4, 2), (5, 3), (6, 2), (7, 3), (8, 2), (9, 3), (10, 2), (11, 3)]
length: 16 76
Estimated difference between T3^fnT3 - (T2^WT3 + h.c.) is: -1.5825682276069943e-06 2.5045221950311434e-12
total cost: -7.784255743475541
singles alt: [(4, 0), (5, 1), (6, 0), (7, 1), (8, 0), (9, 1), (10, 0), (11, 1), (4, 2), (5, 3), (6, 2), (7, 3), (8, 2), (9, 3), (10, 2), (11, 3)]
length: 16 76
Estimated difference between T3^fnT3 - (T2^WT3 + h.c.) is: -1.5825682276070329e-06 2.5045221950312654e-12
total cost: -7.784255743475541
singles alt: [(4, 0), (5, 1), (6, 0), (7, 1), (8, 0), (9, 1), (10, 0), (11, 1), (4, 2), (5, 3), (6, 2), (7, 3), (8, 2), (9, 3), (10, 2), (11, 3)]
length: 16 76
Estimated difference between T3^fnT3 - (T2^WT3 + h.c.) is: -1.5825682276067313e-06 2.504522195030311e-12
total cost: -7.784255743475541
singles alt: [(4, 0), (5, 1), (6, 0), (7, 1), (8, 0), (9, 1), (10, 0), (11, 1), (4, 2), (5, 3), (6, 2), (7, 3), (8, 2), (9, 3), (10, 2), (11, 3)]
length: 16 76
Estimated difference between T3^fnT3 - (T2^WT3 + h.c.) is: -1.5825682276070394e-06 2.5045221950312864e-12
total cost: -7.78425574347554
singles alt: [(4, 0), (5, 1), (6, 0), (7, 1), (8, 0), (9, 1), (10, 0), (11, 1), (4, 2), (5, 3), (6, 2), (7, 3), (8, 2), (9, 3), (10, 2), (11, 3)]
length: 16 76
Estimated difference between T3^fnT3 - (T2^WT3 + h.c.) is: -1.5825682855617882e-06 2.5045223784659777e-12
total cost: -7.784255743550167
singles alt: [(4, 0), (5, 1), (6, 0), (7, 1), (8, 0), (9, 1), (10, 0), (11, 1), (4, 2), (5, 3), (6, 2), (7, 3), (8, 2), (9, 3), (10, 2), (11, 3)]
length: 16 76
Estimated difference between T3^fnT3 - (T2^WT3 + h.c.) is: -1.5825681807649877e-06 2.504522046769803e-12
total cost: -7.784255743482176
singles alt: [(4, 0), (5, 1), (6, 0), (7, 1), (8, 0), (9, 1), (10, 0), (11, 1), (4, 2), (5, 3), (6, 2), (7, 3), (8, 2), (9, 3), (10, 2), (11, 3)]
length: 16 76
Estimated difference between T3^fnT3 - (T2^WT3 + h.c.) is: -1.5825680211806533e-06 2.5045215416636487e-12
total cost: -7.784255743515325
singles alt: [(4, 0), (5, 1), (6, 0), (7, 1), (8, 0), (9, 1), (10, 0), (11, 1), (4, 2), (5, 3), (6, 2), (7, 3), (8, 2), (9, 3), (10, 2), (11, 3)]
length: 16 76
Estimated difference between T3^fnT3 - (T2^WT3 + h.c.) is: -1.5825680875295884e-06 2.5045217516670586e-12
total cost: -7.784255743532815
singles alt: [(4, 0), (5, 1), (6, 0), (7, 1), (8, 0), (9, 1), (10, 0), (11, 1), (4, 2), (5, 3), (6, 2), (7, 3), (8, 2), (9, 3), (10, 2), (11, 3)]
length: 16 76
Estimated difference between T3^fnT3 - (T2^WT3 + h.c.) is: -1.5825682276070265e-06 2.504522195031245e-12
total cost: -7.784255743475539
singles alt: [(4, 0), (5, 1), (6, 0), (7, 1), (8, 0), (9, 1), (10, 0), (11, 1), (4, 2), (5, 3), (6, 2), (7, 3), (8, 2), (9, 3), (10, 2), (11, 3)]
length: 16 76
Estimated difference between T3^fnT3 - (T2^WT3 + h.c.) is: -1.5825682276076758e-06 2.5045221950333002e-12
total cost: -7.78425574347554
singles alt: [(4, 0), (5, 1), (6, 0), (7, 1), (8, 0), (9, 1), (10, 0), (11, 1), (4, 2), (5, 3), (6, 2), (7, 3), (8, 2), (9, 3), (10, 2), (11, 3)]
length: 16 76
Estimated difference between T3^fnT3 - (T2^WT3 + h.c.) is: -1.5825682276071426e-06 2.5045221950316127e-12
total cost: -7.784255743475541
singles alt: [(4, 0), (5, 1), (6, 0), (7, 1), (8, 0), (9, 1), (10, 0), (11, 1), (4, 2), (5, 3), (6, 2), (7, 3), (8, 2), (9, 3), (10, 2), (11, 3)]
length: 16 76
Estimated difference between T3^fnT3 - (T2^WT3 + h.c.) is: -1.582568227606991e-06 2.504522195031133e-12
total cost: -7.784255743475538
singles alt: [(4, 0), (5, 1), (6, 0), (7, 1), (8, 0), (9, 1), (10, 0), (11, 1), (4, 2), (5, 3), (6, 2), (7, 3), (8, 2), (9, 3), (10, 2), (11, 3)]
length: 16 76
Estimated difference between T3^fnT3 - (T2^WT3 + h.c.) is: -1.5825682276068702e-06 2.504522195030751e-12
total cost: -7.784255743475544
singles alt: [(4, 0), (5, 1), (6, 0), (7, 1), (8, 0), (9, 1), (10, 0), (11, 1), (4, 2), (5, 3), (6, 2), (7, 3), (8, 2), (9, 3), (10, 2), (11, 3)]
length: 16 76
Estimated difference between T3^fnT3 - (T2^WT3 + h.c.) is: -1.5825682276069245e-06 2.504522195030922e-12
total cost: -7.784255743475541
singles alt: [(4, 0), (5, 1), (6, 0), (7, 1), (8, 0), (9, 1), (10, 0), (11, 1), (4, 2), (5, 3), (6, 2), (7, 3), (8, 2), (9, 3), (10, 2), (11, 3)]
length: 16 76
Estimated difference between T3^fnT3 - (T2^WT3 + h.c.) is: -1.5825682276070848e-06 2.5045221950314298e-12
total cost: -7.784255743475541
singles alt: [(4, 0), (5, 1), (6, 0), (7, 1), (8, 0), (9, 1), (10, 0), (11, 1), (4, 2), (5, 3), (6, 2), (7, 3), (8, 2), (9, 3), (10, 2), (11, 3)]
length: 16 76
Estimated difference between T3^fnT3 - (T2^WT3 + h.c.) is: -1.582568227607002e-06 2.5045221950311676e-12
total cost: -7.784255743475539
singles alt: [(4, 0), (5, 1), (6, 0), (7, 1), (8, 0), (9, 1), (10, 0), (11, 1), (4, 2), (5, 3), (6, 2), (7, 3), (8, 2), (9, 3), (10, 2), (11, 3)]
length: 16 76
Estimated difference between T3^fnT3 - (T2^WT3 + h.c.) is: -1.5825684125043343e-06 2.5045227802564887e-12
total cost: -7.784255743297883
singles alt: [(4, 0), (5, 1), (6, 0), (7, 1), (8, 0), (9, 1), (10, 0), (11, 1), (4, 2), (5, 3), (6, 2), (7, 3), (8, 2), (9, 3), (10, 2), (11, 3)]
length: 16 76
Estimated difference between T3^fnT3 - (T2^WT3 + h.c.) is: -1.5825682703180878e-06 2.504522330217584e-12
total cost: -7.784255743396071
singles alt: [(4, 0), (5, 1), (6, 0), (7, 1), (8, 0), (9, 1), (10, 0), (11, 1), (4, 2), (5, 3), (6, 2), (7, 3), (8, 2), (9, 3), (10, 2), (11, 3)]
length: 16 76
Estimated difference between T3^fnT3 - (T2^WT3 + h.c.) is: -1.5825682703301993e-06 2.5045223302559186e-12
total cost: -7.784255743396062
singles alt: [(4, 0), (5, 1), (6, 0), (7, 1), (8, 0), (9, 1), (10, 0), (11, 1), (4, 2), (5, 3), (6, 2), (7, 3), (8, 2), (9, 3), (10, 2), (11, 3)]
length: 16 76
Estimated difference between T3^fnT3 - (T2^WT3 + h.c.) is: -1.582568359559272e-06 2.504522612678125e-12
total cost: -7.784255743528858
singles alt: [(4, 0), (5, 1), (6, 0), (7, 1), (8, 0), (9, 1), (10, 0), (11, 1), (4, 2), (5, 3), (6, 2), (7, 3), (8, 2), (9, 3), (10, 2), (11, 3)]
length: 16 76
Estimated difference between T3^fnT3 - (T2^WT3 + h.c.) is: -1.5825682276086274e-06 2.5045221950363125e-12
total cost: -7.784255743475539
singles alt: [(4, 0), (5, 1), (6, 0), (7, 1), (8, 0), (9, 1), (10, 0), (11, 1), (4, 2), (5, 3), (6, 2), (7, 3), (8, 2), (9, 3), (10, 2), (11, 3)]
length: 16 76
Estimated difference between T3^fnT3 - (T2^WT3 + h.c.) is: -1.5825682276074013e-06 2.504522195032432e-12
total cost: -7.784255743475541
singles alt: [(4, 0), (5, 1), (6, 0), (7, 1), (8, 0), (9, 1), (10, 0), (11, 1), (4, 2), (5, 3), (6, 2), (7, 3), (8, 2), (9, 3), (10, 2), (11, 3)]
length: 16 76
Estimated difference between T3^fnT3 - (T2^WT3 + h.c.) is: -1.582568227605755e-06 2.5045221950272204e-12
total cost: -7.7842557434755415
singles alt: [(4, 0), (5, 1), (6, 0), (7, 1), (8, 0), (9, 1), (10, 0), (11, 1), (4, 2), (5, 3), (6, 2), (7, 3), (8, 2), (9, 3), (10, 2), (11, 3)]
length: 16 76
Estimated difference between T3^fnT3 - (T2^WT3 + h.c.) is: -1.5825682276070727e-06 2.5045221950313914e-12
total cost: -7.7842557434755415
singles alt: [(4, 0), (5, 1), (6, 0), (7, 1), (8, 0), (9, 1), (10, 0), (11, 1), (4, 2), (5, 3), (6, 2), (7, 3), (8, 2), (9, 3), (10, 2), (11, 3)]
length: 16 76
Estimated difference between T3^fnT3 - (T2^WT3 + h.c.) is: -1.582568076626229e-06 2.5045217171564417e-12
total cost: -7.784255743504318
singles alt: [(4, 0), (5, 1), (6, 0), (7, 1), (8, 0), (9, 1), (10, 0), (11, 1), (4, 2), (5, 3), (6, 2), (7, 3), (8, 2), (9, 3), (10, 2), (11, 3)]
length: 16 76
Estimated difference between T3^fnT3 - (T2^WT3 + h.c.) is: -1.5825680764458126e-06 2.5045217165853995e-12
total cost: -7.784255743504239
singles alt: [(4, 0), (5, 1), (6, 0), (7, 1), (8, 0), (9, 1), (10, 0), (11, 1), (4, 2), (5, 3), (6, 2), (7, 3), (8, 2), (9, 3), (10, 2), (11, 3)]
length: 16 76
Estimated difference between T3^fnT3 - (T2^WT3 + h.c.) is: -1.5825679608555297e-06 2.5045213507264293e-12
total cost: -7.7842557434755655
singles alt: [(4, 0), (5, 1), (6, 0), (7, 1), (8, 0), (9, 1), (10, 0), (11, 1), (4, 2), (5, 3), (6, 2), (7, 3), (8, 2), (9, 3), (10, 2), (11, 3)]
length: 16 76
Estimated difference between T3^fnT3 - (T2^WT3 + h.c.) is: -1.5825684941332567e-06 2.5045230386232035e-12
total cost: -7.784255743475516
singles alt: [(4, 0), (5, 1), (6, 0), (7, 1), (8, 0), (9, 1), (10, 0), (11, 1), (4, 2), (5, 3), (6, 2), (7, 3), (8, 2), (9, 3), (10, 2), (11, 3)]
length: 16 76
Estimated difference between T3^fnT3 - (T2^WT3 + h.c.) is: -1.5825682276070483e-06 2.5045221950313142e-12
total cost: -7.784255743475541
singles alt: [(4, 0), (5, 1), (6, 0), (7, 1), (8, 0), (9, 1), (10, 0), (11, 1), (4, 2), (5, 3), (6, 2), (7, 3), (8, 2), (9, 3), (10, 2), (11, 3)]
length: 16 76
Estimated difference between T3^fnT3 - (T2^WT3 + h.c.) is: -1.5825682276069331e-06 2.5045221950309495e-12
total cost: -7.7842557434755415
singles alt: [(4, 0), (5, 1), (6, 0), (7, 1), (8, 0), (9, 1), (10, 0), (11, 1), (4, 2), (5, 3), (6, 2), (7, 3), (8, 2), (9, 3), (10, 2), (11, 3)]
length: 16 76
Estimated difference between T3^fnT3 - (T2^WT3 + h.c.) is: -1.5825682276081599e-06 2.5045221950348326e-12
total cost: -7.784255743475538
singles alt: [(4, 0), (5, 1), (6, 0), (7, 1), (8, 0), (9, 1), (10, 0), (11, 1), (4, 2), (5, 3), (6, 2), (7, 3), (8, 2), (9, 3), (10, 2), (11, 3)]
length: 16 76
Estimated difference between T3^fnT3 - (T2^WT3 + h.c.) is: -1.5825682276079316e-06 2.50452219503411e-12
total cost: -7.784255743475538
singles alt: [(4, 0), (5, 1), (6, 0), (7, 1), (8, 0), (9, 1), (10, 0), (11, 1), (4, 2), (5, 3), (6, 2), (7, 3), (8, 2), (9, 3), (10, 2), (11, 3)]
length: 16 76
Estimated difference between T3^fnT3 - (T2^WT3 + h.c.) is: -1.5825682276070428e-06 2.504522195031297e-12
total cost: -7.784255743492367
singles alt: [(4, 0), (5, 1), (6, 0), (7, 1), (8, 0), (9, 1), (10, 0), (11, 1), (4, 2), (5, 3), (6, 2), (7, 3), (8, 2), (9, 3), (10, 2), (11, 3)]
length: 16 76
Estimated difference between T3^fnT3 - (T2^WT3 + h.c.) is: -1.5825682276070428e-06 2.504522195031297e-12
total cost: -7.784255743492328
singles alt: [(4, 0), (5, 1), (6, 0), (7, 1), (8, 0), (9, 1), (10, 0), (11, 1), (4, 2), (5, 3), (6, 2), (7, 3), (8, 2), (9, 3), (10, 2), (11, 3)]
length: 16 76
Estimated difference between T3^fnT3 - (T2^WT3 + h.c.) is: -1.5825682276070428e-06 2.504522195031297e-12
total cost: -7.7842557434755415
singles alt: [(4, 0), (5, 1), (6, 0), (7, 1), (8, 0), (9, 1), (10, 0), (11, 1), (4, 2), (5, 3), (6, 2), (7, 3), (8, 2), (9, 3), (10, 2), (11, 3)]
length: 16 76
Estimated difference between T3^fnT3 - (T2^WT3 + h.c.) is: -1.5825682276070428e-06 2.504522195031297e-12
total cost: -7.7842557434755415
singles alt: [(4, 0), (5, 1), (6, 0), (7, 1), (8, 0), (9, 1), (10, 0), (11, 1), (4, 2), (5, 3), (6, 2), (7, 3), (8, 2), (9, 3), (10, 2), (11, 3)]
length: 16 76
Estimated difference between T3^fnT3 - (T2^WT3 + h.c.) is: -1.5825682276070428e-06 2.504522195031297e-12
total cost: -7.784255743475541
singles alt: [(4, 0), (5, 1), (6, 0), (7, 1), (8, 0), (9, 1), (10, 0), (11, 1), (4, 2), (5, 3), (6, 2), (7, 3), (8, 2), (9, 3), (10, 2), (11, 3)]
length: 16 76
Estimated difference between T3^fnT3 - (T2^WT3 + h.c.) is: -1.5825682276070428e-06 2.504522195031297e-12
total cost: -7.78425574347554
singles alt: [(4, 0), (5, 1), (6, 0), (7, 1), (8, 0), (9, 1), (10, 0), (11, 1), (4, 2), (5, 3), (6, 2), (7, 3), (8, 2), (9, 3), (10, 2), (11, 3)]
length: 16 76
Estimated difference between T3^fnT3 - (T2^WT3 + h.c.) is: -1.5825682276070428e-06 2.504522195031297e-12
total cost: -7.784255743490388
singles alt: [(4, 0), (5, 1), (6, 0), (7, 1), (8, 0), (9, 1), (10, 0), (11, 1), (4, 2), (5, 3), (6, 2), (7, 3), (8, 2), (9, 3), (10, 2), (11, 3)]
length: 16 76
Estimated difference between T3^fnT3 - (T2^WT3 + h.c.) is: -1.5825682276070428e-06 2.504522195031297e-12
total cost: -7.784255743490382
singles alt: [(4, 0), (5, 1), (6, 0), (7, 1), (8, 0), (9, 1), (10, 0), (11, 1), (4, 2), (5, 3), (6, 2), (7, 3), (8, 2), (9, 3), (10, 2), (11, 3)]
length: 16 76
Estimated difference between T3^fnT3 - (T2^WT3 + h.c.) is: -1.5825682276070428e-06 2.504522195031297e-12
total cost: -7.7842557435921895
singles alt: [(4, 0), (5, 1), (6, 0), (7, 1), (8, 0), (9, 1), (10, 0), (11, 1), (4, 2), (5, 3), (6, 2), (7, 3), (8, 2), (9, 3), (10, 2), (11, 3)]
length: 16 76
Estimated difference between T3^fnT3 - (T2^WT3 + h.c.) is: -1.5825682276070428e-06 2.504522195031297e-12
total cost: -7.784255743592098
singles alt: [(4, 0), (5, 1), (6, 0), (7, 1), (8, 0), (9, 1), (10, 0), (11, 1), (4, 2), (5, 3), (6, 2), (7, 3), (8, 2), (9, 3), (10, 2), (11, 3)]
length: 16 76
Estimated difference between T3^fnT3 - (T2^WT3 + h.c.) is: -1.5825682276070428e-06 2.504522195031297e-12
total cost: -7.784255743475541
singles alt: [(4, 0), (5, 1), (6, 0), (7, 1), (8, 0), (9, 1), (10, 0), (11, 1), (4, 2), (5, 3), (6, 2), (7, 3), (8, 2), (9, 3), (10, 2), (11, 3)]
length: 16 76
Estimated difference between T3^fnT3 - (T2^WT3 + h.c.) is: -1.5825682276070428e-06 2.504522195031297e-12
total cost: -7.7842557434755415
singles alt: [(4, 0), (5, 1), (6, 0), (7, 1), (8, 0), (9, 1), (10, 0), (11, 1), (4, 2), (5, 3), (6, 2), (7, 3), (8, 2), (9, 3), (10, 2), (11, 3)]
length: 16 76
Estimated difference between T3^fnT3 - (T2^WT3 + h.c.) is: -1.5825682276070428e-06 2.504522195031297e-12
total cost: -7.784255743475541
singles alt: [(4, 0), (5, 1), (6, 0), (7, 1), (8, 0), (9, 1), (10, 0), (11, 1), (4, 2), (5, 3), (6, 2), (7, 3), (8, 2), (9, 3), (10, 2), (11, 3)]
length: 16 76
Estimated difference between T3^fnT3 - (T2^WT3 + h.c.) is: -1.5825682276070428e-06 2.504522195031297e-12
total cost: -7.784255743475541
singles alt: [(4, 0), (5, 1), (6, 0), (7, 1), (8, 0), (9, 1), (10, 0), (11, 1), (4, 2), (5, 3), (6, 2), (7, 3), (8, 2), (9, 3), (10, 2), (11, 3)]
length: 16 76
Estimated difference between T3^fnT3 - (T2^WT3 + h.c.) is: -1.5825682276070428e-06 2.504522195031297e-12
total cost: -7.784255743482635
singles alt: [(4, 0), (5, 1), (6, 0), (7, 1), (8, 0), (9, 1), (10, 0), (11, 1), (4, 2), (5, 3), (6, 2), (7, 3), (8, 2), (9, 3), (10, 2), (11, 3)]
length: 16 76
Estimated difference between T3^fnT3 - (T2^WT3 + h.c.) is: -1.5825682276070428e-06 2.504522195031297e-12
total cost: -7.784255743482634
singles alt: [(4, 0), (5, 1), (6, 0), (7, 1), (8, 0), (9, 1), (10, 0), (11, 1), (4, 2), (5, 3), (6, 2), (7, 3), (8, 2), (9, 3), (10, 2), (11, 3)]
callback: energy=-7.784254160907
singles alt: [(4, 0), (5, 1), (6, 0), (7, 1), (8, 0), (9, 1), (10, 0), (11, 1), (4, 2), (5, 3), (6, 2), (7, 3), (8, 2), (9, 3), (10, 2), (11, 3)]
length: 16 76
Estimated difference between T3^fnT3 - (T2^WT3 + h.c.) is: -1.7823743956259834e-06 3.17685848618309e-12
total cost: -7.78419647728129
singles alt: [(4, 0), (5, 1), (6, 0), (7, 1), (8, 0), (9, 1), (10, 0), (11, 1), (4, 2), (5, 3), (6, 2), (7, 3), (8, 2), (9, 3), (10, 2), (11, 3)]
length: 16 76
Estimated difference between T3^fnT3 - (T2^WT3 + h.c.) is: -1.782374617192225e-06 3.176859276011131e-12
total cost: -7.784196477671021
singles alt: [(4, 0), (5, 1), (6, 0), (7, 1), (8, 0), (9, 1), (10, 0), (11, 1), (4, 2), (5, 3), (6, 2), (7, 3), (8, 2), (9, 3), (10, 2), (11, 3)]
length: 16 76
Estimated difference between T3^fnT3 - (T2^WT3 + h.c.) is: -1.7823744737431085e-06 3.176858764651023e-12
total cost: -7.784196477250816
singles alt: [(4, 0), (5, 1), (6, 0), (7, 1), (8, 0), (9, 1), (10, 0), (11, 1), (4, 2), (5, 3), (6, 2), (7, 3), (8, 2), (9, 3), (10, 2), (11, 3)]
length: 16 76
Estimated difference between T3^fnT3 - (T2^WT3 + h.c.) is: -1.7823744736915411e-06 3.1768587644671982e-12
total cost: -7.7841964772508945
singles alt: [(4, 0), (5, 1), (6, 0), (7, 1), (8, 0), (9, 1), (10, 0), (11, 1), (4, 2), (5, 3), (6, 2), (7, 3), (8, 2), (9, 3), (10, 2), (11, 3)]
length: 16 76
Estimated difference between T3^fnT3 - (T2^WT3 + h.c.) is: -1.7823744528565838e-06 3.1768586901958066e-12
total cost: -7.78419647725406
singles alt: [(4, 0), (5, 1), (6, 0), (7, 1), (8, 0), (9, 1), (10, 0), (11, 1), (4, 2), (5, 3), (6, 2), (7, 3), (8, 2), (9, 3), (10, 2), (11, 3)]
length: 16 76
Estimated difference between T3^fnT3 - (T2^WT3 + h.c.) is: -1.7823743956184586e-06 3.1768584861562655e-12
total cost: -7.784196477281317
singles alt: [(4, 0), (5, 1), (6, 0), (7, 1), (8, 0), (9, 1), (10, 0), (11, 1), (4, 2), (5, 3), (6, 2), (7, 3), (8, 2), (9, 3), (10, 2), (11, 3)]
length: 16 76
Estimated difference between T3^fnT3 - (T2^WT3 + h.c.) is: -1.7823743956237145e-06 3.1768584861750014e-12
total cost: -7.784196477281289
singles alt: [(4, 0), (5, 1), (6, 0), (7, 1), (8, 0), (9, 1), (10, 0), (11, 1), (4, 2), (5, 3), (6, 2), (7, 3), (8, 2), (9, 3), (10, 2), (11, 3)]
length: 16 76
Estimated difference between T3^fnT3 - (T2^WT3 + h.c.) is: -1.7823743956221398e-06 3.176858486169388e-12
total cost: -7.784196477281294
singles alt: [(4, 0), (5, 1), (6, 0), (7, 1), (8, 0), (9, 1), (10, 0), (11, 1), (4, 2), (5, 3), (6, 2), (7, 3), (8, 2), (9, 3), (10, 2), (11, 3)]
length: 16 76
Estimated difference between T3^fnT3 - (T2^WT3 + h.c.) is: -1.782374395624592e-06 3.1768584861781296e-12
total cost: -7.784196477281291
singles alt: [(4, 0), (5, 1), (6, 0), (7, 1), (8, 0), (9, 1), (10, 0), (11, 1), (4, 2), (5, 3), (6, 2), (7, 3), (8, 2), (9, 3), (10, 2), (11, 3)]
length: 16 76
Estimated difference between T3^fnT3 - (T2^WT3 + h.c.) is: -1.7823743956187915e-06 3.176858486157452e-12
total cost: -7.784196477281317
singles alt: [(4, 0), (5, 1), (6, 0), (7, 1), (8, 0), (9, 1), (10, 0), (11, 1), (4, 2), (5, 3), (6, 2), (7, 3), (8, 2), (9, 3), (10, 2), (11, 3)]
length: 16 76
Estimated difference between T3^fnT3 - (T2^WT3 + h.c.) is: -1.7823743956247015e-06 3.1768584861785198e-12
total cost: -7.784196477281291
singles alt: [(4, 0), (5, 1), (6, 0), (7, 1), (8, 0), (9, 1), (10, 0), (11, 1), (4, 2), (5, 3), (6, 2), (7, 3), (8, 2), (9, 3), (10, 2), (11, 3)]
length: 16 76
Estimated difference between T3^fnT3 - (T2^WT3 + h.c.) is: -1.7823743956219166e-06 3.1768584861685924e-12
total cost: -7.784196477281291
singles alt: [(4, 0), (5, 1), (6, 0), (7, 1), (8, 0), (9, 1), (10, 0), (11, 1), (4, 2), (5, 3), (6, 2), (7, 3), (8, 2), (9, 3), (10, 2), (11, 3)]
length: 16 76
Estimated difference between T3^fnT3 - (T2^WT3 + h.c.) is: -1.7823743956251364e-06 3.1768584861800704e-12
total cost: -7.78419647728129
singles alt: [(4, 0), (5, 1), (6, 0), (7, 1), (8, 0), (9, 1), (10, 0), (11, 1), (4, 2), (5, 3), (6, 2), (7, 3), (8, 2), (9, 3), (10, 2), (11, 3)]
length: 16 76
Estimated difference between T3^fnT3 - (T2^WT3 + h.c.) is: -1.7823744545523707e-06 3.176858696240861e-12
total cost: -7.7841964768441505
singles alt: [(4, 0), (5, 1), (6, 0), (7, 1), (8, 0), (9, 1), (10, 0), (11, 1), (4, 2), (5, 3), (6, 2), (7, 3), (8, 2), (9, 3), (10, 2), (11, 3)]
length: 16 76
Estimated difference between T3^fnT3 - (T2^WT3 + h.c.) is: -1.7823741767377619e-06 3.1768577059016143e-12
total cost: -7.78419647734705
singles alt: [(4, 0), (5, 1), (6, 0), (7, 1), (8, 0), (9, 1), (10, 0), (11, 1), (4, 2), (5, 3), (6, 2), (7, 3), (8, 2), (9, 3), (10, 2), (11, 3)]
length: 16 76
Estimated difference between T3^fnT3 - (T2^WT3 + h.c.) is: -1.7823743777979175e-06 3.1768584226305134e-12
total cost: -7.784196477307257
singles alt: [(4, 0), (5, 1), (6, 0), (7, 1), (8, 0), (9, 1), (10, 0), (11, 1), (4, 2), (5, 3), (6, 2), (7, 3), (8, 2), (9, 3), (10, 2), (11, 3)]
length: 16 76
Estimated difference between T3^fnT3 - (T2^WT3 + h.c.) is: -1.7823742577973153e-06 3.1768579948585304e-12
total cost: -7.784196477306947
singles alt: [(4, 0), (5, 1), (6, 0), (7, 1), (8, 0), (9, 1), (10, 0), (11, 1), (4, 2), (5, 3), (6, 2), (7, 3), (8, 2), (9, 3), (10, 2), (11, 3)]
length: 16 76
Estimated difference between T3^fnT3 - (T2^WT3 + h.c.) is: -1.7823743956230635e-06 3.176858486172681e-12
total cost: -7.784196477281297
singles alt: [(4, 0), (5, 1), (6, 0), (7, 1), (8, 0), (9, 1), (10, 0), (11, 1), (4, 2), (5, 3), (6, 2), (7, 3), (8, 2), (9, 3), (10, 2), (11, 3)]
length: 16 76
Estimated difference between T3^fnT3 - (T2^WT3 + h.c.) is: -1.7823743956188637e-06 3.17685848615771e-12
total cost: -7.784196477281296
singles alt: [(4, 0), (5, 1), (6, 0), (7, 1), (8, 0), (9, 1), (10, 0), (11, 1), (4, 2), (5, 3), (6, 2), (7, 3), (8, 2), (9, 3), (10, 2), (11, 3)]
length: 16 76
Estimated difference between T3^fnT3 - (T2^WT3 + h.c.) is: -1.782374395615738e-06 3.176858486146567e-12
total cost: -7.784196477281296
singles alt: [(4, 0), (5, 1), (6, 0), (7, 1), (8, 0), (9, 1), (10, 0), (11, 1), (4, 2), (5, 3), (6, 2), (7, 3), (8, 2), (9, 3), (10, 2), (11, 3)]
length: 16 76
Estimated difference between T3^fnT3 - (T2^WT3 + h.c.) is: -1.7823743956251491e-06 3.1768584861801156e-12
total cost: -7.7841964772812915
singles alt: [(4, 0), (5, 1), (6, 0), (7, 1), (8, 0), (9, 1), (10, 0), (11, 1), (4, 2), (5, 3), (6, 2), (7, 3), (8, 2), (9, 3), (10, 2), (11, 3)]
length: 16 76
Estimated difference between T3^fnT3 - (T2^WT3 + h.c.) is: -1.7823746092617611e-06 3.1768592477410156e-12
total cost: -7.7841964772686945
singles alt: [(4, 0), (5, 1), (6, 0), (7, 1), (8, 0), (9, 1), (10, 0), (11, 1), (4, 2), (5, 3), (6, 2), (7, 3), (8, 2), (9, 3), (10, 2), (11, 3)]
length: 16 76
Estimated difference between T3^fnT3 - (T2^WT3 + h.c.) is: -1.7823749144817169e-06 3.1768603357737076e-12
total cost: -7.784196477164952
singles alt: [(4, 0), (5, 1), (6, 0), (7, 1), (8, 0), (9, 1), (10, 0), (11, 1), (4, 2), (5, 3), (6, 2), (7, 3), (8, 2), (9, 3), (10, 2), (11, 3)]
length: 16 76
Estimated difference between T3^fnT3 - (T2^WT3 + h.c.) is: -1.7823747560214257e-06 3.1768597709024366e-12
total cost: -7.784196477165104
singles alt: [(4, 0), (5, 1), (6, 0), (7, 1), (8, 0), (9, 1), (10, 0), (11, 1), (4, 2), (5, 3), (6, 2), (7, 3), (8, 2), (9, 3), (10, 2), (11, 3)]
length: 16 76
Estimated difference between T3^fnT3 - (T2^WT3 + h.c.) is: -1.7823745878803877e-06 3.176859171521782e-12
total cost: -7.784196477217232
singles alt: [(4, 0), (5, 1), (6, 0), (7, 1), (8, 0), (9, 1), (10, 0), (11, 1), (4, 2), (5, 3), (6, 2), (7, 3), (8, 2), (9, 3), (10, 2), (11, 3)]
length: 16 76
Estimated difference between T3^fnT3 - (T2^WT3 + h.c.) is: -1.7823744286856495e-06 3.1768586040324956e-12
total cost: -7.784196477281271
singles alt: [(4, 0), (5, 1), (6, 0), (7, 1), (8, 0), (9, 1), (10, 0), (11, 1), (4, 2), (5, 3), (6, 2), (7, 3), (8, 2), (9, 3), (10, 2), (11, 3)]
length: 16 76
Estimated difference between T3^fnT3 - (T2^WT3 + h.c.) is: -1.782374529358085e-06 3.176858962904455e-12
total cost: -7.7841964772813075
singles alt: [(4, 0), (5, 1), (6, 0), (7, 1), (8, 0), (9, 1), (10, 0), (11, 1), (4, 2), (5, 3), (6, 2), (7, 3), (8, 2), (9, 3), (10, 2), (11, 3)]
length: 16 76
Estimated difference between T3^fnT3 - (T2^WT3 + h.c.) is: -1.782374529268362e-06 3.176858962584615e-12
total cost: -7.784196477281311
singles alt: [(4, 0), (5, 1), (6, 0), (7, 1), (8, 0), (9, 1), (10, 0), (11, 1), (4, 2), (5, 3), (6, 2), (7, 3), (8, 2), (9, 3), (10, 2), (11, 3)]
length: 16 76
Estimated difference between T3^fnT3 - (T2^WT3 + h.c.) is: -1.7823744248410284e-06 3.1768585903273868e-12
total cost: -7.784196477281304
singles alt: [(4, 0), (5, 1), (6, 0), (7, 1), (8, 0), (9, 1), (10, 0), (11, 1), (4, 2), (5, 3), (6, 2), (7, 3), (8, 2), (9, 3), (10, 2), (11, 3)]
length: 16 76
Estimated difference between T3^fnT3 - (T2^WT3 + h.c.) is: -1.782374395624954e-06 3.1768584861794205e-12
total cost: -7.7841964772813075
singles alt: [(4, 0), (5, 1), (6, 0), (7, 1), (8, 0), (9, 1), (10, 0), (11, 1), (4, 2), (5, 3), (6, 2), (7, 3), (8, 2), (9, 3), (10, 2), (11, 3)]
length: 16 76
Estimated difference between T3^fnT3 - (T2^WT3 + h.c.) is: -1.7823743956244802e-06 3.176858486177731e-12
total cost: -7.78419647728129
singles alt: [(4, 0), (5, 1), (6, 0), (7, 1), (8, 0), (9, 1), (10, 0), (11, 1), (4, 2), (5, 3), (6, 2), (7, 3), (8, 2), (9, 3), (10, 2), (11, 3)]
length: 16 76
Estimated difference between T3^fnT3 - (T2^WT3 + h.c.) is: -1.7823743956237907e-06 3.1768584861752733e-12
total cost: -7.784196477281291
singles alt: [(4, 0), (5, 1), (6, 0), (7, 1), (8, 0), (9, 1), (10, 0), (11, 1), (4, 2), (5, 3), (6, 2), (7, 3), (8, 2), (9, 3), (10, 2), (11, 3)]
length: 16 76
Estimated difference between T3^fnT3 - (T2^WT3 + h.c.) is: -1.7823743956258996e-06 3.176858486182791e-12
total cost: -7.784196477281289
singles alt: [(4, 0), (5, 1), (6, 0), (7, 1), (8, 0), (9, 1), (10, 0), (11, 1), (4, 2), (5, 3), (6, 2), (7, 3), (8, 2), (9, 3), (10, 2), (11, 3)]
length: 16 76
Estimated difference between T3^fnT3 - (T2^WT3 + h.c.) is: -1.7823743956186776e-06 3.1768584861570462e-12
total cost: -7.784196477281317
singles alt: [(4, 0), (5, 1), (6, 0), (7, 1), (8, 0), (9, 1), (10, 0), (11, 1), (4, 2), (5, 3), (6, 2), (7, 3), (8, 2), (9, 3), (10, 2), (11, 3)]
length: 16 76
Estimated difference between T3^fnT3 - (T2^WT3 + h.c.) is: -1.7823743956233375e-06 3.1768584861736577e-12
total cost: -7.784196477281291
singles alt: [(4, 0), (5, 1), (6, 0), (7, 1), (8, 0), (9, 1), (10, 0), (11, 1), (4, 2), (5, 3), (6, 2), (7, 3), (8, 2), (9, 3), (10, 2), (11, 3)]
length: 16 76
Estimated difference between T3^fnT3 - (T2^WT3 + h.c.) is: -1.7823743956231436e-06 3.1768584861729662e-12
total cost: -7.784196477281291
singles alt: [(4, 0), (5, 1), (6, 0), (7, 1), (8, 0), (9, 1), (10, 0), (11, 1), (4, 2), (5, 3), (6, 2), (7, 3), (8, 2), (9, 3), (10, 2), (11, 3)]
length: 16 76
Estimated difference between T3^fnT3 - (T2^WT3 + h.c.) is: -1.7823743956249623e-06 3.17685848617945e-12
total cost: -7.78419647728129
singles alt: [(4, 0), (5, 1), (6, 0), (7, 1), (8, 0), (9, 1), (10, 0), (11, 1), (4, 2), (5, 3), (6, 2), (7, 3), (8, 2), (9, 3), (10, 2), (11, 3)]
length: 16 76
Estimated difference between T3^fnT3 - (T2^WT3 + h.c.) is: -1.7823744286942454e-06 3.1768586040631377e-12
total cost: -7.784196477281228
singles alt: [(4, 0), (5, 1), (6, 0), (7, 1), (8, 0), (9, 1), (10, 0), (11, 1), (4, 2), (5, 3), (6, 2), (7, 3), (8, 2), (9, 3), (10, 2), (11, 3)]
length: 16 76
Estimated difference between T3^fnT3 - (T2^WT3 + h.c.) is: -1.7823745293528383e-06 3.1768589628857518e-12
total cost: -7.784196477281311
singles alt: [(4, 0), (5, 1), (6, 0), (7, 1), (8, 0), (9, 1), (10, 0), (11, 1), (4, 2), (5, 3), (6, 2), (7, 3), (8, 2), (9, 3), (10, 2), (11, 3)]
length: 16 76
Estimated difference between T3^fnT3 - (T2^WT3 + h.c.) is: -1.7823745292715426e-06 3.176858962595953e-12
total cost: -7.784196477281306
singles alt: [(4, 0), (5, 1), (6, 0), (7, 1), (8, 0), (9, 1), (10, 0), (11, 1), (4, 2), (5, 3), (6, 2), (7, 3), (8, 2), (9, 3), (10, 2), (11, 3)]
length: 16 76
Estimated difference between T3^fnT3 - (T2^WT3 + h.c.) is: -1.782374424843453e-06 3.1768585903360298e-12
total cost: -7.7841964772813
singles alt: [(4, 0), (5, 1), (6, 0), (7, 1), (8, 0), (9, 1), (10, 0), (11, 1), (4, 2), (5, 3), (6, 2), (7, 3), (8, 2), (9, 3), (10, 2), (11, 3)]
length: 16 76
Estimated difference between T3^fnT3 - (T2^WT3 + h.c.) is: -1.7823746092516437e-06 3.1768592477049497e-12
total cost: -7.784196477269166
singles alt: [(4, 0), (5, 1), (6, 0), (7, 1), (8, 0), (9, 1), (10, 0), (11, 1), (4, 2), (5, 3), (6, 2), (7, 3), (8, 2), (9, 3), (10, 2), (11, 3)]
length: 16 76
Estimated difference between T3^fnT3 - (T2^WT3 + h.c.) is: -1.7823747565447089e-06 3.1768597727678104e-12
total cost: -7.78419647716495
singles alt: [(4, 0), (5, 1), (6, 0), (7, 1), (8, 0), (9, 1), (10, 0), (11, 1), (4, 2), (5, 3), (6, 2), (7, 3), (8, 2), (9, 3), (10, 2), (11, 3)]
length: 16 76
Estimated difference between T3^fnT3 - (T2^WT3 + h.c.) is: -1.7823749150695798e-06 3.1768603378692918e-12
total cost: -7.784196477164911
singles alt: [(4, 0), (5, 1), (6, 0), (7, 1), (8, 0), (9, 1), (10, 0), (11, 1), (4, 2), (5, 3), (6, 2), (7, 3), (8, 2), (9, 3), (10, 2), (11, 3)]
length: 16 76
Estimated difference between T3^fnT3 - (T2^WT3 + h.c.) is: -1.7823745880108744e-06 3.1768591719869342e-12
total cost: -7.784196477217125
singles alt: [(4, 0), (5, 1), (6, 0), (7, 1), (8, 0), (9, 1), (10, 0), (11, 1), (4, 2), (5, 3), (6, 2), (7, 3), (8, 2), (9, 3), (10, 2), (11, 3)]
length: 16 76
Estimated difference between T3^fnT3 - (T2^WT3 + h.c.) is: -1.7823743956252321e-06 3.1768584861804116e-12
total cost: -7.7841964772813075
singles alt: [(4, 0), (5, 1), (6, 0), (7, 1), (8, 0), (9, 1), (10, 0), (11, 1), (4, 2), (5, 3), (6, 2), (7, 3), (8, 2), (9, 3), (10, 2), (11, 3)]
length: 16 76
Estimated difference between T3^fnT3 - (T2^WT3 + h.c.) is: -1.7823743956262098e-06 3.176858486183897e-12
total cost: -7.78419647728129
singles alt: [(4, 0), (5, 1), (6, 0), (7, 1), (8, 0), (9, 1), (10, 0), (11, 1), (4, 2), (5, 3), (6, 2), (7, 3), (8, 2), (9, 3), (10, 2), (11, 3)]
length: 16 76
Estimated difference between T3^fnT3 - (T2^WT3 + h.c.) is: -1.7823743956259502e-06 3.176858486182971e-12
total cost: -7.78419647728129
singles alt: [(4, 0), (5, 1), (6, 0), (7, 1), (8, 0), (9, 1), (10, 0), (11, 1), (4, 2), (5, 3), (6, 2), (7, 3), (8, 2), (9, 3), (10, 2), (11, 3)]
length: 16 76
Estimated difference between T3^fnT3 - (T2^WT3 + h.c.) is: -1.782374395625611e-06 3.176858486181762e-12
total cost: -7.7841964772812915
singles alt: [(4, 0), (5, 1), (6, 0), (7, 1), (8, 0), (9, 1), (10, 0), (11, 1), (4, 2), (5, 3), (6, 2), (7, 3), (8, 2), (9, 3), (10, 2), (11, 3)]
length: 16 76
Estimated difference between T3^fnT3 - (T2^WT3 + h.c.) is: -1.7823744544573772e-06 3.176858695902233e-12
total cost: -7.7841964768454766
singles alt: [(4, 0), (5, 1), (6, 0), (7, 1), (8, 0), (9, 1), (10, 0), (11, 1), (4, 2), (5, 3), (6, 2), (7, 3), (8, 2), (9, 3), (10, 2), (11, 3)]
length: 16 76
Estimated difference between T3^fnT3 - (T2^WT3 + h.c.) is: -1.7823743776921788e-06 3.1768584222535816e-12
total cost: -7.78419647730803
singles alt: [(4, 0), (5, 1), (6, 0), (7, 1), (8, 0), (9, 1), (10, 0), (11, 1), (4, 2), (5, 3), (6, 2), (7, 3), (8, 2), (9, 3), (10, 2), (11, 3)]
length: 16 76
Estimated difference between T3^fnT3 - (T2^WT3 + h.c.) is: -1.7823741752559044e-06 3.1768577006191654e-12
total cost: -7.7841964773507115
singles alt: [(4, 0), (5, 1), (6, 0), (7, 1), (8, 0), (9, 1), (10, 0), (11, 1), (4, 2), (5, 3), (6, 2), (7, 3), (8, 2), (9, 3), (10, 2), (11, 3)]
length: 16 76
Estimated difference between T3^fnT3 - (T2^WT3 + h.c.) is: -1.7823742574306366e-06 3.1768579935514134e-12
total cost: -7.784196477307659
singles alt: [(4, 0), (5, 1), (6, 0), (7, 1), (8, 0), (9, 1), (10, 0), (11, 1), (4, 2), (5, 3), (6, 2), (7, 3), (8, 2), (9, 3), (10, 2), (11, 3)]
length: 16 76
Estimated difference between T3^fnT3 - (T2^WT3 + h.c.) is: -1.782374395624932e-06 3.1768584861793417e-12
total cost: -7.784196477281317
singles alt: [(4, 0), (5, 1), (6, 0), (7, 1), (8, 0), (9, 1), (10, 0), (11, 1), (4, 2), (5, 3), (6, 2), (7, 3), (8, 2), (9, 3), (10, 2), (11, 3)]
length: 16 76
Estimated difference between T3^fnT3 - (T2^WT3 + h.c.) is: -1.7823743956254314e-06 3.1768584861811217e-12
total cost: -7.784196477281287
singles alt: [(4, 0), (5, 1), (6, 0), (7, 1), (8, 0), (9, 1), (10, 0), (11, 1), (4, 2), (5, 3), (6, 2), (7, 3), (8, 2), (9, 3), (10, 2), (11, 3)]
length: 16 76
Estimated difference between T3^fnT3 - (T2^WT3 + h.c.) is: -1.7823743956262808e-06 3.1768584861841497e-12
total cost: -7.784196477281289
singles alt: [(4, 0), (5, 1), (6, 0), (7, 1), (8, 0), (9, 1), (10, 0), (11, 1), (4, 2), (5, 3), (6, 2), (7, 3), (8, 2), (9, 3), (10, 2), (11, 3)]
length: 16 76
Estimated difference between T3^fnT3 - (T2^WT3 + h.c.) is: -1.782374395625392e-06 3.1768584861809815e-12
total cost: -7.784196477281295
singles alt: [(4, 0), (5, 1), (6, 0), (7, 1), (8, 0), (9, 1), (10, 0), (11, 1), (4, 2), (5, 3), (6, 2), (7, 3), (8, 2), (9, 3), (10, 2), (11, 3)]
length: 16 76
Estimated difference between T3^fnT3 - (T2^WT3 + h.c.) is: -1.7823743956252624e-06 3.1768584861805195e-12
total cost: -7.784196477281292
singles alt: [(4, 0), (5, 1), (6, 0), (7, 1), (8, 0), (9, 1), (10, 0), (11, 1), (4, 2), (5, 3), (6, 2), (7, 3), (8, 2), (9, 3), (10, 2), (11, 3)]
length: 16 76
Estimated difference between T3^fnT3 - (T2^WT3 + h.c.) is: -1.7823743956265952e-06 3.1768584861852705e-12
total cost: -7.78419647728129
singles alt: [(4, 0), (5, 1), (6, 0), (7, 1), (8, 0), (9, 1), (10, 0), (11, 1), (4, 2), (5, 3), (6, 2), (7, 3), (8, 2), (9, 3), (10, 2), (11, 3)]
length: 16 76
Estimated difference between T3^fnT3 - (T2^WT3 + h.c.) is: -1.782374395624573e-06 3.1768584861780618e-12
total cost: -7.78419647728129
singles alt: [(4, 0), (5, 1), (6, 0), (7, 1), (8, 0), (9, 1), (10, 0), (11, 1), (4, 2), (5, 3), (6, 2), (7, 3), (8, 2), (9, 3), (10, 2), (11, 3)]
length: 16 76
Estimated difference between T3^fnT3 - (T2^WT3 + h.c.) is: -1.7823743956258786e-06 3.1768584861827163e-12
total cost: -7.784196477281292
singles alt: [(4, 0), (5, 1), (6, 0), (7, 1), (8, 0), (9, 1), (10, 0), (11, 1), (4, 2), (5, 3), (6, 2), (7, 3), (8, 2), (9, 3), (10, 2), (11, 3)]
length: 16 76
Estimated difference between T3^fnT3 - (T2^WT3 + h.c.) is: -1.7823745685935682e-06 3.1768591027691084e-12
total cost: -7.784196477544611
singles alt: [(4, 0), (5, 1), (6, 0), (7, 1), (8, 0), (9, 1), (10, 0), (11, 1), (4, 2), (5, 3), (6, 2), (7, 3), (8, 2), (9, 3), (10, 2), (11, 3)]
length: 16 76
Estimated difference between T3^fnT3 - (T2^WT3 + h.c.) is: -1.7823743906971315e-06 3.176858468612971e-12
total cost: -7.784196477432567
singles alt: [(4, 0), (5, 1), (6, 0), (7, 1), (8, 0), (9, 1), (10, 0), (11, 1), (4, 2), (5, 3), (6, 2), (7, 3), (8, 2), (9, 3), (10, 2), (11, 3)]
length: 16 76
Estimated difference between T3^fnT3 - (T2^WT3 + h.c.) is: -1.7823743905693096e-06 3.176858468157318e-12
total cost: -7.784196477432607
singles alt: [(4, 0), (5, 1), (6, 0), (7, 1), (8, 0), (9, 1), (10, 0), (11, 1), (4, 2), (5, 3), (6, 2), (7, 3), (8, 2), (9, 3), (10, 2), (11, 3)]
length: 16 76
Estimated difference between T3^fnT3 - (T2^WT3 + h.c.) is: -1.7823745272997911e-06 3.1768589555671538e-12
total cost: -7.784196477344227
singles alt: [(4, 0), (5, 1), (6, 0), (7, 1), (8, 0), (9, 1), (10, 0), (11, 1), (4, 2), (5, 3), (6, 2), (7, 3), (8, 2), (9, 3), (10, 2), (11, 3)]
length: 16 76
Estimated difference between T3^fnT3 - (T2^WT3 + h.c.) is: -1.7823743956159912e-06 3.17685848614747e-12
total cost: -7.784196477281296
singles alt: [(4, 0), (5, 1), (6, 0), (7, 1), (8, 0), (9, 1), (10, 0), (11, 1), (4, 2), (5, 3), (6, 2), (7, 3), (8, 2), (9, 3), (10, 2), (11, 3)]
length: 16 76
Estimated difference between T3^fnT3 - (T2^WT3 + h.c.) is: -1.7823743956249638e-06 3.1768584861794552e-12
total cost: -7.78419647728129
singles alt: [(4, 0), (5, 1), (6, 0), (7, 1), (8, 0), (9, 1), (10, 0), (11, 1), (4, 2), (5, 3), (6, 2), (7, 3), (8, 2), (9, 3), (10, 2), (11, 3)]
length: 16 76
Estimated difference between T3^fnT3 - (T2^WT3 + h.c.) is: -1.7823743956298559e-06 3.176858486196894e-12
total cost: -7.784196477281288
singles alt: [(4, 0), (5, 1), (6, 0), (7, 1), (8, 0), (9, 1), (10, 0), (11, 1), (4, 2), (5, 3), (6, 2), (7, 3), (8, 2), (9, 3), (10, 2), (11, 3)]
length: 16 76
Estimated difference between T3^fnT3 - (T2^WT3 + h.c.) is: -1.7823743956300257e-06 3.1768584861974993e-12
total cost: -7.784196477281285
singles alt: [(4, 0), (5, 1), (6, 0), (7, 1), (8, 0), (9, 1), (10, 0), (11, 1), (4, 2), (5, 3), (6, 2), (7, 3), (8, 2), (9, 3), (10, 2), (11, 3)]
length: 16 76
Estimated difference between T3^fnT3 - (T2^WT3 + h.c.) is: -1.7823741955686115e-06 3.176857773028855e-12
total cost: -7.784196477331815
singles alt: [(4, 0), (5, 1), (6, 0), (7, 1), (8, 0), (9, 1), (10, 0), (11, 1), (4, 2), (5, 3), (6, 2), (7, 3), (8, 2), (9, 3), (10, 2), (11, 3)]
length: 16 76
Estimated difference between T3^fnT3 - (T2^WT3 + h.c.) is: -1.7823741968869262e-06 3.176857777728315e-12
total cost: -7.784196477332256
singles alt: [(4, 0), (5, 1), (6, 0), (7, 1), (8, 0), (9, 1), (10, 0), (11, 1), (4, 2), (5, 3), (6, 2), (7, 3), (8, 2), (9, 3), (10, 2), (11, 3)]
length: 16 76
Estimated difference between T3^fnT3 - (T2^WT3 + h.c.) is: -1.782374118317482e-06 3.176857497648021e-12
total cost: -7.784196477281176
singles alt: [(4, 0), (5, 1), (6, 0), (7, 1), (8, 0), (9, 1), (10, 0), (11, 1), (4, 2), (5, 3), (6, 2), (7, 3), (8, 2), (9, 3), (10, 2), (11, 3)]
length: 16 76
Estimated difference between T3^fnT3 - (T2^WT3 + h.c.) is: -1.7823746725668259e-06 3.1768594734077e-12
total cost: -7.7841964772814
singles alt: [(4, 0), (5, 1), (6, 0), (7, 1), (8, 0), (9, 1), (10, 0), (11, 1), (4, 2), (5, 3), (6, 2), (7, 3), (8, 2), (9, 3), (10, 2), (11, 3)]
length: 16 76
Estimated difference between T3^fnT3 - (T2^WT3 + h.c.) is: -1.7823743956282992e-06 3.176858486191345e-12
total cost: -7.78419647728129
singles alt: [(4, 0), (5, 1), (6, 0), (7, 1), (8, 0), (9, 1), (10, 0), (11, 1), (4, 2), (5, 3), (6, 2), (7, 3), (8, 2), (9, 3), (10, 2), (11, 3)]
length: 16 76
Estimated difference between T3^fnT3 - (T2^WT3 + h.c.) is: -1.7823743956265247e-06 3.1768584861850193e-12
total cost: -7.784196477281287
singles alt: [(4, 0), (5, 1), (6, 0), (7, 1), (8, 0), (9, 1), (10, 0), (11, 1), (4, 2), (5, 3), (6, 2), (7, 3), (8, 2), (9, 3), (10, 2), (11, 3)]
length: 16 76
Estimated difference between T3^fnT3 - (T2^WT3 + h.c.) is: -1.7823743956234745e-06 3.176858486174146e-12
total cost: -7.784196477281296
singles alt: [(4, 0), (5, 1), (6, 0), (7, 1), (8, 0), (9, 1), (10, 0), (11, 1), (4, 2), (5, 3), (6, 2), (7, 3), (8, 2), (9, 3), (10, 2), (11, 3)]
length: 16 76
Estimated difference between T3^fnT3 - (T2^WT3 + h.c.) is: -1.7823743956240202e-06 3.1768584861760916e-12
total cost: -7.784196477281296
singles alt: [(4, 0), (5, 1), (6, 0), (7, 1), (8, 0), (9, 1), (10, 0), (11, 1), (4, 2), (5, 3), (6, 2), (7, 3), (8, 2), (9, 3), (10, 2), (11, 3)]
length: 16 76
Estimated difference between T3^fnT3 - (T2^WT3 + h.c.) is: -1.7823743956259834e-06 3.17685848618309e-12
total cost: -7.784196477251935
singles alt: [(4, 0), (5, 1), (6, 0), (7, 1), (8, 0), (9, 1), (10, 0), (11, 1), (4, 2), (5, 3), (6, 2), (7, 3), (8, 2), (9, 3), (10, 2), (11, 3)]
length: 16 76
Estimated difference between T3^fnT3 - (T2^WT3 + h.c.) is: -1.7823743956259834e-06 3.17685848618309e-12
total cost: -7.784196477252163
singles alt: [(4, 0), (5, 1), (6, 0), (7, 1), (8, 0), (9, 1), (10, 0), (11, 1), (4, 2), (5, 3), (6, 2), (7, 3), (8, 2), (9, 3), (10, 2), (11, 3)]
length: 16 76
Estimated difference between T3^fnT3 - (T2^WT3 + h.c.) is: -1.7823743956259834e-06 3.17685848618309e-12
total cost: -7.784196477281287
singles alt: [(4, 0), (5, 1), (6, 0), (7, 1), (8, 0), (9, 1), (10, 0), (11, 1), (4, 2), (5, 3), (6, 2), (7, 3), (8, 2), (9, 3), (10, 2), (11, 3)]
length: 16 76
Estimated difference between T3^fnT3 - (T2^WT3 + h.c.) is: -1.7823743956259834e-06 3.17685848618309e-12
total cost: -7.78419647728129
singles alt: [(4, 0), (5, 1), (6, 0), (7, 1), (8, 0), (9, 1), (10, 0), (11, 1), (4, 2), (5, 3), (6, 2), (7, 3), (8, 2), (9, 3), (10, 2), (11, 3)]
length: 16 76
Estimated difference between T3^fnT3 - (T2^WT3 + h.c.) is: -1.7823743956259834e-06 3.17685848618309e-12
total cost: -7.78419647728129
singles alt: [(4, 0), (5, 1), (6, 0), (7, 1), (8, 0), (9, 1), (10, 0), (11, 1), (4, 2), (5, 3), (6, 2), (7, 3), (8, 2), (9, 3), (10, 2), (11, 3)]
length: 16 76
Estimated difference between T3^fnT3 - (T2^WT3 + h.c.) is: -1.7823743956259834e-06 3.17685848618309e-12
total cost: -7.784196477281291
singles alt: [(4, 0), (5, 1), (6, 0), (7, 1), (8, 0), (9, 1), (10, 0), (11, 1), (4, 2), (5, 3), (6, 2), (7, 3), (8, 2), (9, 3), (10, 2), (11, 3)]
length: 16 76
Estimated difference between T3^fnT3 - (T2^WT3 + h.c.) is: -1.7823743956259834e-06 3.17685848618309e-12
total cost: -7.784196477229545
singles alt: [(4, 0), (5, 1), (6, 0), (7, 1), (8, 0), (9, 1), (10, 0), (11, 1), (4, 2), (5, 3), (6, 2), (7, 3), (8, 2), (9, 3), (10, 2), (11, 3)]
length: 16 76
Estimated difference between T3^fnT3 - (T2^WT3 + h.c.) is: -1.7823743956259834e-06 3.17685848618309e-12
total cost: -7.784196477229614
singles alt: [(4, 0), (5, 1), (6, 0), (7, 1), (8, 0), (9, 1), (10, 0), (11, 1), (4, 2), (5, 3), (6, 2), (7, 3), (8, 2), (9, 3), (10, 2), (11, 3)]
length: 16 76
Estimated difference between T3^fnT3 - (T2^WT3 + h.c.) is: -1.7823743956259834e-06 3.17685848618309e-12
total cost: -7.784196477363364
singles alt: [(4, 0), (5, 1), (6, 0), (7, 1), (8, 0), (9, 1), (10, 0), (11, 1), (4, 2), (5, 3), (6, 2), (7, 3), (8, 2), (9, 3), (10, 2), (11, 3)]
length: 16 76
Estimated difference between T3^fnT3 - (T2^WT3 + h.c.) is: -1.7823743956259834e-06 3.17685848618309e-12
total cost: -7.784196477363549
singles alt: [(4, 0), (5, 1), (6, 0), (7, 1), (8, 0), (9, 1), (10, 0), (11, 1), (4, 2), (5, 3), (6, 2), (7, 3), (8, 2), (9, 3), (10, 2), (11, 3)]
length: 16 76
Estimated difference between T3^fnT3 - (T2^WT3 + h.c.) is: -1.7823743956259834e-06 3.17685848618309e-12
total cost: -7.784196477281289
singles alt: [(4, 0), (5, 1), (6, 0), (7, 1), (8, 0), (9, 1), (10, 0), (11, 1), (4, 2), (5, 3), (6, 2), (7, 3), (8, 2), (9, 3), (10, 2), (11, 3)]
length: 16 76
Estimated difference between T3^fnT3 - (T2^WT3 + h.c.) is: -1.7823743956259834e-06 3.17685848618309e-12
total cost: -7.78419647728129
singles alt: [(4, 0), (5, 1), (6, 0), (7, 1), (8, 0), (9, 1), (10, 0), (11, 1), (4, 2), (5, 3), (6, 2), (7, 3), (8, 2), (9, 3), (10, 2), (11, 3)]
length: 16 76
Estimated difference between T3^fnT3 - (T2^WT3 + h.c.) is: -1.7823743956259834e-06 3.17685848618309e-12
total cost: -7.78419647728129
singles alt: [(4, 0), (5, 1), (6, 0), (7, 1), (8, 0), (9, 1), (10, 0), (11, 1), (4, 2), (5, 3), (6, 2), (7, 3), (8, 2), (9, 3), (10, 2), (11, 3)]
length: 16 76
Estimated difference between T3^fnT3 - (T2^WT3 + h.c.) is: -1.7823743956259834e-06 3.17685848618309e-12
total cost: -7.78419647728129
singles alt: [(4, 0), (5, 1), (6, 0), (7, 1), (8, 0), (9, 1), (10, 0), (11, 1), (4, 2), (5, 3), (6, 2), (7, 3), (8, 2), (9, 3), (10, 2), (11, 3)]
length: 16 76
Estimated difference between T3^fnT3 - (T2^WT3 + h.c.) is: -1.7823743956259834e-06 3.17685848618309e-12
total cost: -7.784196477294519
singles alt: [(4, 0), (5, 1), (6, 0), (7, 1), (8, 0), (9, 1), (10, 0), (11, 1), (4, 2), (5, 3), (6, 2), (7, 3), (8, 2), (9, 3), (10, 2), (11, 3)]
length: 16 76
Estimated difference between T3^fnT3 - (T2^WT3 + h.c.) is: -1.7823743956259834e-06 3.17685848618309e-12
total cost: -7.784196477294615
singles alt: [(4, 0), (5, 1), (6, 0), (7, 1), (8, 0), (9, 1), (10, 0), (11, 1), (4, 2), (5, 3), (6, 2), (7, 3), (8, 2), (9, 3), (10, 2), (11, 3)]
length: 16 76
Estimated difference between T3^fnT3 - (T2^WT3 + h.c.) is: -1.6460293274768518e-06 2.709412546913897e-12
total cost: -7.784297781744287
singles alt: [(4, 0), (5, 1), (6, 0), (7, 1), (8, 0), (9, 1), (10, 0), (11, 1), (4, 2), (5, 3), (6, 2), (7, 3), (8, 2), (9, 3), (10, 2), (11, 3)]
length: 16 76
Estimated difference between T3^fnT3 - (T2^WT3 + h.c.) is: -1.6460296009396812e-06 2.7094134471696463e-12
total cost: -7.784297781900782
singles alt: [(4, 0), (5, 1), (6, 0), (7, 1), (8, 0), (9, 1), (10, 0), (11, 1), (4, 2), (5, 3), (6, 2), (7, 3), (8, 2), (9, 3), (10, 2), (11, 3)]
length: 16 76
Estimated difference between T3^fnT3 - (T2^WT3 + h.c.) is: -1.6460293913910247e-06 2.7094127573231073e-12
total cost: -7.784297781730545
singles alt: [(4, 0), (5, 1), (6, 0), (7, 1), (8, 0), (9, 1), (10, 0), (11, 1), (4, 2), (5, 3), (6, 2), (7, 3), (8, 2), (9, 3), (10, 2), (11, 3)]
length: 16 76
Estimated difference between T3^fnT3 - (T2^WT3 + h.c.) is: -1.6460293913699651e-06 2.7094127572537777e-12
total cost: -7.784297781730571
singles alt: [(4, 0), (5, 1), (6, 0), (7, 1), (8, 0), (9, 1), (10, 0), (11, 1), (4, 2), (5, 3), (6, 2), (7, 3), (8, 2), (9, 3), (10, 2), (11, 3)]
length: 16 76
Estimated difference between T3^fnT3 - (T2^WT3 + h.c.) is: -1.646029386067694e-06 2.70941273979839e-12
total cost: -7.784297781752945
singles alt: [(4, 0), (5, 1), (6, 0), (7, 1), (8, 0), (9, 1), (10, 0), (11, 1), (4, 2), (5, 3), (6, 2), (7, 3), (8, 2), (9, 3), (10, 2), (11, 3)]
length: 16 76
Estimated difference between T3^fnT3 - (T2^WT3 + h.c.) is: -1.6460293274742806e-06 2.7094125469054326e-12
total cost: -7.784297781744295
singles alt: [(4, 0), (5, 1), (6, 0), (7, 1), (8, 0), (9, 1), (10, 0), (11, 1), (4, 2), (5, 3), (6, 2), (7, 3), (8, 2), (9, 3), (10, 2), (11, 3)]
length: 16 76
Estimated difference between T3^fnT3 - (T2^WT3 + h.c.) is: -1.6460293274762972e-06 2.709412546912071e-12
total cost: -7.784297781744287
singles alt: [(4, 0), (5, 1), (6, 0), (7, 1), (8, 0), (9, 1), (10, 0), (11, 1), (4, 2), (5, 3), (6, 2), (7, 3), (8, 2), (9, 3), (10, 2), (11, 3)]
length: 16 76
Estimated difference between T3^fnT3 - (T2^WT3 + h.c.) is: -1.646029327474965e-06 2.7094125469076856e-12
total cost: -7.784297781744288
singles alt: [(4, 0), (5, 1), (6, 0), (7, 1), (8, 0), (9, 1), (10, 0), (11, 1), (4, 2), (5, 3), (6, 2), (7, 3), (8, 2), (9, 3), (10, 2), (11, 3)]
length: 16 76
Estimated difference between T3^fnT3 - (T2^WT3 + h.c.) is: -1.646029327476297e-06 2.7094125469120707e-12
total cost: -7.784297781744287
singles alt: [(4, 0), (5, 1), (6, 0), (7, 1), (8, 0), (9, 1), (10, 0), (11, 1), (4, 2), (5, 3), (6, 2), (7, 3), (8, 2), (9, 3), (10, 2), (11, 3)]
length: 16 76
Estimated difference between T3^fnT3 - (T2^WT3 + h.c.) is: -1.6460293274743767e-06 2.709412546905749e-12
total cost: -7.784297781744295
singles alt: [(4, 0), (5, 1), (6, 0), (7, 1), (8, 0), (9, 1), (10, 0), (11, 1), (4, 2), (5, 3), (6, 2), (7, 3), (8, 2), (9, 3), (10, 2), (11, 3)]
length: 16 76
Estimated difference between T3^fnT3 - (T2^WT3 + h.c.) is: -1.646029327476937e-06 2.709412546914177e-12
total cost: -7.7842977817442875
singles alt: [(4, 0), (5, 1), (6, 0), (7, 1), (8, 0), (9, 1), (10, 0), (11, 1), (4, 2), (5, 3), (6, 2), (7, 3), (8, 2), (9, 3), (10, 2), (11, 3)]
length: 16 76
Estimated difference between T3^fnT3 - (T2^WT3 + h.c.) is: -1.6460293274759865e-06 2.7094125469110484e-12
total cost: -7.7842977817442875
singles alt: [(4, 0), (5, 1), (6, 0), (7, 1), (8, 0), (9, 1), (10, 0), (11, 1), (4, 2), (5, 3), (6, 2), (7, 3), (8, 2), (9, 3), (10, 2), (11, 3)]
length: 16 76
Estimated difference between T3^fnT3 - (T2^WT3 + h.c.) is: -1.6460293274765464e-06 2.709412546912892e-12
total cost: -7.7842977817442875
singles alt: [(4, 0), (5, 1), (6, 0), (7, 1), (8, 0), (9, 1), (10, 0), (11, 1), (4, 2), (5, 3), (6, 2), (7, 3), (8, 2), (9, 3), (10, 2), (11, 3)]
length: 16 76
Estimated difference between T3^fnT3 - (T2^WT3 + h.c.) is: -1.6460293858330135e-06 2.7094127390258076e-12
total cost: -7.7842977816184575
singles alt: [(4, 0), (5, 1), (6, 0), (7, 1), (8, 0), (9, 1), (10, 0), (11, 1), (4, 2), (5, 3), (6, 2), (7, 3), (8, 2), (9, 3), (10, 2), (11, 3)]
length: 16 76
Estimated difference between T3^fnT3 - (T2^WT3 + h.c.) is: -1.6460291160438358e-06 2.7094118508640517e-12
total cost: -7.7842977817951695
singles alt: [(4, 0), (5, 1), (6, 0), (7, 1), (8, 0), (9, 1), (10, 0), (11, 1), (4, 2), (5, 3), (6, 2), (7, 3), (8, 2), (9, 3), (10, 2), (11, 3)]
length: 16 76
Estimated difference between T3^fnT3 - (T2^WT3 + h.c.) is: -1.646029291997466e-06 2.7094124301136795e-12
total cost: -7.784297781758744
singles alt: [(4, 0), (5, 1), (6, 0), (7, 1), (8, 0), (9, 1), (10, 0), (11, 1), (4, 2), (5, 3), (6, 2), (7, 3), (8, 2), (9, 3), (10, 2), (11, 3)]
length: 16 76
Estimated difference between T3^fnT3 - (T2^WT3 + h.c.) is: -1.6460291883995035e-06 2.709412089063128e-12
total cost: -7.7842977817895225
singles alt: [(4, 0), (5, 1), (6, 0), (7, 1), (8, 0), (9, 1), (10, 0), (11, 1), (4, 2), (5, 3), (6, 2), (7, 3), (8, 2), (9, 3), (10, 2), (11, 3)]
length: 16 76
Estimated difference between T3^fnT3 - (T2^WT3 + h.c.) is: -1.6460293274755505e-06 2.709412546909613e-12
total cost: -7.784297781744288
singles alt: [(4, 0), (5, 1), (6, 0), (7, 1), (8, 0), (9, 1), (10, 0), (11, 1), (4, 2), (5, 3), (6, 2), (7, 3), (8, 2), (9, 3), (10, 2), (11, 3)]
length: 16 76
Estimated difference between T3^fnT3 - (T2^WT3 + h.c.) is: -1.6460293274748922e-06 2.7094125469074457e-12
total cost: -7.784297781744287
singles alt: [(4, 0), (5, 1), (6, 0), (7, 1), (8, 0), (9, 1), (10, 0), (11, 1), (4, 2), (5, 3), (6, 2), (7, 3), (8, 2), (9, 3), (10, 2), (11, 3)]
length: 16 76
Estimated difference between T3^fnT3 - (T2^WT3 + h.c.) is: -1.6460293274738308e-06 2.709412546903952e-12
total cost: -7.784297781744287
singles alt: [(4, 0), (5, 1), (6, 0), (7, 1), (8, 0), (9, 1), (10, 0), (11, 1), (4, 2), (5, 3), (6, 2), (7, 3), (8, 2), (9, 3), (10, 2), (11, 3)]
length: 16 76
Estimated difference between T3^fnT3 - (T2^WT3 + h.c.) is: -1.646029327476493e-06 2.709412546912716e-12
total cost: -7.7842977817442875
singles alt: [(4, 0), (5, 1), (6, 0), (7, 1), (8, 0), (9, 1), (10, 0), (11, 1), (4, 2), (5, 3), (6, 2), (7, 3), (8, 2), (9, 3), (10, 2), (11, 3)]
length: 16 76
Estimated difference between T3^fnT3 - (T2^WT3 + h.c.) is: -1.646029530080437e-06 2.7094132138968242e-12
total cost: -7.784297781757731
singles alt: [(4, 0), (5, 1), (6, 0), (7, 1), (8, 0), (9, 1), (10, 0), (11, 1), (4, 2), (5, 3), (6, 2), (7, 3), (8, 2), (9, 3), (10, 2), (11, 3)]
length: 16 76
Estimated difference between T3^fnT3 - (T2^WT3 + h.c.) is: -1.6460297176652467e-06 2.7094138314371317e-12
total cost: -7.7842977817079895
singles alt: [(4, 0), (5, 1), (6, 0), (7, 1), (8, 0), (9, 1), (10, 0), (11, 1), (4, 2), (5, 3), (6, 2), (7, 3), (8, 2), (9, 3), (10, 2), (11, 3)]
length: 16 76
Estimated difference between T3^fnT3 - (T2^WT3 + h.c.) is: -1.6460295986652565e-06 2.7094134396821055e-12
total cost: -7.784297781707943
singles alt: [(4, 0), (5, 1), (6, 0), (7, 1), (8, 0), (9, 1), (10, 0), (11, 1), (4, 2), (5, 3), (6, 2), (7, 3), (8, 2), (9, 3), (10, 2), (11, 3)]
length: 16 76
Estimated difference between T3^fnT3 - (T2^WT3 + h.c.) is: -1.646029514421393e-06 2.709413162346327e-12
total cost: -7.784297781698439
singles alt: [(4, 0), (5, 1), (6, 0), (7, 1), (8, 0), (9, 1), (10, 0), (11, 1), (4, 2), (5, 3), (6, 2), (7, 3), (8, 2), (9, 3), (10, 2), (11, 3)]
length: 16 76
Estimated difference between T3^fnT3 - (T2^WT3 + h.c.) is: -1.6460293523320583e-06 2.7094126287386954e-12
total cost: -7.784297781744278
singles alt: [(4, 0), (5, 1), (6, 0), (7, 1), (8, 0), (9, 1), (10, 0), (11, 1), (4, 2), (5, 3), (6, 2), (7, 3), (8, 2), (9, 3), (10, 2), (11, 3)]
length: 16 76
Estimated difference between T3^fnT3 - (T2^WT3 + h.c.) is: -1.6460294573343885e-06 2.7094129744125414e-12
total cost: -7.784297781744291
singles alt: [(4, 0), (5, 1), (6, 0), (7, 1), (8, 0), (9, 1), (10, 0), (11, 1), (4, 2), (5, 3), (6, 2), (7, 3), (8, 2), (9, 3), (10, 2), (11, 3)]
length: 16 76
Estimated difference between T3^fnT3 - (T2^WT3 + h.c.) is: -1.646029457272922e-06 2.7094129742101903e-12
total cost: -7.784297781744288
singles alt: [(4, 0), (5, 1), (6, 0), (7, 1), (8, 0), (9, 1), (10, 0), (11, 1), (4, 2), (5, 3), (6, 2), (7, 3), (8, 2), (9, 3), (10, 2), (11, 3)]
length: 16 76
Estimated difference between T3^fnT3 - (T2^WT3 + h.c.) is: -1.6460293494419831e-06 2.709412619224398e-12
total cost: -7.784297781744288
singles alt: [(4, 0), (5, 1), (6, 0), (7, 1), (8, 0), (9, 1), (10, 0), (11, 1), (4, 2), (5, 3), (6, 2), (7, 3), (8, 2), (9, 3), (10, 2), (11, 3)]
length: 16 76
Estimated difference between T3^fnT3 - (T2^WT3 + h.c.) is: -1.6460293274763868e-06 2.709412546912366e-12
total cost: -7.784297781744295
singles alt: [(4, 0), (5, 1), (6, 0), (7, 1), (8, 0), (9, 1), (10, 0), (11, 1), (4, 2), (5, 3), (6, 2), (7, 3), (8, 2), (9, 3), (10, 2), (11, 3)]
length: 16 76
Estimated difference between T3^fnT3 - (T2^WT3 + h.c.) is: -1.646029327476291e-06 2.709412546912051e-12
total cost: -7.784297781744287
singles alt: [(4, 0), (5, 1), (6, 0), (7, 1), (8, 0), (9, 1), (10, 0), (11, 1), (4, 2), (5, 3), (6, 2), (7, 3), (8, 2), (9, 3), (10, 2), (11, 3)]
length: 16 76
Estimated difference between T3^fnT3 - (T2^WT3 + h.c.) is: -1.6460293274759023e-06 2.709412546910771e-12
total cost: -7.784297781744287
singles alt: [(4, 0), (5, 1), (6, 0), (7, 1), (8, 0), (9, 1), (10, 0), (11, 1), (4, 2), (5, 3), (6, 2), (7, 3), (8, 2), (9, 3), (10, 2), (11, 3)]
length: 16 76
Estimated difference between T3^fnT3 - (T2^WT3 + h.c.) is: -1.6460293274768069e-06 2.7094125469137493e-12
total cost: -7.784297781744287
singles alt: [(4, 0), (5, 1), (6, 0), (7, 1), (8, 0), (9, 1), (10, 0), (11, 1), (4, 2), (5, 3), (6, 2), (7, 3), (8, 2), (9, 3), (10, 2), (11, 3)]
length: 16 76
Estimated difference between T3^fnT3 - (T2^WT3 + h.c.) is: -1.646029327474381e-06 2.709412546905763e-12
total cost: -7.784297781744295
singles alt: [(4, 0), (5, 1), (6, 0), (7, 1), (8, 0), (9, 1), (10, 0), (11, 1), (4, 2), (5, 3), (6, 2), (7, 3), (8, 2), (9, 3), (10, 2), (11, 3)]
length: 16 76
Estimated difference between T3^fnT3 - (T2^WT3 + h.c.) is: -1.6460293274765612e-06 2.7094125469129407e-12
total cost: -7.7842977817442875
singles alt: [(4, 0), (5, 1), (6, 0), (7, 1), (8, 0), (9, 1), (10, 0), (11, 1), (4, 2), (5, 3), (6, 2), (7, 3), (8, 2), (9, 3), (10, 2), (11, 3)]
length: 16 76
Estimated difference between T3^fnT3 - (T2^WT3 + h.c.) is: -1.646029327476281e-06 2.709412546912018e-12
total cost: -7.7842977817442875
singles alt: [(4, 0), (5, 1), (6, 0), (7, 1), (8, 0), (9, 1), (10, 0), (11, 1), (4, 2), (5, 3), (6, 2), (7, 3), (8, 2), (9, 3), (10, 2), (11, 3)]
length: 16 76
Estimated difference between T3^fnT3 - (T2^WT3 + h.c.) is: -1.646029327476505e-06 2.709412546912755e-12
total cost: -7.7842977817442875
singles alt: [(4, 0), (5, 1), (6, 0), (7, 1), (8, 0), (9, 1), (10, 0), (11, 1), (4, 2), (5, 3), (6, 2), (7, 3), (8, 2), (9, 3), (10, 2), (11, 3)]
length: 16 76
Estimated difference between T3^fnT3 - (T2^WT3 + h.c.) is: -1.6460293523348058e-06 2.7094126287477402e-12
total cost: -7.7842977817442645
singles alt: [(4, 0), (5, 1), (6, 0), (7, 1), (8, 0), (9, 1), (10, 0), (11, 1), (4, 2), (5, 3), (6, 2), (7, 3), (8, 2), (9, 3), (10, 2), (11, 3)]
length: 16 76
Estimated difference between T3^fnT3 - (T2^WT3 + h.c.) is: -1.6460294573282117e-06 2.709412974392207e-12
total cost: -7.784297781744292
singles alt: [(4, 0), (5, 1), (6, 0), (7, 1), (8, 0), (9, 1), (10, 0), (11, 1), (4, 2), (5, 3), (6, 2), (7, 3), (8, 2), (9, 3), (10, 2), (11, 3)]
length: 16 76
Estimated difference between T3^fnT3 - (T2^WT3 + h.c.) is: -1.6460294572696047e-06 2.7094129741992693e-12
total cost: -7.784297781744291
singles alt: [(4, 0), (5, 1), (6, 0), (7, 1), (8, 0), (9, 1), (10, 0), (11, 1), (4, 2), (5, 3), (6, 2), (7, 3), (8, 2), (9, 3), (10, 2), (11, 3)]
length: 16 76
Estimated difference between T3^fnT3 - (T2^WT3 + h.c.) is: -1.6460293494431416e-06 2.709412619228212e-12
total cost: -7.784297781744287
singles alt: [(4, 0), (5, 1), (6, 0), (7, 1), (8, 0), (9, 1), (10, 0), (11, 1), (4, 2), (5, 3), (6, 2), (7, 3), (8, 2), (9, 3), (10, 2), (11, 3)]
length: 16 76
Estimated difference between T3^fnT3 - (T2^WT3 + h.c.) is: -1.6460295300844163e-06 2.7094132139099246e-12
total cost: -7.784297781757875
singles alt: [(4, 0), (5, 1), (6, 0), (7, 1), (8, 0), (9, 1), (10, 0), (11, 1), (4, 2), (5, 3), (6, 2), (7, 3), (8, 2), (9, 3), (10, 2), (11, 3)]
length: 16 76
Estimated difference between T3^fnT3 - (T2^WT3 + h.c.) is: -1.6460295988219265e-06 2.709413440197872e-12
total cost: -7.784297781708025
singles alt: [(4, 0), (5, 1), (6, 0), (7, 1), (8, 0), (9, 1), (10, 0), (11, 1), (4, 2), (5, 3), (6, 2), (7, 3), (8, 2), (9, 3), (10, 2), (11, 3)]
length: 16 76
Estimated difference between T3^fnT3 - (T2^WT3 + h.c.) is: -1.6460297178726437e-06 2.709413832119895e-12
total cost: -7.784297781708059
singles alt: [(4, 0), (5, 1), (6, 0), (7, 1), (8, 0), (9, 1), (10, 0), (11, 1), (4, 2), (5, 3), (6, 2), (7, 3), (8, 2), (9, 3), (10, 2), (11, 3)]
length: 16 76
Estimated difference between T3^fnT3 - (T2^WT3 + h.c.) is: -1.6460295145144913e-06 2.709413162652812e-12
total cost: -7.784297781698511
singles alt: [(4, 0), (5, 1), (6, 0), (7, 1), (8, 0), (9, 1), (10, 0), (11, 1), (4, 2), (5, 3), (6, 2), (7, 3), (8, 2), (9, 3), (10, 2), (11, 3)]
length: 16 76
Estimated difference between T3^fnT3 - (T2^WT3 + h.c.) is: -1.6460293274765278e-06 2.7094125469128304e-12
total cost: -7.784297781744295
singles alt: [(4, 0), (5, 1), (6, 0), (7, 1), (8, 0), (9, 1), (10, 0), (11, 1), (4, 2), (5, 3), (6, 2), (7, 3), (8, 2), (9, 3), (10, 2), (11, 3)]
length: 16 76
Estimated difference between T3^fnT3 - (T2^WT3 + h.c.) is: -1.6460293274769342e-06 2.709412546914168e-12
total cost: -7.784297781744287
singles alt: [(4, 0), (5, 1), (6, 0), (7, 1), (8, 0), (9, 1), (10, 0), (11, 1), (4, 2), (5, 3), (6, 2), (7, 3), (8, 2), (9, 3), (10, 2), (11, 3)]
length: 16 76
Estimated difference between T3^fnT3 - (T2^WT3 + h.c.) is: -1.646029327476649e-06 2.709412546913229e-12
total cost: -7.784297781744287
singles alt: [(4, 0), (5, 1), (6, 0), (7, 1), (8, 0), (9, 1), (10, 0), (11, 1), (4, 2), (5, 3), (6, 2), (7, 3), (8, 2), (9, 3), (10, 2), (11, 3)]
length: 16 76
Estimated difference between T3^fnT3 - (T2^WT3 + h.c.) is: -1.6460293274767035e-06 2.7094125469134088e-12
total cost: -7.784297781744288
singles alt: [(4, 0), (5, 1), (6, 0), (7, 1), (8, 0), (9, 1), (10, 0), (11, 1), (4, 2), (5, 3), (6, 2), (7, 3), (8, 2), (9, 3), (10, 2), (11, 3)]
length: 16 76
Estimated difference between T3^fnT3 - (T2^WT3 + h.c.) is: -1.6460293857749688e-06 2.709412738834721e-12
total cost: -7.784297781618932
singles alt: [(4, 0), (5, 1), (6, 0), (7, 1), (8, 0), (9, 1), (10, 0), (11, 1), (4, 2), (5, 3), (6, 2), (7, 3), (8, 2), (9, 3), (10, 2), (11, 3)]
length: 16 76
Estimated difference between T3^fnT3 - (T2^WT3 + h.c.) is: -1.6460292919577915e-06 2.709412429983068e-12
total cost: -7.784297781758787
singles alt: [(4, 0), (5, 1), (6, 0), (7, 1), (8, 0), (9, 1), (10, 0), (11, 1), (4, 2), (5, 3), (6, 2), (7, 3), (8, 2), (9, 3), (10, 2), (11, 3)]
length: 16 76
Estimated difference between T3^fnT3 - (T2^WT3 + h.c.) is: -1.6460291155888957e-06 2.709411849366362e-12
total cost: -7.784297781795632
singles alt: [(4, 0), (5, 1), (6, 0), (7, 1), (8, 0), (9, 1), (10, 0), (11, 1), (4, 2), (5, 3), (6, 2), (7, 3), (8, 2), (9, 3), (10, 2), (11, 3)]
length: 16 76
Estimated difference between T3^fnT3 - (T2^WT3 + h.c.) is: -1.6460291881365946e-06 2.709412088197617e-12
total cost: -7.78429778178944
singles alt: [(4, 0), (5, 1), (6, 0), (7, 1), (8, 0), (9, 1), (10, 0), (11, 1), (4, 2), (5, 3), (6, 2), (7, 3), (8, 2), (9, 3), (10, 2), (11, 3)]
length: 16 76
Estimated difference between T3^fnT3 - (T2^WT3 + h.c.) is: -1.6460293274764295e-06 2.709412546912507e-12
total cost: -7.784297781744298
singles alt: [(4, 0), (5, 1), (6, 0), (7, 1), (8, 0), (9, 1), (10, 0), (11, 1), (4, 2), (5, 3), (6, 2), (7, 3), (8, 2), (9, 3), (10, 2), (11, 3)]
length: 16 76
Estimated difference between T3^fnT3 - (T2^WT3 + h.c.) is: -1.6460293274770208e-06 2.7094125469144533e-12
total cost: -7.784297781744285
singles alt: [(4, 0), (5, 1), (6, 0), (7, 1), (8, 0), (9, 1), (10, 0), (11, 1), (4, 2), (5, 3), (6, 2), (7, 3), (8, 2), (9, 3), (10, 2), (11, 3)]
length: 16 76
Estimated difference between T3^fnT3 - (T2^WT3 + h.c.) is: -1.6460293274770288e-06 2.70941254691448e-12
total cost: -7.784297781744287
singles alt: [(4, 0), (5, 1), (6, 0), (7, 1), (8, 0), (9, 1), (10, 0), (11, 1), (4, 2), (5, 3), (6, 2), (7, 3), (8, 2), (9, 3), (10, 2), (11, 3)]
length: 16 76
Estimated difference between T3^fnT3 - (T2^WT3 + h.c.) is: -1.6460293274765881e-06 2.709412546913029e-12
total cost: -7.784297781744289
singles alt: [(4, 0), (5, 1), (6, 0), (7, 1), (8, 0), (9, 1), (10, 0), (11, 1), (4, 2), (5, 3), (6, 2), (7, 3), (8, 2), (9, 3), (10, 2), (11, 3)]
length: 16 76
Estimated difference between T3^fnT3 - (T2^WT3 + h.c.) is: -1.6460293274764647e-06 2.709412546912623e-12
total cost: -7.78429778174429
singles alt: [(4, 0), (5, 1), (6, 0), (7, 1), (8, 0), (9, 1), (10, 0), (11, 1), (4, 2), (5, 3), (6, 2), (7, 3), (8, 2), (9, 3), (10, 2), (11, 3)]
length: 16 76
Estimated difference between T3^fnT3 - (T2^WT3 + h.c.) is: -1.6460293274770195e-06 2.7094125469144492e-12
total cost: -7.784297781744287
singles alt: [(4, 0), (5, 1), (6, 0), (7, 1), (8, 0), (9, 1), (10, 0), (11, 1), (4, 2), (5, 3), (6, 2), (7, 3), (8, 2), (9, 3), (10, 2), (11, 3)]
length: 16 76
Estimated difference between T3^fnT3 - (T2^WT3 + h.c.) is: -1.646029327476325e-06 2.7094125469121624e-12
total cost: -7.784297781744287
singles alt: [(4, 0), (5, 1), (6, 0), (7, 1), (8, 0), (9, 1), (10, 0), (11, 1), (4, 2), (5, 3), (6, 2), (7, 3), (8, 2), (9, 3), (10, 2), (11, 3)]
length: 16 76
Estimated difference between T3^fnT3 - (T2^WT3 + h.c.) is: -1.6460293274767863e-06 2.7094125469136814e-12
total cost: -7.7842977817442875
singles alt: [(4, 0), (5, 1), (6, 0), (7, 1), (8, 0), (9, 1), (10, 0), (11, 1), (4, 2), (5, 3), (6, 2), (7, 3), (8, 2), (9, 3), (10, 2), (11, 3)]
length: 16 76
Estimated difference between T3^fnT3 - (T2^WT3 + h.c.) is: -1.646029507701428e-06 2.7094131402238052e-12
total cost: -7.7842977817394665
singles alt: [(4, 0), (5, 1), (6, 0), (7, 1), (8, 0), (9, 1), (10, 0), (11, 1), (4, 2), (5, 3), (6, 2), (7, 3), (8, 2), (9, 3), (10, 2), (11, 3)]
length: 16 76
Estimated difference between T3^fnT3 - (T2^WT3 + h.c.) is: -1.6460293515279544e-06 2.709412626091538e-12
total cost: -7.784297781755246
singles alt: [(4, 0), (5, 1), (6, 0), (7, 1), (8, 0), (9, 1), (10, 0), (11, 1), (4, 2), (5, 3), (6, 2), (7, 3), (8, 2), (9, 3), (10, 2), (11, 3)]
length: 16 76
Estimated difference between T3^fnT3 - (T2^WT3 + h.c.) is: -1.6460293514852557e-06 2.7094126259509715e-12
total cost: -7.784297781755252
singles alt: [(4, 0), (5, 1), (6, 0), (7, 1), (8, 0), (9, 1), (10, 0), (11, 1), (4, 2), (5, 3), (6, 2), (7, 3), (8, 2), (9, 3), (10, 2), (11, 3)]
length: 16 76
Estimated difference between T3^fnT3 - (T2^WT3 + h.c.) is: -1.6460294593200266e-06 2.7094129809493794e-12
total cost: -7.784297781801414
singles alt: [(4, 0), (5, 1), (6, 0), (7, 1), (8, 0), (9, 1), (10, 0), (11, 1), (4, 2), (5, 3), (6, 2), (7, 3), (8, 2), (9, 3), (10, 2), (11, 3)]
length: 16 76
Estimated difference between T3^fnT3 - (T2^WT3 + h.c.) is: -1.646029327473902e-06 2.7094125469041862e-12
total cost: -7.784297781744287
singles alt: [(4, 0), (5, 1), (6, 0), (7, 1), (8, 0), (9, 1), (10, 0), (11, 1), (4, 2), (5, 3), (6, 2), (7, 3), (8, 2), (9, 3), (10, 2), (11, 3)]
length: 16 76
Estimated difference between T3^fnT3 - (T2^WT3 + h.c.) is: -1.64602932747667e-06 2.709412546913299e-12
total cost: -7.784297781744287
singles alt: [(4, 0), (5, 1), (6, 0), (7, 1), (8, 0), (9, 1), (10, 0), (11, 1), (4, 2), (5, 3), (6, 2), (7, 3), (8, 2), (9, 3), (10, 2), (11, 3)]
length: 16 76
Estimated difference between T3^fnT3 - (T2^WT3 + h.c.) is: -1.6460293274775847e-06 2.7094125469163096e-12
total cost: -7.784297781744287
singles alt: [(4, 0), (5, 1), (6, 0), (7, 1), (8, 0), (9, 1), (10, 0), (11, 1), (4, 2), (5, 3), (6, 2), (7, 3), (8, 2), (9, 3), (10, 2), (11, 3)]
length: 16 76
Estimated difference between T3^fnT3 - (T2^WT3 + h.c.) is: -1.6460293274784535e-06 2.70941254691917e-12
total cost: -7.784297781744285
singles alt: [(4, 0), (5, 1), (6, 0), (7, 1), (8, 0), (9, 1), (10, 0), (11, 1), (4, 2), (5, 3), (6, 2), (7, 3), (8, 2), (9, 3), (10, 2), (11, 3)]
length: 16 76
Estimated difference between T3^fnT3 - (T2^WT3 + h.c.) is: -1.6460291572733733e-06 2.7094119865940916e-12
total cost: -7.784297781781545
singles alt: [(4, 0), (5, 1), (6, 0), (7, 1), (8, 0), (9, 1), (10, 0), (11, 1), (4, 2), (5, 3), (6, 2), (7, 3), (8, 2), (9, 3), (10, 2), (11, 3)]
length: 16 76
Estimated difference between T3^fnT3 - (T2^WT3 + h.c.) is: -1.6460291576799906e-06 2.7094119879326993e-12
total cost: -7.784297781781674
singles alt: [(4, 0), (5, 1), (6, 0), (7, 1), (8, 0), (9, 1), (10, 0), (11, 1), (4, 2), (5, 3), (6, 2), (7, 3), (8, 2), (9, 3), (10, 2), (11, 3)]
length: 16 76
Estimated difference between T3^fnT3 - (T2^WT3 + h.c.) is: -1.6460290565902997e-06 2.7094116551395522e-12
total cost: -7.784297781744258
singles alt: [(4, 0), (5, 1), (6, 0), (7, 1), (8, 0), (9, 1), (10, 0), (11, 1), (4, 2), (5, 3), (6, 2), (7, 3), (8, 2), (9, 3), (10, 2), (11, 3)]
length: 16 76
Estimated difference between T3^fnT3 - (T2^WT3 + h.c.) is: -1.6460295980823439e-06 2.7094134377631224e-12
total cost: -7.784297781744316
singles alt: [(4, 0), (5, 1), (6, 0), (7, 1), (8, 0), (9, 1), (10, 0), (11, 1), (4, 2), (5, 3), (6, 2), (7, 3), (8, 2), (9, 3), (10, 2), (11, 3)]
length: 16 76
Estimated difference between T3^fnT3 - (T2^WT3 + h.c.) is: -1.6460293274777628e-06 2.709412546916896e-12
total cost: -7.784297781744287
singles alt: [(4, 0), (5, 1), (6, 0), (7, 1), (8, 0), (9, 1), (10, 0), (11, 1), (4, 2), (5, 3), (6, 2), (7, 3), (8, 2), (9, 3), (10, 2), (11, 3)]
length: 16 76
Estimated difference between T3^fnT3 - (T2^WT3 + h.c.) is: -1.6460293274769966e-06 2.7094125469143737e-12
total cost: -7.784297781744287
singles alt: [(4, 0), (5, 1), (6, 0), (7, 1), (8, 0), (9, 1), (10, 0), (11, 1), (4, 2), (5, 3), (6, 2), (7, 3), (8, 2), (9, 3), (10, 2), (11, 3)]
length: 16 76
Estimated difference between T3^fnT3 - (T2^WT3 + h.c.) is: -1.6460293274765483e-06 2.709412546912898e-12
total cost: -7.784297781744288
singles alt: [(4, 0), (5, 1), (6, 0), (7, 1), (8, 0), (9, 1), (10, 0), (11, 1), (4, 2), (5, 3), (6, 2), (7, 3), (8, 2), (9, 3), (10, 2), (11, 3)]
length: 16 76
Estimated difference between T3^fnT3 - (T2^WT3 + h.c.) is: -1.6460293274766235e-06 2.7094125469131454e-12
total cost: -7.784297781744288
singles alt: [(4, 0), (5, 1), (6, 0), (7, 1), (8, 0), (9, 1), (10, 0), (11, 1), (4, 2), (5, 3), (6, 2), (7, 3), (8, 2), (9, 3), (10, 2), (11, 3)]
length: 16 76
Estimated difference between T3^fnT3 - (T2^WT3 + h.c.) is: -1.6460293274768518e-06 2.709412546913897e-12
total cost: -7.784297781742994
singles alt: [(4, 0), (5, 1), (6, 0), (7, 1), (8, 0), (9, 1), (10, 0), (11, 1), (4, 2), (5, 3), (6, 2), (7, 3), (8, 2), (9, 3), (10, 2), (11, 3)]
length: 16 76
Estimated difference between T3^fnT3 - (T2^WT3 + h.c.) is: -1.6460293274768518e-06 2.709412546913897e-12
total cost: -7.7842977817430645
singles alt: [(4, 0), (5, 1), (6, 0), (7, 1), (8, 0), (9, 1), (10, 0), (11, 1), (4, 2), (5, 3), (6, 2), (7, 3), (8, 2), (9, 3), (10, 2), (11, 3)]
length: 16 76
Estimated difference between T3^fnT3 - (T2^WT3 + h.c.) is: -1.6460293274768518e-06 2.709412546913897e-12
total cost: -7.784297781744287
singles alt: [(4, 0), (5, 1), (6, 0), (7, 1), (8, 0), (9, 1), (10, 0), (11, 1), (4, 2), (5, 3), (6, 2), (7, 3), (8, 2), (9, 3), (10, 2), (11, 3)]
length: 16 76
Estimated difference between T3^fnT3 - (T2^WT3 + h.c.) is: -1.6460293274768518e-06 2.709412546913897e-12
total cost: -7.7842977817442875
singles alt: [(4, 0), (5, 1), (6, 0), (7, 1), (8, 0), (9, 1), (10, 0), (11, 1), (4, 2), (5, 3), (6, 2), (7, 3), (8, 2), (9, 3), (10, 2), (11, 3)]
length: 16 76
Estimated difference between T3^fnT3 - (T2^WT3 + h.c.) is: -1.6460293274768518e-06 2.709412546913897e-12
total cost: -7.784297781744288
singles alt: [(4, 0), (5, 1), (6, 0), (7, 1), (8, 0), (9, 1), (10, 0), (11, 1), (4, 2), (5, 3), (6, 2), (7, 3), (8, 2), (9, 3), (10, 2), (11, 3)]
length: 16 76
Estimated difference between T3^fnT3 - (T2^WT3 + h.c.) is: -1.6460293274768518e-06 2.709412546913897e-12
total cost: -7.7842977817442875
singles alt: [(4, 0), (5, 1), (6, 0), (7, 1), (8, 0), (9, 1), (10, 0), (11, 1), (4, 2), (5, 3), (6, 2), (7, 3), (8, 2), (9, 3), (10, 2), (11, 3)]
length: 16 76
Estimated difference between T3^fnT3 - (T2^WT3 + h.c.) is: -1.6460293274768518e-06 2.709412546913897e-12
total cost: -7.7842977817330885
singles alt: [(4, 0), (5, 1), (6, 0), (7, 1), (8, 0), (9, 1), (10, 0), (11, 1), (4, 2), (5, 3), (6, 2), (7, 3), (8, 2), (9, 3), (10, 2), (11, 3)]
length: 16 76
Estimated difference between T3^fnT3 - (T2^WT3 + h.c.) is: -1.6460293274768518e-06 2.709412546913897e-12
total cost: -7.784297781733109
singles alt: [(4, 0), (5, 1), (6, 0), (7, 1), (8, 0), (9, 1), (10, 0), (11, 1), (4, 2), (5, 3), (6, 2), (7, 3), (8, 2), (9, 3), (10, 2), (11, 3)]
length: 16 76
Estimated difference between T3^fnT3 - (T2^WT3 + h.c.) is: -1.6460293274768518e-06 2.709412546913897e-12
total cost: -7.784297781847364
singles alt: [(4, 0), (5, 1), (6, 0), (7, 1), (8, 0), (9, 1), (10, 0), (11, 1), (4, 2), (5, 3), (6, 2), (7, 3), (8, 2), (9, 3), (10, 2), (11, 3)]
length: 16 76
Estimated difference between T3^fnT3 - (T2^WT3 + h.c.) is: -1.6460293274768518e-06 2.709412546913897e-12
total cost: -7.784297781847385
singles alt: [(4, 0), (5, 1), (6, 0), (7, 1), (8, 0), (9, 1), (10, 0), (11, 1), (4, 2), (5, 3), (6, 2), (7, 3), (8, 2), (9, 3), (10, 2), (11, 3)]
length: 16 76
Estimated difference between T3^fnT3 - (T2^WT3 + h.c.) is: -1.6460293274768518e-06 2.709412546913897e-12
total cost: -7.784297781744288
singles alt: [(4, 0), (5, 1), (6, 0), (7, 1), (8, 0), (9, 1), (10, 0), (11, 1), (4, 2), (5, 3), (6, 2), (7, 3), (8, 2), (9, 3), (10, 2), (11, 3)]
length: 16 76
Estimated difference between T3^fnT3 - (T2^WT3 + h.c.) is: -1.6460293274768518e-06 2.709412546913897e-12
total cost: -7.784297781744286
singles alt: [(4, 0), (5, 1), (6, 0), (7, 1), (8, 0), (9, 1), (10, 0), (11, 1), (4, 2), (5, 3), (6, 2), (7, 3), (8, 2), (9, 3), (10, 2), (11, 3)]
length: 16 76
Estimated difference between T3^fnT3 - (T2^WT3 + h.c.) is: -1.6460293274768518e-06 2.709412546913897e-12
total cost: -7.7842977817442875
singles alt: [(4, 0), (5, 1), (6, 0), (7, 1), (8, 0), (9, 1), (10, 0), (11, 1), (4, 2), (5, 3), (6, 2), (7, 3), (8, 2), (9, 3), (10, 2), (11, 3)]
length: 16 76
Estimated difference between T3^fnT3 - (T2^WT3 + h.c.) is: -1.6460293274768518e-06 2.709412546913897e-12
total cost: -7.784297781744286
singles alt: [(4, 0), (5, 1), (6, 0), (7, 1), (8, 0), (9, 1), (10, 0), (11, 1), (4, 2), (5, 3), (6, 2), (7, 3), (8, 2), (9, 3), (10, 2), (11, 3)]
length: 16 76
Estimated difference between T3^fnT3 - (T2^WT3 + h.c.) is: -1.6460293274768518e-06 2.709412546913897e-12
total cost: -7.784297781753665
singles alt: [(4, 0), (5, 1), (6, 0), (7, 1), (8, 0), (9, 1), (10, 0), (11, 1), (4, 2), (5, 3), (6, 2), (7, 3), (8, 2), (9, 3), (10, 2), (11, 3)]
length: 16 76
Estimated difference between T3^fnT3 - (T2^WT3 + h.c.) is: -1.6460293274768518e-06 2.709412546913897e-12
total cost: -7.784297781753702
singles alt: [(4, 0), (5, 1), (6, 0), (7, 1), (8, 0), (9, 1), (10, 0), (11, 1), (4, 2), (5, 3), (6, 2), (7, 3), (8, 2), (9, 3), (10, 2), (11, 3)]
callback: energy=-7.784296135715
singles alt: [(4, 0), (5, 1), (6, 0), (7, 1), (8, 0), (9, 1), (10, 0), (11, 1), (4, 2), (5, 3), (6, 2), (7, 3), (8, 2), (9, 3), (10, 2), (11, 3)]
length: 16 76
Estimated difference between T3^fnT3 - (T2^WT3 + h.c.) is: -1.6761667906871984e-06 2.8095351102026223e-12
total cost: -7.784358484067964
singles alt: [(4, 0), (5, 1), (6, 0), (7, 1), (8, 0), (9, 1), (10, 0), (11, 1), (4, 2), (5, 3), (6, 2), (7, 3), (8, 2), (9, 3), (10, 2), (11, 3)]
length: 16 76
Estimated difference between T3^fnT3 - (T2^WT3 + h.c.) is: -1.6761671081284261e-06 2.809536174371611e-12
total cost: -7.784358484092701
singles alt: [(4, 0), (5, 1), (6, 0), (7, 1), (8, 0), (9, 1), (10, 0), (11, 1), (4, 2), (5, 3), (6, 2), (7, 3), (8, 2), (9, 3), (10, 2), (11, 3)]
length: 16 76
Estimated difference between T3^fnT3 - (T2^WT3 + h.c.) is: -1.6761668468929245e-06 2.8095352986229687e-12
total cost: -7.784358484063116
singles alt: [(4, 0), (5, 1), (6, 0), (7, 1), (8, 0), (9, 1), (10, 0), (11, 1), (4, 2), (5, 3), (6, 2), (7, 3), (8, 2), (9, 3), (10, 2), (11, 3)]
length: 16 76
Estimated difference between T3^fnT3 - (T2^WT3 + h.c.) is: -1.6761668469172265e-06 2.809535298704437e-12
total cost: -7.7843584840631515
singles alt: [(4, 0), (5, 1), (6, 0), (7, 1), (8, 0), (9, 1), (10, 0), (11, 1), (4, 2), (5, 3), (6, 2), (7, 3), (8, 2), (9, 3), (10, 2), (11, 3)]
length: 16 76
Estimated difference between T3^fnT3 - (T2^WT3 + h.c.) is: -1.6761668541180438e-06 2.8095353228439795e-12
total cost: -7.78435848405094
singles alt: [(4, 0), (5, 1), (6, 0), (7, 1), (8, 0), (9, 1), (10, 0), (11, 1), (4, 2), (5, 3), (6, 2), (7, 3), (8, 2), (9, 3), (10, 2), (11, 3)]
length: 16 76
Estimated difference between T3^fnT3 - (T2^WT3 + h.c.) is: -1.6761667906862353e-06 2.809535110199394e-12
total cost: -7.784358484067966
singles alt: [(4, 0), (5, 1), (6, 0), (7, 1), (8, 0), (9, 1), (10, 0), (11, 1), (4, 2), (5, 3), (6, 2), (7, 3), (8, 2), (9, 3), (10, 2), (11, 3)]
length: 16 76
Estimated difference between T3^fnT3 - (T2^WT3 + h.c.) is: -1.6761667906855262e-06 2.8095351101970167e-12
total cost: -7.784358484067964
singles alt: [(4, 0), (5, 1), (6, 0), (7, 1), (8, 0), (9, 1), (10, 0), (11, 1), (4, 2), (5, 3), (6, 2), (7, 3), (8, 2), (9, 3), (10, 2), (11, 3)]
length: 16 76
Estimated difference between T3^fnT3 - (T2^WT3 + h.c.) is: -1.6761667906860655e-06 2.8095351101988245e-12
total cost: -7.784358484067964
singles alt: [(4, 0), (5, 1), (6, 0), (7, 1), (8, 0), (9, 1), (10, 0), (11, 1), (4, 2), (5, 3), (6, 2), (7, 3), (8, 2), (9, 3), (10, 2), (11, 3)]
length: 16 76
Estimated difference between T3^fnT3 - (T2^WT3 + h.c.) is: -1.6761667906866525e-06 2.8095351102007923e-12
total cost: -7.7843584840679645
singles alt: [(4, 0), (5, 1), (6, 0), (7, 1), (8, 0), (9, 1), (10, 0), (11, 1), (4, 2), (5, 3), (6, 2), (7, 3), (8, 2), (9, 3), (10, 2), (11, 3)]
length: 16 76
Estimated difference between T3^fnT3 - (T2^WT3 + h.c.) is: -1.6761667906863842e-06 2.809535110199893e-12
total cost: -7.784358484067966
singles alt: [(4, 0), (5, 1), (6, 0), (7, 1), (8, 0), (9, 1), (10, 0), (11, 1), (4, 2), (5, 3), (6, 2), (7, 3), (8, 2), (9, 3), (10, 2), (11, 3)]
length: 16 76
Estimated difference between T3^fnT3 - (T2^WT3 + h.c.) is: -1.676166790686466e-06 2.809535110200167e-12
total cost: -7.784358484067964
singles alt: [(4, 0), (5, 1), (6, 0), (7, 1), (8, 0), (9, 1), (10, 0), (11, 1), (4, 2), (5, 3), (6, 2), (7, 3), (8, 2), (9, 3), (10, 2), (11, 3)]
length: 16 76
Estimated difference between T3^fnT3 - (T2^WT3 + h.c.) is: -1.6761667906853798e-06 2.809535110196526e-12
total cost: -7.784358484067964
singles alt: [(4, 0), (5, 1), (6, 0), (7, 1), (8, 0), (9, 1), (10, 0), (11, 1), (4, 2), (5, 3), (6, 2), (7, 3), (8, 2), (9, 3), (10, 2), (11, 3)]
length: 16 76
Estimated difference between T3^fnT3 - (T2^WT3 + h.c.) is: -1.6761667906870646e-06 2.8095351102021736e-12
total cost: -7.784358484067964
singles alt: [(4, 0), (5, 1), (6, 0), (7, 1), (8, 0), (9, 1), (10, 0), (11, 1), (4, 2), (5, 3), (6, 2), (7, 3), (8, 2), (9, 3), (10, 2), (11, 3)]
length: 16 76
Estimated difference between T3^fnT3 - (T2^WT3 + h.c.) is: -1.6761668519162058e-06 2.8095353154626838e-12
total cost: -7.784358484055507
singles alt: [(4, 0), (5, 1), (6, 0), (7, 1), (8, 0), (9, 1), (10, 0), (11, 1), (4, 2), (5, 3), (6, 2), (7, 3), (8, 2), (9, 3), (10, 2), (11, 3)]
length: 16 76
Estimated difference between T3^fnT3 - (T2^WT3 + h.c.) is: -1.6761665957502334e-06 2.809534456708926e-12
total cost: -7.784358484080087
singles alt: [(4, 0), (5, 1), (6, 0), (7, 1), (8, 0), (9, 1), (10, 0), (11, 1), (4, 2), (5, 3), (6, 2), (7, 3), (8, 2), (9, 3), (10, 2), (11, 3)]
length: 16 76
Estimated difference between T3^fnT3 - (T2^WT3 + h.c.) is: -1.6761667621989702e-06 2.8095350147005792e-12
total cost: -7.784358484068192
singles alt: [(4, 0), (5, 1), (6, 0), (7, 1), (8, 0), (9, 1), (10, 0), (11, 1), (4, 2), (5, 3), (6, 2), (7, 3), (8, 2), (9, 3), (10, 2), (11, 3)]
length: 16 76
Estimated difference between T3^fnT3 - (T2^WT3 + h.c.) is: -1.676166651765007e-06 2.8095346444891147e-12
total cost: -7.784358484081173
singles alt: [(4, 0), (5, 1), (6, 0), (7, 1), (8, 0), (9, 1), (10, 0), (11, 1), (4, 2), (5, 3), (6, 2), (7, 3), (8, 2), (9, 3), (10, 2), (11, 3)]
length: 16 76
Estimated difference between T3^fnT3 - (T2^WT3 + h.c.) is: -1.676166790686063e-06 2.809535110198816e-12
total cost: -7.784358484067966
singles alt: [(4, 0), (5, 1), (6, 0), (7, 1), (8, 0), (9, 1), (10, 0), (11, 1), (4, 2), (5, 3), (6, 2), (7, 3), (8, 2), (9, 3), (10, 2), (11, 3)]
length: 16 76
Estimated difference between T3^fnT3 - (T2^WT3 + h.c.) is: -1.6761667906820891e-06 2.8095351101854943e-12
total cost: -7.784358484067966
singles alt: [(4, 0), (5, 1), (6, 0), (7, 1), (8, 0), (9, 1), (10, 0), (11, 1), (4, 2), (5, 3), (6, 2), (7, 3), (8, 2), (9, 3), (10, 2), (11, 3)]
length: 16 76
Estimated difference between T3^fnT3 - (T2^WT3 + h.c.) is: -1.6761667906797035e-06 2.8095351101774967e-12
total cost: -7.784358484067966
singles alt: [(4, 0), (5, 1), (6, 0), (7, 1), (8, 0), (9, 1), (10, 0), (11, 1), (4, 2), (5, 3), (6, 2), (7, 3), (8, 2), (9, 3), (10, 2), (11, 3)]
length: 16 76
Estimated difference between T3^fnT3 - (T2^WT3 + h.c.) is: -1.6761667906867465e-06 2.8095351102011077e-12
total cost: -7.784358484067965
singles alt: [(4, 0), (5, 1), (6, 0), (7, 1), (8, 0), (9, 1), (10, 0), (11, 1), (4, 2), (5, 3), (6, 2), (7, 3), (8, 2), (9, 3), (10, 2), (11, 3)]
length: 16 76
Estimated difference between T3^fnT3 - (T2^WT3 + h.c.) is: -1.6761669991091186e-06 2.8095358089024677e-12
total cost: -7.784358484052993
singles alt: [(4, 0), (5, 1), (6, 0), (7, 1), (8, 0), (9, 1), (10, 0), (11, 1), (4, 2), (5, 3), (6, 2), (7, 3), (8, 2), (9, 3), (10, 2), (11, 3)]
length: 16 76
Estimated difference between T3^fnT3 - (T2^WT3 + h.c.) is: -1.6761672184173446e-06 2.809536544096938e-12
total cost: -7.784358484010488
singles alt: [(4, 0), (5, 1), (6, 0), (7, 1), (8, 0), (9, 1), (10, 0), (11, 1), (4, 2), (5, 3), (6, 2), (7, 3), (8, 2), (9, 3), (10, 2), (11, 3)]
length: 16 76
Estimated difference between T3^fnT3 - (T2^WT3 + h.c.) is: -1.6761670877988006e-06 2.8095361062199123e-12
total cost: -7.784358484010583
singles alt: [(4, 0), (5, 1), (6, 0), (7, 1), (8, 0), (9, 1), (10, 0), (11, 1), (4, 2), (5, 3), (6, 2), (7, 3), (8, 2), (9, 3), (10, 2), (11, 3)]
length: 16 76
Estimated difference between T3^fnT3 - (T2^WT3 + h.c.) is: -1.676166978400036e-06 2.809535739478707e-12
total cost: -7.784358484024276
singles alt: [(4, 0), (5, 1), (6, 0), (7, 1), (8, 0), (9, 1), (10, 0), (11, 1), (4, 2), (5, 3), (6, 2), (7, 3), (8, 2), (9, 3), (10, 2), (11, 3)]
length: 16 76
Estimated difference between T3^fnT3 - (T2^WT3 + h.c.) is: -1.6761668179409523e-06 2.809535201566298e-12
total cost: -7.784358484067961
singles alt: [(4, 0), (5, 1), (6, 0), (7, 1), (8, 0), (9, 1), (10, 0), (11, 1), (4, 2), (5, 3), (6, 2), (7, 3), (8, 2), (9, 3), (10, 2), (11, 3)]
length: 16 76
Estimated difference between T3^fnT3 - (T2^WT3 + h.c.) is: -1.6761669212713852e-06 2.809535547964394e-12
total cost: -7.784358484067972
singles alt: [(4, 0), (5, 1), (6, 0), (7, 1), (8, 0), (9, 1), (10, 0), (11, 1), (4, 2), (5, 3), (6, 2), (7, 3), (8, 2), (9, 3), (10, 2), (11, 3)]
length: 16 76
Estimated difference between T3^fnT3 - (T2^WT3 + h.c.) is: -1.6761669211787975e-06 2.809535547654009e-12
total cost: -7.784358484067977
singles alt: [(4, 0), (5, 1), (6, 0), (7, 1), (8, 0), (9, 1), (10, 0), (11, 1), (4, 2), (5, 3), (6, 2), (7, 3), (8, 2), (9, 3), (10, 2), (11, 3)]
length: 16 76
Estimated difference between T3^fnT3 - (T2^WT3 + h.c.) is: -1.6761668147732185e-06 2.809535190946997e-12
total cost: -7.784358484067972
singles alt: [(4, 0), (5, 1), (6, 0), (7, 1), (8, 0), (9, 1), (10, 0), (11, 1), (4, 2), (5, 3), (6, 2), (7, 3), (8, 2), (9, 3), (10, 2), (11, 3)]
length: 16 76
Estimated difference between T3^fnT3 - (T2^WT3 + h.c.) is: -1.6761667906870714e-06 2.8095351102021966e-12
total cost: -7.784358484067962
singles alt: [(4, 0), (5, 1), (6, 0), (7, 1), (8, 0), (9, 1), (10, 0), (11, 1), (4, 2), (5, 3), (6, 2), (7, 3), (8, 2), (9, 3), (10, 2), (11, 3)]
length: 16 76
Estimated difference between T3^fnT3 - (T2^WT3 + h.c.) is: -1.6761667906866781e-06 2.8095351102008783e-12
total cost: -7.784358484067964
singles alt: [(4, 0), (5, 1), (6, 0), (7, 1), (8, 0), (9, 1), (10, 0), (11, 1), (4, 2), (5, 3), (6, 2), (7, 3), (8, 2), (9, 3), (10, 2), (11, 3)]
length: 16 76
Estimated difference between T3^fnT3 - (T2^WT3 + h.c.) is: -1.67616679068554e-06 2.8095351101970627e-12
total cost: -7.7843584840679645
singles alt: [(4, 0), (5, 1), (6, 0), (7, 1), (8, 0), (9, 1), (10, 0), (11, 1), (4, 2), (5, 3), (6, 2), (7, 3), (8, 2), (9, 3), (10, 2), (11, 3)]
length: 16 76
Estimated difference between T3^fnT3 - (T2^WT3 + h.c.) is: -1.6761667906871694e-06 2.809535110202525e-12
total cost: -7.784358484067963
singles alt: [(4, 0), (5, 1), (6, 0), (7, 1), (8, 0), (9, 1), (10, 0), (11, 1), (4, 2), (5, 3), (6, 2), (7, 3), (8, 2), (9, 3), (10, 2), (11, 3)]
length: 16 76
Estimated difference between T3^fnT3 - (T2^WT3 + h.c.) is: -1.676166790686366e-06 2.809535110199832e-12
total cost: -7.784358484067966
singles alt: [(4, 0), (5, 1), (6, 0), (7, 1), (8, 0), (9, 1), (10, 0), (11, 1), (4, 2), (5, 3), (6, 2), (7, 3), (8, 2), (9, 3), (10, 2), (11, 3)]
length: 16 76
Estimated difference between T3^fnT3 - (T2^WT3 + h.c.) is: -1.676166790686301e-06 2.809535110199614e-12
total cost: -7.784358484067964
singles alt: [(4, 0), (5, 1), (6, 0), (7, 1), (8, 0), (9, 1), (10, 0), (11, 1), (4, 2), (5, 3), (6, 2), (7, 3), (8, 2), (9, 3), (10, 2), (11, 3)]
length: 16 76
Estimated difference between T3^fnT3 - (T2^WT3 + h.c.) is: -1.6761667906862735e-06 2.8095351101995216e-12
total cost: -7.784358484067964
singles alt: [(4, 0), (5, 1), (6, 0), (7, 1), (8, 0), (9, 1), (10, 0), (11, 1), (4, 2), (5, 3), (6, 2), (7, 3), (8, 2), (9, 3), (10, 2), (11, 3)]
length: 16 76
Estimated difference between T3^fnT3 - (T2^WT3 + h.c.) is: -1.6761667906869668e-06 2.8095351102018456e-12
total cost: -7.784358484067964
singles alt: [(4, 0), (5, 1), (6, 0), (7, 1), (8, 0), (9, 1), (10, 0), (11, 1), (4, 2), (5, 3), (6, 2), (7, 3), (8, 2), (9, 3), (10, 2), (11, 3)]
length: 16 76
Estimated difference between T3^fnT3 - (T2^WT3 + h.c.) is: -1.6761668179422949e-06 2.8095352015707984e-12
total cost: -7.7843584840679565
singles alt: [(4, 0), (5, 1), (6, 0), (7, 1), (8, 0), (9, 1), (10, 0), (11, 1), (4, 2), (5, 3), (6, 2), (7, 3), (8, 2), (9, 3), (10, 2), (11, 3)]
length: 16 76
Estimated difference between T3^fnT3 - (T2^WT3 + h.c.) is: -1.6761669212666942e-06 2.809535547948668e-12
total cost: -7.784358484067974
singles alt: [(4, 0), (5, 1), (6, 0), (7, 1), (8, 0), (9, 1), (10, 0), (11, 1), (4, 2), (5, 3), (6, 2), (7, 3), (8, 2), (9, 3), (10, 2), (11, 3)]
length: 16 76
Estimated difference between T3^fnT3 - (T2^WT3 + h.c.) is: -1.6761669211826168e-06 2.8095355476668127e-12
total cost: -7.78435848406797
singles alt: [(4, 0), (5, 1), (6, 0), (7, 1), (8, 0), (9, 1), (10, 0), (11, 1), (4, 2), (5, 3), (6, 2), (7, 3), (8, 2), (9, 3), (10, 2), (11, 3)]
length: 16 76
Estimated difference between T3^fnT3 - (T2^WT3 + h.c.) is: -1.6761668147743908e-06 2.809535190950927e-12
total cost: -7.784358484067968
singles alt: [(4, 0), (5, 1), (6, 0), (7, 1), (8, 0), (9, 1), (10, 0), (11, 1), (4, 2), (5, 3), (6, 2), (7, 3), (8, 2), (9, 3), (10, 2), (11, 3)]
length: 16 76
Estimated difference between T3^fnT3 - (T2^WT3 + h.c.) is: -1.6761669991685744e-06 2.8095358091017835e-12
total cost: -7.784358484053035
singles alt: [(4, 0), (5, 1), (6, 0), (7, 1), (8, 0), (9, 1), (10, 0), (11, 1), (4, 2), (5, 3), (6, 2), (7, 3), (8, 2), (9, 3), (10, 2), (11, 3)]
length: 16 76
Estimated difference between T3^fnT3 - (T2^WT3 + h.c.) is: -1.676167088237318e-06 2.8095361076899693e-12
total cost: -7.784358484010444
singles alt: [(4, 0), (5, 1), (6, 0), (7, 1), (8, 0), (9, 1), (10, 0), (11, 1), (4, 2), (5, 3), (6, 2), (7, 3), (8, 2), (9, 3), (10, 2), (11, 3)]
length: 16 76
Estimated difference between T3^fnT3 - (T2^WT3 + h.c.) is: -1.676167218948211e-06 2.80953654587658e-12
total cost: -7.7843584840103786
singles alt: [(4, 0), (5, 1), (6, 0), (7, 1), (8, 0), (9, 1), (10, 0), (11, 1), (4, 2), (5, 3), (6, 2), (7, 3), (8, 2), (9, 3), (10, 2), (11, 3)]
length: 16 76
Estimated difference between T3^fnT3 - (T2^WT3 + h.c.) is: -1.676166978528839e-06 2.8095357399104977e-12
total cost: -7.784358484024212
singles alt: [(4, 0), (5, 1), (6, 0), (7, 1), (8, 0), (9, 1), (10, 0), (11, 1), (4, 2), (5, 3), (6, 2), (7, 3), (8, 2), (9, 3), (10, 2), (11, 3)]
length: 16 76
Estimated difference between T3^fnT3 - (T2^WT3 + h.c.) is: -1.6761667906871815e-06 2.8095351102025658e-12
total cost: -7.784358484067962
singles alt: [(4, 0), (5, 1), (6, 0), (7, 1), (8, 0), (9, 1), (10, 0), (11, 1), (4, 2), (5, 3), (6, 2), (7, 3), (8, 2), (9, 3), (10, 2), (11, 3)]
length: 16 76
Estimated difference between T3^fnT3 - (T2^WT3 + h.c.) is: -1.6761667906873191e-06 2.809535110203027e-12
total cost: -7.784358484067964
singles alt: [(4, 0), (5, 1), (6, 0), (7, 1), (8, 0), (9, 1), (10, 0), (11, 1), (4, 2), (5, 3), (6, 2), (7, 3), (8, 2), (9, 3), (10, 2), (11, 3)]
length: 16 76
Estimated difference between T3^fnT3 - (T2^WT3 + h.c.) is: -1.6761667906873026e-06 2.8095351102029717e-12
total cost: -7.784358484067964
singles alt: [(4, 0), (5, 1), (6, 0), (7, 1), (8, 0), (9, 1), (10, 0), (11, 1), (4, 2), (5, 3), (6, 2), (7, 3), (8, 2), (9, 3), (10, 2), (11, 3)]
length: 16 76
Estimated difference between T3^fnT3 - (T2^WT3 + h.c.) is: -1.6761667906869278e-06 2.809535110201715e-12
total cost: -7.784358484067964
singles alt: [(4, 0), (5, 1), (6, 0), (7, 1), (8, 0), (9, 1), (10, 0), (11, 1), (4, 2), (5, 3), (6, 2), (7, 3), (8, 2), (9, 3), (10, 2), (11, 3)]
length: 16 76
Estimated difference between T3^fnT3 - (T2^WT3 + h.c.) is: -1.6761668518508432e-06 2.8095353152435665e-12
total cost: -7.784358484055612
singles alt: [(4, 0), (5, 1), (6, 0), (7, 1), (8, 0), (9, 1), (10, 0), (11, 1), (4, 2), (5, 3), (6, 2), (7, 3), (8, 2), (9, 3), (10, 2), (11, 3)]
length: 16 76
Estimated difference between T3^fnT3 - (T2^WT3 + h.c.) is: -1.6761667621054523e-06 2.8095350143870758e-12
total cost: -7.784358484068606
singles alt: [(4, 0), (5, 1), (6, 0), (7, 1), (8, 0), (9, 1), (10, 0), (11, 1), (4, 2), (5, 3), (6, 2), (7, 3), (8, 2), (9, 3), (10, 2), (11, 3)]
length: 16 76
Estimated difference between T3^fnT3 - (T2^WT3 + h.c.) is: -1.6761665948376003e-06 2.809534453649476e-12
total cost: -7.784358484082016
singles alt: [(4, 0), (5, 1), (6, 0), (7, 1), (8, 0), (9, 1), (10, 0), (11, 1), (4, 2), (5, 3), (6, 2), (7, 3), (8, 2), (9, 3), (10, 2), (11, 3)]
length: 16 76
Estimated difference between T3^fnT3 - (T2^WT3 + h.c.) is: -1.6761666514365824e-06 2.8095346433881255e-12
total cost: -7.784358484081704
singles alt: [(4, 0), (5, 1), (6, 0), (7, 1), (8, 0), (9, 1), (10, 0), (11, 1), (4, 2), (5, 3), (6, 2), (7, 3), (8, 2), (9, 3), (10, 2), (11, 3)]
length: 16 76
Estimated difference between T3^fnT3 - (T2^WT3 + h.c.) is: -1.6761667906871453e-06 2.8095351102024442e-12
total cost: -7.784358484067959
singles alt: [(4, 0), (5, 1), (6, 0), (7, 1), (8, 0), (9, 1), (10, 0), (11, 1), (4, 2), (5, 3), (6, 2), (7, 3), (8, 2), (9, 3), (10, 2), (11, 3)]
length: 16 76
Estimated difference between T3^fnT3 - (T2^WT3 + h.c.) is: -1.676166790686502e-06 2.809535110200288e-12
total cost: -7.7843584840679645
singles alt: [(4, 0), (5, 1), (6, 0), (7, 1), (8, 0), (9, 1), (10, 0), (11, 1), (4, 2), (5, 3), (6, 2), (7, 3), (8, 2), (9, 3), (10, 2), (11, 3)]
length: 16 76
Estimated difference between T3^fnT3 - (T2^WT3 + h.c.) is: -1.676166790687333e-06 2.809535110203074e-12
total cost: -7.7843584840679645
singles alt: [(4, 0), (5, 1), (6, 0), (7, 1), (8, 0), (9, 1), (10, 0), (11, 1), (4, 2), (5, 3), (6, 2), (7, 3), (8, 2), (9, 3), (10, 2), (11, 3)]
length: 16 76
Estimated difference between T3^fnT3 - (T2^WT3 + h.c.) is: -1.6761667906868693e-06 2.8095351102015193e-12
total cost: -7.784358484067965
singles alt: [(4, 0), (5, 1), (6, 0), (7, 1), (8, 0), (9, 1), (10, 0), (11, 1), (4, 2), (5, 3), (6, 2), (7, 3), (8, 2), (9, 3), (10, 2), (11, 3)]
length: 16 76
Estimated difference between T3^fnT3 - (T2^WT3 + h.c.) is: -1.67616679068707e-06 2.809535110202192e-12
total cost: -7.784358484067962
singles alt: [(4, 0), (5, 1), (6, 0), (7, 1), (8, 0), (9, 1), (10, 0), (11, 1), (4, 2), (5, 3), (6, 2), (7, 3), (8, 2), (9, 3), (10, 2), (11, 3)]
length: 16 76
Estimated difference between T3^fnT3 - (T2^WT3 + h.c.) is: -1.6761667906872806e-06 2.8095351102028978e-12
total cost: -7.784358484067964
singles alt: [(4, 0), (5, 1), (6, 0), (7, 1), (8, 0), (9, 1), (10, 0), (11, 1), (4, 2), (5, 3), (6, 2), (7, 3), (8, 2), (9, 3), (10, 2), (11, 3)]
length: 16 76
Estimated difference between T3^fnT3 - (T2^WT3 + h.c.) is: -1.6761667906870159e-06 2.8095351102020104e-12
total cost: -7.784358484067964
singles alt: [(4, 0), (5, 1), (6, 0), (7, 1), (8, 0), (9, 1), (10, 0), (11, 1), (4, 2), (5, 3), (6, 2), (7, 3), (8, 2), (9, 3), (10, 2), (11, 3)]
length: 16 76
Estimated difference between T3^fnT3 - (T2^WT3 + h.c.) is: -1.6761667906870032e-06 2.809535110201968e-12
total cost: -7.784358484067965
singles alt: [(4, 0), (5, 1), (6, 0), (7, 1), (8, 0), (9, 1), (10, 0), (11, 1), (4, 2), (5, 3), (6, 2), (7, 3), (8, 2), (9, 3), (10, 2), (11, 3)]
length: 16 76
Estimated difference between T3^fnT3 - (T2^WT3 + h.c.) is: -1.6761669713389511e-06 2.809535715807592e-12
total cost: -7.784358484069113
singles alt: [(4, 0), (5, 1), (6, 0), (7, 1), (8, 0), (9, 1), (10, 0), (11, 1), (4, 2), (5, 3), (6, 2), (7, 3), (8, 2), (9, 3), (10, 2), (11, 3)]
length: 16 76
Estimated difference between T3^fnT3 - (T2^WT3 + h.c.) is: -1.6761668045013575e-06 2.809535156512292e-12
total cost: -7.784358484144545
singles alt: [(4, 0), (5, 1), (6, 0), (7, 1), (8, 0), (9, 1), (10, 0), (11, 1), (4, 2), (5, 3), (6, 2), (7, 3), (8, 2), (9, 3), (10, 2), (11, 3)]
length: 16 76
Estimated difference between T3^fnT3 - (T2^WT3 + h.c.) is: -1.6761668044027811e-06 2.809535156181831e-12
total cost: -7.784358484144565
singles alt: [(4, 0), (5, 1), (6, 0), (7, 1), (8, 0), (9, 1), (10, 0), (11, 1), (4, 2), (5, 3), (6, 2), (7, 3), (8, 2), (9, 3), (10, 2), (11, 3)]
length: 16 76
Estimated difference between T3^fnT3 - (T2^WT3 + h.c.) is: -1.6761669222139713e-06 2.8095355511242576e-12
total cost: -7.784358484102737
singles alt: [(4, 0), (5, 1), (6, 0), (7, 1), (8, 0), (9, 1), (10, 0), (11, 1), (4, 2), (5, 3), (6, 2), (7, 3), (8, 2), (9, 3), (10, 2), (11, 3)]
length: 16 76
Estimated difference between T3^fnT3 - (T2^WT3 + h.c.) is: -1.676166790679883e-06 2.809535110178099e-12
total cost: -7.784358484067966
singles alt: [(4, 0), (5, 1), (6, 0), (7, 1), (8, 0), (9, 1), (10, 0), (11, 1), (4, 2), (5, 3), (6, 2), (7, 3), (8, 2), (9, 3), (10, 2), (11, 3)]
length: 16 76
Estimated difference between T3^fnT3 - (T2^WT3 + h.c.) is: -1.6761667906866252e-06 2.8095351102007006e-12
total cost: -7.784358484067964
singles alt: [(4, 0), (5, 1), (6, 0), (7, 1), (8, 0), (9, 1), (10, 0), (11, 1), (4, 2), (5, 3), (6, 2), (7, 3), (8, 2), (9, 3), (10, 2), (11, 3)]
length: 16 76
Estimated difference between T3^fnT3 - (T2^WT3 + h.c.) is: -1.6761667906898094e-06 2.809535110211375e-12
total cost: -7.784358484067963
singles alt: [(4, 0), (5, 1), (6, 0), (7, 1), (8, 0), (9, 1), (10, 0), (11, 1), (4, 2), (5, 3), (6, 2), (7, 3), (8, 2), (9, 3), (10, 2), (11, 3)]
length: 16 76
Estimated difference between T3^fnT3 - (T2^WT3 + h.c.) is: -1.67616679068779e-06 2.809535110204606e-12
total cost: -7.784358484067963
singles alt: [(4, 0), (5, 1), (6, 0), (7, 1), (8, 0), (9, 1), (10, 0), (11, 1), (4, 2), (5, 3), (6, 2), (7, 3), (8, 2), (9, 3), (10, 2), (11, 3)]
length: 16 76
Estimated difference between T3^fnT3 - (T2^WT3 + h.c.) is: -1.6761666279809003e-06 2.8095345647568616e-12
total cost: -7.784358484086031
singles alt: [(4, 0), (5, 1), (6, 0), (7, 1), (8, 0), (9, 1), (10, 0), (11, 1), (4, 2), (5, 3), (6, 2), (7, 3), (8, 2), (9, 3), (10, 2), (11, 3)]
length: 16 76
Estimated difference between T3^fnT3 - (T2^WT3 + h.c.) is: -1.6761666288177654e-06 2.8095345675623125e-12
total cost: -7.784358484086198
singles alt: [(4, 0), (5, 1), (6, 0), (7, 1), (8, 0), (9, 1), (10, 0), (11, 1), (4, 2), (5, 3), (6, 2), (7, 3), (8, 2), (9, 3), (10, 2), (11, 3)]
length: 16 76
Estimated difference between T3^fnT3 - (T2^WT3 + h.c.) is: -1.6761665219989285e-06 2.8095342094699846e-12
total cost: -7.784358484067909
singles alt: [(4, 0), (5, 1), (6, 0), (7, 1), (8, 0), (9, 1), (10, 0), (11, 1), (4, 2), (5, 3), (6, 2), (7, 3), (8, 2), (9, 3), (10, 2), (11, 3)]
length: 16 76
Estimated difference between T3^fnT3 - (T2^WT3 + h.c.) is: -1.6761670590129725e-06 2.8095360097201976e-12
total cost: -7.784358484068016
singles alt: [(4, 0), (5, 1), (6, 0), (7, 1), (8, 0), (9, 1), (10, 0), (11, 1), (4, 2), (5, 3), (6, 2), (7, 3), (8, 2), (9, 3), (10, 2), (11, 3)]
length: 16 76
Estimated difference between T3^fnT3 - (T2^WT3 + h.c.) is: -1.676166790688967e-06 2.8095351102085515e-12
total cost: -7.784358484067964
singles alt: [(4, 0), (5, 1), (6, 0), (7, 1), (8, 0), (9, 1), (10, 0), (11, 1), (4, 2), (5, 3), (6, 2), (7, 3), (8, 2), (9, 3), (10, 2), (11, 3)]
length: 16 76
Estimated difference between T3^fnT3 - (T2^WT3 + h.c.) is: -1.6761667906879428e-06 2.8095351102051176e-12
total cost: -7.784358484067963
singles alt: [(4, 0), (5, 1), (6, 0), (7, 1), (8, 0), (9, 1), (10, 0), (11, 1), (4, 2), (5, 3), (6, 2), (7, 3), (8, 2), (9, 3), (10, 2), (11, 3)]
length: 16 76
Estimated difference between T3^fnT3 - (T2^WT3 + h.c.) is: -1.6761667906863865e-06 2.809535110199901e-12
total cost: -7.784358484067965
singles alt: [(4, 0), (5, 1), (6, 0), (7, 1), (8, 0), (9, 1), (10, 0), (11, 1), (4, 2), (5, 3), (6, 2), (7, 3), (8, 2), (9, 3), (10, 2), (11, 3)]
length: 16 76
Estimated difference between T3^fnT3 - (T2^WT3 + h.c.) is: -1.6761667906867353e-06 2.8095351102010698e-12
total cost: -7.784358484067965
singles alt: [(4, 0), (5, 1), (6, 0), (7, 1), (8, 0), (9, 1), (10, 0), (11, 1), (4, 2), (5, 3), (6, 2), (7, 3), (8, 2), (9, 3), (10, 2), (11, 3)]
length: 16 76
Estimated difference between T3^fnT3 - (T2^WT3 + h.c.) is: -1.6761667906871984e-06 2.8095351102026223e-12
total cost: -7.784358484050364
singles alt: [(4, 0), (5, 1), (6, 0), (7, 1), (8, 0), (9, 1), (10, 0), (11, 1), (4, 2), (5, 3), (6, 2), (7, 3), (8, 2), (9, 3), (10, 2), (11, 3)]
length: 16 76
Estimated difference between T3^fnT3 - (T2^WT3 + h.c.) is: -1.6761667906871984e-06 2.8095351102026223e-12
total cost: -7.784358484050462
singles alt: [(4, 0), (5, 1), (6, 0), (7, 1), (8, 0), (9, 1), (10, 0), (11, 1), (4, 2), (5, 3), (6, 2), (7, 3), (8, 2), (9, 3), (10, 2), (11, 3)]
length: 16 76
Estimated difference between T3^fnT3 - (T2^WT3 + h.c.) is: -1.6761667906871984e-06 2.8095351102026223e-12
total cost: -7.784358484067961
singles alt: [(4, 0), (5, 1), (6, 0), (7, 1), (8, 0), (9, 1), (10, 0), (11, 1), (4, 2), (5, 3), (6, 2), (7, 3), (8, 2), (9, 3), (10, 2), (11, 3)]
length: 16 76
Estimated difference between T3^fnT3 - (T2^WT3 + h.c.) is: -1.6761667906871984e-06 2.8095351102026223e-12
total cost: -7.784358484067963
singles alt: [(4, 0), (5, 1), (6, 0), (7, 1), (8, 0), (9, 1), (10, 0), (11, 1), (4, 2), (5, 3), (6, 2), (7, 3), (8, 2), (9, 3), (10, 2), (11, 3)]
length: 16 76
Estimated difference between T3^fnT3 - (T2^WT3 + h.c.) is: -1.6761667906871984e-06 2.8095351102026223e-12
total cost: -7.784358484067963
singles alt: [(4, 0), (5, 1), (6, 0), (7, 1), (8, 0), (9, 1), (10, 0), (11, 1), (4, 2), (5, 3), (6, 2), (7, 3), (8, 2), (9, 3), (10, 2), (11, 3)]
length: 16 76
Estimated difference between T3^fnT3 - (T2^WT3 + h.c.) is: -1.6761667906871984e-06 2.8095351102026223e-12
total cost: -7.784358484067964
singles alt: [(4, 0), (5, 1), (6, 0), (7, 1), (8, 0), (9, 1), (10, 0), (11, 1), (4, 2), (5, 3), (6, 2), (7, 3), (8, 2), (9, 3), (10, 2), (11, 3)]
length: 16 76
Estimated difference between T3^fnT3 - (T2^WT3 + h.c.) is: -1.6761667906871984e-06 2.8095351102026223e-12
total cost: -7.7843584840391085
singles alt: [(4, 0), (5, 1), (6, 0), (7, 1), (8, 0), (9, 1), (10, 0), (11, 1), (4, 2), (5, 3), (6, 2), (7, 3), (8, 2), (9, 3), (10, 2), (11, 3)]
length: 16 76
Estimated difference between T3^fnT3 - (T2^WT3 + h.c.) is: -1.6761667906871984e-06 2.8095351102026223e-12
total cost: -7.784358484039138
singles alt: [(4, 0), (5, 1), (6, 0), (7, 1), (8, 0), (9, 1), (10, 0), (11, 1), (4, 2), (5, 3), (6, 2), (7, 3), (8, 2), (9, 3), (10, 2), (11, 3)]
length: 16 76
Estimated difference between T3^fnT3 - (T2^WT3 + h.c.) is: -1.6761667906871984e-06 2.8095351102026223e-12
total cost: -7.784358484146533
singles alt: [(4, 0), (5, 1), (6, 0), (7, 1), (8, 0), (9, 1), (10, 0), (11, 1), (4, 2), (5, 3), (6, 2), (7, 3), (8, 2), (9, 3), (10, 2), (11, 3)]
length: 16 76
Estimated difference between T3^fnT3 - (T2^WT3 + h.c.) is: -1.6761667906871984e-06 2.8095351102026223e-12
total cost: -7.784358484146675
singles alt: [(4, 0), (5, 1), (6, 0), (7, 1), (8, 0), (9, 1), (10, 0), (11, 1), (4, 2), (5, 3), (6, 2), (7, 3), (8, 2), (9, 3), (10, 2), (11, 3)]
length: 16 76
Estimated difference between T3^fnT3 - (T2^WT3 + h.c.) is: -1.6761667906871984e-06 2.8095351102026223e-12
total cost: -7.784358484067962
singles alt: [(4, 0), (5, 1), (6, 0), (7, 1), (8, 0), (9, 1), (10, 0), (11, 1), (4, 2), (5, 3), (6, 2), (7, 3), (8, 2), (9, 3), (10, 2), (11, 3)]
length: 16 76
Estimated difference between T3^fnT3 - (T2^WT3 + h.c.) is: -1.6761667906871984e-06 2.8095351102026223e-12
total cost: -7.784358484067963
singles alt: [(4, 0), (5, 1), (6, 0), (7, 1), (8, 0), (9, 1), (10, 0), (11, 1), (4, 2), (5, 3), (6, 2), (7, 3), (8, 2), (9, 3), (10, 2), (11, 3)]
length: 16 76
Estimated difference between T3^fnT3 - (T2^WT3 + h.c.) is: -1.6761667906871984e-06 2.8095351102026223e-12
total cost: -7.784358484067964
singles alt: [(4, 0), (5, 1), (6, 0), (7, 1), (8, 0), (9, 1), (10, 0), (11, 1), (4, 2), (5, 3), (6, 2), (7, 3), (8, 2), (9, 3), (10, 2), (11, 3)]
length: 16 76
Estimated difference between T3^fnT3 - (T2^WT3 + h.c.) is: -1.6761667906871984e-06 2.8095351102026223e-12
total cost: -7.7843584840679645
singles alt: [(4, 0), (5, 1), (6, 0), (7, 1), (8, 0), (9, 1), (10, 0), (11, 1), (4, 2), (5, 3), (6, 2), (7, 3), (8, 2), (9, 3), (10, 2), (11, 3)]
length: 16 76
Estimated difference between T3^fnT3 - (T2^WT3 + h.c.) is: -1.6761667906871984e-06 2.8095351102026223e-12
total cost: -7.784358484079462
singles alt: [(4, 0), (5, 1), (6, 0), (7, 1), (8, 0), (9, 1), (10, 0), (11, 1), (4, 2), (5, 3), (6, 2), (7, 3), (8, 2), (9, 3), (10, 2), (11, 3)]
length: 16 76
Estimated difference between T3^fnT3 - (T2^WT3 + h.c.) is: -1.6761667906871984e-06 2.8095351102026223e-12
total cost: -7.784358484079535
singles alt: [(4, 0), (5, 1), (6, 0), (7, 1), (8, 0), (9, 1), (10, 0), (11, 1), (4, 2), (5, 3), (6, 2), (7, 3), (8, 2), (9, 3), (10, 2), (11, 3)]
callback: energy=-7.784356807901
singles alt: [(4, 0), (5, 1), (6, 0), (7, 1), (8, 0), (9, 1), (10, 0), (11, 1), (4, 2), (5, 3), (6, 2), (7, 3), (8, 2), (9, 3), (10, 2), (11, 3)]
length: 16 76
Estimated difference between T3^fnT3 - (T2^WT3 + h.c.) is: -1.5655039981579886e-06 2.4508027682486476e-12
total cost: -7.784423697479651
singles alt: [(4, 0), (5, 1), (6, 0), (7, 1), (8, 0), (9, 1), (10, 0), (11, 1), (4, 2), (5, 3), (6, 2), (7, 3), (8, 2), (9, 3), (10, 2), (11, 3)]
length: 16 76
Estimated difference between T3^fnT3 - (T2^WT3 + h.c.) is: -1.5655043236170906e-06 2.450803787263804e-12
total cost: -7.784423697503318
singles alt: [(4, 0), (5, 1), (6, 0), (7, 1), (8, 0), (9, 1), (10, 0), (11, 1), (4, 2), (5, 3), (6, 2), (7, 3), (8, 2), (9, 3), (10, 2), (11, 3)]
length: 16 76
Estimated difference between T3^fnT3 - (T2^WT3 + h.c.) is: -1.5655040435895316e-06 2.450802910495174e-12
total cost: -7.78442369748622
singles alt: [(4, 0), (5, 1), (6, 0), (7, 1), (8, 0), (9, 1), (10, 0), (11, 1), (4, 2), (5, 3), (6, 2), (7, 3), (8, 2), (9, 3), (10, 2), (11, 3)]
length: 16 76
Estimated difference between T3^fnT3 - (T2^WT3 + h.c.) is: -1.5655040437666432e-06 2.4508029110497117e-12
total cost: -7.7844236974861705
singles alt: [(4, 0), (5, 1), (6, 0), (7, 1), (8, 0), (9, 1), (10, 0), (11, 1), (4, 2), (5, 3), (6, 2), (7, 3), (8, 2), (9, 3), (10, 2), (11, 3)]
length: 16 76
Estimated difference between T3^fnT3 - (T2^WT3 + h.c.) is: -1.5655040643776808e-06 2.4508029755830376e-12
total cost: -7.784423697444693
singles alt: [(4, 0), (5, 1), (6, 0), (7, 1), (8, 0), (9, 1), (10, 0), (11, 1), (4, 2), (5, 3), (6, 2), (7, 3), (8, 2), (9, 3), (10, 2), (11, 3)]
length: 16 76
Estimated difference between T3^fnT3 - (T2^WT3 + h.c.) is: -1.5655039981578988e-06 2.4508027682483665e-12
total cost: -7.78442369747965
singles alt: [(4, 0), (5, 1), (6, 0), (7, 1), (8, 0), (9, 1), (10, 0), (11, 1), (4, 2), (5, 3), (6, 2), (7, 3), (8, 2), (9, 3), (10, 2), (11, 3)]
length: 16 76
Estimated difference between T3^fnT3 - (T2^WT3 + h.c.) is: -1.5655039981558608e-06 2.4508027682419853e-12
total cost: -7.784423697479652
singles alt: [(4, 0), (5, 1), (6, 0), (7, 1), (8, 0), (9, 1), (10, 0), (11, 1), (4, 2), (5, 3), (6, 2), (7, 3), (8, 2), (9, 3), (10, 2), (11, 3)]
length: 16 76
Estimated difference between T3^fnT3 - (T2^WT3 + h.c.) is: -1.5655039981558094e-06 2.4508027682418245e-12
total cost: -7.784423697479655
singles alt: [(4, 0), (5, 1), (6, 0), (7, 1), (8, 0), (9, 1), (10, 0), (11, 1), (4, 2), (5, 3), (6, 2), (7, 3), (8, 2), (9, 3), (10, 2), (11, 3)]
length: 16 76
Estimated difference between T3^fnT3 - (T2^WT3 + h.c.) is: -1.5655039981573956e-06 2.450802768246791e-12
total cost: -7.784423697479653
singles alt: [(4, 0), (5, 1), (6, 0), (7, 1), (8, 0), (9, 1), (10, 0), (11, 1), (4, 2), (5, 3), (6, 2), (7, 3), (8, 2), (9, 3), (10, 2), (11, 3)]
length: 16 76
Estimated difference between T3^fnT3 - (T2^WT3 + h.c.) is: -1.565503998158271e-06 2.450802768249532e-12
total cost: -7.7844236974796495
singles alt: [(4, 0), (5, 1), (6, 0), (7, 1), (8, 0), (9, 1), (10, 0), (11, 1), (4, 2), (5, 3), (6, 2), (7, 3), (8, 2), (9, 3), (10, 2), (11, 3)]
length: 16 76
Estimated difference between T3^fnT3 - (T2^WT3 + h.c.) is: -1.56550399815399e-06 2.4508027682361276e-12
total cost: -7.784423697479653
singles alt: [(4, 0), (5, 1), (6, 0), (7, 1), (8, 0), (9, 1), (10, 0), (11, 1), (4, 2), (5, 3), (6, 2), (7, 3), (8, 2), (9, 3), (10, 2), (11, 3)]
length: 16 76
Estimated difference between T3^fnT3 - (T2^WT3 + h.c.) is: -1.5655039981540253e-06 2.4508027682362382e-12
total cost: -7.784423697479652
singles alt: [(4, 0), (5, 1), (6, 0), (7, 1), (8, 0), (9, 1), (10, 0), (11, 1), (4, 2), (5, 3), (6, 2), (7, 3), (8, 2), (9, 3), (10, 2), (11, 3)]
length: 16 76
Estimated difference between T3^fnT3 - (T2^WT3 + h.c.) is: -1.565503998157968e-06 2.4508027682485833e-12
total cost: -7.78442369747965
singles alt: [(4, 0), (5, 1), (6, 0), (7, 1), (8, 0), (9, 1), (10, 0), (11, 1), (4, 2), (5, 3), (6, 2), (7, 3), (8, 2), (9, 3), (10, 2), (11, 3)]
length: 16 76
Estimated difference between T3^fnT3 - (T2^WT3 + h.c.) is: -1.565504061943153e-06 2.4508029679605118e-12
total cost: -7.784423697390785
singles alt: [(4, 0), (5, 1), (6, 0), (7, 1), (8, 0), (9, 1), (10, 0), (11, 1), (4, 2), (5, 3), (6, 2), (7, 3), (8, 2), (9, 3), (10, 2), (11, 3)]
length: 16 76
Estimated difference between T3^fnT3 - (T2^WT3 + h.c.) is: -1.5655038253796422e-06 2.450802227278293e-12
total cost: -7.784423697460341
singles alt: [(4, 0), (5, 1), (6, 0), (7, 1), (8, 0), (9, 1), (10, 0), (11, 1), (4, 2), (5, 3), (6, 2), (7, 3), (8, 2), (9, 3), (10, 2), (11, 3)]
length: 16 76
Estimated difference between T3^fnT3 - (T2^WT3 + h.c.) is: -1.5655039518920656e-06 2.4508026233896748e-12
total cost: -7.784423697482735
singles alt: [(4, 0), (5, 1), (6, 0), (7, 1), (8, 0), (9, 1), (10, 0), (11, 1), (4, 2), (5, 3), (6, 2), (7, 3), (8, 2), (9, 3), (10, 2), (11, 3)]
length: 16 76
Estimated difference between T3^fnT3 - (T2^WT3 + h.c.) is: -1.5655038605177041e-06 2.450802337295835e-12
total cost: -7.784423697442028
singles alt: [(4, 0), (5, 1), (6, 0), (7, 1), (8, 0), (9, 1), (10, 0), (11, 1), (4, 2), (5, 3), (6, 2), (7, 3), (8, 2), (9, 3), (10, 2), (11, 3)]
length: 16 76
Estimated difference between T3^fnT3 - (T2^WT3 + h.c.) is: -1.5655039981593934e-06 2.450802768253046e-12
total cost: -7.784423697479643
singles alt: [(4, 0), (5, 1), (6, 0), (7, 1), (8, 0), (9, 1), (10, 0), (11, 1), (4, 2), (5, 3), (6, 2), (7, 3), (8, 2), (9, 3), (10, 2), (11, 3)]
length: 16 76
Estimated difference between T3^fnT3 - (T2^WT3 + h.c.) is: -1.5655039981562886e-06 2.4508027682433246e-12
total cost: -7.784423697479654
singles alt: [(4, 0), (5, 1), (6, 0), (7, 1), (8, 0), (9, 1), (10, 0), (11, 1), (4, 2), (5, 3), (6, 2), (7, 3), (8, 2), (9, 3), (10, 2), (11, 3)]
length: 16 76
Estimated difference between T3^fnT3 - (T2^WT3 + h.c.) is: -1.5655039981558892e-06 2.450802768242074e-12
total cost: -7.784423697479654
singles alt: [(4, 0), (5, 1), (6, 0), (7, 1), (8, 0), (9, 1), (10, 0), (11, 1), (4, 2), (5, 3), (6, 2), (7, 3), (8, 2), (9, 3), (10, 2), (11, 3)]
length: 16 76
Estimated difference between T3^fnT3 - (T2^WT3 + h.c.) is: -1.5655039981577349e-06 2.450802768247853e-12
total cost: -7.784423697479653
singles alt: [(4, 0), (5, 1), (6, 0), (7, 1), (8, 0), (9, 1), (10, 0), (11, 1), (4, 2), (5, 3), (6, 2), (7, 3), (8, 2), (9, 3), (10, 2), (11, 3)]
length: 16 76
Estimated difference between T3^fnT3 - (T2^WT3 + h.c.) is: -1.5655041924049885e-06 2.4508033764375954e-12
total cost: -7.784423697515501
singles alt: [(4, 0), (5, 1), (6, 0), (7, 1), (8, 0), (9, 1), (10, 0), (11, 1), (4, 2), (5, 3), (6, 2), (7, 3), (8, 2), (9, 3), (10, 2), (11, 3)]
length: 16 76
Estimated difference between T3^fnT3 - (T2^WT3 + h.c.) is: -1.5655043216696498e-06 2.4508037811663505e-12
total cost: -7.7844236974904994
singles alt: [(4, 0), (5, 1), (6, 0), (7, 1), (8, 0), (9, 1), (10, 0), (11, 1), (4, 2), (5, 3), (6, 2), (7, 3), (8, 2), (9, 3), (10, 2), (11, 3)]
length: 16 76
Estimated difference between T3^fnT3 - (T2^WT3 + h.c.) is: -1.5655042228230996e-06 2.450803471676957e-12
total cost: -7.784423697490625
singles alt: [(4, 0), (5, 1), (6, 0), (7, 1), (8, 0), (9, 1), (10, 0), (11, 1), (4, 2), (5, 3), (6, 2), (7, 3), (8, 2), (9, 3), (10, 2), (11, 3)]
length: 16 76
Estimated difference between T3^fnT3 - (T2^WT3 + h.c.) is: -1.5655041807593638e-06 2.4508033399750467e-12
total cost: -7.7844236974605865
singles alt: [(4, 0), (5, 1), (6, 0), (7, 1), (8, 0), (9, 1), (10, 0), (11, 1), (4, 2), (5, 3), (6, 2), (7, 3), (8, 2), (9, 3), (10, 2), (11, 3)]
length: 16 76
Estimated difference between T3^fnT3 - (T2^WT3 + h.c.) is: -1.5655040187770672e-06 2.450802832807148e-12
total cost: -7.784423697479647
singles alt: [(4, 0), (5, 1), (6, 0), (7, 1), (8, 0), (9, 1), (10, 0), (11, 1), (4, 2), (5, 3), (6, 2), (7, 3), (8, 2), (9, 3), (10, 2), (11, 3)]
length: 16 76
Estimated difference between T3^fnT3 - (T2^WT3 + h.c.) is: -1.565504124936526e-06 2.450803165193278e-12
total cost: -7.784423697479644
singles alt: [(4, 0), (5, 1), (6, 0), (7, 1), (8, 0), (9, 1), (10, 0), (11, 1), (4, 2), (5, 3), (6, 2), (7, 3), (8, 2), (9, 3), (10, 2), (11, 3)]
length: 16 76
Estimated difference between T3^fnT3 - (T2^WT3 + h.c.) is: -1.5655041248281795e-06 2.4508031648540444e-12
total cost: -7.7844236974796415
singles alt: [(4, 0), (5, 1), (6, 0), (7, 1), (8, 0), (9, 1), (10, 0), (11, 1), (4, 2), (5, 3), (6, 2), (7, 3), (8, 2), (9, 3), (10, 2), (11, 3)]
length: 16 76
Estimated difference between T3^fnT3 - (T2^WT3 + h.c.) is: -1.5655040163795998e-06 2.4508028253006584e-12
total cost: -7.784423697479652
singles alt: [(4, 0), (5, 1), (6, 0), (7, 1), (8, 0), (9, 1), (10, 0), (11, 1), (4, 2), (5, 3), (6, 2), (7, 3), (8, 2), (9, 3), (10, 2), (11, 3)]
length: 16 76
Estimated difference between T3^fnT3 - (T2^WT3 + h.c.) is: -1.5655039981575574e-06 2.4508027682472977e-12
total cost: -7.784423697479664
singles alt: [(4, 0), (5, 1), (6, 0), (7, 1), (8, 0), (9, 1), (10, 0), (11, 1), (4, 2), (5, 3), (6, 2), (7, 3), (8, 2), (9, 3), (10, 2), (11, 3)]
length: 16 76
Estimated difference between T3^fnT3 - (T2^WT3 + h.c.) is: -1.5655039981571494e-06 2.45080276824602e-12
total cost: -7.784423697479652
singles alt: [(4, 0), (5, 1), (6, 0), (7, 1), (8, 0), (9, 1), (10, 0), (11, 1), (4, 2), (5, 3), (6, 2), (7, 3), (8, 2), (9, 3), (10, 2), (11, 3)]
length: 16 76
Estimated difference between T3^fnT3 - (T2^WT3 + h.c.) is: -1.5655039981584773e-06 2.4508027682501775e-12
total cost: -7.784423697479649
singles alt: [(4, 0), (5, 1), (6, 0), (7, 1), (8, 0), (9, 1), (10, 0), (11, 1), (4, 2), (5, 3), (6, 2), (7, 3), (8, 2), (9, 3), (10, 2), (11, 3)]
length: 16 76
Estimated difference between T3^fnT3 - (T2^WT3 + h.c.) is: -1.5655039981577146e-06 2.4508027682477897e-12
total cost: -7.784423697479652
singles alt: [(4, 0), (5, 1), (6, 0), (7, 1), (8, 0), (9, 1), (10, 0), (11, 1), (4, 2), (5, 3), (6, 2), (7, 3), (8, 2), (9, 3), (10, 2), (11, 3)]
length: 16 76
Estimated difference between T3^fnT3 - (T2^WT3 + h.c.) is: -1.5655039981582685e-06 2.450802768249524e-12
total cost: -7.7844236974796495
singles alt: [(4, 0), (5, 1), (6, 0), (7, 1), (8, 0), (9, 1), (10, 0), (11, 1), (4, 2), (5, 3), (6, 2), (7, 3), (8, 2), (9, 3), (10, 2), (11, 3)]
length: 16 76
Estimated difference between T3^fnT3 - (T2^WT3 + h.c.) is: -1.5655039981551294e-06 2.4508027682396956e-12
total cost: -7.784423697479652
singles alt: [(4, 0), (5, 1), (6, 0), (7, 1), (8, 0), (9, 1), (10, 0), (11, 1), (4, 2), (5, 3), (6, 2), (7, 3), (8, 2), (9, 3), (10, 2), (11, 3)]
length: 16 76
Estimated difference between T3^fnT3 - (T2^WT3 + h.c.) is: -1.5655039981538877e-06 2.4508027682358073e-12
total cost: -7.784423697479653
singles alt: [(4, 0), (5, 1), (6, 0), (7, 1), (8, 0), (9, 1), (10, 0), (11, 1), (4, 2), (5, 3), (6, 2), (7, 3), (8, 2), (9, 3), (10, 2), (11, 3)]
length: 16 76
Estimated difference between T3^fnT3 - (T2^WT3 + h.c.) is: -1.5655039981579983e-06 2.450802768248678e-12
total cost: -7.78442369747965
singles alt: [(4, 0), (5, 1), (6, 0), (7, 1), (8, 0), (9, 1), (10, 0), (11, 1), (4, 2), (5, 3), (6, 2), (7, 3), (8, 2), (9, 3), (10, 2), (11, 3)]
length: 16 76
Estimated difference between T3^fnT3 - (T2^WT3 + h.c.) is: -1.5655040187770935e-06 2.4508028328072303e-12
total cost: -7.784423697479649
singles alt: [(4, 0), (5, 1), (6, 0), (7, 1), (8, 0), (9, 1), (10, 0), (11, 1), (4, 2), (5, 3), (6, 2), (7, 3), (8, 2), (9, 3), (10, 2), (11, 3)]
length: 16 76
Estimated difference between T3^fnT3 - (T2^WT3 + h.c.) is: -1.5655041249414375e-06 2.450803165208656e-12
total cost: -7.784423697479639
singles alt: [(4, 0), (5, 1), (6, 0), (7, 1), (8, 0), (9, 1), (10, 0), (11, 1), (4, 2), (5, 3), (6, 2), (7, 3), (8, 2), (9, 3), (10, 2), (11, 3)]
length: 16 76
Estimated difference between T3^fnT3 - (T2^WT3 + h.c.) is: -1.565504124817315e-06 2.4508031648200274e-12
total cost: -7.784423697479647
singles alt: [(4, 0), (5, 1), (6, 0), (7, 1), (8, 0), (9, 1), (10, 0), (11, 1), (4, 2), (5, 3), (6, 2), (7, 3), (8, 2), (9, 3), (10, 2), (11, 3)]
length: 16 76
Estimated difference between T3^fnT3 - (T2^WT3 + h.c.) is: -1.5655040163806255e-06 2.4508028253038698e-12
total cost: -7.78442369747965
singles alt: [(4, 0), (5, 1), (6, 0), (7, 1), (8, 0), (9, 1), (10, 0), (11, 1), (4, 2), (5, 3), (6, 2), (7, 3), (8, 2), (9, 3), (10, 2), (11, 3)]
length: 16 76
Estimated difference between T3^fnT3 - (T2^WT3 + h.c.) is: -1.5655041925174618e-06 2.45080337678975e-12
total cost: -7.784423697515384
singles alt: [(4, 0), (5, 1), (6, 0), (7, 1), (8, 0), (9, 1), (10, 0), (11, 1), (4, 2), (5, 3), (6, 2), (7, 3), (8, 2), (9, 3), (10, 2), (11, 3)]
length: 16 76
Estimated difference between T3^fnT3 - (T2^WT3 + h.c.) is: -1.5655042232536352e-06 2.4508034730249678e-12
total cost: -7.784423697490372
singles alt: [(4, 0), (5, 1), (6, 0), (7, 1), (8, 0), (9, 1), (10, 0), (11, 1), (4, 2), (5, 3), (6, 2), (7, 3), (8, 2), (9, 3), (10, 2), (11, 3)]
length: 16 76
Estimated difference between T3^fnT3 - (T2^WT3 + h.c.) is: -1.5655043221836637e-06 2.4508037827757326e-12
total cost: -7.784423697490302
singles alt: [(4, 0), (5, 1), (6, 0), (7, 1), (8, 0), (9, 1), (10, 0), (11, 1), (4, 2), (5, 3), (6, 2), (7, 3), (8, 2), (9, 3), (10, 2), (11, 3)]
length: 16 76
Estimated difference between T3^fnT3 - (T2^WT3 + h.c.) is: -1.565504180926474e-06 2.4508033404982703e-12
total cost: -7.784423697460374
singles alt: [(4, 0), (5, 1), (6, 0), (7, 1), (8, 0), (9, 1), (10, 0), (11, 1), (4, 2), (5, 3), (6, 2), (7, 3), (8, 2), (9, 3), (10, 2), (11, 3)]
length: 16 76
Estimated difference between T3^fnT3 - (T2^WT3 + h.c.) is: -1.5655039981576523e-06 2.4508027682475946e-12
total cost: -7.784423697479664
singles alt: [(4, 0), (5, 1), (6, 0), (7, 1), (8, 0), (9, 1), (10, 0), (11, 1), (4, 2), (5, 3), (6, 2), (7, 3), (8, 2), (9, 3), (10, 2), (11, 3)]
length: 16 76
Estimated difference between T3^fnT3 - (T2^WT3 + h.c.) is: -1.5655039981582287e-06 2.4508027682493992e-12
total cost: -7.784423697479651
singles alt: [(4, 0), (5, 1), (6, 0), (7, 1), (8, 0), (9, 1), (10, 0), (11, 1), (4, 2), (5, 3), (6, 2), (7, 3), (8, 2), (9, 3), (10, 2), (11, 3)]
length: 16 76
Estimated difference between T3^fnT3 - (T2^WT3 + h.c.) is: -1.5655039981574746e-06 2.4508027682470384e-12
total cost: -7.784423697479651
singles alt: [(4, 0), (5, 1), (6, 0), (7, 1), (8, 0), (9, 1), (10, 0), (11, 1), (4, 2), (5, 3), (6, 2), (7, 3), (8, 2), (9, 3), (10, 2), (11, 3)]
length: 16 76
Estimated difference between T3^fnT3 - (T2^WT3 + h.c.) is: -1.5655039981577323e-06 2.450802768247845e-12
total cost: -7.784423697479651
singles alt: [(4, 0), (5, 1), (6, 0), (7, 1), (8, 0), (9, 1), (10, 0), (11, 1), (4, 2), (5, 3), (6, 2), (7, 3), (8, 2), (9, 3), (10, 2), (11, 3)]
length: 16 76
Estimated difference between T3^fnT3 - (T2^WT3 + h.c.) is: -1.5655040618683306e-06 2.450802967726242e-12
total cost: -7.784423697391142
singles alt: [(4, 0), (5, 1), (6, 0), (7, 1), (8, 0), (9, 1), (10, 0), (11, 1), (4, 2), (5, 3), (6, 2), (7, 3), (8, 2), (9, 3), (10, 2), (11, 3)]
length: 16 76
Estimated difference between T3^fnT3 - (T2^WT3 + h.c.) is: -1.5655039518087756e-06 2.450802623128893e-12
total cost: -7.784423697482705
singles alt: [(4, 0), (5, 1), (6, 0), (7, 1), (8, 0), (9, 1), (10, 0), (11, 1), (4, 2), (5, 3), (6, 2), (7, 3), (8, 2), (9, 3), (10, 2), (11, 3)]
length: 16 76
Estimated difference between T3^fnT3 - (T2^WT3 + h.c.) is: -1.5655038252441457e-06 2.4508022268540527e-12
total cost: -7.784423697459926
singles alt: [(4, 0), (5, 1), (6, 0), (7, 1), (8, 0), (9, 1), (10, 0), (11, 1), (4, 2), (5, 3), (6, 2), (7, 3), (8, 2), (9, 3), (10, 2), (11, 3)]
length: 16 76
Estimated difference between T3^fnT3 - (T2^WT3 + h.c.) is: -1.5655038601418595e-06 2.450802336119063e-12
total cost: -7.7844236974428815
singles alt: [(4, 0), (5, 1), (6, 0), (7, 1), (8, 0), (9, 1), (10, 0), (11, 1), (4, 2), (5, 3), (6, 2), (7, 3), (8, 2), (9, 3), (10, 2), (11, 3)]
length: 16 76
Estimated difference between T3^fnT3 - (T2^WT3 + h.c.) is: -1.5655039981573596e-06 2.450802768246678e-12
total cost: -7.78442369747968
singles alt: [(4, 0), (5, 1), (6, 0), (7, 1), (8, 0), (9, 1), (10, 0), (11, 1), (4, 2), (5, 3), (6, 2), (7, 3), (8, 2), (9, 3), (10, 2), (11, 3)]
length: 16 76
Estimated difference between T3^fnT3 - (T2^WT3 + h.c.) is: -1.5655039981580157e-06 2.4508027682487324e-12
total cost: -7.7844236974796495
singles alt: [(4, 0), (5, 1), (6, 0), (7, 1), (8, 0), (9, 1), (10, 0), (11, 1), (4, 2), (5, 3), (6, 2), (7, 3), (8, 2), (9, 3), (10, 2), (11, 3)]
length: 16 76
Estimated difference between T3^fnT3 - (T2^WT3 + h.c.) is: -1.5655039981587416e-06 2.450802768251005e-12
total cost: -7.784423697479648
singles alt: [(4, 0), (5, 1), (6, 0), (7, 1), (8, 0), (9, 1), (10, 0), (11, 1), (4, 2), (5, 3), (6, 2), (7, 3), (8, 2), (9, 3), (10, 2), (11, 3)]
length: 16 76
Estimated difference between T3^fnT3 - (T2^WT3 + h.c.) is: -1.5655039981573287e-06 2.4508027682465816e-12
total cost: -7.784423697479655
singles alt: [(4, 0), (5, 1), (6, 0), (7, 1), (8, 0), (9, 1), (10, 0), (11, 1), (4, 2), (5, 3), (6, 2), (7, 3), (8, 2), (9, 3), (10, 2), (11, 3)]
length: 16 76
Estimated difference between T3^fnT3 - (T2^WT3 + h.c.) is: -1.5655039981576303e-06 2.4508027682475255e-12
total cost: -7.784423697479661
singles alt: [(4, 0), (5, 1), (6, 0), (7, 1), (8, 0), (9, 1), (10, 0), (11, 1), (4, 2), (5, 3), (6, 2), (7, 3), (8, 2), (9, 3), (10, 2), (11, 3)]
length: 16 76
Estimated difference between T3^fnT3 - (T2^WT3 + h.c.) is: -1.5655039981574427e-06 2.4508027682469383e-12
total cost: -7.784423697479651
singles alt: [(4, 0), (5, 1), (6, 0), (7, 1), (8, 0), (9, 1), (10, 0), (11, 1), (4, 2), (5, 3), (6, 2), (7, 3), (8, 2), (9, 3), (10, 2), (11, 3)]
length: 16 76
Estimated difference between T3^fnT3 - (T2^WT3 + h.c.) is: -1.5655039981571813e-06 2.45080276824612e-12
total cost: -7.784423697479651
singles alt: [(4, 0), (5, 1), (6, 0), (7, 1), (8, 0), (9, 1), (10, 0), (11, 1), (4, 2), (5, 3), (6, 2), (7, 3), (8, 2), (9, 3), (10, 2), (11, 3)]
length: 16 76
Estimated difference between T3^fnT3 - (T2^WT3 + h.c.) is: -1.565503998157766e-06 2.4508027682479504e-12
total cost: -7.784423697479654
singles alt: [(4, 0), (5, 1), (6, 0), (7, 1), (8, 0), (9, 1), (10, 0), (11, 1), (4, 2), (5, 3), (6, 2), (7, 3), (8, 2), (9, 3), (10, 2), (11, 3)]
length: 16 76
Estimated difference between T3^fnT3 - (T2^WT3 + h.c.) is: -1.5655041781985598e-06 2.450803331957148e-12
total cost: -7.7844236975566234
singles alt: [(4, 0), (5, 1), (6, 0), (7, 1), (8, 0), (9, 1), (10, 0), (11, 1), (4, 2), (5, 3), (6, 2), (7, 3), (8, 2), (9, 3), (10, 2), (11, 3)]
length: 16 76
Estimated difference between T3^fnT3 - (T2^WT3 + h.c.) is: -1.5655040416604945e-06 2.4508029044553435e-12
total cost: -7.784423697429532
singles alt: [(4, 0), (5, 1), (6, 0), (7, 1), (8, 0), (9, 1), (10, 0), (11, 1), (4, 2), (5, 3), (6, 2), (7, 3), (8, 2), (9, 3), (10, 2), (11, 3)]
length: 16 76
Estimated difference between T3^fnT3 - (T2^WT3 + h.c.) is: -1.5655040416036857e-06 2.4508029042774746e-12
total cost: -7.784423697429499
singles alt: [(4, 0), (5, 1), (6, 0), (7, 1), (8, 0), (9, 1), (10, 0), (11, 1), (4, 2), (5, 3), (6, 2), (7, 3), (8, 2), (9, 3), (10, 2), (11, 3)]
length: 16 76
Estimated difference between T3^fnT3 - (T2^WT3 + h.c.) is: -1.5655041310847087e-06 2.4508031844432888e-12
total cost: -7.784423697464845
singles alt: [(4, 0), (5, 1), (6, 0), (7, 1), (8, 0), (9, 1), (10, 0), (11, 1), (4, 2), (5, 3), (6, 2), (7, 3), (8, 2), (9, 3), (10, 2), (11, 3)]
length: 16 76
Estimated difference between T3^fnT3 - (T2^WT3 + h.c.) is: -1.565503998155859e-06 2.4508027682419796e-12
total cost: -7.784423697479655
singles alt: [(4, 0), (5, 1), (6, 0), (7, 1), (8, 0), (9, 1), (10, 0), (11, 1), (4, 2), (5, 3), (6, 2), (7, 3), (8, 2), (9, 3), (10, 2), (11, 3)]
length: 16 76
Estimated difference between T3^fnT3 - (T2^WT3 + h.c.) is: -1.5655039981577683e-06 2.450802768247958e-12
total cost: -7.784423697479651
singles alt: [(4, 0), (5, 1), (6, 0), (7, 1), (8, 0), (9, 1), (10, 0), (11, 1), (4, 2), (5, 3), (6, 2), (7, 3), (8, 2), (9, 3), (10, 2), (11, 3)]
length: 16 76
Estimated difference between T3^fnT3 - (T2^WT3 + h.c.) is: -1.5655039981590478e-06 2.450802768251964e-12
total cost: -7.784423697479651
singles alt: [(4, 0), (5, 1), (6, 0), (7, 1), (8, 0), (9, 1), (10, 0), (11, 1), (4, 2), (5, 3), (6, 2), (7, 3), (8, 2), (9, 3), (10, 2), (11, 3)]
length: 16 76
Estimated difference between T3^fnT3 - (T2^WT3 + h.c.) is: -1.5655039981559265e-06 2.450802768242191e-12
total cost: -7.784423697479651
singles alt: [(4, 0), (5, 1), (6, 0), (7, 1), (8, 0), (9, 1), (10, 0), (11, 1), (4, 2), (5, 3), (6, 2), (7, 3), (8, 2), (9, 3), (10, 2), (11, 3)]
length: 16 76
Estimated difference between T3^fnT3 - (T2^WT3 + h.c.) is: -1.5655038772920248e-06 2.450802389816363e-12
total cost: -7.784423697457466
singles alt: [(4, 0), (5, 1), (6, 0), (7, 1), (8, 0), (9, 1), (10, 0), (11, 1), (4, 2), (5, 3), (6, 2), (7, 3), (8, 2), (9, 3), (10, 2), (11, 3)]
length: 16 76
Estimated difference between T3^fnT3 - (T2^WT3 + h.c.) is: -1.5655038774792848e-06 2.4508023904026755e-12
total cost: -7.784423697457231
singles alt: [(4, 0), (5, 1), (6, 0), (7, 1), (8, 0), (9, 1), (10, 0), (11, 1), (4, 2), (5, 3), (6, 2), (7, 3), (8, 2), (9, 3), (10, 2), (11, 3)]
length: 16 76
Estimated difference between T3^fnT3 - (T2^WT3 + h.c.) is: -1.5655037277465924e-06 2.450801921588477e-12
total cost: -7.784423697479649
singles alt: [(4, 0), (5, 1), (6, 0), (7, 1), (8, 0), (9, 1), (10, 0), (11, 1), (4, 2), (5, 3), (6, 2), (7, 3), (8, 2), (9, 3), (10, 2), (11, 3)]
length: 16 76
Estimated difference between T3^fnT3 - (T2^WT3 + h.c.) is: -1.5655042681507735e-06 2.4508036135982887e-12
total cost: -7.784423697479653
singles alt: [(4, 0), (5, 1), (6, 0), (7, 1), (8, 0), (9, 1), (10, 0), (11, 1), (4, 2), (5, 3), (6, 2), (7, 3), (8, 2), (9, 3), (10, 2), (11, 3)]
length: 16 76
Estimated difference between T3^fnT3 - (T2^WT3 + h.c.) is: -1.565503998158487e-06 2.4508027682502082e-12
total cost: -7.784423697479651
singles alt: [(4, 0), (5, 1), (6, 0), (7, 1), (8, 0), (9, 1), (10, 0), (11, 1), (4, 2), (5, 3), (6, 2), (7, 3), (8, 2), (9, 3), (10, 2), (11, 3)]
length: 16 76
Estimated difference between T3^fnT3 - (T2^WT3 + h.c.) is: -1.5655039981580525e-06 2.4508027682488475e-12
total cost: -7.78442369747965
singles alt: [(4, 0), (5, 1), (6, 0), (7, 1), (8, 0), (9, 1), (10, 0), (11, 1), (4, 2), (5, 3), (6, 2), (7, 3), (8, 2), (9, 3), (10, 2), (11, 3)]
length: 16 76
Estimated difference between T3^fnT3 - (T2^WT3 + h.c.) is: -1.5655039981578954e-06 2.4508027682483556e-12
total cost: -7.784423697479652
singles alt: [(4, 0), (5, 1), (6, 0), (7, 1), (8, 0), (9, 1), (10, 0), (11, 1), (4, 2), (5, 3), (6, 2), (7, 3), (8, 2), (9, 3), (10, 2), (11, 3)]
length: 16 76
Estimated difference between T3^fnT3 - (T2^WT3 + h.c.) is: -1.5655039981583481e-06 2.4508027682497732e-12
total cost: -7.784423697479652
singles alt: [(4, 0), (5, 1), (6, 0), (7, 1), (8, 0), (9, 1), (10, 0), (11, 1), (4, 2), (5, 3), (6, 2), (7, 3), (8, 2), (9, 3), (10, 2), (11, 3)]
length: 16 76
Estimated difference between T3^fnT3 - (T2^WT3 + h.c.) is: -1.5655039981579886e-06 2.4508027682486476e-12
total cost: -7.784423697465646
singles alt: [(4, 0), (5, 1), (6, 0), (7, 1), (8, 0), (9, 1), (10, 0), (11, 1), (4, 2), (5, 3), (6, 2), (7, 3), (8, 2), (9, 3), (10, 2), (11, 3)]
length: 16 76
Estimated difference between T3^fnT3 - (T2^WT3 + h.c.) is: -1.5655039981579886e-06 2.4508027682486476e-12
total cost: -7.784423697465534
singles alt: [(4, 0), (5, 1), (6, 0), (7, 1), (8, 0), (9, 1), (10, 0), (11, 1), (4, 2), (5, 3), (6, 2), (7, 3), (8, 2), (9, 3), (10, 2), (11, 3)]
length: 16 76
Estimated difference between T3^fnT3 - (T2^WT3 + h.c.) is: -1.5655039981579886e-06 2.4508027682486476e-12
total cost: -7.784423697479655
singles alt: [(4, 0), (5, 1), (6, 0), (7, 1), (8, 0), (9, 1), (10, 0), (11, 1), (4, 2), (5, 3), (6, 2), (7, 3), (8, 2), (9, 3), (10, 2), (11, 3)]
length: 16 76
Estimated difference between T3^fnT3 - (T2^WT3 + h.c.) is: -1.5655039981579886e-06 2.4508027682486476e-12
total cost: -7.784423697479651
singles alt: [(4, 0), (5, 1), (6, 0), (7, 1), (8, 0), (9, 1), (10, 0), (11, 1), (4, 2), (5, 3), (6, 2), (7, 3), (8, 2), (9, 3), (10, 2), (11, 3)]
length: 16 76
Estimated difference between T3^fnT3 - (T2^WT3 + h.c.) is: -1.5655039981579886e-06 2.4508027682486476e-12
total cost: -7.784423697479653
singles alt: [(4, 0), (5, 1), (6, 0), (7, 1), (8, 0), (9, 1), (10, 0), (11, 1), (4, 2), (5, 3), (6, 2), (7, 3), (8, 2), (9, 3), (10, 2), (11, 3)]
length: 16 76
Estimated difference between T3^fnT3 - (T2^WT3 + h.c.) is: -1.5655039981579886e-06 2.4508027682486476e-12
total cost: -7.784423697479652
singles alt: [(4, 0), (5, 1), (6, 0), (7, 1), (8, 0), (9, 1), (10, 0), (11, 1), (4, 2), (5, 3), (6, 2), (7, 3), (8, 2), (9, 3), (10, 2), (11, 3)]
length: 16 76
Estimated difference between T3^fnT3 - (T2^WT3 + h.c.) is: -1.5655039981579886e-06 2.4508027682486476e-12
total cost: -7.784423697494495
singles alt: [(4, 0), (5, 1), (6, 0), (7, 1), (8, 0), (9, 1), (10, 0), (11, 1), (4, 2), (5, 3), (6, 2), (7, 3), (8, 2), (9, 3), (10, 2), (11, 3)]
length: 16 76
Estimated difference between T3^fnT3 - (T2^WT3 + h.c.) is: -1.5655039981579886e-06 2.4508027682486476e-12
total cost: -7.784423697494459
singles alt: [(4, 0), (5, 1), (6, 0), (7, 1), (8, 0), (9, 1), (10, 0), (11, 1), (4, 2), (5, 3), (6, 2), (7, 3), (8, 2), (9, 3), (10, 2), (11, 3)]
length: 16 76
Estimated difference between T3^fnT3 - (T2^WT3 + h.c.) is: -1.5655039981579886e-06 2.4508027682486476e-12
total cost: -7.784423697511762
singles alt: [(4, 0), (5, 1), (6, 0), (7, 1), (8, 0), (9, 1), (10, 0), (11, 1), (4, 2), (5, 3), (6, 2), (7, 3), (8, 2), (9, 3), (10, 2), (11, 3)]
length: 16 76
Estimated difference between T3^fnT3 - (T2^WT3 + h.c.) is: -1.5655039981579886e-06 2.4508027682486476e-12
total cost: -7.784423697511961
singles alt: [(4, 0), (5, 1), (6, 0), (7, 1), (8, 0), (9, 1), (10, 0), (11, 1), (4, 2), (5, 3), (6, 2), (7, 3), (8, 2), (9, 3), (10, 2), (11, 3)]
length: 16 76
Estimated difference between T3^fnT3 - (T2^WT3 + h.c.) is: -1.5655039981579886e-06 2.4508027682486476e-12
total cost: -7.784423697479652
singles alt: [(4, 0), (5, 1), (6, 0), (7, 1), (8, 0), (9, 1), (10, 0), (11, 1), (4, 2), (5, 3), (6, 2), (7, 3), (8, 2), (9, 3), (10, 2), (11, 3)]
length: 16 76
Estimated difference between T3^fnT3 - (T2^WT3 + h.c.) is: -1.5655039981579886e-06 2.4508027682486476e-12
total cost: -7.784423697479653
singles alt: [(4, 0), (5, 1), (6, 0), (7, 1), (8, 0), (9, 1), (10, 0), (11, 1), (4, 2), (5, 3), (6, 2), (7, 3), (8, 2), (9, 3), (10, 2), (11, 3)]
length: 16 76
Estimated difference between T3^fnT3 - (T2^WT3 + h.c.) is: -1.5655039981579886e-06 2.4508027682486476e-12
total cost: -7.78442369747965
singles alt: [(4, 0), (5, 1), (6, 0), (7, 1), (8, 0), (9, 1), (10, 0), (11, 1), (4, 2), (5, 3), (6, 2), (7, 3), (8, 2), (9, 3), (10, 2), (11, 3)]
length: 16 76
Estimated difference between T3^fnT3 - (T2^WT3 + h.c.) is: -1.5655039981579886e-06 2.4508027682486476e-12
total cost: -7.784423697479653
singles alt: [(4, 0), (5, 1), (6, 0), (7, 1), (8, 0), (9, 1), (10, 0), (11, 1), (4, 2), (5, 3), (6, 2), (7, 3), (8, 2), (9, 3), (10, 2), (11, 3)]
length: 16 76
Estimated difference between T3^fnT3 - (T2^WT3 + h.c.) is: -1.5655039981579886e-06 2.4508027682486476e-12
total cost: -7.784423697489856
singles alt: [(4, 0), (5, 1), (6, 0), (7, 1), (8, 0), (9, 1), (10, 0), (11, 1), (4, 2), (5, 3), (6, 2), (7, 3), (8, 2), (9, 3), (10, 2), (11, 3)]
length: 16 76
Estimated difference between T3^fnT3 - (T2^WT3 + h.c.) is: -1.5655039981579886e-06 2.4508027682486476e-12
total cost: -7.784423697489923
singles alt: [(4, 0), (5, 1), (6, 0), (7, 1), (8, 0), (9, 1), (10, 0), (11, 1), (4, 2), (5, 3), (6, 2), (7, 3), (8, 2), (9, 3), (10, 2), (11, 3)]
callback: energy=-7.784422131976
singles alt: [(4, 0), (5, 1), (6, 0), (7, 1), (8, 0), (9, 1), (10, 0), (11, 1), (4, 2), (5, 3), (6, 2), (7, 3), (8, 2), (9, 3), (10, 2), (11, 3)]
length: 16 76
Estimated difference between T3^fnT3 - (T2^WT3 + h.c.) is: -1.604584246860173e-06 2.574690605271829e-12
total cost: -7.7843545683639475
singles alt: [(4, 0), (5, 1), (6, 0), (7, 1), (8, 0), (9, 1), (10, 0), (11, 1), (4, 2), (5, 3), (6, 2), (7, 3), (8, 2), (9, 3), (10, 2), (11, 3)]
length: 16 76
Estimated difference between T3^fnT3 - (T2^WT3 + h.c.) is: -1.604584503155858e-06 2.5746914277679315e-12
total cost: -7.784354568546756
singles alt: [(4, 0), (5, 1), (6, 0), (7, 1), (8, 0), (9, 1), (10, 0), (11, 1), (4, 2), (5, 3), (6, 2), (7, 3), (8, 2), (9, 3), (10, 2), (11, 3)]
length: 16 76
Estimated difference between T3^fnT3 - (T2^WT3 + h.c.) is: -1.604584357991057e-06 2.5746909619095727e-12
total cost: -7.7843545683477355
singles alt: [(4, 0), (5, 1), (6, 0), (7, 1), (8, 0), (9, 1), (10, 0), (11, 1), (4, 2), (5, 3), (6, 2), (7, 3), (8, 2), (9, 3), (10, 2), (11, 3)]
length: 16 76
Estimated difference between T3^fnT3 - (T2^WT3 + h.c.) is: -1.6045843576308074e-06 2.5746909607534707e-12
total cost: -7.7843545683477995
singles alt: [(4, 0), (5, 1), (6, 0), (7, 1), (8, 0), (9, 1), (10, 0), (11, 1), (4, 2), (5, 3), (6, 2), (7, 3), (8, 2), (9, 3), (10, 2), (11, 3)]
length: 16 76
Estimated difference between T3^fnT3 - (T2^WT3 + h.c.) is: -1.6045843068134234e-06 2.5746907976719146e-12
total cost: -7.784354568402629
singles alt: [(4, 0), (5, 1), (6, 0), (7, 1), (8, 0), (9, 1), (10, 0), (11, 1), (4, 2), (5, 3), (6, 2), (7, 3), (8, 2), (9, 3), (10, 2), (11, 3)]
length: 16 76
Estimated difference between T3^fnT3 - (T2^WT3 + h.c.) is: -1.6045842468521542e-06 2.574690605246095e-12
total cost: -7.784354568363992
singles alt: [(4, 0), (5, 1), (6, 0), (7, 1), (8, 0), (9, 1), (10, 0), (11, 1), (4, 2), (5, 3), (6, 2), (7, 3), (8, 2), (9, 3), (10, 2), (11, 3)]
length: 16 76
Estimated difference between T3^fnT3 - (T2^WT3 + h.c.) is: -1.6045842468654467e-06 2.5746906052887527e-12
total cost: -7.784354568363941
singles alt: [(4, 0), (5, 1), (6, 0), (7, 1), (8, 0), (9, 1), (10, 0), (11, 1), (4, 2), (5, 3), (6, 2), (7, 3), (8, 2), (9, 3), (10, 2), (11, 3)]
length: 16 76
Estimated difference between T3^fnT3 - (T2^WT3 + h.c.) is: -1.6045842468729933e-06 2.574690605312971e-12
total cost: -7.784354568363939
singles alt: [(4, 0), (5, 1), (6, 0), (7, 1), (8, 0), (9, 1), (10, 0), (11, 1), (4, 2), (5, 3), (6, 2), (7, 3), (8, 2), (9, 3), (10, 2), (11, 3)]
length: 16 76
Estimated difference between T3^fnT3 - (T2^WT3 + h.c.) is: -1.604584246859659e-06 2.5746906052701787e-12
total cost: -7.784354568363946
singles alt: [(4, 0), (5, 1), (6, 0), (7, 1), (8, 0), (9, 1), (10, 0), (11, 1), (4, 2), (5, 3), (6, 2), (7, 3), (8, 2), (9, 3), (10, 2), (11, 3)]
length: 16 76
Estimated difference between T3^fnT3 - (T2^WT3 + h.c.) is: -1.6045842468479228e-06 2.5746906052325157e-12
total cost: -7.784354568364
singles alt: [(4, 0), (5, 1), (6, 0), (7, 1), (8, 0), (9, 1), (10, 0), (11, 1), (4, 2), (5, 3), (6, 2), (7, 3), (8, 2), (9, 3), (10, 2), (11, 3)]
length: 16 76
Estimated difference between T3^fnT3 - (T2^WT3 + h.c.) is: -1.6045842468640635e-06 2.574690605284314e-12
total cost: -7.784354568363945
singles alt: [(4, 0), (5, 1), (6, 0), (7, 1), (8, 0), (9, 1), (10, 0), (11, 1), (4, 2), (5, 3), (6, 2), (7, 3), (8, 2), (9, 3), (10, 2), (11, 3)]
length: 16 76
Estimated difference between T3^fnT3 - (T2^WT3 + h.c.) is: -1.6045842468565207e-06 2.5746906052601075e-12
total cost: -7.78435456836395
singles alt: [(4, 0), (5, 1), (6, 0), (7, 1), (8, 0), (9, 1), (10, 0), (11, 1), (4, 2), (5, 3), (6, 2), (7, 3), (8, 2), (9, 3), (10, 2), (11, 3)]
length: 16 76
Estimated difference between T3^fnT3 - (T2^WT3 + h.c.) is: -1.6045842468589984e-06 2.5746906052680594e-12
total cost: -7.784354568363949
singles alt: [(4, 0), (5, 1), (6, 0), (7, 1), (8, 0), (9, 1), (10, 0), (11, 1), (4, 2), (5, 3), (6, 2), (7, 3), (8, 2), (9, 3), (10, 2), (11, 3)]
length: 16 76
Estimated difference between T3^fnT3 - (T2^WT3 + h.c.) is: -1.6045843009368742e-06 2.574690778813077e-12
total cost: -7.784354568479996
singles alt: [(4, 0), (5, 1), (6, 0), (7, 1), (8, 0), (9, 1), (10, 0), (11, 1), (4, 2), (5, 3), (6, 2), (7, 3), (8, 2), (9, 3), (10, 2), (11, 3)]
length: 16 76
Estimated difference between T3^fnT3 - (T2^WT3 + h.c.) is: -1.6045840200361083e-06 2.5746898773552378e-12
total cost: -7.784354568437134
singles alt: [(4, 0), (5, 1), (6, 0), (7, 1), (8, 0), (9, 1), (10, 0), (11, 1), (4, 2), (5, 3), (6, 2), (7, 3), (8, 2), (9, 3), (10, 2), (11, 3)]
length: 16 76
Estimated difference between T3^fnT3 - (T2^WT3 + h.c.) is: -1.604584229854888e-06 2.574690550699004e-12
total cost: -7.7843545683611675
singles alt: [(4, 0), (5, 1), (6, 0), (7, 1), (8, 0), (9, 1), (10, 0), (11, 1), (4, 2), (5, 3), (6, 2), (7, 3), (8, 2), (9, 3), (10, 2), (11, 3)]
length: 16 76
Estimated difference between T3^fnT3 - (T2^WT3 + h.c.) is: -1.6045840999356634e-06 2.574690133766343e-12
total cost: -7.784354568367516
singles alt: [(4, 0), (5, 1), (6, 0), (7, 1), (8, 0), (9, 1), (10, 0), (11, 1), (4, 2), (5, 3), (6, 2), (7, 3), (8, 2), (9, 3), (10, 2), (11, 3)]
length: 16 76
Estimated difference between T3^fnT3 - (T2^WT3 + h.c.) is: -1.604584246845197e-06 2.5746906052237685e-12
total cost: -7.784354568364016
singles alt: [(4, 0), (5, 1), (6, 0), (7, 1), (8, 0), (9, 1), (10, 0), (11, 1), (4, 2), (5, 3), (6, 2), (7, 3), (8, 2), (9, 3), (10, 2), (11, 3)]
length: 16 76
Estimated difference between T3^fnT3 - (T2^WT3 + h.c.) is: -1.6045842468848327e-06 2.5746906053509657e-12
total cost: -7.784354568363931
singles alt: [(4, 0), (5, 1), (6, 0), (7, 1), (8, 0), (9, 1), (10, 0), (11, 1), (4, 2), (5, 3), (6, 2), (7, 3), (8, 2), (9, 3), (10, 2), (11, 3)]
length: 16 76
Estimated difference between T3^fnT3 - (T2^WT3 + h.c.) is: -1.6045842468976263e-06 2.5746906053920226e-12
total cost: -7.784354568363929
singles alt: [(4, 0), (5, 1), (6, 0), (7, 1), (8, 0), (9, 1), (10, 0), (11, 1), (4, 2), (5, 3), (6, 2), (7, 3), (8, 2), (9, 3), (10, 2), (11, 3)]
length: 16 76
Estimated difference between T3^fnT3 - (T2^WT3 + h.c.) is: -1.6045842468590228e-06 2.5746906052681374e-12
total cost: -7.784354568363944
singles alt: [(4, 0), (5, 1), (6, 0), (7, 1), (8, 0), (9, 1), (10, 0), (11, 1), (4, 2), (5, 3), (6, 2), (7, 3), (8, 2), (9, 3), (10, 2), (11, 3)]
length: 16 76
Estimated difference between T3^fnT3 - (T2^WT3 + h.c.) is: -1.6045845029188713e-06 2.574691427007401e-12
total cost: -7.784354568034285
singles alt: [(4, 0), (5, 1), (6, 0), (7, 1), (8, 0), (9, 1), (10, 0), (11, 1), (4, 2), (5, 3), (6, 2), (7, 3), (8, 2), (9, 3), (10, 2), (11, 3)]
length: 16 76
Estimated difference between T3^fnT3 - (T2^WT3 + h.c.) is: -1.6045844593645764e-06 2.57469128723431e-12
total cost: -7.7843545684591655
singles alt: [(4, 0), (5, 1), (6, 0), (7, 1), (8, 0), (9, 1), (10, 0), (11, 1), (4, 2), (5, 3), (6, 2), (7, 3), (8, 2), (9, 3), (10, 2), (11, 3)]
length: 16 76
Estimated difference between T3^fnT3 - (T2^WT3 + h.c.) is: -1.6045843951970737e-06 2.574691081309959e-12
total cost: -7.784354568458598
singles alt: [(4, 0), (5, 1), (6, 0), (7, 1), (8, 0), (9, 1), (10, 0), (11, 1), (4, 2), (5, 3), (6, 2), (7, 3), (8, 2), (9, 3), (10, 2), (11, 3)]
length: 16 76
Estimated difference between T3^fnT3 - (T2^WT3 + h.c.) is: -1.6045844289961574e-06 2.5746911897769246e-12
total cost: -7.784354568394446
singles alt: [(4, 0), (5, 1), (6, 0), (7, 1), (8, 0), (9, 1), (10, 0), (11, 1), (4, 2), (5, 3), (6, 2), (7, 3), (8, 2), (9, 3), (10, 2), (11, 3)]
length: 16 76
Estimated difference between T3^fnT3 - (T2^WT3 + h.c.) is: -1.6045842603406304e-06 2.574690648532888e-12
total cost: -7.78435456836398
singles alt: [(4, 0), (5, 1), (6, 0), (7, 1), (8, 0), (9, 1), (10, 0), (11, 1), (4, 2), (5, 3), (6, 2), (7, 3), (8, 2), (9, 3), (10, 2), (11, 3)]
length: 16 76
Estimated difference between T3^fnT3 - (T2^WT3 + h.c.) is: -1.6045843753808337e-06 2.5746910177163003e-12
total cost: -7.784354568363965
singles alt: [(4, 0), (5, 1), (6, 0), (7, 1), (8, 0), (9, 1), (10, 0), (11, 1), (4, 2), (5, 3), (6, 2), (7, 3), (8, 2), (9, 3), (10, 2), (11, 3)]
length: 16 76
Estimated difference between T3^fnT3 - (T2^WT3 + h.c.) is: -1.6045843753596248e-06 2.5746910176482372e-12
total cost: -7.784354568363953
singles alt: [(4, 0), (5, 1), (6, 0), (7, 1), (8, 0), (9, 1), (10, 0), (11, 1), (4, 2), (5, 3), (6, 2), (7, 3), (8, 2), (9, 3), (10, 2), (11, 3)]
length: 16 76
Estimated difference between T3^fnT3 - (T2^WT3 + h.c.) is: -1.6045842587779906e-06 2.5746906435181135e-12
total cost: -7.784354568363936
singles alt: [(4, 0), (5, 1), (6, 0), (7, 1), (8, 0), (9, 1), (10, 0), (11, 1), (4, 2), (5, 3), (6, 2), (7, 3), (8, 2), (9, 3), (10, 2), (11, 3)]
length: 16 76
Estimated difference between T3^fnT3 - (T2^WT3 + h.c.) is: -1.604584246861866e-06 2.574690605277262e-12
total cost: -7.784354568363863
singles alt: [(4, 0), (5, 1), (6, 0), (7, 1), (8, 0), (9, 1), (10, 0), (11, 1), (4, 2), (5, 3), (6, 2), (7, 3), (8, 2), (9, 3), (10, 2), (11, 3)]
length: 16 76
Estimated difference between T3^fnT3 - (T2^WT3 + h.c.) is: -1.6045842468627662e-06 2.574690605280151e-12
total cost: -7.784354568363946
singles alt: [(4, 0), (5, 1), (6, 0), (7, 1), (8, 0), (9, 1), (10, 0), (11, 1), (4, 2), (5, 3), (6, 2), (7, 3), (8, 2), (9, 3), (10, 2), (11, 3)]
length: 16 76
Estimated difference between T3^fnT3 - (T2^WT3 + h.c.) is: -1.6045842468646638e-06 2.5746906052862404e-12
total cost: -7.78435456836396
singles alt: [(4, 0), (5, 1), (6, 0), (7, 1), (8, 0), (9, 1), (10, 0), (11, 1), (4, 2), (5, 3), (6, 2), (7, 3), (8, 2), (9, 3), (10, 2), (11, 3)]
length: 16 76
Estimated difference between T3^fnT3 - (T2^WT3 + h.c.) is: -1.6045842468609705e-06 2.574690605274388e-12
total cost: -7.784354568363949
singles alt: [(4, 0), (5, 1), (6, 0), (7, 1), (8, 0), (9, 1), (10, 0), (11, 1), (4, 2), (5, 3), (6, 2), (7, 3), (8, 2), (9, 3), (10, 2), (11, 3)]
length: 16 76
Estimated difference between T3^fnT3 - (T2^WT3 + h.c.) is: -1.6045842468480376e-06 2.574690605232884e-12
total cost: -7.7843545683640025
singles alt: [(4, 0), (5, 1), (6, 0), (7, 1), (8, 0), (9, 1), (10, 0), (11, 1), (4, 2), (5, 3), (6, 2), (7, 3), (8, 2), (9, 3), (10, 2), (11, 3)]
length: 16 76
Estimated difference between T3^fnT3 - (T2^WT3 + h.c.) is: -1.6045842468579225e-06 2.5746906052646065e-12
total cost: -7.784354568363948
singles alt: [(4, 0), (5, 1), (6, 0), (7, 1), (8, 0), (9, 1), (10, 0), (11, 1), (4, 2), (5, 3), (6, 2), (7, 3), (8, 2), (9, 3), (10, 2), (11, 3)]
length: 16 76
Estimated difference between T3^fnT3 - (T2^WT3 + h.c.) is: -1.6045842468628886e-06 2.5746906052805435e-12
total cost: -7.784354568363945
singles alt: [(4, 0), (5, 1), (6, 0), (7, 1), (8, 0), (9, 1), (10, 0), (11, 1), (4, 2), (5, 3), (6, 2), (7, 3), (8, 2), (9, 3), (10, 2), (11, 3)]
length: 16 76
Estimated difference between T3^fnT3 - (T2^WT3 + h.c.) is: -1.6045842468594831e-06 2.574690605269615e-12
total cost: -7.784354568363949
singles alt: [(4, 0), (5, 1), (6, 0), (7, 1), (8, 0), (9, 1), (10, 0), (11, 1), (4, 2), (5, 3), (6, 2), (7, 3), (8, 2), (9, 3), (10, 2), (11, 3)]
length: 16 76
Estimated difference between T3^fnT3 - (T2^WT3 + h.c.) is: -1.6045842603523313e-06 2.5746906485704382e-12
total cost: -7.784354568363914
singles alt: [(4, 0), (5, 1), (6, 0), (7, 1), (8, 0), (9, 1), (10, 0), (11, 1), (4, 2), (5, 3), (6, 2), (7, 3), (8, 2), (9, 3), (10, 2), (11, 3)]
length: 16 76
Estimated difference between T3^fnT3 - (T2^WT3 + h.c.) is: -1.604584375365562e-06 2.574691017667291e-12
total cost: -7.784354568363971
singles alt: [(4, 0), (5, 1), (6, 0), (7, 1), (8, 0), (9, 1), (10, 0), (11, 1), (4, 2), (5, 3), (6, 2), (7, 3), (8, 2), (9, 3), (10, 2), (11, 3)]
length: 16 76
Estimated difference between T3^fnT3 - (T2^WT3 + h.c.) is: -1.6045843753454357e-06 2.5746910176027023e-12
total cost: -7.784354568363957
singles alt: [(4, 0), (5, 1), (6, 0), (7, 1), (8, 0), (9, 1), (10, 0), (11, 1), (4, 2), (5, 3), (6, 2), (7, 3), (8, 2), (9, 3), (10, 2), (11, 3)]
length: 16 76
Estimated difference between T3^fnT3 - (T2^WT3 + h.c.) is: -1.6045842587802138e-06 2.5746906435252484e-12
total cost: -7.784354568363937
singles alt: [(4, 0), (5, 1), (6, 0), (7, 1), (8, 0), (9, 1), (10, 0), (11, 1), (4, 2), (5, 3), (6, 2), (7, 3), (8, 2), (9, 3), (10, 2), (11, 3)]
length: 16 76
Estimated difference between T3^fnT3 - (T2^WT3 + h.c.) is: -1.6045845026317415e-06 2.574691426085953e-12
total cost: -7.7843545680358766
singles alt: [(4, 0), (5, 1), (6, 0), (7, 1), (8, 0), (9, 1), (10, 0), (11, 1), (4, 2), (5, 3), (6, 2), (7, 3), (8, 2), (9, 3), (10, 2), (11, 3)]
length: 16 76
Estimated difference between T3^fnT3 - (T2^WT3 + h.c.) is: -1.6045843939237069e-06 2.5746910772235096e-12
total cost: -7.784354568459743
singles alt: [(4, 0), (5, 1), (6, 0), (7, 1), (8, 0), (9, 1), (10, 0), (11, 1), (4, 2), (5, 3), (6, 2), (7, 3), (8, 2), (9, 3), (10, 2), (11, 3)]
length: 16 76
Estimated difference between T3^fnT3 - (T2^WT3 + h.c.) is: -1.6045844578205955e-06 2.5746912822794145e-12
total cost: -7.784354568460174
singles alt: [(4, 0), (5, 1), (6, 0), (7, 1), (8, 0), (9, 1), (10, 0), (11, 1), (4, 2), (5, 3), (6, 2), (7, 3), (8, 2), (9, 3), (10, 2), (11, 3)]
length: 16 76
Estimated difference between T3^fnT3 - (T2^WT3 + h.c.) is: -1.6045844290726085e-06 2.574691190022269e-12
total cost: -7.784354568394418
singles alt: [(4, 0), (5, 1), (6, 0), (7, 1), (8, 0), (9, 1), (10, 0), (11, 1), (4, 2), (5, 3), (6, 2), (7, 3), (8, 2), (9, 3), (10, 2), (11, 3)]
length: 16 76
Estimated difference between T3^fnT3 - (T2^WT3 + h.c.) is: -1.6045842468610214e-06 2.5746906052745513e-12
total cost: -7.784354568363865
singles alt: [(4, 0), (5, 1), (6, 0), (7, 1), (8, 0), (9, 1), (10, 0), (11, 1), (4, 2), (5, 3), (6, 2), (7, 3), (8, 2), (9, 3), (10, 2), (11, 3)]
length: 16 76
Estimated difference between T3^fnT3 - (T2^WT3 + h.c.) is: -1.6045842468603844e-06 2.574690605272507e-12
total cost: -7.78435456836395
singles alt: [(4, 0), (5, 1), (6, 0), (7, 1), (8, 0), (9, 1), (10, 0), (11, 1), (4, 2), (5, 3), (6, 2), (7, 3), (8, 2), (9, 3), (10, 2), (11, 3)]
length: 16 76
Estimated difference between T3^fnT3 - (T2^WT3 + h.c.) is: -1.6045842468606034e-06 2.5746906052732095e-12
total cost: -7.784354568363951
singles alt: [(4, 0), (5, 1), (6, 0), (7, 1), (8, 0), (9, 1), (10, 0), (11, 1), (4, 2), (5, 3), (6, 2), (7, 3), (8, 2), (9, 3), (10, 2), (11, 3)]
length: 16 76
Estimated difference between T3^fnT3 - (T2^WT3 + h.c.) is: -1.6045842468619391e-06 2.5746906052774965e-12
total cost: -7.784354568363949
singles alt: [(4, 0), (5, 1), (6, 0), (7, 1), (8, 0), (9, 1), (10, 0), (11, 1), (4, 2), (5, 3), (6, 2), (7, 3), (8, 2), (9, 3), (10, 2), (11, 3)]
length: 16 76
Estimated difference between T3^fnT3 - (T2^WT3 + h.c.) is: -1.6045843009440077e-06 2.57469077883597e-12
total cost: -7.7843545684776325
singles alt: [(4, 0), (5, 1), (6, 0), (7, 1), (8, 0), (9, 1), (10, 0), (11, 1), (4, 2), (5, 3), (6, 2), (7, 3), (8, 2), (9, 3), (10, 2), (11, 3)]
length: 16 76
Estimated difference between T3^fnT3 - (T2^WT3 + h.c.) is: -1.6045842300324295e-06 2.5746905512687647e-12
total cost: -7.784354568360463
singles alt: [(4, 0), (5, 1), (6, 0), (7, 1), (8, 0), (9, 1), (10, 0), (11, 1), (4, 2), (5, 3), (6, 2), (7, 3), (8, 2), (9, 3), (10, 2), (11, 3)]
length: 16 76
Estimated difference between T3^fnT3 - (T2^WT3 + h.c.) is: -1.6045840208155076e-06 2.574689879856461e-12
total cost: -7.784354568434525
singles alt: [(4, 0), (5, 1), (6, 0), (7, 1), (8, 0), (9, 1), (10, 0), (11, 1), (4, 2), (5, 3), (6, 2), (7, 3), (8, 2), (9, 3), (10, 2), (11, 3)]
length: 16 76
Estimated difference between T3^fnT3 - (T2^WT3 + h.c.) is: -1.6045840997388756e-06 2.574690133134818e-12
total cost: -7.784354568366685
singles alt: [(4, 0), (5, 1), (6, 0), (7, 1), (8, 0), (9, 1), (10, 0), (11, 1), (4, 2), (5, 3), (6, 2), (7, 3), (8, 2), (9, 3), (10, 2), (11, 3)]
length: 16 76
Estimated difference between T3^fnT3 - (T2^WT3 + h.c.) is: -1.604584246864271e-06 2.57469060528498e-12
total cost: -7.784354568363731
singles alt: [(4, 0), (5, 1), (6, 0), (7, 1), (8, 0), (9, 1), (10, 0), (11, 1), (4, 2), (5, 3), (6, 2), (7, 3), (8, 2), (9, 3), (10, 2), (11, 3)]
length: 16 76
Estimated difference between T3^fnT3 - (T2^WT3 + h.c.) is: -1.6045842468608642e-06 2.5746906052740468e-12
total cost: -7.784354568363956
singles alt: [(4, 0), (5, 1), (6, 0), (7, 1), (8, 0), (9, 1), (10, 0), (11, 1), (4, 2), (5, 3), (6, 2), (7, 3), (8, 2), (9, 3), (10, 2), (11, 3)]
length: 16 76
Estimated difference between T3^fnT3 - (T2^WT3 + h.c.) is: -1.6045842468563085e-06 2.5746906052594265e-12
total cost: -7.784354568363967
singles alt: [(4, 0), (5, 1), (6, 0), (7, 1), (8, 0), (9, 1), (10, 0), (11, 1), (4, 2), (5, 3), (6, 2), (7, 3), (8, 2), (9, 3), (10, 2), (11, 3)]
length: 16 76
Estimated difference between T3^fnT3 - (T2^WT3 + h.c.) is: -1.6045842468616613e-06 2.5746906052766047e-12
total cost: -7.784354568363943
singles alt: [(4, 0), (5, 1), (6, 0), (7, 1), (8, 0), (9, 1), (10, 0), (11, 1), (4, 2), (5, 3), (6, 2), (7, 3), (8, 2), (9, 3), (10, 2), (11, 3)]
length: 16 76
Estimated difference between T3^fnT3 - (T2^WT3 + h.c.) is: -1.6045842468623e-06 2.5746906052786544e-12
total cost: -7.784354568363849
singles alt: [(4, 0), (5, 1), (6, 0), (7, 1), (8, 0), (9, 1), (10, 0), (11, 1), (4, 2), (5, 3), (6, 2), (7, 3), (8, 2), (9, 3), (10, 2), (11, 3)]
length: 16 76
Estimated difference between T3^fnT3 - (T2^WT3 + h.c.) is: -1.6045842468606836e-06 2.574690605273467e-12
total cost: -7.78435456836395
singles alt: [(4, 0), (5, 1), (6, 0), (7, 1), (8, 0), (9, 1), (10, 0), (11, 1), (4, 2), (5, 3), (6, 2), (7, 3), (8, 2), (9, 3), (10, 2), (11, 3)]
length: 16 76
Estimated difference between T3^fnT3 - (T2^WT3 + h.c.) is: -1.6045842468636904e-06 2.5746906052831163e-12
total cost: -7.78435456836395
singles alt: [(4, 0), (5, 1), (6, 0), (7, 1), (8, 0), (9, 1), (10, 0), (11, 1), (4, 2), (5, 3), (6, 2), (7, 3), (8, 2), (9, 3), (10, 2), (11, 3)]
length: 16 76
Estimated difference between T3^fnT3 - (T2^WT3 + h.c.) is: -1.6045842468613022e-06 2.5746906052754523e-12
total cost: -7.784354568363944
singles alt: [(4, 0), (5, 1), (6, 0), (7, 1), (8, 0), (9, 1), (10, 0), (11, 1), (4, 2), (5, 3), (6, 2), (7, 3), (8, 2), (9, 3), (10, 2), (11, 3)]
length: 16 76
Estimated difference between T3^fnT3 - (T2^WT3 + h.c.) is: -1.6045844323768692e-06 2.5746912006261996e-12
total cost: -7.784354568420514
singles alt: [(4, 0), (5, 1), (6, 0), (7, 1), (8, 0), (9, 1), (10, 0), (11, 1), (4, 2), (5, 3), (6, 2), (7, 3), (8, 2), (9, 3), (10, 2), (11, 3)]
length: 16 76
Estimated difference between T3^fnT3 - (T2^WT3 + h.c.) is: -1.6045842504902727e-06 2.5746906169214304e-12
total cost: -7.784354568469115
singles alt: [(4, 0), (5, 1), (6, 0), (7, 1), (8, 0), (9, 1), (10, 0), (11, 1), (4, 2), (5, 3), (6, 2), (7, 3), (8, 2), (9, 3), (10, 2), (11, 3)]
length: 16 76
Estimated difference between T3^fnT3 - (T2^WT3 + h.c.) is: -1.6045842506699293e-06 2.5746906174979785e-12
total cost: -7.7843545684692375
singles alt: [(4, 0), (5, 1), (6, 0), (7, 1), (8, 0), (9, 1), (10, 0), (11, 1), (4, 2), (5, 3), (6, 2), (7, 3), (8, 2), (9, 3), (10, 2), (11, 3)]
length: 16 76
Estimated difference between T3^fnT3 - (T2^WT3 + h.c.) is: -1.604584379619103e-06 2.5746910313176214e-12
total cost: -7.784354568334275
singles alt: [(4, 0), (5, 1), (6, 0), (7, 1), (8, 0), (9, 1), (10, 0), (11, 1), (4, 2), (5, 3), (6, 2), (7, 3), (8, 2), (9, 3), (10, 2), (11, 3)]
length: 16 76
Estimated difference between T3^fnT3 - (T2^WT3 + h.c.) is: -1.6045842469017234e-06 2.574690605405171e-12
total cost: -7.784354568363924
singles alt: [(4, 0), (5, 1), (6, 0), (7, 1), (8, 0), (9, 1), (10, 0), (11, 1), (4, 2), (5, 3), (6, 2), (7, 3), (8, 2), (9, 3), (10, 2), (11, 3)]
length: 16 76
Estimated difference between T3^fnT3 - (T2^WT3 + h.c.) is: -1.6045842468631233e-06 2.5746906052812963e-12
total cost: -7.784354568363949
singles alt: [(4, 0), (5, 1), (6, 0), (7, 1), (8, 0), (9, 1), (10, 0), (11, 1), (4, 2), (5, 3), (6, 2), (7, 3), (8, 2), (9, 3), (10, 2), (11, 3)]
length: 16 76
Estimated difference between T3^fnT3 - (T2^WT3 + h.c.) is: -1.6045842468597807e-06 2.5746906052705696e-12
total cost: -7.784354568363948
singles alt: [(4, 0), (5, 1), (6, 0), (7, 1), (8, 0), (9, 1), (10, 0), (11, 1), (4, 2), (5, 3), (6, 2), (7, 3), (8, 2), (9, 3), (10, 2), (11, 3)]
length: 16 76
Estimated difference between T3^fnT3 - (T2^WT3 + h.c.) is: -1.6045842468624126e-06 2.574690605279016e-12
total cost: -7.784354568363948
singles alt: [(4, 0), (5, 1), (6, 0), (7, 1), (8, 0), (9, 1), (10, 0), (11, 1), (4, 2), (5, 3), (6, 2), (7, 3), (8, 2), (9, 3), (10, 2), (11, 3)]
length: 16 76
Estimated difference between T3^fnT3 - (T2^WT3 + h.c.) is: -1.60458404222754e-06 2.5746899485712715e-12
total cost: -7.784354568424503
singles alt: [(4, 0), (5, 1), (6, 0), (7, 1), (8, 0), (9, 1), (10, 0), (11, 1), (4, 2), (5, 3), (6, 2), (7, 3), (8, 2), (9, 3), (10, 2), (11, 3)]
length: 16 76
Estimated difference between T3^fnT3 - (T2^WT3 + h.c.) is: -1.6045840413823637e-06 2.574689945858959e-12
total cost: -7.784354568425241
singles alt: [(4, 0), (5, 1), (6, 0), (7, 1), (8, 0), (9, 1), (10, 0), (11, 1), (4, 2), (5, 3), (6, 2), (7, 3), (8, 2), (9, 3), (10, 2), (11, 3)]
length: 16 76
Estimated difference between T3^fnT3 - (T2^WT3 + h.c.) is: -1.6045839624742066e-06 2.574689692629426e-12
total cost: -7.784354568364061
singles alt: [(4, 0), (5, 1), (6, 0), (7, 1), (8, 0), (9, 1), (10, 0), (11, 1), (4, 2), (5, 3), (6, 2), (7, 3), (8, 2), (9, 3), (10, 2), (11, 3)]
length: 16 76
Estimated difference between T3^fnT3 - (T2^WT3 + h.c.) is: -1.6045845309309276e-06 2.574691516902825e-12
total cost: -7.784354568363845
singles alt: [(4, 0), (5, 1), (6, 0), (7, 1), (8, 0), (9, 1), (10, 0), (11, 1), (4, 2), (5, 3), (6, 2), (7, 3), (8, 2), (9, 3), (10, 2), (11, 3)]
length: 16 76
Estimated difference between T3^fnT3 - (T2^WT3 + h.c.) is: -1.6045842468533053e-06 2.574690605249789e-12
total cost: -7.7843545683639475
singles alt: [(4, 0), (5, 1), (6, 0), (7, 1), (8, 0), (9, 1), (10, 0), (11, 1), (4, 2), (5, 3), (6, 2), (7, 3), (8, 2), (9, 3), (10, 2), (11, 3)]
length: 16 76
Estimated difference between T3^fnT3 - (T2^WT3 + h.c.) is: -1.6045842468574232e-06 2.574690605263004e-12
total cost: -7.784354568363958
singles alt: [(4, 0), (5, 1), (6, 0), (7, 1), (8, 0), (9, 1), (10, 0), (11, 1), (4, 2), (5, 3), (6, 2), (7, 3), (8, 2), (9, 3), (10, 2), (11, 3)]
length: 16 76
Estimated difference between T3^fnT3 - (T2^WT3 + h.c.) is: -1.6045842468606948e-06 2.574690605273503e-12
total cost: -7.784354568363947
singles alt: [(4, 0), (5, 1), (6, 0), (7, 1), (8, 0), (9, 1), (10, 0), (11, 1), (4, 2), (5, 3), (6, 2), (7, 3), (8, 2), (9, 3), (10, 2), (11, 3)]
length: 16 76
Estimated difference between T3^fnT3 - (T2^WT3 + h.c.) is: -1.6045842468600818e-06 2.5746906052715358e-12
total cost: -7.7843545683639475
singles alt: [(4, 0), (5, 1), (6, 0), (7, 1), (8, 0), (9, 1), (10, 0), (11, 1), (4, 2), (5, 3), (6, 2), (7, 3), (8, 2), (9, 3), (10, 2), (11, 3)]
length: 16 76
Estimated difference between T3^fnT3 - (T2^WT3 + h.c.) is: -1.604584246860173e-06 2.574690605271829e-12
total cost: -7.784354568436947
singles alt: [(4, 0), (5, 1), (6, 0), (7, 1), (8, 0), (9, 1), (10, 0), (11, 1), (4, 2), (5, 3), (6, 2), (7, 3), (8, 2), (9, 3), (10, 2), (11, 3)]
length: 16 76
Estimated difference between T3^fnT3 - (T2^WT3 + h.c.) is: -1.604584246860173e-06 2.574690605271829e-12
total cost: -7.784354568437103
singles alt: [(4, 0), (5, 1), (6, 0), (7, 1), (8, 0), (9, 1), (10, 0), (11, 1), (4, 2), (5, 3), (6, 2), (7, 3), (8, 2), (9, 3), (10, 2), (11, 3)]
length: 16 76
Estimated difference between T3^fnT3 - (T2^WT3 + h.c.) is: -1.604584246860173e-06 2.574690605271829e-12
total cost: -7.784354568363941
singles alt: [(4, 0), (5, 1), (6, 0), (7, 1), (8, 0), (9, 1), (10, 0), (11, 1), (4, 2), (5, 3), (6, 2), (7, 3), (8, 2), (9, 3), (10, 2), (11, 3)]
length: 16 76
Estimated difference between T3^fnT3 - (T2^WT3 + h.c.) is: -1.604584246860173e-06 2.574690605271829e-12
total cost: -7.784354568363954
singles alt: [(4, 0), (5, 1), (6, 0), (7, 1), (8, 0), (9, 1), (10, 0), (11, 1), (4, 2), (5, 3), (6, 2), (7, 3), (8, 2), (9, 3), (10, 2), (11, 3)]
length: 16 76
Estimated difference between T3^fnT3 - (T2^WT3 + h.c.) is: -1.604584246860173e-06 2.574690605271829e-12
total cost: -7.784354568363948
singles alt: [(4, 0), (5, 1), (6, 0), (7, 1), (8, 0), (9, 1), (10, 0), (11, 1), (4, 2), (5, 3), (6, 2), (7, 3), (8, 2), (9, 3), (10, 2), (11, 3)]
length: 16 76
Estimated difference between T3^fnT3 - (T2^WT3 + h.c.) is: -1.604584246860173e-06 2.574690605271829e-12
total cost: -7.78435456836395
singles alt: [(4, 0), (5, 1), (6, 0), (7, 1), (8, 0), (9, 1), (10, 0), (11, 1), (4, 2), (5, 3), (6, 2), (7, 3), (8, 2), (9, 3), (10, 2), (11, 3)]
length: 16 76
Estimated difference between T3^fnT3 - (T2^WT3 + h.c.) is: -1.604584246860173e-06 2.574690605271829e-12
total cost: -7.78435456836027
singles alt: [(4, 0), (5, 1), (6, 0), (7, 1), (8, 0), (9, 1), (10, 0), (11, 1), (4, 2), (5, 3), (6, 2), (7, 3), (8, 2), (9, 3), (10, 2), (11, 3)]
length: 16 76
Estimated difference between T3^fnT3 - (T2^WT3 + h.c.) is: -1.604584246860173e-06 2.574690605271829e-12
total cost: -7.78435456836031
singles alt: [(4, 0), (5, 1), (6, 0), (7, 1), (8, 0), (9, 1), (10, 0), (11, 1), (4, 2), (5, 3), (6, 2), (7, 3), (8, 2), (9, 3), (10, 2), (11, 3)]
length: 16 76
Estimated difference between T3^fnT3 - (T2^WT3 + h.c.) is: -1.604584246860173e-06 2.574690605271829e-12
total cost: -7.784354568343995
singles alt: [(4, 0), (5, 1), (6, 0), (7, 1), (8, 0), (9, 1), (10, 0), (11, 1), (4, 2), (5, 3), (6, 2), (7, 3), (8, 2), (9, 3), (10, 2), (11, 3)]
length: 16 76
Estimated difference between T3^fnT3 - (T2^WT3 + h.c.) is: -1.604584246860173e-06 2.574690605271829e-12
total cost: -7.784354568343813
singles alt: [(4, 0), (5, 1), (6, 0), (7, 1), (8, 0), (9, 1), (10, 0), (11, 1), (4, 2), (5, 3), (6, 2), (7, 3), (8, 2), (9, 3), (10, 2), (11, 3)]
length: 16 76
Estimated difference between T3^fnT3 - (T2^WT3 + h.c.) is: -1.604584246860173e-06 2.574690605271829e-12
total cost: -7.784354568363948
singles alt: [(4, 0), (5, 1), (6, 0), (7, 1), (8, 0), (9, 1), (10, 0), (11, 1), (4, 2), (5, 3), (6, 2), (7, 3), (8, 2), (9, 3), (10, 2), (11, 3)]
length: 16 76
Estimated difference between T3^fnT3 - (T2^WT3 + h.c.) is: -1.604584246860173e-06 2.574690605271829e-12
total cost: -7.784354568363949
singles alt: [(4, 0), (5, 1), (6, 0), (7, 1), (8, 0), (9, 1), (10, 0), (11, 1), (4, 2), (5, 3), (6, 2), (7, 3), (8, 2), (9, 3), (10, 2), (11, 3)]
length: 16 76
Estimated difference between T3^fnT3 - (T2^WT3 + h.c.) is: -1.604584246860173e-06 2.574690605271829e-12
total cost: -7.784354568363947
singles alt: [(4, 0), (5, 1), (6, 0), (7, 1), (8, 0), (9, 1), (10, 0), (11, 1), (4, 2), (5, 3), (6, 2), (7, 3), (8, 2), (9, 3), (10, 2), (11, 3)]
length: 16 76
Estimated difference between T3^fnT3 - (T2^WT3 + h.c.) is: -1.604584246860173e-06 2.574690605271829e-12
total cost: -7.784354568363947
singles alt: [(4, 0), (5, 1), (6, 0), (7, 1), (8, 0), (9, 1), (10, 0), (11, 1), (4, 2), (5, 3), (6, 2), (7, 3), (8, 2), (9, 3), (10, 2), (11, 3)]
length: 16 76
Estimated difference between T3^fnT3 - (T2^WT3 + h.c.) is: -1.604584246860173e-06 2.574690605271829e-12
total cost: -7.784354568359434
singles alt: [(4, 0), (5, 1), (6, 0), (7, 1), (8, 0), (9, 1), (10, 0), (11, 1), (4, 2), (5, 3), (6, 2), (7, 3), (8, 2), (9, 3), (10, 2), (11, 3)]
length: 16 76
Estimated difference between T3^fnT3 - (T2^WT3 + h.c.) is: -1.604584246860173e-06 2.574690605271829e-12
total cost: -7.784354568359271
singles alt: [(4, 0), (5, 1), (6, 0), (7, 1), (8, 0), (9, 1), (10, 0), (11, 1), (4, 2), (5, 3), (6, 2), (7, 3), (8, 2), (9, 3), (10, 2), (11, 3)]
length: 16 76
Estimated difference between T3^fnT3 - (T2^WT3 + h.c.) is: -1.5685422999788238e-06 2.4603249468228584e-12
total cost: -7.784441409188818
singles alt: [(4, 0), (5, 1), (6, 0), (7, 1), (8, 0), (9, 1), (10, 0), (11, 1), (4, 2), (5, 3), (6, 2), (7, 3), (8, 2), (9, 3), (10, 2), (11, 3)]
length: 16 76
Estimated difference between T3^fnT3 - (T2^WT3 + h.c.) is: -1.5685426039158346e-06 2.460325900299067e-12
total cost: -7.784441409261896
singles alt: [(4, 0), (5, 1), (6, 0), (7, 1), (8, 0), (9, 1), (10, 0), (11, 1), (4, 2), (5, 3), (6, 2), (7, 3), (8, 2), (9, 3), (10, 2), (11, 3)]
length: 16 76
Estimated difference between T3^fnT3 - (T2^WT3 + h.c.) is: -1.5685423658545154e-06 2.4603251534804803e-12
total cost: -7.784441409188292
singles alt: [(4, 0), (5, 1), (6, 0), (7, 1), (8, 0), (9, 1), (10, 0), (11, 1), (4, 2), (5, 3), (6, 2), (7, 3), (8, 2), (9, 3), (10, 2), (11, 3)]
length: 16 76
Estimated difference between T3^fnT3 - (T2^WT3 + h.c.) is: -1.568542365864413e-06 2.46032515351153e-12
total cost: -7.784441409188282
singles alt: [(4, 0), (5, 1), (6, 0), (7, 1), (8, 0), (9, 1), (10, 0), (11, 1), (4, 2), (5, 3), (6, 2), (7, 3), (8, 2), (9, 3), (10, 2), (11, 3)]
length: 16 76
Estimated difference between T3^fnT3 - (T2^WT3 + h.c.) is: -1.568542364248541e-06 2.4603251484424023e-12
total cost: -7.784441409176437
singles alt: [(4, 0), (5, 1), (6, 0), (7, 1), (8, 0), (9, 1), (10, 0), (11, 1), (4, 2), (5, 3), (6, 2), (7, 3), (8, 2), (9, 3), (10, 2), (11, 3)]
length: 16 76
Estimated difference between T3^fnT3 - (T2^WT3 + h.c.) is: -1.5685422999762662e-06 2.460324946814835e-12
total cost: -7.7844414091888305
singles alt: [(4, 0), (5, 1), (6, 0), (7, 1), (8, 0), (9, 1), (10, 0), (11, 1), (4, 2), (5, 3), (6, 2), (7, 3), (8, 2), (9, 3), (10, 2), (11, 3)]
length: 16 76
Estimated difference between T3^fnT3 - (T2^WT3 + h.c.) is: -1.5685422999789987e-06 2.460324946823407e-12
total cost: -7.784441409188817
singles alt: [(4, 0), (5, 1), (6, 0), (7, 1), (8, 0), (9, 1), (10, 0), (11, 1), (4, 2), (5, 3), (6, 2), (7, 3), (8, 2), (9, 3), (10, 2), (11, 3)]
length: 16 76
Estimated difference between T3^fnT3 - (T2^WT3 + h.c.) is: -1.568542299981312e-06 2.460324946830664e-12
total cost: -7.784441409188815
singles alt: [(4, 0), (5, 1), (6, 0), (7, 1), (8, 0), (9, 1), (10, 0), (11, 1), (4, 2), (5, 3), (6, 2), (7, 3), (8, 2), (9, 3), (10, 2), (11, 3)]
length: 16 76
Estimated difference between T3^fnT3 - (T2^WT3 + h.c.) is: -1.5685422999782546e-06 2.460324946821073e-12
total cost: -7.784441409188818
singles alt: [(4, 0), (5, 1), (6, 0), (7, 1), (8, 0), (9, 1), (10, 0), (11, 1), (4, 2), (5, 3), (6, 2), (7, 3), (8, 2), (9, 3), (10, 2), (11, 3)]
length: 16 76
Estimated difference between T3^fnT3 - (T2^WT3 + h.c.) is: -1.5685422999752065e-06 2.460324946811511e-12
total cost: -7.784441409188833
singles alt: [(4, 0), (5, 1), (6, 0), (7, 1), (8, 0), (9, 1), (10, 0), (11, 1), (4, 2), (5, 3), (6, 2), (7, 3), (8, 2), (9, 3), (10, 2), (11, 3)]
length: 16 76
Estimated difference between T3^fnT3 - (T2^WT3 + h.c.) is: -1.5685422999772798e-06 2.460324946818015e-12
total cost: -7.784441409188819
singles alt: [(4, 0), (5, 1), (6, 0), (7, 1), (8, 0), (9, 1), (10, 0), (11, 1), (4, 2), (5, 3), (6, 2), (7, 3), (8, 2), (9, 3), (10, 2), (11, 3)]
length: 16 76
Estimated difference between T3^fnT3 - (T2^WT3 + h.c.) is: -1.5685422999749566e-06 2.460324946810727e-12
total cost: -7.784441409188818
singles alt: [(4, 0), (5, 1), (6, 0), (7, 1), (8, 0), (9, 1), (10, 0), (11, 1), (4, 2), (5, 3), (6, 2), (7, 3), (8, 2), (9, 3), (10, 2), (11, 3)]
length: 16 76
Estimated difference between T3^fnT3 - (T2^WT3 + h.c.) is: -1.5685422999784443e-06 2.460324946821668e-12
total cost: -7.784441409188818
singles alt: [(4, 0), (5, 1), (6, 0), (7, 1), (8, 0), (9, 1), (10, 0), (11, 1), (4, 2), (5, 3), (6, 2), (7, 3), (8, 2), (9, 3), (10, 2), (11, 3)]
length: 16 76
Estimated difference between T3^fnT3 - (T2^WT3 + h.c.) is: -1.5685423607429337e-06 2.4603251374450154e-12
total cost: -7.78444140916371
singles alt: [(4, 0), (5, 1), (6, 0), (7, 1), (8, 0), (9, 1), (10, 0), (11, 1), (4, 2), (5, 3), (6, 2), (7, 3), (8, 2), (9, 3), (10, 2), (11, 3)]
length: 16 76
Estimated difference between T3^fnT3 - (T2^WT3 + h.c.) is: -1.5685421103826712e-06 2.460324352043724e-12
total cost: -7.784441409198296
singles alt: [(4, 0), (5, 1), (6, 0), (7, 1), (8, 0), (9, 1), (10, 0), (11, 1), (4, 2), (5, 3), (6, 2), (7, 3), (8, 2), (9, 3), (10, 2), (11, 3)]
length: 16 76
Estimated difference between T3^fnT3 - (T2^WT3 + h.c.) is: -1.5685422628181499e-06 2.460324830246682e-12
total cost: -7.784441409190097
singles alt: [(4, 0), (5, 1), (6, 0), (7, 1), (8, 0), (9, 1), (10, 0), (11, 1), (4, 2), (5, 3), (6, 2), (7, 3), (8, 2), (9, 3), (10, 2), (11, 3)]
length: 16 76
Estimated difference between T3^fnT3 - (T2^WT3 + h.c.) is: -1.568542159449498e-06 2.4603245059704943e-12
total cost: -7.784441409163879
singles alt: [(4, 0), (5, 1), (6, 0), (7, 1), (8, 0), (9, 1), (10, 0), (11, 1), (4, 2), (5, 3), (6, 2), (7, 3), (8, 2), (9, 3), (10, 2), (11, 3)]
length: 16 76
Estimated difference between T3^fnT3 - (T2^WT3 + h.c.) is: -1.5685422999751307e-06 2.460324946811273e-12
total cost: -7.784441409188832
singles alt: [(4, 0), (5, 1), (6, 0), (7, 1), (8, 0), (9, 1), (10, 0), (11, 1), (4, 2), (5, 3), (6, 2), (7, 3), (8, 2), (9, 3), (10, 2), (11, 3)]
length: 16 76
Estimated difference between T3^fnT3 - (T2^WT3 + h.c.) is: -1.5685422999853267e-06 2.4603249468432584e-12
total cost: -7.784441409188812
singles alt: [(4, 0), (5, 1), (6, 0), (7, 1), (8, 0), (9, 1), (10, 0), (11, 1), (4, 2), (5, 3), (6, 2), (7, 3), (8, 2), (9, 3), (10, 2), (11, 3)]
length: 16 76
Estimated difference between T3^fnT3 - (T2^WT3 + h.c.) is: -1.5685422999890318e-06 2.4603249468548818e-12
total cost: -7.784441409188812
singles alt: [(4, 0), (5, 1), (6, 0), (7, 1), (8, 0), (9, 1), (10, 0), (11, 1), (4, 2), (5, 3), (6, 2), (7, 3), (8, 2), (9, 3), (10, 2), (11, 3)]
length: 16 76
Estimated difference between T3^fnT3 - (T2^WT3 + h.c.) is: -1.5685422999782901e-06 2.4603249468211843e-12
total cost: -7.784441409188817
singles alt: [(4, 0), (5, 1), (6, 0), (7, 1), (8, 0), (9, 1), (10, 0), (11, 1), (4, 2), (5, 3), (6, 2), (7, 3), (8, 2), (9, 3), (10, 2), (11, 3)]
length: 16 76
Estimated difference between T3^fnT3 - (T2^WT3 + h.c.) is: -1.5685425134602259e-06 2.4603256165321228e-12
total cost: -7.784441409110921
singles alt: [(4, 0), (5, 1), (6, 0), (7, 1), (8, 0), (9, 1), (10, 0), (11, 1), (4, 2), (5, 3), (6, 2), (7, 3), (8, 2), (9, 3), (10, 2), (11, 3)]
length: 16 76
Estimated difference between T3^fnT3 - (T2^WT3 + h.c.) is: -1.5685425889475374e-06 2.4603258533422434e-12
total cost: -7.784441409225899
singles alt: [(4, 0), (5, 1), (6, 0), (7, 1), (8, 0), (9, 1), (10, 0), (11, 1), (4, 2), (5, 3), (6, 2), (7, 3), (8, 2), (9, 3), (10, 2), (11, 3)]
length: 16 76
Estimated difference between T3^fnT3 - (T2^WT3 + h.c.) is: -1.5685425008923216e-06 2.4603255771055387e-12
total cost: -7.784441409225805
singles alt: [(4, 0), (5, 1), (6, 0), (7, 1), (8, 0), (9, 1), (10, 0), (11, 1), (4, 2), (5, 3), (6, 2), (7, 3), (8, 2), (9, 3), (10, 2), (11, 3)]
length: 16 76
Estimated difference between T3^fnT3 - (T2^WT3 + h.c.) is: -1.5685424824353799e-06 2.4603255192045437e-12
total cost: -7.784441409185153
singles alt: [(4, 0), (5, 1), (6, 0), (7, 1), (8, 0), (9, 1), (10, 0), (11, 1), (4, 2), (5, 3), (6, 2), (7, 3), (8, 2), (9, 3), (10, 2), (11, 3)]
length: 16 76
Estimated difference between T3^fnT3 - (T2^WT3 + h.c.) is: -1.5685423183765255e-06 2.4603250045380056e-12
total cost: -7.784441409188826
singles alt: [(4, 0), (5, 1), (6, 0), (7, 1), (8, 0), (9, 1), (10, 0), (11, 1), (4, 2), (5, 3), (6, 2), (7, 3), (8, 2), (9, 3), (10, 2), (11, 3)]
length: 16 76
Estimated difference between T3^fnT3 - (T2^WT3 + h.c.) is: -1.5685424272994704e-06 2.460325346238514e-12
total cost: -7.784441409188819
singles alt: [(4, 0), (5, 1), (6, 0), (7, 1), (8, 0), (9, 1), (10, 0), (11, 1), (4, 2), (5, 3), (6, 2), (7, 3), (8, 2), (9, 3), (10, 2), (11, 3)]
length: 16 76
Estimated difference between T3^fnT3 - (T2^WT3 + h.c.) is: -1.5685424272182393e-06 2.4603253459836855e-12
total cost: -7.784441409188814
singles alt: [(4, 0), (5, 1), (6, 0), (7, 1), (8, 0), (9, 1), (10, 0), (11, 1), (4, 2), (5, 3), (6, 2), (7, 3), (8, 2), (9, 3), (10, 2), (11, 3)]
length: 16 76
Estimated difference between T3^fnT3 - (T2^WT3 + h.c.) is: -1.5685423162388367e-06 2.460324997831895e-12
total cost: -7.784441409188813
singles alt: [(4, 0), (5, 1), (6, 0), (7, 1), (8, 0), (9, 1), (10, 0), (11, 1), (4, 2), (5, 3), (6, 2), (7, 3), (8, 2), (9, 3), (10, 2), (11, 3)]
length: 16 76
Estimated difference between T3^fnT3 - (T2^WT3 + h.c.) is: -1.568542299979053e-06 2.460324946823577e-12
total cost: -7.784441409188799
singles alt: [(4, 0), (5, 1), (6, 0), (7, 1), (8, 0), (9, 1), (10, 0), (11, 1), (4, 2), (5, 3), (6, 2), (7, 3), (8, 2), (9, 3), (10, 2), (11, 3)]
length: 16 76
Estimated difference between T3^fnT3 - (T2^WT3 + h.c.) is: -1.5685422999790525e-06 2.4603249468235758e-12
total cost: -7.784441409188818
singles alt: [(4, 0), (5, 1), (6, 0), (7, 1), (8, 0), (9, 1), (10, 0), (11, 1), (4, 2), (5, 3), (6, 2), (7, 3), (8, 2), (9, 3), (10, 2), (11, 3)]
length: 16 76
Estimated difference between T3^fnT3 - (T2^WT3 + h.c.) is: -1.5685422999805576e-06 2.4603249468282977e-12
total cost: -7.784441409188819
singles alt: [(4, 0), (5, 1), (6, 0), (7, 1), (8, 0), (9, 1), (10, 0), (11, 1), (4, 2), (5, 3), (6, 2), (7, 3), (8, 2), (9, 3), (10, 2), (11, 3)]
length: 16 76
Estimated difference between T3^fnT3 - (T2^WT3 + h.c.) is: -1.5685422999788824e-06 2.4603249468230422e-12
total cost: -7.784441409188818
singles alt: [(4, 0), (5, 1), (6, 0), (7, 1), (8, 0), (9, 1), (10, 0), (11, 1), (4, 2), (5, 3), (6, 2), (7, 3), (8, 2), (9, 3), (10, 2), (11, 3)]
length: 16 76
Estimated difference between T3^fnT3 - (T2^WT3 + h.c.) is: -1.5685422999752404e-06 2.460324946811617e-12
total cost: -7.784441409188833
singles alt: [(4, 0), (5, 1), (6, 0), (7, 1), (8, 0), (9, 1), (10, 0), (11, 1), (4, 2), (5, 3), (6, 2), (7, 3), (8, 2), (9, 3), (10, 2), (11, 3)]
length: 16 76
Estimated difference between T3^fnT3 - (T2^WT3 + h.c.) is: -1.568542299976154e-06 2.460324946814483e-12
total cost: -7.784441409188818
singles alt: [(4, 0), (5, 1), (6, 0), (7, 1), (8, 0), (9, 1), (10, 0), (11, 1), (4, 2), (5, 3), (6, 2), (7, 3), (8, 2), (9, 3), (10, 2), (11, 3)]
length: 16 76
Estimated difference between T3^fnT3 - (T2^WT3 + h.c.) is: -1.5685422999768432e-06 2.4603249468166453e-12
total cost: -7.784441409188819
singles alt: [(4, 0), (5, 1), (6, 0), (7, 1), (8, 0), (9, 1), (10, 0), (11, 1), (4, 2), (5, 3), (6, 2), (7, 3), (8, 2), (9, 3), (10, 2), (11, 3)]
length: 16 76
Estimated difference between T3^fnT3 - (T2^WT3 + h.c.) is: -1.5685422999786154e-06 2.4603249468222045e-12
total cost: -7.784441409188818
singles alt: [(4, 0), (5, 1), (6, 0), (7, 1), (8, 0), (9, 1), (10, 0), (11, 1), (4, 2), (5, 3), (6, 2), (7, 3), (8, 2), (9, 3), (10, 2), (11, 3)]
length: 16 76
Estimated difference between T3^fnT3 - (T2^WT3 + h.c.) is: -1.5685423183801845e-06 2.460325004549484e-12
total cost: -7.784441409188805
singles alt: [(4, 0), (5, 1), (6, 0), (7, 1), (8, 0), (9, 1), (10, 0), (11, 1), (4, 2), (5, 3), (6, 2), (7, 3), (8, 2), (9, 3), (10, 2), (11, 3)]
length: 16 76
Estimated difference between T3^fnT3 - (T2^WT3 + h.c.) is: -1.5685424272981013e-06 2.4603253462342195e-12
total cost: -7.784441409188814
singles alt: [(4, 0), (5, 1), (6, 0), (7, 1), (8, 0), (9, 1), (10, 0), (11, 1), (4, 2), (5, 3), (6, 2), (7, 3), (8, 2), (9, 3), (10, 2), (11, 3)]
length: 16 76
Estimated difference between T3^fnT3 - (T2^WT3 + h.c.) is: -1.5685424272063404e-06 2.4603253459463574e-12
total cost: -7.784441409188819
singles alt: [(4, 0), (5, 1), (6, 0), (7, 1), (8, 0), (9, 1), (10, 0), (11, 1), (4, 2), (5, 3), (6, 2), (7, 3), (8, 2), (9, 3), (10, 2), (11, 3)]
length: 16 76
Estimated difference between T3^fnT3 - (T2^WT3 + h.c.) is: -1.568542316240235e-06 2.460324997836281e-12
total cost: -7.784441409188814
singles alt: [(4, 0), (5, 1), (6, 0), (7, 1), (8, 0), (9, 1), (10, 0), (11, 1), (4, 2), (5, 3), (6, 2), (7, 3), (8, 2), (9, 3), (10, 2), (11, 3)]
length: 16 76
Estimated difference between T3^fnT3 - (T2^WT3 + h.c.) is: -1.5685425134483517e-06 2.4603256164948726e-12
total cost: -7.784441409111333
singles alt: [(4, 0), (5, 1), (6, 0), (7, 1), (8, 0), (9, 1), (10, 0), (11, 1), (4, 2), (5, 3), (6, 2), (7, 3), (8, 2), (9, 3), (10, 2), (11, 3)]
length: 16 76
Estimated difference between T3^fnT3 - (T2^WT3 + h.c.) is: -1.5685425007926415e-06 2.4603255767928338e-12
total cost: -7.784441409225995
singles alt: [(4, 0), (5, 1), (6, 0), (7, 1), (8, 0), (9, 1), (10, 0), (11, 1), (4, 2), (5, 3), (6, 2), (7, 3), (8, 2), (9, 3), (10, 2), (11, 3)]
length: 16 76
Estimated difference between T3^fnT3 - (T2^WT3 + h.c.) is: -1.5685425888211497e-06 2.4603258529457545e-12
total cost: -7.784441409226074
singles alt: [(4, 0), (5, 1), (6, 0), (7, 1), (8, 0), (9, 1), (10, 0), (11, 1), (4, 2), (5, 3), (6, 2), (7, 3), (8, 2), (9, 3), (10, 2), (11, 3)]
length: 16 76
Estimated difference between T3^fnT3 - (T2^WT3 + h.c.) is: -1.568542482574279e-06 2.4603255196402825e-12
total cost: -7.784441409184996
singles alt: [(4, 0), (5, 1), (6, 0), (7, 1), (8, 0), (9, 1), (10, 0), (11, 1), (4, 2), (5, 3), (6, 2), (7, 3), (8, 2), (9, 3), (10, 2), (11, 3)]
length: 16 76
Estimated difference between T3^fnT3 - (T2^WT3 + h.c.) is: -1.5685422999788555e-06 2.460324946822958e-12
total cost: -7.784441409188799
singles alt: [(4, 0), (5, 1), (6, 0), (7, 1), (8, 0), (9, 1), (10, 0), (11, 1), (4, 2), (5, 3), (6, 2), (7, 3), (8, 2), (9, 3), (10, 2), (11, 3)]
length: 16 76
Estimated difference between T3^fnT3 - (T2^WT3 + h.c.) is: -1.5685422999790548e-06 2.460324946823583e-12
total cost: -7.784441409188818
singles alt: [(4, 0), (5, 1), (6, 0), (7, 1), (8, 0), (9, 1), (10, 0), (11, 1), (4, 2), (5, 3), (6, 2), (7, 3), (8, 2), (9, 3), (10, 2), (11, 3)]
length: 16 76
Estimated difference between T3^fnT3 - (T2^WT3 + h.c.) is: -1.568542299978604e-06 2.460324946822169e-12
total cost: -7.784441409188819
singles alt: [(4, 0), (5, 1), (6, 0), (7, 1), (8, 0), (9, 1), (10, 0), (11, 1), (4, 2), (5, 3), (6, 2), (7, 3), (8, 2), (9, 3), (10, 2), (11, 3)]
length: 16 76
Estimated difference between T3^fnT3 - (T2^WT3 + h.c.) is: -1.5685422999791963e-06 2.460324946824027e-12
total cost: -7.784441409188818
singles alt: [(4, 0), (5, 1), (6, 0), (7, 1), (8, 0), (9, 1), (10, 0), (11, 1), (4, 2), (5, 3), (6, 2), (7, 3), (8, 2), (9, 3), (10, 2), (11, 3)]
length: 16 76
Estimated difference between T3^fnT3 - (T2^WT3 + h.c.) is: -1.568542360693614e-06 2.460325137290295e-12
total cost: -7.784441409163216
singles alt: [(4, 0), (5, 1), (6, 0), (7, 1), (8, 0), (9, 1), (10, 0), (11, 1), (4, 2), (5, 3), (6, 2), (7, 3), (8, 2), (9, 3), (10, 2), (11, 3)]
length: 16 76
Estimated difference between T3^fnT3 - (T2^WT3 + h.c.) is: -1.5685422628160242e-06 2.4603248302400136e-12
total cost: -7.78444140918986
singles alt: [(4, 0), (5, 1), (6, 0), (7, 1), (8, 0), (9, 1), (10, 0), (11, 1), (4, 2), (5, 3), (6, 2), (7, 3), (8, 2), (9, 3), (10, 2), (11, 3)]
length: 16 76
Estimated difference between T3^fnT3 - (T2^WT3 + h.c.) is: -1.5685421105318708e-06 2.4603243525117758e-12
total cost: -7.784441409197201
singles alt: [(4, 0), (5, 1), (6, 0), (7, 1), (8, 0), (9, 1), (10, 0), (11, 1), (4, 2), (5, 3), (6, 2), (7, 3), (8, 2), (9, 3), (10, 2), (11, 3)]
length: 16 76
Estimated difference between T3^fnT3 - (T2^WT3 + h.c.) is: -1.568542159129372e-06 2.4603245049662324e-12
total cost: -7.7844414091642
singles alt: [(4, 0), (5, 1), (6, 0), (7, 1), (8, 0), (9, 1), (10, 0), (11, 1), (4, 2), (5, 3), (6, 2), (7, 3), (8, 2), (9, 3), (10, 2), (11, 3)]
length: 16 76
Estimated difference between T3^fnT3 - (T2^WT3 + h.c.) is: -1.5685422999796661e-06 2.460324946825501e-12
total cost: -7.784441409188769
singles alt: [(4, 0), (5, 1), (6, 0), (7, 1), (8, 0), (9, 1), (10, 0), (11, 1), (4, 2), (5, 3), (6, 2), (7, 3), (8, 2), (9, 3), (10, 2), (11, 3)]
length: 16 76
Estimated difference between T3^fnT3 - (T2^WT3 + h.c.) is: -1.5685422999790567e-06 2.460324946823589e-12
total cost: -7.784441409188819
singles alt: [(4, 0), (5, 1), (6, 0), (7, 1), (8, 0), (9, 1), (10, 0), (11, 1), (4, 2), (5, 3), (6, 2), (7, 3), (8, 2), (9, 3), (10, 2), (11, 3)]
length: 16 76
Estimated difference between T3^fnT3 - (T2^WT3 + h.c.) is: -1.5685422999781398e-06 2.4603249468207125e-12
total cost: -7.784441409188822
singles alt: [(4, 0), (5, 1), (6, 0), (7, 1), (8, 0), (9, 1), (10, 0), (11, 1), (4, 2), (5, 3), (6, 2), (7, 3), (8, 2), (9, 3), (10, 2), (11, 3)]
length: 16 76
Estimated difference between T3^fnT3 - (T2^WT3 + h.c.) is: -1.5685422999788322e-06 2.460324946822885e-12
total cost: -7.784441409188818
singles alt: [(4, 0), (5, 1), (6, 0), (7, 1), (8, 0), (9, 1), (10, 0), (11, 1), (4, 2), (5, 3), (6, 2), (7, 3), (8, 2), (9, 3), (10, 2), (11, 3)]
length: 16 76
Estimated difference between T3^fnT3 - (T2^WT3 + h.c.) is: -1.5685422999792384e-06 2.460324946824159e-12
total cost: -7.784441409188792
singles alt: [(4, 0), (5, 1), (6, 0), (7, 1), (8, 0), (9, 1), (10, 0), (11, 1), (4, 2), (5, 3), (6, 2), (7, 3), (8, 2), (9, 3), (10, 2), (11, 3)]
length: 16 76
Estimated difference between T3^fnT3 - (T2^WT3 + h.c.) is: -1.568542299978607e-06 2.4603249468221783e-12
total cost: -7.784441409188819
singles alt: [(4, 0), (5, 1), (6, 0), (7, 1), (8, 0), (9, 1), (10, 0), (11, 1), (4, 2), (5, 3), (6, 2), (7, 3), (8, 2), (9, 3), (10, 2), (11, 3)]
length: 16 76
Estimated difference between T3^fnT3 - (T2^WT3 + h.c.) is: -1.568542299979362e-06 2.460324946824547e-12
total cost: -7.784441409188819
singles alt: [(4, 0), (5, 1), (6, 0), (7, 1), (8, 0), (9, 1), (10, 0), (11, 1), (4, 2), (5, 3), (6, 2), (7, 3), (8, 2), (9, 3), (10, 2), (11, 3)]
length: 16 76
Estimated difference between T3^fnT3 - (T2^WT3 + h.c.) is: -1.5685422999790213e-06 2.460324946823478e-12
total cost: -7.784441409188819
singles alt: [(4, 0), (5, 1), (6, 0), (7, 1), (8, 0), (9, 1), (10, 0), (11, 1), (4, 2), (5, 3), (6, 2), (7, 3), (8, 2), (9, 3), (10, 2), (11, 3)]
length: 16 76
Estimated difference between T3^fnT3 - (T2^WT3 + h.c.) is: -1.5685424817234412e-06 2.460325516971132e-12
total cost: -7.78444140925944
singles alt: [(4, 0), (5, 1), (6, 0), (7, 1), (8, 0), (9, 1), (10, 0), (11, 1), (4, 2), (5, 3), (6, 2), (7, 3), (8, 2), (9, 3), (10, 2), (11, 3)]
length: 16 76
Estimated difference between T3^fnT3 - (T2^WT3 + h.c.) is: -1.5685423310739386e-06 2.4603250443708653e-12
total cost: -7.784441409187011
singles alt: [(4, 0), (5, 1), (6, 0), (7, 1), (8, 0), (9, 1), (10, 0), (11, 1), (4, 2), (5, 3), (6, 2), (7, 3), (8, 2), (9, 3), (10, 2), (11, 3)]
length: 16 76
Estimated difference between T3^fnT3 - (T2^WT3 + h.c.) is: -1.5685423310907132e-06 2.4603250444234886e-12
total cost: -7.784441409187018
singles alt: [(4, 0), (5, 1), (6, 0), (7, 1), (8, 0), (9, 1), (10, 0), (11, 1), (4, 2), (5, 3), (6, 2), (7, 3), (8, 2), (9, 3), (10, 2), (11, 3)]
length: 16 76
Estimated difference between T3^fnT3 - (T2^WT3 + h.c.) is: -1.5685424328533316e-06 2.460325363661448e-12
total cost: -7.784441409169421
singles alt: [(4, 0), (5, 1), (6, 0), (7, 1), (8, 0), (9, 1), (10, 0), (11, 1), (4, 2), (5, 3), (6, 2), (7, 3), (8, 2), (9, 3), (10, 2), (11, 3)]
length: 16 76
Estimated difference between T3^fnT3 - (T2^WT3 + h.c.) is: -1.568542299990286e-06 2.4603249468588166e-12
total cost: -7.784441409188813
singles alt: [(4, 0), (5, 1), (6, 0), (7, 1), (8, 0), (9, 1), (10, 0), (11, 1), (4, 2), (5, 3), (6, 2), (7, 3), (8, 2), (9, 3), (10, 2), (11, 3)]
length: 16 76
Estimated difference between T3^fnT3 - (T2^WT3 + h.c.) is: -1.5685422999795895e-06 2.4603249468252604e-12
total cost: -7.784441409188816
singles alt: [(4, 0), (5, 1), (6, 0), (7, 1), (8, 0), (9, 1), (10, 0), (11, 1), (4, 2), (5, 3), (6, 2), (7, 3), (8, 2), (9, 3), (10, 2), (11, 3)]
length: 16 76
Estimated difference between T3^fnT3 - (T2^WT3 + h.c.) is: -1.5685422999794313e-06 2.4603249468247644e-12
total cost: -7.784441409188817
singles alt: [(4, 0), (5, 1), (6, 0), (7, 1), (8, 0), (9, 1), (10, 0), (11, 1), (4, 2), (5, 3), (6, 2), (7, 3), (8, 2), (9, 3), (10, 2), (11, 3)]
length: 16 76
Estimated difference between T3^fnT3 - (T2^WT3 + h.c.) is: -1.5685422999781004e-06 2.460324946820589e-12
total cost: -7.784441409188816
singles alt: [(4, 0), (5, 1), (6, 0), (7, 1), (8, 0), (9, 1), (10, 0), (11, 1), (4, 2), (5, 3), (6, 2), (7, 3), (8, 2), (9, 3), (10, 2), (11, 3)]
length: 16 76
Estimated difference between T3^fnT3 - (T2^WT3 + h.c.) is: -1.5685421530465673e-06 2.4603244858839612e-12
total cost: -7.784441409192358
singles alt: [(4, 0), (5, 1), (6, 0), (7, 1), (8, 0), (9, 1), (10, 0), (11, 1), (4, 2), (5, 3), (6, 2), (7, 3), (8, 2), (9, 3), (10, 2), (11, 3)]
length: 16 76
Estimated difference between T3^fnT3 - (T2^WT3 + h.c.) is: -1.568542152912556e-06 2.460324485463556e-12
total cost: -7.784441409192428
singles alt: [(4, 0), (5, 1), (6, 0), (7, 1), (8, 0), (9, 1), (10, 0), (11, 1), (4, 2), (5, 3), (6, 2), (7, 3), (8, 2), (9, 3), (10, 2), (11, 3)]
length: 16 76
Estimated difference between T3^fnT3 - (T2^WT3 + h.c.) is: -1.5685420252188574e-06 2.4603240848776748e-12
total cost: -7.784441409188851
singles alt: [(4, 0), (5, 1), (6, 0), (7, 1), (8, 0), (9, 1), (10, 0), (11, 1), (4, 2), (5, 3), (6, 2), (7, 3), (8, 2), (9, 3), (10, 2), (11, 3)]
length: 16 76
Estimated difference between T3^fnT3 - (T2^WT3 + h.c.) is: -1.568542574352354e-06 2.46032580755591e-12
total cost: -7.784441409188785
singles alt: [(4, 0), (5, 1), (6, 0), (7, 1), (8, 0), (9, 1), (10, 0), (11, 1), (4, 2), (5, 3), (6, 2), (7, 3), (8, 2), (9, 3), (10, 2), (11, 3)]
length: 16 76
Estimated difference between T3^fnT3 - (T2^WT3 + h.c.) is: -1.5685422999770298e-06 2.4603249468172305e-12
total cost: -7.784441409188818
singles alt: [(4, 0), (5, 1), (6, 0), (7, 1), (8, 0), (9, 1), (10, 0), (11, 1), (4, 2), (5, 3), (6, 2), (7, 3), (8, 2), (9, 3), (10, 2), (11, 3)]
length: 16 76
Estimated difference between T3^fnT3 - (T2^WT3 + h.c.) is: -1.5685422999780119e-06 2.4603249468203115e-12
total cost: -7.784441409188821
singles alt: [(4, 0), (5, 1), (6, 0), (7, 1), (8, 0), (9, 1), (10, 0), (11, 1), (4, 2), (5, 3), (6, 2), (7, 3), (8, 2), (9, 3), (10, 2), (11, 3)]
length: 16 76
Estimated difference between T3^fnT3 - (T2^WT3 + h.c.) is: -1.5685422999789212e-06 2.4603249468231638e-12
total cost: -7.784441409188818
singles alt: [(4, 0), (5, 1), (6, 0), (7, 1), (8, 0), (9, 1), (10, 0), (11, 1), (4, 2), (5, 3), (6, 2), (7, 3), (8, 2), (9, 3), (10, 2), (11, 3)]
length: 16 76
Estimated difference between T3^fnT3 - (T2^WT3 + h.c.) is: -1.5685422999790432e-06 2.4603249468235467e-12
total cost: -7.784441409188818
singles alt: [(4, 0), (5, 1), (6, 0), (7, 1), (8, 0), (9, 1), (10, 0), (11, 1), (4, 2), (5, 3), (6, 2), (7, 3), (8, 2), (9, 3), (10, 2), (11, 3)]
length: 16 76
Estimated difference between T3^fnT3 - (T2^WT3 + h.c.) is: -1.5685422999788238e-06 2.4603249468228584e-12
total cost: -7.784441409201922
singles alt: [(4, 0), (5, 1), (6, 0), (7, 1), (8, 0), (9, 1), (10, 0), (11, 1), (4, 2), (5, 3), (6, 2), (7, 3), (8, 2), (9, 3), (10, 2), (11, 3)]
length: 16 76
Estimated difference between T3^fnT3 - (T2^WT3 + h.c.) is: -1.5685422999788238e-06 2.4603249468228584e-12
total cost: -7.784441409201894
singles alt: [(4, 0), (5, 1), (6, 0), (7, 1), (8, 0), (9, 1), (10, 0), (11, 1), (4, 2), (5, 3), (6, 2), (7, 3), (8, 2), (9, 3), (10, 2), (11, 3)]
length: 16 76
Estimated difference between T3^fnT3 - (T2^WT3 + h.c.) is: -1.5685422999788238e-06 2.4603249468228584e-12
total cost: -7.784441409188817
singles alt: [(4, 0), (5, 1), (6, 0), (7, 1), (8, 0), (9, 1), (10, 0), (11, 1), (4, 2), (5, 3), (6, 2), (7, 3), (8, 2), (9, 3), (10, 2), (11, 3)]
length: 16 76
Estimated difference between T3^fnT3 - (T2^WT3 + h.c.) is: -1.5685422999788238e-06 2.4603249468228584e-12
total cost: -7.784441409188822
singles alt: [(4, 0), (5, 1), (6, 0), (7, 1), (8, 0), (9, 1), (10, 0), (11, 1), (4, 2), (5, 3), (6, 2), (7, 3), (8, 2), (9, 3), (10, 2), (11, 3)]
length: 16 76
Estimated difference between T3^fnT3 - (T2^WT3 + h.c.) is: -1.5685422999788238e-06 2.4603249468228584e-12
total cost: -7.784441409188818
singles alt: [(4, 0), (5, 1), (6, 0), (7, 1), (8, 0), (9, 1), (10, 0), (11, 1), (4, 2), (5, 3), (6, 2), (7, 3), (8, 2), (9, 3), (10, 2), (11, 3)]
length: 16 76
Estimated difference between T3^fnT3 - (T2^WT3 + h.c.) is: -1.5685422999788238e-06 2.4603249468228584e-12
total cost: -7.784441409188818
singles alt: [(4, 0), (5, 1), (6, 0), (7, 1), (8, 0), (9, 1), (10, 0), (11, 1), (4, 2), (5, 3), (6, 2), (7, 3), (8, 2), (9, 3), (10, 2), (11, 3)]
length: 16 76
Estimated difference between T3^fnT3 - (T2^WT3 + h.c.) is: -1.5685422999788238e-06 2.4603249468228584e-12
total cost: -7.7844414091978456
singles alt: [(4, 0), (5, 1), (6, 0), (7, 1), (8, 0), (9, 1), (10, 0), (11, 1), (4, 2), (5, 3), (6, 2), (7, 3), (8, 2), (9, 3), (10, 2), (11, 3)]
length: 16 76
Estimated difference between T3^fnT3 - (T2^WT3 + h.c.) is: -1.5685422999788238e-06 2.4603249468228584e-12
total cost: -7.7844414091978305
singles alt: [(4, 0), (5, 1), (6, 0), (7, 1), (8, 0), (9, 1), (10, 0), (11, 1), (4, 2), (5, 3), (6, 2), (7, 3), (8, 2), (9, 3), (10, 2), (11, 3)]
length: 16 76
Estimated difference between T3^fnT3 - (T2^WT3 + h.c.) is: -1.5685422999788238e-06 2.4603249468228584e-12
total cost: -7.784441409204911
singles alt: [(4, 0), (5, 1), (6, 0), (7, 1), (8, 0), (9, 1), (10, 0), (11, 1), (4, 2), (5, 3), (6, 2), (7, 3), (8, 2), (9, 3), (10, 2), (11, 3)]
length: 16 76
Estimated difference between T3^fnT3 - (T2^WT3 + h.c.) is: -1.5685422999788238e-06 2.4603249468228584e-12
total cost: -7.784441409204997
singles alt: [(4, 0), (5, 1), (6, 0), (7, 1), (8, 0), (9, 1), (10, 0), (11, 1), (4, 2), (5, 3), (6, 2), (7, 3), (8, 2), (9, 3), (10, 2), (11, 3)]
length: 16 76
Estimated difference between T3^fnT3 - (T2^WT3 + h.c.) is: -1.5685422999788238e-06 2.4603249468228584e-12
total cost: -7.784441409188817
singles alt: [(4, 0), (5, 1), (6, 0), (7, 1), (8, 0), (9, 1), (10, 0), (11, 1), (4, 2), (5, 3), (6, 2), (7, 3), (8, 2), (9, 3), (10, 2), (11, 3)]
length: 16 76
Estimated difference between T3^fnT3 - (T2^WT3 + h.c.) is: -1.5685422999788238e-06 2.4603249468228584e-12
total cost: -7.784441409188817
singles alt: [(4, 0), (5, 1), (6, 0), (7, 1), (8, 0), (9, 1), (10, 0), (11, 1), (4, 2), (5, 3), (6, 2), (7, 3), (8, 2), (9, 3), (10, 2), (11, 3)]
length: 16 76
Estimated difference between T3^fnT3 - (T2^WT3 + h.c.) is: -1.5685422999788238e-06 2.4603249468228584e-12
total cost: -7.784441409188818
singles alt: [(4, 0), (5, 1), (6, 0), (7, 1), (8, 0), (9, 1), (10, 0), (11, 1), (4, 2), (5, 3), (6, 2), (7, 3), (8, 2), (9, 3), (10, 2), (11, 3)]
length: 16 76
Estimated difference between T3^fnT3 - (T2^WT3 + h.c.) is: -1.5685422999788238e-06 2.4603249468228584e-12
total cost: -7.78444140918882
singles alt: [(4, 0), (5, 1), (6, 0), (7, 1), (8, 0), (9, 1), (10, 0), (11, 1), (4, 2), (5, 3), (6, 2), (7, 3), (8, 2), (9, 3), (10, 2), (11, 3)]
length: 16 76
Estimated difference between T3^fnT3 - (T2^WT3 + h.c.) is: -1.5685422999788238e-06 2.4603249468228584e-12
total cost: -7.7844414091943035
singles alt: [(4, 0), (5, 1), (6, 0), (7, 1), (8, 0), (9, 1), (10, 0), (11, 1), (4, 2), (5, 3), (6, 2), (7, 3), (8, 2), (9, 3), (10, 2), (11, 3)]
length: 16 76
Estimated difference between T3^fnT3 - (T2^WT3 + h.c.) is: -1.5685422999788238e-06 2.4603249468228584e-12
total cost: -7.784441409194298
singles alt: [(4, 0), (5, 1), (6, 0), (7, 1), (8, 0), (9, 1), (10, 0), (11, 1), (4, 2), (5, 3), (6, 2), (7, 3), (8, 2), (9, 3), (10, 2), (11, 3)]
callback: energy=-7.784439840647
singles alt: [(4, 0), (5, 1), (6, 0), (7, 1), (8, 0), (9, 1), (10, 0), (11, 1), (4, 2), (5, 3), (6, 2), (7, 3), (8, 2), (9, 3), (10, 2), (11, 3)]
length: 16 76
Estimated difference between T3^fnT3 - (T2^WT3 + h.c.) is: -1.60643963271541e-06 2.580648293558821e-12
total cost: -7.784447404059617
singles alt: [(4, 0), (5, 1), (6, 0), (7, 1), (8, 0), (9, 1), (10, 0), (11, 1), (4, 2), (5, 3), (6, 2), (7, 3), (8, 2), (9, 3), (10, 2), (11, 3)]
length: 16 76
Estimated difference between T3^fnT3 - (T2^WT3 + h.c.) is: -1.6064399916908002e-06 2.5806494469035382e-12
total cost: -7.784447403978985
singles alt: [(4, 0), (5, 1), (6, 0), (7, 1), (8, 0), (9, 1), (10, 0), (11, 1), (4, 2), (5, 3), (6, 2), (7, 3), (8, 2), (9, 3), (10, 2), (11, 3)]
length: 16 76
Estimated difference between T3^fnT3 - (T2^WT3 + h.c.) is: -1.6064397166200864e-06 2.5806485631344236e-12
total cost: -7.784447404056925
singles alt: [(4, 0), (5, 1), (6, 0), (7, 1), (8, 0), (9, 1), (10, 0), (11, 1), (4, 2), (5, 3), (6, 2), (7, 3), (8, 2), (9, 3), (10, 2), (11, 3)]
length: 16 76
Estimated difference between T3^fnT3 - (T2^WT3 + h.c.) is: -1.606439716478743e-06 2.5806485626803043e-12
total cost: -7.7844474040569684
singles alt: [(4, 0), (5, 1), (6, 0), (7, 1), (8, 0), (9, 1), (10, 0), (11, 1), (4, 2), (5, 3), (6, 2), (7, 3), (8, 2), (9, 3), (10, 2), (11, 3)]
length: 16 76
Estimated difference between T3^fnT3 - (T2^WT3 + h.c.) is: -1.6064397005596846e-06 2.580648511534289e-12
total cost: -7.784447404082373
singles alt: [(4, 0), (5, 1), (6, 0), (7, 1), (8, 0), (9, 1), (10, 0), (11, 1), (4, 2), (5, 3), (6, 2), (7, 3), (8, 2), (9, 3), (10, 2), (11, 3)]
length: 16 76
Estimated difference between T3^fnT3 - (T2^WT3 + h.c.) is: -1.6064396327175925e-06 2.5806482935658335e-12
total cost: -7.784447404059605
singles alt: [(4, 0), (5, 1), (6, 0), (7, 1), (8, 0), (9, 1), (10, 0), (11, 1), (4, 2), (5, 3), (6, 2), (7, 3), (8, 2), (9, 3), (10, 2), (11, 3)]
length: 16 76
Estimated difference between T3^fnT3 - (T2^WT3 + h.c.) is: -1.6064396327150849e-06 2.580648293557777e-12
total cost: -7.784447404059616
singles alt: [(4, 0), (5, 1), (6, 0), (7, 1), (8, 0), (9, 1), (10, 0), (11, 1), (4, 2), (5, 3), (6, 2), (7, 3), (8, 2), (9, 3), (10, 2), (11, 3)]
length: 16 76
Estimated difference between T3^fnT3 - (T2^WT3 + h.c.) is: -1.6064396327164056e-06 2.5806482935620203e-12
total cost: -7.784447404059614
singles alt: [(4, 0), (5, 1), (6, 0), (7, 1), (8, 0), (9, 1), (10, 0), (11, 1), (4, 2), (5, 3), (6, 2), (7, 3), (8, 2), (9, 3), (10, 2), (11, 3)]
length: 16 76
Estimated difference between T3^fnT3 - (T2^WT3 + h.c.) is: -1.6064396327155266e-06 2.580648293559196e-12
total cost: -7.784447404059618
singles alt: [(4, 0), (5, 1), (6, 0), (7, 1), (8, 0), (9, 1), (10, 0), (11, 1), (4, 2), (5, 3), (6, 2), (7, 3), (8, 2), (9, 3), (10, 2), (11, 3)]
length: 16 76
Estimated difference between T3^fnT3 - (T2^WT3 + h.c.) is: -1.606439632718059e-06 2.5806482935673324e-12
total cost: -7.784447404059602
singles alt: [(4, 0), (5, 1), (6, 0), (7, 1), (8, 0), (9, 1), (10, 0), (11, 1), (4, 2), (5, 3), (6, 2), (7, 3), (8, 2), (9, 3), (10, 2), (11, 3)]
length: 16 76
Estimated difference between T3^fnT3 - (T2^WT3 + h.c.) is: -1.6064396327175967e-06 2.5806482935658472e-12
total cost: -7.784447404059614
singles alt: [(4, 0), (5, 1), (6, 0), (7, 1), (8, 0), (9, 1), (10, 0), (11, 1), (4, 2), (5, 3), (6, 2), (7, 3), (8, 2), (9, 3), (10, 2), (11, 3)]
length: 16 76
Estimated difference between T3^fnT3 - (T2^WT3 + h.c.) is: -1.6064396327125618e-06 2.5806482935496704e-12
total cost: -7.7844474040596205
singles alt: [(4, 0), (5, 1), (6, 0), (7, 1), (8, 0), (9, 1), (10, 0), (11, 1), (4, 2), (5, 3), (6, 2), (7, 3), (8, 2), (9, 3), (10, 2), (11, 3)]
length: 16 76
Estimated difference between T3^fnT3 - (T2^WT3 + h.c.) is: -1.606439632715616e-06 2.580648293559483e-12
total cost: -7.784447404059618
singles alt: [(4, 0), (5, 1), (6, 0), (7, 1), (8, 0), (9, 1), (10, 0), (11, 1), (4, 2), (5, 3), (6, 2), (7, 3), (8, 2), (9, 3), (10, 2), (11, 3)]
length: 16 76
Estimated difference between T3^fnT3 - (T2^WT3 + h.c.) is: -1.6064396976847417e-06 2.5806485022974443e-12
total cost: -7.784447404039928
singles alt: [(4, 0), (5, 1), (6, 0), (7, 1), (8, 0), (9, 1), (10, 0), (11, 1), (4, 2), (5, 3), (6, 2), (7, 3), (8, 2), (9, 3), (10, 2), (11, 3)]
length: 16 76
Estimated difference between T3^fnT3 - (T2^WT3 + h.c.) is: -1.60643943915541e-06 2.580647671673948e-12
total cost: -7.784447404074523
singles alt: [(4, 0), (5, 1), (6, 0), (7, 1), (8, 0), (9, 1), (10, 0), (11, 1), (4, 2), (5, 3), (6, 2), (7, 3), (8, 2), (9, 3), (10, 2), (11, 3)]
length: 16 76
Estimated difference between T3^fnT3 - (T2^WT3 + h.c.) is: -1.6064396042212699e-06 2.58064820201059e-12
total cost: -7.784447404059339
singles alt: [(4, 0), (5, 1), (6, 0), (7, 1), (8, 0), (9, 1), (10, 0), (11, 1), (4, 2), (5, 3), (6, 2), (7, 3), (8, 2), (9, 3), (10, 2), (11, 3)]
length: 16 76
Estimated difference between T3^fnT3 - (T2^WT3 + h.c.) is: -1.6064394850819974e-06 2.580647819230513e-12
total cost: -7.784447404064685
singles alt: [(4, 0), (5, 1), (6, 0), (7, 1), (8, 0), (9, 1), (10, 0), (11, 1), (4, 2), (5, 3), (6, 2), (7, 3), (8, 2), (9, 3), (10, 2), (11, 3)]
length: 16 76
Estimated difference between T3^fnT3 - (T2^WT3 + h.c.) is: -1.6064396327186034e-06 2.5806482935690816e-12
total cost: -7.784447404059603
singles alt: [(4, 0), (5, 1), (6, 0), (7, 1), (8, 0), (9, 1), (10, 0), (11, 1), (4, 2), (5, 3), (6, 2), (7, 3), (8, 2), (9, 3), (10, 2), (11, 3)]
length: 16 76
Estimated difference between T3^fnT3 - (T2^WT3 + h.c.) is: -1.6064396327186898e-06 2.580648293569359e-12
total cost: -7.784447404059614
singles alt: [(4, 0), (5, 1), (6, 0), (7, 1), (8, 0), (9, 1), (10, 0), (11, 1), (4, 2), (5, 3), (6, 2), (7, 3), (8, 2), (9, 3), (10, 2), (11, 3)]
length: 16 76
Estimated difference between T3^fnT3 - (T2^WT3 + h.c.) is: -1.6064396327215427e-06 2.5806482935785248e-12
total cost: -7.784447404059615
singles alt: [(4, 0), (5, 1), (6, 0), (7, 1), (8, 0), (9, 1), (10, 0), (11, 1), (4, 2), (5, 3), (6, 2), (7, 3), (8, 2), (9, 3), (10, 2), (11, 3)]
length: 16 76
Estimated difference between T3^fnT3 - (T2^WT3 + h.c.) is: -1.6064396327157316e-06 2.5806482935598546e-12
total cost: -7.784447404059616
singles alt: [(4, 0), (5, 1), (6, 0), (7, 1), (8, 0), (9, 1), (10, 0), (11, 1), (4, 2), (5, 3), (6, 2), (7, 3), (8, 2), (9, 3), (10, 2), (11, 3)]
length: 16 76
Estimated difference between T3^fnT3 - (T2^WT3 + h.c.) is: -1.6064398129813597e-06 2.5806488727315857e-12
total cost: -7.784447404141534
singles alt: [(4, 0), (5, 1), (6, 0), (7, 1), (8, 0), (9, 1), (10, 0), (11, 1), (4, 2), (5, 3), (6, 2), (7, 3), (8, 2), (9, 3), (10, 2), (11, 3)]
length: 16 76
Estimated difference between T3^fnT3 - (T2^WT3 + h.c.) is: -1.606439961396804e-06 2.5806493495725653e-12
total cost: -7.7844474040690175
singles alt: [(4, 0), (5, 1), (6, 0), (7, 1), (8, 0), (9, 1), (10, 0), (11, 1), (4, 2), (5, 3), (6, 2), (7, 3), (8, 2), (9, 3), (10, 2), (11, 3)]
length: 16 76
Estimated difference between T3^fnT3 - (T2^WT3 + h.c.) is: -1.6064398613496527e-06 2.5806490281330913e-12
total cost: -7.78444740406879
singles alt: [(4, 0), (5, 1), (6, 0), (7, 1), (8, 0), (9, 1), (10, 0), (11, 1), (4, 2), (5, 3), (6, 2), (7, 3), (8, 2), (9, 3), (10, 2), (11, 3)]
length: 16 76
Estimated difference between T3^fnT3 - (T2^WT3 + h.c.) is: -1.606439808098988e-06 2.5806488570451135e-12
total cost: -7.784447404073948
singles alt: [(4, 0), (5, 1), (6, 0), (7, 1), (8, 0), (9, 1), (10, 0), (11, 1), (4, 2), (5, 3), (6, 2), (7, 3), (8, 2), (9, 3), (10, 2), (11, 3)]
length: 16 76
Estimated difference between T3^fnT3 - (T2^WT3 + h.c.) is: -1.6064396536345333e-06 2.5806483607694394e-12
total cost: -7.784447404059613
singles alt: [(4, 0), (5, 1), (6, 0), (7, 1), (8, 0), (9, 1), (10, 0), (11, 1), (4, 2), (5, 3), (6, 2), (7, 3), (8, 2), (9, 3), (10, 2), (11, 3)]
length: 16 76
Estimated difference between T3^fnT3 - (T2^WT3 + h.c.) is: -1.6064397542352484e-06 2.580648683987405e-12
total cost: -7.784447404059617
singles alt: [(4, 0), (5, 1), (6, 0), (7, 1), (8, 0), (9, 1), (10, 0), (11, 1), (4, 2), (5, 3), (6, 2), (7, 3), (8, 2), (9, 3), (10, 2), (11, 3)]
length: 16 76
Estimated difference between T3^fnT3 - (T2^WT3 + h.c.) is: -1.6064397541547122e-06 2.5806486837286525e-12
total cost: -7.784447404059611
singles alt: [(4, 0), (5, 1), (6, 0), (7, 1), (8, 0), (9, 1), (10, 0), (11, 1), (4, 2), (5, 3), (6, 2), (7, 3), (8, 2), (9, 3), (10, 2), (11, 3)]
length: 16 76
Estimated difference between T3^fnT3 - (T2^WT3 + h.c.) is: -1.6064396512028643e-06 2.5806483529567803e-12
total cost: -7.784447404059616
singles alt: [(4, 0), (5, 1), (6, 0), (7, 1), (8, 0), (9, 1), (10, 0), (11, 1), (4, 2), (5, 3), (6, 2), (7, 3), (8, 2), (9, 3), (10, 2), (11, 3)]
length: 16 76
Estimated difference between T3^fnT3 - (T2^WT3 + h.c.) is: -1.606439632714364e-06 2.580648293555461e-12
total cost: -7.7844474040596525
singles alt: [(4, 0), (5, 1), (6, 0), (7, 1), (8, 0), (9, 1), (10, 0), (11, 1), (4, 2), (5, 3), (6, 2), (7, 3), (8, 2), (9, 3), (10, 2), (11, 3)]
length: 16 76
Estimated difference between T3^fnT3 - (T2^WT3 + h.c.) is: -1.606439632715512e-06 2.580648293559149e-12
total cost: -7.784447404059614
singles alt: [(4, 0), (5, 1), (6, 0), (7, 1), (8, 0), (9, 1), (10, 0), (11, 1), (4, 2), (5, 3), (6, 2), (7, 3), (8, 2), (9, 3), (10, 2), (11, 3)]
length: 16 76
Estimated difference between T3^fnT3 - (T2^WT3 + h.c.) is: -1.6064396327159493e-06 2.580648293560554e-12
total cost: -7.784447404059619
singles alt: [(4, 0), (5, 1), (6, 0), (7, 1), (8, 0), (9, 1), (10, 0), (11, 1), (4, 2), (5, 3), (6, 2), (7, 3), (8, 2), (9, 3), (10, 2), (11, 3)]
length: 16 76
Estimated difference between T3^fnT3 - (T2^WT3 + h.c.) is: -1.6064396327151238e-06 2.5806482935579018e-12
total cost: -7.784447404059619
singles alt: [(4, 0), (5, 1), (6, 0), (7, 1), (8, 0), (9, 1), (10, 0), (11, 1), (4, 2), (5, 3), (6, 2), (7, 3), (8, 2), (9, 3), (10, 2), (11, 3)]
length: 16 76
Estimated difference between T3^fnT3 - (T2^WT3 + h.c.) is: -1.6064396327188197e-06 2.5806482935697763e-12
total cost: -7.784447404059601
singles alt: [(4, 0), (5, 1), (6, 0), (7, 1), (8, 0), (9, 1), (10, 0), (11, 1), (4, 2), (5, 3), (6, 2), (7, 3), (8, 2), (9, 3), (10, 2), (11, 3)]
length: 16 76
Estimated difference between T3^fnT3 - (T2^WT3 + h.c.) is: -1.6064396327124832e-06 2.580648293549418e-12
total cost: -7.7844474040596205
singles alt: [(4, 0), (5, 1), (6, 0), (7, 1), (8, 0), (9, 1), (10, 0), (11, 1), (4, 2), (5, 3), (6, 2), (7, 3), (8, 2), (9, 3), (10, 2), (11, 3)]
length: 16 76
Estimated difference between T3^fnT3 - (T2^WT3 + h.c.) is: -1.6064396327184878e-06 2.58064829356871e-12
total cost: -7.784447404059615
singles alt: [(4, 0), (5, 1), (6, 0), (7, 1), (8, 0), (9, 1), (10, 0), (11, 1), (4, 2), (5, 3), (6, 2), (7, 3), (8, 2), (9, 3), (10, 2), (11, 3)]
length: 16 76
Estimated difference between T3^fnT3 - (T2^WT3 + h.c.) is: -1.6064396327155715e-06 2.58064829355934e-12
total cost: -7.78444740405962
singles alt: [(4, 0), (5, 1), (6, 0), (7, 1), (8, 0), (9, 1), (10, 0), (11, 1), (4, 2), (5, 3), (6, 2), (7, 3), (8, 2), (9, 3), (10, 2), (11, 3)]
length: 16 76
Estimated difference between T3^fnT3 - (T2^WT3 + h.c.) is: -1.6064396536303557e-06 2.580648360756017e-12
total cost: -7.7844474040596365
singles alt: [(4, 0), (5, 1), (6, 0), (7, 1), (8, 0), (9, 1), (10, 0), (11, 1), (4, 2), (5, 3), (6, 2), (7, 3), (8, 2), (9, 3), (10, 2), (11, 3)]
length: 16 76
Estimated difference between T3^fnT3 - (T2^WT3 + h.c.) is: -1.6064397542169717e-06 2.5806486839286844e-12
total cost: -7.784447404059623
singles alt: [(4, 0), (5, 1), (6, 0), (7, 1), (8, 0), (9, 1), (10, 0), (11, 1), (4, 2), (5, 3), (6, 2), (7, 3), (8, 2), (9, 3), (10, 2), (11, 3)]
length: 16 76
Estimated difference between T3^fnT3 - (T2^WT3 + h.c.) is: -1.6064397541491218e-06 2.580648683710691e-12
total cost: -7.784447404059609
singles alt: [(4, 0), (5, 1), (6, 0), (7, 1), (8, 0), (9, 1), (10, 0), (11, 1), (4, 2), (5, 3), (6, 2), (7, 3), (8, 2), (9, 3), (10, 2), (11, 3)]
length: 16 76
Estimated difference between T3^fnT3 - (T2^WT3 + h.c.) is: -1.6064396512030653e-06 2.580648352957426e-12
total cost: -7.784447404059615
singles alt: [(4, 0), (5, 1), (6, 0), (7, 1), (8, 0), (9, 1), (10, 0), (11, 1), (4, 2), (5, 3), (6, 2), (7, 3), (8, 2), (9, 3), (10, 2), (11, 3)]
length: 16 76
Estimated difference between T3^fnT3 - (T2^WT3 + h.c.) is: -1.606439813096316e-06 2.5806488731009267e-12
total cost: -7.784447404141162
singles alt: [(4, 0), (5, 1), (6, 0), (7, 1), (8, 0), (9, 1), (10, 0), (11, 1), (4, 2), (5, 3), (6, 2), (7, 3), (8, 2), (9, 3), (10, 2), (11, 3)]
length: 16 76
Estimated difference between T3^fnT3 - (T2^WT3 + h.c.) is: -1.6064398610216816e-06 2.5806490270793598e-12
total cost: -7.784447404069252
singles alt: [(4, 0), (5, 1), (6, 0), (7, 1), (8, 0), (9, 1), (10, 0), (11, 1), (4, 2), (5, 3), (6, 2), (7, 3), (8, 2), (9, 3), (10, 2), (11, 3)]
length: 16 76
Estimated difference between T3^fnT3 - (T2^WT3 + h.c.) is: -1.6064399610034004e-06 2.5806493483086066e-12
total cost: -7.7844474040693745
singles alt: [(4, 0), (5, 1), (6, 0), (7, 1), (8, 0), (9, 1), (10, 0), (11, 1), (4, 2), (5, 3), (6, 2), (7, 3), (8, 2), (9, 3), (10, 2), (11, 3)]
length: 16 76
Estimated difference between T3^fnT3 - (T2^WT3 + h.c.) is: -1.6064398082248358e-06 2.5806488574494473e-12
total cost: -7.7844474040739104
singles alt: [(4, 0), (5, 1), (6, 0), (7, 1), (8, 0), (9, 1), (10, 0), (11, 1), (4, 2), (5, 3), (6, 2), (7, 3), (8, 2), (9, 3), (10, 2), (11, 3)]
length: 16 76
Estimated difference between T3^fnT3 - (T2^WT3 + h.c.) is: -1.6064396327147698e-06 2.5806482935567644e-12
total cost: -7.7844474040596525
singles alt: [(4, 0), (5, 1), (6, 0), (7, 1), (8, 0), (9, 1), (10, 0), (11, 1), (4, 2), (5, 3), (6, 2), (7, 3), (8, 2), (9, 3), (10, 2), (11, 3)]
length: 16 76
Estimated difference between T3^fnT3 - (T2^WT3 + h.c.) is: -1.60643963271566e-06 2.580648293559625e-12
total cost: -7.784447404059617
singles alt: [(4, 0), (5, 1), (6, 0), (7, 1), (8, 0), (9, 1), (10, 0), (11, 1), (4, 2), (5, 3), (6, 2), (7, 3), (8, 2), (9, 3), (10, 2), (11, 3)]
length: 16 76
Estimated difference between T3^fnT3 - (T2^WT3 + h.c.) is: -1.6064396327160403e-06 2.5806482935608466e-12
total cost: -7.784447404059614
singles alt: [(4, 0), (5, 1), (6, 0), (7, 1), (8, 0), (9, 1), (10, 0), (11, 1), (4, 2), (5, 3), (6, 2), (7, 3), (8, 2), (9, 3), (10, 2), (11, 3)]
length: 16 76
Estimated difference between T3^fnT3 - (T2^WT3 + h.c.) is: -1.6064396327150175e-06 2.5806482935575605e-12
total cost: -7.7844474040596205
singles alt: [(4, 0), (5, 1), (6, 0), (7, 1), (8, 0), (9, 1), (10, 0), (11, 1), (4, 2), (5, 3), (6, 2), (7, 3), (8, 2), (9, 3), (10, 2), (11, 3)]
length: 16 76
Estimated difference between T3^fnT3 - (T2^WT3 + h.c.) is: -1.6064396976293462e-06 2.580648502119465e-12
total cost: -7.784447404040521
singles alt: [(4, 0), (5, 1), (6, 0), (7, 1), (8, 0), (9, 1), (10, 0), (11, 1), (4, 2), (5, 3), (6, 2), (7, 3), (8, 2), (9, 3), (10, 2), (11, 3)]
length: 16 76
Estimated difference between T3^fnT3 - (T2^WT3 + h.c.) is: -1.6064396042442272e-06 2.5806482020843494e-12
total cost: -7.784447404059207
singles alt: [(4, 0), (5, 1), (6, 0), (7, 1), (8, 0), (9, 1), (10, 0), (11, 1), (4, 2), (5, 3), (6, 2), (7, 3), (8, 2), (9, 3), (10, 2), (11, 3)]
length: 16 76
Estimated difference between T3^fnT3 - (T2^WT3 + h.c.) is: -1.6064394389225532e-06 2.5806476709258077e-12
total cost: -7.784447404074624
singles alt: [(4, 0), (5, 1), (6, 0), (7, 1), (8, 0), (9, 1), (10, 0), (11, 1), (4, 2), (5, 3), (6, 2), (7, 3), (8, 2), (9, 3), (10, 2), (11, 3)]
length: 16 76
Estimated difference between T3^fnT3 - (T2^WT3 + h.c.) is: -1.6064394848395006e-06 2.5806478184514e-12
total cost: -7.784447404064156
singles alt: [(4, 0), (5, 1), (6, 0), (7, 1), (8, 0), (9, 1), (10, 0), (11, 1), (4, 2), (5, 3), (6, 2), (7, 3), (8, 2), (9, 3), (10, 2), (11, 3)]
length: 16 76
Estimated difference between T3^fnT3 - (T2^WT3 + h.c.) is: -1.606439632713929e-06 2.5806482935540636e-12
total cost: -7.784447404059697
singles alt: [(4, 0), (5, 1), (6, 0), (7, 1), (8, 0), (9, 1), (10, 0), (11, 1), (4, 2), (5, 3), (6, 2), (7, 3), (8, 2), (9, 3), (10, 2), (11, 3)]
length: 16 76
Estimated difference between T3^fnT3 - (T2^WT3 + h.c.) is: -1.606439632715018e-06 2.5806482935575617e-12
total cost: -7.7844474040596126
singles alt: [(4, 0), (5, 1), (6, 0), (7, 1), (8, 0), (9, 1), (10, 0), (11, 1), (4, 2), (5, 3), (6, 2), (7, 3), (8, 2), (9, 3), (10, 2), (11, 3)]
length: 16 76
Estimated difference between T3^fnT3 - (T2^WT3 + h.c.) is: -1.606439632715206e-06 2.580648293558166e-12
total cost: -7.784447404059615
singles alt: [(4, 0), (5, 1), (6, 0), (7, 1), (8, 0), (9, 1), (10, 0), (11, 1), (4, 2), (5, 3), (6, 2), (7, 3), (8, 2), (9, 3), (10, 2), (11, 3)]
length: 16 76
Estimated difference between T3^fnT3 - (T2^WT3 + h.c.) is: -1.6064396327147293e-06 2.5806482935566344e-12
total cost: -7.784447404059618
singles alt: [(4, 0), (5, 1), (6, 0), (7, 1), (8, 0), (9, 1), (10, 0), (11, 1), (4, 2), (5, 3), (6, 2), (7, 3), (8, 2), (9, 3), (10, 2), (11, 3)]
length: 16 76
Estimated difference between T3^fnT3 - (T2^WT3 + h.c.) is: -1.6064396327140816e-06 2.580648293554553e-12
total cost: -7.78444740405966
singles alt: [(4, 0), (5, 1), (6, 0), (7, 1), (8, 0), (9, 1), (10, 0), (11, 1), (4, 2), (5, 3), (6, 2), (7, 3), (8, 2), (9, 3), (10, 2), (11, 3)]
length: 16 76
Estimated difference between T3^fnT3 - (T2^WT3 + h.c.) is: -1.6064396327161106e-06 2.5806482935610724e-12
total cost: -7.784447404059613
singles alt: [(4, 0), (5, 1), (6, 0), (7, 1), (8, 0), (9, 1), (10, 0), (11, 1), (4, 2), (5, 3), (6, 2), (7, 3), (8, 2), (9, 3), (10, 2), (11, 3)]
length: 16 76
Estimated difference between T3^fnT3 - (T2^WT3 + h.c.) is: -1.606439632714365e-06 2.5806482935554635e-12
total cost: -7.784447404059613
singles alt: [(4, 0), (5, 1), (6, 0), (7, 1), (8, 0), (9, 1), (10, 0), (11, 1), (4, 2), (5, 3), (6, 2), (7, 3), (8, 2), (9, 3), (10, 2), (11, 3)]
length: 16 76
Estimated difference between T3^fnT3 - (T2^WT3 + h.c.) is: -1.606439632715366e-06 2.5806482935586805e-12
total cost: -7.784447404059613
singles alt: [(4, 0), (5, 1), (6, 0), (7, 1), (8, 0), (9, 1), (10, 0), (11, 1), (4, 2), (5, 3), (6, 2), (7, 3), (8, 2), (9, 3), (10, 2), (11, 3)]
length: 16 76
Estimated difference between T3^fnT3 - (T2^WT3 + h.c.) is: -1.606439815918017e-06 2.5806488821667123e-12
total cost: -7.784447404097526
singles alt: [(4, 0), (5, 1), (6, 0), (7, 1), (8, 0), (9, 1), (10, 0), (11, 1), (4, 2), (5, 3), (6, 2), (7, 3), (8, 2), (9, 3), (10, 2), (11, 3)]
length: 16 76
Estimated difference between T3^fnT3 - (T2^WT3 + h.c.) is: -1.6064396532567206e-06 2.580648359555573e-12
total cost: -7.784447404109857
singles alt: [(4, 0), (5, 1), (6, 0), (7, 1), (8, 0), (9, 1), (10, 0), (11, 1), (4, 2), (5, 3), (6, 2), (7, 3), (8, 2), (9, 3), (10, 2), (11, 3)]
length: 16 76
Estimated difference between T3^fnT3 - (T2^WT3 + h.c.) is: -1.6064396532685414e-06 2.5806483595935513e-12
total cost: -7.784447404109909
singles alt: [(4, 0), (5, 1), (6, 0), (7, 1), (8, 0), (9, 1), (10, 0), (11, 1), (4, 2), (5, 3), (6, 2), (7, 3), (8, 2), (9, 3), (10, 2), (11, 3)]
length: 16 76
Estimated difference between T3^fnT3 - (T2^WT3 + h.c.) is: -1.6064397645434002e-06 2.5806487171062554e-12
total cost: -7.784447404047846
singles alt: [(4, 0), (5, 1), (6, 0), (7, 1), (8, 0), (9, 1), (10, 0), (11, 1), (4, 2), (5, 3), (6, 2), (7, 3), (8, 2), (9, 3), (10, 2), (11, 3)]
length: 16 76
Estimated difference between T3^fnT3 - (T2^WT3 + h.c.) is: -1.6064396327261264e-06 2.5806482935932516e-12
total cost: -7.784447404059611
singles alt: [(4, 0), (5, 1), (6, 0), (7, 1), (8, 0), (9, 1), (10, 0), (11, 1), (4, 2), (5, 3), (6, 2), (7, 3), (8, 2), (9, 3), (10, 2), (11, 3)]
length: 16 76
Estimated difference between T3^fnT3 - (T2^WT3 + h.c.) is: -1.6064396327110259e-06 2.580648293544736e-12
total cost: -7.78444740405962
singles alt: [(4, 0), (5, 1), (6, 0), (7, 1), (8, 0), (9, 1), (10, 0), (11, 1), (4, 2), (5, 3), (6, 2), (7, 3), (8, 2), (9, 3), (10, 2), (11, 3)]
length: 16 76
Estimated difference between T3^fnT3 - (T2^WT3 + h.c.) is: -1.6064396327140172e-06 2.5806482935543463e-12
total cost: -7.784447404059616
singles alt: [(4, 0), (5, 1), (6, 0), (7, 1), (8, 0), (9, 1), (10, 0), (11, 1), (4, 2), (5, 3), (6, 2), (7, 3), (8, 2), (9, 3), (10, 2), (11, 3)]
length: 16 76
Estimated difference between T3^fnT3 - (T2^WT3 + h.c.) is: -1.6064396327135526e-06 2.580648293552854e-12
total cost: -7.78444740405962
singles alt: [(4, 0), (5, 1), (6, 0), (7, 1), (8, 0), (9, 1), (10, 0), (11, 1), (4, 2), (5, 3), (6, 2), (7, 3), (8, 2), (9, 3), (10, 2), (11, 3)]
length: 16 76
Estimated difference between T3^fnT3 - (T2^WT3 + h.c.) is: -1.6064394715386133e-06 2.580647775717259e-12
total cost: -7.784447404072754
singles alt: [(4, 0), (5, 1), (6, 0), (7, 1), (8, 0), (9, 1), (10, 0), (11, 1), (4, 2), (5, 3), (6, 2), (7, 3), (8, 2), (9, 3), (10, 2), (11, 3)]
length: 16 76
Estimated difference between T3^fnT3 - (T2^WT3 + h.c.) is: -1.6064394716983644e-06 2.5806477762305203e-12
total cost: -7.784447404073098
singles alt: [(4, 0), (5, 1), (6, 0), (7, 1), (8, 0), (9, 1), (10, 0), (11, 1), (4, 2), (5, 3), (6, 2), (7, 3), (8, 2), (9, 3), (10, 2), (11, 3)]
length: 16 76
Estimated difference between T3^fnT3 - (T2^WT3 + h.c.) is: -1.6064393553269502e-06 2.5806474023432674e-12
total cost: -7.784447404059653
singles alt: [(4, 0), (5, 1), (6, 0), (7, 1), (8, 0), (9, 1), (10, 0), (11, 1), (4, 2), (5, 3), (6, 2), (7, 3), (8, 2), (9, 3), (10, 2), (11, 3)]
length: 16 76
Estimated difference between T3^fnT3 - (T2^WT3 + h.c.) is: -1.6064399098348037e-06 2.580649183910052e-12
total cost: -7.784447404059591
singles alt: [(4, 0), (5, 1), (6, 0), (7, 1), (8, 0), (9, 1), (10, 0), (11, 1), (4, 2), (5, 3), (6, 2), (7, 3), (8, 2), (9, 3), (10, 2), (11, 3)]
length: 16 76
Estimated difference between T3^fnT3 - (T2^WT3 + h.c.) is: -1.606439632714349e-06 2.5806482935554126e-12
total cost: -7.784447404059617
singles alt: [(4, 0), (5, 1), (6, 0), (7, 1), (8, 0), (9, 1), (10, 0), (11, 1), (4, 2), (5, 3), (6, 2), (7, 3), (8, 2), (9, 3), (10, 2), (11, 3)]
length: 16 76
Estimated difference between T3^fnT3 - (T2^WT3 + h.c.) is: -1.6064396327156854e-06 2.5806482935597064e-12
total cost: -7.784447404059618
singles alt: [(4, 0), (5, 1), (6, 0), (7, 1), (8, 0), (9, 1), (10, 0), (11, 1), (4, 2), (5, 3), (6, 2), (7, 3), (8, 2), (9, 3), (10, 2), (11, 3)]
length: 16 76
Estimated difference between T3^fnT3 - (T2^WT3 + h.c.) is: -1.6064396327150194e-06 2.5806482935575665e-12
total cost: -7.784447404059618
singles alt: [(4, 0), (5, 1), (6, 0), (7, 1), (8, 0), (9, 1), (10, 0), (11, 1), (4, 2), (5, 3), (6, 2), (7, 3), (8, 2), (9, 3), (10, 2), (11, 3)]
length: 16 76
Estimated difference between T3^fnT3 - (T2^WT3 + h.c.) is: -1.60643963271512e-06 2.5806482935578897e-12
total cost: -7.784447404059618
singles alt: [(4, 0), (5, 1), (6, 0), (7, 1), (8, 0), (9, 1), (10, 0), (11, 1), (4, 2), (5, 3), (6, 2), (7, 3), (8, 2), (9, 3), (10, 2), (11, 3)]
length: 16 76
Estimated difference between T3^fnT3 - (T2^WT3 + h.c.) is: -1.60643963271541e-06 2.580648293558821e-12
total cost: -7.784447404090059
singles alt: [(4, 0), (5, 1), (6, 0), (7, 1), (8, 0), (9, 1), (10, 0), (11, 1), (4, 2), (5, 3), (6, 2), (7, 3), (8, 2), (9, 3), (10, 2), (11, 3)]
length: 16 76
Estimated difference between T3^fnT3 - (T2^WT3 + h.c.) is: -1.60643963271541e-06 2.580648293558821e-12
total cost: -7.784447404090184
singles alt: [(4, 0), (5, 1), (6, 0), (7, 1), (8, 0), (9, 1), (10, 0), (11, 1), (4, 2), (5, 3), (6, 2), (7, 3), (8, 2), (9, 3), (10, 2), (11, 3)]
length: 16 76
Estimated difference between T3^fnT3 - (T2^WT3 + h.c.) is: -1.60643963271541e-06 2.580648293558821e-12
total cost: -7.784447404059614
singles alt: [(4, 0), (5, 1), (6, 0), (7, 1), (8, 0), (9, 1), (10, 0), (11, 1), (4, 2), (5, 3), (6, 2), (7, 3), (8, 2), (9, 3), (10, 2), (11, 3)]
length: 16 76
Estimated difference between T3^fnT3 - (T2^WT3 + h.c.) is: -1.60643963271541e-06 2.580648293558821e-12
total cost: -7.784447404059613
singles alt: [(4, 0), (5, 1), (6, 0), (7, 1), (8, 0), (9, 1), (10, 0), (11, 1), (4, 2), (5, 3), (6, 2), (7, 3), (8, 2), (9, 3), (10, 2), (11, 3)]
length: 16 76
Estimated difference between T3^fnT3 - (T2^WT3 + h.c.) is: -1.60643963271541e-06 2.580648293558821e-12
total cost: -7.78444740405962
singles alt: [(4, 0), (5, 1), (6, 0), (7, 1), (8, 0), (9, 1), (10, 0), (11, 1), (4, 2), (5, 3), (6, 2), (7, 3), (8, 2), (9, 3), (10, 2), (11, 3)]
length: 16 76
Estimated difference between T3^fnT3 - (T2^WT3 + h.c.) is: -1.60643963271541e-06 2.580648293558821e-12
total cost: -7.784447404059618
singles alt: [(4, 0), (5, 1), (6, 0), (7, 1), (8, 0), (9, 1), (10, 0), (11, 1), (4, 2), (5, 3), (6, 2), (7, 3), (8, 2), (9, 3), (10, 2), (11, 3)]
length: 16 76
Estimated difference between T3^fnT3 - (T2^WT3 + h.c.) is: -1.60643963271541e-06 2.580648293558821e-12
total cost: -7.7844474040514156
singles alt: [(4, 0), (5, 1), (6, 0), (7, 1), (8, 0), (9, 1), (10, 0), (11, 1), (4, 2), (5, 3), (6, 2), (7, 3), (8, 2), (9, 3), (10, 2), (11, 3)]
length: 16 76
Estimated difference between T3^fnT3 - (T2^WT3 + h.c.) is: -1.60643963271541e-06 2.580648293558821e-12
total cost: -7.784447404051475
singles alt: [(4, 0), (5, 1), (6, 0), (7, 1), (8, 0), (9, 1), (10, 0), (11, 1), (4, 2), (5, 3), (6, 2), (7, 3), (8, 2), (9, 3), (10, 2), (11, 3)]
length: 16 76
Estimated difference between T3^fnT3 - (T2^WT3 + h.c.) is: -1.60643963271541e-06 2.580648293558821e-12
total cost: -7.7844474040573655
singles alt: [(4, 0), (5, 1), (6, 0), (7, 1), (8, 0), (9, 1), (10, 0), (11, 1), (4, 2), (5, 3), (6, 2), (7, 3), (8, 2), (9, 3), (10, 2), (11, 3)]
length: 16 76
Estimated difference between T3^fnT3 - (T2^WT3 + h.c.) is: -1.60643963271541e-06 2.580648293558821e-12
total cost: -7.7844474040572775
singles alt: [(4, 0), (5, 1), (6, 0), (7, 1), (8, 0), (9, 1), (10, 0), (11, 1), (4, 2), (5, 3), (6, 2), (7, 3), (8, 2), (9, 3), (10, 2), (11, 3)]
length: 16 76
Estimated difference between T3^fnT3 - (T2^WT3 + h.c.) is: -1.60643963271541e-06 2.580648293558821e-12
total cost: -7.78444740405962
singles alt: [(4, 0), (5, 1), (6, 0), (7, 1), (8, 0), (9, 1), (10, 0), (11, 1), (4, 2), (5, 3), (6, 2), (7, 3), (8, 2), (9, 3), (10, 2), (11, 3)]
length: 16 76
Estimated difference between T3^fnT3 - (T2^WT3 + h.c.) is: -1.60643963271541e-06 2.580648293558821e-12
total cost: -7.784447404059619
singles alt: [(4, 0), (5, 1), (6, 0), (7, 1), (8, 0), (9, 1), (10, 0), (11, 1), (4, 2), (5, 3), (6, 2), (7, 3), (8, 2), (9, 3), (10, 2), (11, 3)]
length: 16 76
Estimated difference between T3^fnT3 - (T2^WT3 + h.c.) is: -1.60643963271541e-06 2.580648293558821e-12
total cost: -7.78444740405962
singles alt: [(4, 0), (5, 1), (6, 0), (7, 1), (8, 0), (9, 1), (10, 0), (11, 1), (4, 2), (5, 3), (6, 2), (7, 3), (8, 2), (9, 3), (10, 2), (11, 3)]
length: 16 76
Estimated difference between T3^fnT3 - (T2^WT3 + h.c.) is: -1.60643963271541e-06 2.580648293558821e-12
total cost: -7.784447404059616
singles alt: [(4, 0), (5, 1), (6, 0), (7, 1), (8, 0), (9, 1), (10, 0), (11, 1), (4, 2), (5, 3), (6, 2), (7, 3), (8, 2), (9, 3), (10, 2), (11, 3)]
length: 16 76
Estimated difference between T3^fnT3 - (T2^WT3 + h.c.) is: -1.60643963271541e-06 2.580648293558821e-12
total cost: -7.784447404058002
singles alt: [(4, 0), (5, 1), (6, 0), (7, 1), (8, 0), (9, 1), (10, 0), (11, 1), (4, 2), (5, 3), (6, 2), (7, 3), (8, 2), (9, 3), (10, 2), (11, 3)]
length: 16 76
Estimated difference between T3^fnT3 - (T2^WT3 + h.c.) is: -1.60643963271541e-06 2.580648293558821e-12
total cost: -7.784447404057908
singles alt: [(4, 0), (5, 1), (6, 0), (7, 1), (8, 0), (9, 1), (10, 0), (11, 1), (4, 2), (5, 3), (6, 2), (7, 3), (8, 2), (9, 3), (10, 2), (11, 3)]
callback: energy=-7.784445797620
singles alt: [(4, 0), (5, 1), (6, 0), (7, 1), (8, 0), (9, 1), (10, 0), (11, 1), (4, 2), (5, 3), (6, 2), (7, 3), (8, 2), (9, 3), (10, 2), (11, 3)]
length: 16 76
Estimated difference between T3^fnT3 - (T2^WT3 + h.c.) is: -1.6348819566827386e-06 2.67283901228678e-12
total cost: -7.784452920114511
singles alt: [(4, 0), (5, 1), (6, 0), (7, 1), (8, 0), (9, 1), (10, 0), (11, 1), (4, 2), (5, 3), (6, 2), (7, 3), (8, 2), (9, 3), (10, 2), (11, 3)]
length: 16 76
Estimated difference between T3^fnT3 - (T2^WT3 + h.c.) is: -1.6348823049239306e-06 2.672840150953384e-12
total cost: -7.78445292006854
singles alt: [(4, 0), (5, 1), (6, 0), (7, 1), (8, 0), (9, 1), (10, 0), (11, 1), (4, 2), (5, 3), (6, 2), (7, 3), (8, 2), (9, 3), (10, 2), (11, 3)]
length: 16 76
Estimated difference between T3^fnT3 - (T2^WT3 + h.c.) is: -1.6348820350929597e-06 2.6728392686696976e-12
total cost: -7.784452920112511
singles alt: [(4, 0), (5, 1), (6, 0), (7, 1), (8, 0), (9, 1), (10, 0), (11, 1), (4, 2), (5, 3), (6, 2), (7, 3), (8, 2), (9, 3), (10, 2), (11, 3)]
length: 16 76
Estimated difference between T3^fnT3 - (T2^WT3 + h.c.) is: -1.634882035086673e-06 2.6728392686491417e-12
total cost: -7.784452920112547
singles alt: [(4, 0), (5, 1), (6, 0), (7, 1), (8, 0), (9, 1), (10, 0), (11, 1), (4, 2), (5, 3), (6, 2), (7, 3), (8, 2), (9, 3), (10, 2), (11, 3)]
length: 16 76
Estimated difference between T3^fnT3 - (T2^WT3 + h.c.) is: -1.6348820237978258e-06 2.6728392317372743e-12
total cost: -7.784452920140363
singles alt: [(4, 0), (5, 1), (6, 0), (7, 1), (8, 0), (9, 1), (10, 0), (11, 1), (4, 2), (5, 3), (6, 2), (7, 3), (8, 2), (9, 3), (10, 2), (11, 3)]
length: 16 76
Estimated difference between T3^fnT3 - (T2^WT3 + h.c.) is: -1.6348819566837695e-06 2.6728390122901506e-12
total cost: -7.784452920114506
singles alt: [(4, 0), (5, 1), (6, 0), (7, 1), (8, 0), (9, 1), (10, 0), (11, 1), (4, 2), (5, 3), (6, 2), (7, 3), (8, 2), (9, 3), (10, 2), (11, 3)]
length: 16 76
Estimated difference between T3^fnT3 - (T2^WT3 + h.c.) is: -1.6348819566793022e-06 2.6728390122755436e-12
total cost: -7.784452920114513
singles alt: [(4, 0), (5, 1), (6, 0), (7, 1), (8, 0), (9, 1), (10, 0), (11, 1), (4, 2), (5, 3), (6, 2), (7, 3), (8, 2), (9, 3), (10, 2), (11, 3)]
length: 16 76
Estimated difference between T3^fnT3 - (T2^WT3 + h.c.) is: -1.6348819566788927e-06 2.6728390122742047e-12
total cost: -7.784452920114514
singles alt: [(4, 0), (5, 1), (6, 0), (7, 1), (8, 0), (9, 1), (10, 0), (11, 1), (4, 2), (5, 3), (6, 2), (7, 3), (8, 2), (9, 3), (10, 2), (11, 3)]
length: 16 76
Estimated difference between T3^fnT3 - (T2^WT3 + h.c.) is: -1.6348819566829838e-06 2.6728390122875818e-12
total cost: -7.7844529201145125
singles alt: [(4, 0), (5, 1), (6, 0), (7, 1), (8, 0), (9, 1), (10, 0), (11, 1), (4, 2), (5, 3), (6, 2), (7, 3), (8, 2), (9, 3), (10, 2), (11, 3)]
length: 16 76
Estimated difference between T3^fnT3 - (T2^WT3 + h.c.) is: -1.6348819566839323e-06 2.672839012290683e-12
total cost: -7.784452920114505
singles alt: [(4, 0), (5, 1), (6, 0), (7, 1), (8, 0), (9, 1), (10, 0), (11, 1), (4, 2), (5, 3), (6, 2), (7, 3), (8, 2), (9, 3), (10, 2), (11, 3)]
length: 16 76
Estimated difference between T3^fnT3 - (T2^WT3 + h.c.) is: -1.6348819566826518e-06 2.672839012286496e-12
total cost: -7.7844529201145125
singles alt: [(4, 0), (5, 1), (6, 0), (7, 1), (8, 0), (9, 1), (10, 0), (11, 1), (4, 2), (5, 3), (6, 2), (7, 3), (8, 2), (9, 3), (10, 2), (11, 3)]
length: 16 76
Estimated difference between T3^fnT3 - (T2^WT3 + h.c.) is: -1.634881956683207e-06 2.6728390122883116e-12
total cost: -7.784452920114512
singles alt: [(4, 0), (5, 1), (6, 0), (7, 1), (8, 0), (9, 1), (10, 0), (11, 1), (4, 2), (5, 3), (6, 2), (7, 3), (8, 2), (9, 3), (10, 2), (11, 3)]
length: 16 76
Estimated difference between T3^fnT3 - (T2^WT3 + h.c.) is: -1.6348819566827683e-06 2.672839012286877e-12
total cost: -7.784452920114512
singles alt: [(4, 0), (5, 1), (6, 0), (7, 1), (8, 0), (9, 1), (10, 0), (11, 1), (4, 2), (5, 3), (6, 2), (7, 3), (8, 2), (9, 3), (10, 2), (11, 3)]
length: 16 76
Estimated difference between T3^fnT3 - (T2^WT3 + h.c.) is: -1.6348820202378763e-06 2.6728392200970797e-12
total cost: -7.784452920114955
singles alt: [(4, 0), (5, 1), (6, 0), (7, 1), (8, 0), (9, 1), (10, 0), (11, 1), (4, 2), (5, 3), (6, 2), (7, 3), (8, 2), (9, 3), (10, 2), (11, 3)]
length: 16 76
Estimated difference between T3^fnT3 - (T2^WT3 + h.c.) is: -1.6348817805687502e-06 2.6728384364356472e-12
total cost: -7.784452920096715
singles alt: [(4, 0), (5, 1), (6, 0), (7, 1), (8, 0), (9, 1), (10, 0), (11, 1), (4, 2), (5, 3), (6, 2), (7, 3), (8, 2), (9, 3), (10, 2), (11, 3)]
length: 16 76
Estimated difference between T3^fnT3 - (T2^WT3 + h.c.) is: -1.6348819223271678e-06 2.6728388999521757e-12
total cost: -7.78445292011215
singles alt: [(4, 0), (5, 1), (6, 0), (7, 1), (8, 0), (9, 1), (10, 0), (11, 1), (4, 2), (5, 3), (6, 2), (7, 3), (8, 2), (9, 3), (10, 2), (11, 3)]
length: 16 76
Estimated difference between T3^fnT3 - (T2^WT3 + h.c.) is: -1.6348818077608198e-06 2.6728385253472863e-12
total cost: -7.784452920126589
singles alt: [(4, 0), (5, 1), (6, 0), (7, 1), (8, 0), (9, 1), (10, 0), (11, 1), (4, 2), (5, 3), (6, 2), (7, 3), (8, 2), (9, 3), (10, 2), (11, 3)]
length: 16 76
Estimated difference between T3^fnT3 - (T2^WT3 + h.c.) is: -1.6348819566851823e-06 2.6728390122947703e-12
total cost: -7.784452920114504
singles alt: [(4, 0), (5, 1), (6, 0), (7, 1), (8, 0), (9, 1), (10, 0), (11, 1), (4, 2), (5, 3), (6, 2), (7, 3), (8, 2), (9, 3), (10, 2), (11, 3)]
length: 16 76
Estimated difference between T3^fnT3 - (T2^WT3 + h.c.) is: -1.6348819566780266e-06 2.6728390122713726e-12
total cost: -7.7844529201145125
singles alt: [(4, 0), (5, 1), (6, 0), (7, 1), (8, 0), (9, 1), (10, 0), (11, 1), (4, 2), (5, 3), (6, 2), (7, 3), (8, 2), (9, 3), (10, 2), (11, 3)]
length: 16 76
Estimated difference between T3^fnT3 - (T2^WT3 + h.c.) is: -1.6348819566782138e-06 2.672839012271985e-12
total cost: -7.784452920114515
singles alt: [(4, 0), (5, 1), (6, 0), (7, 1), (8, 0), (9, 1), (10, 0), (11, 1), (4, 2), (5, 3), (6, 2), (7, 3), (8, 2), (9, 3), (10, 2), (11, 3)]
length: 16 76
Estimated difference between T3^fnT3 - (T2^WT3 + h.c.) is: -1.6348819566830071e-06 2.672839012287658e-12
total cost: -7.7844529201145125
singles alt: [(4, 0), (5, 1), (6, 0), (7, 1), (8, 0), (9, 1), (10, 0), (11, 1), (4, 2), (5, 3), (6, 2), (7, 3), (8, 2), (9, 3), (10, 2), (11, 3)]
length: 16 76
Estimated difference between T3^fnT3 - (T2^WT3 + h.c.) is: -1.6348821479096396e-06 2.6728396375536366e-12
total cost: -7.784452920144187
singles alt: [(4, 0), (5, 1), (6, 0), (7, 1), (8, 0), (9, 1), (10, 0), (11, 1), (4, 2), (5, 3), (6, 2), (7, 3), (8, 2), (9, 3), (10, 2), (11, 3)]
length: 16 76
Estimated difference between T3^fnT3 - (T2^WT3 + h.c.) is: -1.6348823276489528e-06 2.6728402252588577e-12
total cost: -7.784452920098859
singles alt: [(4, 0), (5, 1), (6, 0), (7, 1), (8, 0), (9, 1), (10, 0), (11, 1), (4, 2), (5, 3), (6, 2), (7, 3), (8, 2), (9, 3), (10, 2), (11, 3)]
length: 16 76
Estimated difference between T3^fnT3 - (T2^WT3 + h.c.) is: -1.6348822144390137e-06 2.672839855089013e-12
total cost: -7.784452920098871
singles alt: [(4, 0), (5, 1), (6, 0), (7, 1), (8, 0), (9, 1), (10, 0), (11, 1), (4, 2), (5, 3), (6, 2), (7, 3), (8, 2), (9, 3), (10, 2), (11, 3)]
length: 16 76
Estimated difference between T3^fnT3 - (T2^WT3 + h.c.) is: -1.6348821336421066e-06 2.6728395909021667e-12
total cost: -7.784452920127453
singles alt: [(4, 0), (5, 1), (6, 0), (7, 1), (8, 0), (9, 1), (10, 0), (11, 1), (4, 2), (5, 3), (6, 2), (7, 3), (8, 2), (9, 3), (10, 2), (11, 3)]
length: 16 76
Estimated difference between T3^fnT3 - (T2^WT3 + h.c.) is: -1.6348819803132028e-06 2.6728390895528196e-12
total cost: -7.78445292011451
singles alt: [(4, 0), (5, 1), (6, 0), (7, 1), (8, 0), (9, 1), (10, 0), (11, 1), (4, 2), (5, 3), (6, 2), (7, 3), (8, 2), (9, 3), (10, 2), (11, 3)]
length: 16 76
Estimated difference between T3^fnT3 - (T2^WT3 + h.c.) is: -1.634882079606116e-06 2.6728394142172183e-12
total cost: -7.784452920114513
singles alt: [(4, 0), (5, 1), (6, 0), (7, 1), (8, 0), (9, 1), (10, 0), (11, 1), (4, 2), (5, 3), (6, 2), (7, 3), (8, 2), (9, 3), (10, 2), (11, 3)]
length: 16 76
Estimated difference between T3^fnT3 - (T2^WT3 + h.c.) is: -1.6348820795260512e-06 2.6728394139554257e-12
total cost: -7.784452920114516
singles alt: [(4, 0), (5, 1), (6, 0), (7, 1), (8, 0), (9, 1), (10, 0), (11, 1), (4, 2), (5, 3), (6, 2), (7, 3), (8, 2), (9, 3), (10, 2), (11, 3)]
length: 16 76
Estimated difference between T3^fnT3 - (T2^WT3 + h.c.) is: -1.634881977566475e-06 2.672839080571668e-12
total cost: -7.784452920114514
singles alt: [(4, 0), (5, 1), (6, 0), (7, 1), (8, 0), (9, 1), (10, 0), (11, 1), (4, 2), (5, 3), (6, 2), (7, 3), (8, 2), (9, 3), (10, 2), (11, 3)]
length: 16 76
Estimated difference between T3^fnT3 - (T2^WT3 + h.c.) is: -1.6348819566829103e-06 2.6728390122873415e-12
total cost: -7.784452920114507
singles alt: [(4, 0), (5, 1), (6, 0), (7, 1), (8, 0), (9, 1), (10, 0), (11, 1), (4, 2), (5, 3), (6, 2), (7, 3), (8, 2), (9, 3), (10, 2), (11, 3)]
length: 16 76
Estimated difference between T3^fnT3 - (T2^WT3 + h.c.) is: -1.634881956682515e-06 2.672839012286049e-12
total cost: -7.7844529201145125
singles alt: [(4, 0), (5, 1), (6, 0), (7, 1), (8, 0), (9, 1), (10, 0), (11, 1), (4, 2), (5, 3), (6, 2), (7, 3), (8, 2), (9, 3), (10, 2), (11, 3)]
length: 16 76
Estimated difference between T3^fnT3 - (T2^WT3 + h.c.) is: -1.6348819566816576e-06 2.672839012283245e-12
total cost: -7.7844529201145125
singles alt: [(4, 0), (5, 1), (6, 0), (7, 1), (8, 0), (9, 1), (10, 0), (11, 1), (4, 2), (5, 3), (6, 2), (7, 3), (8, 2), (9, 3), (10, 2), (11, 3)]
length: 16 76
Estimated difference between T3^fnT3 - (T2^WT3 + h.c.) is: -1.634881956682634e-06 2.672839012286438e-12
total cost: -7.7844529201145125
singles alt: [(4, 0), (5, 1), (6, 0), (7, 1), (8, 0), (9, 1), (10, 0), (11, 1), (4, 2), (5, 3), (6, 2), (7, 3), (8, 2), (9, 3), (10, 2), (11, 3)]
length: 16 76
Estimated difference between T3^fnT3 - (T2^WT3 + h.c.) is: -1.6348819566838791e-06 2.6728390122905092e-12
total cost: -7.784452920114508
singles alt: [(4, 0), (5, 1), (6, 0), (7, 1), (8, 0), (9, 1), (10, 0), (11, 1), (4, 2), (5, 3), (6, 2), (7, 3), (8, 2), (9, 3), (10, 2), (11, 3)]
length: 16 76
Estimated difference between T3^fnT3 - (T2^WT3 + h.c.) is: -1.6348819566831037e-06 2.6728390122879736e-12
total cost: -7.784452920114512
singles alt: [(4, 0), (5, 1), (6, 0), (7, 1), (8, 0), (9, 1), (10, 0), (11, 1), (4, 2), (5, 3), (6, 2), (7, 3), (8, 2), (9, 3), (10, 2), (11, 3)]
length: 16 76
Estimated difference between T3^fnT3 - (T2^WT3 + h.c.) is: -1.6348819566834505e-06 2.6728390122891077e-12
total cost: -7.784452920114512
singles alt: [(4, 0), (5, 1), (6, 0), (7, 1), (8, 0), (9, 1), (10, 0), (11, 1), (4, 2), (5, 3), (6, 2), (7, 3), (8, 2), (9, 3), (10, 2), (11, 3)]
length: 16 76
Estimated difference between T3^fnT3 - (T2^WT3 + h.c.) is: -1.6348819566825518e-06 2.6728390122861694e-12
total cost: -7.784452920114511
singles alt: [(4, 0), (5, 1), (6, 0), (7, 1), (8, 0), (9, 1), (10, 0), (11, 1), (4, 2), (5, 3), (6, 2), (7, 3), (8, 2), (9, 3), (10, 2), (11, 3)]
length: 16 76
Estimated difference between T3^fnT3 - (T2^WT3 + h.c.) is: -1.6348819803116824e-06 2.672839089547848e-12
total cost: -7.784452920114519
singles alt: [(4, 0), (5, 1), (6, 0), (7, 1), (8, 0), (9, 1), (10, 0), (11, 1), (4, 2), (5, 3), (6, 2), (7, 3), (8, 2), (9, 3), (10, 2), (11, 3)]
length: 16 76
Estimated difference between T3^fnT3 - (T2^WT3 + h.c.) is: -1.6348820795888644e-06 2.67283941416081e-12
total cost: -7.784452920114521
singles alt: [(4, 0), (5, 1), (6, 0), (7, 1), (8, 0), (9, 1), (10, 0), (11, 1), (4, 2), (5, 3), (6, 2), (7, 3), (8, 2), (9, 3), (10, 2), (11, 3)]
length: 16 76
Estimated difference between T3^fnT3 - (T2^WT3 + h.c.) is: -1.6348820795224562e-06 2.6728394139436707e-12
total cost: -7.784452920114515
singles alt: [(4, 0), (5, 1), (6, 0), (7, 1), (8, 0), (9, 1), (10, 0), (11, 1), (4, 2), (5, 3), (6, 2), (7, 3), (8, 2), (9, 3), (10, 2), (11, 3)]
length: 16 76
Estimated difference between T3^fnT3 - (T2^WT3 + h.c.) is: -1.6348819775670235e-06 2.6728390805734614e-12
total cost: -7.784452920114513
singles alt: [(4, 0), (5, 1), (6, 0), (7, 1), (8, 0), (9, 1), (10, 0), (11, 1), (4, 2), (5, 3), (6, 2), (7, 3), (8, 2), (9, 3), (10, 2), (11, 3)]
length: 16 76
Estimated difference between T3^fnT3 - (T2^WT3 + h.c.) is: -1.6348821479894577e-06 2.672839637814623e-12
total cost: -7.7844529201440125
singles alt: [(4, 0), (5, 1), (6, 0), (7, 1), (8, 0), (9, 1), (10, 0), (11, 1), (4, 2), (5, 3), (6, 2), (7, 3), (8, 2), (9, 3), (10, 2), (11, 3)]
length: 16 76
Estimated difference between T3^fnT3 - (T2^WT3 + h.c.) is: -1.6348822146555627e-06 2.6728398557970773e-12
total cost: -7.784452920098872
singles alt: [(4, 0), (5, 1), (6, 0), (7, 1), (8, 0), (9, 1), (10, 0), (11, 1), (4, 2), (5, 3), (6, 2), (7, 3), (8, 2), (9, 3), (10, 2), (11, 3)]
length: 16 76
Estimated difference between T3^fnT3 - (T2^WT3 + h.c.) is: -1.6348823278649464e-06 2.672840225965106e-12
total cost: -7.784452920098882
singles alt: [(4, 0), (5, 1), (6, 0), (7, 1), (8, 0), (9, 1), (10, 0), (11, 1), (4, 2), (5, 3), (6, 2), (7, 3), (8, 2), (9, 3), (10, 2), (11, 3)]
length: 16 76
Estimated difference between T3^fnT3 - (T2^WT3 + h.c.) is: -1.6348821337530293e-06 2.672839591264858e-12
total cost: -7.784452920127448
singles alt: [(4, 0), (5, 1), (6, 0), (7, 1), (8, 0), (9, 1), (10, 0), (11, 1), (4, 2), (5, 3), (6, 2), (7, 3), (8, 2), (9, 3), (10, 2), (11, 3)]
length: 16 76
Estimated difference between T3^fnT3 - (T2^WT3 + h.c.) is: -1.6348819566828369e-06 2.672839012287101e-12
total cost: -7.784452920114507
singles alt: [(4, 0), (5, 1), (6, 0), (7, 1), (8, 0), (9, 1), (10, 0), (11, 1), (4, 2), (5, 3), (6, 2), (7, 3), (8, 2), (9, 3), (10, 2), (11, 3)]
length: 16 76
Estimated difference between T3^fnT3 - (T2^WT3 + h.c.) is: -1.6348819566827945e-06 2.6728390122869626e-12
total cost: -7.784452920114512
singles alt: [(4, 0), (5, 1), (6, 0), (7, 1), (8, 0), (9, 1), (10, 0), (11, 1), (4, 2), (5, 3), (6, 2), (7, 3), (8, 2), (9, 3), (10, 2), (11, 3)]
length: 16 76
Estimated difference between T3^fnT3 - (T2^WT3 + h.c.) is: -1.6348819566824593e-06 2.672839012285867e-12
total cost: -7.784452920114512
singles alt: [(4, 0), (5, 1), (6, 0), (7, 1), (8, 0), (9, 1), (10, 0), (11, 1), (4, 2), (5, 3), (6, 2), (7, 3), (8, 2), (9, 3), (10, 2), (11, 3)]
length: 16 76
Estimated difference between T3^fnT3 - (T2^WT3 + h.c.) is: -1.634881956682321e-06 2.6728390122854145e-12
total cost: -7.784452920114511
singles alt: [(4, 0), (5, 1), (6, 0), (7, 1), (8, 0), (9, 1), (10, 0), (11, 1), (4, 2), (5, 3), (6, 2), (7, 3), (8, 2), (9, 3), (10, 2), (11, 3)]
length: 16 76
Estimated difference between T3^fnT3 - (T2^WT3 + h.c.) is: -1.634882020188718e-06 2.672839219936344e-12
total cost: -7.78445292011513
singles alt: [(4, 0), (5, 1), (6, 0), (7, 1), (8, 0), (9, 1), (10, 0), (11, 1), (4, 2), (5, 3), (6, 2), (7, 3), (8, 2), (9, 3), (10, 2), (11, 3)]
length: 16 76
Estimated difference between T3^fnT3 - (T2^WT3 + h.c.) is: -1.6348819222552401e-06 2.672838899716989e-12
total cost: -7.784452920112343
singles alt: [(4, 0), (5, 1), (6, 0), (7, 1), (8, 0), (9, 1), (10, 0), (11, 1), (4, 2), (5, 3), (6, 2), (7, 3), (8, 2), (9, 3), (10, 2), (11, 3)]
length: 16 76
Estimated difference between T3^fnT3 - (T2^WT3 + h.c.) is: -1.6348817799406132e-06 2.6728384343817876e-12
total cost: -7.784452920097817
singles alt: [(4, 0), (5, 1), (6, 0), (7, 1), (8, 0), (9, 1), (10, 0), (11, 1), (4, 2), (5, 3), (6, 2), (7, 3), (8, 2), (9, 3), (10, 2), (11, 3)]
length: 16 76
Estimated difference between T3^fnT3 - (T2^WT3 + h.c.) is: -1.6348818075207863e-06 2.6728385245624333e-12
total cost: -7.7844529201260215
singles alt: [(4, 0), (5, 1), (6, 0), (7, 1), (8, 0), (9, 1), (10, 0), (11, 1), (4, 2), (5, 3), (6, 2), (7, 3), (8, 2), (9, 3), (10, 2), (11, 3)]
length: 16 76
Estimated difference between T3^fnT3 - (T2^WT3 + h.c.) is: -1.6348819566826855e-06 2.6728390122866064e-12
total cost: -7.784452920114512
singles alt: [(4, 0), (5, 1), (6, 0), (7, 1), (8, 0), (9, 1), (10, 0), (11, 1), (4, 2), (5, 3), (6, 2), (7, 3), (8, 2), (9, 3), (10, 2), (11, 3)]
length: 16 76
Estimated difference between T3^fnT3 - (T2^WT3 + h.c.) is: -1.6348819566806062e-06 2.6728390122798076e-12
total cost: -7.784452920114515
singles alt: [(4, 0), (5, 1), (6, 0), (7, 1), (8, 0), (9, 1), (10, 0), (11, 1), (4, 2), (5, 3), (6, 2), (7, 3), (8, 2), (9, 3), (10, 2), (11, 3)]
length: 16 76
Estimated difference between T3^fnT3 - (T2^WT3 + h.c.) is: -1.6348819566830082e-06 2.6728390122876613e-12
total cost: -7.784452920114511
singles alt: [(4, 0), (5, 1), (6, 0), (7, 1), (8, 0), (9, 1), (10, 0), (11, 1), (4, 2), (5, 3), (6, 2), (7, 3), (8, 2), (9, 3), (10, 2), (11, 3)]
length: 16 76
Estimated difference between T3^fnT3 - (T2^WT3 + h.c.) is: -1.6348819566827098e-06 2.672839012286686e-12
total cost: -7.7844529201145125
singles alt: [(4, 0), (5, 1), (6, 0), (7, 1), (8, 0), (9, 1), (10, 0), (11, 1), (4, 2), (5, 3), (6, 2), (7, 3), (8, 2), (9, 3), (10, 2), (11, 3)]
length: 16 76
Estimated difference between T3^fnT3 - (T2^WT3 + h.c.) is: -1.634881956682878e-06 2.6728390122872356e-12
total cost: -7.784452920114507
singles alt: [(4, 0), (5, 1), (6, 0), (7, 1), (8, 0), (9, 1), (10, 0), (11, 1), (4, 2), (5, 3), (6, 2), (7, 3), (8, 2), (9, 3), (10, 2), (11, 3)]
length: 16 76
Estimated difference between T3^fnT3 - (T2^WT3 + h.c.) is: -1.6348819566822541e-06 2.672839012285196e-12
total cost: -7.784452920114512
singles alt: [(4, 0), (5, 1), (6, 0), (7, 1), (8, 0), (9, 1), (10, 0), (11, 1), (4, 2), (5, 3), (6, 2), (7, 3), (8, 2), (9, 3), (10, 2), (11, 3)]
length: 16 76
Estimated difference between T3^fnT3 - (T2^WT3 + h.c.) is: -1.6348819566824697e-06 2.6728390122859008e-12
total cost: -7.784452920114512
singles alt: [(4, 0), (5, 1), (6, 0), (7, 1), (8, 0), (9, 1), (10, 0), (11, 1), (4, 2), (5, 3), (6, 2), (7, 3), (8, 2), (9, 3), (10, 2), (11, 3)]
length: 16 76
Estimated difference between T3^fnT3 - (T2^WT3 + h.c.) is: -1.6348819566827712e-06 2.6728390122868867e-12
total cost: -7.784452920114511
singles alt: [(4, 0), (5, 1), (6, 0), (7, 1), (8, 0), (9, 1), (10, 0), (11, 1), (4, 2), (5, 3), (6, 2), (7, 3), (8, 2), (9, 3), (10, 2), (11, 3)]
length: 16 76
Estimated difference between T3^fnT3 - (T2^WT3 + h.c.) is: -1.6348821408788247e-06 2.6728396145645292e-12
total cost: -7.784452920128446
singles alt: [(4, 0), (5, 1), (6, 0), (7, 1), (8, 0), (9, 1), (10, 0), (11, 1), (4, 2), (5, 3), (6, 2), (7, 3), (8, 2), (9, 3), (10, 2), (11, 3)]
length: 16 76
Estimated difference between T3^fnT3 - (T2^WT3 + h.c.) is: -1.6348819884225264e-06 2.6728391160683938e-12
total cost: -7.7844529201238135
singles alt: [(4, 0), (5, 1), (6, 0), (7, 1), (8, 0), (9, 1), (10, 0), (11, 1), (4, 2), (5, 3), (6, 2), (7, 3), (8, 2), (9, 3), (10, 2), (11, 3)]
length: 16 76
Estimated difference between T3^fnT3 - (T2^WT3 + h.c.) is: -1.634881988343696e-06 2.672839115810637e-12
total cost: -7.784452920123811
singles alt: [(4, 0), (5, 1), (6, 0), (7, 1), (8, 0), (9, 1), (10, 0), (11, 1), (4, 2), (5, 3), (6, 2), (7, 3), (8, 2), (9, 3), (10, 2), (11, 3)]
length: 16 76
Estimated difference between T3^fnT3 - (T2^WT3 + h.c.) is: -1.6348820884865307e-06 2.6728394432540802e-12
total cost: -7.7844529201104615
singles alt: [(4, 0), (5, 1), (6, 0), (7, 1), (8, 0), (9, 1), (10, 0), (11, 1), (4, 2), (5, 3), (6, 2), (7, 3), (8, 2), (9, 3), (10, 2), (11, 3)]
length: 16 76
Estimated difference between T3^fnT3 - (T2^WT3 + h.c.) is: -1.634881956679951e-06 2.6728390122776653e-12
total cost: -7.784452920114513
singles alt: [(4, 0), (5, 1), (6, 0), (7, 1), (8, 0), (9, 1), (10, 0), (11, 1), (4, 2), (5, 3), (6, 2), (7, 3), (8, 2), (9, 3), (10, 2), (11, 3)]
length: 16 76
Estimated difference between T3^fnT3 - (T2^WT3 + h.c.) is: -1.6348819566784173e-06 2.67283901227265e-12
total cost: -7.7844529201145125
singles alt: [(4, 0), (5, 1), (6, 0), (7, 1), (8, 0), (9, 1), (10, 0), (11, 1), (4, 2), (5, 3), (6, 2), (7, 3), (8, 2), (9, 3), (10, 2), (11, 3)]
length: 16 76
Estimated difference between T3^fnT3 - (T2^WT3 + h.c.) is: -1.6348819566786536e-06 2.6728390122734228e-12
total cost: -7.784452920114514
singles alt: [(4, 0), (5, 1), (6, 0), (7, 1), (8, 0), (9, 1), (10, 0), (11, 1), (4, 2), (5, 3), (6, 2), (7, 3), (8, 2), (9, 3), (10, 2), (11, 3)]
length: 16 76
Estimated difference between T3^fnT3 - (T2^WT3 + h.c.) is: -1.6348819566817603e-06 2.672839012283581e-12
total cost: -7.7844529201145125
singles alt: [(4, 0), (5, 1), (6, 0), (7, 1), (8, 0), (9, 1), (10, 0), (11, 1), (4, 2), (5, 3), (6, 2), (7, 3), (8, 2), (9, 3), (10, 2), (11, 3)]
length: 16 76
Estimated difference between T3^fnT3 - (T2^WT3 + h.c.) is: -1.6348818184210051e-06 2.6728385602035723e-12
total cost: -7.784452920102673
singles alt: [(4, 0), (5, 1), (6, 0), (7, 1), (8, 0), (9, 1), (10, 0), (11, 1), (4, 2), (5, 3), (6, 2), (7, 3), (8, 2), (9, 3), (10, 2), (11, 3)]
length: 16 76
Estimated difference between T3^fnT3 - (T2^WT3 + h.c.) is: -1.6348818190010709e-06 2.67283856210025e-12
total cost: -7.784452920102714
singles alt: [(4, 0), (5, 1), (6, 0), (7, 1), (8, 0), (9, 1), (10, 0), (11, 1), (4, 2), (5, 3), (6, 2), (7, 3), (8, 2), (9, 3), (10, 2), (11, 3)]
length: 16 76
Estimated difference between T3^fnT3 - (T2^WT3 + h.c.) is: -1.634881677019743e-06 2.672838097854887e-12
total cost: -7.784452920114503
singles alt: [(4, 0), (5, 1), (6, 0), (7, 1), (8, 0), (9, 1), (10, 0), (11, 1), (4, 2), (5, 3), (6, 2), (7, 3), (8, 2), (9, 3), (10, 2), (11, 3)]
length: 16 76
Estimated difference between T3^fnT3 - (T2^WT3 + h.c.) is: -1.6348822360778827e-06 2.672839925843018e-12
total cost: -7.784452920114524
singles alt: [(4, 0), (5, 1), (6, 0), (7, 1), (8, 0), (9, 1), (10, 0), (11, 1), (4, 2), (5, 3), (6, 2), (7, 3), (8, 2), (9, 3), (10, 2), (11, 3)]
length: 16 76
Estimated difference between T3^fnT3 - (T2^WT3 + h.c.) is: -1.6348819566838542e-06 2.6728390122904276e-12
total cost: -7.784452920114512
singles alt: [(4, 0), (5, 1), (6, 0), (7, 1), (8, 0), (9, 1), (10, 0), (11, 1), (4, 2), (5, 3), (6, 2), (7, 3), (8, 2), (9, 3), (10, 2), (11, 3)]
length: 16 76
Estimated difference between T3^fnT3 - (T2^WT3 + h.c.) is: -1.6348819566850173e-06 2.6728390122942307e-12
total cost: -7.78445292011451
singles alt: [(4, 0), (5, 1), (6, 0), (7, 1), (8, 0), (9, 1), (10, 0), (11, 1), (4, 2), (5, 3), (6, 2), (7, 3), (8, 2), (9, 3), (10, 2), (11, 3)]
length: 16 76
Estimated difference between T3^fnT3 - (T2^WT3 + h.c.) is: -1.634881956683661e-06 2.672839012289796e-12
total cost: -7.784452920114511
singles alt: [(4, 0), (5, 1), (6, 0), (7, 1), (8, 0), (9, 1), (10, 0), (11, 1), (4, 2), (5, 3), (6, 2), (7, 3), (8, 2), (9, 3), (10, 2), (11, 3)]
length: 16 76
Estimated difference between T3^fnT3 - (T2^WT3 + h.c.) is: -1.6348819566830383e-06 2.67283901228776e-12
total cost: -7.784452920114511
singles alt: [(4, 0), (5, 1), (6, 0), (7, 1), (8, 0), (9, 1), (10, 0), (11, 1), (4, 2), (5, 3), (6, 2), (7, 3), (8, 2), (9, 3), (10, 2), (11, 3)]
length: 16 76
Estimated difference between T3^fnT3 - (T2^WT3 + h.c.) is: -1.6348819566827386e-06 2.67283901228678e-12
total cost: -7.78445292011631
singles alt: [(4, 0), (5, 1), (6, 0), (7, 1), (8, 0), (9, 1), (10, 0), (11, 1), (4, 2), (5, 3), (6, 2), (7, 3), (8, 2), (9, 3), (10, 2), (11, 3)]
length: 16 76
Estimated difference between T3^fnT3 - (T2^WT3 + h.c.) is: -1.6348819566827386e-06 2.67283901228678e-12
total cost: -7.784452920116405
singles alt: [(4, 0), (5, 1), (6, 0), (7, 1), (8, 0), (9, 1), (10, 0), (11, 1), (4, 2), (5, 3), (6, 2), (7, 3), (8, 2), (9, 3), (10, 2), (11, 3)]
length: 16 76
Estimated difference between T3^fnT3 - (T2^WT3 + h.c.) is: -1.6348819566827386e-06 2.67283901228678e-12
total cost: -7.784452920114513
singles alt: [(4, 0), (5, 1), (6, 0), (7, 1), (8, 0), (9, 1), (10, 0), (11, 1), (4, 2), (5, 3), (6, 2), (7, 3), (8, 2), (9, 3), (10, 2), (11, 3)]
length: 16 76
Estimated difference between T3^fnT3 - (T2^WT3 + h.c.) is: -1.6348819566827386e-06 2.67283901228678e-12
total cost: -7.784452920114511
singles alt: [(4, 0), (5, 1), (6, 0), (7, 1), (8, 0), (9, 1), (10, 0), (11, 1), (4, 2), (5, 3), (6, 2), (7, 3), (8, 2), (9, 3), (10, 2), (11, 3)]
length: 16 76
Estimated difference between T3^fnT3 - (T2^WT3 + h.c.) is: -1.6348819566827386e-06 2.67283901228678e-12
total cost: -7.7844529201145125
singles alt: [(4, 0), (5, 1), (6, 0), (7, 1), (8, 0), (9, 1), (10, 0), (11, 1), (4, 2), (5, 3), (6, 2), (7, 3), (8, 2), (9, 3), (10, 2), (11, 3)]
length: 16 76
Estimated difference between T3^fnT3 - (T2^WT3 + h.c.) is: -1.6348819566827386e-06 2.67283901228678e-12
total cost: -7.784452920114514
singles alt: [(4, 0), (5, 1), (6, 0), (7, 1), (8, 0), (9, 1), (10, 0), (11, 1), (4, 2), (5, 3), (6, 2), (7, 3), (8, 2), (9, 3), (10, 2), (11, 3)]
length: 16 76
Estimated difference between T3^fnT3 - (T2^WT3 + h.c.) is: -1.6348819566827386e-06 2.67283901228678e-12
total cost: -7.784452920105703
singles alt: [(4, 0), (5, 1), (6, 0), (7, 1), (8, 0), (9, 1), (10, 0), (11, 1), (4, 2), (5, 3), (6, 2), (7, 3), (8, 2), (9, 3), (10, 2), (11, 3)]
length: 16 76
Estimated difference between T3^fnT3 - (T2^WT3 + h.c.) is: -1.6348819566827386e-06 2.67283901228678e-12
total cost: -7.7844529201057195
singles alt: [(4, 0), (5, 1), (6, 0), (7, 1), (8, 0), (9, 1), (10, 0), (11, 1), (4, 2), (5, 3), (6, 2), (7, 3), (8, 2), (9, 3), (10, 2), (11, 3)]
length: 16 76
Estimated difference between T3^fnT3 - (T2^WT3 + h.c.) is: -1.6348819566827386e-06 2.67283901228678e-12
total cost: -7.784452920109278
singles alt: [(4, 0), (5, 1), (6, 0), (7, 1), (8, 0), (9, 1), (10, 0), (11, 1), (4, 2), (5, 3), (6, 2), (7, 3), (8, 2), (9, 3), (10, 2), (11, 3)]
length: 16 76
Estimated difference between T3^fnT3 - (T2^WT3 + h.c.) is: -1.6348819566827386e-06 2.67283901228678e-12
total cost: -7.784452920109183
singles alt: [(4, 0), (5, 1), (6, 0), (7, 1), (8, 0), (9, 1), (10, 0), (11, 1), (4, 2), (5, 3), (6, 2), (7, 3), (8, 2), (9, 3), (10, 2), (11, 3)]
length: 16 76
Estimated difference between T3^fnT3 - (T2^WT3 + h.c.) is: -1.6348819566827386e-06 2.67283901228678e-12
total cost: -7.7844529201145125
singles alt: [(4, 0), (5, 1), (6, 0), (7, 1), (8, 0), (9, 1), (10, 0), (11, 1), (4, 2), (5, 3), (6, 2), (7, 3), (8, 2), (9, 3), (10, 2), (11, 3)]
length: 16 76
Estimated difference between T3^fnT3 - (T2^WT3 + h.c.) is: -1.6348819566827386e-06 2.67283901228678e-12
total cost: -7.7844529201145125
singles alt: [(4, 0), (5, 1), (6, 0), (7, 1), (8, 0), (9, 1), (10, 0), (11, 1), (4, 2), (5, 3), (6, 2), (7, 3), (8, 2), (9, 3), (10, 2), (11, 3)]
length: 16 76
Estimated difference between T3^fnT3 - (T2^WT3 + h.c.) is: -1.6348819566827386e-06 2.67283901228678e-12
total cost: -7.784452920114511
singles alt: [(4, 0), (5, 1), (6, 0), (7, 1), (8, 0), (9, 1), (10, 0), (11, 1), (4, 2), (5, 3), (6, 2), (7, 3), (8, 2), (9, 3), (10, 2), (11, 3)]
length: 16 76
Estimated difference between T3^fnT3 - (T2^WT3 + h.c.) is: -1.6348819566827386e-06 2.67283901228678e-12
total cost: -7.78445292011451
singles alt: [(4, 0), (5, 1), (6, 0), (7, 1), (8, 0), (9, 1), (10, 0), (11, 1), (4, 2), (5, 3), (6, 2), (7, 3), (8, 2), (9, 3), (10, 2), (11, 3)]
length: 16 76
Estimated difference between T3^fnT3 - (T2^WT3 + h.c.) is: -1.6348819566827386e-06 2.67283901228678e-12
total cost: -7.784452920111872
singles alt: [(4, 0), (5, 1), (6, 0), (7, 1), (8, 0), (9, 1), (10, 0), (11, 1), (4, 2), (5, 3), (6, 2), (7, 3), (8, 2), (9, 3), (10, 2), (11, 3)]
length: 16 76
Estimated difference between T3^fnT3 - (T2^WT3 + h.c.) is: -1.6348819566827386e-06 2.67283901228678e-12
total cost: -7.78445292011178
singles alt: [(4, 0), (5, 1), (6, 0), (7, 1), (8, 0), (9, 1), (10, 0), (11, 1), (4, 2), (5, 3), (6, 2), (7, 3), (8, 2), (9, 3), (10, 2), (11, 3)]
callback: energy=-7.784451285233
singles alt: [(4, 0), (5, 1), (6, 0), (7, 1), (8, 0), (9, 1), (10, 0), (11, 1), (4, 2), (5, 3), (6, 2), (7, 3), (8, 2), (9, 3), (10, 2), (11, 3)]
length: 16 76
Estimated difference between T3^fnT3 - (T2^WT3 + h.c.) is: -1.632840077304908e-06 2.666166718053098e-12
total cost: -7.784454905773431
singles alt: [(4, 0), (5, 1), (6, 0), (7, 1), (8, 0), (9, 1), (10, 0), (11, 1), (4, 2), (5, 3), (6, 2), (7, 3), (8, 2), (9, 3), (10, 2), (11, 3)]
length: 16 76
Estimated difference between T3^fnT3 - (T2^WT3 + h.c.) is: -1.6328404099631533e-06 2.6661678044086385e-12
total cost: -7.784454905783562
singles alt: [(4, 0), (5, 1), (6, 0), (7, 1), (8, 0), (9, 1), (10, 0), (11, 1), (4, 2), (5, 3), (6, 2), (7, 3), (8, 2), (9, 3), (10, 2), (11, 3)]
length: 16 76
Estimated difference between T3^fnT3 - (T2^WT3 + h.c.) is: -1.632840133013539e-06 2.666166899979672e-12
total cost: -7.784454905785426
singles alt: [(4, 0), (5, 1), (6, 0), (7, 1), (8, 0), (9, 1), (10, 0), (11, 1), (4, 2), (5, 3), (6, 2), (7, 3), (8, 2), (9, 3), (10, 2), (11, 3)]
length: 16 76
Estimated difference between T3^fnT3 - (T2^WT3 + h.c.) is: -1.6328401332844778e-06 2.666166900864471e-12
total cost: -7.784454905785314
singles alt: [(4, 0), (5, 1), (6, 0), (7, 1), (8, 0), (9, 1), (10, 0), (11, 1), (4, 2), (5, 3), (6, 2), (7, 3), (8, 2), (9, 3), (10, 2), (11, 3)]
length: 16 76
Estimated difference between T3^fnT3 - (T2^WT3 + h.c.) is: -1.6328401446442365e-06 2.666166937961811e-12
total cost: -7.78445490576231
singles alt: [(4, 0), (5, 1), (6, 0), (7, 1), (8, 0), (9, 1), (10, 0), (11, 1), (4, 2), (5, 3), (6, 2), (7, 3), (8, 2), (9, 3), (10, 2), (11, 3)]
length: 16 76
Estimated difference between T3^fnT3 - (T2^WT3 + h.c.) is: -1.6328400773046162e-06 2.666166718052145e-12
total cost: -7.7844549057734245
singles alt: [(4, 0), (5, 1), (6, 0), (7, 1), (8, 0), (9, 1), (10, 0), (11, 1), (4, 2), (5, 3), (6, 2), (7, 3), (8, 2), (9, 3), (10, 2), (11, 3)]
length: 16 76
Estimated difference between T3^fnT3 - (T2^WT3 + h.c.) is: -1.6328400773262069e-06 2.666166718122653e-12
total cost: -7.784454905773423
singles alt: [(4, 0), (5, 1), (6, 0), (7, 1), (8, 0), (9, 1), (10, 0), (11, 1), (4, 2), (5, 3), (6, 2), (7, 3), (8, 2), (9, 3), (10, 2), (11, 3)]
length: 16 76
Estimated difference between T3^fnT3 - (T2^WT3 + h.c.) is: -1.6328400773131492e-06 2.6661667180800112e-12
total cost: -7.7844549057734245
singles alt: [(4, 0), (5, 1), (6, 0), (7, 1), (8, 0), (9, 1), (10, 0), (11, 1), (4, 2), (5, 3), (6, 2), (7, 3), (8, 2), (9, 3), (10, 2), (11, 3)]
length: 16 76
Estimated difference between T3^fnT3 - (T2^WT3 + h.c.) is: -1.6328400773055966e-06 2.666166718055347e-12
total cost: -7.784454905773429
singles alt: [(4, 0), (5, 1), (6, 0), (7, 1), (8, 0), (9, 1), (10, 0), (11, 1), (4, 2), (5, 3), (6, 2), (7, 3), (8, 2), (9, 3), (10, 2), (11, 3)]
length: 16 76
Estimated difference between T3^fnT3 - (T2^WT3 + h.c.) is: -1.6328400773061226e-06 2.6661667180570646e-12
total cost: -7.784454905773422
singles alt: [(4, 0), (5, 1), (6, 0), (7, 1), (8, 0), (9, 1), (10, 0), (11, 1), (4, 2), (5, 3), (6, 2), (7, 3), (8, 2), (9, 3), (10, 2), (11, 3)]
length: 16 76
Estimated difference between T3^fnT3 - (T2^WT3 + h.c.) is: -1.6328400773215569e-06 2.6661667181074677e-12
total cost: -7.784454905773422
singles alt: [(4, 0), (5, 1), (6, 0), (7, 1), (8, 0), (9, 1), (10, 0), (11, 1), (4, 2), (5, 3), (6, 2), (7, 3), (8, 2), (9, 3), (10, 2), (11, 3)]
length: 16 76
Estimated difference between T3^fnT3 - (T2^WT3 + h.c.) is: -1.6328400773115445e-06 2.6661667180747707e-12
total cost: -7.784454905773429
singles alt: [(4, 0), (5, 1), (6, 0), (7, 1), (8, 0), (9, 1), (10, 0), (11, 1), (4, 2), (5, 3), (6, 2), (7, 3), (8, 2), (9, 3), (10, 2), (11, 3)]
length: 16 76
Estimated difference between T3^fnT3 - (T2^WT3 + h.c.) is: -1.6328400773052705e-06 2.6661667180542818e-12
total cost: -7.784454905773431
singles alt: [(4, 0), (5, 1), (6, 0), (7, 1), (8, 0), (9, 1), (10, 0), (11, 1), (4, 2), (5, 3), (6, 2), (7, 3), (8, 2), (9, 3), (10, 2), (11, 3)]
length: 16 76
Estimated difference between T3^fnT3 - (T2^WT3 + h.c.) is: -1.6328401395605063e-06 2.666166921359974e-12
total cost: -7.784454905779738
singles alt: [(4, 0), (5, 1), (6, 0), (7, 1), (8, 0), (9, 1), (10, 0), (11, 1), (4, 2), (5, 3), (6, 2), (7, 3), (8, 2), (9, 3), (10, 2), (11, 3)]
length: 16 76
Estimated difference between T3^fnT3 - (T2^WT3 + h.c.) is: -1.63283988280166e-06 2.6661660828677388e-12
total cost: -7.7844549057876975
singles alt: [(4, 0), (5, 1), (6, 0), (7, 1), (8, 0), (9, 1), (10, 0), (11, 1), (4, 2), (5, 3), (6, 2), (7, 3), (8, 2), (9, 3), (10, 2), (11, 3)]
length: 16 76
Estimated difference between T3^fnT3 - (T2^WT3 + h.c.) is: -1.6328400400343936e-06 2.66616659633952e-12
total cost: -7.784454905772715
singles alt: [(4, 0), (5, 1), (6, 0), (7, 1), (8, 0), (9, 1), (10, 0), (11, 1), (4, 2), (5, 3), (6, 2), (7, 3), (8, 2), (9, 3), (10, 2), (11, 3)]
length: 16 76
Estimated difference between T3^fnT3 - (T2^WT3 + h.c.) is: -1.6328399308710362e-06 2.6661662398469303e-12
total cost: -7.784454905768277
singles alt: [(4, 0), (5, 1), (6, 0), (7, 1), (8, 0), (9, 1), (10, 0), (11, 1), (4, 2), (5, 3), (6, 2), (7, 3), (8, 2), (9, 3), (10, 2), (11, 3)]
length: 16 76
Estimated difference between T3^fnT3 - (T2^WT3 + h.c.) is: -1.6328400773034608e-06 2.666166718048372e-12
total cost: -7.784454905773432
singles alt: [(4, 0), (5, 1), (6, 0), (7, 1), (8, 0), (9, 1), (10, 0), (11, 1), (4, 2), (5, 3), (6, 2), (7, 3), (8, 2), (9, 3), (10, 2), (11, 3)]
length: 16 76
Estimated difference between T3^fnT3 - (T2^WT3 + h.c.) is: -1.6328400772986264e-06 2.666166718032584e-12
total cost: -7.784454905773438
singles alt: [(4, 0), (5, 1), (6, 0), (7, 1), (8, 0), (9, 1), (10, 0), (11, 1), (4, 2), (5, 3), (6, 2), (7, 3), (8, 2), (9, 3), (10, 2), (11, 3)]
length: 16 76
Estimated difference between T3^fnT3 - (T2^WT3 + h.c.) is: -1.6328400773161147e-06 2.6661667180896955e-12
total cost: -7.7844549057734245
singles alt: [(4, 0), (5, 1), (6, 0), (7, 1), (8, 0), (9, 1), (10, 0), (11, 1), (4, 2), (5, 3), (6, 2), (7, 3), (8, 2), (9, 3), (10, 2), (11, 3)]
length: 16 76
Estimated difference between T3^fnT3 - (T2^WT3 + h.c.) is: -1.6328400773047225e-06 2.666166718052492e-12
total cost: -7.784454905773431
singles alt: [(4, 0), (5, 1), (6, 0), (7, 1), (8, 0), (9, 1), (10, 0), (11, 1), (4, 2), (5, 3), (6, 2), (7, 3), (8, 2), (9, 3), (10, 2), (11, 3)]
length: 16 76
Estimated difference between T3^fnT3 - (T2^WT3 + h.c.) is: -1.63284027896332e-06 2.666167376605013e-12
total cost: -7.784454905763675
singles alt: [(4, 0), (5, 1), (6, 0), (7, 1), (8, 0), (9, 1), (10, 0), (11, 1), (4, 2), (5, 3), (6, 2), (7, 3), (8, 2), (9, 3), (10, 2), (11, 3)]
length: 16 76
Estimated difference between T3^fnT3 - (T2^WT3 + h.c.) is: -1.632840411019684e-06 2.6661678078589304e-12
total cost: -7.784454905781976
singles alt: [(4, 0), (5, 1), (6, 0), (7, 1), (8, 0), (9, 1), (10, 0), (11, 1), (4, 2), (5, 3), (6, 2), (7, 3), (8, 2), (9, 3), (10, 2), (11, 3)]
length: 16 76
Estimated difference between T3^fnT3 - (T2^WT3 + h.c.) is: -1.632840308981022e-06 2.66616747463324e-12
total cost: -7.7844549057821695
singles alt: [(4, 0), (5, 1), (6, 0), (7, 1), (8, 0), (9, 1), (10, 0), (11, 1), (4, 2), (5, 3), (6, 2), (7, 3), (8, 2), (9, 3), (10, 2), (11, 3)]
length: 16 76
Estimated difference between T3^fnT3 - (T2^WT3 + h.c.) is: -1.6328402591879936e-06 2.666167312025114e-12
total cost: -7.784454905767732
singles alt: [(4, 0), (5, 1), (6, 0), (7, 1), (8, 0), (9, 1), (10, 0), (11, 1), (4, 2), (5, 3), (6, 2), (7, 3), (8, 2), (9, 3), (10, 2), (11, 3)]
length: 16 76
Estimated difference between T3^fnT3 - (T2^WT3 + h.c.) is: -1.6328400985875597e-06 2.6661667875554315e-12
total cost: -7.784454905773419
singles alt: [(4, 0), (5, 1), (6, 0), (7, 1), (8, 0), (9, 1), (10, 0), (11, 1), (4, 2), (5, 3), (6, 2), (7, 3), (8, 2), (9, 3), (10, 2), (11, 3)]
length: 16 76
Estimated difference between T3^fnT3 - (T2^WT3 + h.c.) is: -1.6328402038310288e-06 2.6661671312469557e-12
total cost: -7.784454905773417
singles alt: [(4, 0), (5, 1), (6, 0), (7, 1), (8, 0), (9, 1), (10, 0), (11, 1), (4, 2), (5, 3), (6, 2), (7, 3), (8, 2), (9, 3), (10, 2), (11, 3)]
length: 16 76
Estimated difference between T3^fnT3 - (T2^WT3 + h.c.) is: -1.6328402037636333e-06 2.6661671310268635e-12
total cost: -7.78445490577342
singles alt: [(4, 0), (5, 1), (6, 0), (7, 1), (8, 0), (9, 1), (10, 0), (11, 1), (4, 2), (5, 3), (6, 2), (7, 3), (8, 2), (9, 3), (10, 2), (11, 3)]
length: 16 76
Estimated difference between T3^fnT3 - (T2^WT3 + h.c.) is: -1.6328400961117978e-06 2.6661667794703852e-12
total cost: -7.784454905773427
singles alt: [(4, 0), (5, 1), (6, 0), (7, 1), (8, 0), (9, 1), (10, 0), (11, 1), (4, 2), (5, 3), (6, 2), (7, 3), (8, 2), (9, 3), (10, 2), (11, 3)]
length: 16 76
Estimated difference between T3^fnT3 - (T2^WT3 + h.c.) is: -1.6328400773012666e-06 2.6661667180412064e-12
total cost: -7.78445490577355
singles alt: [(4, 0), (5, 1), (6, 0), (7, 1), (8, 0), (9, 1), (10, 0), (11, 1), (4, 2), (5, 3), (6, 2), (7, 3), (8, 2), (9, 3), (10, 2), (11, 3)]
length: 16 76
Estimated difference between T3^fnT3 - (T2^WT3 + h.c.) is: -1.6328400773054975e-06 2.6661667180550233e-12
total cost: -7.784454905773418
singles alt: [(4, 0), (5, 1), (6, 0), (7, 1), (8, 0), (9, 1), (10, 0), (11, 1), (4, 2), (5, 3), (6, 2), (7, 3), (8, 2), (9, 3), (10, 2), (11, 3)]
length: 16 76
Estimated difference between T3^fnT3 - (T2^WT3 + h.c.) is: -1.632840077309725e-06 2.666166718068829e-12
total cost: -7.784454905773419
singles alt: [(4, 0), (5, 1), (6, 0), (7, 1), (8, 0), (9, 1), (10, 0), (11, 1), (4, 2), (5, 3), (6, 2), (7, 3), (8, 2), (9, 3), (10, 2), (11, 3)]
length: 16 76
Estimated difference between T3^fnT3 - (T2^WT3 + h.c.) is: -1.632840077304974e-06 2.6661667180533137e-12
total cost: -7.78445490577343
singles alt: [(4, 0), (5, 1), (6, 0), (7, 1), (8, 0), (9, 1), (10, 0), (11, 1), (4, 2), (5, 3), (6, 2), (7, 3), (8, 2), (9, 3), (10, 2), (11, 3)]
length: 16 76
Estimated difference between T3^fnT3 - (T2^WT3 + h.c.) is: -1.6328400773124042e-06 2.666166718077578e-12
total cost: -7.784454905773399
singles alt: [(4, 0), (5, 1), (6, 0), (7, 1), (8, 0), (9, 1), (10, 0), (11, 1), (4, 2), (5, 3), (6, 2), (7, 3), (8, 2), (9, 3), (10, 2), (11, 3)]
length: 16 76
Estimated difference between T3^fnT3 - (T2^WT3 + h.c.) is: -1.6328400773083427e-06 2.6661667180643146e-12
total cost: -7.784454905773429
singles alt: [(4, 0), (5, 1), (6, 0), (7, 1), (8, 0), (9, 1), (10, 0), (11, 1), (4, 2), (5, 3), (6, 2), (7, 3), (8, 2), (9, 3), (10, 2), (11, 3)]
length: 16 76
Estimated difference between T3^fnT3 - (T2^WT3 + h.c.) is: -1.632840077321351e-06 2.6661667181067956e-12
total cost: -7.784454905773425
singles alt: [(4, 0), (5, 1), (6, 0), (7, 1), (8, 0), (9, 1), (10, 0), (11, 1), (4, 2), (5, 3), (6, 2), (7, 3), (8, 2), (9, 3), (10, 2), (11, 3)]
length: 16 76
Estimated difference between T3^fnT3 - (T2^WT3 + h.c.) is: -1.632840077305238e-06 2.666166718054175e-12
total cost: -7.78445490577343
singles alt: [(4, 0), (5, 1), (6, 0), (7, 1), (8, 0), (9, 1), (10, 0), (11, 1), (4, 2), (5, 3), (6, 2), (7, 3), (8, 2), (9, 3), (10, 2), (11, 3)]
length: 16 76
Estimated difference between T3^fnT3 - (T2^WT3 + h.c.) is: -1.6328400985870506e-06 2.666166787553769e-12
total cost: -7.784454905773424
singles alt: [(4, 0), (5, 1), (6, 0), (7, 1), (8, 0), (9, 1), (10, 0), (11, 1), (4, 2), (5, 3), (6, 2), (7, 3), (8, 2), (9, 3), (10, 2), (11, 3)]
length: 16 76
Estimated difference between T3^fnT3 - (T2^WT3 + h.c.) is: -1.632840203850234e-06 2.6661671313096736e-12
total cost: -7.7844549057734005
singles alt: [(4, 0), (5, 1), (6, 0), (7, 1), (8, 0), (9, 1), (10, 0), (11, 1), (4, 2), (5, 3), (6, 2), (7, 3), (8, 2), (9, 3), (10, 2), (11, 3)]
length: 16 76
Estimated difference between T3^fnT3 - (T2^WT3 + h.c.) is: -1.6328402037669366e-06 2.6661671310376508e-12
total cost: -7.784454905773412
singles alt: [(4, 0), (5, 1), (6, 0), (7, 1), (8, 0), (9, 1), (10, 0), (11, 1), (4, 2), (5, 3), (6, 2), (7, 3), (8, 2), (9, 3), (10, 2), (11, 3)]
length: 16 76
Estimated difference between T3^fnT3 - (T2^WT3 + h.c.) is: -1.6328400961124373e-06 2.6661667794724734e-12
total cost: -7.784454905773429
singles alt: [(4, 0), (5, 1), (6, 0), (7, 1), (8, 0), (9, 1), (10, 0), (11, 1), (4, 2), (5, 3), (6, 2), (7, 3), (8, 2), (9, 3), (10, 2), (11, 3)]
length: 16 76
Estimated difference between T3^fnT3 - (T2^WT3 + h.c.) is: -1.6328402790128806e-06 2.6661673767668617e-12
total cost: -7.78445490576365
singles alt: [(4, 0), (5, 1), (6, 0), (7, 1), (8, 0), (9, 1), (10, 0), (11, 1), (4, 2), (5, 3), (6, 2), (7, 3), (8, 2), (9, 3), (10, 2), (11, 3)]
length: 16 76
Estimated difference between T3^fnT3 - (T2^WT3 + h.c.) is: -1.6328403096172895e-06 2.666167476711086e-12
total cost: -7.784454905781753
singles alt: [(4, 0), (5, 1), (6, 0), (7, 1), (8, 0), (9, 1), (10, 0), (11, 1), (4, 2), (5, 3), (6, 2), (7, 3), (8, 2), (9, 3), (10, 2), (11, 3)]
length: 16 76
Estimated difference between T3^fnT3 - (T2^WT3 + h.c.) is: -1.6328404118957331e-06 2.6661678107198274e-12
total cost: -7.784454905781566
singles alt: [(4, 0), (5, 1), (6, 0), (7, 1), (8, 0), (9, 1), (10, 0), (11, 1), (4, 2), (5, 3), (6, 2), (7, 3), (8, 2), (9, 3), (10, 2), (11, 3)]
length: 16 76
Estimated difference between T3^fnT3 - (T2^WT3 + h.c.) is: -1.6328402592894637e-06 2.6661673123564828e-12
total cost: -7.784454905767766
singles alt: [(4, 0), (5, 1), (6, 0), (7, 1), (8, 0), (9, 1), (10, 0), (11, 1), (4, 2), (5, 3), (6, 2), (7, 3), (8, 2), (9, 3), (10, 2), (11, 3)]
length: 16 76
Estimated difference between T3^fnT3 - (T2^WT3 + h.c.) is: -1.6328400773032165e-06 2.666166718047574e-12
total cost: -7.784454905773549
singles alt: [(4, 0), (5, 1), (6, 0), (7, 1), (8, 0), (9, 1), (10, 0), (11, 1), (4, 2), (5, 3), (6, 2), (7, 3), (8, 2), (9, 3), (10, 2), (11, 3)]
length: 16 76
Estimated difference between T3^fnT3 - (T2^WT3 + h.c.) is: -1.6328400773057728e-06 2.666166718055922e-12
total cost: -7.784454905773424
singles alt: [(4, 0), (5, 1), (6, 0), (7, 1), (8, 0), (9, 1), (10, 0), (11, 1), (4, 2), (5, 3), (6, 2), (7, 3), (8, 2), (9, 3), (10, 2), (11, 3)]
length: 16 76
Estimated difference between T3^fnT3 - (T2^WT3 + h.c.) is: -1.6328400773101206e-06 2.6661667180701206e-12
total cost: -7.784454905773421
singles alt: [(4, 0), (5, 1), (6, 0), (7, 1), (8, 0), (9, 1), (10, 0), (11, 1), (4, 2), (5, 3), (6, 2), (7, 3), (8, 2), (9, 3), (10, 2), (11, 3)]
length: 16 76
Estimated difference between T3^fnT3 - (T2^WT3 + h.c.) is: -1.6328400773036283e-06 2.666166718048919e-12
total cost: -7.784454905773433
singles alt: [(4, 0), (5, 1), (6, 0), (7, 1), (8, 0), (9, 1), (10, 0), (11, 1), (4, 2), (5, 3), (6, 2), (7, 3), (8, 2), (9, 3), (10, 2), (11, 3)]
length: 16 76
Estimated difference between T3^fnT3 - (T2^WT3 + h.c.) is: -1.632840139489144e-06 2.6661669211269275e-12
total cost: -7.784454905780192
singles alt: [(4, 0), (5, 1), (6, 0), (7, 1), (8, 0), (9, 1), (10, 0), (11, 1), (4, 2), (5, 3), (6, 2), (7, 3), (8, 2), (9, 3), (10, 2), (11, 3)]
length: 16 76
Estimated difference between T3^fnT3 - (T2^WT3 + h.c.) is: -1.6328400399142128e-06 2.666166595947048e-12
total cost: -7.784454905772572
singles alt: [(4, 0), (5, 1), (6, 0), (7, 1), (8, 0), (9, 1), (10, 0), (11, 1), (4, 2), (5, 3), (6, 2), (7, 3), (8, 2), (9, 3), (10, 2), (11, 3)]
length: 16 76
Estimated difference between T3^fnT3 - (T2^WT3 + h.c.) is: -1.6328398831031426e-06 2.6661660838522845e-12
total cost: -7.784454905785729
singles alt: [(4, 0), (5, 1), (6, 0), (7, 1), (8, 0), (9, 1), (10, 0), (11, 1), (4, 2), (5, 3), (6, 2), (7, 3), (8, 2), (9, 3), (10, 2), (11, 3)]
length: 16 76
Estimated difference between T3^fnT3 - (T2^WT3 + h.c.) is: -1.6328399305278164e-06 2.666166238726084e-12
total cost: -7.784454905768595
singles alt: [(4, 0), (5, 1), (6, 0), (7, 1), (8, 0), (9, 1), (10, 0), (11, 1), (4, 2), (5, 3), (6, 2), (7, 3), (8, 2), (9, 3), (10, 2), (11, 3)]
length: 16 76
Estimated difference between T3^fnT3 - (T2^WT3 + h.c.) is: -1.6328400773008609e-06 2.6661667180398813e-12
total cost: -7.784454905773641
singles alt: [(4, 0), (5, 1), (6, 0), (7, 1), (8, 0), (9, 1), (10, 0), (11, 1), (4, 2), (5, 3), (6, 2), (7, 3), (8, 2), (9, 3), (10, 2), (11, 3)]
length: 16 76
Estimated difference between T3^fnT3 - (T2^WT3 + h.c.) is: -1.6328400773154866e-06 2.666166718087644e-12
total cost: -7.784454905773404
singles alt: [(4, 0), (5, 1), (6, 0), (7, 1), (8, 0), (9, 1), (10, 0), (11, 1), (4, 2), (5, 3), (6, 2), (7, 3), (8, 2), (9, 3), (10, 2), (11, 3)]
length: 16 76
Estimated difference between T3^fnT3 - (T2^WT3 + h.c.) is: -1.6328400773060869e-06 2.6661667180569475e-12
total cost: -7.784454905773417
singles alt: [(4, 0), (5, 1), (6, 0), (7, 1), (8, 0), (9, 1), (10, 0), (11, 1), (4, 2), (5, 3), (6, 2), (7, 3), (8, 2), (9, 3), (10, 2), (11, 3)]
length: 16 76
Estimated difference between T3^fnT3 - (T2^WT3 + h.c.) is: -1.6328400773043515e-06 2.6661667180512804e-12
total cost: -7.78445490577343
singles alt: [(4, 0), (5, 1), (6, 0), (7, 1), (8, 0), (9, 1), (10, 0), (11, 1), (4, 2), (5, 3), (6, 2), (7, 3), (8, 2), (9, 3), (10, 2), (11, 3)]
length: 16 76
Estimated difference between T3^fnT3 - (T2^WT3 + h.c.) is: -1.6328400773009536e-06 2.666166718040184e-12
total cost: -7.784454905773569
singles alt: [(4, 0), (5, 1), (6, 0), (7, 1), (8, 0), (9, 1), (10, 0), (11, 1), (4, 2), (5, 3), (6, 2), (7, 3), (8, 2), (9, 3), (10, 2), (11, 3)]
length: 16 76
Estimated difference between T3^fnT3 - (T2^WT3 + h.c.) is: -1.632840077309753e-06 2.6661667180689202e-12
total cost: -7.784454905773422
singles alt: [(4, 0), (5, 1), (6, 0), (7, 1), (8, 0), (9, 1), (10, 0), (11, 1), (4, 2), (5, 3), (6, 2), (7, 3), (8, 2), (9, 3), (10, 2), (11, 3)]
length: 16 76
Estimated difference between T3^fnT3 - (T2^WT3 + h.c.) is: -1.6328400773028751e-06 2.666166718046459e-12
total cost: -7.784454905773421
singles alt: [(4, 0), (5, 1), (6, 0), (7, 1), (8, 0), (9, 1), (10, 0), (11, 1), (4, 2), (5, 3), (6, 2), (7, 3), (8, 2), (9, 3), (10, 2), (11, 3)]
length: 16 76
Estimated difference between T3^fnT3 - (T2^WT3 + h.c.) is: -1.6328400773049605e-06 2.6661667180532696e-12
total cost: -7.784454905773429
singles alt: [(4, 0), (5, 1), (6, 0), (7, 1), (8, 0), (9, 1), (10, 0), (11, 1), (4, 2), (5, 3), (6, 2), (7, 3), (8, 2), (9, 3), (10, 2), (11, 3)]
length: 16 76
Estimated difference between T3^fnT3 - (T2^WT3 + h.c.) is: -1.6328402614980686e-06 2.666167319569081e-12
total cost: -7.784454905763474
singles alt: [(4, 0), (5, 1), (6, 0), (7, 1), (8, 0), (9, 1), (10, 0), (11, 1), (4, 2), (5, 3), (6, 2), (7, 3), (8, 2), (9, 3), (10, 2), (11, 3)]
length: 16 76
Estimated difference between T3^fnT3 - (T2^WT3 + h.c.) is: -1.6328401060881391e-06 2.6661668120499256e-12
total cost: -7.784454905776416
singles alt: [(4, 0), (5, 1), (6, 0), (7, 1), (8, 0), (9, 1), (10, 0), (11, 1), (4, 2), (5, 3), (6, 2), (7, 3), (8, 2), (9, 3), (10, 2), (11, 3)]
length: 16 76
Estimated difference between T3^fnT3 - (T2^WT3 + h.c.) is: -1.6328401060338617e-06 2.6661668118726727e-12
total cost: -7.784454905776402
singles alt: [(4, 0), (5, 1), (6, 0), (7, 1), (8, 0), (9, 1), (10, 0), (11, 1), (4, 2), (5, 3), (6, 2), (7, 3), (8, 2), (9, 3), (10, 2), (11, 3)]
length: 16 76
Estimated difference between T3^fnT3 - (T2^WT3 + h.c.) is: -1.6328402094527564e-06 2.6661671496057213e-12
total cost: -7.7844549057759
singles alt: [(4, 0), (5, 1), (6, 0), (7, 1), (8, 0), (9, 1), (10, 0), (11, 1), (4, 2), (5, 3), (6, 2), (7, 3), (8, 2), (9, 3), (10, 2), (11, 3)]
length: 16 76
Estimated difference between T3^fnT3 - (T2^WT3 + h.c.) is: -1.632840077311262e-06 2.666166718073848e-12
total cost: -7.784454905773429
singles alt: [(4, 0), (5, 1), (6, 0), (7, 1), (8, 0), (9, 1), (10, 0), (11, 1), (4, 2), (5, 3), (6, 2), (7, 3), (8, 2), (9, 3), (10, 2), (11, 3)]
length: 16 76
Estimated difference between T3^fnT3 - (T2^WT3 + h.c.) is: -1.63284007731394e-06 2.6661667180825933e-12
total cost: -7.784454905773426
singles alt: [(4, 0), (5, 1), (6, 0), (7, 1), (8, 0), (9, 1), (10, 0), (11, 1), (4, 2), (5, 3), (6, 2), (7, 3), (8, 2), (9, 3), (10, 2), (11, 3)]
length: 16 76
Estimated difference between T3^fnT3 - (T2^WT3 + h.c.) is: -1.6328400773257833e-06 2.66616671812127e-12
total cost: -7.784454905773419
singles alt: [(4, 0), (5, 1), (6, 0), (7, 1), (8, 0), (9, 1), (10, 0), (11, 1), (4, 2), (5, 3), (6, 2), (7, 3), (8, 2), (9, 3), (10, 2), (11, 3)]
length: 16 76
Estimated difference between T3^fnT3 - (T2^WT3 + h.c.) is: -1.632840077315468e-06 2.6661667180875835e-12
total cost: -7.784454905773428
singles alt: [(4, 0), (5, 1), (6, 0), (7, 1), (8, 0), (9, 1), (10, 0), (11, 1), (4, 2), (5, 3), (6, 2), (7, 3), (8, 2), (9, 3), (10, 2), (11, 3)]
length: 16 76
Estimated difference between T3^fnT3 - (T2^WT3 + h.c.) is: -1.6328399265091687e-06 2.6661662256024674e-12
total cost: -7.784454905784436
singles alt: [(4, 0), (5, 1), (6, 0), (7, 1), (8, 0), (9, 1), (10, 0), (11, 1), (4, 2), (5, 3), (6, 2), (7, 3), (8, 2), (9, 3), (10, 2), (11, 3)]
length: 16 76
Estimated difference between T3^fnT3 - (T2^WT3 + h.c.) is: -1.6328399263490712e-06 2.6661662250796403e-12
total cost: -7.78445490578407
singles alt: [(4, 0), (5, 1), (6, 0), (7, 1), (8, 0), (9, 1), (10, 0), (11, 1), (4, 2), (5, 3), (6, 2), (7, 3), (8, 2), (9, 3), (10, 2), (11, 3)]
length: 16 76
Estimated difference between T3^fnT3 - (T2^WT3 + h.c.) is: -1.6328397974187378e-06 2.666165804034465e-12
total cost: -7.784454905773413
singles alt: [(4, 0), (5, 1), (6, 0), (7, 1), (8, 0), (9, 1), (10, 0), (11, 1), (4, 2), (5, 3), (6, 2), (7, 3), (8, 2), (9, 3), (10, 2), (11, 3)]
length: 16 76
Estimated difference between T3^fnT3 - (T2^WT3 + h.c.) is: -1.6328403568344508e-06 2.6661676309072566e-12
total cost: -7.7844549057734325
singles alt: [(4, 0), (5, 1), (6, 0), (7, 1), (8, 0), (9, 1), (10, 0), (11, 1), (4, 2), (5, 3), (6, 2), (7, 3), (8, 2), (9, 3), (10, 2), (11, 3)]
length: 16 76
Estimated difference between T3^fnT3 - (T2^WT3 + h.c.) is: -1.6328400773040065e-06 2.666166718050154e-12
total cost: -7.784454905773426
singles alt: [(4, 0), (5, 1), (6, 0), (7, 1), (8, 0), (9, 1), (10, 0), (11, 1), (4, 2), (5, 3), (6, 2), (7, 3), (8, 2), (9, 3), (10, 2), (11, 3)]
length: 16 76
Estimated difference between T3^fnT3 - (T2^WT3 + h.c.) is: -1.6328400772998533e-06 2.666166718036591e-12
total cost: -7.784454905773428
singles alt: [(4, 0), (5, 1), (6, 0), (7, 1), (8, 0), (9, 1), (10, 0), (11, 1), (4, 2), (5, 3), (6, 2), (7, 3), (8, 2), (9, 3), (10, 2), (11, 3)]
length: 16 76
Estimated difference between T3^fnT3 - (T2^WT3 + h.c.) is: -1.6328400772981821e-06 2.6661667180311333e-12
total cost: -7.784454905773433
singles alt: [(4, 0), (5, 1), (6, 0), (7, 1), (8, 0), (9, 1), (10, 0), (11, 1), (4, 2), (5, 3), (6, 2), (7, 3), (8, 2), (9, 3), (10, 2), (11, 3)]
length: 16 76
Estimated difference between T3^fnT3 - (T2^WT3 + h.c.) is: -1.6328400773013276e-06 2.6661667180414056e-12
total cost: -7.784454905773433
singles alt: [(4, 0), (5, 1), (6, 0), (7, 1), (8, 0), (9, 1), (10, 0), (11, 1), (4, 2), (5, 3), (6, 2), (7, 3), (8, 2), (9, 3), (10, 2), (11, 3)]
length: 16 76
Estimated difference between T3^fnT3 - (T2^WT3 + h.c.) is: -1.632840077304908e-06 2.666166718053098e-12
total cost: -7.784454905748088
singles alt: [(4, 0), (5, 1), (6, 0), (7, 1), (8, 0), (9, 1), (10, 0), (11, 1), (4, 2), (5, 3), (6, 2), (7, 3), (8, 2), (9, 3), (10, 2), (11, 3)]
length: 16 76
Estimated difference between T3^fnT3 - (T2^WT3 + h.c.) is: -1.632840077304908e-06 2.666166718053098e-12
total cost: -7.784454905747812
singles alt: [(4, 0), (5, 1), (6, 0), (7, 1), (8, 0), (9, 1), (10, 0), (11, 1), (4, 2), (5, 3), (6, 2), (7, 3), (8, 2), (9, 3), (10, 2), (11, 3)]
length: 16 76
Estimated difference between T3^fnT3 - (T2^WT3 + h.c.) is: -1.632840077304908e-06 2.666166718053098e-12
total cost: -7.784454905773418
singles alt: [(4, 0), (5, 1), (6, 0), (7, 1), (8, 0), (9, 1), (10, 0), (11, 1), (4, 2), (5, 3), (6, 2), (7, 3), (8, 2), (9, 3), (10, 2), (11, 3)]
length: 16 76
Estimated difference between T3^fnT3 - (T2^WT3 + h.c.) is: -1.632840077304908e-06 2.666166718053098e-12
total cost: -7.784454905773423
singles alt: [(4, 0), (5, 1), (6, 0), (7, 1), (8, 0), (9, 1), (10, 0), (11, 1), (4, 2), (5, 3), (6, 2), (7, 3), (8, 2), (9, 3), (10, 2), (11, 3)]
length: 16 76
Estimated difference between T3^fnT3 - (T2^WT3 + h.c.) is: -1.632840077304908e-06 2.666166718053098e-12
total cost: -7.784454905773423
singles alt: [(4, 0), (5, 1), (6, 0), (7, 1), (8, 0), (9, 1), (10, 0), (11, 1), (4, 2), (5, 3), (6, 2), (7, 3), (8, 2), (9, 3), (10, 2), (11, 3)]
length: 16 76
Estimated difference between T3^fnT3 - (T2^WT3 + h.c.) is: -1.632840077304908e-06 2.666166718053098e-12
total cost: -7.784454905773417
singles alt: [(4, 0), (5, 1), (6, 0), (7, 1), (8, 0), (9, 1), (10, 0), (11, 1), (4, 2), (5, 3), (6, 2), (7, 3), (8, 2), (9, 3), (10, 2), (11, 3)]
length: 16 76
Estimated difference between T3^fnT3 - (T2^WT3 + h.c.) is: -1.632840077304908e-06 2.666166718053098e-12
total cost: -7.784454905788729
singles alt: [(4, 0), (5, 1), (6, 0), (7, 1), (8, 0), (9, 1), (10, 0), (11, 1), (4, 2), (5, 3), (6, 2), (7, 3), (8, 2), (9, 3), (10, 2), (11, 3)]
length: 16 76
Estimated difference between T3^fnT3 - (T2^WT3 + h.c.) is: -1.632840077304908e-06 2.666166718053098e-12
total cost: -7.784454905788695
singles alt: [(4, 0), (5, 1), (6, 0), (7, 1), (8, 0), (9, 1), (10, 0), (11, 1), (4, 2), (5, 3), (6, 2), (7, 3), (8, 2), (9, 3), (10, 2), (11, 3)]
length: 16 76
Estimated difference between T3^fnT3 - (T2^WT3 + h.c.) is: -1.632840077304908e-06 2.666166718053098e-12
total cost: -7.784454905773811
singles alt: [(4, 0), (5, 1), (6, 0), (7, 1), (8, 0), (9, 1), (10, 0), (11, 1), (4, 2), (5, 3), (6, 2), (7, 3), (8, 2), (9, 3), (10, 2), (11, 3)]
length: 16 76
Estimated difference between T3^fnT3 - (T2^WT3 + h.c.) is: -1.632840077304908e-06 2.666166718053098e-12
total cost: -7.784454905773878
singles alt: [(4, 0), (5, 1), (6, 0), (7, 1), (8, 0), (9, 1), (10, 0), (11, 1), (4, 2), (5, 3), (6, 2), (7, 3), (8, 2), (9, 3), (10, 2), (11, 3)]
length: 16 76
Estimated difference between T3^fnT3 - (T2^WT3 + h.c.) is: -1.632840077304908e-06 2.666166718053098e-12
total cost: -7.784454905773431
singles alt: [(4, 0), (5, 1), (6, 0), (7, 1), (8, 0), (9, 1), (10, 0), (11, 1), (4, 2), (5, 3), (6, 2), (7, 3), (8, 2), (9, 3), (10, 2), (11, 3)]
length: 16 76
Estimated difference between T3^fnT3 - (T2^WT3 + h.c.) is: -1.632840077304908e-06 2.666166718053098e-12
total cost: -7.7844549057734325
singles alt: [(4, 0), (5, 1), (6, 0), (7, 1), (8, 0), (9, 1), (10, 0), (11, 1), (4, 2), (5, 3), (6, 2), (7, 3), (8, 2), (9, 3), (10, 2), (11, 3)]
length: 16 76
Estimated difference between T3^fnT3 - (T2^WT3 + h.c.) is: -1.632840077304908e-06 2.666166718053098e-12
total cost: -7.784454905773432
singles alt: [(4, 0), (5, 1), (6, 0), (7, 1), (8, 0), (9, 1), (10, 0), (11, 1), (4, 2), (5, 3), (6, 2), (7, 3), (8, 2), (9, 3), (10, 2), (11, 3)]
length: 16 76
Estimated difference between T3^fnT3 - (T2^WT3 + h.c.) is: -1.632840077304908e-06 2.666166718053098e-12
total cost: -7.784454905773429
singles alt: [(4, 0), (5, 1), (6, 0), (7, 1), (8, 0), (9, 1), (10, 0), (11, 1), (4, 2), (5, 3), (6, 2), (7, 3), (8, 2), (9, 3), (10, 2), (11, 3)]
length: 16 76
Estimated difference between T3^fnT3 - (T2^WT3 + h.c.) is: -1.632840077304908e-06 2.666166718053098e-12
total cost: -7.784454905773768
singles alt: [(4, 0), (5, 1), (6, 0), (7, 1), (8, 0), (9, 1), (10, 0), (11, 1), (4, 2), (5, 3), (6, 2), (7, 3), (8, 2), (9, 3), (10, 2), (11, 3)]
length: 16 76
Estimated difference between T3^fnT3 - (T2^WT3 + h.c.) is: -1.632840077304908e-06 2.666166718053098e-12
total cost: -7.7844549057738
singles alt: [(4, 0), (5, 1), (6, 0), (7, 1), (8, 0), (9, 1), (10, 0), (11, 1), (4, 2), (5, 3), (6, 2), (7, 3), (8, 2), (9, 3), (10, 2), (11, 3)]
callback: energy=-7.784453272933
singles alt: [(4, 0), (5, 1), (6, 0), (7, 1), (8, 0), (9, 1), (10, 0), (11, 1), (4, 2), (5, 3), (6, 2), (7, 3), (8, 2), (9, 3), (10, 2), (11, 3)]
length: 16 76
Estimated difference between T3^fnT3 - (T2^WT3 + h.c.) is: -1.6320764090816068e-06 2.6636734050807126e-12
total cost: -7.7844556310760336
singles alt: [(4, 0), (5, 1), (6, 0), (7, 1), (8, 0), (9, 1), (10, 0), (11, 1), (4, 2), (5, 3), (6, 2), (7, 3), (8, 2), (9, 3), (10, 2), (11, 3)]
length: 16 76
Estimated difference between T3^fnT3 - (T2^WT3 + h.c.) is: -1.6320767385040023e-06 2.6636744803658615e-12
total cost: -7.784455631093162
singles alt: [(4, 0), (5, 1), (6, 0), (7, 1), (8, 0), (9, 1), (10, 0), (11, 1), (4, 2), (5, 3), (6, 2), (7, 3), (8, 2), (9, 3), (10, 2), (11, 3)]
length: 16 76
Estimated difference between T3^fnT3 - (T2^WT3 + h.c.) is: -1.6320764930295722e-06 2.6636736790997072e-12
total cost: -7.7844556310665665
singles alt: [(4, 0), (5, 1), (6, 0), (7, 1), (8, 0), (9, 1), (10, 0), (11, 1), (4, 2), (5, 3), (6, 2), (7, 3), (8, 2), (9, 3), (10, 2), (11, 3)]
length: 16 76
Estimated difference between T3^fnT3 - (T2^WT3 + h.c.) is: -1.6320764927950464e-06 2.663673678334179e-12
total cost: -7.78445563106667
singles alt: [(4, 0), (5, 1), (6, 0), (7, 1), (8, 0), (9, 1), (10, 0), (11, 1), (4, 2), (5, 3), (6, 2), (7, 3), (8, 2), (9, 3), (10, 2), (11, 3)]
length: 16 76
Estimated difference between T3^fnT3 - (T2^WT3 + h.c.) is: -1.632076476205732e-06 2.6636736241841194e-12
total cost: -7.784455631062028
singles alt: [(4, 0), (5, 1), (6, 0), (7, 1), (8, 0), (9, 1), (10, 0), (11, 1), (4, 2), (5, 3), (6, 2), (7, 3), (8, 2), (9, 3), (10, 2), (11, 3)]
length: 16 76
Estimated difference between T3^fnT3 - (T2^WT3 + h.c.) is: -1.632076409083311e-06 2.6636734050862755e-12
total cost: -7.784455631076062
singles alt: [(4, 0), (5, 1), (6, 0), (7, 1), (8, 0), (9, 1), (10, 0), (11, 1), (4, 2), (5, 3), (6, 2), (7, 3), (8, 2), (9, 3), (10, 2), (11, 3)]
length: 16 76
Estimated difference between T3^fnT3 - (T2^WT3 + h.c.) is: -1.6320764090665644e-06 2.6636734050316117e-12
total cost: -7.784455631076035
singles alt: [(4, 0), (5, 1), (6, 0), (7, 1), (8, 0), (9, 1), (10, 0), (11, 1), (4, 2), (5, 3), (6, 2), (7, 3), (8, 2), (9, 3), (10, 2), (11, 3)]
length: 16 76
Estimated difference between T3^fnT3 - (T2^WT3 + h.c.) is: -1.6320764090816863e-06 2.6636734050809715e-12
total cost: -7.784455631076033
singles alt: [(4, 0), (5, 1), (6, 0), (7, 1), (8, 0), (9, 1), (10, 0), (11, 1), (4, 2), (5, 3), (6, 2), (7, 3), (8, 2), (9, 3), (10, 2), (11, 3)]
length: 16 76
Estimated difference between T3^fnT3 - (T2^WT3 + h.c.) is: -1.6320764090823844e-06 2.6636734050832507e-12
total cost: -7.784455631076033
singles alt: [(4, 0), (5, 1), (6, 0), (7, 1), (8, 0), (9, 1), (10, 0), (11, 1), (4, 2), (5, 3), (6, 2), (7, 3), (8, 2), (9, 3), (10, 2), (11, 3)]
length: 16 76
Estimated difference between T3^fnT3 - (T2^WT3 + h.c.) is: -1.6320764090800125e-06 2.6636734050755084e-12
total cost: -7.784455631076072
singles alt: [(4, 0), (5, 1), (6, 0), (7, 1), (8, 0), (9, 1), (10, 0), (11, 1), (4, 2), (5, 3), (6, 2), (7, 3), (8, 2), (9, 3), (10, 2), (11, 3)]
length: 16 76
Estimated difference between T3^fnT3 - (T2^WT3 + h.c.) is: -1.6320764090686913e-06 2.6636734050385543e-12
total cost: -7.784455631076038
singles alt: [(4, 0), (5, 1), (6, 0), (7, 1), (8, 0), (9, 1), (10, 0), (11, 1), (4, 2), (5, 3), (6, 2), (7, 3), (8, 2), (9, 3), (10, 2), (11, 3)]
length: 16 76
Estimated difference between T3^fnT3 - (T2^WT3 + h.c.) is: -1.6320764090768954e-06 2.663673405065334e-12
total cost: -7.784455631076031
singles alt: [(4, 0), (5, 1), (6, 0), (7, 1), (8, 0), (9, 1), (10, 0), (11, 1), (4, 2), (5, 3), (6, 2), (7, 3), (8, 2), (9, 3), (10, 2), (11, 3)]
length: 16 76
Estimated difference between T3^fnT3 - (T2^WT3 + h.c.) is: -1.6320764090820153e-06 2.663673405082046e-12
total cost: -7.784455631076034
singles alt: [(4, 0), (5, 1), (6, 0), (7, 1), (8, 0), (9, 1), (10, 0), (11, 1), (4, 2), (5, 3), (6, 2), (7, 3), (8, 2), (9, 3), (10, 2), (11, 3)]
length: 16 76
Estimated difference between T3^fnT3 - (T2^WT3 + h.c.) is: -1.6320764711214716e-06 2.6636736075883156e-12
total cost: -7.784455631079124
singles alt: [(4, 0), (5, 1), (6, 0), (7, 1), (8, 0), (9, 1), (10, 0), (11, 1), (4, 2), (5, 3), (6, 2), (7, 3), (8, 2), (9, 3), (10, 2), (11, 3)]
length: 16 76
Estimated difference between T3^fnT3 - (T2^WT3 + h.c.) is: -1.6320762242171627e-06 2.6636728016549502e-12
total cost: -7.784455631074594
singles alt: [(4, 0), (5, 1), (6, 0), (7, 1), (8, 0), (9, 1), (10, 0), (11, 1), (4, 2), (5, 3), (6, 2), (7, 3), (8, 2), (9, 3), (10, 2), (11, 3)]
length: 16 76
Estimated difference between T3^fnT3 - (T2^WT3 + h.c.) is: -1.6320763731363488e-06 2.663673287749898e-12
total cost: -7.78445563107713
singles alt: [(4, 0), (5, 1), (6, 0), (7, 1), (8, 0), (9, 1), (10, 0), (11, 1), (4, 2), (5, 3), (6, 2), (7, 3), (8, 2), (9, 3), (10, 2), (11, 3)]
length: 16 76
Estimated difference between T3^fnT3 - (T2^WT3 + h.c.) is: -1.6320762630410235e-06 2.663672928381952e-12
total cost: -7.784455631069417
singles alt: [(4, 0), (5, 1), (6, 0), (7, 1), (8, 0), (9, 1), (10, 0), (11, 1), (4, 2), (5, 3), (6, 2), (7, 3), (8, 2), (9, 3), (10, 2), (11, 3)]
length: 16 76
Estimated difference between T3^fnT3 - (T2^WT3 + h.c.) is: -1.6320764090862854e-06 2.663673405095984e-12
total cost: -7.784455631076046
singles alt: [(4, 0), (5, 1), (6, 0), (7, 1), (8, 0), (9, 1), (10, 0), (11, 1), (4, 2), (5, 3), (6, 2), (7, 3), (8, 2), (9, 3), (10, 2), (11, 3)]
length: 16 76
Estimated difference between T3^fnT3 - (T2^WT3 + h.c.) is: -1.6320764090906828e-06 2.6636734051103376e-12
total cost: -7.784455631076024
singles alt: [(4, 0), (5, 1), (6, 0), (7, 1), (8, 0), (9, 1), (10, 0), (11, 1), (4, 2), (5, 3), (6, 2), (7, 3), (8, 2), (9, 3), (10, 2), (11, 3)]
length: 16 76
Estimated difference between T3^fnT3 - (T2^WT3 + h.c.) is: -1.632076409077054e-06 2.6636734050658516e-12
total cost: -7.784455631076035
singles alt: [(4, 0), (5, 1), (6, 0), (7, 1), (8, 0), (9, 1), (10, 0), (11, 1), (4, 2), (5, 3), (6, 2), (7, 3), (8, 2), (9, 3), (10, 2), (11, 3)]
length: 16 76
Estimated difference between T3^fnT3 - (T2^WT3 + h.c.) is: -1.6320764090829335e-06 2.6636734050850428e-12
total cost: -7.78445563107603
singles alt: [(4, 0), (5, 1), (6, 0), (7, 1), (8, 0), (9, 1), (10, 0), (11, 1), (4, 2), (5, 3), (6, 2), (7, 3), (8, 2), (9, 3), (10, 2), (11, 3)]
length: 16 76
Estimated difference between T3^fnT3 - (T2^WT3 + h.c.) is: -1.6320766114058293e-06 2.6636740654979344e-12
total cost: -7.784455631063198
singles alt: [(4, 0), (5, 1), (6, 0), (7, 1), (8, 0), (9, 1), (10, 0), (11, 1), (4, 2), (5, 3), (6, 2), (7, 3), (8, 2), (9, 3), (10, 2), (11, 3)]
length: 16 76
Estimated difference between T3^fnT3 - (T2^WT3 + h.c.) is: -1.6320767508503763e-06 2.6636745206663215e-12
total cost: -7.784455631078417
singles alt: [(4, 0), (5, 1), (6, 0), (7, 1), (8, 0), (9, 1), (10, 0), (11, 1), (4, 2), (5, 3), (6, 2), (7, 3), (8, 2), (9, 3), (10, 2), (11, 3)]
length: 16 76
Estimated difference between T3^fnT3 - (T2^WT3 + h.c.) is: -1.6320766467941046e-06 2.6636741810106886e-12
total cost: -7.784455631078216
singles alt: [(4, 0), (5, 1), (6, 0), (7, 1), (8, 0), (9, 1), (10, 0), (11, 1), (4, 2), (5, 3), (6, 2), (7, 3), (8, 2), (9, 3), (10, 2), (11, 3)]
length: 16 76
Estimated difference between T3^fnT3 - (T2^WT3 + h.c.) is: -1.6320765910816136e-06 2.6636739991565807e-12
total cost: -7.784455631069804
singles alt: [(4, 0), (5, 1), (6, 0), (7, 1), (8, 0), (9, 1), (10, 0), (11, 1), (4, 2), (5, 3), (6, 2), (7, 3), (8, 2), (9, 3), (10, 2), (11, 3)]
length: 16 76
Estimated difference between T3^fnT3 - (T2^WT3 + h.c.) is: -1.6320764308270039e-06 2.663673476061012e-12
total cost: -7.78445563107607
singles alt: [(4, 0), (5, 1), (6, 0), (7, 1), (8, 0), (9, 1), (10, 0), (11, 1), (4, 2), (5, 3), (6, 2), (7, 3), (8, 2), (9, 3), (10, 2), (11, 3)]
length: 16 76
Estimated difference between T3^fnT3 - (T2^WT3 + h.c.) is: -1.6320765356716206e-06 2.663673818289879e-12
total cost: -7.784455631076048
singles alt: [(4, 0), (5, 1), (6, 0), (7, 1), (8, 0), (9, 1), (10, 0), (11, 1), (4, 2), (5, 3), (6, 2), (7, 3), (8, 2), (9, 3), (10, 2), (11, 3)]
length: 16 76
Estimated difference between T3^fnT3 - (T2^WT3 + h.c.) is: -1.6320765356186599e-06 2.6636738181170066e-12
total cost: -7.78445563107604
singles alt: [(4, 0), (5, 1), (6, 0), (7, 1), (8, 0), (9, 1), (10, 0), (11, 1), (4, 2), (5, 3), (6, 2), (7, 3), (8, 2), (9, 3), (10, 2), (11, 3)]
length: 16 76
Estimated difference between T3^fnT3 - (T2^WT3 + h.c.) is: -1.6320764283049433e-06 2.663673467828621e-12
total cost: -7.784455631076034
singles alt: [(4, 0), (5, 1), (6, 0), (7, 1), (8, 0), (9, 1), (10, 0), (11, 1), (4, 2), (5, 3), (6, 2), (7, 3), (8, 2), (9, 3), (10, 2), (11, 3)]
length: 16 76
Estimated difference between T3^fnT3 - (T2^WT3 + h.c.) is: -1.6320764090962902e-06 2.663673405128641e-12
total cost: -7.784455631075593
singles alt: [(4, 0), (5, 1), (6, 0), (7, 1), (8, 0), (9, 1), (10, 0), (11, 1), (4, 2), (5, 3), (6, 2), (7, 3), (8, 2), (9, 3), (10, 2), (11, 3)]
length: 16 76
Estimated difference between T3^fnT3 - (T2^WT3 + h.c.) is: -1.6320764090834561e-06 2.663673405086749e-12
total cost: -7.7844556310760655
singles alt: [(4, 0), (5, 1), (6, 0), (7, 1), (8, 0), (9, 1), (10, 0), (11, 1), (4, 2), (5, 3), (6, 2), (7, 3), (8, 2), (9, 3), (10, 2), (11, 3)]
length: 16 76
Estimated difference between T3^fnT3 - (T2^WT3 + h.c.) is: -1.632076409075889e-06 2.6636734050620485e-12
total cost: -7.784455631076061
singles alt: [(4, 0), (5, 1), (6, 0), (7, 1), (8, 0), (9, 1), (10, 0), (11, 1), (4, 2), (5, 3), (6, 2), (7, 3), (8, 2), (9, 3), (10, 2), (11, 3)]
length: 16 76
Estimated difference between T3^fnT3 - (T2^WT3 + h.c.) is: -1.6320764090831694e-06 2.663673405085813e-12
total cost: -7.784455631076028
singles alt: [(4, 0), (5, 1), (6, 0), (7, 1), (8, 0), (9, 1), (10, 0), (11, 1), (4, 2), (5, 3), (6, 2), (7, 3), (8, 2), (9, 3), (10, 2), (11, 3)]
length: 16 76
Estimated difference between T3^fnT3 - (T2^WT3 + h.c.) is: -1.6320764090586173e-06 2.663673405005671e-12
total cost: -7.784455631076144
singles alt: [(4, 0), (5, 1), (6, 0), (7, 1), (8, 0), (9, 1), (10, 0), (11, 1), (4, 2), (5, 3), (6, 2), (7, 3), (8, 2), (9, 3), (10, 2), (11, 3)]
length: 16 76
Estimated difference between T3^fnT3 - (T2^WT3 + h.c.) is: -1.6320764090827067e-06 2.663673405084303e-12
total cost: -7.78445563107603
singles alt: [(4, 0), (5, 1), (6, 0), (7, 1), (8, 0), (9, 1), (10, 0), (11, 1), (4, 2), (5, 3), (6, 2), (7, 3), (8, 2), (9, 3), (10, 2), (11, 3)]
length: 16 76
Estimated difference between T3^fnT3 - (T2^WT3 + h.c.) is: -1.6320764090693278e-06 2.663673405040632e-12
total cost: -7.7844556310760336
singles alt: [(4, 0), (5, 1), (6, 0), (7, 1), (8, 0), (9, 1), (10, 0), (11, 1), (4, 2), (5, 3), (6, 2), (7, 3), (8, 2), (9, 3), (10, 2), (11, 3)]
length: 16 76
Estimated difference between T3^fnT3 - (T2^WT3 + h.c.) is: -1.6320764090796498e-06 2.663673405074324e-12
total cost: -7.784455631076036
singles alt: [(4, 0), (5, 1), (6, 0), (7, 1), (8, 0), (9, 1), (10, 0), (11, 1), (4, 2), (5, 3), (6, 2), (7, 3), (8, 2), (9, 3), (10, 2), (11, 3)]
length: 16 76
Estimated difference between T3^fnT3 - (T2^WT3 + h.c.) is: -1.6320764308320196e-06 2.663673476077384e-12
total cost: -7.784455631076039
singles alt: [(4, 0), (5, 1), (6, 0), (7, 1), (8, 0), (9, 1), (10, 0), (11, 1), (4, 2), (5, 3), (6, 2), (7, 3), (8, 2), (9, 3), (10, 2), (11, 3)]
length: 16 76
Estimated difference between T3^fnT3 - (T2^WT3 + h.c.) is: -1.6320765356558975e-06 2.663673818238556e-12
total cost: -7.784455631076053
singles alt: [(4, 0), (5, 1), (6, 0), (7, 1), (8, 0), (9, 1), (10, 0), (11, 1), (4, 2), (5, 3), (6, 2), (7, 3), (8, 2), (9, 3), (10, 2), (11, 3)]
length: 16 76
Estimated difference between T3^fnT3 - (T2^WT3 + h.c.) is: -1.6320765356014609e-06 2.6636738180608665e-12
total cost: -7.784455631076049
singles alt: [(4, 0), (5, 1), (6, 0), (7, 1), (8, 0), (9, 1), (10, 0), (11, 1), (4, 2), (5, 3), (6, 2), (7, 3), (8, 2), (9, 3), (10, 2), (11, 3)]
length: 16 76
Estimated difference between T3^fnT3 - (T2^WT3 + h.c.) is: -1.6320764283064926e-06 2.6636734678336776e-12
total cost: -7.784455631076033
singles alt: [(4, 0), (5, 1), (6, 0), (7, 1), (8, 0), (9, 1), (10, 0), (11, 1), (4, 2), (5, 3), (6, 2), (7, 3), (8, 2), (9, 3), (10, 2), (11, 3)]
length: 16 76
Estimated difference between T3^fnT3 - (T2^WT3 + h.c.) is: -1.632076611388597e-06 2.6636740654416857e-12
total cost: -7.784455631063444
singles alt: [(4, 0), (5, 1), (6, 0), (7, 1), (8, 0), (9, 1), (10, 0), (11, 1), (4, 2), (5, 3), (6, 2), (7, 3), (8, 2), (9, 3), (10, 2), (11, 3)]
length: 16 76
Estimated difference between T3^fnT3 - (T2^WT3 + h.c.) is: -1.6320766465167966e-06 2.6636741801055127e-12
total cost: -7.784455631078638
singles alt: [(4, 0), (5, 1), (6, 0), (7, 1), (8, 0), (9, 1), (10, 0), (11, 1), (4, 2), (5, 3), (6, 2), (7, 3), (8, 2), (9, 3), (10, 2), (11, 3)]
length: 16 76
Estimated difference between T3^fnT3 - (T2^WT3 + h.c.) is: -1.6320767504725444e-06 2.66367451943302e-12
total cost: -7.784455631078792
singles alt: [(4, 0), (5, 1), (6, 0), (7, 1), (8, 0), (9, 1), (10, 0), (11, 1), (4, 2), (5, 3), (6, 2), (7, 3), (8, 2), (9, 3), (10, 2), (11, 3)]
length: 16 76
Estimated difference between T3^fnT3 - (T2^WT3 + h.c.) is: -1.632076591178679e-06 2.6636739994734167e-12
total cost: -7.784455631069845
singles alt: [(4, 0), (5, 1), (6, 0), (7, 1), (8, 0), (9, 1), (10, 0), (11, 1), (4, 2), (5, 3), (6, 2), (7, 3), (8, 2), (9, 3), (10, 2), (11, 3)]
length: 16 76
Estimated difference between T3^fnT3 - (T2^WT3 + h.c.) is: -1.632076409088489e-06 2.663673405103177e-12
total cost: -7.7844556310756
singles alt: [(4, 0), (5, 1), (6, 0), (7, 1), (8, 0), (9, 1), (10, 0), (11, 1), (4, 2), (5, 3), (6, 2), (7, 3), (8, 2), (9, 3), (10, 2), (11, 3)]
length: 16 76
Estimated difference between T3^fnT3 - (T2^WT3 + h.c.) is: -1.6320764090791759e-06 2.6636734050727772e-12
total cost: -7.784455631076057
singles alt: [(4, 0), (5, 1), (6, 0), (7, 1), (8, 0), (9, 1), (10, 0), (11, 1), (4, 2), (5, 3), (6, 2), (7, 3), (8, 2), (9, 3), (10, 2), (11, 3)]
length: 16 76
Estimated difference between T3^fnT3 - (T2^WT3 + h.c.) is: -1.63207640907745e-06 2.663673405067144e-12
total cost: -7.78445563107606
singles alt: [(4, 0), (5, 1), (6, 0), (7, 1), (8, 0), (9, 1), (10, 0), (11, 1), (4, 2), (5, 3), (6, 2), (7, 3), (8, 2), (9, 3), (10, 2), (11, 3)]
length: 16 76
Estimated difference between T3^fnT3 - (T2^WT3 + h.c.) is: -1.6320764090849738e-06 2.6636734050917026e-12
total cost: -7.784455631076031
singles alt: [(4, 0), (5, 1), (6, 0), (7, 1), (8, 0), (9, 1), (10, 0), (11, 1), (4, 2), (5, 3), (6, 2), (7, 3), (8, 2), (9, 3), (10, 2), (11, 3)]
length: 16 76
Estimated difference between T3^fnT3 - (T2^WT3 + h.c.) is: -1.6320764710955412e-06 2.663673607503675e-12
total cost: -7.78445563107693
singles alt: [(4, 0), (5, 1), (6, 0), (7, 1), (8, 0), (9, 1), (10, 0), (11, 1), (4, 2), (5, 3), (6, 2), (7, 3), (8, 2), (9, 3), (10, 2), (11, 3)]
length: 16 76
Estimated difference between T3^fnT3 - (T2^WT3 + h.c.) is: -1.6320763731929166e-06 2.6636732879345444e-12
total cost: -7.784455631077194
singles alt: [(4, 0), (5, 1), (6, 0), (7, 1), (8, 0), (9, 1), (10, 0), (11, 1), (4, 2), (5, 3), (6, 2), (7, 3), (8, 2), (9, 3), (10, 2), (11, 3)]
length: 16 76
Estimated difference between T3^fnT3 - (T2^WT3 + h.c.) is: -1.6320762235610842e-06 2.6636727995134103e-12
total cost: -7.784455631076206
singles alt: [(4, 0), (5, 1), (6, 0), (7, 1), (8, 0), (9, 1), (10, 0), (11, 1), (4, 2), (5, 3), (6, 2), (7, 3), (8, 2), (9, 3), (10, 2), (11, 3)]
length: 16 76
Estimated difference between T3^fnT3 - (T2^WT3 + h.c.) is: -1.6320762627078223e-06 2.6636729272943326e-12
total cost: -7.78445563106973
singles alt: [(4, 0), (5, 1), (6, 0), (7, 1), (8, 0), (9, 1), (10, 0), (11, 1), (4, 2), (5, 3), (6, 2), (7, 3), (8, 2), (9, 3), (10, 2), (11, 3)]
length: 16 76
Estimated difference between T3^fnT3 - (T2^WT3 + h.c.) is: -1.6320764090971715e-06 2.663673405131518e-12
total cost: -7.784455631075246
singles alt: [(4, 0), (5, 1), (6, 0), (7, 1), (8, 0), (9, 1), (10, 0), (11, 1), (4, 2), (5, 3), (6, 2), (7, 3), (8, 2), (9, 3), (10, 2), (11, 3)]
length: 16 76
Estimated difference between T3^fnT3 - (T2^WT3 + h.c.) is: -1.6320764090698094e-06 2.663673405042204e-12
total cost: -7.78445563107609
singles alt: [(4, 0), (5, 1), (6, 0), (7, 1), (8, 0), (9, 1), (10, 0), (11, 1), (4, 2), (5, 3), (6, 2), (7, 3), (8, 2), (9, 3), (10, 2), (11, 3)]
length: 16 76
Estimated difference between T3^fnT3 - (T2^WT3 + h.c.) is: -1.6320764090764954e-06 2.663673405064028e-12
total cost: -7.784455631076081
singles alt: [(4, 0), (5, 1), (6, 0), (7, 1), (8, 0), (9, 1), (10, 0), (11, 1), (4, 2), (5, 3), (6, 2), (7, 3), (8, 2), (9, 3), (10, 2), (11, 3)]
length: 16 76
Estimated difference between T3^fnT3 - (T2^WT3 + h.c.) is: -1.632076409085837e-06 2.6636734050945202e-12
total cost: -7.7844556310760264
singles alt: [(4, 0), (5, 1), (6, 0), (7, 1), (8, 0), (9, 1), (10, 0), (11, 1), (4, 2), (5, 3), (6, 2), (7, 3), (8, 2), (9, 3), (10, 2), (11, 3)]
length: 16 76
Estimated difference between T3^fnT3 - (T2^WT3 + h.c.) is: -1.632076409097504e-06 2.6636734051326032e-12
total cost: -7.784455631075526
singles alt: [(4, 0), (5, 1), (6, 0), (7, 1), (8, 0), (9, 1), (10, 0), (11, 1), (4, 2), (5, 3), (6, 2), (7, 3), (8, 2), (9, 3), (10, 2), (11, 3)]
length: 16 76
Estimated difference between T3^fnT3 - (T2^WT3 + h.c.) is: -1.6320764090746428e-06 2.6636734050579805e-12
total cost: -7.784455631076061
singles alt: [(4, 0), (5, 1), (6, 0), (7, 1), (8, 0), (9, 1), (10, 0), (11, 1), (4, 2), (5, 3), (6, 2), (7, 3), (8, 2), (9, 3), (10, 2), (11, 3)]
length: 16 76
Estimated difference between T3^fnT3 - (T2^WT3 + h.c.) is: -1.6320764090921962e-06 2.663673405115278e-12
total cost: -7.784455631076063
singles alt: [(4, 0), (5, 1), (6, 0), (7, 1), (8, 0), (9, 1), (10, 0), (11, 1), (4, 2), (5, 3), (6, 2), (7, 3), (8, 2), (9, 3), (10, 2), (11, 3)]
length: 16 76
Estimated difference between T3^fnT3 - (T2^WT3 + h.c.) is: -1.6320764090831218e-06 2.6636734050856575e-12
total cost: -7.784455631076032
singles alt: [(4, 0), (5, 1), (6, 0), (7, 1), (8, 0), (9, 1), (10, 0), (11, 1), (4, 2), (5, 3), (6, 2), (7, 3), (8, 2), (9, 3), (10, 2), (11, 3)]
length: 16 76
Estimated difference between T3^fnT3 - (T2^WT3 + h.c.) is: -1.6320765932559182e-06 2.663674006253844e-12
total cost: -7.784455631067857
singles alt: [(4, 0), (5, 1), (6, 0), (7, 1), (8, 0), (9, 1), (10, 0), (11, 1), (4, 2), (5, 3), (6, 2), (7, 3), (8, 2), (9, 3), (10, 2), (11, 3)]
length: 16 76
Estimated difference between T3^fnT3 - (T2^WT3 + h.c.) is: -1.6320764429340235e-06 2.663673515580175e-12
total cost: -7.7844556310678525
singles alt: [(4, 0), (5, 1), (6, 0), (7, 1), (8, 0), (9, 1), (10, 0), (11, 1), (4, 2), (5, 3), (6, 2), (7, 3), (8, 2), (9, 3), (10, 2), (11, 3)]
length: 16 76
Estimated difference between T3^fnT3 - (T2^WT3 + h.c.) is: -1.6320764429488254e-06 2.6636735156284905e-12
total cost: -7.784455631067894
singles alt: [(4, 0), (5, 1), (6, 0), (7, 1), (8, 0), (9, 1), (10, 0), (11, 1), (4, 2), (5, 3), (6, 2), (7, 3), (8, 2), (9, 3), (10, 2), (11, 3)]
length: 16 76
Estimated difference between T3^fnT3 - (T2^WT3 + h.c.) is: -1.6320765413597907e-06 2.663673836856937e-12
total cost: -7.784455631077144
singles alt: [(4, 0), (5, 1), (6, 0), (7, 1), (8, 0), (9, 1), (10, 0), (11, 1), (4, 2), (5, 3), (6, 2), (7, 3), (8, 2), (9, 3), (10, 2), (11, 3)]
length: 16 76
Estimated difference between T3^fnT3 - (T2^WT3 + h.c.) is: -1.6320764090804536e-06 2.6636734050769483e-12
total cost: -7.784455631076033
singles alt: [(4, 0), (5, 1), (6, 0), (7, 1), (8, 0), (9, 1), (10, 0), (11, 1), (4, 2), (5, 3), (6, 2), (7, 3), (8, 2), (9, 3), (10, 2), (11, 3)]
length: 16 76
Estimated difference between T3^fnT3 - (T2^WT3 + h.c.) is: -1.6320764090734669e-06 2.6636734050541422e-12
total cost: -7.78445563107604
singles alt: [(4, 0), (5, 1), (6, 0), (7, 1), (8, 0), (9, 1), (10, 0), (11, 1), (4, 2), (5, 3), (6, 2), (7, 3), (8, 2), (9, 3), (10, 2), (11, 3)]
length: 16 76
Estimated difference between T3^fnT3 - (T2^WT3 + h.c.) is: -1.6320764090696963e-06 2.6636734050418347e-12
total cost: -7.7844556310760415
singles alt: [(4, 0), (5, 1), (6, 0), (7, 1), (8, 0), (9, 1), (10, 0), (11, 1), (4, 2), (5, 3), (6, 2), (7, 3), (8, 2), (9, 3), (10, 2), (11, 3)]
length: 16 76
Estimated difference between T3^fnT3 - (T2^WT3 + h.c.) is: -1.6320764090766926e-06 2.6636734050646714e-12
total cost: -7.784455631076034
singles alt: [(4, 0), (5, 1), (6, 0), (7, 1), (8, 0), (9, 1), (10, 0), (11, 1), (4, 2), (5, 3), (6, 2), (7, 3), (8, 2), (9, 3), (10, 2), (11, 3)]
length: 16 76
Estimated difference between T3^fnT3 - (T2^WT3 + h.c.) is: -1.6320762641185536e-06 2.6636729318991748e-12
total cost: -7.784455631075006
singles alt: [(4, 0), (5, 1), (6, 0), (7, 1), (8, 0), (9, 1), (10, 0), (11, 1), (4, 2), (5, 3), (6, 2), (7, 3), (8, 2), (9, 3), (10, 2), (11, 3)]
length: 16 76
Estimated difference between T3^fnT3 - (T2^WT3 + h.c.) is: -1.6320762646106416e-06 2.663672933505425e-12
total cost: -7.784455631075548
singles alt: [(4, 0), (5, 1), (6, 0), (7, 1), (8, 0), (9, 1), (10, 0), (11, 1), (4, 2), (5, 3), (6, 2), (7, 3), (8, 2), (9, 3), (10, 2), (11, 3)]
length: 16 76
Estimated difference between T3^fnT3 - (T2^WT3 + h.c.) is: -1.6320761292068024e-06 2.663672491526659e-12
total cost: -7.784455631076056
singles alt: [(4, 0), (5, 1), (6, 0), (7, 1), (8, 0), (9, 1), (10, 0), (11, 1), (4, 2), (5, 3), (6, 2), (7, 3), (8, 2), (9, 3), (10, 2), (11, 3)]
length: 16 76
Estimated difference between T3^fnT3 - (T2^WT3 + h.c.) is: -1.6320766885066008e-06 2.663674317166672e-12
total cost: -7.784455631076022
singles alt: [(4, 0), (5, 1), (6, 0), (7, 1), (8, 0), (9, 1), (10, 0), (11, 1), (4, 2), (5, 3), (6, 2), (7, 3), (8, 2), (9, 3), (10, 2), (11, 3)]
length: 16 76
Estimated difference between T3^fnT3 - (T2^WT3 + h.c.) is: -1.632076409082069e-06 2.6636734050822207e-12
total cost: -7.784455631076041
singles alt: [(4, 0), (5, 1), (6, 0), (7, 1), (8, 0), (9, 1), (10, 0), (11, 1), (4, 2), (5, 3), (6, 2), (7, 3), (8, 2), (9, 3), (10, 2), (11, 3)]
length: 16 76
Estimated difference between T3^fnT3 - (T2^WT3 + h.c.) is: -1.6320764090914996e-06 2.6636734051130037e-12
total cost: -7.784455631076037
singles alt: [(4, 0), (5, 1), (6, 0), (7, 1), (8, 0), (9, 1), (10, 0), (11, 1), (4, 2), (5, 3), (6, 2), (7, 3), (8, 2), (9, 3), (10, 2), (11, 3)]
length: 16 76
Estimated difference between T3^fnT3 - (T2^WT3 + h.c.) is: -1.6320764090926784e-06 2.6636734051168517e-12
total cost: -7.78445563107603
singles alt: [(4, 0), (5, 1), (6, 0), (7, 1), (8, 0), (9, 1), (10, 0), (11, 1), (4, 2), (5, 3), (6, 2), (7, 3), (8, 2), (9, 3), (10, 2), (11, 3)]
length: 16 76
Estimated difference between T3^fnT3 - (T2^WT3 + h.c.) is: -1.6320764090862382e-06 2.66367340509583e-12
total cost: -7.784455631076031
singles alt: [(4, 0), (5, 1), (6, 0), (7, 1), (8, 0), (9, 1), (10, 0), (11, 1), (4, 2), (5, 3), (6, 2), (7, 3), (8, 2), (9, 3), (10, 2), (11, 3)]
length: 16 76
Estimated difference between T3^fnT3 - (T2^WT3 + h.c.) is: -1.6320764090816068e-06 2.6636734050807126e-12
total cost: -7.784455631091218
singles alt: [(4, 0), (5, 1), (6, 0), (7, 1), (8, 0), (9, 1), (10, 0), (11, 1), (4, 2), (5, 3), (6, 2), (7, 3), (8, 2), (9, 3), (10, 2), (11, 3)]
length: 16 76
Estimated difference between T3^fnT3 - (T2^WT3 + h.c.) is: -1.6320764090816068e-06 2.6636734050807126e-12
total cost: -7.7844556310914514
singles alt: [(4, 0), (5, 1), (6, 0), (7, 1), (8, 0), (9, 1), (10, 0), (11, 1), (4, 2), (5, 3), (6, 2), (7, 3), (8, 2), (9, 3), (10, 2), (11, 3)]
length: 16 76
Estimated difference between T3^fnT3 - (T2^WT3 + h.c.) is: -1.6320764090816068e-06 2.6636734050807126e-12
total cost: -7.784455631076049
singles alt: [(4, 0), (5, 1), (6, 0), (7, 1), (8, 0), (9, 1), (10, 0), (11, 1), (4, 2), (5, 3), (6, 2), (7, 3), (8, 2), (9, 3), (10, 2), (11, 3)]
length: 16 76
Estimated difference between T3^fnT3 - (T2^WT3 + h.c.) is: -1.6320764090816068e-06 2.6636734050807126e-12
total cost: -7.784455631076048
singles alt: [(4, 0), (5, 1), (6, 0), (7, 1), (8, 0), (9, 1), (10, 0), (11, 1), (4, 2), (5, 3), (6, 2), (7, 3), (8, 2), (9, 3), (10, 2), (11, 3)]
length: 16 76
Estimated difference between T3^fnT3 - (T2^WT3 + h.c.) is: -1.6320764090816068e-06 2.6636734050807126e-12
total cost: -7.784455631076042
singles alt: [(4, 0), (5, 1), (6, 0), (7, 1), (8, 0), (9, 1), (10, 0), (11, 1), (4, 2), (5, 3), (6, 2), (7, 3), (8, 2), (9, 3), (10, 2), (11, 3)]
length: 16 76
Estimated difference between T3^fnT3 - (T2^WT3 + h.c.) is: -1.6320764090816068e-06 2.6636734050807126e-12
total cost: -7.784455631076049
singles alt: [(4, 0), (5, 1), (6, 0), (7, 1), (8, 0), (9, 1), (10, 0), (11, 1), (4, 2), (5, 3), (6, 2), (7, 3), (8, 2), (9, 3), (10, 2), (11, 3)]
length: 16 76
Estimated difference between T3^fnT3 - (T2^WT3 + h.c.) is: -1.6320764090816068e-06 2.6636734050807126e-12
total cost: -7.784455631066204
singles alt: [(4, 0), (5, 1), (6, 0), (7, 1), (8, 0), (9, 1), (10, 0), (11, 1), (4, 2), (5, 3), (6, 2), (7, 3), (8, 2), (9, 3), (10, 2), (11, 3)]
length: 16 76
Estimated difference between T3^fnT3 - (T2^WT3 + h.c.) is: -1.6320764090816068e-06 2.6636734050807126e-12
total cost: -7.784455631066194
singles alt: [(4, 0), (5, 1), (6, 0), (7, 1), (8, 0), (9, 1), (10, 0), (11, 1), (4, 2), (5, 3), (6, 2), (7, 3), (8, 2), (9, 3), (10, 2), (11, 3)]
length: 16 76
Estimated difference between T3^fnT3 - (T2^WT3 + h.c.) is: -1.6320764090816068e-06 2.6636734050807126e-12
total cost: -7.7844556310781625
singles alt: [(4, 0), (5, 1), (6, 0), (7, 1), (8, 0), (9, 1), (10, 0), (11, 1), (4, 2), (5, 3), (6, 2), (7, 3), (8, 2), (9, 3), (10, 2), (11, 3)]
length: 16 76
Estimated difference between T3^fnT3 - (T2^WT3 + h.c.) is: -1.6320764090816068e-06 2.6636734050807126e-12
total cost: -7.784455631078244
singles alt: [(4, 0), (5, 1), (6, 0), (7, 1), (8, 0), (9, 1), (10, 0), (11, 1), (4, 2), (5, 3), (6, 2), (7, 3), (8, 2), (9, 3), (10, 2), (11, 3)]
length: 16 76
Estimated difference between T3^fnT3 - (T2^WT3 + h.c.) is: -1.6320764090816068e-06 2.6636734050807126e-12
total cost: -7.784455631076034
singles alt: [(4, 0), (5, 1), (6, 0), (7, 1), (8, 0), (9, 1), (10, 0), (11, 1), (4, 2), (5, 3), (6, 2), (7, 3), (8, 2), (9, 3), (10, 2), (11, 3)]
length: 16 76
Estimated difference between T3^fnT3 - (T2^WT3 + h.c.) is: -1.6320764090816068e-06 2.6636734050807126e-12
total cost: -7.784455631076033
singles alt: [(4, 0), (5, 1), (6, 0), (7, 1), (8, 0), (9, 1), (10, 0), (11, 1), (4, 2), (5, 3), (6, 2), (7, 3), (8, 2), (9, 3), (10, 2), (11, 3)]
length: 16 76
Estimated difference between T3^fnT3 - (T2^WT3 + h.c.) is: -1.6320764090816068e-06 2.6636734050807126e-12
total cost: -7.784455631076033
singles alt: [(4, 0), (5, 1), (6, 0), (7, 1), (8, 0), (9, 1), (10, 0), (11, 1), (4, 2), (5, 3), (6, 2), (7, 3), (8, 2), (9, 3), (10, 2), (11, 3)]
length: 16 76
Estimated difference between T3^fnT3 - (T2^WT3 + h.c.) is: -1.6320764090816068e-06 2.6636734050807126e-12
total cost: -7.784455631076032
singles alt: [(4, 0), (5, 1), (6, 0), (7, 1), (8, 0), (9, 1), (10, 0), (11, 1), (4, 2), (5, 3), (6, 2), (7, 3), (8, 2), (9, 3), (10, 2), (11, 3)]
length: 16 76
Estimated difference between T3^fnT3 - (T2^WT3 + h.c.) is: -1.6320764090816068e-06 2.6636734050807126e-12
total cost: -7.784455631076338
singles alt: [(4, 0), (5, 1), (6, 0), (7, 1), (8, 0), (9, 1), (10, 0), (11, 1), (4, 2), (5, 3), (6, 2), (7, 3), (8, 2), (9, 3), (10, 2), (11, 3)]
length: 16 76
Estimated difference between T3^fnT3 - (T2^WT3 + h.c.) is: -1.6320764090816068e-06 2.6636734050807126e-12
total cost: -7.784455631076396
singles alt: [(4, 0), (5, 1), (6, 0), (7, 1), (8, 0), (9, 1), (10, 0), (11, 1), (4, 2), (5, 3), (6, 2), (7, 3), (8, 2), (9, 3), (10, 2), (11, 3)]
callback: energy=-7.784453999000
singles alt: [(4, 0), (5, 1), (6, 0), (7, 1), (8, 0), (9, 1), (10, 0), (11, 1), (4, 2), (5, 3), (6, 2), (7, 3), (8, 2), (9, 3), (10, 2), (11, 3)]
length: 16 76
Estimated difference between T3^fnT3 - (T2^WT3 + h.c.) is: -1.6309454840955722e-06 2.6599831720917404e-12
total cost: -7.784456573959752
singles alt: [(4, 0), (5, 1), (6, 0), (7, 1), (8, 0), (9, 1), (10, 0), (11, 1), (4, 2), (5, 3), (6, 2), (7, 3), (8, 2), (9, 3), (10, 2), (11, 3)]
length: 16 76
Estimated difference between T3^fnT3 - (T2^WT3 + h.c.) is: -1.6309458164934607e-06 2.659984256337521e-12
total cost: -7.784456573965521
singles alt: [(4, 0), (5, 1), (6, 0), (7, 1), (8, 0), (9, 1), (10, 0), (11, 1), (4, 2), (5, 3), (6, 2), (7, 3), (8, 2), (9, 3), (10, 2), (11, 3)]
length: 16 76
Estimated difference between T3^fnT3 - (T2^WT3 + h.c.) is: -1.6309455592696874e-06 2.6599834173015133e-12
total cost: -7.784456573957022
singles alt: [(4, 0), (5, 1), (6, 0), (7, 1), (8, 0), (9, 1), (10, 0), (11, 1), (4, 2), (5, 3), (6, 2), (7, 3), (8, 2), (9, 3), (10, 2), (11, 3)]
length: 16 76
Estimated difference between T3^fnT3 - (T2^WT3 + h.c.) is: -1.6309455593341828e-06 2.6599834175118903e-12
total cost: -7.78445657395702
singles alt: [(4, 0), (5, 1), (6, 0), (7, 1), (8, 0), (9, 1), (10, 0), (11, 1), (4, 2), (5, 3), (6, 2), (7, 3), (8, 2), (9, 3), (10, 2), (11, 3)]
length: 16 76
Estimated difference between T3^fnT3 - (T2^WT3 + h.c.) is: -1.6309455510530028e-06 2.6599833904995828e-12
total cost: -7.7844565739561595
singles alt: [(4, 0), (5, 1), (6, 0), (7, 1), (8, 0), (9, 1), (10, 0), (11, 1), (4, 2), (5, 3), (6, 2), (7, 3), (8, 2), (9, 3), (10, 2), (11, 3)]
length: 16 76
Estimated difference between T3^fnT3 - (T2^WT3 + h.c.) is: -1.6309454840911712e-06 2.6599831720773847e-12
total cost: -7.784456573959691
singles alt: [(4, 0), (5, 1), (6, 0), (7, 1), (8, 0), (9, 1), (10, 0), (11, 1), (4, 2), (5, 3), (6, 2), (7, 3), (8, 2), (9, 3), (10, 2), (11, 3)]
length: 16 76
Estimated difference between T3^fnT3 - (T2^WT3 + h.c.) is: -1.6309454840945475e-06 2.6599831720883977e-12
total cost: -7.784456573959761
singles alt: [(4, 0), (5, 1), (6, 0), (7, 1), (8, 0), (9, 1), (10, 0), (11, 1), (4, 2), (5, 3), (6, 2), (7, 3), (8, 2), (9, 3), (10, 2), (11, 3)]
length: 16 76
Estimated difference between T3^fnT3 - (T2^WT3 + h.c.) is: -1.6309454840869096e-06 2.6599831720634837e-12
total cost: -7.784456573959759
singles alt: [(4, 0), (5, 1), (6, 0), (7, 1), (8, 0), (9, 1), (10, 0), (11, 1), (4, 2), (5, 3), (6, 2), (7, 3), (8, 2), (9, 3), (10, 2), (11, 3)]
length: 16 76
Estimated difference between T3^fnT3 - (T2^WT3 + h.c.) is: -1.6309454840948403e-06 2.659983172089353e-12
total cost: -7.784456573959751
singles alt: [(4, 0), (5, 1), (6, 0), (7, 1), (8, 0), (9, 1), (10, 0), (11, 1), (4, 2), (5, 3), (6, 2), (7, 3), (8, 2), (9, 3), (10, 2), (11, 3)]
length: 16 76
Estimated difference between T3^fnT3 - (T2^WT3 + h.c.) is: -1.630945484095194e-06 2.6599831720905065e-12
total cost: -7.784456573959676
singles alt: [(4, 0), (5, 1), (6, 0), (7, 1), (8, 0), (9, 1), (10, 0), (11, 1), (4, 2), (5, 3), (6, 2), (7, 3), (8, 2), (9, 3), (10, 2), (11, 3)]
length: 16 76
Estimated difference between T3^fnT3 - (T2^WT3 + h.c.) is: -1.6309454840920608e-06 2.6599831720802867e-12
total cost: -7.784456573959759
singles alt: [(4, 0), (5, 1), (6, 0), (7, 1), (8, 0), (9, 1), (10, 0), (11, 1), (4, 2), (5, 3), (6, 2), (7, 3), (8, 2), (9, 3), (10, 2), (11, 3)]
length: 16 76
Estimated difference between T3^fnT3 - (T2^WT3 + h.c.) is: -1.6309454841020803e-06 2.659983172112969e-12
total cost: -7.784456573959756
singles alt: [(4, 0), (5, 1), (6, 0), (7, 1), (8, 0), (9, 1), (10, 0), (11, 1), (4, 2), (5, 3), (6, 2), (7, 3), (8, 2), (9, 3), (10, 2), (11, 3)]
length: 16 76
Estimated difference between T3^fnT3 - (T2^WT3 + h.c.) is: -1.630945484094269e-06 2.6599831720874893e-12
total cost: -7.784456573959751
singles alt: [(4, 0), (5, 1), (6, 0), (7, 1), (8, 0), (9, 1), (10, 0), (11, 1), (4, 2), (5, 3), (6, 2), (7, 3), (8, 2), (9, 3), (10, 2), (11, 3)]
length: 16 76
Estimated difference between T3^fnT3 - (T2^WT3 + h.c.) is: -1.6309455464345139e-06 2.6599833754345752e-12
total cost: -7.784456573957463
singles alt: [(4, 0), (5, 1), (6, 0), (7, 1), (8, 0), (9, 1), (10, 0), (11, 1), (4, 2), (5, 3), (6, 2), (7, 3), (8, 2), (9, 3), (10, 2), (11, 3)]
length: 16 76
Estimated difference between T3^fnT3 - (T2^WT3 + h.c.) is: -1.630945299651683e-06 2.659982570455918e-12
total cost: -7.784456573958395
singles alt: [(4, 0), (5, 1), (6, 0), (7, 1), (8, 0), (9, 1), (10, 0), (11, 1), (4, 2), (5, 3), (6, 2), (7, 3), (8, 2), (9, 3), (10, 2), (11, 3)]
length: 16 76
Estimated difference between T3^fnT3 - (T2^WT3 + h.c.) is: -1.6309454475446618e-06 2.6599830528666573e-12
total cost: -7.784456573961163
singles alt: [(4, 0), (5, 1), (6, 0), (7, 1), (8, 0), (9, 1), (10, 0), (11, 1), (4, 2), (5, 3), (6, 2), (7, 3), (8, 2), (9, 3), (10, 2), (11, 3)]
length: 16 76
Estimated difference between T3^fnT3 - (T2^WT3 + h.c.) is: -1.6309453374457476e-06 2.659982693736024e-12
total cost: -7.784456573957977
singles alt: [(4, 0), (5, 1), (6, 0), (7, 1), (8, 0), (9, 1), (10, 0), (11, 1), (4, 2), (5, 3), (6, 2), (7, 3), (8, 2), (9, 3), (10, 2), (11, 3)]
length: 16 76
Estimated difference between T3^fnT3 - (T2^WT3 + h.c.) is: -1.6309454840849792e-06 2.659983172057187e-12
total cost: -7.784456573959722
singles alt: [(4, 0), (5, 1), (6, 0), (7, 1), (8, 0), (9, 1), (10, 0), (11, 1), (4, 2), (5, 3), (6, 2), (7, 3), (8, 2), (9, 3), (10, 2), (11, 3)]
length: 16 76
Estimated difference between T3^fnT3 - (T2^WT3 + h.c.) is: -1.6309454841038515e-06 2.6599831721187465e-12
total cost: -7.784456573959754
singles alt: [(4, 0), (5, 1), (6, 0), (7, 1), (8, 0), (9, 1), (10, 0), (11, 1), (4, 2), (5, 3), (6, 2), (7, 3), (8, 2), (9, 3), (10, 2), (11, 3)]
length: 16 76
Estimated difference between T3^fnT3 - (T2^WT3 + h.c.) is: -1.6309454840958606e-06 2.659983172092681e-12
total cost: -7.784456573959756
singles alt: [(4, 0), (5, 1), (6, 0), (7, 1), (8, 0), (9, 1), (10, 0), (11, 1), (4, 2), (5, 3), (6, 2), (7, 3), (8, 2), (9, 3), (10, 2), (11, 3)]
length: 16 76
Estimated difference between T3^fnT3 - (T2^WT3 + h.c.) is: -1.6309454840932496e-06 2.6599831720841645e-12
total cost: -7.784456573959751
singles alt: [(4, 0), (5, 1), (6, 0), (7, 1), (8, 0), (9, 1), (10, 0), (11, 1), (4, 2), (5, 3), (6, 2), (7, 3), (8, 2), (9, 3), (10, 2), (11, 3)]
length: 16 76
Estimated difference between T3^fnT3 - (T2^WT3 + h.c.) is: -1.6309456839515684e-06 2.659983824000249e-12
total cost: -7.784456573955985
singles alt: [(4, 0), (5, 1), (6, 0), (7, 1), (8, 0), (9, 1), (10, 0), (11, 1), (4, 2), (5, 3), (6, 2), (7, 3), (8, 2), (9, 3), (10, 2), (11, 3)]
length: 16 76
Estimated difference between T3^fnT3 - (T2^WT3 + h.c.) is: -1.630945831524874e-06 2.6599843053683624e-12
total cost: -7.784456573958832
singles alt: [(4, 0), (5, 1), (6, 0), (7, 1), (8, 0), (9, 1), (10, 0), (11, 1), (4, 2), (5, 3), (6, 2), (7, 3), (8, 2), (9, 3), (10, 2), (11, 3)]
length: 16 76
Estimated difference between T3^fnT3 - (T2^WT3 + h.c.) is: -1.6309457255543635e-06 2.659983959704049e-12
total cost: -7.784456573958798
singles alt: [(4, 0), (5, 1), (6, 0), (7, 1), (8, 0), (9, 1), (10, 0), (11, 1), (4, 2), (5, 3), (6, 2), (7, 3), (8, 2), (9, 3), (10, 2), (11, 3)]
length: 16 76
Estimated difference between T3^fnT3 - (T2^WT3 + h.c.) is: -1.6309456648886728e-06 2.659983761819155e-12
total cost: -7.784456573958206
singles alt: [(4, 0), (5, 1), (6, 0), (7, 1), (8, 0), (9, 1), (10, 0), (11, 1), (4, 2), (5, 3), (6, 2), (7, 3), (8, 2), (9, 3), (10, 2), (11, 3)]
length: 16 76
Estimated difference between T3^fnT3 - (T2^WT3 + h.c.) is: -1.6309455062346868e-06 2.659983244307119e-12
total cost: -7.784456573959689
singles alt: [(4, 0), (5, 1), (6, 0), (7, 1), (8, 0), (9, 1), (10, 0), (11, 1), (4, 2), (5, 3), (6, 2), (7, 3), (8, 2), (9, 3), (10, 2), (11, 3)]
length: 16 76
Estimated difference between T3^fnT3 - (T2^WT3 + h.c.) is: -1.6309456098408923e-06 2.65998358225928e-12
total cost: -7.784456573959752
singles alt: [(4, 0), (5, 1), (6, 0), (7, 1), (8, 0), (9, 1), (10, 0), (11, 1), (4, 2), (5, 3), (6, 2), (7, 3), (8, 2), (9, 3), (10, 2), (11, 3)]
length: 16 76
Estimated difference between T3^fnT3 - (T2^WT3 + h.c.) is: -1.63094560975894e-06 2.6599835819919604e-12
total cost: -7.784456573959755
singles alt: [(4, 0), (5, 1), (6, 0), (7, 1), (8, 0), (9, 1), (10, 0), (11, 1), (4, 2), (5, 3), (6, 2), (7, 3), (8, 2), (9, 3), (10, 2), (11, 3)]
length: 16 76
Estimated difference between T3^fnT3 - (T2^WT3 + h.c.) is: -1.6309455036528844e-06 2.6599832358855607e-12
total cost: -7.7844565739597495
singles alt: [(4, 0), (5, 1), (6, 0), (7, 1), (8, 0), (9, 1), (10, 0), (11, 1), (4, 2), (5, 3), (6, 2), (7, 3), (8, 2), (9, 3), (10, 2), (11, 3)]
length: 16 76
Estimated difference between T3^fnT3 - (T2^WT3 + h.c.) is: -1.6309454840638728e-06 2.6599831719883404e-12
total cost: -7.784456573960684
singles alt: [(4, 0), (5, 1), (6, 0), (7, 1), (8, 0), (9, 1), (10, 0), (11, 1), (4, 2), (5, 3), (6, 2), (7, 3), (8, 2), (9, 3), (10, 2), (11, 3)]
length: 16 76
Estimated difference between T3^fnT3 - (T2^WT3 + h.c.) is: -1.630945484089509e-06 2.659983172071963e-12
total cost: -7.784456573959696
singles alt: [(4, 0), (5, 1), (6, 0), (7, 1), (8, 0), (9, 1), (10, 0), (11, 1), (4, 2), (5, 3), (6, 2), (7, 3), (8, 2), (9, 3), (10, 2), (11, 3)]
length: 16 76
Estimated difference between T3^fnT3 - (T2^WT3 + h.c.) is: -1.6309454841037473e-06 2.659983172118407e-12
total cost: -7.784456573959703
singles alt: [(4, 0), (5, 1), (6, 0), (7, 1), (8, 0), (9, 1), (10, 0), (11, 1), (4, 2), (5, 3), (6, 2), (7, 3), (8, 2), (9, 3), (10, 2), (11, 3)]
length: 16 76
Estimated difference between T3^fnT3 - (T2^WT3 + h.c.) is: -1.6309454840923492e-06 2.6599831720812273e-12
total cost: -7.784456573959756
singles alt: [(4, 0), (5, 1), (6, 0), (7, 1), (8, 0), (9, 1), (10, 0), (11, 1), (4, 2), (5, 3), (6, 2), (7, 3), (8, 2), (9, 3), (10, 2), (11, 3)]
length: 16 76
Estimated difference between T3^fnT3 - (T2^WT3 + h.c.) is: -1.630945484136613e-06 2.659983172225611e-12
total cost: -7.784456573959548
singles alt: [(4, 0), (5, 1), (6, 0), (7, 1), (8, 0), (9, 1), (10, 0), (11, 1), (4, 2), (5, 3), (6, 2), (7, 3), (8, 2), (9, 3), (10, 2), (11, 3)]
length: 16 76
Estimated difference between T3^fnT3 - (T2^WT3 + h.c.) is: -1.6309454840882682e-06 2.6599831720679153e-12
total cost: -7.784456573959764
singles alt: [(4, 0), (5, 1), (6, 0), (7, 1), (8, 0), (9, 1), (10, 0), (11, 1), (4, 2), (5, 3), (6, 2), (7, 3), (8, 2), (9, 3), (10, 2), (11, 3)]
length: 16 76
Estimated difference between T3^fnT3 - (T2^WT3 + h.c.) is: -1.6309454840860125e-06 2.659983172060558e-12
total cost: -7.784456573959766
singles alt: [(4, 0), (5, 1), (6, 0), (7, 1), (8, 0), (9, 1), (10, 0), (11, 1), (4, 2), (5, 3), (6, 2), (7, 3), (8, 2), (9, 3), (10, 2), (11, 3)]
length: 16 76
Estimated difference between T3^fnT3 - (T2^WT3 + h.c.) is: -1.6309454840994963e-06 2.6599831721045403e-12
total cost: -7.7844565739597495
singles alt: [(4, 0), (5, 1), (6, 0), (7, 1), (8, 0), (9, 1), (10, 0), (11, 1), (4, 2), (5, 3), (6, 2), (7, 3), (8, 2), (9, 3), (10, 2), (11, 3)]
length: 16 76
Estimated difference between T3^fnT3 - (T2^WT3 + h.c.) is: -1.6309455062253443e-06 2.6599832442766444e-12
total cost: -7.784456573959744
singles alt: [(4, 0), (5, 1), (6, 0), (7, 1), (8, 0), (9, 1), (10, 0), (11, 1), (4, 2), (5, 3), (6, 2), (7, 3), (8, 2), (9, 3), (10, 2), (11, 3)]
length: 16 76
Estimated difference between T3^fnT3 - (T2^WT3 + h.c.) is: -1.6309456098241818e-06 2.659983582204772e-12
total cost: -7.784456573959759
singles alt: [(4, 0), (5, 1), (6, 0), (7, 1), (8, 0), (9, 1), (10, 0), (11, 1), (4, 2), (5, 3), (6, 2), (7, 3), (8, 2), (9, 3), (10, 2), (11, 3)]
length: 16 76
Estimated difference between T3^fnT3 - (T2^WT3 + h.c.) is: -1.6309456097515974e-06 2.6599835819680097e-12
total cost: -7.784456573959754
singles alt: [(4, 0), (5, 1), (6, 0), (7, 1), (8, 0), (9, 1), (10, 0), (11, 1), (4, 2), (5, 3), (6, 2), (7, 3), (8, 2), (9, 3), (10, 2), (11, 3)]
length: 16 76
Estimated difference between T3^fnT3 - (T2^WT3 + h.c.) is: -1.6309455036523243e-06 2.659983235883734e-12
total cost: -7.784456573959752
singles alt: [(4, 0), (5, 1), (6, 0), (7, 1), (8, 0), (9, 1), (10, 0), (11, 1), (4, 2), (5, 3), (6, 2), (7, 3), (8, 2), (9, 3), (10, 2), (11, 3)]
length: 16 76
Estimated difference between T3^fnT3 - (T2^WT3 + h.c.) is: -1.6309456840396744e-06 2.6599838242876415e-12
total cost: -7.784456573955763
singles alt: [(4, 0), (5, 1), (6, 0), (7, 1), (8, 0), (9, 1), (10, 0), (11, 1), (4, 2), (5, 3), (6, 2), (7, 3), (8, 2), (9, 3), (10, 2), (11, 3)]
length: 16 76
Estimated difference between T3^fnT3 - (T2^WT3 + h.c.) is: -1.630945725670851e-06 2.6599839600840187e-12
total cost: -7.784456573958874
singles alt: [(4, 0), (5, 1), (6, 0), (7, 1), (8, 0), (9, 1), (10, 0), (11, 1), (4, 2), (5, 3), (6, 2), (7, 3), (8, 2), (9, 3), (10, 2), (11, 3)]
length: 16 76
Estimated difference between T3^fnT3 - (T2^WT3 + h.c.) is: -1.6309458316151562e-06 2.6599843056628536e-12
total cost: -7.784456573958929
singles alt: [(4, 0), (5, 1), (6, 0), (7, 1), (8, 0), (9, 1), (10, 0), (11, 1), (4, 2), (5, 3), (6, 2), (7, 3), (8, 2), (9, 3), (10, 2), (11, 3)]
length: 16 76
Estimated difference between T3^fnT3 - (T2^WT3 + h.c.) is: -1.6309456650048728e-06 2.659983762198187e-12
total cost: -7.784456573958205
singles alt: [(4, 0), (5, 1), (6, 0), (7, 1), (8, 0), (9, 1), (10, 0), (11, 1), (4, 2), (5, 3), (6, 2), (7, 3), (8, 2), (9, 3), (10, 2), (11, 3)]
length: 16 76
Estimated difference between T3^fnT3 - (T2^WT3 + h.c.) is: -1.6309454840800327e-06 2.659983172041052e-12
total cost: -7.784456573960666
singles alt: [(4, 0), (5, 1), (6, 0), (7, 1), (8, 0), (9, 1), (10, 0), (11, 1), (4, 2), (5, 3), (6, 2), (7, 3), (8, 2), (9, 3), (10, 2), (11, 3)]
length: 16 76
Estimated difference between T3^fnT3 - (T2^WT3 + h.c.) is: -1.6309454841012968e-06 2.6599831721104133e-12
total cost: -7.784456573959701
singles alt: [(4, 0), (5, 1), (6, 0), (7, 1), (8, 0), (9, 1), (10, 0), (11, 1), (4, 2), (5, 3), (6, 2), (7, 3), (8, 2), (9, 3), (10, 2), (11, 3)]
length: 16 76
Estimated difference between T3^fnT3 - (T2^WT3 + h.c.) is: -1.6309454840927033e-06 2.659983172082382e-12
total cost: -7.784456573959703
singles alt: [(4, 0), (5, 1), (6, 0), (7, 1), (8, 0), (9, 1), (10, 0), (11, 1), (4, 2), (5, 3), (6, 2), (7, 3), (8, 2), (9, 3), (10, 2), (11, 3)]
length: 16 76
Estimated difference between T3^fnT3 - (T2^WT3 + h.c.) is: -1.6309454840897992e-06 2.6599831720729095e-12
total cost: -7.7844565739597575
singles alt: [(4, 0), (5, 1), (6, 0), (7, 1), (8, 0), (9, 1), (10, 0), (11, 1), (4, 2), (5, 3), (6, 2), (7, 3), (8, 2), (9, 3), (10, 2), (11, 3)]
length: 16 76
Estimated difference between T3^fnT3 - (T2^WT3 + h.c.) is: -1.630945546298046e-06 2.659983374989432e-12
total cost: -7.784456573961935
singles alt: [(4, 0), (5, 1), (6, 0), (7, 1), (8, 0), (9, 1), (10, 0), (11, 1), (4, 2), (5, 3), (6, 2), (7, 3), (8, 2), (9, 3), (10, 2), (11, 3)]
length: 16 76
Estimated difference between T3^fnT3 - (T2^WT3 + h.c.) is: -1.6309454474898338e-06 2.6599830526878142e-12
total cost: -7.784456573960949
singles alt: [(4, 0), (5, 1), (6, 0), (7, 1), (8, 0), (9, 1), (10, 0), (11, 1), (4, 2), (5, 3), (6, 2), (7, 3), (8, 2), (9, 3), (10, 2), (11, 3)]
length: 16 76
Estimated difference between T3^fnT3 - (T2^WT3 + h.c.) is: -1.6309452994028582e-06 2.659982569644279e-12
total cost: -7.7844565739580736
singles alt: [(4, 0), (5, 1), (6, 0), (7, 1), (8, 0), (9, 1), (10, 0), (11, 1), (4, 2), (5, 3), (6, 2), (7, 3), (8, 2), (9, 3), (10, 2), (11, 3)]
length: 16 76
Estimated difference between T3^fnT3 - (T2^WT3 + h.c.) is: -1.630945337119828e-06 2.6599826926729093e-12
total cost: -7.7844565739580585
singles alt: [(4, 0), (5, 1), (6, 0), (7, 1), (8, 0), (9, 1), (10, 0), (11, 1), (4, 2), (5, 3), (6, 2), (7, 3), (8, 2), (9, 3), (10, 2), (11, 3)]
length: 16 76
Estimated difference between T3^fnT3 - (T2^WT3 + h.c.) is: -1.6309454840627505e-06 2.6599831719846794e-12
total cost: -7.784456573961406
singles alt: [(4, 0), (5, 1), (6, 0), (7, 1), (8, 0), (9, 1), (10, 0), (11, 1), (4, 2), (5, 3), (6, 2), (7, 3), (8, 2), (9, 3), (10, 2), (11, 3)]
length: 16 76
Estimated difference between T3^fnT3 - (T2^WT3 + h.c.) is: -1.630945484101891e-06 2.6599831721123516e-12
total cost: -7.784456573959663
singles alt: [(4, 0), (5, 1), (6, 0), (7, 1), (8, 0), (9, 1), (10, 0), (11, 1), (4, 2), (5, 3), (6, 2), (7, 3), (8, 2), (9, 3), (10, 2), (11, 3)]
length: 16 76
Estimated difference between T3^fnT3 - (T2^WT3 + h.c.) is: -1.630945484106485e-06 2.6599831721273366e-12
total cost: -7.784456573959657
singles alt: [(4, 0), (5, 1), (6, 0), (7, 1), (8, 0), (9, 1), (10, 0), (11, 1), (4, 2), (5, 3), (6, 2), (7, 3), (8, 2), (9, 3), (10, 2), (11, 3)]
length: 16 76
Estimated difference between T3^fnT3 - (T2^WT3 + h.c.) is: -1.6309454840867817e-06 2.6599831720630665e-12
total cost: -7.78445657395976
singles alt: [(4, 0), (5, 1), (6, 0), (7, 1), (8, 0), (9, 1), (10, 0), (11, 1), (4, 2), (5, 3), (6, 2), (7, 3), (8, 2), (9, 3), (10, 2), (11, 3)]
length: 16 76
Estimated difference between T3^fnT3 - (T2^WT3 + h.c.) is: -1.6309454840606952e-06 2.659983171977975e-12
total cost: -7.784456573960817
singles alt: [(4, 0), (5, 1), (6, 0), (7, 1), (8, 0), (9, 1), (10, 0), (11, 1), (4, 2), (5, 3), (6, 2), (7, 3), (8, 2), (9, 3), (10, 2), (11, 3)]
length: 16 76
Estimated difference between T3^fnT3 - (T2^WT3 + h.c.) is: -1.6309454841046413e-06 2.659983172121323e-12
total cost: -7.7844565739596945
singles alt: [(4, 0), (5, 1), (6, 0), (7, 1), (8, 0), (9, 1), (10, 0), (11, 1), (4, 2), (5, 3), (6, 2), (7, 3), (8, 2), (9, 3), (10, 2), (11, 3)]
length: 16 76
Estimated difference between T3^fnT3 - (T2^WT3 + h.c.) is: -1.6309454840716164e-06 2.6599831720135993e-12
total cost: -7.784456573959694
singles alt: [(4, 0), (5, 1), (6, 0), (7, 1), (8, 0), (9, 1), (10, 0), (11, 1), (4, 2), (5, 3), (6, 2), (7, 3), (8, 2), (9, 3), (10, 2), (11, 3)]
length: 16 76
Estimated difference between T3^fnT3 - (T2^WT3 + h.c.) is: -1.6309454840918414e-06 2.659983172079571e-12
total cost: -7.784456573959758
singles alt: [(4, 0), (5, 1), (6, 0), (7, 1), (8, 0), (9, 1), (10, 0), (11, 1), (4, 2), (5, 3), (6, 2), (7, 3), (8, 2), (9, 3), (10, 2), (11, 3)]
length: 16 76
Estimated difference between T3^fnT3 - (T2^WT3 + h.c.) is: -1.6309456682150108e-06 2.6599837726693083e-12
total cost: -7.784456573958508
singles alt: [(4, 0), (5, 1), (6, 0), (7, 1), (8, 0), (9, 1), (10, 0), (11, 1), (4, 2), (5, 3), (6, 2), (7, 3), (8, 2), (9, 3), (10, 2), (11, 3)]
length: 16 76
Estimated difference between T3^fnT3 - (T2^WT3 + h.c.) is: -1.6309455170006213e-06 2.659983279424424e-12
total cost: -7.7844565739569
singles alt: [(4, 0), (5, 1), (6, 0), (7, 1), (8, 0), (9, 1), (10, 0), (11, 1), (4, 2), (5, 3), (6, 2), (7, 3), (8, 2), (9, 3), (10, 2), (11, 3)]
length: 16 76
Estimated difference between T3^fnT3 - (T2^WT3 + h.c.) is: -1.6309455169477827e-06 2.6599832792520703e-12
total cost: -7.784456573956877
singles alt: [(4, 0), (5, 1), (6, 0), (7, 1), (8, 0), (9, 1), (10, 0), (11, 1), (4, 2), (5, 3), (6, 2), (7, 3), (8, 2), (9, 3), (10, 2), (11, 3)]
length: 16 76
Estimated difference between T3^fnT3 - (T2^WT3 + h.c.) is: -1.6309456162597956e-06 2.6599836031970444e-12
total cost: -7.784456573959887
singles alt: [(4, 0), (5, 1), (6, 0), (7, 1), (8, 0), (9, 1), (10, 0), (11, 1), (4, 2), (5, 3), (6, 2), (7, 3), (8, 2), (9, 3), (10, 2), (11, 3)]
length: 16 76
Estimated difference between T3^fnT3 - (T2^WT3 + h.c.) is: -1.6309454840969194e-06 2.6599831720961348e-12
total cost: -7.784456573959752
singles alt: [(4, 0), (5, 1), (6, 0), (7, 1), (8, 0), (9, 1), (10, 0), (11, 1), (4, 2), (5, 3), (6, 2), (7, 3), (8, 2), (9, 3), (10, 2), (11, 3)]
length: 16 76
Estimated difference between T3^fnT3 - (T2^WT3 + h.c.) is: -1.6309454840924974e-06 2.6599831720817108e-12
total cost: -7.784456573959749
singles alt: [(4, 0), (5, 1), (6, 0), (7, 1), (8, 0), (9, 1), (10, 0), (11, 1), (4, 2), (5, 3), (6, 2), (7, 3), (8, 2), (9, 3), (10, 2), (11, 3)]
length: 16 76
Estimated difference between T3^fnT3 - (T2^WT3 + h.c.) is: -1.6309454840818771e-06 2.6599831720470686e-12
total cost: -7.784456573959753
singles alt: [(4, 0), (5, 1), (6, 0), (7, 1), (8, 0), (9, 1), (10, 0), (11, 1), (4, 2), (5, 3), (6, 2), (7, 3), (8, 2), (9, 3), (10, 2), (11, 3)]
length: 16 76
Estimated difference between T3^fnT3 - (T2^WT3 + h.c.) is: -1.6309454840976046e-06 2.65998317209837e-12
total cost: -7.784456573959751
singles alt: [(4, 0), (5, 1), (6, 0), (7, 1), (8, 0), (9, 1), (10, 0), (11, 1), (4, 2), (5, 3), (6, 2), (7, 3), (8, 2), (9, 3), (10, 2), (11, 3)]
length: 16 76
Estimated difference between T3^fnT3 - (T2^WT3 + h.c.) is: -1.630945340649599e-06 2.6599827041866362e-12
total cost: -7.784456573957469
singles alt: [(4, 0), (5, 1), (6, 0), (7, 1), (8, 0), (9, 1), (10, 0), (11, 1), (4, 2), (5, 3), (6, 2), (7, 3), (8, 2), (9, 3), (10, 2), (11, 3)]
length: 16 76
Estimated difference between T3^fnT3 - (T2^WT3 + h.c.) is: -1.6309453409074182e-06 2.6599827050276148e-12
total cost: -7.784456573957304
singles alt: [(4, 0), (5, 1), (6, 0), (7, 1), (8, 0), (9, 1), (10, 0), (11, 1), (4, 2), (5, 3), (6, 2), (7, 3), (8, 2), (9, 3), (10, 2), (11, 3)]
length: 16 76
Estimated difference between T3^fnT3 - (T2^WT3 + h.c.) is: -1.630945204386848e-06 2.6599822597124573e-12
total cost: -7.784456573959755
singles alt: [(4, 0), (5, 1), (6, 0), (7, 1), (8, 0), (9, 1), (10, 0), (11, 1), (4, 2), (5, 3), (6, 2), (7, 3), (8, 2), (9, 3), (10, 2), (11, 3)]
length: 16 76
Estimated difference between T3^fnT3 - (T2^WT3 + h.c.) is: -1.6309457635647616e-06 2.659984083689843e-12
total cost: -7.784456573959748
singles alt: [(4, 0), (5, 1), (6, 0), (7, 1), (8, 0), (9, 1), (10, 0), (11, 1), (4, 2), (5, 3), (6, 2), (7, 3), (8, 2), (9, 3), (10, 2), (11, 3)]
length: 16 76
Estimated difference between T3^fnT3 - (T2^WT3 + h.c.) is: -1.630945484095471e-06 2.65998317209141e-12
total cost: -7.784456573959745
singles alt: [(4, 0), (5, 1), (6, 0), (7, 1), (8, 0), (9, 1), (10, 0), (11, 1), (4, 2), (5, 3), (6, 2), (7, 3), (8, 2), (9, 3), (10, 2), (11, 3)]
length: 16 76
Estimated difference between T3^fnT3 - (T2^WT3 + h.c.) is: -1.6309454840805905e-06 2.6599831720428717e-12
total cost: -7.78445657395975
singles alt: [(4, 0), (5, 1), (6, 0), (7, 1), (8, 0), (9, 1), (10, 0), (11, 1), (4, 2), (5, 3), (6, 2), (7, 3), (8, 2), (9, 3), (10, 2), (11, 3)]
length: 16 76
Estimated difference between T3^fnT3 - (T2^WT3 + h.c.) is: -1.6309454840853883e-06 2.6599831720585215e-12
total cost: -7.78445657395975
singles alt: [(4, 0), (5, 1), (6, 0), (7, 1), (8, 0), (9, 1), (10, 0), (11, 1), (4, 2), (5, 3), (6, 2), (7, 3), (8, 2), (9, 3), (10, 2), (11, 3)]
length: 16 76
Estimated difference between T3^fnT3 - (T2^WT3 + h.c.) is: -1.630945484094955e-06 2.6599831720897273e-12
total cost: -7.7844565739597495
singles alt: [(4, 0), (5, 1), (6, 0), (7, 1), (8, 0), (9, 1), (10, 0), (11, 1), (4, 2), (5, 3), (6, 2), (7, 3), (8, 2), (9, 3), (10, 2), (11, 3)]
length: 16 76
Estimated difference between T3^fnT3 - (T2^WT3 + h.c.) is: -1.6309454840955722e-06 2.6599831720917404e-12
total cost: -7.784456573969969
singles alt: [(4, 0), (5, 1), (6, 0), (7, 1), (8, 0), (9, 1), (10, 0), (11, 1), (4, 2), (5, 3), (6, 2), (7, 3), (8, 2), (9, 3), (10, 2), (11, 3)]
length: 16 76
Estimated difference between T3^fnT3 - (T2^WT3 + h.c.) is: -1.6309454840955722e-06 2.6599831720917404e-12
total cost: -7.78445657396991
singles alt: [(4, 0), (5, 1), (6, 0), (7, 1), (8, 0), (9, 1), (10, 0), (11, 1), (4, 2), (5, 3), (6, 2), (7, 3), (8, 2), (9, 3), (10, 2), (11, 3)]
length: 16 76
Estimated difference between T3^fnT3 - (T2^WT3 + h.c.) is: -1.6309454840955722e-06 2.6599831720917404e-12
total cost: -7.784456573959739
singles alt: [(4, 0), (5, 1), (6, 0), (7, 1), (8, 0), (9, 1), (10, 0), (11, 1), (4, 2), (5, 3), (6, 2), (7, 3), (8, 2), (9, 3), (10, 2), (11, 3)]
length: 16 76
Estimated difference between T3^fnT3 - (T2^WT3 + h.c.) is: -1.6309454840955722e-06 2.6599831720917404e-12
total cost: -7.784456573959726
singles alt: [(4, 0), (5, 1), (6, 0), (7, 1), (8, 0), (9, 1), (10, 0), (11, 1), (4, 2), (5, 3), (6, 2), (7, 3), (8, 2), (9, 3), (10, 2), (11, 3)]
length: 16 76
Estimated difference between T3^fnT3 - (T2^WT3 + h.c.) is: -1.6309454840955722e-06 2.6599831720917404e-12
total cost: -7.784456573959742
singles alt: [(4, 0), (5, 1), (6, 0), (7, 1), (8, 0), (9, 1), (10, 0), (11, 1), (4, 2), (5, 3), (6, 2), (7, 3), (8, 2), (9, 3), (10, 2), (11, 3)]
length: 16 76
Estimated difference between T3^fnT3 - (T2^WT3 + h.c.) is: -1.6309454840955722e-06 2.6599831720917404e-12
total cost: -7.784456573959735
singles alt: [(4, 0), (5, 1), (6, 0), (7, 1), (8, 0), (9, 1), (10, 0), (11, 1), (4, 2), (5, 3), (6, 2), (7, 3), (8, 2), (9, 3), (10, 2), (11, 3)]
length: 16 76
Estimated difference between T3^fnT3 - (T2^WT3 + h.c.) is: -1.6309454840955722e-06 2.6599831720917404e-12
total cost: -7.784456573958014
singles alt: [(4, 0), (5, 1), (6, 0), (7, 1), (8, 0), (9, 1), (10, 0), (11, 1), (4, 2), (5, 3), (6, 2), (7, 3), (8, 2), (9, 3), (10, 2), (11, 3)]
length: 16 76
Estimated difference between T3^fnT3 - (T2^WT3 + h.c.) is: -1.6309454840955722e-06 2.6599831720917404e-12
total cost: -7.784456573958137
singles alt: [(4, 0), (5, 1), (6, 0), (7, 1), (8, 0), (9, 1), (10, 0), (11, 1), (4, 2), (5, 3), (6, 2), (7, 3), (8, 2), (9, 3), (10, 2), (11, 3)]
length: 16 76
Estimated difference between T3^fnT3 - (T2^WT3 + h.c.) is: -1.6309454840955722e-06 2.6599831720917404e-12
total cost: -7.784456573960527
singles alt: [(4, 0), (5, 1), (6, 0), (7, 1), (8, 0), (9, 1), (10, 0), (11, 1), (4, 2), (5, 3), (6, 2), (7, 3), (8, 2), (9, 3), (10, 2), (11, 3)]
length: 16 76
Estimated difference between T3^fnT3 - (T2^WT3 + h.c.) is: -1.6309454840955722e-06 2.6599831720917404e-12
total cost: -7.78445657396056
singles alt: [(4, 0), (5, 1), (6, 0), (7, 1), (8, 0), (9, 1), (10, 0), (11, 1), (4, 2), (5, 3), (6, 2), (7, 3), (8, 2), (9, 3), (10, 2), (11, 3)]
length: 16 76
Estimated difference between T3^fnT3 - (T2^WT3 + h.c.) is: -1.6309454840955722e-06 2.6599831720917404e-12
total cost: -7.784456573959752
singles alt: [(4, 0), (5, 1), (6, 0), (7, 1), (8, 0), (9, 1), (10, 0), (11, 1), (4, 2), (5, 3), (6, 2), (7, 3), (8, 2), (9, 3), (10, 2), (11, 3)]
length: 16 76
Estimated difference between T3^fnT3 - (T2^WT3 + h.c.) is: -1.6309454840955722e-06 2.6599831720917404e-12
total cost: -7.78445657395975
singles alt: [(4, 0), (5, 1), (6, 0), (7, 1), (8, 0), (9, 1), (10, 0), (11, 1), (4, 2), (5, 3), (6, 2), (7, 3), (8, 2), (9, 3), (10, 2), (11, 3)]
length: 16 76
Estimated difference between T3^fnT3 - (T2^WT3 + h.c.) is: -1.6309454840955722e-06 2.6599831720917404e-12
total cost: -7.784456573959752
singles alt: [(4, 0), (5, 1), (6, 0), (7, 1), (8, 0), (9, 1), (10, 0), (11, 1), (4, 2), (5, 3), (6, 2), (7, 3), (8, 2), (9, 3), (10, 2), (11, 3)]
length: 16 76
Estimated difference between T3^fnT3 - (T2^WT3 + h.c.) is: -1.6309454840955722e-06 2.6599831720917404e-12
total cost: -7.784456573959752
singles alt: [(4, 0), (5, 1), (6, 0), (7, 1), (8, 0), (9, 1), (10, 0), (11, 1), (4, 2), (5, 3), (6, 2), (7, 3), (8, 2), (9, 3), (10, 2), (11, 3)]
length: 16 76
Estimated difference between T3^fnT3 - (T2^WT3 + h.c.) is: -1.6309454840955722e-06 2.6599831720917404e-12
total cost: -7.784456573960176
singles alt: [(4, 0), (5, 1), (6, 0), (7, 1), (8, 0), (9, 1), (10, 0), (11, 1), (4, 2), (5, 3), (6, 2), (7, 3), (8, 2), (9, 3), (10, 2), (11, 3)]
length: 16 76
Estimated difference between T3^fnT3 - (T2^WT3 + h.c.) is: -1.6309454840955722e-06 2.6599831720917404e-12
total cost: -7.7844565739601705
singles alt: [(4, 0), (5, 1), (6, 0), (7, 1), (8, 0), (9, 1), (10, 0), (11, 1), (4, 2), (5, 3), (6, 2), (7, 3), (8, 2), (9, 3), (10, 2), (11, 3)]
callback: energy=-7.784454943014
singles alt: [(4, 0), (5, 1), (6, 0), (7, 1), (8, 0), (9, 1), (10, 0), (11, 1), (4, 2), (5, 3), (6, 2), (7, 3), (8, 2), (9, 3), (10, 2), (11, 3)]
length: 16 76
Estimated difference between T3^fnT3 - (T2^WT3 + h.c.) is: -1.62734888238926e-06 2.648264385013574e-12
total cost: -7.784455248204
singles alt: [(4, 0), (5, 1), (6, 0), (7, 1), (8, 0), (9, 1), (10, 0), (11, 1), (4, 2), (5, 3), (6, 2), (7, 3), (8, 2), (9, 3), (10, 2), (11, 3)]
length: 16 76
Estimated difference between T3^fnT3 - (T2^WT3 + h.c.) is: -1.6273492200273722e-06 2.6482654839236965e-12
total cost: -7.784455248196478
singles alt: [(4, 0), (5, 1), (6, 0), (7, 1), (8, 0), (9, 1), (10, 0), (11, 1), (4, 2), (5, 3), (6, 2), (7, 3), (8, 2), (9, 3), (10, 2), (11, 3)]
length: 16 76
Estimated difference between T3^fnT3 - (T2^WT3 + h.c.) is: -1.627348966652848e-06 2.648264659266092e-12
total cost: -7.7844552481979425
singles alt: [(4, 0), (5, 1), (6, 0), (7, 1), (8, 0), (9, 1), (10, 0), (11, 1), (4, 2), (5, 3), (6, 2), (7, 3), (8, 2), (9, 3), (10, 2), (11, 3)]
length: 16 76
Estimated difference between T3^fnT3 - (T2^WT3 + h.c.) is: -1.6273489660705411e-06 2.648264657370859e-12
total cost: -7.784455248198227
singles alt: [(4, 0), (5, 1), (6, 0), (7, 1), (8, 0), (9, 1), (10, 0), (11, 1), (4, 2), (5, 3), (6, 2), (7, 3), (8, 2), (9, 3), (10, 2), (11, 3)]
length: 16 76
Estimated difference between T3^fnT3 - (T2^WT3 + h.c.) is: -1.627348949456696e-06 2.6482646032978125e-12
total cost: -7.784455248208496
singles alt: [(4, 0), (5, 1), (6, 0), (7, 1), (8, 0), (9, 1), (10, 0), (11, 1), (4, 2), (5, 3), (6, 2), (7, 3), (8, 2), (9, 3), (10, 2), (11, 3)]
length: 16 76
Estimated difference between T3^fnT3 - (T2^WT3 + h.c.) is: -1.6273488824406697e-06 2.6482643851808965e-12
total cost: -7.78445524820513
singles alt: [(4, 0), (5, 1), (6, 0), (7, 1), (8, 0), (9, 1), (10, 0), (11, 1), (4, 2), (5, 3), (6, 2), (7, 3), (8, 2), (9, 3), (10, 2), (11, 3)]
length: 16 76
Estimated difference between T3^fnT3 - (T2^WT3 + h.c.) is: -1.6273488823146314e-06 2.64826438477068e-12
total cost: -7.784455248203885
singles alt: [(4, 0), (5, 1), (6, 0), (7, 1), (8, 0), (9, 1), (10, 0), (11, 1), (4, 2), (5, 3), (6, 2), (7, 3), (8, 2), (9, 3), (10, 2), (11, 3)]
length: 16 76
Estimated difference between T3^fnT3 - (T2^WT3 + h.c.) is: -1.6273488824779971e-06 2.6482643853023863e-12
total cost: -7.7844552482039004
singles alt: [(4, 0), (5, 1), (6, 0), (7, 1), (8, 0), (9, 1), (10, 0), (11, 1), (4, 2), (5, 3), (6, 2), (7, 3), (8, 2), (9, 3), (10, 2), (11, 3)]
length: 16 76
Estimated difference between T3^fnT3 - (T2^WT3 + h.c.) is: -1.6273488824010059e-06 2.648264385051803e-12
total cost: -7.784455248204009
singles alt: [(4, 0), (5, 1), (6, 0), (7, 1), (8, 0), (9, 1), (10, 0), (11, 1), (4, 2), (5, 3), (6, 2), (7, 3), (8, 2), (9, 3), (10, 2), (11, 3)]
length: 16 76
Estimated difference between T3^fnT3 - (T2^WT3 + h.c.) is: -1.627348882379578e-06 2.6482643849820618e-12
total cost: -7.784455248205346
singles alt: [(4, 0), (5, 1), (6, 0), (7, 1), (8, 0), (9, 1), (10, 0), (11, 1), (4, 2), (5, 3), (6, 2), (7, 3), (8, 2), (9, 3), (10, 2), (11, 3)]
length: 16 76
Estimated difference between T3^fnT3 - (T2^WT3 + h.c.) is: -1.6273488823518405e-06 2.6482643848917844e-12
total cost: -7.7844552482039076
singles alt: [(4, 0), (5, 1), (6, 0), (7, 1), (8, 0), (9, 1), (10, 0), (11, 1), (4, 2), (5, 3), (6, 2), (7, 3), (8, 2), (9, 3), (10, 2), (11, 3)]
length: 16 76
Estimated difference between T3^fnT3 - (T2^WT3 + h.c.) is: -1.6273488822125531e-06 2.648264384438446e-12
total cost: -7.784455248203918
singles alt: [(4, 0), (5, 1), (6, 0), (7, 1), (8, 0), (9, 1), (10, 0), (11, 1), (4, 2), (5, 3), (6, 2), (7, 3), (8, 2), (9, 3), (10, 2), (11, 3)]
length: 16 76
Estimated difference between T3^fnT3 - (T2^WT3 + h.c.) is: -1.6273488824103211e-06 2.648264385082121e-12
total cost: -7.78445524820401
singles alt: [(4, 0), (5, 1), (6, 0), (7, 1), (8, 0), (9, 1), (10, 0), (11, 1), (4, 2), (5, 3), (6, 2), (7, 3), (8, 2), (9, 3), (10, 2), (11, 3)]
length: 16 76
Estimated difference between T3^fnT3 - (T2^WT3 + h.c.) is: -1.6273489444791119e-06 2.6482645870972795e-12
total cost: -7.784455248240189
singles alt: [(4, 0), (5, 1), (6, 0), (7, 1), (8, 0), (9, 1), (10, 0), (11, 1), (4, 2), (5, 3), (6, 2), (7, 3), (8, 2), (9, 3), (10, 2), (11, 3)]
length: 16 76
Estimated difference between T3^fnT3 - (T2^WT3 + h.c.) is: -1.6273486962201639e-06 2.648263779089467e-12
total cost: -7.784455248198709
singles alt: [(4, 0), (5, 1), (6, 0), (7, 1), (8, 0), (9, 1), (10, 0), (11, 1), (4, 2), (5, 3), (6, 2), (7, 3), (8, 2), (9, 3), (10, 2), (11, 3)]
length: 16 76
Estimated difference between T3^fnT3 - (T2^WT3 + h.c.) is: -1.6273488496066273e-06 2.6482642783160135e-12
total cost: -7.7844552481962745
singles alt: [(4, 0), (5, 1), (6, 0), (7, 1), (8, 0), (9, 1), (10, 0), (11, 1), (4, 2), (5, 3), (6, 2), (7, 3), (8, 2), (9, 3), (10, 2), (11, 3)]
length: 16 76
Estimated difference between T3^fnT3 - (T2^WT3 + h.c.) is: -1.6273487349528793e-06 2.6482639051527367e-12
total cost: -7.784455248206394
singles alt: [(4, 0), (5, 1), (6, 0), (7, 1), (8, 0), (9, 1), (10, 0), (11, 1), (4, 2), (5, 3), (6, 2), (7, 3), (8, 2), (9, 3), (10, 2), (11, 3)]
length: 16 76
Estimated difference between T3^fnT3 - (T2^WT3 + h.c.) is: -1.6273488825436403e-06 2.6482643855160347e-12
total cost: -7.784455248204602
singles alt: [(4, 0), (5, 1), (6, 0), (7, 1), (8, 0), (9, 1), (10, 0), (11, 1), (4, 2), (5, 3), (6, 2), (7, 3), (8, 2), (9, 3), (10, 2), (11, 3)]
length: 16 76
Estimated difference between T3^fnT3 - (T2^WT3 + h.c.) is: -1.6273488823025845e-06 2.648264384731471e-12
total cost: -7.784455248203932
singles alt: [(4, 0), (5, 1), (6, 0), (7, 1), (8, 0), (9, 1), (10, 0), (11, 1), (4, 2), (5, 3), (6, 2), (7, 3), (8, 2), (9, 3), (10, 2), (11, 3)]
length: 16 76
Estimated difference between T3^fnT3 - (T2^WT3 + h.c.) is: -1.6273488823549722e-06 2.648264384901977e-12
total cost: -7.784455248203943
singles alt: [(4, 0), (5, 1), (6, 0), (7, 1), (8, 0), (9, 1), (10, 0), (11, 1), (4, 2), (5, 3), (6, 2), (7, 3), (8, 2), (9, 3), (10, 2), (11, 3)]
length: 16 76
Estimated difference between T3^fnT3 - (T2^WT3 + h.c.) is: -1.6273488824267663e-06 2.648264385135645e-12
total cost: -7.784455248204007
singles alt: [(4, 0), (5, 1), (6, 0), (7, 1), (8, 0), (9, 1), (10, 0), (11, 1), (4, 2), (5, 3), (6, 2), (7, 3), (8, 2), (9, 3), (10, 2), (11, 3)]
length: 16 76
Estimated difference between T3^fnT3 - (T2^WT3 + h.c.) is: -1.6273490802654294e-06 2.6482650290407393e-12
total cost: -7.784455248206839
singles alt: [(4, 0), (5, 1), (6, 0), (7, 1), (8, 0), (9, 1), (10, 0), (11, 1), (4, 2), (5, 3), (6, 2), (7, 3), (8, 2), (9, 3), (10, 2), (11, 3)]
length: 16 76
Estimated difference between T3^fnT3 - (T2^WT3 + h.c.) is: -1.6273492222995122e-06 2.6482654913188273e-12
total cost: -7.784455248208061
singles alt: [(4, 0), (5, 1), (6, 0), (7, 1), (8, 0), (9, 1), (10, 0), (11, 1), (4, 2), (5, 3), (6, 2), (7, 3), (8, 2), (9, 3), (10, 2), (11, 3)]
length: 16 76
Estimated difference between T3^fnT3 - (T2^WT3 + h.c.) is: -1.6273491188432943e-06 2.6482651546000463e-12
total cost: -7.784455248207814
singles alt: [(4, 0), (5, 1), (6, 0), (7, 1), (8, 0), (9, 1), (10, 0), (11, 1), (4, 2), (5, 3), (6, 2), (7, 3), (8, 2), (9, 3), (10, 2), (11, 3)]
length: 16 76
Estimated difference between T3^fnT3 - (T2^WT3 + h.c.) is: -1.6273490622339363e-06 2.648264970353672e-12
total cost: -7.784455248206309
singles alt: [(4, 0), (5, 1), (6, 0), (7, 1), (8, 0), (9, 1), (10, 0), (11, 1), (4, 2), (5, 3), (6, 2), (7, 3), (8, 2), (9, 3), (10, 2), (11, 3)]
length: 16 76
Estimated difference between T3^fnT3 - (T2^WT3 + h.c.) is: -1.6273489038411015e-06 2.6482644548328346e-12
total cost: -7.78445524820502
singles alt: [(4, 0), (5, 1), (6, 0), (7, 1), (8, 0), (9, 1), (10, 0), (11, 1), (4, 2), (5, 3), (6, 2), (7, 3), (8, 2), (9, 3), (10, 2), (11, 3)]
length: 16 76
Estimated difference between T3^fnT3 - (T2^WT3 + h.c.) is: -1.6273490073068572e-06 2.6482647915826135e-12
total cost: -7.7844552482040035
singles alt: [(4, 0), (5, 1), (6, 0), (7, 1), (8, 0), (9, 1), (10, 0), (11, 1), (4, 2), (5, 3), (6, 2), (7, 3), (8, 2), (9, 3), (10, 2), (11, 3)]
length: 16 76
Estimated difference between T3^fnT3 - (T2^WT3 + h.c.) is: -1.6273490073636125e-06 2.648264791767335e-12
total cost: -7.784455248203977
singles alt: [(4, 0), (5, 1), (6, 0), (7, 1), (8, 0), (9, 1), (10, 0), (11, 1), (4, 2), (5, 3), (6, 2), (7, 3), (8, 2), (9, 3), (10, 2), (11, 3)]
length: 16 76
Estimated difference between T3^fnT3 - (T2^WT3 + h.c.) is: -1.627348901490575e-06 2.648264447182581e-12
total cost: -7.784455248204013
singles alt: [(4, 0), (5, 1), (6, 0), (7, 1), (8, 0), (9, 1), (10, 0), (11, 1), (4, 2), (5, 3), (6, 2), (7, 3), (8, 2), (9, 3), (10, 2), (11, 3)]
length: 16 76
Estimated difference between T3^fnT3 - (T2^WT3 + h.c.) is: -1.6273488829329843e-06 2.648264386783232e-12
total cost: -7.784455248187835
singles alt: [(4, 0), (5, 1), (6, 0), (7, 1), (8, 0), (9, 1), (10, 0), (11, 1), (4, 2), (5, 3), (6, 2), (7, 3), (8, 2), (9, 3), (10, 2), (11, 3)]
length: 16 76
Estimated difference between T3^fnT3 - (T2^WT3 + h.c.) is: -1.627348882502713e-06 2.6482643853828288e-12
total cost: -7.784455248204938
singles alt: [(4, 0), (5, 1), (6, 0), (7, 1), (8, 0), (9, 1), (10, 0), (11, 1), (4, 2), (5, 3), (6, 2), (7, 3), (8, 2), (9, 3), (10, 2), (11, 3)]
length: 16 76
Estimated difference between T3^fnT3 - (T2^WT3 + h.c.) is: -1.6273488822381979e-06 2.648264384521912e-12
total cost: -7.784455248204858
singles alt: [(4, 0), (5, 1), (6, 0), (7, 1), (8, 0), (9, 1), (10, 0), (11, 1), (4, 2), (5, 3), (6, 2), (7, 3), (8, 2), (9, 3), (10, 2), (11, 3)]
length: 16 76
Estimated difference between T3^fnT3 - (T2^WT3 + h.c.) is: -1.6273488824446946e-06 2.6482643851939965e-12
total cost: -7.784455248203908
singles alt: [(4, 0), (5, 1), (6, 0), (7, 1), (8, 0), (9, 1), (10, 0), (11, 1), (4, 2), (5, 3), (6, 2), (7, 3), (8, 2), (9, 3), (10, 2), (11, 3)]
length: 16 76
Estimated difference between T3^fnT3 - (T2^WT3 + h.c.) is: -1.6273488817200494e-06 2.6482643828354954e-12
total cost: -7.784455248207363
singles alt: [(4, 0), (5, 1), (6, 0), (7, 1), (8, 0), (9, 1), (10, 0), (11, 1), (4, 2), (5, 3), (6, 2), (7, 3), (8, 2), (9, 3), (10, 2), (11, 3)]
length: 16 76
Estimated difference between T3^fnT3 - (T2^WT3 + h.c.) is: -1.6273488824993036e-06 2.6482643853717325e-12
total cost: -7.784455248203818
singles alt: [(4, 0), (5, 1), (6, 0), (7, 1), (8, 0), (9, 1), (10, 0), (11, 1), (4, 2), (5, 3), (6, 2), (7, 3), (8, 2), (9, 3), (10, 2), (11, 3)]
length: 16 76
Estimated difference between T3^fnT3 - (T2^WT3 + h.c.) is: -1.6273488824741794e-06 2.6482643852899604e-12
total cost: -7.784455248203811
singles alt: [(4, 0), (5, 1), (6, 0), (7, 1), (8, 0), (9, 1), (10, 0), (11, 1), (4, 2), (5, 3), (6, 2), (7, 3), (8, 2), (9, 3), (10, 2), (11, 3)]
length: 16 76
Estimated difference between T3^fnT3 - (T2^WT3 + h.c.) is: -1.6273488823263713e-06 2.64826438480889e-12
total cost: -7.784455248204024
singles alt: [(4, 0), (5, 1), (6, 0), (7, 1), (8, 0), (9, 1), (10, 0), (11, 1), (4, 2), (5, 3), (6, 2), (7, 3), (8, 2), (9, 3), (10, 2), (11, 3)]
length: 16 76
Estimated difference between T3^fnT3 - (T2^WT3 + h.c.) is: -1.6273489039971658e-06 2.648264455340777e-12
total cost: -7.784455248204135
singles alt: [(4, 0), (5, 1), (6, 0), (7, 1), (8, 0), (9, 1), (10, 0), (11, 1), (4, 2), (5, 3), (6, 2), (7, 3), (8, 2), (9, 3), (10, 2), (11, 3)]
length: 16 76
Estimated difference between T3^fnT3 - (T2^WT3 + h.c.) is: -1.6273490073274177e-06 2.648264791649532e-12
total cost: -7.784455248204005
singles alt: [(4, 0), (5, 1), (6, 0), (7, 1), (8, 0), (9, 1), (10, 0), (11, 1), (4, 2), (5, 3), (6, 2), (7, 3), (8, 2), (9, 3), (10, 2), (11, 3)]
length: 16 76
Estimated difference between T3^fnT3 - (T2^WT3 + h.c.) is: -1.6273490073242422e-06 2.6482647916391962e-12
total cost: -7.784455248204026
singles alt: [(4, 0), (5, 1), (6, 0), (7, 1), (8, 0), (9, 1), (10, 0), (11, 1), (4, 2), (5, 3), (6, 2), (7, 3), (8, 2), (9, 3), (10, 2), (11, 3)]
length: 16 76
Estimated difference between T3^fnT3 - (T2^WT3 + h.c.) is: -1.6273489015142372e-06 2.6482644472595947e-12
total cost: -7.784455248204
singles alt: [(4, 0), (5, 1), (6, 0), (7, 1), (8, 0), (9, 1), (10, 0), (11, 1), (4, 2), (5, 3), (6, 2), (7, 3), (8, 2), (9, 3), (10, 2), (11, 3)]
length: 16 76
Estimated difference between T3^fnT3 - (T2^WT3 + h.c.) is: -1.6273490795174468e-06 2.6482650266062817e-12
total cost: -7.78445524821087
singles alt: [(4, 0), (5, 1), (6, 0), (7, 1), (8, 0), (9, 1), (10, 0), (11, 1), (4, 2), (5, 3), (6, 2), (7, 3), (8, 2), (9, 3), (10, 2), (11, 3)]
length: 16 76
Estimated difference between T3^fnT3 - (T2^WT3 + h.c.) is: -1.627349118564562e-06 2.648265153692857e-12
total cost: -7.784455248208157
singles alt: [(4, 0), (5, 1), (6, 0), (7, 1), (8, 0), (9, 1), (10, 0), (11, 1), (4, 2), (5, 3), (6, 2), (7, 3), (8, 2), (9, 3), (10, 2), (11, 3)]
length: 16 76
Estimated difference between T3^fnT3 - (T2^WT3 + h.c.) is: -1.6273492221520158e-06 2.648265490838771e-12
total cost: -7.784455248208148
singles alt: [(4, 0), (5, 1), (6, 0), (7, 1), (8, 0), (9, 1), (10, 0), (11, 1), (4, 2), (5, 3), (6, 2), (7, 3), (8, 2), (9, 3), (10, 2), (11, 3)]
length: 16 76
Estimated difference between T3^fnT3 - (T2^WT3 + h.c.) is: -1.6273490622433601e-06 2.648264970384344e-12
total cost: -7.784455248206343
singles alt: [(4, 0), (5, 1), (6, 0), (7, 1), (8, 0), (9, 1), (10, 0), (11, 1), (4, 2), (5, 3), (6, 2), (7, 3), (8, 2), (9, 3), (10, 2), (11, 3)]
length: 16 76
Estimated difference between T3^fnT3 - (T2^WT3 + h.c.) is: -1.6273488826604917e-06 2.648264385896351e-12
total cost: -7.784455248188147
singles alt: [(4, 0), (5, 1), (6, 0), (7, 1), (8, 0), (9, 1), (10, 0), (11, 1), (4, 2), (5, 3), (6, 2), (7, 3), (8, 2), (9, 3), (10, 2), (11, 3)]
length: 16 76
Estimated difference between T3^fnT3 - (T2^WT3 + h.c.) is: -1.6273488822875306e-06 2.648264384682475e-12
total cost: -7.784455248204878
singles alt: [(4, 0), (5, 1), (6, 0), (7, 1), (8, 0), (9, 1), (10, 0), (11, 1), (4, 2), (5, 3), (6, 2), (7, 3), (8, 2), (9, 3), (10, 2), (11, 3)]
length: 16 76
Estimated difference between T3^fnT3 - (T2^WT3 + h.c.) is: -1.6273488824125785e-06 2.648264385089468e-12
total cost: -7.7844552482048535
singles alt: [(4, 0), (5, 1), (6, 0), (7, 1), (8, 0), (9, 1), (10, 0), (11, 1), (4, 2), (5, 3), (6, 2), (7, 3), (8, 2), (9, 3), (10, 2), (11, 3)]
length: 16 76
Estimated difference between T3^fnT3 - (T2^WT3 + h.c.) is: -1.6273488824908852e-06 2.648264385344333e-12
total cost: -7.784455248203905
singles alt: [(4, 0), (5, 1), (6, 0), (7, 1), (8, 0), (9, 1), (10, 0), (11, 1), (4, 2), (5, 3), (6, 2), (7, 3), (8, 2), (9, 3), (10, 2), (11, 3)]
length: 16 76
Estimated difference between T3^fnT3 - (T2^WT3 + h.c.) is: -1.6273489457599174e-06 2.6482645912659143e-12
total cost: -7.784455248164008
singles alt: [(4, 0), (5, 1), (6, 0), (7, 1), (8, 0), (9, 1), (10, 0), (11, 1), (4, 2), (5, 3), (6, 2), (7, 3), (8, 2), (9, 3), (10, 2), (11, 3)]
length: 16 76
Estimated difference between T3^fnT3 - (T2^WT3 + h.c.) is: -1.627348849545035e-06 2.6482642781155486e-12
total cost: -7.78445524820017
singles alt: [(4, 0), (5, 1), (6, 0), (7, 1), (8, 0), (9, 1), (10, 0), (11, 1), (4, 2), (5, 3), (6, 2), (7, 3), (8, 2), (9, 3), (10, 2), (11, 3)]
length: 16 76
Estimated difference between T3^fnT3 - (T2^WT3 + h.c.) is: -1.627348694456552e-06 2.648263773349444e-12
total cost: -7.7844552482071
singles alt: [(4, 0), (5, 1), (6, 0), (7, 1), (8, 0), (9, 1), (10, 0), (11, 1), (4, 2), (5, 3), (6, 2), (7, 3), (8, 2), (9, 3), (10, 2), (11, 3)]
length: 16 76
Estimated difference between T3^fnT3 - (T2^WT3 + h.c.) is: -1.6273487349246712e-06 2.6482639050609278e-12
total cost: -7.7844552482058695
singles alt: [(4, 0), (5, 1), (6, 0), (7, 1), (8, 0), (9, 1), (10, 0), (11, 1), (4, 2), (5, 3), (6, 2), (7, 3), (8, 2), (9, 3), (10, 2), (11, 3)]
length: 16 76
Estimated difference between T3^fnT3 - (T2^WT3 + h.c.) is: -1.6273488829554813e-06 2.6482643868564527e-12
total cost: -7.78445524817538
singles alt: [(4, 0), (5, 1), (6, 0), (7, 1), (8, 0), (9, 1), (10, 0), (11, 1), (4, 2), (5, 3), (6, 2), (7, 3), (8, 2), (9, 3), (10, 2), (11, 3)]
length: 16 76
Estimated difference between T3^fnT3 - (T2^WT3 + h.c.) is: -1.627348882254883e-06 2.648264384576217e-12
total cost: -7.784455248205549
singles alt: [(4, 0), (5, 1), (6, 0), (7, 1), (8, 0), (9, 1), (10, 0), (11, 1), (4, 2), (5, 3), (6, 2), (7, 3), (8, 2), (9, 3), (10, 2), (11, 3)]
length: 16 76
Estimated difference between T3^fnT3 - (T2^WT3 + h.c.) is: -1.6273488822073377e-06 2.6482643844214716e-12
total cost: -7.7844552482055995
singles alt: [(4, 0), (5, 1), (6, 0), (7, 1), (8, 0), (9, 1), (10, 0), (11, 1), (4, 2), (5, 3), (6, 2), (7, 3), (8, 2), (9, 3), (10, 2), (11, 3)]
length: 16 76
Estimated difference between T3^fnT3 - (T2^WT3 + h.c.) is: -1.6273488825380583e-06 2.648264385497867e-12
total cost: -7.784455248203834
singles alt: [(4, 0), (5, 1), (6, 0), (7, 1), (8, 0), (9, 1), (10, 0), (11, 1), (4, 2), (5, 3), (6, 2), (7, 3), (8, 2), (9, 3), (10, 2), (11, 3)]
length: 16 76
Estimated difference between T3^fnT3 - (T2^WT3 + h.c.) is: -1.6273488829893325e-06 2.6482643869666284e-12
total cost: -7.784455248185546
singles alt: [(4, 0), (5, 1), (6, 0), (7, 1), (8, 0), (9, 1), (10, 0), (11, 1), (4, 2), (5, 3), (6, 2), (7, 3), (8, 2), (9, 3), (10, 2), (11, 3)]
length: 16 76
Estimated difference between T3^fnT3 - (T2^WT3 + h.c.) is: -1.6273488822090326e-06 2.648264384426988e-12
total cost: -7.784455248204988
singles alt: [(4, 0), (5, 1), (6, 0), (7, 1), (8, 0), (9, 1), (10, 0), (11, 1), (4, 2), (5, 3), (6, 2), (7, 3), (8, 2), (9, 3), (10, 2), (11, 3)]
length: 16 76
Estimated difference between T3^fnT3 - (T2^WT3 + h.c.) is: -1.6273488827922093e-06 2.6482643863250517e-12
total cost: -7.784455248205014
singles alt: [(4, 0), (5, 1), (6, 0), (7, 1), (8, 0), (9, 1), (10, 0), (11, 1), (4, 2), (5, 3), (6, 2), (7, 3), (8, 2), (9, 3), (10, 2), (11, 3)]
length: 16 76
Estimated difference between T3^fnT3 - (T2^WT3 + h.c.) is: -1.6273488824531651e-06 2.6482643852215653e-12
total cost: -7.784455248203888
singles alt: [(4, 0), (5, 1), (6, 0), (7, 1), (8, 0), (9, 1), (10, 0), (11, 1), (4, 2), (5, 3), (6, 2), (7, 3), (8, 2), (9, 3), (10, 2), (11, 3)]
length: 16 76
Estimated difference between T3^fnT3 - (T2^WT3 + h.c.) is: -1.6273490665256307e-06 2.6482649843218415e-12
total cost: -7.784455248205813
singles alt: [(4, 0), (5, 1), (6, 0), (7, 1), (8, 0), (9, 1), (10, 0), (11, 1), (4, 2), (5, 3), (6, 2), (7, 3), (8, 2), (9, 3), (10, 2), (11, 3)]
length: 16 76
Estimated difference between T3^fnT3 - (T2^WT3 + h.c.) is: -1.627348912616477e-06 2.64826448339403e-12
total cost: -7.784455248204026
singles alt: [(4, 0), (5, 1), (6, 0), (7, 1), (8, 0), (9, 1), (10, 0), (11, 1), (4, 2), (5, 3), (6, 2), (7, 3), (8, 2), (9, 3), (10, 2), (11, 3)]
length: 16 76
Estimated difference between T3^fnT3 - (T2^WT3 + h.c.) is: -1.6273489125959851e-06 2.648264483327335e-12
total cost: -7.784455248204197
singles alt: [(4, 0), (5, 1), (6, 0), (7, 1), (8, 0), (9, 1), (10, 0), (11, 1), (4, 2), (5, 3), (6, 2), (7, 3), (8, 2), (9, 3), (10, 2), (11, 3)]
length: 16 76
Estimated difference between T3^fnT3 - (T2^WT3 + h.c.) is: -1.627349014456822e-06 2.64826481485359e-12
total cost: -7.78445524820314
singles alt: [(4, 0), (5, 1), (6, 0), (7, 1), (8, 0), (9, 1), (10, 0), (11, 1), (4, 2), (5, 3), (6, 2), (7, 3), (8, 2), (9, 3), (10, 2), (11, 3)]
length: 16 76
Estimated difference between T3^fnT3 - (T2^WT3 + h.c.) is: -1.6273488823432336e-06 2.6482643848637713e-12
total cost: -7.784455248204001
singles alt: [(4, 0), (5, 1), (6, 0), (7, 1), (8, 0), (9, 1), (10, 0), (11, 1), (4, 2), (5, 3), (6, 2), (7, 3), (8, 2), (9, 3), (10, 2), (11, 3)]
length: 16 76
Estimated difference between T3^fnT3 - (T2^WT3 + h.c.) is: -1.6273488824358649e-06 2.6482643851652585e-12
total cost: -7.784455248204022
singles alt: [(4, 0), (5, 1), (6, 0), (7, 1), (8, 0), (9, 1), (10, 0), (11, 1), (4, 2), (5, 3), (6, 2), (7, 3), (8, 2), (9, 3), (10, 2), (11, 3)]
length: 16 76
Estimated difference between T3^fnT3 - (T2^WT3 + h.c.) is: -1.627348882517219e-06 2.6482643854300415e-12
total cost: -7.784455248204012
singles alt: [(4, 0), (5, 1), (6, 0), (7, 1), (8, 0), (9, 1), (10, 0), (11, 1), (4, 2), (5, 3), (6, 2), (7, 3), (8, 2), (9, 3), (10, 2), (11, 3)]
length: 16 76
Estimated difference between T3^fnT3 - (T2^WT3 + h.c.) is: -1.6273488823209505e-06 2.648264384791247e-12
total cost: -7.784455248204005
singles alt: [(4, 0), (5, 1), (6, 0), (7, 1), (8, 0), (9, 1), (10, 0), (11, 1), (4, 2), (5, 3), (6, 2), (7, 3), (8, 2), (9, 3), (10, 2), (11, 3)]
length: 16 76
Estimated difference between T3^fnT3 - (T2^WT3 + h.c.) is: -1.6273487327685941e-06 2.648263898043549e-12
total cost: -7.784455248208331
singles alt: [(4, 0), (5, 1), (6, 0), (7, 1), (8, 0), (9, 1), (10, 0), (11, 1), (4, 2), (5, 3), (6, 2), (7, 3), (8, 2), (9, 3), (10, 2), (11, 3)]
length: 16 76
Estimated difference between T3^fnT3 - (T2^WT3 + h.c.) is: -1.6273487341521958e-06 2.648263902546754e-12
total cost: -7.78445524821058
singles alt: [(4, 0), (5, 1), (6, 0), (7, 1), (8, 0), (9, 1), (10, 0), (11, 1), (4, 2), (5, 3), (6, 2), (7, 3), (8, 2), (9, 3), (10, 2), (11, 3)]
length: 16 76
Estimated difference between T3^fnT3 - (T2^WT3 + h.c.) is: -1.627348601678222e-06 2.6482634713840642e-12
total cost: -7.78445524820403
singles alt: [(4, 0), (5, 1), (6, 0), (7, 1), (8, 0), (9, 1), (10, 0), (11, 1), (4, 2), (5, 3), (6, 2), (7, 3), (8, 2), (9, 3), (10, 2), (11, 3)]
length: 16 76
Estimated difference between T3^fnT3 - (T2^WT3 + h.c.) is: -1.6273491607927429e-06 2.6482652911328445e-12
total cost: -7.78445524820401
singles alt: [(4, 0), (5, 1), (6, 0), (7, 1), (8, 0), (9, 1), (10, 0), (11, 1), (4, 2), (5, 3), (6, 2), (7, 3), (8, 2), (9, 3), (10, 2), (11, 3)]
length: 16 76
Estimated difference between T3^fnT3 - (T2^WT3 + h.c.) is: -1.6273488824042818e-06 2.648264385062465e-12
total cost: -7.784455248204099
singles alt: [(4, 0), (5, 1), (6, 0), (7, 1), (8, 0), (9, 1), (10, 0), (11, 1), (4, 2), (5, 3), (6, 2), (7, 3), (8, 2), (9, 3), (10, 2), (11, 3)]
length: 16 76
Estimated difference between T3^fnT3 - (T2^WT3 + h.c.) is: -1.627348882655347e-06 2.6482643858796065e-12
total cost: -7.784455248204036
singles alt: [(4, 0), (5, 1), (6, 0), (7, 1), (8, 0), (9, 1), (10, 0), (11, 1), (4, 2), (5, 3), (6, 2), (7, 3), (8, 2), (9, 3), (10, 2), (11, 3)]
length: 16 76
Estimated difference between T3^fnT3 - (T2^WT3 + h.c.) is: -1.6273488825931278e-06 2.6482643856771015e-12
total cost: -7.784455248204018
singles alt: [(4, 0), (5, 1), (6, 0), (7, 1), (8, 0), (9, 1), (10, 0), (11, 1), (4, 2), (5, 3), (6, 2), (7, 3), (8, 2), (9, 3), (10, 2), (11, 3)]
length: 16 76
Estimated difference between T3^fnT3 - (T2^WT3 + h.c.) is: -1.6273488824275438e-06 2.648264385138176e-12
total cost: -7.784455248204028
singles alt: [(4, 0), (5, 1), (6, 0), (7, 1), (8, 0), (9, 1), (10, 0), (11, 1), (4, 2), (5, 3), (6, 2), (7, 3), (8, 2), (9, 3), (10, 2), (11, 3)]
length: 16 76
Estimated difference between T3^fnT3 - (T2^WT3 + h.c.) is: -1.62734888238926e-06 2.648264385013574e-12
total cost: -7.784455248188637
singles alt: [(4, 0), (5, 1), (6, 0), (7, 1), (8, 0), (9, 1), (10, 0), (11, 1), (4, 2), (5, 3), (6, 2), (7, 3), (8, 2), (9, 3), (10, 2), (11, 3)]
length: 16 76
Estimated difference between T3^fnT3 - (T2^WT3 + h.c.) is: -1.62734888238926e-06 2.648264385013574e-12
total cost: -7.784455248190437
singles alt: [(4, 0), (5, 1), (6, 0), (7, 1), (8, 0), (9, 1), (10, 0), (11, 1), (4, 2), (5, 3), (6, 2), (7, 3), (8, 2), (9, 3), (10, 2), (11, 3)]
length: 16 76
Estimated difference between T3^fnT3 - (T2^WT3 + h.c.) is: -1.62734888238926e-06 2.648264385013574e-12
total cost: -7.78445524820427
singles alt: [(4, 0), (5, 1), (6, 0), (7, 1), (8, 0), (9, 1), (10, 0), (11, 1), (4, 2), (5, 3), (6, 2), (7, 3), (8, 2), (9, 3), (10, 2), (11, 3)]
length: 16 76
Estimated difference between T3^fnT3 - (T2^WT3 + h.c.) is: -1.62734888238926e-06 2.648264385013574e-12
total cost: -7.7844552482044795
singles alt: [(4, 0), (5, 1), (6, 0), (7, 1), (8, 0), (9, 1), (10, 0), (11, 1), (4, 2), (5, 3), (6, 2), (7, 3), (8, 2), (9, 3), (10, 2), (11, 3)]
length: 16 76
Estimated difference between T3^fnT3 - (T2^WT3 + h.c.) is: -1.62734888238926e-06 2.648264385013574e-12
total cost: -7.78445524820418
singles alt: [(4, 0), (5, 1), (6, 0), (7, 1), (8, 0), (9, 1), (10, 0), (11, 1), (4, 2), (5, 3), (6, 2), (7, 3), (8, 2), (9, 3), (10, 2), (11, 3)]
length: 16 76
Estimated difference between T3^fnT3 - (T2^WT3 + h.c.) is: -1.62734888238926e-06 2.648264385013574e-12
total cost: -7.784455248204301
singles alt: [(4, 0), (5, 1), (6, 0), (7, 1), (8, 0), (9, 1), (10, 0), (11, 1), (4, 2), (5, 3), (6, 2), (7, 3), (8, 2), (9, 3), (10, 2), (11, 3)]
length: 16 76
Estimated difference between T3^fnT3 - (T2^WT3 + h.c.) is: -1.62734888238926e-06 2.648264385013574e-12
total cost: -7.784455248190505
singles alt: [(4, 0), (5, 1), (6, 0), (7, 1), (8, 0), (9, 1), (10, 0), (11, 1), (4, 2), (5, 3), (6, 2), (7, 3), (8, 2), (9, 3), (10, 2), (11, 3)]
length: 16 76
Estimated difference between T3^fnT3 - (T2^WT3 + h.c.) is: -1.62734888238926e-06 2.648264385013574e-12
total cost: -7.78445524818827
singles alt: [(4, 0), (5, 1), (6, 0), (7, 1), (8, 0), (9, 1), (10, 0), (11, 1), (4, 2), (5, 3), (6, 2), (7, 3), (8, 2), (9, 3), (10, 2), (11, 3)]
length: 16 76
Estimated difference between T3^fnT3 - (T2^WT3 + h.c.) is: -1.62734888238926e-06 2.648264385013574e-12
total cost: -7.784455248203236
singles alt: [(4, 0), (5, 1), (6, 0), (7, 1), (8, 0), (9, 1), (10, 0), (11, 1), (4, 2), (5, 3), (6, 2), (7, 3), (8, 2), (9, 3), (10, 2), (11, 3)]
length: 16 76
Estimated difference between T3^fnT3 - (T2^WT3 + h.c.) is: -1.62734888238926e-06 2.648264385013574e-12
total cost: -7.784455248203122
singles alt: [(4, 0), (5, 1), (6, 0), (7, 1), (8, 0), (9, 1), (10, 0), (11, 1), (4, 2), (5, 3), (6, 2), (7, 3), (8, 2), (9, 3), (10, 2), (11, 3)]
length: 16 76
Estimated difference between T3^fnT3 - (T2^WT3 + h.c.) is: -1.62734888238926e-06 2.648264385013574e-12
total cost: -7.784455248203977
singles alt: [(4, 0), (5, 1), (6, 0), (7, 1), (8, 0), (9, 1), (10, 0), (11, 1), (4, 2), (5, 3), (6, 2), (7, 3), (8, 2), (9, 3), (10, 2), (11, 3)]
length: 16 76
Estimated difference between T3^fnT3 - (T2^WT3 + h.c.) is: -1.62734888238926e-06 2.648264385013574e-12
total cost: -7.7844552482039555
singles alt: [(4, 0), (5, 1), (6, 0), (7, 1), (8, 0), (9, 1), (10, 0), (11, 1), (4, 2), (5, 3), (6, 2), (7, 3), (8, 2), (9, 3), (10, 2), (11, 3)]
length: 16 76
Estimated difference between T3^fnT3 - (T2^WT3 + h.c.) is: -1.62734888238926e-06 2.648264385013574e-12
total cost: -7.784455248203977
singles alt: [(4, 0), (5, 1), (6, 0), (7, 1), (8, 0), (9, 1), (10, 0), (11, 1), (4, 2), (5, 3), (6, 2), (7, 3), (8, 2), (9, 3), (10, 2), (11, 3)]
length: 16 76
Estimated difference between T3^fnT3 - (T2^WT3 + h.c.) is: -1.62734888238926e-06 2.648264385013574e-12
total cost: -7.784455248203972
singles alt: [(4, 0), (5, 1), (6, 0), (7, 1), (8, 0), (9, 1), (10, 0), (11, 1), (4, 2), (5, 3), (6, 2), (7, 3), (8, 2), (9, 3), (10, 2), (11, 3)]
length: 16 76
Estimated difference between T3^fnT3 - (T2^WT3 + h.c.) is: -1.62734888238926e-06 2.648264385013574e-12
total cost: -7.7844552482036855
singles alt: [(4, 0), (5, 1), (6, 0), (7, 1), (8, 0), (9, 1), (10, 0), (11, 1), (4, 2), (5, 3), (6, 2), (7, 3), (8, 2), (9, 3), (10, 2), (11, 3)]
length: 16 76
Estimated difference between T3^fnT3 - (T2^WT3 + h.c.) is: -1.62734888238926e-06 2.648264385013574e-12
total cost: -7.784455248203893
singles alt: [(4, 0), (5, 1), (6, 0), (7, 1), (8, 0), (9, 1), (10, 0), (11, 1), (4, 2), (5, 3), (6, 2), (7, 3), (8, 2), (9, 3), (10, 2), (11, 3)]
length: 16 76
Estimated difference between T3^fnT3 - (T2^WT3 + h.c.) is: -1.6301742640008042e-06 2.6574681310105634e-12
total cost: -7.784456667526017
singles alt: [(4, 0), (5, 1), (6, 0), (7, 1), (8, 0), (9, 1), (10, 0), (11, 1), (4, 2), (5, 3), (6, 2), (7, 3), (8, 2), (9, 3), (10, 2), (11, 3)]
length: 16 76
Estimated difference between T3^fnT3 - (T2^WT3 + h.c.) is: -1.6301745974693138e-06 2.6574692182342393e-12
total cost: -7.7844566675290725
singles alt: [(4, 0), (5, 1), (6, 0), (7, 1), (8, 0), (9, 1), (10, 0), (11, 1), (4, 2), (5, 3), (6, 2), (7, 3), (8, 2), (9, 3), (10, 2), (11, 3)]
length: 16 76
Estimated difference between T3^fnT3 - (T2^WT3 + h.c.) is: -1.6301743410319747e-06 2.657468382159033e-12
total cost: -7.784456667522609
singles alt: [(4, 0), (5, 1), (6, 0), (7, 1), (8, 0), (9, 1), (10, 0), (11, 1), (4, 2), (5, 3), (6, 2), (7, 3), (8, 2), (9, 3), (10, 2), (11, 3)]
length: 16 76
Estimated difference between T3^fnT3 - (T2^WT3 + h.c.) is: -1.6301743409643226e-06 2.6574683819384635e-12
total cost: -7.784456667522663
singles alt: [(4, 0), (5, 1), (6, 0), (7, 1), (8, 0), (9, 1), (10, 0), (11, 1), (4, 2), (5, 3), (6, 2), (7, 3), (8, 2), (9, 3), (10, 2), (11, 3)]
length: 16 76
Estimated difference between T3^fnT3 - (T2^WT3 + h.c.) is: -1.6301743309807095e-06 2.657468349388404e-12
total cost: -7.78445666752408
singles alt: [(4, 0), (5, 1), (6, 0), (7, 1), (8, 0), (9, 1), (10, 0), (11, 1), (4, 2), (5, 3), (6, 2), (7, 3), (8, 2), (9, 3), (10, 2), (11, 3)]
length: 16 76
Estimated difference between T3^fnT3 - (T2^WT3 + h.c.) is: -1.6301742640078053e-06 2.6574681310333897e-12
total cost: -7.784456667526194
singles alt: [(4, 0), (5, 1), (6, 0), (7, 1), (8, 0), (9, 1), (10, 0), (11, 1), (4, 2), (5, 3), (6, 2), (7, 3), (8, 2), (9, 3), (10, 2), (11, 3)]
length: 16 76
Estimated difference between T3^fnT3 - (T2^WT3 + h.c.) is: -1.6301742639847408e-06 2.6574681309581914e-12
total cost: -7.784456667525999
singles alt: [(4, 0), (5, 1), (6, 0), (7, 1), (8, 0), (9, 1), (10, 0), (11, 1), (4, 2), (5, 3), (6, 2), (7, 3), (8, 2), (9, 3), (10, 2), (11, 3)]
length: 16 76
Estimated difference between T3^fnT3 - (T2^WT3 + h.c.) is: -1.6301742640120409e-06 2.6574681310471993e-12
total cost: -7.784456667526001
singles alt: [(4, 0), (5, 1), (6, 0), (7, 1), (8, 0), (9, 1), (10, 0), (11, 1), (4, 2), (5, 3), (6, 2), (7, 3), (8, 2), (9, 3), (10, 2), (11, 3)]
length: 16 76
Estimated difference between T3^fnT3 - (T2^WT3 + h.c.) is: -1.630174264002621e-06 2.6574681310164874e-12
total cost: -7.784456667526017
singles alt: [(4, 0), (5, 1), (6, 0), (7, 1), (8, 0), (9, 1), (10, 0), (11, 1), (4, 2), (5, 3), (6, 2), (7, 3), (8, 2), (9, 3), (10, 2), (11, 3)]
length: 16 76
Estimated difference between T3^fnT3 - (T2^WT3 + h.c.) is: -1.6301742639985254e-06 2.657468131003134e-12
total cost: -7.784456667526228
singles alt: [(4, 0), (5, 1), (6, 0), (7, 1), (8, 0), (9, 1), (10, 0), (11, 1), (4, 2), (5, 3), (6, 2), (7, 3), (8, 2), (9, 3), (10, 2), (11, 3)]
length: 16 76
Estimated difference between T3^fnT3 - (T2^WT3 + h.c.) is: -1.630174263990366e-06 2.6574681309765315e-12
total cost: -7.784456667526004
singles alt: [(4, 0), (5, 1), (6, 0), (7, 1), (8, 0), (9, 1), (10, 0), (11, 1), (4, 2), (5, 3), (6, 2), (7, 3), (8, 2), (9, 3), (10, 2), (11, 3)]
length: 16 76
Estimated difference between T3^fnT3 - (T2^WT3 + h.c.) is: -1.6301742639698794e-06 2.657468130909738e-12
total cost: -7.784456667526006
singles alt: [(4, 0), (5, 1), (6, 0), (7, 1), (8, 0), (9, 1), (10, 0), (11, 1), (4, 2), (5, 3), (6, 2), (7, 3), (8, 2), (9, 3), (10, 2), (11, 3)]
length: 16 76
Estimated difference between T3^fnT3 - (T2^WT3 + h.c.) is: -1.6301742640040699e-06 2.657468131021211e-12
total cost: -7.784456667526015
singles alt: [(4, 0), (5, 1), (6, 0), (7, 1), (8, 0), (9, 1), (10, 0), (11, 1), (4, 2), (5, 3), (6, 2), (7, 3), (8, 2), (9, 3), (10, 2), (11, 3)]
length: 16 76
Estimated difference between T3^fnT3 - (T2^WT3 + h.c.) is: -1.6301743262888547e-06 2.657468334091321e-12
total cost: -7.784456667531589
singles alt: [(4, 0), (5, 1), (6, 0), (7, 1), (8, 0), (9, 1), (10, 0), (11, 1), (4, 2), (5, 3), (6, 2), (7, 3), (8, 2), (9, 3), (10, 2), (11, 3)]
length: 16 76
Estimated difference between T3^fnT3 - (T2^WT3 + h.c.) is: -1.6301740792044407e-06 2.657467528510046e-12
total cost: -7.784456667523857
singles alt: [(4, 0), (5, 1), (6, 0), (7, 1), (8, 0), (9, 1), (10, 0), (11, 1), (4, 2), (5, 3), (6, 2), (7, 3), (8, 2), (9, 3), (10, 2), (11, 3)]
length: 16 76
Estimated difference between T3^fnT3 - (T2^WT3 + h.c.) is: -1.630174228219784e-06 2.6574680143519686e-12
total cost: -7.784456667525559
singles alt: [(4, 0), (5, 1), (6, 0), (7, 1), (8, 0), (9, 1), (10, 0), (11, 1), (4, 2), (5, 3), (6, 2), (7, 3), (8, 2), (9, 3), (10, 2), (11, 3)]
length: 16 76
Estimated difference between T3^fnT3 - (T2^WT3 + h.c.) is: -1.6301741171902795e-06 2.657467652357107e-12
total cost: -7.784456667525092
singles alt: [(4, 0), (5, 1), (6, 0), (7, 1), (8, 0), (9, 1), (10, 0), (11, 1), (4, 2), (5, 3), (6, 2), (7, 3), (8, 2), (9, 3), (10, 2), (11, 3)]
length: 16 76
Estimated difference between T3^fnT3 - (T2^WT3 + h.c.) is: -1.6301742640239159e-06 2.6574681310859156e-12
total cost: -7.784456667526112
singles alt: [(4, 0), (5, 1), (6, 0), (7, 1), (8, 0), (9, 1), (10, 0), (11, 1), (4, 2), (5, 3), (6, 2), (7, 3), (8, 2), (9, 3), (10, 2), (11, 3)]
length: 16 76
Estimated difference between T3^fnT3 - (T2^WT3 + h.c.) is: -1.6301742639896835e-06 2.657468130974306e-12
total cost: -7.784456667526002
singles alt: [(4, 0), (5, 1), (6, 0), (7, 1), (8, 0), (9, 1), (10, 0), (11, 1), (4, 2), (5, 3), (6, 2), (7, 3), (8, 2), (9, 3), (10, 2), (11, 3)]
length: 16 76
Estimated difference between T3^fnT3 - (T2^WT3 + h.c.) is: -1.6301742639940292e-06 2.6574681309884747e-12
total cost: -7.784456667526009
singles alt: [(4, 0), (5, 1), (6, 0), (7, 1), (8, 0), (9, 1), (10, 0), (11, 1), (4, 2), (5, 3), (6, 2), (7, 3), (8, 2), (9, 3), (10, 2), (11, 3)]
length: 16 76
Estimated difference between T3^fnT3 - (T2^WT3 + h.c.) is: -1.630174264006619e-06 2.657468131029522e-12
total cost: -7.784456667526016
singles alt: [(4, 0), (5, 1), (6, 0), (7, 1), (8, 0), (9, 1), (10, 0), (11, 1), (4, 2), (5, 3), (6, 2), (7, 3), (8, 2), (9, 3), (10, 2), (11, 3)]
length: 16 76
Estimated difference between T3^fnT3 - (T2^WT3 + h.c.) is: -1.630174463452305e-06 2.657468781292011e-12
total cost: -7.784456667523598
singles alt: [(4, 0), (5, 1), (6, 0), (7, 1), (8, 0), (9, 1), (10, 0), (11, 1), (4, 2), (5, 3), (6, 2), (7, 3), (8, 2), (9, 3), (10, 2), (11, 3)]
length: 16 76
Estimated difference between T3^fnT3 - (T2^WT3 + h.c.) is: -1.630174609893901e-06 2.6574692587427324e-12
total cost: -7.7844566675261175
singles alt: [(4, 0), (5, 1), (6, 0), (7, 1), (8, 0), (9, 1), (10, 0), (11, 1), (4, 2), (5, 3), (6, 2), (7, 3), (8, 2), (9, 3), (10, 2), (11, 3)]
length: 16 76
Estimated difference between T3^fnT3 - (T2^WT3 + h.c.) is: -1.6301745044370823e-06 2.6574689149166867e-12
total cost: -7.784456667526042
singles alt: [(4, 0), (5, 1), (6, 0), (7, 1), (8, 0), (9, 1), (10, 0), (11, 1), (4, 2), (5, 3), (6, 2), (7, 3), (8, 2), (9, 3), (10, 2), (11, 3)]
length: 16 76
Estimated difference between T3^fnT3 - (T2^WT3 + h.c.) is: -1.6301744446001331e-06 2.6574687198273525e-12
total cost: -7.784456667525268
singles alt: [(4, 0), (5, 1), (6, 0), (7, 1), (8, 0), (9, 1), (10, 0), (11, 1), (4, 2), (5, 3), (6, 2), (7, 3), (8, 2), (9, 3), (10, 2), (11, 3)]
length: 16 76
Estimated difference between T3^fnT3 - (T2^WT3 + h.c.) is: -1.6301742859995026e-06 2.657468202733988e-12
total cost: -7.7844566675261735
singles alt: [(4, 0), (5, 1), (6, 0), (7, 1), (8, 0), (9, 1), (10, 0), (11, 1), (4, 2), (5, 3), (6, 2), (7, 3), (8, 2), (9, 3), (10, 2), (11, 3)]
length: 16 76
Estimated difference between T3^fnT3 - (T2^WT3 + h.c.) is: -1.630174389577013e-06 2.657468540432787e-12
total cost: -7.784456667526018
singles alt: [(4, 0), (5, 1), (6, 0), (7, 1), (8, 0), (9, 1), (10, 0), (11, 1), (4, 2), (5, 3), (6, 2), (7, 3), (8, 2), (9, 3), (10, 2), (11, 3)]
length: 16 76
Estimated difference between T3^fnT3 - (T2^WT3 + h.c.) is: -1.6301743895234005e-06 2.6574685402579918e-12
total cost: -7.784456667526015
singles alt: [(4, 0), (5, 1), (6, 0), (7, 1), (8, 0), (9, 1), (10, 0), (11, 1), (4, 2), (5, 3), (6, 2), (7, 3), (8, 2), (9, 3), (10, 2), (11, 3)]
length: 16 76
Estimated difference between T3^fnT3 - (T2^WT3 + h.c.) is: -1.630174283464953e-06 2.6574681944704726e-12
total cost: -7.784456667526016
singles alt: [(4, 0), (5, 1), (6, 0), (7, 1), (8, 0), (9, 1), (10, 0), (11, 1), (4, 2), (5, 3), (6, 2), (7, 3), (8, 2), (9, 3), (10, 2), (11, 3)]
length: 16 76
Estimated difference between T3^fnT3 - (T2^WT3 + h.c.) is: -1.6301742640866685e-06 2.657468131290511e-12
total cost: -7.784456667523453
singles alt: [(4, 0), (5, 1), (6, 0), (7, 1), (8, 0), (9, 1), (10, 0), (11, 1), (4, 2), (5, 3), (6, 2), (7, 3), (8, 2), (9, 3), (10, 2), (11, 3)]
length: 16 76
Estimated difference between T3^fnT3 - (T2^WT3 + h.c.) is: -1.6301742640191594e-06 2.657468131070408e-12
total cost: -7.784456667526164
singles alt: [(4, 0), (5, 1), (6, 0), (7, 1), (8, 0), (9, 1), (10, 0), (11, 1), (4, 2), (5, 3), (6, 2), (7, 3), (8, 2), (9, 3), (10, 2), (11, 3)]
length: 16 76
Estimated difference between T3^fnT3 - (T2^WT3 + h.c.) is: -1.6301742639764454e-06 2.6574681309311456e-12
total cost: -7.78445666752615
singles alt: [(4, 0), (5, 1), (6, 0), (7, 1), (8, 0), (9, 1), (10, 0), (11, 1), (4, 2), (5, 3), (6, 2), (7, 3), (8, 2), (9, 3), (10, 2), (11, 3)]
length: 16 76
Estimated difference between T3^fnT3 - (T2^WT3 + h.c.) is: -1.6301742640095646e-06 2.6574681310391254e-12
total cost: -7.784456667526
singles alt: [(4, 0), (5, 1), (6, 0), (7, 1), (8, 0), (9, 1), (10, 0), (11, 1), (4, 2), (5, 3), (6, 2), (7, 3), (8, 2), (9, 3), (10, 2), (11, 3)]
length: 16 76
Estimated difference between T3^fnT3 - (T2^WT3 + h.c.) is: -1.6301742638967343e-06 2.6574681306712594e-12
total cost: -7.78445666752654
singles alt: [(4, 0), (5, 1), (6, 0), (7, 1), (8, 0), (9, 1), (10, 0), (11, 1), (4, 2), (5, 3), (6, 2), (7, 3), (8, 2), (9, 3), (10, 2), (11, 3)]
length: 16 76
Estimated difference between T3^fnT3 - (T2^WT3 + h.c.) is: -1.630174264017475e-06 2.6574681310649162e-12
total cost: -7.784456667525989
singles alt: [(4, 0), (5, 1), (6, 0), (7, 1), (8, 0), (9, 1), (10, 0), (11, 1), (4, 2), (5, 3), (6, 2), (7, 3), (8, 2), (9, 3), (10, 2), (11, 3)]
length: 16 76
Estimated difference between T3^fnT3 - (T2^WT3 + h.c.) is: -1.6301742640105474e-06 2.65746813104233e-12
total cost: -7.784456667525986
singles alt: [(4, 0), (5, 1), (6, 0), (7, 1), (8, 0), (9, 1), (10, 0), (11, 1), (4, 2), (5, 3), (6, 2), (7, 3), (8, 2), (9, 3), (10, 2), (11, 3)]
length: 16 76
Estimated difference between T3^fnT3 - (T2^WT3 + h.c.) is: -1.6301742639910777e-06 2.657468130978852e-12
total cost: -7.78445666752602
singles alt: [(4, 0), (5, 1), (6, 0), (7, 1), (8, 0), (9, 1), (10, 0), (11, 1), (4, 2), (5, 3), (6, 2), (7, 3), (8, 2), (9, 3), (10, 2), (11, 3)]
length: 16 76
Estimated difference between T3^fnT3 - (T2^WT3 + h.c.) is: -1.630174286023955e-06 2.657468202813711e-12
total cost: -7.784456667526038
singles alt: [(4, 0), (5, 1), (6, 0), (7, 1), (8, 0), (9, 1), (10, 0), (11, 1), (4, 2), (5, 3), (6, 2), (7, 3), (8, 2), (9, 3), (10, 2), (11, 3)]
length: 16 76
Estimated difference between T3^fnT3 - (T2^WT3 + h.c.) is: -1.6301743895679176e-06 2.657468540403133e-12
total cost: -7.7844566675260225
singles alt: [(4, 0), (5, 1), (6, 0), (7, 1), (8, 0), (9, 1), (10, 0), (11, 1), (4, 2), (5, 3), (6, 2), (7, 3), (8, 2), (9, 3), (10, 2), (11, 3)]
length: 16 76
Estimated difference between T3^fnT3 - (T2^WT3 + h.c.) is: -1.6301743895095139e-06 2.657468540212716e-12
total cost: -7.7844566675260225
singles alt: [(4, 0), (5, 1), (6, 0), (7, 1), (8, 0), (9, 1), (10, 0), (11, 1), (4, 2), (5, 3), (6, 2), (7, 3), (8, 2), (9, 3), (10, 2), (11, 3)]
length: 16 76
Estimated difference between T3^fnT3 - (T2^WT3 + h.c.) is: -1.6301742834693414e-06 2.6574681944847807e-12
total cost: -7.784456667526017
singles alt: [(4, 0), (5, 1), (6, 0), (7, 1), (8, 0), (9, 1), (10, 0), (11, 1), (4, 2), (5, 3), (6, 2), (7, 3), (8, 2), (9, 3), (10, 2), (11, 3)]
length: 16 76
Estimated difference between T3^fnT3 - (T2^WT3 + h.c.) is: -1.6301744633695908e-06 2.6574687810223334e-12
total cost: -7.784456667524247
singles alt: [(4, 0), (5, 1), (6, 0), (7, 1), (8, 0), (9, 1), (10, 0), (11, 1), (4, 2), (5, 3), (6, 2), (7, 3), (8, 2), (9, 3), (10, 2), (11, 3)]
length: 16 76
Estimated difference between T3^fnT3 - (T2^WT3 + h.c.) is: -1.6301745044728228e-06 2.6574689150332133e-12
total cost: -7.784456667526172
singles alt: [(4, 0), (5, 1), (6, 0), (7, 1), (8, 0), (9, 1), (10, 0), (11, 1), (4, 2), (5, 3), (6, 2), (7, 3), (8, 2), (9, 3), (10, 2), (11, 3)]
length: 16 76
Estimated difference between T3^fnT3 - (T2^WT3 + h.c.) is: -1.630174609935604e-06 2.6574692588786986e-12
total cost: -7.784456667526213
singles alt: [(4, 0), (5, 1), (6, 0), (7, 1), (8, 0), (9, 1), (10, 0), (11, 1), (4, 2), (5, 3), (6, 2), (7, 3), (8, 2), (9, 3), (10, 2), (11, 3)]
length: 16 76
Estimated difference between T3^fnT3 - (T2^WT3 + h.c.) is: -1.6301744446945176e-06 2.6574687201350786e-12
total cost: -7.7844566675252675
singles alt: [(4, 0), (5, 1), (6, 0), (7, 1), (8, 0), (9, 1), (10, 0), (11, 1), (4, 2), (5, 3), (6, 2), (7, 3), (8, 2), (9, 3), (10, 2), (11, 3)]
length: 16 76
Estimated difference between T3^fnT3 - (T2^WT3 + h.c.) is: -1.6301742640438542e-06 2.6574681311509216e-12
total cost: -7.7844566675235045
singles alt: [(4, 0), (5, 1), (6, 0), (7, 1), (8, 0), (9, 1), (10, 0), (11, 1), (4, 2), (5, 3), (6, 2), (7, 3), (8, 2), (9, 3), (10, 2), (11, 3)]
length: 16 76
Estimated difference between T3^fnT3 - (T2^WT3 + h.c.) is: -1.6301742639845748e-06 2.65746813095765e-12
total cost: -7.784456667526156
singles alt: [(4, 0), (5, 1), (6, 0), (7, 1), (8, 0), (9, 1), (10, 0), (11, 1), (4, 2), (5, 3), (6, 2), (7, 3), (8, 2), (9, 3), (10, 2), (11, 3)]
length: 16 76
Estimated difference between T3^fnT3 - (T2^WT3 + h.c.) is: -1.630174264003286e-06 2.657468131018655e-12
total cost: -7.78445666752615
singles alt: [(4, 0), (5, 1), (6, 0), (7, 1), (8, 0), (9, 1), (10, 0), (11, 1), (4, 2), (5, 3), (6, 2), (7, 3), (8, 2), (9, 3), (10, 2), (11, 3)]
length: 16 76
Estimated difference between T3^fnT3 - (T2^WT3 + h.c.) is: -1.6301742640169736e-06 2.6574681310632817e-12
total cost: -7.784456667525999
singles alt: [(4, 0), (5, 1), (6, 0), (7, 1), (8, 0), (9, 1), (10, 0), (11, 1), (4, 2), (5, 3), (6, 2), (7, 3), (8, 2), (9, 3), (10, 2), (11, 3)]
length: 16 76
Estimated difference between T3^fnT3 - (T2^WT3 + h.c.) is: -1.6301743264419474e-06 2.657468334590457e-12
total cost: -7.784456667519583
singles alt: [(4, 0), (5, 1), (6, 0), (7, 1), (8, 0), (9, 1), (10, 0), (11, 1), (4, 2), (5, 3), (6, 2), (7, 3), (8, 2), (9, 3), (10, 2), (11, 3)]
length: 16 76
Estimated difference between T3^fnT3 - (T2^WT3 + h.c.) is: -1.6301742281635743e-06 2.6574680141687053e-12
total cost: -7.784456667526186
singles alt: [(4, 0), (5, 1), (6, 0), (7, 1), (8, 0), (9, 1), (10, 0), (11, 1), (4, 2), (5, 3), (6, 2), (7, 3), (8, 2), (9, 3), (10, 2), (11, 3)]
length: 16 76
Estimated difference between T3^fnT3 - (T2^WT3 + h.c.) is: -1.6301740786461316e-06 2.657467526689764e-12
total cost: -7.78445666752531
singles alt: [(4, 0), (5, 1), (6, 0), (7, 1), (8, 0), (9, 1), (10, 0), (11, 1), (4, 2), (5, 3), (6, 2), (7, 3), (8, 2), (9, 3), (10, 2), (11, 3)]
length: 16 76
Estimated difference between T3^fnT3 - (T2^WT3 + h.c.) is: -1.6301741169251849e-06 2.6574676514928064e-12
total cost: -7.78445666752505
singles alt: [(4, 0), (5, 1), (6, 0), (7, 1), (8, 0), (9, 1), (10, 0), (11, 1), (4, 2), (5, 3), (6, 2), (7, 3), (8, 2), (9, 3), (10, 2), (11, 3)]
length: 16 76
Estimated difference between T3^fnT3 - (T2^WT3 + h.c.) is: -1.6301742640903715e-06 2.6574681313025844e-12
total cost: -7.784456667521481
singles alt: [(4, 0), (5, 1), (6, 0), (7, 1), (8, 0), (9, 1), (10, 0), (11, 1), (4, 2), (5, 3), (6, 2), (7, 3), (8, 2), (9, 3), (10, 2), (11, 3)]
length: 16 76
Estimated difference between T3^fnT3 - (T2^WT3 + h.c.) is: -1.6301742639783773e-06 2.657468130937444e-12
total cost: -7.7844566675262605
singles alt: [(4, 0), (5, 1), (6, 0), (7, 1), (8, 0), (9, 1), (10, 0), (11, 1), (4, 2), (5, 3), (6, 2), (7, 3), (8, 2), (9, 3), (10, 2), (11, 3)]
length: 16 76
Estimated difference between T3^fnT3 - (T2^WT3 + h.c.) is: -1.6301742639723184e-06 2.65746813091769e-12
total cost: -7.784456667526267
singles alt: [(4, 0), (5, 1), (6, 0), (7, 1), (8, 0), (9, 1), (10, 0), (11, 1), (4, 2), (5, 3), (6, 2), (7, 3), (8, 2), (9, 3), (10, 2), (11, 3)]
length: 16 76
Estimated difference between T3^fnT3 - (T2^WT3 + h.c.) is: -1.6301742640242098e-06 2.657468131086874e-12
total cost: -7.78445666752599
singles alt: [(4, 0), (5, 1), (6, 0), (7, 1), (8, 0), (9, 1), (10, 0), (11, 1), (4, 2), (5, 3), (6, 2), (7, 3), (8, 2), (9, 3), (10, 2), (11, 3)]
length: 16 76
Estimated difference between T3^fnT3 - (T2^WT3 + h.c.) is: -1.630174264095652e-06 2.6574681313198005e-12
total cost: -7.7844566675230915
singles alt: [(4, 0), (5, 1), (6, 0), (7, 1), (8, 0), (9, 1), (10, 0), (11, 1), (4, 2), (5, 3), (6, 2), (7, 3), (8, 2), (9, 3), (10, 2), (11, 3)]
length: 16 76
Estimated difference between T3^fnT3 - (T2^WT3 + h.c.) is: -1.6301742639711987e-06 2.6574681309140394e-12
total cost: -7.784456667526172
singles alt: [(4, 0), (5, 1), (6, 0), (7, 1), (8, 0), (9, 1), (10, 0), (11, 1), (4, 2), (5, 3), (6, 2), (7, 3), (8, 2), (9, 3), (10, 2), (11, 3)]
length: 16 76
Estimated difference between T3^fnT3 - (T2^WT3 + h.c.) is: -1.6301742640640686e-06 2.657468131216828e-12
total cost: -7.784456667526176
singles alt: [(4, 0), (5, 1), (6, 0), (7, 1), (8, 0), (9, 1), (10, 0), (11, 1), (4, 2), (5, 3), (6, 2), (7, 3), (8, 2), (9, 3), (10, 2), (11, 3)]
length: 16 76
Estimated difference between T3^fnT3 - (T2^WT3 + h.c.) is: -1.6301742640108923e-06 2.6574681310434544e-12
total cost: -7.784456667526
singles alt: [(4, 0), (5, 1), (6, 0), (7, 1), (8, 0), (9, 1), (10, 0), (11, 1), (4, 2), (5, 3), (6, 2), (7, 3), (8, 2), (9, 3), (10, 2), (11, 3)]
length: 16 76
Estimated difference between T3^fnT3 - (T2^WT3 + h.c.) is: -1.630174448123702e-06 2.6574687313154166e-12
total cost: -7.7844566675254
singles alt: [(4, 0), (5, 1), (6, 0), (7, 1), (8, 0), (9, 1), (10, 0), (11, 1), (4, 2), (5, 3), (6, 2), (7, 3), (8, 2), (9, 3), (10, 2), (11, 3)]
length: 16 76
Estimated difference between T3^fnT3 - (T2^WT3 + h.c.) is: -1.6301742963587502e-06 2.6574682365087466e-12
total cost: -7.7844566675237505
singles alt: [(4, 0), (5, 1), (6, 0), (7, 1), (8, 0), (9, 1), (10, 0), (11, 1), (4, 2), (5, 3), (6, 2), (7, 3), (8, 2), (9, 3), (10, 2), (11, 3)]
length: 16 76
Estimated difference between T3^fnT3 - (T2^WT3 + h.c.) is: -1.6301742963125196e-06 2.6574682363580184e-12
total cost: -7.7844566675237665
singles alt: [(4, 0), (5, 1), (6, 0), (7, 1), (8, 0), (9, 1), (10, 0), (11, 1), (4, 2), (5, 3), (6, 2), (7, 3), (8, 2), (9, 3), (10, 2), (11, 3)]
length: 16 76
Estimated difference between T3^fnT3 - (T2^WT3 + h.c.) is: -1.6301743961452788e-06 2.6574685618476243e-12
total cost: -7.784456667525952
singles alt: [(4, 0), (5, 1), (6, 0), (7, 1), (8, 0), (9, 1), (10, 0), (11, 1), (4, 2), (5, 3), (6, 2), (7, 3), (8, 2), (9, 3), (10, 2), (11, 3)]
length: 16 76
Estimated difference between T3^fnT3 - (T2^WT3 + h.c.) is: -1.6301742639924723e-06 2.657468130983399e-12
total cost: -7.784456667526017
singles alt: [(4, 0), (5, 1), (6, 0), (7, 1), (8, 0), (9, 1), (10, 0), (11, 1), (4, 2), (5, 3), (6, 2), (7, 3), (8, 2), (9, 3), (10, 2), (11, 3)]
length: 16 76
Estimated difference between T3^fnT3 - (T2^WT3 + h.c.) is: -1.630174264007879e-06 2.65746813103363e-12
total cost: -7.78445666752602
singles alt: [(4, 0), (5, 1), (6, 0), (7, 1), (8, 0), (9, 1), (10, 0), (11, 1), (4, 2), (5, 3), (6, 2), (7, 3), (8, 2), (9, 3), (10, 2), (11, 3)]
length: 16 76
Estimated difference between T3^fnT3 - (T2^WT3 + h.c.) is: -1.63017426401605e-06 2.65746813106027e-12
total cost: -7.784456667526022
singles alt: [(4, 0), (5, 1), (6, 0), (7, 1), (8, 0), (9, 1), (10, 0), (11, 1), (4, 2), (5, 3), (6, 2), (7, 3), (8, 2), (9, 3), (10, 2), (11, 3)]
length: 16 76
Estimated difference between T3^fnT3 - (T2^WT3 + h.c.) is: -1.6301742639884646e-06 2.657468130970332e-12
total cost: -7.784456667526015
singles alt: [(4, 0), (5, 1), (6, 0), (7, 1), (8, 0), (9, 1), (10, 0), (11, 1), (4, 2), (5, 3), (6, 2), (7, 3), (8, 2), (9, 3), (10, 2), (11, 3)]
length: 16 76
Estimated difference between T3^fnT3 - (T2^WT3 + h.c.) is: -1.6301741192932895e-06 2.657467659213652e-12
total cost: -7.784456667525089
singles alt: [(4, 0), (5, 1), (6, 0), (7, 1), (8, 0), (9, 1), (10, 0), (11, 1), (4, 2), (5, 3), (6, 2), (7, 3), (8, 2), (9, 3), (10, 2), (11, 3)]
length: 16 76
Estimated difference between T3^fnT3 - (T2^WT3 + h.c.) is: -1.630174119781116e-06 2.657467660804136e-12
total cost: -7.784456667525419
singles alt: [(4, 0), (5, 1), (6, 0), (7, 1), (8, 0), (9, 1), (10, 0), (11, 1), (4, 2), (5, 3), (6, 2), (7, 3), (8, 2), (9, 3), (10, 2), (11, 3)]
length: 16 76
Estimated difference between T3^fnT3 - (T2^WT3 + h.c.) is: -1.6301739840872988e-06 2.6574672183950565e-12
total cost: -7.784456667526023
singles alt: [(4, 0), (5, 1), (6, 0), (7, 1), (8, 0), (9, 1), (10, 0), (11, 1), (4, 2), (5, 3), (6, 2), (7, 3), (8, 2), (9, 3), (10, 2), (11, 3)]
length: 16 76
Estimated difference between T3^fnT3 - (T2^WT3 + h.c.) is: -1.6301745432522606e-06 2.6574690414677162e-12
total cost: -7.784456667526016
singles alt: [(4, 0), (5, 1), (6, 0), (7, 1), (8, 0), (9, 1), (10, 0), (11, 1), (4, 2), (5, 3), (6, 2), (7, 3), (8, 2), (9, 3), (10, 2), (11, 3)]
length: 16 76
Estimated difference between T3^fnT3 - (T2^WT3 + h.c.) is: -1.6301742640037925e-06 2.6574681310203066e-12
total cost: -7.78445666752603
singles alt: [(4, 0), (5, 1), (6, 0), (7, 1), (8, 0), (9, 1), (10, 0), (11, 1), (4, 2), (5, 3), (6, 2), (7, 3), (8, 2), (9, 3), (10, 2), (11, 3)]
length: 16 76
Estimated difference between T3^fnT3 - (T2^WT3 + h.c.) is: -1.6301742640432469e-06 2.6574681311489417e-12
total cost: -7.784456667526023
singles alt: [(4, 0), (5, 1), (6, 0), (7, 1), (8, 0), (9, 1), (10, 0), (11, 1), (4, 2), (5, 3), (6, 2), (7, 3), (8, 2), (9, 3), (10, 2), (11, 3)]
length: 16 76
Estimated difference between T3^fnT3 - (T2^WT3 + h.c.) is: -1.6301742640343524e-06 2.6574681311199423e-12
total cost: -7.784456667526019
singles alt: [(4, 0), (5, 1), (6, 0), (7, 1), (8, 0), (9, 1), (10, 0), (11, 1), (4, 2), (5, 3), (6, 2), (7, 3), (8, 2), (9, 3), (10, 2), (11, 3)]
length: 16 76
Estimated difference between T3^fnT3 - (T2^WT3 + h.c.) is: -1.6301742640081346e-06 2.6574681310344632e-12
total cost: -7.7844566675260225
singles alt: [(4, 0), (5, 1), (6, 0), (7, 1), (8, 0), (9, 1), (10, 0), (11, 1), (4, 2), (5, 3), (6, 2), (7, 3), (8, 2), (9, 3), (10, 2), (11, 3)]
length: 16 76
Estimated difference between T3^fnT3 - (T2^WT3 + h.c.) is: -1.6301742640008042e-06 2.6574681310105634e-12
total cost: -7.784456667531008
singles alt: [(4, 0), (5, 1), (6, 0), (7, 1), (8, 0), (9, 1), (10, 0), (11, 1), (4, 2), (5, 3), (6, 2), (7, 3), (8, 2), (9, 3), (10, 2), (11, 3)]
length: 16 76
Estimated difference between T3^fnT3 - (T2^WT3 + h.c.) is: -1.6301742640008042e-06 2.6574681310105634e-12
total cost: -7.784456667531327
singles alt: [(4, 0), (5, 1), (6, 0), (7, 1), (8, 0), (9, 1), (10, 0), (11, 1), (4, 2), (5, 3), (6, 2), (7, 3), (8, 2), (9, 3), (10, 2), (11, 3)]
length: 16 76
Estimated difference between T3^fnT3 - (T2^WT3 + h.c.) is: -1.6301742640008042e-06 2.6574681310105634e-12
total cost: -7.784456667526061
singles alt: [(4, 0), (5, 1), (6, 0), (7, 1), (8, 0), (9, 1), (10, 0), (11, 1), (4, 2), (5, 3), (6, 2), (7, 3), (8, 2), (9, 3), (10, 2), (11, 3)]
length: 16 76
Estimated difference between T3^fnT3 - (T2^WT3 + h.c.) is: -1.6301742640008042e-06 2.6574681310105634e-12
total cost: -7.784456667526094
singles alt: [(4, 0), (5, 1), (6, 0), (7, 1), (8, 0), (9, 1), (10, 0), (11, 1), (4, 2), (5, 3), (6, 2), (7, 3), (8, 2), (9, 3), (10, 2), (11, 3)]
length: 16 76
Estimated difference between T3^fnT3 - (T2^WT3 + h.c.) is: -1.6301742640008042e-06 2.6574681310105634e-12
total cost: -7.7844566675260465
singles alt: [(4, 0), (5, 1), (6, 0), (7, 1), (8, 0), (9, 1), (10, 0), (11, 1), (4, 2), (5, 3), (6, 2), (7, 3), (8, 2), (9, 3), (10, 2), (11, 3)]
length: 16 76
Estimated difference between T3^fnT3 - (T2^WT3 + h.c.) is: -1.6301742640008042e-06 2.6574681310105634e-12
total cost: -7.784456667526065
singles alt: [(4, 0), (5, 1), (6, 0), (7, 1), (8, 0), (9, 1), (10, 0), (11, 1), (4, 2), (5, 3), (6, 2), (7, 3), (8, 2), (9, 3), (10, 2), (11, 3)]
length: 16 76
Estimated difference between T3^fnT3 - (T2^WT3 + h.c.) is: -1.6301742640008042e-06 2.6574681310105634e-12
total cost: -7.784456667521874
singles alt: [(4, 0), (5, 1), (6, 0), (7, 1), (8, 0), (9, 1), (10, 0), (11, 1), (4, 2), (5, 3), (6, 2), (7, 3), (8, 2), (9, 3), (10, 2), (11, 3)]
length: 16 76
Estimated difference between T3^fnT3 - (T2^WT3 + h.c.) is: -1.6301742640008042e-06 2.6574681310105634e-12
total cost: -7.784456667521524
singles alt: [(4, 0), (5, 1), (6, 0), (7, 1), (8, 0), (9, 1), (10, 0), (11, 1), (4, 2), (5, 3), (6, 2), (7, 3), (8, 2), (9, 3), (10, 2), (11, 3)]
length: 16 76
Estimated difference between T3^fnT3 - (T2^WT3 + h.c.) is: -1.6301742640008042e-06 2.6574681310105634e-12
total cost: -7.784456667526483
singles alt: [(4, 0), (5, 1), (6, 0), (7, 1), (8, 0), (9, 1), (10, 0), (11, 1), (4, 2), (5, 3), (6, 2), (7, 3), (8, 2), (9, 3), (10, 2), (11, 3)]
length: 16 76
Estimated difference between T3^fnT3 - (T2^WT3 + h.c.) is: -1.6301742640008042e-06 2.6574681310105634e-12
total cost: -7.784456667526481
singles alt: [(4, 0), (5, 1), (6, 0), (7, 1), (8, 0), (9, 1), (10, 0), (11, 1), (4, 2), (5, 3), (6, 2), (7, 3), (8, 2), (9, 3), (10, 2), (11, 3)]
length: 16 76
Estimated difference between T3^fnT3 - (T2^WT3 + h.c.) is: -1.6301742640008042e-06 2.6574681310105634e-12
total cost: -7.784456667526014
singles alt: [(4, 0), (5, 1), (6, 0), (7, 1), (8, 0), (9, 1), (10, 0), (11, 1), (4, 2), (5, 3), (6, 2), (7, 3), (8, 2), (9, 3), (10, 2), (11, 3)]
length: 16 76
Estimated difference between T3^fnT3 - (T2^WT3 + h.c.) is: -1.6301742640008042e-06 2.6574681310105634e-12
total cost: -7.784456667526009
singles alt: [(4, 0), (5, 1), (6, 0), (7, 1), (8, 0), (9, 1), (10, 0), (11, 1), (4, 2), (5, 3), (6, 2), (7, 3), (8, 2), (9, 3), (10, 2), (11, 3)]
length: 16 76
Estimated difference between T3^fnT3 - (T2^WT3 + h.c.) is: -1.6301742640008042e-06 2.6574681310105634e-12
total cost: -7.784456667526013
singles alt: [(4, 0), (5, 1), (6, 0), (7, 1), (8, 0), (9, 1), (10, 0), (11, 1), (4, 2), (5, 3), (6, 2), (7, 3), (8, 2), (9, 3), (10, 2), (11, 3)]
length: 16 76
Estimated difference between T3^fnT3 - (T2^WT3 + h.c.) is: -1.6301742640008042e-06 2.6574681310105634e-12
total cost: -7.784456667526012
singles alt: [(4, 0), (5, 1), (6, 0), (7, 1), (8, 0), (9, 1), (10, 0), (11, 1), (4, 2), (5, 3), (6, 2), (7, 3), (8, 2), (9, 3), (10, 2), (11, 3)]
length: 16 76
Estimated difference between T3^fnT3 - (T2^WT3 + h.c.) is: -1.6301742640008042e-06 2.6574681310105634e-12
total cost: -7.784456667526286
singles alt: [(4, 0), (5, 1), (6, 0), (7, 1), (8, 0), (9, 1), (10, 0), (11, 1), (4, 2), (5, 3), (6, 2), (7, 3), (8, 2), (9, 3), (10, 2), (11, 3)]
length: 16 76
Estimated difference between T3^fnT3 - (T2^WT3 + h.c.) is: -1.6301742640008042e-06 2.6574681310105634e-12
total cost: -7.784456667526332
singles alt: [(4, 0), (5, 1), (6, 0), (7, 1), (8, 0), (9, 1), (10, 0), (11, 1), (4, 2), (5, 3), (6, 2), (7, 3), (8, 2), (9, 3), (10, 2), (11, 3)]
callback: energy=-7.784455037352
singles alt: [(4, 0), (5, 1), (6, 0), (7, 1), (8, 0), (9, 1), (10, 0), (11, 1), (4, 2), (5, 3), (6, 2), (7, 3), (8, 2), (9, 3), (10, 2), (11, 3)]
length: 16 76
Estimated difference between T3^fnT3 - (T2^WT3 + h.c.) is: -1.629558939932121e-06 2.6554623387126983e-12
total cost: -7.784456679415915
singles alt: [(4, 0), (5, 1), (6, 0), (7, 1), (8, 0), (9, 1), (10, 0), (11, 1), (4, 2), (5, 3), (6, 2), (7, 3), (8, 2), (9, 3), (10, 2), (11, 3)]
length: 16 76
Estimated difference between T3^fnT3 - (T2^WT3 + h.c.) is: -1.6295592747485646e-06 2.655463429919068e-12
total cost: -7.784456679415716
singles alt: [(4, 0), (5, 1), (6, 0), (7, 1), (8, 0), (9, 1), (10, 0), (11, 1), (4, 2), (5, 3), (6, 2), (7, 3), (8, 2), (9, 3), (10, 2), (11, 3)]
length: 16 76
Estimated difference between T3^fnT3 - (T2^WT3 + h.c.) is: -1.6295590185096072e-06 2.6554625948059944e-12
total cost: -7.784456679412134
singles alt: [(4, 0), (5, 1), (6, 0), (7, 1), (8, 0), (9, 1), (10, 0), (11, 1), (4, 2), (5, 3), (6, 2), (7, 3), (8, 2), (9, 3), (10, 2), (11, 3)]
length: 16 76
Estimated difference between T3^fnT3 - (T2^WT3 + h.c.) is: -1.6295590182045227e-06 2.655462593811688e-12
total cost: -7.784456679412223
singles alt: [(4, 0), (5, 1), (6, 0), (7, 1), (8, 0), (9, 1), (10, 0), (11, 1), (4, 2), (5, 3), (6, 2), (7, 3), (8, 2), (9, 3), (10, 2), (11, 3)]
length: 16 76
Estimated difference between T3^fnT3 - (T2^WT3 + h.c.) is: -1.629559006959874e-06 2.655462557164051e-12
total cost: -7.784456679415635
singles alt: [(4, 0), (5, 1), (6, 0), (7, 1), (8, 0), (9, 1), (10, 0), (11, 1), (4, 2), (5, 3), (6, 2), (7, 3), (8, 2), (9, 3), (10, 2), (11, 3)]
length: 16 76
Estimated difference between T3^fnT3 - (T2^WT3 + h.c.) is: -1.6295589399299336e-06 2.655462338705569e-12
total cost: -7.784456679415685
singles alt: [(4, 0), (5, 1), (6, 0), (7, 1), (8, 0), (9, 1), (10, 0), (11, 1), (4, 2), (5, 3), (6, 2), (7, 3), (8, 2), (9, 3), (10, 2), (11, 3)]
length: 16 76
Estimated difference between T3^fnT3 - (T2^WT3 + h.c.) is: -1.6295589399235112e-06 2.6554623386846376e-12
total cost: -7.784456679415942
singles alt: [(4, 0), (5, 1), (6, 0), (7, 1), (8, 0), (9, 1), (10, 0), (11, 1), (4, 2), (5, 3), (6, 2), (7, 3), (8, 2), (9, 3), (10, 2), (11, 3)]
length: 16 76
Estimated difference between T3^fnT3 - (T2^WT3 + h.c.) is: -1.6295589399123856e-06 2.655462338648378e-12
total cost: -7.784456679415942
singles alt: [(4, 0), (5, 1), (6, 0), (7, 1), (8, 0), (9, 1), (10, 0), (11, 1), (4, 2), (5, 3), (6, 2), (7, 3), (8, 2), (9, 3), (10, 2), (11, 3)]
length: 16 76
Estimated difference between T3^fnT3 - (T2^WT3 + h.c.) is: -1.6295589399303251e-06 2.655462338706845e-12
total cost: -7.7844566794159125
singles alt: [(4, 0), (5, 1), (6, 0), (7, 1), (8, 0), (9, 1), (10, 0), (11, 1), (4, 2), (5, 3), (6, 2), (7, 3), (8, 2), (9, 3), (10, 2), (11, 3)]
length: 16 76
Estimated difference between T3^fnT3 - (T2^WT3 + h.c.) is: -1.6295589399294508e-06 2.6554623387039955e-12
total cost: -7.7844566794156815
singles alt: [(4, 0), (5, 1), (6, 0), (7, 1), (8, 0), (9, 1), (10, 0), (11, 1), (4, 2), (5, 3), (6, 2), (7, 3), (8, 2), (9, 3), (10, 2), (11, 3)]
length: 16 76
Estimated difference between T3^fnT3 - (T2^WT3 + h.c.) is: -1.6295589399197874e-06 2.6554623386725013e-12
total cost: -7.784456679415942
singles alt: [(4, 0), (5, 1), (6, 0), (7, 1), (8, 0), (9, 1), (10, 0), (11, 1), (4, 2), (5, 3), (6, 2), (7, 3), (8, 2), (9, 3), (10, 2), (11, 3)]
length: 16 76
Estimated difference between T3^fnT3 - (T2^WT3 + h.c.) is: -1.6295589399549257e-06 2.6554623387870214e-12
total cost: -7.784456679415936
singles alt: [(4, 0), (5, 1), (6, 0), (7, 1), (8, 0), (9, 1), (10, 0), (11, 1), (4, 2), (5, 3), (6, 2), (7, 3), (8, 2), (9, 3), (10, 2), (11, 3)]
length: 16 76
Estimated difference between T3^fnT3 - (T2^WT3 + h.c.) is: -1.629558939927801e-06 2.6554623386986184e-12
total cost: -7.784456679415914
singles alt: [(4, 0), (5, 1), (6, 0), (7, 1), (8, 0), (9, 1), (10, 0), (11, 1), (4, 2), (5, 3), (6, 2), (7, 3), (8, 2), (9, 3), (10, 2), (11, 3)]
length: 16 76
Estimated difference between T3^fnT3 - (T2^WT3 + h.c.) is: -1.6295590025467515e-06 2.6554625427811636e-12
total cost: -7.784456679409225
singles alt: [(4, 0), (5, 1), (6, 0), (7, 1), (8, 0), (9, 1), (10, 0), (11, 1), (4, 2), (5, 3), (6, 2), (7, 3), (8, 2), (9, 3), (10, 2), (11, 3)]
length: 16 76
Estimated difference between T3^fnT3 - (T2^WT3 + h.c.) is: -1.6295587542241776e-06 2.6554617334686536e-12
total cost: -7.784456679414824
singles alt: [(4, 0), (5, 1), (6, 0), (7, 1), (8, 0), (9, 1), (10, 0), (11, 1), (4, 2), (5, 3), (6, 2), (7, 3), (8, 2), (9, 3), (10, 2), (11, 3)]
length: 16 76
Estimated difference between T3^fnT3 - (T2^WT3 + h.c.) is: -1.6295589047769707e-06 2.65546222413792e-12
total cost: -7.784456679414944
singles alt: [(4, 0), (5, 1), (6, 0), (7, 1), (8, 0), (9, 1), (10, 0), (11, 1), (4, 2), (5, 3), (6, 2), (7, 3), (8, 2), (9, 3), (10, 2), (11, 3)]
length: 16 76
Estimated difference between T3^fnT3 - (T2^WT3 + h.c.) is: -1.6295587930096472e-06 2.655461859875058e-12
total cost: -7.784456679415758
singles alt: [(4, 0), (5, 1), (6, 0), (7, 1), (8, 0), (9, 1), (10, 0), (11, 1), (4, 2), (5, 3), (6, 2), (7, 3), (8, 2), (9, 3), (10, 2), (11, 3)]
length: 16 76
Estimated difference between T3^fnT3 - (T2^WT3 + h.c.) is: -1.629558939915769e-06 2.6554623386594053e-12
total cost: -7.784456679415756
singles alt: [(4, 0), (5, 1), (6, 0), (7, 1), (8, 0), (9, 1), (10, 0), (11, 1), (4, 2), (5, 3), (6, 2), (7, 3), (8, 2), (9, 3), (10, 2), (11, 3)]
length: 16 76
Estimated difference between T3^fnT3 - (T2^WT3 + h.c.) is: -1.629558939945685e-06 2.6554623387569048e-12
total cost: -7.7844566794159284
singles alt: [(4, 0), (5, 1), (6, 0), (7, 1), (8, 0), (9, 1), (10, 0), (11, 1), (4, 2), (5, 3), (6, 2), (7, 3), (8, 2), (9, 3), (10, 2), (11, 3)]
length: 16 76
Estimated difference between T3^fnT3 - (T2^WT3 + h.c.) is: -1.629558939931743e-06 2.6554623387114664e-12
total cost: -7.7844566794159356
singles alt: [(4, 0), (5, 1), (6, 0), (7, 1), (8, 0), (9, 1), (10, 0), (11, 1), (4, 2), (5, 3), (6, 2), (7, 3), (8, 2), (9, 3), (10, 2), (11, 3)]
length: 16 76
Estimated difference between T3^fnT3 - (T2^WT3 + h.c.) is: -1.629558939926478e-06 2.6554623386943064e-12
total cost: -7.784456679415914
singles alt: [(4, 0), (5, 1), (6, 0), (7, 1), (8, 0), (9, 1), (10, 0), (11, 1), (4, 2), (5, 3), (6, 2), (7, 3), (8, 2), (9, 3), (10, 2), (11, 3)]
length: 16 76
Estimated difference between T3^fnT3 - (T2^WT3 + h.c.) is: -1.6295591387562317e-06 2.6554629867039515e-12
total cost: -7.78445667941602
singles alt: [(4, 0), (5, 1), (6, 0), (7, 1), (8, 0), (9, 1), (10, 0), (11, 1), (4, 2), (5, 3), (6, 2), (7, 3), (8, 2), (9, 3), (10, 2), (11, 3)]
length: 16 76
Estimated difference between T3^fnT3 - (T2^WT3 + h.c.) is: -1.629559283827105e-06 2.6554634595071075e-12
total cost: -7.784456679417332
singles alt: [(4, 0), (5, 1), (6, 0), (7, 1), (8, 0), (9, 1), (10, 0), (11, 1), (4, 2), (5, 3), (6, 2), (7, 3), (8, 2), (9, 3), (10, 2), (11, 3)]
length: 16 76
Estimated difference between T3^fnT3 - (T2^WT3 + h.c.) is: -1.6295591790074004e-06 2.655463117887273e-12
total cost: -7.784456679417226
singles alt: [(4, 0), (5, 1), (6, 0), (7, 1), (8, 0), (9, 1), (10, 0), (11, 1), (4, 2), (5, 3), (6, 2), (7, 3), (8, 2), (9, 3), (10, 2), (11, 3)]
length: 16 76
Estimated difference between T3^fnT3 - (T2^WT3 + h.c.) is: -1.6295591203204611e-06 2.655462926619595e-12
total cost: -7.784456679415913
singles alt: [(4, 0), (5, 1), (6, 0), (7, 1), (8, 0), (9, 1), (10, 0), (11, 1), (4, 2), (5, 3), (6, 2), (7, 3), (8, 2), (9, 3), (10, 2), (11, 3)]
length: 16 76
Estimated difference between T3^fnT3 - (T2^WT3 + h.c.) is: -1.629558961846663e-06 2.655462410134774e-12
total cost: -7.784456679415815
singles alt: [(4, 0), (5, 1), (6, 0), (7, 1), (8, 0), (9, 1), (10, 0), (11, 1), (4, 2), (5, 3), (6, 2), (7, 3), (8, 2), (9, 3), (10, 2), (11, 3)]
length: 16 76
Estimated difference between T3^fnT3 - (T2^WT3 + h.c.) is: -1.6295590653519757e-06 2.655462747470805e-12
total cost: -7.78445667941594
singles alt: [(4, 0), (5, 1), (6, 0), (7, 1), (8, 0), (9, 1), (10, 0), (11, 1), (4, 2), (5, 3), (6, 2), (7, 3), (8, 2), (9, 3), (10, 2), (11, 3)]
length: 16 76
Estimated difference between T3^fnT3 - (T2^WT3 + h.c.) is: -1.6295590652859885e-06 2.6554627472557444e-12
total cost: -7.784456679415929
singles alt: [(4, 0), (5, 1), (6, 0), (7, 1), (8, 0), (9, 1), (10, 0), (11, 1), (4, 2), (5, 3), (6, 2), (7, 3), (8, 2), (9, 3), (10, 2), (11, 3)]
length: 16 76
Estimated difference between T3^fnT3 - (T2^WT3 + h.c.) is: -1.6295589592855385e-06 2.6554624017877674e-12
total cost: -7.784456679415916
singles alt: [(4, 0), (5, 1), (6, 0), (7, 1), (8, 0), (9, 1), (10, 0), (11, 1), (4, 2), (5, 3), (6, 2), (7, 3), (8, 2), (9, 3), (10, 2), (11, 3)]
length: 16 76
Estimated difference between T3^fnT3 - (T2^WT3 + h.c.) is: -1.6295589398328285e-06 2.6554623383890917e-12
total cost: -7.784456679418874
singles alt: [(4, 0), (5, 1), (6, 0), (7, 1), (8, 0), (9, 1), (10, 0), (11, 1), (4, 2), (5, 3), (6, 2), (7, 3), (8, 2), (9, 3), (10, 2), (11, 3)]
length: 16 76
Estimated difference between T3^fnT3 - (T2^WT3 + h.c.) is: -1.629558939900365e-06 2.6554623386092014e-12
total cost: -7.784456679415772
singles alt: [(4, 0), (5, 1), (6, 0), (7, 1), (8, 0), (9, 1), (10, 0), (11, 1), (4, 2), (5, 3), (6, 2), (7, 3), (8, 2), (9, 3), (10, 2), (11, 3)]
length: 16 76
Estimated difference between T3^fnT3 - (T2^WT3 + h.c.) is: -1.6295589399557232e-06 2.6554623387896204e-12
total cost: -7.784456679415772
singles alt: [(4, 0), (5, 1), (6, 0), (7, 1), (8, 0), (9, 1), (10, 0), (11, 1), (4, 2), (5, 3), (6, 2), (7, 3), (8, 2), (9, 3), (10, 2), (11, 3)]
length: 16 76
Estimated difference between T3^fnT3 - (T2^WT3 + h.c.) is: -1.629558939921017e-06 2.655462338676509e-12
total cost: -7.784456679415936
singles alt: [(4, 0), (5, 1), (6, 0), (7, 1), (8, 0), (9, 1), (10, 0), (11, 1), (4, 2), (5, 3), (6, 2), (7, 3), (8, 2), (9, 3), (10, 2), (11, 3)]
length: 16 76
Estimated difference between T3^fnT3 - (T2^WT3 + h.c.) is: -1.6295589400056924e-06 2.655462338952476e-12
total cost: -7.784456679415485
singles alt: [(4, 0), (5, 1), (6, 0), (7, 1), (8, 0), (9, 1), (10, 0), (11, 1), (4, 2), (5, 3), (6, 2), (7, 3), (8, 2), (9, 3), (10, 2), (11, 3)]
length: 16 76
Estimated difference between T3^fnT3 - (T2^WT3 + h.c.) is: -1.6295589399131844e-06 2.6554623386509812e-12
total cost: -7.7844566794159435
singles alt: [(4, 0), (5, 1), (6, 0), (7, 1), (8, 0), (9, 1), (10, 0), (11, 1), (4, 2), (5, 3), (6, 2), (7, 3), (8, 2), (9, 3), (10, 2), (11, 3)]
length: 16 76
Estimated difference between T3^fnT3 - (T2^WT3 + h.c.) is: -1.629558939910894e-06 2.655462338643517e-12
total cost: -7.784456679415949
singles alt: [(4, 0), (5, 1), (6, 0), (7, 1), (8, 0), (9, 1), (10, 0), (11, 1), (4, 2), (5, 3), (6, 2), (7, 3), (8, 2), (9, 3), (10, 2), (11, 3)]
length: 16 76
Estimated difference between T3^fnT3 - (T2^WT3 + h.c.) is: -1.6295589399379902e-06 2.655462338731826e-12
total cost: -7.784456679415914
singles alt: [(4, 0), (5, 1), (6, 0), (7, 1), (8, 0), (9, 1), (10, 0), (11, 1), (4, 2), (5, 3), (6, 2), (7, 3), (8, 2), (9, 3), (10, 2), (11, 3)]
length: 16 76
Estimated difference between T3^fnT3 - (T2^WT3 + h.c.) is: -1.6295589618319572e-06 2.6554624100868462e-12
total cost: -7.784456679415904
singles alt: [(4, 0), (5, 1), (6, 0), (7, 1), (8, 0), (9, 1), (10, 0), (11, 1), (4, 2), (5, 3), (6, 2), (7, 3), (8, 2), (9, 3), (10, 2), (11, 3)]
length: 16 76
Estimated difference between T3^fnT3 - (T2^WT3 + h.c.) is: -1.6295590653587342e-06 2.6554627474928314e-12
total cost: -7.784456679415927
singles alt: [(4, 0), (5, 1), (6, 0), (7, 1), (8, 0), (9, 1), (10, 0), (11, 1), (4, 2), (5, 3), (6, 2), (7, 3), (8, 2), (9, 3), (10, 2), (11, 3)]
length: 16 76
Estimated difference between T3^fnT3 - (T2^WT3 + h.c.) is: -1.629559065272966e-06 2.6554627472133025e-12
total cost: -7.784456679415931
singles alt: [(4, 0), (5, 1), (6, 0), (7, 1), (8, 0), (9, 1), (10, 0), (11, 1), (4, 2), (5, 3), (6, 2), (7, 3), (8, 2), (9, 3), (10, 2), (11, 3)]
length: 16 76
Estimated difference between T3^fnT3 - (T2^WT3 + h.c.) is: -1.629558959284803e-06 2.6554624017853706e-12
total cost: -7.784456679415913
singles alt: [(4, 0), (5, 1), (6, 0), (7, 1), (8, 0), (9, 1), (10, 0), (11, 1), (4, 2), (5, 3), (6, 2), (7, 3), (8, 2), (9, 3), (10, 2), (11, 3)]
length: 16 76
Estimated difference between T3^fnT3 - (T2^WT3 + h.c.) is: -1.6295591388791112e-06 2.6554629871044305e-12
total cost: -7.7844566794155865
singles alt: [(4, 0), (5, 1), (6, 0), (7, 1), (8, 0), (9, 1), (10, 0), (11, 1), (4, 2), (5, 3), (6, 2), (7, 3), (8, 2), (9, 3), (10, 2), (11, 3)]
length: 16 76
Estimated difference between T3^fnT3 - (T2^WT3 + h.c.) is: -1.6295591789258773e-06 2.6554631176215795e-12
total cost: -7.784456679417486
singles alt: [(4, 0), (5, 1), (6, 0), (7, 1), (8, 0), (9, 1), (10, 0), (11, 1), (4, 2), (5, 3), (6, 2), (7, 3), (8, 2), (9, 3), (10, 2), (11, 3)]
length: 16 76
Estimated difference between T3^fnT3 - (T2^WT3 + h.c.) is: -1.629559283733749e-06 2.6554634592028492e-12
total cost: -7.7844566794175405
singles alt: [(4, 0), (5, 1), (6, 0), (7, 1), (8, 0), (9, 1), (10, 0), (11, 1), (4, 2), (5, 3), (6, 2), (7, 3), (8, 2), (9, 3), (10, 2), (11, 3)]
length: 16 76
Estimated difference between T3^fnT3 - (T2^WT3 + h.c.) is: -1.6295591204388621e-06 2.655462927005478e-12
total cost: -7.7844566794159205
singles alt: [(4, 0), (5, 1), (6, 0), (7, 1), (8, 0), (9, 1), (10, 0), (11, 1), (4, 2), (5, 3), (6, 2), (7, 3), (8, 2), (9, 3), (10, 2), (11, 3)]
length: 16 76
Estimated difference between T3^fnT3 - (T2^WT3 + h.c.) is: -1.6295589398793956e-06 2.6554623385408596e-12
total cost: -7.7844566794187955
singles alt: [(4, 0), (5, 1), (6, 0), (7, 1), (8, 0), (9, 1), (10, 0), (11, 1), (4, 2), (5, 3), (6, 2), (7, 3), (8, 2), (9, 3), (10, 2), (11, 3)]
length: 16 76
Estimated difference between T3^fnT3 - (T2^WT3 + h.c.) is: -1.6295589399493438e-06 2.655462338768829e-12
total cost: -7.784456679415763
singles alt: [(4, 0), (5, 1), (6, 0), (7, 1), (8, 0), (9, 1), (10, 0), (11, 1), (4, 2), (5, 3), (6, 2), (7, 3), (8, 2), (9, 3), (10, 2), (11, 3)]
length: 16 76
Estimated difference between T3^fnT3 - (T2^WT3 + h.c.) is: -1.6295589399214074e-06 2.655462338677781e-12
total cost: -7.784456679415771
singles alt: [(4, 0), (5, 1), (6, 0), (7, 1), (8, 0), (9, 1), (10, 0), (11, 1), (4, 2), (5, 3), (6, 2), (7, 3), (8, 2), (9, 3), (10, 2), (11, 3)]
length: 16 76
Estimated difference between T3^fnT3 - (T2^WT3 + h.c.) is: -1.629558939914449e-06 2.6554623386551026e-12
total cost: -7.7844566794159356
singles alt: [(4, 0), (5, 1), (6, 0), (7, 1), (8, 0), (9, 1), (10, 0), (11, 1), (4, 2), (5, 3), (6, 2), (7, 3), (8, 2), (9, 3), (10, 2), (11, 3)]
length: 16 76
Estimated difference between T3^fnT3 - (T2^WT3 + h.c.) is: -1.629559002269845e-06 2.6554625418786926e-12
total cost: -7.78445667942172
singles alt: [(4, 0), (5, 1), (6, 0), (7, 1), (8, 0), (9, 1), (10, 0), (11, 1), (4, 2), (5, 3), (6, 2), (7, 3), (8, 2), (9, 3), (10, 2), (11, 3)]
length: 16 76
Estimated difference between T3^fnT3 - (T2^WT3 + h.c.) is: -1.6295589049192919e-06 2.655462224601762e-12
total cost: -7.784456679414252
singles alt: [(4, 0), (5, 1), (6, 0), (7, 1), (8, 0), (9, 1), (10, 0), (11, 1), (4, 2), (5, 3), (6, 2), (7, 3), (8, 2), (9, 3), (10, 2), (11, 3)]
length: 16 76
Estimated difference between T3^fnT3 - (T2^WT3 + h.c.) is: -1.6295587537335202e-06 2.6554617318695434e-12
total cost: -7.784456679415663
singles alt: [(4, 0), (5, 1), (6, 0), (7, 1), (8, 0), (9, 1), (10, 0), (11, 1), (4, 2), (5, 3), (6, 2), (7, 3), (8, 2), (9, 3), (10, 2), (11, 3)]
length: 16 76
Estimated difference between T3^fnT3 - (T2^WT3 + h.c.) is: -1.6295587926590035e-06 2.6554618587322694e-12
total cost: -7.784456679415844
singles alt: [(4, 0), (5, 1), (6, 0), (7, 1), (8, 0), (9, 1), (10, 0), (11, 1), (4, 2), (5, 3), (6, 2), (7, 3), (8, 2), (9, 3), (10, 2), (11, 3)]
length: 16 76
Estimated difference between T3^fnT3 - (T2^WT3 + h.c.) is: -1.6295589398300909e-06 2.6554623383801697e-12
total cost: -7.784456679421065
singles alt: [(4, 0), (5, 1), (6, 0), (7, 1), (8, 0), (9, 1), (10, 0), (11, 1), (4, 2), (5, 3), (6, 2), (7, 3), (8, 2), (9, 3), (10, 2), (11, 3)]
length: 16 76
Estimated difference between T3^fnT3 - (T2^WT3 + h.c.) is: -1.6295589399360644e-06 2.65546233872555e-12
total cost: -7.78445667941567
singles alt: [(4, 0), (5, 1), (6, 0), (7, 1), (8, 0), (9, 1), (10, 0), (11, 1), (4, 2), (5, 3), (6, 2), (7, 3), (8, 2), (9, 3), (10, 2), (11, 3)]
length: 16 76
Estimated difference between T3^fnT3 - (T2^WT3 + h.c.) is: -1.6295589399595001e-06 2.6554623388019296e-12
total cost: -7.784456679415654
singles alt: [(4, 0), (5, 1), (6, 0), (7, 1), (8, 0), (9, 1), (10, 0), (11, 1), (4, 2), (5, 3), (6, 2), (7, 3), (8, 2), (9, 3), (10, 2), (11, 3)]
length: 16 76
Estimated difference between T3^fnT3 - (T2^WT3 + h.c.) is: -1.6295589399042494e-06 2.655462338621861e-12
total cost: -7.784456679415949
singles alt: [(4, 0), (5, 1), (6, 0), (7, 1), (8, 0), (9, 1), (10, 0), (11, 1), (4, 2), (5, 3), (6, 2), (7, 3), (8, 2), (9, 3), (10, 2), (11, 3)]
length: 16 76
Estimated difference between T3^fnT3 - (T2^WT3 + h.c.) is: -1.6295589398215138e-06 2.655462338352216e-12
total cost: -7.784456679419256
singles alt: [(4, 0), (5, 1), (6, 0), (7, 1), (8, 0), (9, 1), (10, 0), (11, 1), (4, 2), (5, 3), (6, 2), (7, 3), (8, 2), (9, 3), (10, 2), (11, 3)]
length: 16 76
Estimated difference between T3^fnT3 - (T2^WT3 + h.c.) is: -1.6295589399568184e-06 2.6554623387931897e-12
total cost: -7.784456679415746
singles alt: [(4, 0), (5, 1), (6, 0), (7, 1), (8, 0), (9, 1), (10, 0), (11, 1), (4, 2), (5, 3), (6, 2), (7, 3), (8, 2), (9, 3), (10, 2), (11, 3)]
length: 16 76
Estimated difference between T3^fnT3 - (T2^WT3 + h.c.) is: -1.6295589398569727e-06 2.655462338467781e-12
total cost: -7.78445667941574
singles alt: [(4, 0), (5, 1), (6, 0), (7, 1), (8, 0), (9, 1), (10, 0), (11, 1), (4, 2), (5, 3), (6, 2), (7, 3), (8, 2), (9, 3), (10, 2), (11, 3)]
length: 16 76
Estimated difference between T3^fnT3 - (T2^WT3 + h.c.) is: -1.6295589399198806e-06 2.655462338672805e-12
total cost: -7.784456679415937
singles alt: [(4, 0), (5, 1), (6, 0), (7, 1), (8, 0), (9, 1), (10, 0), (11, 1), (4, 2), (5, 3), (6, 2), (7, 3), (8, 2), (9, 3), (10, 2), (11, 3)]
length: 16 76
Estimated difference between T3^fnT3 - (T2^WT3 + h.c.) is: -1.629559124064385e-06 2.655462938821486e-12
total cost: -7.784456679415634
singles alt: [(4, 0), (5, 1), (6, 0), (7, 1), (8, 0), (9, 1), (10, 0), (11, 1), (4, 2), (5, 3), (6, 2), (7, 3), (8, 2), (9, 3), (10, 2), (11, 3)]
length: 16 76
Estimated difference between T3^fnT3 - (T2^WT3 + h.c.) is: -1.6295589715565895e-06 2.65546244178057e-12
total cost: -7.784456679414692
singles alt: [(4, 0), (5, 1), (6, 0), (7, 1), (8, 0), (9, 1), (10, 0), (11, 1), (4, 2), (5, 3), (6, 2), (7, 3), (8, 2), (9, 3), (10, 2), (11, 3)]
length: 16 76
Estimated difference between T3^fnT3 - (T2^WT3 + h.c.) is: -1.6295589716327408e-06 2.6554624420287556e-12
total cost: -7.784456679414815
singles alt: [(4, 0), (5, 1), (6, 0), (7, 1), (8, 0), (9, 1), (10, 0), (11, 1), (4, 2), (5, 3), (6, 2), (7, 3), (8, 2), (9, 3), (10, 2), (11, 3)]
length: 16 76
Estimated difference between T3^fnT3 - (T2^WT3 + h.c.) is: -1.6295590720497515e-06 2.6554627692996472e-12
total cost: -7.784456679415745
singles alt: [(4, 0), (5, 1), (6, 0), (7, 1), (8, 0), (9, 1), (10, 0), (11, 1), (4, 2), (5, 3), (6, 2), (7, 3), (8, 2), (9, 3), (10, 2), (11, 3)]
length: 16 76
Estimated difference between T3^fnT3 - (T2^WT3 + h.c.) is: -1.6295589399385284e-06 2.6554623387335806e-12
total cost: -7.7844566794159205
singles alt: [(4, 0), (5, 1), (6, 0), (7, 1), (8, 0), (9, 1), (10, 0), (11, 1), (4, 2), (5, 3), (6, 2), (7, 3), (8, 2), (9, 3), (10, 2), (11, 3)]
length: 16 76
Estimated difference between T3^fnT3 - (T2^WT3 + h.c.) is: -1.629558939886386e-06 2.6554623385636418e-12
total cost: -7.784456679415932
singles alt: [(4, 0), (5, 1), (6, 0), (7, 1), (8, 0), (9, 1), (10, 0), (11, 1), (4, 2), (5, 3), (6, 2), (7, 3), (8, 2), (9, 3), (10, 2), (11, 3)]
length: 16 76
Estimated difference between T3^fnT3 - (T2^WT3 + h.c.) is: -1.6295589398930697e-06 2.655462338585425e-12
total cost: -7.784456679415921
singles alt: [(4, 0), (5, 1), (6, 0), (7, 1), (8, 0), (9, 1), (10, 0), (11, 1), (4, 2), (5, 3), (6, 2), (7, 3), (8, 2), (9, 3), (10, 2), (11, 3)]
length: 16 76
Estimated difference between T3^fnT3 - (T2^WT3 + h.c.) is: -1.6295589399252902e-06 2.6554623386904355e-12
total cost: -7.784456679415923
singles alt: [(4, 0), (5, 1), (6, 0), (7, 1), (8, 0), (9, 1), (10, 0), (11, 1), (4, 2), (5, 3), (6, 2), (7, 3), (8, 2), (9, 3), (10, 2), (11, 3)]
length: 16 76
Estimated difference between T3^fnT3 - (T2^WT3 + h.c.) is: -1.629558793845151e-06 2.6554618625980633e-12
total cost: -7.784456679416727
singles alt: [(4, 0), (5, 1), (6, 0), (7, 1), (8, 0), (9, 1), (10, 0), (11, 1), (4, 2), (5, 3), (6, 2), (7, 3), (8, 2), (9, 3), (10, 2), (11, 3)]
length: 16 76
Estimated difference between T3^fnT3 - (T2^WT3 + h.c.) is: -1.629558794140141e-06 2.6554618635594705e-12
total cost: -7.784456679417432
singles alt: [(4, 0), (5, 1), (6, 0), (7, 1), (8, 0), (9, 1), (10, 0), (11, 1), (4, 2), (5, 3), (6, 2), (7, 3), (8, 2), (9, 3), (10, 2), (11, 3)]
length: 16 76
Estimated difference between T3^fnT3 - (T2^WT3 + h.c.) is: -1.6295586603217438e-06 2.6554614274295964e-12
total cost: -7.78445667941593
singles alt: [(4, 0), (5, 1), (6, 0), (7, 1), (8, 0), (9, 1), (10, 0), (11, 1), (4, 2), (5, 3), (6, 2), (7, 3), (8, 2), (9, 3), (10, 2), (11, 3)]
length: 16 76
Estimated difference between T3^fnT3 - (T2^WT3 + h.c.) is: -1.6295592194939206e-06 2.655463249837636e-12
total cost: -7.784456679415917
singles alt: [(4, 0), (5, 1), (6, 0), (7, 1), (8, 0), (9, 1), (10, 0), (11, 1), (4, 2), (5, 3), (6, 2), (7, 3), (8, 2), (9, 3), (10, 2), (11, 3)]
length: 16 76
Estimated difference between T3^fnT3 - (T2^WT3 + h.c.) is: -1.6295589399246955e-06 2.6554623386884976e-12
total cost: -7.784456679415922
singles alt: [(4, 0), (5, 1), (6, 0), (7, 1), (8, 0), (9, 1), (10, 0), (11, 1), (4, 2), (5, 3), (6, 2), (7, 3), (8, 2), (9, 3), (10, 2), (11, 3)]
length: 16 76
Estimated difference between T3^fnT3 - (T2^WT3 + h.c.) is: -1.6295589398921392e-06 2.6554623385823927e-12
total cost: -7.784456679415914
singles alt: [(4, 0), (5, 1), (6, 0), (7, 1), (8, 0), (9, 1), (10, 0), (11, 1), (4, 2), (5, 3), (6, 2), (7, 3), (8, 2), (9, 3), (10, 2), (11, 3)]
length: 16 76
Estimated difference between T3^fnT3 - (T2^WT3 + h.c.) is: -1.6295589398999584e-06 2.655462338607876e-12
total cost: -7.7844566794159125
singles alt: [(4, 0), (5, 1), (6, 0), (7, 1), (8, 0), (9, 1), (10, 0), (11, 1), (4, 2), (5, 3), (6, 2), (7, 3), (8, 2), (9, 3), (10, 2), (11, 3)]
length: 16 76
Estimated difference between T3^fnT3 - (T2^WT3 + h.c.) is: -1.6295589399315722e-06 2.6554623387109094e-12
total cost: -7.784456679415907
singles alt: [(4, 0), (5, 1), (6, 0), (7, 1), (8, 0), (9, 1), (10, 0), (11, 1), (4, 2), (5, 3), (6, 2), (7, 3), (8, 2), (9, 3), (10, 2), (11, 3)]
length: 16 76
Estimated difference between T3^fnT3 - (T2^WT3 + h.c.) is: -1.629558939932121e-06 2.6554623387126983e-12
total cost: -7.784456679414028
singles alt: [(4, 0), (5, 1), (6, 0), (7, 1), (8, 0), (9, 1), (10, 0), (11, 1), (4, 2), (5, 3), (6, 2), (7, 3), (8, 2), (9, 3), (10, 2), (11, 3)]
length: 16 76
Estimated difference between T3^fnT3 - (T2^WT3 + h.c.) is: -1.629558939932121e-06 2.6554623387126983e-12
total cost: -7.784456679413949
singles alt: [(4, 0), (5, 1), (6, 0), (7, 1), (8, 0), (9, 1), (10, 0), (11, 1), (4, 2), (5, 3), (6, 2), (7, 3), (8, 2), (9, 3), (10, 2), (11, 3)]
length: 16 76
Estimated difference between T3^fnT3 - (T2^WT3 + h.c.) is: -1.629558939932121e-06 2.6554623387126983e-12
total cost: -7.784456679415879
singles alt: [(4, 0), (5, 1), (6, 0), (7, 1), (8, 0), (9, 1), (10, 0), (11, 1), (4, 2), (5, 3), (6, 2), (7, 3), (8, 2), (9, 3), (10, 2), (11, 3)]
length: 16 76
Estimated difference between T3^fnT3 - (T2^WT3 + h.c.) is: -1.629558939932121e-06 2.6554623387126983e-12
total cost: -7.784456679415836
singles alt: [(4, 0), (5, 1), (6, 0), (7, 1), (8, 0), (9, 1), (10, 0), (11, 1), (4, 2), (5, 3), (6, 2), (7, 3), (8, 2), (9, 3), (10, 2), (11, 3)]
length: 16 76
Estimated difference between T3^fnT3 - (T2^WT3 + h.c.) is: -1.629558939932121e-06 2.6554623387126983e-12
total cost: -7.784456679415888
singles alt: [(4, 0), (5, 1), (6, 0), (7, 1), (8, 0), (9, 1), (10, 0), (11, 1), (4, 2), (5, 3), (6, 2), (7, 3), (8, 2), (9, 3), (10, 2), (11, 3)]
length: 16 76
Estimated difference between T3^fnT3 - (T2^WT3 + h.c.) is: -1.629558939932121e-06 2.6554623387126983e-12
total cost: -7.784456679415879
singles alt: [(4, 0), (5, 1), (6, 0), (7, 1), (8, 0), (9, 1), (10, 0), (11, 1), (4, 2), (5, 3), (6, 2), (7, 3), (8, 2), (9, 3), (10, 2), (11, 3)]
length: 16 76
Estimated difference between T3^fnT3 - (T2^WT3 + h.c.) is: -1.629558939932121e-06 2.6554623387126983e-12
total cost: -7.784456679409255
singles alt: [(4, 0), (5, 1), (6, 0), (7, 1), (8, 0), (9, 1), (10, 0), (11, 1), (4, 2), (5, 3), (6, 2), (7, 3), (8, 2), (9, 3), (10, 2), (11, 3)]
length: 16 76
Estimated difference between T3^fnT3 - (T2^WT3 + h.c.) is: -1.629558939932121e-06 2.6554623387126983e-12
total cost: -7.7844566794097645
singles alt: [(4, 0), (5, 1), (6, 0), (7, 1), (8, 0), (9, 1), (10, 0), (11, 1), (4, 2), (5, 3), (6, 2), (7, 3), (8, 2), (9, 3), (10, 2), (11, 3)]
length: 16 76
Estimated difference between T3^fnT3 - (T2^WT3 + h.c.) is: -1.629558939932121e-06 2.6554623387126983e-12
total cost: -7.7844566794159435
singles alt: [(4, 0), (5, 1), (6, 0), (7, 1), (8, 0), (9, 1), (10, 0), (11, 1), (4, 2), (5, 3), (6, 2), (7, 3), (8, 2), (9, 3), (10, 2), (11, 3)]
length: 16 76
Estimated difference between T3^fnT3 - (T2^WT3 + h.c.) is: -1.629558939932121e-06 2.6554623387126983e-12
total cost: -7.784456679415991
singles alt: [(4, 0), (5, 1), (6, 0), (7, 1), (8, 0), (9, 1), (10, 0), (11, 1), (4, 2), (5, 3), (6, 2), (7, 3), (8, 2), (9, 3), (10, 2), (11, 3)]
length: 16 76
Estimated difference between T3^fnT3 - (T2^WT3 + h.c.) is: -1.629558939932121e-06 2.6554623387126983e-12
total cost: -7.7844566794159205
singles alt: [(4, 0), (5, 1), (6, 0), (7, 1), (8, 0), (9, 1), (10, 0), (11, 1), (4, 2), (5, 3), (6, 2), (7, 3), (8, 2), (9, 3), (10, 2), (11, 3)]
length: 16 76
Estimated difference between T3^fnT3 - (T2^WT3 + h.c.) is: -1.629558939932121e-06 2.6554623387126983e-12
total cost: -7.784456679415924
singles alt: [(4, 0), (5, 1), (6, 0), (7, 1), (8, 0), (9, 1), (10, 0), (11, 1), (4, 2), (5, 3), (6, 2), (7, 3), (8, 2), (9, 3), (10, 2), (11, 3)]
length: 16 76
Estimated difference between T3^fnT3 - (T2^WT3 + h.c.) is: -1.629558939932121e-06 2.6554623387126983e-12
total cost: -7.784456679415919
singles alt: [(4, 0), (5, 1), (6, 0), (7, 1), (8, 0), (9, 1), (10, 0), (11, 1), (4, 2), (5, 3), (6, 2), (7, 3), (8, 2), (9, 3), (10, 2), (11, 3)]
length: 16 76
Estimated difference between T3^fnT3 - (T2^WT3 + h.c.) is: -1.629558939932121e-06 2.6554623387126983e-12
total cost: -7.784456679415922
singles alt: [(4, 0), (5, 1), (6, 0), (7, 1), (8, 0), (9, 1), (10, 0), (11, 1), (4, 2), (5, 3), (6, 2), (7, 3), (8, 2), (9, 3), (10, 2), (11, 3)]
length: 16 76
Estimated difference between T3^fnT3 - (T2^WT3 + h.c.) is: -1.629558939932121e-06 2.6554623387126983e-12
total cost: -7.784456679415862
singles alt: [(4, 0), (5, 1), (6, 0), (7, 1), (8, 0), (9, 1), (10, 0), (11, 1), (4, 2), (5, 3), (6, 2), (7, 3), (8, 2), (9, 3), (10, 2), (11, 3)]
length: 16 76
Estimated difference between T3^fnT3 - (T2^WT3 + h.c.) is: -1.629558939932121e-06 2.6554623387126983e-12
total cost: -7.784456679415838
singles alt: [(4, 0), (5, 1), (6, 0), (7, 1), (8, 0), (9, 1), (10, 0), (11, 1), (4, 2), (5, 3), (6, 2), (7, 3), (8, 2), (9, 3), (10, 2), (11, 3)]
callback: energy=-7.784455049857
singles alt: [(4, 0), (5, 1), (6, 0), (7, 1), (8, 0), (9, 1), (10, 0), (11, 1), (4, 2), (5, 3), (6, 2), (7, 3), (8, 2), (9, 3), (10, 2), (11, 3)]
length: 16 76
Estimated difference between T3^fnT3 - (T2^WT3 + h.c.) is: -1.6297098294136877e-06 2.655954128087591e-12
total cost: -7.784456701530622
singles alt: [(4, 0), (5, 1), (6, 0), (7, 1), (8, 0), (9, 1), (10, 0), (11, 1), (4, 2), (5, 3), (6, 2), (7, 3), (8, 2), (9, 3), (10, 2), (11, 3)]
length: 16 76
Estimated difference between T3^fnT3 - (T2^WT3 + h.c.) is: -1.629710164237876e-06 2.6559552194202447e-12
total cost: -7.784456701530313
singles alt: [(4, 0), (5, 1), (6, 0), (7, 1), (8, 0), (9, 1), (10, 0), (11, 1), (4, 2), (5, 3), (6, 2), (7, 3), (8, 2), (9, 3), (10, 2), (11, 3)]
length: 16 76
Estimated difference between T3^fnT3 - (T2^WT3 + h.c.) is: -1.629709907022541e-06 2.655954381047419e-12
total cost: -7.7844567015274455
singles alt: [(4, 0), (5, 1), (6, 0), (7, 1), (8, 0), (9, 1), (10, 0), (11, 1), (4, 2), (5, 3), (6, 2), (7, 3), (8, 2), (9, 3), (10, 2), (11, 3)]
length: 16 76
Estimated difference between T3^fnT3 - (T2^WT3 + h.c.) is: -1.6297099067824488e-06 2.655954380264858e-12
total cost: -7.784456701527516
singles alt: [(4, 0), (5, 1), (6, 0), (7, 1), (8, 0), (9, 1), (10, 0), (11, 1), (4, 2), (5, 3), (6, 2), (7, 3), (8, 2), (9, 3), (10, 2), (11, 3)]
length: 16 76
Estimated difference between T3^fnT3 - (T2^WT3 + h.c.) is: -1.6297098964403493e-06 2.655954346555614e-12
total cost: -7.784456701530427
singles alt: [(4, 0), (5, 1), (6, 0), (7, 1), (8, 0), (9, 1), (10, 0), (11, 1), (4, 2), (5, 3), (6, 2), (7, 3), (8, 2), (9, 3), (10, 2), (11, 3)]
length: 16 76
Estimated difference between T3^fnT3 - (T2^WT3 + h.c.) is: -1.6297098294093704e-06 2.655954128073519e-12
total cost: -7.784456701530423
singles alt: [(4, 0), (5, 1), (6, 0), (7, 1), (8, 0), (9, 1), (10, 0), (11, 1), (4, 2), (5, 3), (6, 2), (7, 3), (8, 2), (9, 3), (10, 2), (11, 3)]
length: 16 76
Estimated difference between T3^fnT3 - (T2^WT3 + h.c.) is: -1.6297098294072888e-06 2.6559541280667343e-12
total cost: -7.784456701530645
singles alt: [(4, 0), (5, 1), (6, 0), (7, 1), (8, 0), (9, 1), (10, 0), (11, 1), (4, 2), (5, 3), (6, 2), (7, 3), (8, 2), (9, 3), (10, 2), (11, 3)]
length: 16 76
Estimated difference between T3^fnT3 - (T2^WT3 + h.c.) is: -1.6297098293972866e-06 2.655954128034133e-12
total cost: -7.784456701530643
singles alt: [(4, 0), (5, 1), (6, 0), (7, 1), (8, 0), (9, 1), (10, 0), (11, 1), (4, 2), (5, 3), (6, 2), (7, 3), (8, 2), (9, 3), (10, 2), (11, 3)]
length: 16 76
Estimated difference between T3^fnT3 - (T2^WT3 + h.c.) is: -1.6297098294118692e-06 2.6559541280816636e-12
total cost: -7.784456701530622
singles alt: [(4, 0), (5, 1), (6, 0), (7, 1), (8, 0), (9, 1), (10, 0), (11, 1), (4, 2), (5, 3), (6, 2), (7, 3), (8, 2), (9, 3), (10, 2), (11, 3)]
length: 16 76
Estimated difference between T3^fnT3 - (T2^WT3 + h.c.) is: -1.6297098294119183e-06 2.655954128081824e-12
total cost: -7.784456701530409
singles alt: [(4, 0), (5, 1), (6, 0), (7, 1), (8, 0), (9, 1), (10, 0), (11, 1), (4, 2), (5, 3), (6, 2), (7, 3), (8, 2), (9, 3), (10, 2), (11, 3)]
length: 16 76
Estimated difference between T3^fnT3 - (T2^WT3 + h.c.) is: -1.629709829403799e-06 2.6559541280553598e-12
total cost: -7.784456701530645
singles alt: [(4, 0), (5, 1), (6, 0), (7, 1), (8, 0), (9, 1), (10, 0), (11, 1), (4, 2), (5, 3), (6, 2), (7, 3), (8, 2), (9, 3), (10, 2), (11, 3)]
length: 16 76
Estimated difference between T3^fnT3 - (T2^WT3 + h.c.) is: -1.6297098294351886e-06 2.6559541281576717e-12
total cost: -7.784456701530639
singles alt: [(4, 0), (5, 1), (6, 0), (7, 1), (8, 0), (9, 1), (10, 0), (11, 1), (4, 2), (5, 3), (6, 2), (7, 3), (8, 2), (9, 3), (10, 2), (11, 3)]
length: 16 76
Estimated difference between T3^fnT3 - (T2^WT3 + h.c.) is: -1.6297098294098577e-06 2.6559541280751075e-12
total cost: -7.784456701530621
singles alt: [(4, 0), (5, 1), (6, 0), (7, 1), (8, 0), (9, 1), (10, 0), (11, 1), (4, 2), (5, 3), (6, 2), (7, 3), (8, 2), (9, 3), (10, 2), (11, 3)]
length: 16 76
Estimated difference between T3^fnT3 - (T2^WT3 + h.c.) is: -1.6297098920171314e-06 2.6559543321384902e-12
total cost: -7.784456701524552
singles alt: [(4, 0), (5, 1), (6, 0), (7, 1), (8, 0), (9, 1), (10, 0), (11, 1), (4, 2), (5, 3), (6, 2), (7, 3), (8, 2), (9, 3), (10, 2), (11, 3)]
length: 16 76
Estimated difference between T3^fnT3 - (T2^WT3 + h.c.) is: -1.6297096436345812e-06 2.6559535225555535e-12
total cost: -7.7844567015298685
singles alt: [(4, 0), (5, 1), (6, 0), (7, 1), (8, 0), (9, 1), (10, 0), (11, 1), (4, 2), (5, 3), (6, 2), (7, 3), (8, 2), (9, 3), (10, 2), (11, 3)]
length: 16 76
Estimated difference between T3^fnT3 - (T2^WT3 + h.c.) is: -1.6297097940940615e-06 2.6559540129661083e-12
total cost: -7.784456701529921
singles alt: [(4, 0), (5, 1), (6, 0), (7, 1), (8, 0), (9, 1), (10, 0), (11, 1), (4, 2), (5, 3), (6, 2), (7, 3), (8, 2), (9, 3), (10, 2), (11, 3)]
length: 16 76
Estimated difference between T3^fnT3 - (T2^WT3 + h.c.) is: -1.6297096824826546e-06 2.655953649177715e-12
total cost: -7.784456701530516
singles alt: [(4, 0), (5, 1), (6, 0), (7, 1), (8, 0), (9, 1), (10, 0), (11, 1), (4, 2), (5, 3), (6, 2), (7, 3), (8, 2), (9, 3), (10, 2), (11, 3)]
length: 16 76
Estimated difference between T3^fnT3 - (T2^WT3 + h.c.) is: -1.6297098293953103e-06 2.6559541280276912e-12
total cost: -7.784456701530498
singles alt: [(4, 0), (5, 1), (6, 0), (7, 1), (8, 0), (9, 1), (10, 0), (11, 1), (4, 2), (5, 3), (6, 2), (7, 3), (8, 2), (9, 3), (10, 2), (11, 3)]
length: 16 76
Estimated difference between T3^fnT3 - (T2^WT3 + h.c.) is: -1.6297098294254234e-06 2.6559541281258426e-12
total cost: -7.784456701530632
singles alt: [(4, 0), (5, 1), (6, 0), (7, 1), (8, 0), (9, 1), (10, 0), (11, 1), (4, 2), (5, 3), (6, 2), (7, 3), (8, 2), (9, 3), (10, 2), (11, 3)]
length: 16 76
Estimated difference between T3^fnT3 - (T2^WT3 + h.c.) is: -1.6297098294153841e-06 2.6559541280931205e-12
total cost: -7.784456701530634
singles alt: [(4, 0), (5, 1), (6, 0), (7, 1), (8, 0), (9, 1), (10, 0), (11, 1), (4, 2), (5, 3), (6, 2), (7, 3), (8, 2), (9, 3), (10, 2), (11, 3)]
length: 16 76
Estimated difference between T3^fnT3 - (T2^WT3 + h.c.) is: -1.6297098294082582e-06 2.655954128069894e-12
total cost: -7.784456701530624
singles alt: [(4, 0), (5, 1), (6, 0), (7, 1), (8, 0), (9, 1), (10, 0), (11, 1), (4, 2), (5, 3), (6, 2), (7, 3), (8, 2), (9, 3), (10, 2), (11, 3)]
length: 16 76
Estimated difference between T3^fnT3 - (T2^WT3 + h.c.) is: -1.6297100282205538e-06 2.655954776082638e-12
total cost: -7.784456701530832
singles alt: [(4, 0), (5, 1), (6, 0), (7, 1), (8, 0), (9, 1), (10, 0), (11, 1), (4, 2), (5, 3), (6, 2), (7, 3), (8, 2), (9, 3), (10, 2), (11, 3)]
length: 16 76
Estimated difference between T3^fnT3 - (T2^WT3 + h.c.) is: -1.6297101736167943e-06 2.655955249990082e-12
total cost: -7.7844567015318615
singles alt: [(4, 0), (5, 1), (6, 0), (7, 1), (8, 0), (9, 1), (10, 0), (11, 1), (4, 2), (5, 3), (6, 2), (7, 3), (8, 2), (9, 3), (10, 2), (11, 3)]
length: 16 76
Estimated difference between T3^fnT3 - (T2^WT3 + h.c.) is: -1.629710068684209e-06 2.655954907970689e-12
total cost: -7.784456701531774
singles alt: [(4, 0), (5, 1), (6, 0), (7, 1), (8, 0), (9, 1), (10, 0), (11, 1), (4, 2), (5, 3), (6, 2), (7, 3), (8, 2), (9, 3), (10, 2), (11, 3)]
length: 16 76
Estimated difference between T3^fnT3 - (T2^WT3 + h.c.) is: -1.6297100097982407e-06 2.6559547160365817e-12
total cost: -7.784456701530631
singles alt: [(4, 0), (5, 1), (6, 0), (7, 1), (8, 0), (9, 1), (10, 0), (11, 1), (4, 2), (5, 3), (6, 2), (7, 3), (8, 2), (9, 3), (10, 2), (11, 3)]
length: 16 76
Estimated difference between T3^fnT3 - (T2^WT3 + h.c.) is: -1.6297098513513439e-06 2.6559541995916194e-12
total cost: -7.784456701530509
singles alt: [(4, 0), (5, 1), (6, 0), (7, 1), (8, 0), (9, 1), (10, 0), (11, 1), (4, 2), (5, 3), (6, 2), (7, 3), (8, 2), (9, 3), (10, 2), (11, 3)]
length: 16 76
Estimated difference between T3^fnT3 - (T2^WT3 + h.c.) is: -1.6297099548352233e-06 2.6559545368890257e-12
total cost: -7.784456701530639
singles alt: [(4, 0), (5, 1), (6, 0), (7, 1), (8, 0), (9, 1), (10, 0), (11, 1), (4, 2), (5, 3), (6, 2), (7, 3), (8, 2), (9, 3), (10, 2), (11, 3)]
length: 16 76
Estimated difference between T3^fnT3 - (T2^WT3 + h.c.) is: -1.629709954766793e-06 2.6559545366659826e-12
total cost: -7.784456701530631
singles alt: [(4, 0), (5, 1), (6, 0), (7, 1), (8, 0), (9, 1), (10, 0), (11, 1), (4, 2), (5, 3), (6, 2), (7, 3), (8, 2), (9, 3), (10, 2), (11, 3)]
length: 16 76
Estimated difference between T3^fnT3 - (T2^WT3 + h.c.) is: -1.6297098487858246e-06 2.6559541912295152e-12
total cost: -7.7844567015306225
singles alt: [(4, 0), (5, 1), (6, 0), (7, 1), (8, 0), (9, 1), (10, 0), (11, 1), (4, 2), (5, 3), (6, 2), (7, 3), (8, 2), (9, 3), (10, 2), (11, 3)]
length: 16 76
Estimated difference between T3^fnT3 - (T2^WT3 + h.c.) is: -1.6297098293261422e-06 2.6559541278022437e-12
total cost: -7.784456701533221
singles alt: [(4, 0), (5, 1), (6, 0), (7, 1), (8, 0), (9, 1), (10, 0), (11, 1), (4, 2), (5, 3), (6, 2), (7, 3), (8, 2), (9, 3), (10, 2), (11, 3)]
length: 16 76
Estimated difference between T3^fnT3 - (T2^WT3 + h.c.) is: -1.6297098293872014e-06 2.655954128001261e-12
total cost: -7.784456701530493
singles alt: [(4, 0), (5, 1), (6, 0), (7, 1), (8, 0), (9, 1), (10, 0), (11, 1), (4, 2), (5, 3), (6, 2), (7, 3), (8, 2), (9, 3), (10, 2), (11, 3)]
length: 16 76
Estimated difference between T3^fnT3 - (T2^WT3 + h.c.) is: -1.629709829434828e-06 2.655954128156496e-12
total cost: -7.784456701530493
singles alt: [(4, 0), (5, 1), (6, 0), (7, 1), (8, 0), (9, 1), (10, 0), (11, 1), (4, 2), (5, 3), (6, 2), (7, 3), (8, 2), (9, 3), (10, 2), (11, 3)]
length: 16 76
Estimated difference between T3^fnT3 - (T2^WT3 + h.c.) is: -1.629709829404013e-06 2.655954128056057e-12
total cost: -7.78445670153064
singles alt: [(4, 0), (5, 1), (6, 0), (7, 1), (8, 0), (9, 1), (10, 0), (11, 1), (4, 2), (5, 3), (6, 2), (7, 3), (8, 2), (9, 3), (10, 2), (11, 3)]
length: 16 76
Estimated difference between T3^fnT3 - (T2^WT3 + h.c.) is: -1.6297098294915318e-06 2.6559541283413175e-12
total cost: -7.784456701530192
singles alt: [(4, 0), (5, 1), (6, 0), (7, 1), (8, 0), (9, 1), (10, 0), (11, 1), (4, 2), (5, 3), (6, 2), (7, 3), (8, 2), (9, 3), (10, 2), (11, 3)]
length: 16 76
Estimated difference between T3^fnT3 - (T2^WT3 + h.c.) is: -1.629709829395896e-06 2.6559541280296005e-12
total cost: -7.7844567015306465
singles alt: [(4, 0), (5, 1), (6, 0), (7, 1), (8, 0), (9, 1), (10, 0), (11, 1), (4, 2), (5, 3), (6, 2), (7, 3), (8, 2), (9, 3), (10, 2), (11, 3)]
length: 16 76
Estimated difference between T3^fnT3 - (T2^WT3 + h.c.) is: -1.6297098293930688e-06 2.6559541280203856e-12
total cost: -7.784456701530653
singles alt: [(4, 0), (5, 1), (6, 0), (7, 1), (8, 0), (9, 1), (10, 0), (11, 1), (4, 2), (5, 3), (6, 2), (7, 3), (8, 2), (9, 3), (10, 2), (11, 3)]
length: 16 76
Estimated difference between T3^fnT3 - (T2^WT3 + h.c.) is: -1.6297098294200477e-06 2.6559541281083207e-12
total cost: -7.784456701530619
singles alt: [(4, 0), (5, 1), (6, 0), (7, 1), (8, 0), (9, 1), (10, 0), (11, 1), (4, 2), (5, 3), (6, 2), (7, 3), (8, 2), (9, 3), (10, 2), (11, 3)]
length: 16 76
Estimated difference between T3^fnT3 - (T2^WT3 + h.c.) is: -1.629709851334871e-06 2.6559541995379273e-12
total cost: -7.784456701530608
singles alt: [(4, 0), (5, 1), (6, 0), (7, 1), (8, 0), (9, 1), (10, 0), (11, 1), (4, 2), (5, 3), (6, 2), (7, 3), (8, 2), (9, 3), (10, 2), (11, 3)]
length: 16 76
Estimated difference between T3^fnT3 - (T2^WT3 + h.c.) is: -1.629709954839924e-06 2.655954536904347e-12
total cost: -7.784456701530629
singles alt: [(4, 0), (5, 1), (6, 0), (7, 1), (8, 0), (9, 1), (10, 0), (11, 1), (4, 2), (5, 3), (6, 2), (7, 3), (8, 2), (9, 3), (10, 2), (11, 3)]
length: 16 76
Estimated difference between T3^fnT3 - (T2^WT3 + h.c.) is: -1.629709954754748e-06 2.6559545366267226e-12
total cost: -7.78445670153063
singles alt: [(4, 0), (5, 1), (6, 0), (7, 1), (8, 0), (9, 1), (10, 0), (11, 1), (4, 2), (5, 3), (6, 2), (7, 3), (8, 2), (9, 3), (10, 2), (11, 3)]
length: 16 76
Estimated difference between T3^fnT3 - (T2^WT3 + h.c.) is: -1.6297098487848632e-06 2.655954191226382e-12
total cost: -7.784456701530618
singles alt: [(4, 0), (5, 1), (6, 0), (7, 1), (8, 0), (9, 1), (10, 0), (11, 1), (4, 2), (5, 3), (6, 2), (7, 3), (8, 2), (9, 3), (10, 2), (11, 3)]
length: 16 76
Estimated difference between T3^fnT3 - (T2^WT3 + h.c.) is: -1.6297100283499203e-06 2.655954776504298e-12
total cost: -7.784456701530371
singles alt: [(4, 0), (5, 1), (6, 0), (7, 1), (8, 0), (9, 1), (10, 0), (11, 1), (4, 2), (5, 3), (6, 2), (7, 3), (8, 2), (9, 3), (10, 2), (11, 3)]
length: 16 76
Estimated difference between T3^fnT3 - (T2^WT3 + h.c.) is: -1.629710068642773e-06 2.6559549078356317e-12
total cost: -7.784456701531995
singles alt: [(4, 0), (5, 1), (6, 0), (7, 1), (8, 0), (9, 1), (10, 0), (11, 1), (4, 2), (5, 3), (6, 2), (7, 3), (8, 2), (9, 3), (10, 2), (11, 3)]
length: 16 76
Estimated difference between T3^fnT3 - (T2^WT3 + h.c.) is: -1.6297101735643639e-06 2.655955249819189e-12
total cost: -7.784456701532047
singles alt: [(4, 0), (5, 1), (6, 0), (7, 1), (8, 0), (9, 1), (10, 0), (11, 1), (4, 2), (5, 3), (6, 2), (7, 3), (8, 2), (9, 3), (10, 2), (11, 3)]
length: 16 76
Estimated difference between T3^fnT3 - (T2^WT3 + h.c.) is: -1.6297100099172836e-06 2.6559547164245924e-12
total cost: -7.784456701530638
singles alt: [(4, 0), (5, 1), (6, 0), (7, 1), (8, 0), (9, 1), (10, 0), (11, 1), (4, 2), (5, 3), (6, 2), (7, 3), (8, 2), (9, 3), (10, 2), (11, 3)]
length: 16 76
Estimated difference between T3^fnT3 - (T2^WT3 + h.c.) is: -1.6297098293679196e-06 2.6559541279384135e-12
total cost: -7.784456701533161
singles alt: [(4, 0), (5, 1), (6, 0), (7, 1), (8, 0), (9, 1), (10, 0), (11, 1), (4, 2), (5, 3), (6, 2), (7, 3), (8, 2), (9, 3), (10, 2), (11, 3)]
length: 16 76
Estimated difference between T3^fnT3 - (T2^WT3 + h.c.) is: -1.6297098294291774e-06 2.6559541281380786e-12
total cost: -7.784456701530484
singles alt: [(4, 0), (5, 1), (6, 0), (7, 1), (8, 0), (9, 1), (10, 0), (11, 1), (4, 2), (5, 3), (6, 2), (7, 3), (8, 2), (9, 3), (10, 2), (11, 3)]
length: 16 76
Estimated difference between T3^fnT3 - (T2^WT3 + h.c.) is: -1.629709829404079e-06 2.655954128056272e-12
total cost: -7.784456701530494
singles alt: [(4, 0), (5, 1), (6, 0), (7, 1), (8, 0), (9, 1), (10, 0), (11, 1), (4, 2), (5, 3), (6, 2), (7, 3), (8, 2), (9, 3), (10, 2), (11, 3)]
length: 16 76
Estimated difference between T3^fnT3 - (T2^WT3 + h.c.) is: -1.629709829397702e-06 2.6559541280354873e-12
total cost: -7.784456701530638
singles alt: [(4, 0), (5, 1), (6, 0), (7, 1), (8, 0), (9, 1), (10, 0), (11, 1), (4, 2), (5, 3), (6, 2), (7, 3), (8, 2), (9, 3), (10, 2), (11, 3)]
length: 16 76
Estimated difference between T3^fnT3 - (T2^WT3 + h.c.) is: -1.6297098917581811e-06 2.6559543312944623e-12
total cost: -7.784456701536025
singles alt: [(4, 0), (5, 1), (6, 0), (7, 1), (8, 0), (9, 1), (10, 0), (11, 1), (4, 2), (5, 3), (6, 2), (7, 3), (8, 2), (9, 3), (10, 2), (11, 3)]
length: 16 76
Estimated difference between T3^fnT3 - (T2^WT3 + h.c.) is: -1.6297097942057604e-06 2.655954013330182e-12
total cost: -7.7844567015292805
singles alt: [(4, 0), (5, 1), (6, 0), (7, 1), (8, 0), (9, 1), (10, 0), (11, 1), (4, 2), (5, 3), (6, 2), (7, 3), (8, 2), (9, 3), (10, 2), (11, 3)]
length: 16 76
Estimated difference between T3^fnT3 - (T2^WT3 + h.c.) is: -1.6297096431977421e-06 2.655953521131712e-12
total cost: -7.784456701530455
singles alt: [(4, 0), (5, 1), (6, 0), (7, 1), (8, 0), (9, 1), (10, 0), (11, 1), (4, 2), (5, 3), (6, 2), (7, 3), (8, 2), (9, 3), (10, 2), (11, 3)]
length: 16 76
Estimated difference between T3^fnT3 - (T2^WT3 + h.c.) is: -1.6297096821356123e-06 2.6559536480465584e-12
total cost: -7.784456701530589
singles alt: [(4, 0), (5, 1), (6, 0), (7, 1), (8, 0), (9, 1), (10, 0), (11, 1), (4, 2), (5, 3), (6, 2), (7, 3), (8, 2), (9, 3), (10, 2), (11, 3)]
length: 16 76
Estimated difference between T3^fnT3 - (T2^WT3 + h.c.) is: -1.62970982932328e-06 2.655954127792915e-12
total cost: -7.784456701535182
singles alt: [(4, 0), (5, 1), (6, 0), (7, 1), (8, 0), (9, 1), (10, 0), (11, 1), (4, 2), (5, 3), (6, 2), (7, 3), (8, 2), (9, 3), (10, 2), (11, 3)]
length: 16 76
Estimated difference between T3^fnT3 - (T2^WT3 + h.c.) is: -1.6297098294182359e-06 2.6559541281024154e-12
total cost: -7.7844567015304005
singles alt: [(4, 0), (5, 1), (6, 0), (7, 1), (8, 0), (9, 1), (10, 0), (11, 1), (4, 2), (5, 3), (6, 2), (7, 3), (8, 2), (9, 3), (10, 2), (11, 3)]
length: 16 76
Estimated difference between T3^fnT3 - (T2^WT3 + h.c.) is: -1.6297098294382534e-06 2.655954128167661e-12
total cost: -7.784456701530387
singles alt: [(4, 0), (5, 1), (6, 0), (7, 1), (8, 0), (9, 1), (10, 0), (11, 1), (4, 2), (5, 3), (6, 2), (7, 3), (8, 2), (9, 3), (10, 2), (11, 3)]
length: 16 76
Estimated difference between T3^fnT3 - (T2^WT3 + h.c.) is: -1.6297098293891462e-06 2.6559541280076e-12
total cost: -7.784456701530651
singles alt: [(4, 0), (5, 1), (6, 0), (7, 1), (8, 0), (9, 1), (10, 0), (11, 1), (4, 2), (5, 3), (6, 2), (7, 3), (8, 2), (9, 3), (10, 2), (11, 3)]
length: 16 76
Estimated difference between T3^fnT3 - (T2^WT3 + h.c.) is: -1.629709829316192e-06 2.6559541277698112e-12
total cost: -7.7844567015335695
singles alt: [(4, 0), (5, 1), (6, 0), (7, 1), (8, 0), (9, 1), (10, 0), (11, 1), (4, 2), (5, 3), (6, 2), (7, 3), (8, 2), (9, 3), (10, 2), (11, 3)]
length: 16 76
Estimated difference between T3^fnT3 - (T2^WT3 + h.c.) is: -1.6297098294357178e-06 2.6559541281593963e-12
total cost: -7.7844567015304715
singles alt: [(4, 0), (5, 1), (6, 0), (7, 1), (8, 0), (9, 1), (10, 0), (11, 1), (4, 2), (5, 3), (6, 2), (7, 3), (8, 2), (9, 3), (10, 2), (11, 3)]
length: 16 76
Estimated difference between T3^fnT3 - (T2^WT3 + h.c.) is: -1.6297098293470923e-06 2.6559541278705285e-12
total cost: -7.784456701530469
singles alt: [(4, 0), (5, 1), (6, 0), (7, 1), (8, 0), (9, 1), (10, 0), (11, 1), (4, 2), (5, 3), (6, 2), (7, 3), (8, 2), (9, 3), (10, 2), (11, 3)]
length: 16 76
Estimated difference between T3^fnT3 - (T2^WT3 + h.c.) is: -1.6297098294028885e-06 2.655954128052392e-12
total cost: -7.784456701530639
singles alt: [(4, 0), (5, 1), (6, 0), (7, 1), (8, 0), (9, 1), (10, 0), (11, 1), (4, 2), (5, 3), (6, 2), (7, 3), (8, 2), (9, 3), (10, 2), (11, 3)]
length: 16 76
Estimated difference between T3^fnT3 - (T2^WT3 + h.c.) is: -1.629710013545304e-06 2.655954728249835e-12
total cost: -7.784456701530368
singles alt: [(4, 0), (5, 1), (6, 0), (7, 1), (8, 0), (9, 1), (10, 0), (11, 1), (4, 2), (5, 3), (6, 2), (7, 3), (8, 2), (9, 3), (10, 2), (11, 3)]
length: 16 76
Estimated difference between T3^fnT3 - (T2^WT3 + h.c.) is: -1.6297098610379487e-06 2.65595423116433e-12
total cost: -7.784456701529694
singles alt: [(4, 0), (5, 1), (6, 0), (7, 1), (8, 0), (9, 1), (10, 0), (11, 1), (4, 2), (5, 3), (6, 2), (7, 3), (8, 2), (9, 3), (10, 2), (11, 3)]
length: 16 76
Estimated difference between T3^fnT3 - (T2^WT3 + h.c.) is: -1.6297098610950866e-06 2.6559542313505663e-12
total cost: -7.784456701529789
singles alt: [(4, 0), (5, 1), (6, 0), (7, 1), (8, 0), (9, 1), (10, 0), (11, 1), (4, 2), (5, 3), (6, 2), (7, 3), (8, 2), (9, 3), (10, 2), (11, 3)]
length: 16 76
Estimated difference between T3^fnT3 - (T2^WT3 + h.c.) is: -1.6297099615282255e-06 2.6559545587043303e-12
total cost: -7.784456701530494
singles alt: [(4, 0), (5, 1), (6, 0), (7, 1), (8, 0), (9, 1), (10, 0), (11, 1), (4, 2), (5, 3), (6, 2), (7, 3), (8, 2), (9, 3), (10, 2), (11, 3)]
length: 16 76
Estimated difference between T3^fnT3 - (T2^WT3 + h.c.) is: -1.6297098294212716e-06 2.6559541281123104e-12
total cost: -7.784456701530623
singles alt: [(4, 0), (5, 1), (6, 0), (7, 1), (8, 0), (9, 1), (10, 0), (11, 1), (4, 2), (5, 3), (6, 2), (7, 3), (8, 2), (9, 3), (10, 2), (11, 3)]
length: 16 76
Estimated difference between T3^fnT3 - (T2^WT3 + h.c.) is: -1.6297098293753461e-06 2.65595412796262e-12
total cost: -7.784456701530634
singles alt: [(4, 0), (5, 1), (6, 0), (7, 1), (8, 0), (9, 1), (10, 0), (11, 1), (4, 2), (5, 3), (6, 2), (7, 3), (8, 2), (9, 3), (10, 2), (11, 3)]
length: 16 76
Estimated difference between T3^fnT3 - (T2^WT3 + h.c.) is: -1.6297098293794524e-06 2.6559541279760038e-12
total cost: -7.784456701530629
singles alt: [(4, 0), (5, 1), (6, 0), (7, 1), (8, 0), (9, 1), (10, 0), (11, 1), (4, 2), (5, 3), (6, 2), (7, 3), (8, 2), (9, 3), (10, 2), (11, 3)]
length: 16 76
Estimated difference between T3^fnT3 - (T2^WT3 + h.c.) is: -1.629709829407757e-06 2.6559541280682606e-12
total cost: -7.784456701530629
singles alt: [(4, 0), (5, 1), (6, 0), (7, 1), (8, 0), (9, 1), (10, 0), (11, 1), (4, 2), (5, 3), (6, 2), (7, 3), (8, 2), (9, 3), (10, 2), (11, 3)]
length: 16 76
Estimated difference between T3^fnT3 - (T2^WT3 + h.c.) is: -1.6297096834659447e-06 2.65595365238267e-12
total cost: -7.784456701531343
singles alt: [(4, 0), (5, 1), (6, 0), (7, 1), (8, 0), (9, 1), (10, 0), (11, 1), (4, 2), (5, 3), (6, 2), (7, 3), (8, 2), (9, 3), (10, 2), (11, 3)]
length: 16 76
Estimated difference between T3^fnT3 - (T2^WT3 + h.c.) is: -1.6297096837422663e-06 2.6559536532833176e-12
total cost: -7.784456701531888
singles alt: [(4, 0), (5, 1), (6, 0), (7, 1), (8, 0), (9, 1), (10, 0), (11, 1), (4, 2), (5, 3), (6, 2), (7, 3), (8, 2), (9, 3), (10, 2), (11, 3)]
length: 16 76
Estimated difference between T3^fnT3 - (T2^WT3 + h.c.) is: -1.6297095497896304e-06 2.6559532166755197e-12
total cost: -7.784456701530636
singles alt: [(4, 0), (5, 1), (6, 0), (7, 1), (8, 0), (9, 1), (10, 0), (11, 1), (4, 2), (5, 3), (6, 2), (7, 3), (8, 2), (9, 3), (10, 2), (11, 3)]
length: 16 76
Estimated difference between T3^fnT3 - (T2^WT3 + h.c.) is: -1.6297101089661585e-06 2.655955039266488e-12
total cost: -7.784456701530625
singles alt: [(4, 0), (5, 1), (6, 0), (7, 1), (8, 0), (9, 1), (10, 0), (11, 1), (4, 2), (5, 3), (6, 2), (7, 3), (8, 2), (9, 3), (10, 2), (11, 3)]
length: 16 76
Estimated difference between T3^fnT3 - (T2^WT3 + h.c.) is: -1.6297098294073369e-06 2.655954128066891e-12
total cost: -7.784456701530623
singles alt: [(4, 0), (5, 1), (6, 0), (7, 1), (8, 0), (9, 1), (10, 0), (11, 1), (4, 2), (5, 3), (6, 2), (7, 3), (8, 2), (9, 3), (10, 2), (11, 3)]
length: 16 76
Estimated difference between T3^fnT3 - (T2^WT3 + h.c.) is: -1.6297098293781763e-06 2.6559541279718444e-12
total cost: -7.784456701530618
singles alt: [(4, 0), (5, 1), (6, 0), (7, 1), (8, 0), (9, 1), (10, 0), (11, 1), (4, 2), (5, 3), (6, 2), (7, 3), (8, 2), (9, 3), (10, 2), (11, 3)]
length: 16 76
Estimated difference between T3^fnT3 - (T2^WT3 + h.c.) is: -1.6297098293855211e-06 2.655954127995784e-12
total cost: -7.784456701530617
singles alt: [(4, 0), (5, 1), (6, 0), (7, 1), (8, 0), (9, 1), (10, 0), (11, 1), (4, 2), (5, 3), (6, 2), (7, 3), (8, 2), (9, 3), (10, 2), (11, 3)]
length: 16 76
Estimated difference between T3^fnT3 - (T2^WT3 + h.c.) is: -1.6297098294132337e-06 2.6559541280861113e-12
total cost: -7.784456701530614
singles alt: [(4, 0), (5, 1), (6, 0), (7, 1), (8, 0), (9, 1), (10, 0), (11, 1), (4, 2), (5, 3), (6, 2), (7, 3), (8, 2), (9, 3), (10, 2), (11, 3)]
length: 16 76
Estimated difference between T3^fnT3 - (T2^WT3 + h.c.) is: -1.6297098294136877e-06 2.655954128087591e-12
total cost: -7.784456701528706
singles alt: [(4, 0), (5, 1), (6, 0), (7, 1), (8, 0), (9, 1), (10, 0), (11, 1), (4, 2), (5, 3), (6, 2), (7, 3), (8, 2), (9, 3), (10, 2), (11, 3)]
length: 16 76
Estimated difference between T3^fnT3 - (T2^WT3 + h.c.) is: -1.6297098294136877e-06 2.655954128087591e-12
total cost: -7.784456701528612
singles alt: [(4, 0), (5, 1), (6, 0), (7, 1), (8, 0), (9, 1), (10, 0), (11, 1), (4, 2), (5, 3), (6, 2), (7, 3), (8, 2), (9, 3), (10, 2), (11, 3)]
length: 16 76
Estimated difference between T3^fnT3 - (T2^WT3 + h.c.) is: -1.6297098294136877e-06 2.655954128087591e-12
total cost: -7.784456701530587
singles alt: [(4, 0), (5, 1), (6, 0), (7, 1), (8, 0), (9, 1), (10, 0), (11, 1), (4, 2), (5, 3), (6, 2), (7, 3), (8, 2), (9, 3), (10, 2), (11, 3)]
length: 16 76
Estimated difference between T3^fnT3 - (T2^WT3 + h.c.) is: -1.6297098294136877e-06 2.655954128087591e-12
total cost: -7.784456701530545
singles alt: [(4, 0), (5, 1), (6, 0), (7, 1), (8, 0), (9, 1), (10, 0), (11, 1), (4, 2), (5, 3), (6, 2), (7, 3), (8, 2), (9, 3), (10, 2), (11, 3)]
length: 16 76
Estimated difference between T3^fnT3 - (T2^WT3 + h.c.) is: -1.6297098294136877e-06 2.655954128087591e-12
total cost: -7.784456701530597
singles alt: [(4, 0), (5, 1), (6, 0), (7, 1), (8, 0), (9, 1), (10, 0), (11, 1), (4, 2), (5, 3), (6, 2), (7, 3), (8, 2), (9, 3), (10, 2), (11, 3)]
length: 16 76
Estimated difference between T3^fnT3 - (T2^WT3 + h.c.) is: -1.6297098294136877e-06 2.655954128087591e-12
total cost: -7.784456701530589
singles alt: [(4, 0), (5, 1), (6, 0), (7, 1), (8, 0), (9, 1), (10, 0), (11, 1), (4, 2), (5, 3), (6, 2), (7, 3), (8, 2), (9, 3), (10, 2), (11, 3)]
length: 16 76
Estimated difference between T3^fnT3 - (T2^WT3 + h.c.) is: -1.6297098294136877e-06 2.655954128087591e-12
total cost: -7.784456701525077
singles alt: [(4, 0), (5, 1), (6, 0), (7, 1), (8, 0), (9, 1), (10, 0), (11, 1), (4, 2), (5, 3), (6, 2), (7, 3), (8, 2), (9, 3), (10, 2), (11, 3)]
length: 16 76
Estimated difference between T3^fnT3 - (T2^WT3 + h.c.) is: -1.6297098294136877e-06 2.655954128087591e-12
total cost: -7.784456701525531
singles alt: [(4, 0), (5, 1), (6, 0), (7, 1), (8, 0), (9, 1), (10, 0), (11, 1), (4, 2), (5, 3), (6, 2), (7, 3), (8, 2), (9, 3), (10, 2), (11, 3)]
length: 16 76
Estimated difference between T3^fnT3 - (T2^WT3 + h.c.) is: -1.6297098294136877e-06 2.655954128087591e-12
total cost: -7.784456701530631
singles alt: [(4, 0), (5, 1), (6, 0), (7, 1), (8, 0), (9, 1), (10, 0), (11, 1), (4, 2), (5, 3), (6, 2), (7, 3), (8, 2), (9, 3), (10, 2), (11, 3)]
length: 16 76
Estimated difference between T3^fnT3 - (T2^WT3 + h.c.) is: -1.6297098294136877e-06 2.655954128087591e-12
total cost: -7.784456701530672
singles alt: [(4, 0), (5, 1), (6, 0), (7, 1), (8, 0), (9, 1), (10, 0), (11, 1), (4, 2), (5, 3), (6, 2), (7, 3), (8, 2), (9, 3), (10, 2), (11, 3)]
length: 16 76
Estimated difference between T3^fnT3 - (T2^WT3 + h.c.) is: -1.6297098294136877e-06 2.655954128087591e-12
total cost: -7.784456701530627
singles alt: [(4, 0), (5, 1), (6, 0), (7, 1), (8, 0), (9, 1), (10, 0), (11, 1), (4, 2), (5, 3), (6, 2), (7, 3), (8, 2), (9, 3), (10, 2), (11, 3)]
length: 16 76
Estimated difference between T3^fnT3 - (T2^WT3 + h.c.) is: -1.6297098294136877e-06 2.655954128087591e-12
total cost: -7.7844567015306305
singles alt: [(4, 0), (5, 1), (6, 0), (7, 1), (8, 0), (9, 1), (10, 0), (11, 1), (4, 2), (5, 3), (6, 2), (7, 3), (8, 2), (9, 3), (10, 2), (11, 3)]
length: 16 76
Estimated difference between T3^fnT3 - (T2^WT3 + h.c.) is: -1.6297098294136877e-06 2.655954128087591e-12
total cost: -7.784456701530627
singles alt: [(4, 0), (5, 1), (6, 0), (7, 1), (8, 0), (9, 1), (10, 0), (11, 1), (4, 2), (5, 3), (6, 2), (7, 3), (8, 2), (9, 3), (10, 2), (11, 3)]
length: 16 76
Estimated difference between T3^fnT3 - (T2^WT3 + h.c.) is: -1.6297098294136877e-06 2.655954128087591e-12
total cost: -7.78445670153063
singles alt: [(4, 0), (5, 1), (6, 0), (7, 1), (8, 0), (9, 1), (10, 0), (11, 1), (4, 2), (5, 3), (6, 2), (7, 3), (8, 2), (9, 3), (10, 2), (11, 3)]
length: 16 76
Estimated difference between T3^fnT3 - (T2^WT3 + h.c.) is: -1.6297098294136877e-06 2.655954128087591e-12
total cost: -7.784456701530521
singles alt: [(4, 0), (5, 1), (6, 0), (7, 1), (8, 0), (9, 1), (10, 0), (11, 1), (4, 2), (5, 3), (6, 2), (7, 3), (8, 2), (9, 3), (10, 2), (11, 3)]
length: 16 76
Estimated difference between T3^fnT3 - (T2^WT3 + h.c.) is: -1.6297098294136877e-06 2.655954128087591e-12
total cost: -7.784456701530493
singles alt: [(4, 0), (5, 1), (6, 0), (7, 1), (8, 0), (9, 1), (10, 0), (11, 1), (4, 2), (5, 3), (6, 2), (7, 3), (8, 2), (9, 3), (10, 2), (11, 3)]
callback: energy=-7.784455071821
singles alt: [(4, 0), (5, 1), (6, 0), (7, 1), (8, 0), (9, 1), (10, 0), (11, 1), (4, 2), (5, 3), (6, 2), (7, 3), (8, 2), (9, 3), (10, 2), (11, 3)]
length: 16 76
Estimated difference between T3^fnT3 - (T2^WT3 + h.c.) is: -1.6299175538046676e-06 2.6566312322005915e-12
total cost: -7.784456734300032
singles alt: [(4, 0), (5, 1), (6, 0), (7, 1), (8, 0), (9, 1), (10, 0), (11, 1), (4, 2), (5, 3), (6, 2), (7, 3), (8, 2), (9, 3), (10, 2), (11, 3)]
length: 16 76
Estimated difference between T3^fnT3 - (T2^WT3 + h.c.) is: -1.6299178884433848e-06 2.6566323230677423e-12
total cost: -7.784456734299941
singles alt: [(4, 0), (5, 1), (6, 0), (7, 1), (8, 0), (9, 1), (10, 0), (11, 1), (4, 2), (5, 3), (6, 2), (7, 3), (8, 2), (9, 3), (10, 2), (11, 3)]
length: 16 76
Estimated difference between T3^fnT3 - (T2^WT3 + h.c.) is: -1.6299176292381075e-06 2.6566314781011726e-12
total cost: -7.784456734298419
singles alt: [(4, 0), (5, 1), (6, 0), (7, 1), (8, 0), (9, 1), (10, 0), (11, 1), (4, 2), (5, 3), (6, 2), (7, 3), (8, 2), (9, 3), (10, 2), (11, 3)]
length: 16 76
Estimated difference between T3^fnT3 - (T2^WT3 + h.c.) is: -1.6299176289678885e-06 2.6566314772203036e-12
total cost: -7.784456734298492
singles alt: [(4, 0), (5, 1), (6, 0), (7, 1), (8, 0), (9, 1), (10, 0), (11, 1), (4, 2), (5, 3), (6, 2), (7, 3), (8, 2), (9, 3), (10, 2), (11, 3)]
length: 16 76
Estimated difference between T3^fnT3 - (T2^WT3 + h.c.) is: -1.6299176208167564e-06 2.6566314506489557e-12
total cost: -7.7844567342999005
singles alt: [(4, 0), (5, 1), (6, 0), (7, 1), (8, 0), (9, 1), (10, 0), (11, 1), (4, 2), (5, 3), (6, 2), (7, 3), (8, 2), (9, 3), (10, 2), (11, 3)]
length: 16 76
Estimated difference between T3^fnT3 - (T2^WT3 + h.c.) is: -1.6299175538183146e-06 2.6566312322450783e-12
total cost: -7.784456734299756
singles alt: [(4, 0), (5, 1), (6, 0), (7, 1), (8, 0), (9, 1), (10, 0), (11, 1), (4, 2), (5, 3), (6, 2), (7, 3), (8, 2), (9, 3), (10, 2), (11, 3)]
length: 16 76
Estimated difference between T3^fnT3 - (T2^WT3 + h.c.) is: -1.6299175537865458e-06 2.656631232141517e-12
total cost: -7.7844567343000595
singles alt: [(4, 0), (5, 1), (6, 0), (7, 1), (8, 0), (9, 1), (10, 0), (11, 1), (4, 2), (5, 3), (6, 2), (7, 3), (8, 2), (9, 3), (10, 2), (11, 3)]
length: 16 76
Estimated difference between T3^fnT3 - (T2^WT3 + h.c.) is: -1.6299175537700824e-06 2.6566312320878494e-12
total cost: -7.784456734300067
singles alt: [(4, 0), (5, 1), (6, 0), (7, 1), (8, 0), (9, 1), (10, 0), (11, 1), (4, 2), (5, 3), (6, 2), (7, 3), (8, 2), (9, 3), (10, 2), (11, 3)]
length: 16 76
Estimated difference between T3^fnT3 - (T2^WT3 + h.c.) is: -1.6299175538056227e-06 2.6566312322037048e-12
total cost: -7.784456734300025
singles alt: [(4, 0), (5, 1), (6, 0), (7, 1), (8, 0), (9, 1), (10, 0), (11, 1), (4, 2), (5, 3), (6, 2), (7, 3), (8, 2), (9, 3), (10, 2), (11, 3)]
length: 16 76
Estimated difference between T3^fnT3 - (T2^WT3 + h.c.) is: -1.6299175537706571e-06 2.656631232089723e-12
total cost: -7.7844567342999165
singles alt: [(4, 0), (5, 1), (6, 0), (7, 1), (8, 0), (9, 1), (10, 0), (11, 1), (4, 2), (5, 3), (6, 2), (7, 3), (8, 2), (9, 3), (10, 2), (11, 3)]
length: 16 76
Estimated difference between T3^fnT3 - (T2^WT3 + h.c.) is: -1.6299175537985775e-06 2.656631232180739e-12
total cost: -7.784456734300048
singles alt: [(4, 0), (5, 1), (6, 0), (7, 1), (8, 0), (9, 1), (10, 0), (11, 1), (4, 2), (5, 3), (6, 2), (7, 3), (8, 2), (9, 3), (10, 2), (11, 3)]
length: 16 76
Estimated difference between T3^fnT3 - (T2^WT3 + h.c.) is: -1.6299175538218103e-06 2.656631232256474e-12
total cost: -7.784456734300052
singles alt: [(4, 0), (5, 1), (6, 0), (7, 1), (8, 0), (9, 1), (10, 0), (11, 1), (4, 2), (5, 3), (6, 2), (7, 3), (8, 2), (9, 3), (10, 2), (11, 3)]
length: 16 76
Estimated difference between T3^fnT3 - (T2^WT3 + h.c.) is: -1.6299175537970056e-06 2.6566312321756146e-12
total cost: -7.784456734300035
singles alt: [(4, 0), (5, 1), (6, 0), (7, 1), (8, 0), (9, 1), (10, 0), (11, 1), (4, 2), (5, 3), (6, 2), (7, 3), (8, 2), (9, 3), (10, 2), (11, 3)]
length: 16 76
Estimated difference between T3^fnT3 - (T2^WT3 + h.c.) is: -1.6299176163320731e-06 2.6566314360296273e-12
total cost: -7.784456734297449
singles alt: [(4, 0), (5, 1), (6, 0), (7, 1), (8, 0), (9, 1), (10, 0), (11, 1), (4, 2), (5, 3), (6, 2), (7, 3), (8, 2), (9, 3), (10, 2), (11, 3)]
length: 16 76
Estimated difference between T3^fnT3 - (T2^WT3 + h.c.) is: -1.6299173680231212e-06 2.656630626583419e-12
total cost: -7.784456734298898
singles alt: [(4, 0), (5, 1), (6, 0), (7, 1), (8, 0), (9, 1), (10, 0), (11, 1), (4, 2), (5, 3), (6, 2), (7, 3), (8, 2), (9, 3), (10, 2), (11, 3)]
length: 16 76
Estimated difference between T3^fnT3 - (T2^WT3 + h.c.) is: -1.6299175183593915e-06 2.6566311166548373e-12
total cost: -7.784456734298579
singles alt: [(4, 0), (5, 1), (6, 0), (7, 1), (8, 0), (9, 1), (10, 0), (11, 1), (4, 2), (5, 3), (6, 2), (7, 3), (8, 2), (9, 3), (10, 2), (11, 3)]
length: 16 76
Estimated difference between T3^fnT3 - (T2^WT3 + h.c.) is: -1.6299174068654657e-06 2.6566307532030443e-12
total cost: -7.784456734299933
singles alt: [(4, 0), (5, 1), (6, 0), (7, 1), (8, 0), (9, 1), (10, 0), (11, 1), (4, 2), (5, 3), (6, 2), (7, 3), (8, 2), (9, 3), (10, 2), (11, 3)]
length: 16 76
Estimated difference between T3^fnT3 - (T2^WT3 + h.c.) is: -1.6299175538567563e-06 2.656631232370392e-12
total cost: -7.784456734299598
singles alt: [(4, 0), (5, 1), (6, 0), (7, 1), (8, 0), (9, 1), (10, 0), (11, 1), (4, 2), (5, 3), (6, 2), (7, 3), (8, 2), (9, 3), (10, 2), (11, 3)]
length: 16 76
Estimated difference between T3^fnT3 - (T2^WT3 + h.c.) is: -1.629917553799189e-06 2.6566312321827324e-12
total cost: -7.784456734300061
singles alt: [(4, 0), (5, 1), (6, 0), (7, 1), (8, 0), (9, 1), (10, 0), (11, 1), (4, 2), (5, 3), (6, 2), (7, 3), (8, 2), (9, 3), (10, 2), (11, 3)]
length: 16 76
Estimated difference between T3^fnT3 - (T2^WT3 + h.c.) is: -1.6299175537318364e-06 2.6566312319631737e-12
total cost: -7.784456734300096
singles alt: [(4, 0), (5, 1), (6, 0), (7, 1), (8, 0), (9, 1), (10, 0), (11, 1), (4, 2), (5, 3), (6, 2), (7, 3), (8, 2), (9, 3), (10, 2), (11, 3)]
length: 16 76
Estimated difference between T3^fnT3 - (T2^WT3 + h.c.) is: -1.6299175538068852e-06 2.6566312322078205e-12
total cost: -7.784456734300024
singles alt: [(4, 0), (5, 1), (6, 0), (7, 1), (8, 0), (9, 1), (10, 0), (11, 1), (4, 2), (5, 3), (6, 2), (7, 3), (8, 2), (9, 3), (10, 2), (11, 3)]
length: 16 76
Estimated difference between T3^fnT3 - (T2^WT3 + h.c.) is: -1.629917752741882e-06 2.6566318807031466e-12
total cost: -7.784456734299616
singles alt: [(4, 0), (5, 1), (6, 0), (7, 1), (8, 0), (9, 1), (10, 0), (11, 1), (4, 2), (5, 3), (6, 2), (7, 3), (8, 2), (9, 3), (10, 2), (11, 3)]
length: 16 76
Estimated difference between T3^fnT3 - (T2^WT3 + h.c.) is: -1.629917898791992e-06 2.6566323568025026e-12
total cost: -7.784456734300819
singles alt: [(4, 0), (5, 1), (6, 0), (7, 1), (8, 0), (9, 1), (10, 0), (11, 1), (4, 2), (5, 3), (6, 2), (7, 3), (8, 2), (9, 3), (10, 2), (11, 3)]
length: 16 76
Estimated difference between T3^fnT3 - (T2^WT3 + h.c.) is: -1.6299177935952252e-06 2.656632013878327e-12
total cost: -7.784456734300758
singles alt: [(4, 0), (5, 1), (6, 0), (7, 1), (8, 0), (9, 1), (10, 0), (11, 1), (4, 2), (5, 3), (6, 2), (7, 3), (8, 2), (9, 3), (10, 2), (11, 3)]
length: 16 76
Estimated difference between T3^fnT3 - (T2^WT3 + h.c.) is: -1.6299177342033142e-06 2.6566318202704656e-12
total cost: -7.784456734300031
singles alt: [(4, 0), (5, 1), (6, 0), (7, 1), (8, 0), (9, 1), (10, 0), (11, 1), (4, 2), (5, 3), (6, 2), (7, 3), (8, 2), (9, 3), (10, 2), (11, 3)]
length: 16 76
Estimated difference between T3^fnT3 - (T2^WT3 + h.c.) is: -1.629917575726666e-06 2.6566313036626916e-12
total cost: -7.784456734300309
singles alt: [(4, 0), (5, 1), (6, 0), (7, 1), (8, 0), (9, 1), (10, 0), (11, 1), (4, 2), (5, 3), (6, 2), (7, 3), (8, 2), (9, 3), (10, 2), (11, 3)]
length: 16 76
Estimated difference between T3^fnT3 - (T2^WT3 + h.c.) is: -1.629917679177004e-06 2.6566316408937507e-12
total cost: -7.7844567343000675
singles alt: [(4, 0), (5, 1), (6, 0), (7, 1), (8, 0), (9, 1), (10, 0), (11, 1), (4, 2), (5, 3), (6, 2), (7, 3), (8, 2), (9, 3), (10, 2), (11, 3)]
length: 16 76
Estimated difference between T3^fnT3 - (T2^WT3 + h.c.) is: -1.6299176791455956e-06 2.6566316407913645e-12
total cost: -7.784456734300051
singles alt: [(4, 0), (5, 1), (6, 0), (7, 1), (8, 0), (9, 1), (10, 0), (11, 1), (4, 2), (5, 3), (6, 2), (7, 3), (8, 2), (9, 3), (10, 2), (11, 3)]
length: 16 76
Estimated difference between T3^fnT3 - (T2^WT3 + h.c.) is: -1.6299175732179246e-06 2.6566312954846085e-12
total cost: -7.784456734300036
singles alt: [(4, 0), (5, 1), (6, 0), (7, 1), (8, 0), (9, 1), (10, 0), (11, 1), (4, 2), (5, 3), (6, 2), (7, 3), (8, 2), (9, 3), (10, 2), (11, 3)]
length: 16 76
Estimated difference between T3^fnT3 - (T2^WT3 + h.c.) is: -1.629917553704232e-06 2.656631231873188e-12
total cost: -7.784456734303176
singles alt: [(4, 0), (5, 1), (6, 0), (7, 1), (8, 0), (9, 1), (10, 0), (11, 1), (4, 2), (5, 3), (6, 2), (7, 3), (8, 2), (9, 3), (10, 2), (11, 3)]
length: 16 76
Estimated difference between T3^fnT3 - (T2^WT3 + h.c.) is: -1.6299175537539066e-06 2.656631232035119e-12
total cost: -7.784456734299895
singles alt: [(4, 0), (5, 1), (6, 0), (7, 1), (8, 0), (9, 1), (10, 0), (11, 1), (4, 2), (5, 3), (6, 2), (7, 3), (8, 2), (9, 3), (10, 2), (11, 3)]
length: 16 76
Estimated difference between T3^fnT3 - (T2^WT3 + h.c.) is: -1.6299175538103908e-06 2.6566312322192483e-12
total cost: -7.784456734299904
singles alt: [(4, 0), (5, 1), (6, 0), (7, 1), (8, 0), (9, 1), (10, 0), (11, 1), (4, 2), (5, 3), (6, 2), (7, 3), (8, 2), (9, 3), (10, 2), (11, 3)]
length: 16 76
Estimated difference between T3^fnT3 - (T2^WT3 + h.c.) is: -1.6299175537912218e-06 2.6566312321567607e-12
total cost: -7.784456734300053
singles alt: [(4, 0), (5, 1), (6, 0), (7, 1), (8, 0), (9, 1), (10, 0), (11, 1), (4, 2), (5, 3), (6, 2), (7, 3), (8, 2), (9, 3), (10, 2), (11, 3)]
length: 16 76
Estimated difference between T3^fnT3 - (T2^WT3 + h.c.) is: -1.6299175536782624e-06 2.656631231788531e-12
total cost: -7.784456734300383
singles alt: [(4, 0), (5, 1), (6, 0), (7, 1), (8, 0), (9, 1), (10, 0), (11, 1), (4, 2), (5, 3), (6, 2), (7, 3), (8, 2), (9, 3), (10, 2), (11, 3)]
length: 16 76
Estimated difference between T3^fnT3 - (T2^WT3 + h.c.) is: -1.6299175537821433e-06 2.656631232127166e-12
total cost: -7.784456734300042
singles alt: [(4, 0), (5, 1), (6, 0), (7, 1), (8, 0), (9, 1), (10, 0), (11, 1), (4, 2), (5, 3), (6, 2), (7, 3), (8, 2), (9, 3), (10, 2), (11, 3)]
length: 16 76
Estimated difference between T3^fnT3 - (T2^WT3 + h.c.) is: -1.6299175538189626e-06 2.6566312322471907e-12
total cost: -7.7844567343000355
singles alt: [(4, 0), (5, 1), (6, 0), (7, 1), (8, 0), (9, 1), (10, 0), (11, 1), (4, 2), (5, 3), (6, 2), (7, 3), (8, 2), (9, 3), (10, 2), (11, 3)]
length: 16 76
Estimated difference between T3^fnT3 - (T2^WT3 + h.c.) is: -1.6299175537889916e-06 2.65663123214949e-12
total cost: -7.784456734300039
singles alt: [(4, 0), (5, 1), (6, 0), (7, 1), (8, 0), (9, 1), (10, 0), (11, 1), (4, 2), (5, 3), (6, 2), (7, 3), (8, 2), (9, 3), (10, 2), (11, 3)]
length: 16 76
Estimated difference between T3^fnT3 - (T2^WT3 + h.c.) is: -1.6299175757691205e-06 2.6566313038010865e-12
total cost: -7.784456734300066
singles alt: [(4, 0), (5, 1), (6, 0), (7, 1), (8, 0), (9, 1), (10, 0), (11, 1), (4, 2), (5, 3), (6, 2), (7, 3), (8, 2), (9, 3), (10, 2), (11, 3)]
length: 16 76
Estimated difference between T3^fnT3 - (T2^WT3 + h.c.) is: -1.6299176791900127e-06 2.656631640936157e-12
total cost: -7.784456734300062
singles alt: [(4, 0), (5, 1), (6, 0), (7, 1), (8, 0), (9, 1), (10, 0), (11, 1), (4, 2), (5, 3), (6, 2), (7, 3), (8, 2), (9, 3), (10, 2), (11, 3)]
length: 16 76
Estimated difference between T3^fnT3 - (T2^WT3 + h.c.) is: -1.6299176790989636e-06 2.6566316406393523e-12
total cost: -7.784456734300087
singles alt: [(4, 0), (5, 1), (6, 0), (7, 1), (8, 0), (9, 1), (10, 0), (11, 1), (4, 2), (5, 3), (6, 2), (7, 3), (8, 2), (9, 3), (10, 2), (11, 3)]
length: 16 76
Estimated difference between T3^fnT3 - (T2^WT3 + h.c.) is: -1.6299175732244101e-06 2.65663129550575e-12
total cost: -7.784456734300037
singles alt: [(4, 0), (5, 1), (6, 0), (7, 1), (8, 0), (9, 1), (10, 0), (11, 1), (4, 2), (5, 3), (6, 2), (7, 3), (8, 2), (9, 3), (10, 2), (11, 3)]
length: 16 76
Estimated difference between T3^fnT3 - (T2^WT3 + h.c.) is: -1.6299177526349815e-06 2.656631880354669e-12
total cost: -7.78445673430038
singles alt: [(4, 0), (5, 1), (6, 0), (7, 1), (8, 0), (9, 1), (10, 0), (11, 1), (4, 2), (5, 3), (6, 2), (7, 3), (8, 2), (9, 3), (10, 2), (11, 3)]
length: 16 76
Estimated difference between T3^fnT3 - (T2^WT3 + h.c.) is: -1.62991779364986e-06 2.656632014056428e-12
total cost: -7.7844567343008615
singles alt: [(4, 0), (5, 1), (6, 0), (7, 1), (8, 0), (9, 1), (10, 0), (11, 1), (4, 2), (5, 3), (6, 2), (7, 3), (8, 2), (9, 3), (10, 2), (11, 3)]
length: 16 76
Estimated difference between T3^fnT3 - (T2^WT3 + h.c.) is: -1.6299178989582642e-06 2.6566323573445224e-12
total cost: -7.784456734300829
singles alt: [(4, 0), (5, 1), (6, 0), (7, 1), (8, 0), (9, 1), (10, 0), (11, 1), (4, 2), (5, 3), (6, 2), (7, 3), (8, 2), (9, 3), (10, 2), (11, 3)]
length: 16 76
Estimated difference between T3^fnT3 - (T2^WT3 + h.c.) is: -1.6299177342932352e-06 2.6566318205635933e-12
total cost: -7.784456734300043
singles alt: [(4, 0), (5, 1), (6, 0), (7, 1), (8, 0), (9, 1), (10, 0), (11, 1), (4, 2), (5, 3), (6, 2), (7, 3), (8, 2), (9, 3), (10, 2), (11, 3)]
length: 16 76
Estimated difference between T3^fnT3 - (T2^WT3 + h.c.) is: -1.6299175537412907e-06 2.6566312319939935e-12
total cost: -7.784456734302934
singles alt: [(4, 0), (5, 1), (6, 0), (7, 1), (8, 0), (9, 1), (10, 0), (11, 1), (4, 2), (5, 3), (6, 2), (7, 3), (8, 2), (9, 3), (10, 2), (11, 3)]
length: 16 76
Estimated difference between T3^fnT3 - (T2^WT3 + h.c.) is: -1.6299175538145148e-06 2.6566312322326916e-12
total cost: -7.784456734299912
singles alt: [(4, 0), (5, 1), (6, 0), (7, 1), (8, 0), (9, 1), (10, 0), (11, 1), (4, 2), (5, 3), (6, 2), (7, 3), (8, 2), (9, 3), (10, 2), (11, 3)]
length: 16 76
Estimated difference between T3^fnT3 - (T2^WT3 + h.c.) is: -1.6299175538020664e-06 2.656631232192112e-12
total cost: -7.784456734299891
singles alt: [(4, 0), (5, 1), (6, 0), (7, 1), (8, 0), (9, 1), (10, 0), (11, 1), (4, 2), (5, 3), (6, 2), (7, 3), (8, 2), (9, 3), (10, 2), (11, 3)]
length: 16 76
Estimated difference between T3^fnT3 - (T2^WT3 + h.c.) is: -1.6299175537911426e-06 2.656631232156502e-12
total cost: -7.784456734300056
singles alt: [(4, 0), (5, 1), (6, 0), (7, 1), (8, 0), (9, 1), (10, 0), (11, 1), (4, 2), (5, 3), (6, 2), (7, 3), (8, 2), (9, 3), (10, 2), (11, 3)]
length: 16 76
Estimated difference between T3^fnT3 - (T2^WT3 + h.c.) is: -1.6299176161905363e-06 2.6566314355682402e-12
total cost: -7.784456734302074
singles alt: [(4, 0), (5, 1), (6, 0), (7, 1), (8, 0), (9, 1), (10, 0), (11, 1), (4, 2), (5, 3), (6, 2), (7, 3), (8, 2), (9, 3), (10, 2), (11, 3)]
length: 16 76
Estimated difference between T3^fnT3 - (T2^WT3 + h.c.) is: -1.6299175184419543e-06 2.6566311169239784e-12
total cost: -7.784456734298377
singles alt: [(4, 0), (5, 1), (6, 0), (7, 1), (8, 0), (9, 1), (10, 0), (11, 1), (4, 2), (5, 3), (6, 2), (7, 3), (8, 2), (9, 3), (10, 2), (11, 3)]
length: 16 76
Estimated difference between T3^fnT3 - (T2^WT3 + h.c.) is: -1.6299173675528803e-06 2.656630625050511e-12
total cost: -7.78445673430001
singles alt: [(4, 0), (5, 1), (6, 0), (7, 1), (8, 0), (9, 1), (10, 0), (11, 1), (4, 2), (5, 3), (6, 2), (7, 3), (8, 2), (9, 3), (10, 2), (11, 3)]
length: 16 76
Estimated difference between T3^fnT3 - (T2^WT3 + h.c.) is: -1.629917406542058e-06 2.6566307521487884e-12
total cost: -7.784456734299993
singles alt: [(4, 0), (5, 1), (6, 0), (7, 1), (8, 0), (9, 1), (10, 0), (11, 1), (4, 2), (5, 3), (6, 2), (7, 3), (8, 2), (9, 3), (10, 2), (11, 3)]
length: 16 76
Estimated difference between T3^fnT3 - (T2^WT3 + h.c.) is: -1.6299175537110654e-06 2.6566312318954637e-12
total cost: -7.784456734304847
singles alt: [(4, 0), (5, 1), (6, 0), (7, 1), (8, 0), (9, 1), (10, 0), (11, 1), (4, 2), (5, 3), (6, 2), (7, 3), (8, 2), (9, 3), (10, 2), (11, 3)]
length: 16 76
Estimated difference between T3^fnT3 - (T2^WT3 + h.c.) is: -1.6299175537931874e-06 2.6566312321631677e-12
total cost: -7.784456734299822
singles alt: [(4, 0), (5, 1), (6, 0), (7, 1), (8, 0), (9, 1), (10, 0), (11, 1), (4, 2), (5, 3), (6, 2), (7, 3), (8, 2), (9, 3), (10, 2), (11, 3)]
length: 16 76
Estimated difference between T3^fnT3 - (T2^WT3 + h.c.) is: -1.62991755382697e-06 2.6566312322732938e-12
total cost: -7.784456734299806
singles alt: [(4, 0), (5, 1), (6, 0), (7, 1), (8, 0), (9, 1), (10, 0), (11, 1), (4, 2), (5, 3), (6, 2), (7, 3), (8, 2), (9, 3), (10, 2), (11, 3)]
length: 16 76
Estimated difference between T3^fnT3 - (T2^WT3 + h.c.) is: -1.6299175537782826e-06 2.6566312321145805e-12
total cost: -7.784456734300063
singles alt: [(4, 0), (5, 1), (6, 0), (7, 1), (8, 0), (9, 1), (10, 0), (11, 1), (4, 2), (5, 3), (6, 2), (7, 3), (8, 2), (9, 3), (10, 2), (11, 3)]
length: 16 76
Estimated difference between T3^fnT3 - (T2^WT3 + h.c.) is: -1.6299175536903542e-06 2.6566312318279487e-12
total cost: -7.784456734303361
singles alt: [(4, 0), (5, 1), (6, 0), (7, 1), (8, 0), (9, 1), (10, 0), (11, 1), (4, 2), (5, 3), (6, 2), (7, 3), (8, 2), (9, 3), (10, 2), (11, 3)]
length: 16 76
Estimated difference between T3^fnT3 - (T2^WT3 + h.c.) is: -1.6299175538287085e-06 2.656631232278961e-12
total cost: -7.784456734299873
singles alt: [(4, 0), (5, 1), (6, 0), (7, 1), (8, 0), (9, 1), (10, 0), (11, 1), (4, 2), (5, 3), (6, 2), (7, 3), (8, 2), (9, 3), (10, 2), (11, 3)]
length: 16 76
Estimated difference between T3^fnT3 - (T2^WT3 + h.c.) is: -1.629917553743212e-06 2.6566312320002563e-12
total cost: -7.784456734299834
singles alt: [(4, 0), (5, 1), (6, 0), (7, 1), (8, 0), (9, 1), (10, 0), (11, 1), (4, 2), (5, 3), (6, 2), (7, 3), (8, 2), (9, 3), (10, 2), (11, 3)]
length: 16 76
Estimated difference between T3^fnT3 - (T2^WT3 + h.c.) is: -1.6299175537924195e-06 2.6566312321606647e-12
total cost: -7.784456734300055
singles alt: [(4, 0), (5, 1), (6, 0), (7, 1), (8, 0), (9, 1), (10, 0), (11, 1), (4, 2), (5, 3), (6, 2), (7, 3), (8, 2), (9, 3), (10, 2), (11, 3)]
length: 16 76
Estimated difference between T3^fnT3 - (T2^WT3 + h.c.) is: -1.6299177379348636e-06 2.6566318324347026e-12
total cost: -7.784456734299849
singles alt: [(4, 0), (5, 1), (6, 0), (7, 1), (8, 0), (9, 1), (10, 0), (11, 1), (4, 2), (5, 3), (6, 2), (7, 3), (8, 2), (9, 3), (10, 2), (11, 3)]
length: 16 76
Estimated difference between T3^fnT3 - (T2^WT3 + h.c.) is: -1.629917585259176e-06 2.6566313347371034e-12
total cost: -7.7844567342992335
singles alt: [(4, 0), (5, 1), (6, 0), (7, 1), (8, 0), (9, 1), (10, 0), (11, 1), (4, 2), (5, 3), (6, 2), (7, 3), (8, 2), (9, 3), (10, 2), (11, 3)]
length: 16 76
Estimated difference between T3^fnT3 - (T2^WT3 + h.c.) is: -1.6299175853090554e-06 2.656631334899702e-12
total cost: -7.7844567342993995
singles alt: [(4, 0), (5, 1), (6, 0), (7, 1), (8, 0), (9, 1), (10, 0), (11, 1), (4, 2), (5, 3), (6, 2), (7, 3), (8, 2), (9, 3), (10, 2), (11, 3)]
length: 16 76
Estimated difference between T3^fnT3 - (T2^WT3 + h.c.) is: -1.629917685919555e-06 2.6566316628733572e-12
total cost: -7.784456734299919
singles alt: [(4, 0), (5, 1), (6, 0), (7, 1), (8, 0), (9, 1), (10, 0), (11, 1), (4, 2), (5, 3), (6, 2), (7, 3), (8, 2), (9, 3), (10, 2), (11, 3)]
length: 16 76
Estimated difference between T3^fnT3 - (T2^WT3 + h.c.) is: -1.6299175537615964e-06 2.6566312320601865e-12
total cost: -7.784456734300056
singles alt: [(4, 0), (5, 1), (6, 0), (7, 1), (8, 0), (9, 1), (10, 0), (11, 1), (4, 2), (5, 3), (6, 2), (7, 3), (8, 2), (9, 3), (10, 2), (11, 3)]
length: 16 76
Estimated difference between T3^fnT3 - (T2^WT3 + h.c.) is: -1.629917553740124e-06 2.6566312319901896e-12
total cost: -7.784456734300057
singles alt: [(4, 0), (5, 1), (6, 0), (7, 1), (8, 0), (9, 1), (10, 0), (11, 1), (4, 2), (5, 3), (6, 2), (7, 3), (8, 2), (9, 3), (10, 2), (11, 3)]
length: 16 76
Estimated difference between T3^fnT3 - (T2^WT3 + h.c.) is: -1.629917553809397e-06 2.6566312322160087e-12
total cost: -7.78445673430002
singles alt: [(4, 0), (5, 1), (6, 0), (7, 1), (8, 0), (9, 1), (10, 0), (11, 1), (4, 2), (5, 3), (6, 2), (7, 3), (8, 2), (9, 3), (10, 2), (11, 3)]
length: 16 76
Estimated difference between T3^fnT3 - (T2^WT3 + h.c.) is: -1.629917553804518e-06 2.6566312322001036e-12
total cost: -7.784456734300036
singles alt: [(4, 0), (5, 1), (6, 0), (7, 1), (8, 0), (9, 1), (10, 0), (11, 1), (4, 2), (5, 3), (6, 2), (7, 3), (8, 2), (9, 3), (10, 2), (11, 3)]
length: 16 76
Estimated difference between T3^fnT3 - (T2^WT3 + h.c.) is: -1.6299174080954724e-06 2.6566307572126625e-12
total cost: -7.784456734300784
singles alt: [(4, 0), (5, 1), (6, 0), (7, 1), (8, 0), (9, 1), (10, 0), (11, 1), (4, 2), (5, 3), (6, 2), (7, 3), (8, 2), (9, 3), (10, 2), (11, 3)]
length: 16 76
Estimated difference between T3^fnT3 - (T2^WT3 + h.c.) is: -1.6299174084006338e-06 2.6566307582074385e-12
total cost: -7.784456734301589
singles alt: [(4, 0), (5, 1), (6, 0), (7, 1), (8, 0), (9, 1), (10, 0), (11, 1), (4, 2), (5, 3), (6, 2), (7, 3), (8, 2), (9, 3), (10, 2), (11, 3)]
length: 16 76
Estimated difference between T3^fnT3 - (T2^WT3 + h.c.) is: -1.6299172741049233e-06 2.6566303204256237e-12
total cost: -7.7844567343000275
singles alt: [(4, 0), (5, 1), (6, 0), (7, 1), (8, 0), (9, 1), (10, 0), (11, 1), (4, 2), (5, 3), (6, 2), (7, 3), (8, 2), (9, 3), (10, 2), (11, 3)]
length: 16 76
Estimated difference between T3^fnT3 - (T2^WT3 + h.c.) is: -1.6299178333021875e-06 2.6566321433164976e-12
total cost: -7.7844567343000115
singles alt: [(4, 0), (5, 1), (6, 0), (7, 1), (8, 0), (9, 1), (10, 0), (11, 1), (4, 2), (5, 3), (6, 2), (7, 3), (8, 2), (9, 3), (10, 2), (11, 3)]
length: 16 76
Estimated difference between T3^fnT3 - (T2^WT3 + h.c.) is: -1.6299175538012977e-06 2.6566312321896064e-12
total cost: -7.784456734300069
singles alt: [(4, 0), (5, 1), (6, 0), (7, 1), (8, 0), (9, 1), (10, 0), (11, 1), (4, 2), (5, 3), (6, 2), (7, 3), (8, 2), (9, 3), (10, 2), (11, 3)]
length: 16 76
Estimated difference between T3^fnT3 - (T2^WT3 + h.c.) is: -1.6299175537606024e-06 2.6566312320569465e-12
total cost: -7.784456734300058
singles alt: [(4, 0), (5, 1), (6, 0), (7, 1), (8, 0), (9, 1), (10, 0), (11, 1), (4, 2), (5, 3), (6, 2), (7, 3), (8, 2), (9, 3), (10, 2), (11, 3)]
length: 16 76
Estimated difference between T3^fnT3 - (T2^WT3 + h.c.) is: -1.6299175537581452e-06 2.656631232048936e-12
total cost: -7.784456734300048
singles alt: [(4, 0), (5, 1), (6, 0), (7, 1), (8, 0), (9, 1), (10, 0), (11, 1), (4, 2), (5, 3), (6, 2), (7, 3), (8, 2), (9, 3), (10, 2), (11, 3)]
length: 16 76
Estimated difference between T3^fnT3 - (T2^WT3 + h.c.) is: -1.6299175538000147e-06 2.6566312321854236e-12
total cost: -7.784456734300031
singles alt: [(4, 0), (5, 1), (6, 0), (7, 1), (8, 0), (9, 1), (10, 0), (11, 1), (4, 2), (5, 3), (6, 2), (7, 3), (8, 2), (9, 3), (10, 2), (11, 3)]
length: 16 76
Estimated difference between T3^fnT3 - (T2^WT3 + h.c.) is: -1.6299175538046676e-06 2.6566312322005915e-12
total cost: -7.784456734298973
singles alt: [(4, 0), (5, 1), (6, 0), (7, 1), (8, 0), (9, 1), (10, 0), (11, 1), (4, 2), (5, 3), (6, 2), (7, 3), (8, 2), (9, 3), (10, 2), (11, 3)]
length: 16 76
Estimated difference between T3^fnT3 - (T2^WT3 + h.c.) is: -1.6299175538046676e-06 2.6566312322005915e-12
total cost: -7.784456734299036
singles alt: [(4, 0), (5, 1), (6, 0), (7, 1), (8, 0), (9, 1), (10, 0), (11, 1), (4, 2), (5, 3), (6, 2), (7, 3), (8, 2), (9, 3), (10, 2), (11, 3)]
length: 16 76
Estimated difference between T3^fnT3 - (T2^WT3 + h.c.) is: -1.6299175538046676e-06 2.6566312322005915e-12
total cost: -7.784456734300017
singles alt: [(4, 0), (5, 1), (6, 0), (7, 1), (8, 0), (9, 1), (10, 0), (11, 1), (4, 2), (5, 3), (6, 2), (7, 3), (8, 2), (9, 3), (10, 2), (11, 3)]
length: 16 76
Estimated difference between T3^fnT3 - (T2^WT3 + h.c.) is: -1.6299175538046676e-06 2.6566312322005915e-12
total cost: -7.7844567343000035
singles alt: [(4, 0), (5, 1), (6, 0), (7, 1), (8, 0), (9, 1), (10, 0), (11, 1), (4, 2), (5, 3), (6, 2), (7, 3), (8, 2), (9, 3), (10, 2), (11, 3)]
length: 16 76
Estimated difference between T3^fnT3 - (T2^WT3 + h.c.) is: -1.6299175538046676e-06 2.6566312322005915e-12
total cost: -7.78445673429999
singles alt: [(4, 0), (5, 1), (6, 0), (7, 1), (8, 0), (9, 1), (10, 0), (11, 1), (4, 2), (5, 3), (6, 2), (7, 3), (8, 2), (9, 3), (10, 2), (11, 3)]
length: 16 76
Estimated difference between T3^fnT3 - (T2^WT3 + h.c.) is: -1.6299175538046676e-06 2.6566312322005915e-12
total cost: -7.784456734299985
singles alt: [(4, 0), (5, 1), (6, 0), (7, 1), (8, 0), (9, 1), (10, 0), (11, 1), (4, 2), (5, 3), (6, 2), (7, 3), (8, 2), (9, 3), (10, 2), (11, 3)]
length: 16 76
Estimated difference between T3^fnT3 - (T2^WT3 + h.c.) is: -1.6299175538046676e-06 2.6566312322005915e-12
total cost: -7.784456734296329
singles alt: [(4, 0), (5, 1), (6, 0), (7, 1), (8, 0), (9, 1), (10, 0), (11, 1), (4, 2), (5, 3), (6, 2), (7, 3), (8, 2), (9, 3), (10, 2), (11, 3)]
length: 16 76
Estimated difference between T3^fnT3 - (T2^WT3 + h.c.) is: -1.6299175538046676e-06 2.6566312322005915e-12
total cost: -7.784456734296577
singles alt: [(4, 0), (5, 1), (6, 0), (7, 1), (8, 0), (9, 1), (10, 0), (11, 1), (4, 2), (5, 3), (6, 2), (7, 3), (8, 2), (9, 3), (10, 2), (11, 3)]
length: 16 76
Estimated difference between T3^fnT3 - (T2^WT3 + h.c.) is: -1.6299175538046676e-06 2.6566312322005915e-12
total cost: -7.784456734300019
singles alt: [(4, 0), (5, 1), (6, 0), (7, 1), (8, 0), (9, 1), (10, 0), (11, 1), (4, 2), (5, 3), (6, 2), (7, 3), (8, 2), (9, 3), (10, 2), (11, 3)]
length: 16 76
Estimated difference between T3^fnT3 - (T2^WT3 + h.c.) is: -1.6299175538046676e-06 2.6566312322005915e-12
total cost: -7.784456734300053
singles alt: [(4, 0), (5, 1), (6, 0), (7, 1), (8, 0), (9, 1), (10, 0), (11, 1), (4, 2), (5, 3), (6, 2), (7, 3), (8, 2), (9, 3), (10, 2), (11, 3)]
length: 16 76
Estimated difference between T3^fnT3 - (T2^WT3 + h.c.) is: -1.6299175538046676e-06 2.6566312322005915e-12
total cost: -7.784456734300039
singles alt: [(4, 0), (5, 1), (6, 0), (7, 1), (8, 0), (9, 1), (10, 0), (11, 1), (4, 2), (5, 3), (6, 2), (7, 3), (8, 2), (9, 3), (10, 2), (11, 3)]
length: 16 76
Estimated difference between T3^fnT3 - (T2^WT3 + h.c.) is: -1.6299175538046676e-06 2.6566312322005915e-12
total cost: -7.784456734300042
singles alt: [(4, 0), (5, 1), (6, 0), (7, 1), (8, 0), (9, 1), (10, 0), (11, 1), (4, 2), (5, 3), (6, 2), (7, 3), (8, 2), (9, 3), (10, 2), (11, 3)]
length: 16 76
Estimated difference between T3^fnT3 - (T2^WT3 + h.c.) is: -1.6299175538046676e-06 2.6566312322005915e-12
total cost: -7.784456734300038
singles alt: [(4, 0), (5, 1), (6, 0), (7, 1), (8, 0), (9, 1), (10, 0), (11, 1), (4, 2), (5, 3), (6, 2), (7, 3), (8, 2), (9, 3), (10, 2), (11, 3)]
length: 16 76
Estimated difference between T3^fnT3 - (T2^WT3 + h.c.) is: -1.6299175538046676e-06 2.6566312322005915e-12
total cost: -7.784456734300035
singles alt: [(4, 0), (5, 1), (6, 0), (7, 1), (8, 0), (9, 1), (10, 0), (11, 1), (4, 2), (5, 3), (6, 2), (7, 3), (8, 2), (9, 3), (10, 2), (11, 3)]
length: 16 76
Estimated difference between T3^fnT3 - (T2^WT3 + h.c.) is: -1.6299175538046676e-06 2.6566312322005915e-12
total cost: -7.784456734300017
singles alt: [(4, 0), (5, 1), (6, 0), (7, 1), (8, 0), (9, 1), (10, 0), (11, 1), (4, 2), (5, 3), (6, 2), (7, 3), (8, 2), (9, 3), (10, 2), (11, 3)]
length: 16 76
Estimated difference between T3^fnT3 - (T2^WT3 + h.c.) is: -1.6299175538046676e-06 2.6566312322005915e-12
total cost: -7.78445673430002
singles alt: [(4, 0), (5, 1), (6, 0), (7, 1), (8, 0), (9, 1), (10, 0), (11, 1), (4, 2), (5, 3), (6, 2), (7, 3), (8, 2), (9, 3), (10, 2), (11, 3)]
callback: energy=-7.784455104382
singles alt: [(4, 0), (5, 1), (6, 0), (7, 1), (8, 0), (9, 1), (10, 0), (11, 1), (4, 2), (5, 3), (6, 2), (7, 3), (8, 2), (9, 3), (10, 2), (11, 3)]
length: 16 76
Estimated difference between T3^fnT3 - (T2^WT3 + h.c.) is: -1.6302732111342058e-06 2.657790742941835e-12
total cost: -7.784456749192152
singles alt: [(4, 0), (5, 1), (6, 0), (7, 1), (8, 0), (9, 1), (10, 0), (11, 1), (4, 2), (5, 3), (6, 2), (7, 3), (8, 2), (9, 3), (10, 2), (11, 3)]
length: 16 76
Estimated difference between T3^fnT3 - (T2^WT3 + h.c.) is: -1.6302735455562787e-06 2.65779183334064e-12
total cost: -7.78445674919231
singles alt: [(4, 0), (5, 1), (6, 0), (7, 1), (8, 0), (9, 1), (10, 0), (11, 1), (4, 2), (5, 3), (6, 2), (7, 3), (8, 2), (9, 3), (10, 2), (11, 3)]
length: 16 76
Estimated difference between T3^fnT3 - (T2^WT3 + h.c.) is: -1.6302732839839048e-06 2.6577909804716655e-12
total cost: -7.784456749192082
singles alt: [(4, 0), (5, 1), (6, 0), (7, 1), (8, 0), (9, 1), (10, 0), (11, 1), (4, 2), (5, 3), (6, 2), (7, 3), (8, 2), (9, 3), (10, 2), (11, 3)]
length: 16 76
Estimated difference between T3^fnT3 - (T2^WT3 + h.c.) is: -1.6302732838593412e-06 2.6577909800655203e-12
total cost: -7.784456749192126
singles alt: [(4, 0), (5, 1), (6, 0), (7, 1), (8, 0), (9, 1), (10, 0), (11, 1), (4, 2), (5, 3), (6, 2), (7, 3), (8, 2), (9, 3), (10, 2), (11, 3)]
length: 16 76
Estimated difference between T3^fnT3 - (T2^WT3 + h.c.) is: -1.6302732781277547e-06 2.6577909613774156e-12
total cost: -7.784456749192094
singles alt: [(4, 0), (5, 1), (6, 0), (7, 1), (8, 0), (9, 1), (10, 0), (11, 1), (4, 2), (5, 3), (6, 2), (7, 3), (8, 2), (9, 3), (10, 2), (11, 3)]
length: 16 76
Estimated difference between T3^fnT3 - (T2^WT3 + h.c.) is: -1.6302732111009689e-06 2.657790742833464e-12
total cost: -7.784456749192471
singles alt: [(4, 0), (5, 1), (6, 0), (7, 1), (8, 0), (9, 1), (10, 0), (11, 1), (4, 2), (5, 3), (6, 2), (7, 3), (8, 2), (9, 3), (10, 2), (11, 3)]
length: 16 76
Estimated difference between T3^fnT3 - (T2^WT3 + h.c.) is: -1.6302732111262653e-06 2.6577907429159442e-12
total cost: -7.78445674919213
singles alt: [(4, 0), (5, 1), (6, 0), (7, 1), (8, 0), (9, 1), (10, 0), (11, 1), (4, 2), (5, 3), (6, 2), (7, 3), (8, 2), (9, 3), (10, 2), (11, 3)]
length: 16 76
Estimated difference between T3^fnT3 - (T2^WT3 + h.c.) is: -1.630273211123101e-06 2.657790742905627e-12
total cost: -7.784456749192155
singles alt: [(4, 0), (5, 1), (6, 0), (7, 1), (8, 0), (9, 1), (10, 0), (11, 1), (4, 2), (5, 3), (6, 2), (7, 3), (8, 2), (9, 3), (10, 2), (11, 3)]
length: 16 76
Estimated difference between T3^fnT3 - (T2^WT3 + h.c.) is: -1.6302732111340656e-06 2.6577907429413776e-12
total cost: -7.784456749192141
singles alt: [(4, 0), (5, 1), (6, 0), (7, 1), (8, 0), (9, 1), (10, 0), (11, 1), (4, 2), (5, 3), (6, 2), (7, 3), (8, 2), (9, 3), (10, 2), (11, 3)]
length: 16 76
Estimated difference between T3^fnT3 - (T2^WT3 + h.c.) is: -1.630273211200908e-06 2.6577907431593203e-12
total cost: -7.784456749192097
singles alt: [(4, 0), (5, 1), (6, 0), (7, 1), (8, 0), (9, 1), (10, 0), (11, 1), (4, 2), (5, 3), (6, 2), (7, 3), (8, 2), (9, 3), (10, 2), (11, 3)]
length: 16 76
Estimated difference between T3^fnT3 - (T2^WT3 + h.c.) is: -1.6302732111070182e-06 2.6577907428531883e-12
total cost: -7.7844567491921595
singles alt: [(4, 0), (5, 1), (6, 0), (7, 1), (8, 0), (9, 1), (10, 0), (11, 1), (4, 2), (5, 3), (6, 2), (7, 3), (8, 2), (9, 3), (10, 2), (11, 3)]
length: 16 76
Estimated difference between T3^fnT3 - (T2^WT3 + h.c.) is: -1.6302732110950083e-06 2.6577907428140293e-12
total cost: -7.7844567491921595
singles alt: [(4, 0), (5, 1), (6, 0), (7, 1), (8, 0), (9, 1), (10, 0), (11, 1), (4, 2), (5, 3), (6, 2), (7, 3), (8, 2), (9, 3), (10, 2), (11, 3)]
length: 16 76
Estimated difference between T3^fnT3 - (T2^WT3 + h.c.) is: -1.6302732111443982e-06 2.6577907429750674e-12
total cost: -7.784456749192159
singles alt: [(4, 0), (5, 1), (6, 0), (7, 1), (8, 0), (9, 1), (10, 0), (11, 1), (4, 2), (5, 3), (6, 2), (7, 3), (8, 2), (9, 3), (10, 2), (11, 3)]
length: 16 76
Estimated difference between T3^fnT3 - (T2^WT3 + h.c.) is: -1.6302732736685125e-06 2.6577909468378487e-12
total cost: -7.784456749187965
singles alt: [(4, 0), (5, 1), (6, 0), (7, 1), (8, 0), (9, 1), (10, 0), (11, 1), (4, 2), (5, 3), (6, 2), (7, 3), (8, 2), (9, 3), (10, 2), (11, 3)]
length: 16 76
Estimated difference between T3^fnT3 - (T2^WT3 + h.c.) is: -1.6302730253374708e-06 2.6577901371429898e-12
total cost: -7.784456749191824
singles alt: [(4, 0), (5, 1), (6, 0), (7, 1), (8, 0), (9, 1), (10, 0), (11, 1), (4, 2), (5, 3), (6, 2), (7, 3), (8, 2), (9, 3), (10, 2), (11, 3)]
length: 16 76
Estimated difference between T3^fnT3 - (T2^WT3 + h.c.) is: -1.630273175170843e-06 2.6577906256816224e-12
total cost: -7.784456749191631
singles alt: [(4, 0), (5, 1), (6, 0), (7, 1), (8, 0), (9, 1), (10, 0), (11, 1), (4, 2), (5, 3), (6, 2), (7, 3), (8, 2), (9, 3), (10, 2), (11, 3)]
length: 16 76
Estimated difference between T3^fnT3 - (T2^WT3 + h.c.) is: -1.6302730642070523e-06 2.6577902638790517e-12
total cost: -7.784456749192059
singles alt: [(4, 0), (5, 1), (6, 0), (7, 1), (8, 0), (9, 1), (10, 0), (11, 1), (4, 2), (5, 3), (6, 2), (7, 3), (8, 2), (9, 3), (10, 2), (11, 3)]
length: 16 76
Estimated difference between T3^fnT3 - (T2^WT3 + h.c.) is: -1.630273211003249e-06 2.657790742514844e-12
total cost: -7.784456749192899
singles alt: [(4, 0), (5, 1), (6, 0), (7, 1), (8, 0), (9, 1), (10, 0), (11, 1), (4, 2), (5, 3), (6, 2), (7, 3), (8, 2), (9, 3), (10, 2), (11, 3)]
length: 16 76
Estimated difference between T3^fnT3 - (T2^WT3 + h.c.) is: -1.630273211121264e-06 2.6577907428996373e-12
total cost: -7.784456749192119
singles alt: [(4, 0), (5, 1), (6, 0), (7, 1), (8, 0), (9, 1), (10, 0), (11, 1), (4, 2), (5, 3), (6, 2), (7, 3), (8, 2), (9, 3), (10, 2), (11, 3)]
length: 16 76
Estimated difference between T3^fnT3 - (T2^WT3 + h.c.) is: -1.6302732110838294e-06 2.65779074277758e-12
total cost: -7.784456749192149
singles alt: [(4, 0), (5, 1), (6, 0), (7, 1), (8, 0), (9, 1), (10, 0), (11, 1), (4, 2), (5, 3), (6, 2), (7, 3), (8, 2), (9, 3), (10, 2), (11, 3)]
length: 16 76
Estimated difference between T3^fnT3 - (T2^WT3 + h.c.) is: -1.6302732111264593e-06 2.6577907429165767e-12
total cost: -7.784456749192139
singles alt: [(4, 0), (5, 1), (6, 0), (7, 1), (8, 0), (9, 1), (10, 0), (11, 1), (4, 2), (5, 3), (6, 2), (7, 3), (8, 2), (9, 3), (10, 2), (11, 3)]
length: 16 76
Estimated difference between T3^fnT3 - (T2^WT3 + h.c.) is: -1.6302734098094606e-06 2.6577913907317653e-12
total cost: -7.784456749193149
singles alt: [(4, 0), (5, 1), (6, 0), (7, 1), (8, 0), (9, 1), (10, 0), (11, 1), (4, 2), (5, 3), (6, 2), (7, 3), (8, 2), (9, 3), (10, 2), (11, 3)]
length: 16 76
Estimated difference between T3^fnT3 - (T2^WT3 + h.c.) is: -1.6302735572939742e-06 2.657791871611949e-12
total cost: -7.784456749192205
singles alt: [(4, 0), (5, 1), (6, 0), (7, 1), (8, 0), (9, 1), (10, 0), (11, 1), (4, 2), (5, 3), (6, 2), (7, 3), (8, 2), (9, 3), (10, 2), (11, 3)]
length: 16 76
Estimated difference between T3^fnT3 - (T2^WT3 + h.c.) is: -1.6302734516671914e-06 2.657791527210858e-12
total cost: -7.784456749192196
singles alt: [(4, 0), (5, 1), (6, 0), (7, 1), (8, 0), (9, 1), (10, 0), (11, 1), (4, 2), (5, 3), (6, 2), (7, 3), (8, 2), (9, 3), (10, 2), (11, 3)]
length: 16 76
Estimated difference between T3^fnT3 - (T2^WT3 + h.c.) is: -1.6302733914980946e-06 2.6577913310266995e-12
total cost: -7.784456749192164
singles alt: [(4, 0), (5, 1), (6, 0), (7, 1), (8, 0), (9, 1), (10, 0), (11, 1), (4, 2), (5, 3), (6, 2), (7, 3), (8, 2), (9, 3), (10, 2), (11, 3)]
length: 16 76
Estimated difference between T3^fnT3 - (T2^WT3 + h.c.) is: -1.6302732333110414e-06 2.657790815250437e-12
total cost: -7.784456749191455
singles alt: [(4, 0), (5, 1), (6, 0), (7, 1), (8, 0), (9, 1), (10, 0), (11, 1), (4, 2), (5, 3), (6, 2), (7, 3), (8, 2), (9, 3), (10, 2), (11, 3)]
length: 16 76
Estimated difference between T3^fnT3 - (T2^WT3 + h.c.) is: -1.6302733365384463e-06 2.657791151828198e-12
total cost: -7.784456749192223
singles alt: [(4, 0), (5, 1), (6, 0), (7, 1), (8, 0), (9, 1), (10, 0), (11, 1), (4, 2), (5, 3), (6, 2), (7, 3), (8, 2), (9, 3), (10, 2), (11, 3)]
length: 16 76
Estimated difference between T3^fnT3 - (T2^WT3 + h.c.) is: -1.6302733364252268e-06 2.6577911514590408e-12
total cost: -7.7844567491922145
singles alt: [(4, 0), (5, 1), (6, 0), (7, 1), (8, 0), (9, 1), (10, 0), (11, 1), (4, 2), (5, 3), (6, 2), (7, 3), (8, 2), (9, 3), (10, 2), (11, 3)]
length: 16 76
Estimated difference between T3^fnT3 - (T2^WT3 + h.c.) is: -1.6302732306360292e-06 2.6577908065284355e-12
total cost: -7.7844567491921515
singles alt: [(4, 0), (5, 1), (6, 0), (7, 1), (8, 0), (9, 1), (10, 0), (11, 1), (4, 2), (5, 3), (6, 2), (7, 3), (8, 2), (9, 3), (10, 2), (11, 3)]
length: 16 76
Estimated difference between T3^fnT3 - (T2^WT3 + h.c.) is: -1.6302732112306765e-06 2.657790743256382e-12
total cost: -7.784456749188939
singles alt: [(4, 0), (5, 1), (6, 0), (7, 1), (8, 0), (9, 1), (10, 0), (11, 1), (4, 2), (5, 3), (6, 2), (7, 3), (8, 2), (9, 3), (10, 2), (11, 3)]
length: 16 76
Estimated difference between T3^fnT3 - (T2^WT3 + h.c.) is: -1.6302732111819187e-06 2.657790743097405e-12
total cost: -7.784456749192335
singles alt: [(4, 0), (5, 1), (6, 0), (7, 1), (8, 0), (9, 1), (10, 0), (11, 1), (4, 2), (5, 3), (6, 2), (7, 3), (8, 2), (9, 3), (10, 2), (11, 3)]
length: 16 76
Estimated difference between T3^fnT3 - (T2^WT3 + h.c.) is: -1.6302732110931222e-06 2.6577907428078796e-12
total cost: -7.784456749192333
singles alt: [(4, 0), (5, 1), (6, 0), (7, 1), (8, 0), (9, 1), (10, 0), (11, 1), (4, 2), (5, 3), (6, 2), (7, 3), (8, 2), (9, 3), (10, 2), (11, 3)]
length: 16 76
Estimated difference between T3^fnT3 - (T2^WT3 + h.c.) is: -1.630273211150141e-06 2.6577907429937925e-12
total cost: -7.784456749192131
singles alt: [(4, 0), (5, 1), (6, 0), (7, 1), (8, 0), (9, 1), (10, 0), (11, 1), (4, 2), (5, 3), (6, 2), (7, 3), (8, 2), (9, 3), (10, 2), (11, 3)]
length: 16 76
Estimated difference between T3^fnT3 - (T2^WT3 + h.c.) is: -1.6302732114728858e-06 2.6577907440461165e-12
total cost: -7.784456749190936
singles alt: [(4, 0), (5, 1), (6, 0), (7, 1), (8, 0), (9, 1), (10, 0), (11, 1), (4, 2), (5, 3), (6, 2), (7, 3), (8, 2), (9, 3), (10, 2), (11, 3)]
length: 16 76
Estimated difference between T3^fnT3 - (T2^WT3 + h.c.) is: -1.6302732110889488e-06 2.6577907427942723e-12
total cost: -7.784456749192222
singles alt: [(4, 0), (5, 1), (6, 0), (7, 1), (8, 0), (9, 1), (10, 0), (11, 1), (4, 2), (5, 3), (6, 2), (7, 3), (8, 2), (9, 3), (10, 2), (11, 3)]
length: 16 76
Estimated difference between T3^fnT3 - (T2^WT3 + h.c.) is: -1.6302732110698449e-06 2.657790742731983e-12
total cost: -7.784456749192205
singles alt: [(4, 0), (5, 1), (6, 0), (7, 1), (8, 0), (9, 1), (10, 0), (11, 1), (4, 2), (5, 3), (6, 2), (7, 3), (8, 2), (9, 3), (10, 2), (11, 3)]
length: 16 76
Estimated difference between T3^fnT3 - (T2^WT3 + h.c.) is: -1.630273211165444e-06 2.6577907430436883e-12
total cost: -7.784456749192158
singles alt: [(4, 0), (5, 1), (6, 0), (7, 1), (8, 0), (9, 1), (10, 0), (11, 1), (4, 2), (5, 3), (6, 2), (7, 3), (8, 2), (9, 3), (10, 2), (11, 3)]
length: 16 76
Estimated difference between T3^fnT3 - (T2^WT3 + h.c.) is: -1.6302732332015639e-06 2.6577908148934804e-12
total cost: -7.784456749192071
singles alt: [(4, 0), (5, 1), (6, 0), (7, 1), (8, 0), (9, 1), (10, 0), (11, 1), (4, 2), (5, 3), (6, 2), (7, 3), (8, 2), (9, 3), (10, 2), (11, 3)]
length: 16 76
Estimated difference between T3^fnT3 - (T2^WT3 + h.c.) is: -1.630273336574507e-06 2.657791151945776e-12
total cost: -7.784456749192174
singles alt: [(4, 0), (5, 1), (6, 0), (7, 1), (8, 0), (9, 1), (10, 0), (11, 1), (4, 2), (5, 3), (6, 2), (7, 3), (8, 2), (9, 3), (10, 2), (11, 3)]
length: 16 76
Estimated difference between T3^fnT3 - (T2^WT3 + h.c.) is: -1.63027333642099e-06 2.6577911514452263e-12
total cost: -7.784456749192198
singles alt: [(4, 0), (5, 1), (6, 0), (7, 1), (8, 0), (9, 1), (10, 0), (11, 1), (4, 2), (5, 3), (6, 2), (7, 3), (8, 2), (9, 3), (10, 2), (11, 3)]
length: 16 76
Estimated difference between T3^fnT3 - (T2^WT3 + h.c.) is: -1.6302732306198608e-06 2.6577908064757177e-12
total cost: -7.784456749192161
singles alt: [(4, 0), (5, 1), (6, 0), (7, 1), (8, 0), (9, 1), (10, 0), (11, 1), (4, 2), (5, 3), (6, 2), (7, 3), (8, 2), (9, 3), (10, 2), (11, 3)]
length: 16 76
Estimated difference between T3^fnT3 - (T2^WT3 + h.c.) is: -1.6302734102770363e-06 2.6577913922563177e-12
total cost: -7.784456749190978
singles alt: [(4, 0), (5, 1), (6, 0), (7, 1), (8, 0), (9, 1), (10, 0), (11, 1), (4, 2), (5, 3), (6, 2), (7, 3), (8, 2), (9, 3), (10, 2), (11, 3)]
length: 16 76
Estimated difference between T3^fnT3 - (T2^WT3 + h.c.) is: -1.6302734517687894e-06 2.6577915275421233e-12
total cost: -7.784456749192333
singles alt: [(4, 0), (5, 1), (6, 0), (7, 1), (8, 0), (9, 1), (10, 0), (11, 1), (4, 2), (5, 3), (6, 2), (7, 3), (8, 2), (9, 3), (10, 2), (11, 3)]
length: 16 76
Estimated difference between T3^fnT3 - (T2^WT3 + h.c.) is: -1.6302735574458781e-06 2.6577918721072387e-12
total cost: -7.78445674919231
singles alt: [(4, 0), (5, 1), (6, 0), (7, 1), (8, 0), (9, 1), (10, 0), (11, 1), (4, 2), (5, 3), (6, 2), (7, 3), (8, 2), (9, 3), (10, 2), (11, 3)]
length: 16 76
Estimated difference between T3^fnT3 - (T2^WT3 + h.c.) is: -1.6302733916612522e-06 2.6577913315586824e-12
total cost: -7.784456749192154
singles alt: [(4, 0), (5, 1), (6, 0), (7, 1), (8, 0), (9, 1), (10, 0), (11, 1), (4, 2), (5, 3), (6, 2), (7, 3), (8, 2), (9, 3), (10, 2), (11, 3)]
length: 16 76
Estimated difference between T3^fnT3 - (T2^WT3 + h.c.) is: -1.6302732112009444e-06 2.657790743159439e-12
total cost: -7.784456749189459
singles alt: [(4, 0), (5, 1), (6, 0), (7, 1), (8, 0), (9, 1), (10, 0), (11, 1), (4, 2), (5, 3), (6, 2), (7, 3), (8, 2), (9, 3), (10, 2), (11, 3)]
length: 16 76
Estimated difference between T3^fnT3 - (T2^WT3 + h.c.) is: -1.6302732111186911e-06 2.6577907428912483e-12
total cost: -7.784456749192311
singles alt: [(4, 0), (5, 1), (6, 0), (7, 1), (8, 0), (9, 1), (10, 0), (11, 1), (4, 2), (5, 3), (6, 2), (7, 3), (8, 2), (9, 3), (10, 2), (11, 3)]
length: 16 76
Estimated difference between T3^fnT3 - (T2^WT3 + h.c.) is: -1.6302732111271456e-06 2.6577907429188147e-12
total cost: -7.784456749192298
singles alt: [(4, 0), (5, 1), (6, 0), (7, 1), (8, 0), (9, 1), (10, 0), (11, 1), (4, 2), (5, 3), (6, 2), (7, 3), (8, 2), (9, 3), (10, 2), (11, 3)]
length: 16 76
Estimated difference between T3^fnT3 - (T2^WT3 + h.c.) is: -1.6302732111357821e-06 2.6577907429469744e-12
total cost: -7.7844567491921515
singles alt: [(4, 0), (5, 1), (6, 0), (7, 1), (8, 0), (9, 1), (10, 0), (11, 1), (4, 2), (5, 3), (6, 2), (7, 3), (8, 2), (9, 3), (10, 2), (11, 3)]
length: 16 76
Estimated difference between T3^fnT3 - (T2^WT3 + h.c.) is: -1.6302732734665777e-06 2.657790946179431e-12
total cost: -7.784456749196111
singles alt: [(4, 0), (5, 1), (6, 0), (7, 1), (8, 0), (9, 1), (10, 0), (11, 1), (4, 2), (5, 3), (6, 2), (7, 3), (8, 2), (9, 3), (10, 2), (11, 3)]
length: 16 76
Estimated difference between T3^fnT3 - (T2^WT3 + h.c.) is: -1.630273175209373e-06 2.6577906258072512e-12
total cost: -7.784456749191215
singles alt: [(4, 0), (5, 1), (6, 0), (7, 1), (8, 0), (9, 1), (10, 0), (11, 1), (4, 2), (5, 3), (6, 2), (7, 3), (8, 2), (9, 3), (10, 2), (11, 3)]
length: 16 76
Estimated difference between T3^fnT3 - (T2^WT3 + h.c.) is: -1.6302730250599743e-06 2.6577901362381996e-12
total cost: -7.7844567491918415
singles alt: [(4, 0), (5, 1), (6, 0), (7, 1), (8, 0), (9, 1), (10, 0), (11, 1), (4, 2), (5, 3), (6, 2), (7, 3), (8, 2), (9, 3), (10, 2), (11, 3)]
length: 16 76
Estimated difference between T3^fnT3 - (T2^WT3 + h.c.) is: -1.6302730638693295e-06 2.657790262777891e-12
total cost: -7.7844567491921435
singles alt: [(4, 0), (5, 1), (6, 0), (7, 1), (8, 0), (9, 1), (10, 0), (11, 1), (4, 2), (5, 3), (6, 2), (7, 3), (8, 2), (9, 3), (10, 2), (11, 3)]
length: 16 76
Estimated difference between T3^fnT3 - (T2^WT3 + h.c.) is: -1.6302732112084847e-06 2.6577907431840246e-12
total cost: -7.784456749188263
singles alt: [(4, 0), (5, 1), (6, 0), (7, 1), (8, 0), (9, 1), (10, 0), (11, 1), (4, 2), (5, 3), (6, 2), (7, 3), (8, 2), (9, 3), (10, 2), (11, 3)]
length: 16 76
Estimated difference between T3^fnT3 - (T2^WT3 + h.c.) is: -1.6302732111173499e-06 2.6577907428868754e-12
total cost: -7.784456749192375
singles alt: [(4, 0), (5, 1), (6, 0), (7, 1), (8, 0), (9, 1), (10, 0), (11, 1), (4, 2), (5, 3), (6, 2), (7, 3), (8, 2), (9, 3), (10, 2), (11, 3)]
length: 16 76
Estimated difference between T3^fnT3 - (T2^WT3 + h.c.) is: -1.6302732111101196e-06 2.6577907428633007e-12
total cost: -7.7844567491923735
singles alt: [(4, 0), (5, 1), (6, 0), (7, 1), (8, 0), (9, 1), (10, 0), (11, 1), (4, 2), (5, 3), (6, 2), (7, 3), (8, 2), (9, 3), (10, 2), (11, 3)]
length: 16 76
Estimated difference between T3^fnT3 - (T2^WT3 + h.c.) is: -1.630273211154566e-06 2.65779074300822e-12
total cost: -7.784456749192131
singles alt: [(4, 0), (5, 1), (6, 0), (7, 1), (8, 0), (9, 1), (10, 0), (11, 1), (4, 2), (5, 3), (6, 2), (7, 3), (8, 2), (9, 3), (10, 2), (11, 3)]
length: 16 76
Estimated difference between T3^fnT3 - (T2^WT3 + h.c.) is: -1.6302732112383798e-06 2.657790743281499e-12
total cost: -7.784456749189101
singles alt: [(4, 0), (5, 1), (6, 0), (7, 1), (8, 0), (9, 1), (10, 0), (11, 1), (4, 2), (5, 3), (6, 2), (7, 3), (8, 2), (9, 3), (10, 2), (11, 3)]
length: 16 76
Estimated difference between T3^fnT3 - (T2^WT3 + h.c.) is: -1.6302732111037387e-06 2.657790742842495e-12
total cost: -7.7844567491923105
singles alt: [(4, 0), (5, 1), (6, 0), (7, 1), (8, 0), (9, 1), (10, 0), (11, 1), (4, 2), (5, 3), (6, 2), (7, 3), (8, 2), (9, 3), (10, 2), (11, 3)]
length: 16 76
Estimated difference between T3^fnT3 - (T2^WT3 + h.c.) is: -1.6302732111805436e-06 2.6577907430929213e-12
total cost: -7.78445674919232
singles alt: [(4, 0), (5, 1), (6, 0), (7, 1), (8, 0), (9, 1), (10, 0), (11, 1), (4, 2), (5, 3), (6, 2), (7, 3), (8, 2), (9, 3), (10, 2), (11, 3)]
length: 16 76
Estimated difference between T3^fnT3 - (T2^WT3 + h.c.) is: -1.6302732111412502e-06 2.657790742964803e-12
total cost: -7.784456749192145
singles alt: [(4, 0), (5, 1), (6, 0), (7, 1), (8, 0), (9, 1), (10, 0), (11, 1), (4, 2), (5, 3), (6, 2), (7, 3), (8, 2), (9, 3), (10, 2), (11, 3)]
length: 16 76
Estimated difference between T3^fnT3 - (T2^WT3 + h.c.) is: -1.6302733952607534e-06 2.6577913432950247e-12
total cost: -7.78445674919212
singles alt: [(4, 0), (5, 1), (6, 0), (7, 1), (8, 0), (9, 1), (10, 0), (11, 1), (4, 2), (5, 3), (6, 2), (7, 3), (8, 2), (9, 3), (10, 2), (11, 3)]
length: 16 76
Estimated difference between T3^fnT3 - (T2^WT3 + h.c.) is: -1.630273242694733e-06 2.6577908458464e-12
total cost: -7.784456749191825
singles alt: [(4, 0), (5, 1), (6, 0), (7, 1), (8, 0), (9, 1), (10, 0), (11, 1), (4, 2), (5, 3), (6, 2), (7, 3), (8, 2), (9, 3), (10, 2), (11, 3)]
length: 16 76
Estimated difference between T3^fnT3 - (T2^WT3 + h.c.) is: -1.6302732427131293e-06 2.657790845906382e-12
total cost: -7.784456749191848
singles alt: [(4, 0), (5, 1), (6, 0), (7, 1), (8, 0), (9, 1), (10, 0), (11, 1), (4, 2), (5, 3), (6, 2), (7, 3), (8, 2), (9, 3), (10, 2), (11, 3)]
length: 16 76
Estimated difference between T3^fnT3 - (T2^WT3 + h.c.) is: -1.6302733432469824e-06 2.657791173701693e-12
total cost: -7.784456749192084
singles alt: [(4, 0), (5, 1), (6, 0), (7, 1), (8, 0), (9, 1), (10, 0), (11, 1), (4, 2), (5, 3), (6, 2), (7, 3), (8, 2), (9, 3), (10, 2), (11, 3)]
length: 16 76
Estimated difference between T3^fnT3 - (T2^WT3 + h.c.) is: -1.6302732110865522e-06 2.6577907427864577e-12
total cost: -7.784456749192169
singles alt: [(4, 0), (5, 1), (6, 0), (7, 1), (8, 0), (9, 1), (10, 0), (11, 1), (4, 2), (5, 3), (6, 2), (7, 3), (8, 2), (9, 3), (10, 2), (11, 3)]
length: 16 76
Estimated difference between T3^fnT3 - (T2^WT3 + h.c.) is: -1.6302732111318466e-06 2.6577907429341426e-12
total cost: -7.7844567491921675
singles alt: [(4, 0), (5, 1), (6, 0), (7, 1), (8, 0), (9, 1), (10, 0), (11, 1), (4, 2), (5, 3), (6, 2), (7, 3), (8, 2), (9, 3), (10, 2), (11, 3)]
length: 16 76
Estimated difference between T3^fnT3 - (T2^WT3 + h.c.) is: -1.6302732111623284e-06 2.65779074303353e-12
total cost: -7.784456749192135
singles alt: [(4, 0), (5, 1), (6, 0), (7, 1), (8, 0), (9, 1), (10, 0), (11, 1), (4, 2), (5, 3), (6, 2), (7, 3), (8, 2), (9, 3), (10, 2), (11, 3)]
length: 16 76
Estimated difference between T3^fnT3 - (T2^WT3 + h.c.) is: -1.6302732111205745e-06 2.657790742897389e-12
total cost: -7.784456749192148
singles alt: [(4, 0), (5, 1), (6, 0), (7, 1), (8, 0), (9, 1), (10, 0), (11, 1), (4, 2), (5, 3), (6, 2), (7, 3), (8, 2), (9, 3), (10, 2), (11, 3)]
length: 16 76
Estimated difference between T3^fnT3 - (T2^WT3 + h.c.) is: -1.6302730660767871e-06 2.6577902699754084e-12
total cost: -7.784456749192455
singles alt: [(4, 0), (5, 1), (6, 0), (7, 1), (8, 0), (9, 1), (10, 0), (11, 1), (4, 2), (5, 3), (6, 2), (7, 3), (8, 2), (9, 3), (10, 2), (11, 3)]
length: 16 76
Estimated difference between T3^fnT3 - (T2^WT3 + h.c.) is: -1.630273066271393e-06 2.6577902706099294e-12
total cost: -7.784456749192737
singles alt: [(4, 0), (5, 1), (6, 0), (7, 1), (8, 0), (9, 1), (10, 0), (11, 1), (4, 2), (5, 3), (6, 2), (7, 3), (8, 2), (9, 3), (10, 2), (11, 3)]
length: 16 76
Estimated difference between T3^fnT3 - (T2^WT3 + h.c.) is: -1.6302729314715094e-06 2.657789831088709e-12
total cost: -7.784456749192149
singles alt: [(4, 0), (5, 1), (6, 0), (7, 1), (8, 0), (9, 1), (10, 0), (11, 1), (4, 2), (5, 3), (6, 2), (7, 3), (8, 2), (9, 3), (10, 2), (11, 3)]
length: 16 76
Estimated difference between T3^fnT3 - (T2^WT3 + h.c.) is: -1.6302734906643867e-06 2.657791654363044e-12
total cost: -7.784456749192149
singles alt: [(4, 0), (5, 1), (6, 0), (7, 1), (8, 0), (9, 1), (10, 0), (11, 1), (4, 2), (5, 3), (6, 2), (7, 3), (8, 2), (9, 3), (10, 2), (11, 3)]
length: 16 76
Estimated difference between T3^fnT3 - (T2^WT3 + h.c.) is: -1.630273211143909e-06 2.6577907429734724e-12
total cost: -7.784456749192175
singles alt: [(4, 0), (5, 1), (6, 0), (7, 1), (8, 0), (9, 1), (10, 0), (11, 1), (4, 2), (5, 3), (6, 2), (7, 3), (8, 2), (9, 3), (10, 2), (11, 3)]
length: 16 76
Estimated difference between T3^fnT3 - (T2^WT3 + h.c.) is: -1.6302732111834409e-06 2.657790743102368e-12
total cost: -7.784456749192158
singles alt: [(4, 0), (5, 1), (6, 0), (7, 1), (8, 0), (9, 1), (10, 0), (11, 1), (4, 2), (5, 3), (6, 2), (7, 3), (8, 2), (9, 3), (10, 2), (11, 3)]
length: 16 76
Estimated difference between T3^fnT3 - (T2^WT3 + h.c.) is: -1.6302732111680782e-06 2.6577907430522775e-12
total cost: -7.78445674919217
singles alt: [(4, 0), (5, 1), (6, 0), (7, 1), (8, 0), (9, 1), (10, 0), (11, 1), (4, 2), (5, 3), (6, 2), (7, 3), (8, 2), (9, 3), (10, 2), (11, 3)]
length: 16 76
Estimated difference between T3^fnT3 - (T2^WT3 + h.c.) is: -1.6302732111405327e-06 2.657790742962464e-12
total cost: -7.784456749192166
singles alt: [(4, 0), (5, 1), (6, 0), (7, 1), (8, 0), (9, 1), (10, 0), (11, 1), (4, 2), (5, 3), (6, 2), (7, 3), (8, 2), (9, 3), (10, 2), (11, 3)]
length: 16 76
Estimated difference between T3^fnT3 - (T2^WT3 + h.c.) is: -1.6302732111342058e-06 2.657790742941835e-12
total cost: -7.784456749192358
singles alt: [(4, 0), (5, 1), (6, 0), (7, 1), (8, 0), (9, 1), (10, 0), (11, 1), (4, 2), (5, 3), (6, 2), (7, 3), (8, 2), (9, 3), (10, 2), (11, 3)]
length: 16 76
Estimated difference between T3^fnT3 - (T2^WT3 + h.c.) is: -1.6302732111342058e-06 2.657790742941835e-12
total cost: -7.784456749192274
singles alt: [(4, 0), (5, 1), (6, 0), (7, 1), (8, 0), (9, 1), (10, 0), (11, 1), (4, 2), (5, 3), (6, 2), (7, 3), (8, 2), (9, 3), (10, 2), (11, 3)]
length: 16 76
Estimated difference between T3^fnT3 - (T2^WT3 + h.c.) is: -1.6302732111342058e-06 2.657790742941835e-12
total cost: -7.78445674919218
singles alt: [(4, 0), (5, 1), (6, 0), (7, 1), (8, 0), (9, 1), (10, 0), (11, 1), (4, 2), (5, 3), (6, 2), (7, 3), (8, 2), (9, 3), (10, 2), (11, 3)]
length: 16 76
Estimated difference between T3^fnT3 - (T2^WT3 + h.c.) is: -1.6302732111342058e-06 2.657790742941835e-12
total cost: -7.784456749192248
singles alt: [(4, 0), (5, 1), (6, 0), (7, 1), (8, 0), (9, 1), (10, 0), (11, 1), (4, 2), (5, 3), (6, 2), (7, 3), (8, 2), (9, 3), (10, 2), (11, 3)]
length: 16 76
Estimated difference between T3^fnT3 - (T2^WT3 + h.c.) is: -1.6302732111342058e-06 2.657790742941835e-12
total cost: -7.784456749192255
singles alt: [(4, 0), (5, 1), (6, 0), (7, 1), (8, 0), (9, 1), (10, 0), (11, 1), (4, 2), (5, 3), (6, 2), (7, 3), (8, 2), (9, 3), (10, 2), (11, 3)]
length: 16 76
Estimated difference between T3^fnT3 - (T2^WT3 + h.c.) is: -1.6302732111342058e-06 2.657790742941835e-12
total cost: -7.784456749192217
singles alt: [(4, 0), (5, 1), (6, 0), (7, 1), (8, 0), (9, 1), (10, 0), (11, 1), (4, 2), (5, 3), (6, 2), (7, 3), (8, 2), (9, 3), (10, 2), (11, 3)]
length: 16 76
Estimated difference between T3^fnT3 - (T2^WT3 + h.c.) is: -1.6302732111342058e-06 2.657790742941835e-12
total cost: -7.784456749191034
singles alt: [(4, 0), (5, 1), (6, 0), (7, 1), (8, 0), (9, 1), (10, 0), (11, 1), (4, 2), (5, 3), (6, 2), (7, 3), (8, 2), (9, 3), (10, 2), (11, 3)]
length: 16 76
Estimated difference between T3^fnT3 - (T2^WT3 + h.c.) is: -1.6302732111342058e-06 2.657790742941835e-12
total cost: -7.784456749191374
singles alt: [(4, 0), (5, 1), (6, 0), (7, 1), (8, 0), (9, 1), (10, 0), (11, 1), (4, 2), (5, 3), (6, 2), (7, 3), (8, 2), (9, 3), (10, 2), (11, 3)]
length: 16 76
Estimated difference between T3^fnT3 - (T2^WT3 + h.c.) is: -1.6302732111342058e-06 2.657790742941835e-12
total cost: -7.7844567491921275
singles alt: [(4, 0), (5, 1), (6, 0), (7, 1), (8, 0), (9, 1), (10, 0), (11, 1), (4, 2), (5, 3), (6, 2), (7, 3), (8, 2), (9, 3), (10, 2), (11, 3)]
length: 16 76
Estimated difference between T3^fnT3 - (T2^WT3 + h.c.) is: -1.6302732111342058e-06 2.657790742941835e-12
total cost: -7.784456749192159
singles alt: [(4, 0), (5, 1), (6, 0), (7, 1), (8, 0), (9, 1), (10, 0), (11, 1), (4, 2), (5, 3), (6, 2), (7, 3), (8, 2), (9, 3), (10, 2), (11, 3)]
length: 16 76
Estimated difference between T3^fnT3 - (T2^WT3 + h.c.) is: -1.6302732111342058e-06 2.657790742941835e-12
total cost: -7.784456749192147
singles alt: [(4, 0), (5, 1), (6, 0), (7, 1), (8, 0), (9, 1), (10, 0), (11, 1), (4, 2), (5, 3), (6, 2), (7, 3), (8, 2), (9, 3), (10, 2), (11, 3)]
length: 16 76
Estimated difference between T3^fnT3 - (T2^WT3 + h.c.) is: -1.6302732111342058e-06 2.657790742941835e-12
total cost: -7.784456749192144
singles alt: [(4, 0), (5, 1), (6, 0), (7, 1), (8, 0), (9, 1), (10, 0), (11, 1), (4, 2), (5, 3), (6, 2), (7, 3), (8, 2), (9, 3), (10, 2), (11, 3)]
length: 16 76
Estimated difference between T3^fnT3 - (T2^WT3 + h.c.) is: -1.6302732111342058e-06 2.657790742941835e-12
total cost: -7.784456749192143
singles alt: [(4, 0), (5, 1), (6, 0), (7, 1), (8, 0), (9, 1), (10, 0), (11, 1), (4, 2), (5, 3), (6, 2), (7, 3), (8, 2), (9, 3), (10, 2), (11, 3)]
length: 16 76
Estimated difference between T3^fnT3 - (T2^WT3 + h.c.) is: -1.6302732111342058e-06 2.657790742941835e-12
total cost: -7.784456749192145
singles alt: [(4, 0), (5, 1), (6, 0), (7, 1), (8, 0), (9, 1), (10, 0), (11, 1), (4, 2), (5, 3), (6, 2), (7, 3), (8, 2), (9, 3), (10, 2), (11, 3)]
length: 16 76
Estimated difference between T3^fnT3 - (T2^WT3 + h.c.) is: -1.6302732111342058e-06 2.657790742941835e-12
total cost: -7.784456749192328
singles alt: [(4, 0), (5, 1), (6, 0), (7, 1), (8, 0), (9, 1), (10, 0), (11, 1), (4, 2), (5, 3), (6, 2), (7, 3), (8, 2), (9, 3), (10, 2), (11, 3)]
length: 16 76
Estimated difference between T3^fnT3 - (T2^WT3 + h.c.) is: -1.6302732111342058e-06 2.657790742941835e-12
total cost: -7.7844567491923256
singles alt: [(4, 0), (5, 1), (6, 0), (7, 1), (8, 0), (9, 1), (10, 0), (11, 1), (4, 2), (5, 3), (6, 2), (7, 3), (8, 2), (9, 3), (10, 2), (11, 3)]
callback: energy=-7.784455118919
singles alt: [(4, 0), (5, 1), (6, 0), (7, 1), (8, 0), (9, 1), (10, 0), (11, 1), (4, 2), (5, 3), (6, 2), (7, 3), (8, 2), (9, 3), (10, 2), (11, 3)]
length: 16 76
Estimated difference between T3^fnT3 - (T2^WT3 + h.c.) is: -1.6305090019414443e-06 2.658559605412085e-12
total cost: -7.784456756822507
singles alt: [(4, 0), (5, 1), (6, 0), (7, 1), (8, 0), (9, 1), (10, 0), (11, 1), (4, 2), (5, 3), (6, 2), (7, 3), (8, 2), (9, 3), (10, 2), (11, 3)]
length: 16 76
Estimated difference between T3^fnT3 - (T2^WT3 + h.c.) is: -1.6305093364662273e-06 2.658560696303537e-12
total cost: -7.784456756822479
singles alt: [(4, 0), (5, 1), (6, 0), (7, 1), (8, 0), (9, 1), (10, 0), (11, 1), (4, 2), (5, 3), (6, 2), (7, 3), (8, 2), (9, 3), (10, 2), (11, 3)]
length: 16 76
Estimated difference between T3^fnT3 - (T2^WT3 + h.c.) is: -1.630509075091402e-06 2.658559843955419e-12
total cost: -7.784456756821599
singles alt: [(4, 0), (5, 1), (6, 0), (7, 1), (8, 0), (9, 1), (10, 0), (11, 1), (4, 2), (5, 3), (6, 2), (7, 3), (8, 2), (9, 3), (10, 2), (11, 3)]
length: 16 76
Estimated difference between T3^fnT3 - (T2^WT3 + h.c.) is: -1.630509075446279e-06 2.65855984511268e-12
total cost: -7.7844567568215375
singles alt: [(4, 0), (5, 1), (6, 0), (7, 1), (8, 0), (9, 1), (10, 0), (11, 1), (4, 2), (5, 3), (6, 2), (7, 3), (8, 2), (9, 3), (10, 2), (11, 3)]
length: 16 76
Estimated difference between T3^fnT3 - (T2^WT3 + h.c.) is: -1.6305090689400725e-06 2.658559823895822e-12
total cost: -7.784456756822459
singles alt: [(4, 0), (5, 1), (6, 0), (7, 1), (8, 0), (9, 1), (10, 0), (11, 1), (4, 2), (5, 3), (6, 2), (7, 3), (8, 2), (9, 3), (10, 2), (11, 3)]
length: 16 76
Estimated difference between T3^fnT3 - (T2^WT3 + h.c.) is: -1.6305090019263422e-06 2.6585596053628366e-12
total cost: -7.784456756822664
singles alt: [(4, 0), (5, 1), (6, 0), (7, 1), (8, 0), (9, 1), (10, 0), (11, 1), (4, 2), (5, 3), (6, 2), (7, 3), (8, 2), (9, 3), (10, 2), (11, 3)]
length: 16 76
Estimated difference between T3^fnT3 - (T2^WT3 + h.c.) is: -1.630509001965193e-06 2.6585596054895297e-12
total cost: -7.784456756822492
singles alt: [(4, 0), (5, 1), (6, 0), (7, 1), (8, 0), (9, 1), (10, 0), (11, 1), (4, 2), (5, 3), (6, 2), (7, 3), (8, 2), (9, 3), (10, 2), (11, 3)]
length: 16 76
Estimated difference between T3^fnT3 - (T2^WT3 + h.c.) is: -1.6305090019709677e-06 2.658559605508361e-12
total cost: -7.784456756822474
singles alt: [(4, 0), (5, 1), (6, 0), (7, 1), (8, 0), (9, 1), (10, 0), (11, 1), (4, 2), (5, 3), (6, 2), (7, 3), (8, 2), (9, 3), (10, 2), (11, 3)]
length: 16 76
Estimated difference between T3^fnT3 - (T2^WT3 + h.c.) is: -1.630509001942485e-06 2.6585596054154785e-12
total cost: -7.784456756822502
singles alt: [(4, 0), (5, 1), (6, 0), (7, 1), (8, 0), (9, 1), (10, 0), (11, 1), (4, 2), (5, 3), (6, 2), (7, 3), (8, 2), (9, 3), (10, 2), (11, 3)]
length: 16 76
Estimated difference between T3^fnT3 - (T2^WT3 + h.c.) is: -1.6305090019817724e-06 2.6585596055435953e-12
total cost: -7.784456756822463
singles alt: [(4, 0), (5, 1), (6, 0), (7, 1), (8, 0), (9, 1), (10, 0), (11, 1), (4, 2), (5, 3), (6, 2), (7, 3), (8, 2), (9, 3), (10, 2), (11, 3)]
length: 16 76
Estimated difference between T3^fnT3 - (T2^WT3 + h.c.) is: -1.6305090019302144e-06 2.658559605375464e-12
total cost: -7.7844567568225065
singles alt: [(4, 0), (5, 1), (6, 0), (7, 1), (8, 0), (9, 1), (10, 0), (11, 1), (4, 2), (5, 3), (6, 2), (7, 3), (8, 2), (9, 3), (10, 2), (11, 3)]
length: 16 76
Estimated difference between T3^fnT3 - (T2^WT3 + h.c.) is: -1.6305090019469035e-06 2.658559605429887e-12
total cost: -7.784456756822487
singles alt: [(4, 0), (5, 1), (6, 0), (7, 1), (8, 0), (9, 1), (10, 0), (11, 1), (4, 2), (5, 3), (6, 2), (7, 3), (8, 2), (9, 3), (10, 2), (11, 3)]
length: 16 76
Estimated difference between T3^fnT3 - (T2^WT3 + h.c.) is: -1.630509001946812e-06 2.658559605429589e-12
total cost: -7.784456756822506
singles alt: [(4, 0), (5, 1), (6, 0), (7, 1), (8, 0), (9, 1), (10, 0), (11, 1), (4, 2), (5, 3), (6, 2), (7, 3), (8, 2), (9, 3), (10, 2), (11, 3)]
length: 16 76
Estimated difference between T3^fnT3 - (T2^WT3 + h.c.) is: -1.6305090644053389e-06 2.6585598091079737e-12
total cost: -7.784456756822463
singles alt: [(4, 0), (5, 1), (6, 0), (7, 1), (8, 0), (9, 1), (10, 0), (11, 1), (4, 2), (5, 3), (6, 2), (7, 3), (8, 2), (9, 3), (10, 2), (11, 3)]
length: 16 76
Estimated difference between T3^fnT3 - (T2^WT3 + h.c.) is: -1.6305088162012545e-06 2.6585589997100164e-12
total cost: -7.784456756823849
singles alt: [(4, 0), (5, 1), (6, 0), (7, 1), (8, 0), (9, 1), (10, 0), (11, 1), (4, 2), (5, 3), (6, 2), (7, 3), (8, 2), (9, 3), (10, 2), (11, 3)]
length: 16 76
Estimated difference between T3^fnT3 - (T2^WT3 + h.c.) is: -1.630508965400208e-06 2.6585594862504565e-12
total cost: -7.784456756824731
singles alt: [(4, 0), (5, 1), (6, 0), (7, 1), (8, 0), (9, 1), (10, 0), (11, 1), (4, 2), (5, 3), (6, 2), (7, 3), (8, 2), (9, 3), (10, 2), (11, 3)]
length: 16 76
Estimated difference between T3^fnT3 - (T2^WT3 + h.c.) is: -1.6305088549948555e-06 2.6585591262166347e-12
total cost: -7.784456756822526
singles alt: [(4, 0), (5, 1), (6, 0), (7, 1), (8, 0), (9, 1), (10, 0), (11, 1), (4, 2), (5, 3), (6, 2), (7, 3), (8, 2), (9, 3), (10, 2), (11, 3)]
length: 16 76
Estimated difference between T3^fnT3 - (T2^WT3 + h.c.) is: -1.6305090018529434e-06 2.6585596051234817e-12
total cost: -7.784456756822961
singles alt: [(4, 0), (5, 1), (6, 0), (7, 1), (8, 0), (9, 1), (10, 0), (11, 1), (4, 2), (5, 3), (6, 2), (7, 3), (8, 2), (9, 3), (10, 2), (11, 3)]
length: 16 76
Estimated difference between T3^fnT3 - (T2^WT3 + h.c.) is: -1.6305090019535717e-06 2.6585596054516325e-12
total cost: -7.784456756822477
singles alt: [(4, 0), (5, 1), (6, 0), (7, 1), (8, 0), (9, 1), (10, 0), (11, 1), (4, 2), (5, 3), (6, 2), (7, 3), (8, 2), (9, 3), (10, 2), (11, 3)]
length: 16 76
Estimated difference between T3^fnT3 - (T2^WT3 + h.c.) is: -1.6305090020817088e-06 2.6585596058694896e-12
total cost: -7.784456756822405
singles alt: [(4, 0), (5, 1), (6, 0), (7, 1), (8, 0), (9, 1), (10, 0), (11, 1), (4, 2), (5, 3), (6, 2), (7, 3), (8, 2), (9, 3), (10, 2), (11, 3)]
length: 16 76
Estimated difference between T3^fnT3 - (T2^WT3 + h.c.) is: -1.6305090019368894e-06 2.6585596053972312e-12
total cost: -7.784456756822496
singles alt: [(4, 0), (5, 1), (6, 0), (7, 1), (8, 0), (9, 1), (10, 0), (11, 1), (4, 2), (5, 3), (6, 2), (7, 3), (8, 2), (9, 3), (10, 2), (11, 3)]
length: 16 76
Estimated difference between T3^fnT3 - (T2^WT3 + h.c.) is: -1.6305092006841555e-06 2.6585602535156837e-12
total cost: -7.784456756823226
singles alt: [(4, 0), (5, 1), (6, 0), (7, 1), (8, 0), (9, 1), (10, 0), (11, 1), (4, 2), (5, 3), (6, 2), (7, 3), (8, 2), (9, 3), (10, 2), (11, 3)]
length: 16 76
Estimated difference between T3^fnT3 - (T2^WT3 + h.c.) is: -1.63050934820582e-06 2.658560734586568e-12
total cost: -7.7844567568224825
singles alt: [(4, 0), (5, 1), (6, 0), (7, 1), (8, 0), (9, 1), (10, 0), (11, 1), (4, 2), (5, 3), (6, 2), (7, 3), (8, 2), (9, 3), (10, 2), (11, 3)]
length: 16 76
Estimated difference between T3^fnT3 - (T2^WT3 + h.c.) is: -1.6305092425301928e-06 2.658560389976383e-12
total cost: -7.784456756822499
singles alt: [(4, 0), (5, 1), (6, 0), (7, 1), (8, 0), (9, 1), (10, 0), (11, 1), (4, 2), (5, 3), (6, 2), (7, 3), (8, 2), (9, 3), (10, 2), (11, 3)]
length: 16 76
Estimated difference between T3^fnT3 - (T2^WT3 + h.c.) is: -1.6305091823216433e-06 2.6585601936351938e-12
total cost: -7.784456756822515
singles alt: [(4, 0), (5, 1), (6, 0), (7, 1), (8, 0), (9, 1), (10, 0), (11, 1), (4, 2), (5, 3), (6, 2), (7, 3), (8, 2), (9, 3), (10, 2), (11, 3)]
length: 16 76
Estimated difference between T3^fnT3 - (T2^WT3 + h.c.) is: -1.6305090240890202e-06 2.658559677635729e-12
total cost: -7.784456756821989
singles alt: [(4, 0), (5, 1), (6, 0), (7, 1), (8, 0), (9, 1), (10, 0), (11, 1), (4, 2), (5, 3), (6, 2), (7, 3), (8, 2), (9, 3), (10, 2), (11, 3)]
length: 16 76
Estimated difference between T3^fnT3 - (T2^WT3 + h.c.) is: -1.6305091275140826e-06 2.658560014906735e-12
total cost: -7.784456756822439
singles alt: [(4, 0), (5, 1), (6, 0), (7, 1), (8, 0), (9, 1), (10, 0), (11, 1), (4, 2), (5, 3), (6, 2), (7, 3), (8, 2), (9, 3), (10, 2), (11, 3)]
length: 16 76
Estimated difference between T3^fnT3 - (T2^WT3 + h.c.) is: -1.6305091273696215e-06 2.6585600144356446e-12
total cost: -7.784456756822462
singles alt: [(4, 0), (5, 1), (6, 0), (7, 1), (8, 0), (9, 1), (10, 0), (11, 1), (4, 2), (5, 3), (6, 2), (7, 3), (8, 2), (9, 3), (10, 2), (11, 3)]
length: 16 76
Estimated difference between T3^fnT3 - (T2^WT3 + h.c.) is: -1.6305090214407963e-06 2.658559668999823e-12
total cost: -7.7844567568224985
singles alt: [(4, 0), (5, 1), (6, 0), (7, 1), (8, 0), (9, 1), (10, 0), (11, 1), (4, 2), (5, 3), (6, 2), (7, 3), (8, 2), (9, 3), (10, 2), (11, 3)]
length: 16 76
Estimated difference between T3^fnT3 - (T2^WT3 + h.c.) is: -1.630509001977435e-06 2.658559605529451e-12
total cost: -7.7844567568212435
singles alt: [(4, 0), (5, 1), (6, 0), (7, 1), (8, 0), (9, 1), (10, 0), (11, 1), (4, 2), (5, 3), (6, 2), (7, 3), (8, 2), (9, 3), (10, 2), (11, 3)]
length: 16 76
Estimated difference between T3^fnT3 - (T2^WT3 + h.c.) is: -1.6305090019949853e-06 2.658559605586683e-12
total cost: -7.784456756822501
singles alt: [(4, 0), (5, 1), (6, 0), (7, 1), (8, 0), (9, 1), (10, 0), (11, 1), (4, 2), (5, 3), (6, 2), (7, 3), (8, 2), (9, 3), (10, 2), (11, 3)]
length: 16 76
Estimated difference between T3^fnT3 - (T2^WT3 + h.c.) is: -1.6305090019767404e-06 2.6585596055271862e-12
total cost: -7.784456756822491
singles alt: [(4, 0), (5, 1), (6, 0), (7, 1), (8, 0), (9, 1), (10, 0), (11, 1), (4, 2), (5, 3), (6, 2), (7, 3), (8, 2), (9, 3), (10, 2), (11, 3)]
length: 16 76
Estimated difference between T3^fnT3 - (T2^WT3 + h.c.) is: -1.6305090019488224e-06 2.658559605436145e-12
total cost: -7.784456756822498
singles alt: [(4, 0), (5, 1), (6, 0), (7, 1), (8, 0), (9, 1), (10, 0), (11, 1), (4, 2), (5, 3), (6, 2), (7, 3), (8, 2), (9, 3), (10, 2), (11, 3)]
length: 16 76
Estimated difference between T3^fnT3 - (T2^WT3 + h.c.) is: -1.6305090022240662e-06 2.65855960633372e-12
total cost: -7.784456756821463
singles alt: [(4, 0), (5, 1), (6, 0), (7, 1), (8, 0), (9, 1), (10, 0), (11, 1), (4, 2), (5, 3), (6, 2), (7, 3), (8, 2), (9, 3), (10, 2), (11, 3)]
length: 16 76
Estimated difference between T3^fnT3 - (T2^WT3 + h.c.) is: -1.630509001960192e-06 2.658559605473221e-12
total cost: -7.7844567568225145
singles alt: [(4, 0), (5, 1), (6, 0), (7, 1), (8, 0), (9, 1), (10, 0), (11, 1), (4, 2), (5, 3), (6, 2), (7, 3), (8, 2), (9, 3), (10, 2), (11, 3)]
length: 16 76
Estimated difference between T3^fnT3 - (T2^WT3 + h.c.) is: -1.630509001901433e-06 2.6585596052816073e-12
total cost: -7.784456756822533
singles alt: [(4, 0), (5, 1), (6, 0), (7, 1), (8, 0), (9, 1), (10, 0), (11, 1), (4, 2), (5, 3), (6, 2), (7, 3), (8, 2), (9, 3), (10, 2), (11, 3)]
length: 16 76
Estimated difference between T3^fnT3 - (T2^WT3 + h.c.) is: -1.630509001968854e-06 2.658559605501468e-12
total cost: -7.784456756822506
singles alt: [(4, 0), (5, 1), (6, 0), (7, 1), (8, 0), (9, 1), (10, 0), (11, 1), (4, 2), (5, 3), (6, 2), (7, 3), (8, 2), (9, 3), (10, 2), (11, 3)]
length: 16 76
Estimated difference between T3^fnT3 - (T2^WT3 + h.c.) is: -1.6305090240065078e-06 2.6585596773666544e-12
total cost: -7.784456756822452
singles alt: [(4, 0), (5, 1), (6, 0), (7, 1), (8, 0), (9, 1), (10, 0), (11, 1), (4, 2), (5, 3), (6, 2), (7, 3), (8, 2), (9, 3), (10, 2), (11, 3)]
length: 16 76
Estimated difference between T3^fnT3 - (T2^WT3 + h.c.) is: -1.6305091274804765e-06 2.6585600147971447e-12
total cost: -7.784456756822442
singles alt: [(4, 0), (5, 1), (6, 0), (7, 1), (8, 0), (9, 1), (10, 0), (11, 1), (4, 2), (5, 3), (6, 2), (7, 3), (8, 2), (9, 3), (10, 2), (11, 3)]
length: 16 76
Estimated difference between T3^fnT3 - (T2^WT3 + h.c.) is: -1.6305091274443082e-06 2.6585600146791996e-12
total cost: -7.784456756822392
singles alt: [(4, 0), (5, 1), (6, 0), (7, 1), (8, 0), (9, 1), (10, 0), (11, 1), (4, 2), (5, 3), (6, 2), (7, 3), (8, 2), (9, 3), (10, 2), (11, 3)]
length: 16 76
Estimated difference between T3^fnT3 - (T2^WT3 + h.c.) is: -1.6305090214288425e-06 2.6585596689608417e-12
total cost: -7.784456756822507
singles alt: [(4, 0), (5, 1), (6, 0), (7, 1), (8, 0), (9, 1), (10, 0), (11, 1), (4, 2), (5, 3), (6, 2), (7, 3), (8, 2), (9, 3), (10, 2), (11, 3)]
length: 16 76
Estimated difference between T3^fnT3 - (T2^WT3 + h.c.) is: -1.6305092010235885e-06 2.658560254622581e-12
total cost: -7.784456756821698
singles alt: [(4, 0), (5, 1), (6, 0), (7, 1), (8, 0), (9, 1), (10, 0), (11, 1), (4, 2), (5, 3), (6, 2), (7, 3), (8, 2), (9, 3), (10, 2), (11, 3)]
length: 16 76
Estimated difference between T3^fnT3 - (T2^WT3 + h.c.) is: -1.6305092427092145e-06 2.6585603905601762e-12
total cost: -7.784456756822544
singles alt: [(4, 0), (5, 1), (6, 0), (7, 1), (8, 0), (9, 1), (10, 0), (11, 1), (4, 2), (5, 3), (6, 2), (7, 3), (8, 2), (9, 3), (10, 2), (11, 3)]
length: 16 76
Estimated difference between T3^fnT3 - (T2^WT3 + h.c.) is: -1.6305093481751714e-06 2.658560734486622e-12
total cost: -7.7844567568226894
singles alt: [(4, 0), (5, 1), (6, 0), (7, 1), (8, 0), (9, 1), (10, 0), (11, 1), (4, 2), (5, 3), (6, 2), (7, 3), (8, 2), (9, 3), (10, 2), (11, 3)]
length: 16 76
Estimated difference between T3^fnT3 - (T2^WT3 + h.c.) is: -1.6305091824674037e-06 2.6585601941105213e-12
total cost: -7.784456756822509
singles alt: [(4, 0), (5, 1), (6, 0), (7, 1), (8, 0), (9, 1), (10, 0), (11, 1), (4, 2), (5, 3), (6, 2), (7, 3), (8, 2), (9, 3), (10, 2), (11, 3)]
length: 16 76
Estimated difference between T3^fnT3 - (T2^WT3 + h.c.) is: -1.6305090019804769e-06 2.6585596055393706e-12
total cost: -7.784456756821305
singles alt: [(4, 0), (5, 1), (6, 0), (7, 1), (8, 0), (9, 1), (10, 0), (11, 1), (4, 2), (5, 3), (6, 2), (7, 3), (8, 2), (9, 3), (10, 2), (11, 3)]
length: 16 76
Estimated difference between T3^fnT3 - (T2^WT3 + h.c.) is: -1.630509001955287e-06 2.658559605457226e-12
total cost: -7.784456756822471
singles alt: [(4, 0), (5, 1), (6, 0), (7, 1), (8, 0), (9, 1), (10, 0), (11, 1), (4, 2), (5, 3), (6, 2), (7, 3), (8, 2), (9, 3), (10, 2), (11, 3)]
length: 16 76
Estimated difference between T3^fnT3 - (T2^WT3 + h.c.) is: -1.630509001930848e-06 2.65855960537753e-12
total cost: -7.784456756822554
singles alt: [(4, 0), (5, 1), (6, 0), (7, 1), (8, 0), (9, 1), (10, 0), (11, 1), (4, 2), (5, 3), (6, 2), (7, 3), (8, 2), (9, 3), (10, 2), (11, 3)]
length: 16 76
Estimated difference between T3^fnT3 - (T2^WT3 + h.c.) is: -1.6305090019398826e-06 2.658559605406992e-12
total cost: -7.784456756822503
singles alt: [(4, 0), (5, 1), (6, 0), (7, 1), (8, 0), (9, 1), (10, 0), (11, 1), (4, 2), (5, 3), (6, 2), (7, 3), (8, 2), (9, 3), (10, 2), (11, 3)]
length: 16 76
Estimated difference between T3^fnT3 - (T2^WT3 + h.c.) is: -1.6305090643485796e-06 2.6585598089228807e-12
total cost: -7.784456756822785
singles alt: [(4, 0), (5, 1), (6, 0), (7, 1), (8, 0), (9, 1), (10, 0), (11, 1), (4, 2), (5, 3), (6, 2), (7, 3), (8, 2), (9, 3), (10, 2), (11, 3)]
length: 16 76
Estimated difference between T3^fnT3 - (T2^WT3 + h.c.) is: -1.630508965247666e-06 2.6585594857530144e-12
total cost: -7.784456756824541
singles alt: [(4, 0), (5, 1), (6, 0), (7, 1), (8, 0), (9, 1), (10, 0), (11, 1), (4, 2), (5, 3), (6, 2), (7, 3), (8, 2), (9, 3), (10, 2), (11, 3)]
length: 16 76
Estimated difference between T3^fnT3 - (T2^WT3 + h.c.) is: -1.6305088161151053e-06 2.6585589994290824e-12
total cost: -7.784456756822321
singles alt: [(4, 0), (5, 1), (6, 0), (7, 1), (8, 0), (9, 1), (10, 0), (11, 1), (4, 2), (5, 3), (6, 2), (7, 3), (8, 2), (9, 3), (10, 2), (11, 3)]
length: 16 76
Estimated difference between T3^fnT3 - (T2^WT3 + h.c.) is: -1.630508854684741e-06 2.658559125205346e-12
total cost: -7.784456756822522
singles alt: [(4, 0), (5, 1), (6, 0), (7, 1), (8, 0), (9, 1), (10, 0), (11, 1), (4, 2), (5, 3), (6, 2), (7, 3), (8, 2), (9, 3), (10, 2), (11, 3)]
length: 16 76
Estimated difference between T3^fnT3 - (T2^WT3 + h.c.) is: -1.6305090019755387e-06 2.6585596055232672e-12
total cost: -7.784456756820612
singles alt: [(4, 0), (5, 1), (6, 0), (7, 1), (8, 0), (9, 1), (10, 0), (11, 1), (4, 2), (5, 3), (6, 2), (7, 3), (8, 2), (9, 3), (10, 2), (11, 3)]
length: 16 76
Estimated difference between T3^fnT3 - (T2^WT3 + h.c.) is: -1.6305090019738525e-06 2.6585596055177686e-12
total cost: -7.7844567568225305
singles alt: [(4, 0), (5, 1), (6, 0), (7, 1), (8, 0), (9, 1), (10, 0), (11, 1), (4, 2), (5, 3), (6, 2), (7, 3), (8, 2), (9, 3), (10, 2), (11, 3)]
length: 16 76
Estimated difference between T3^fnT3 - (T2^WT3 + h.c.) is: -1.6305090019443602e-06 2.658559605421594e-12
total cost: -7.784456756822534
singles alt: [(4, 0), (5, 1), (6, 0), (7, 1), (8, 0), (9, 1), (10, 0), (11, 1), (4, 2), (5, 3), (6, 2), (7, 3), (8, 2), (9, 3), (10, 2), (11, 3)]
length: 16 76
Estimated difference between T3^fnT3 - (T2^WT3 + h.c.) is: -1.6305090019517366e-06 2.6585596054456483e-12
total cost: -7.7844567568224985
singles alt: [(4, 0), (5, 1), (6, 0), (7, 1), (8, 0), (9, 1), (10, 0), (11, 1), (4, 2), (5, 3), (6, 2), (7, 3), (8, 2), (9, 3), (10, 2), (11, 3)]
length: 16 76
Estimated difference between T3^fnT3 - (T2^WT3 + h.c.) is: -1.630509001993035e-06 2.658559605580323e-12
total cost: -7.784456756821158
singles alt: [(4, 0), (5, 1), (6, 0), (7, 1), (8, 0), (9, 1), (10, 0), (11, 1), (4, 2), (5, 3), (6, 2), (7, 3), (8, 2), (9, 3), (10, 2), (11, 3)]
length: 16 76
Estimated difference between T3^fnT3 - (T2^WT3 + h.c.) is: -1.6305090019365747e-06 2.658559605396205e-12
total cost: -7.784456756822551
singles alt: [(4, 0), (5, 1), (6, 0), (7, 1), (8, 0), (9, 1), (10, 0), (11, 1), (4, 2), (5, 3), (6, 2), (7, 3), (8, 2), (9, 3), (10, 2), (11, 3)]
length: 16 76
Estimated difference between T3^fnT3 - (T2^WT3 + h.c.) is: -1.6305090019501205e-06 2.658559605440378e-12
total cost: -7.784456756822634
singles alt: [(4, 0), (5, 1), (6, 0), (7, 1), (8, 0), (9, 1), (10, 0), (11, 1), (4, 2), (5, 3), (6, 2), (7, 3), (8, 2), (9, 3), (10, 2), (11, 3)]
length: 16 76
Estimated difference between T3^fnT3 - (T2^WT3 + h.c.) is: -1.63050900194499e-06 2.6585596054236473e-12
total cost: -7.784456756822511
singles alt: [(4, 0), (5, 1), (6, 0), (7, 1), (8, 0), (9, 1), (10, 0), (11, 1), (4, 2), (5, 3), (6, 2), (7, 3), (8, 2), (9, 3), (10, 2), (11, 3)]
length: 16 76
Estimated difference between T3^fnT3 - (T2^WT3 + h.c.) is: -1.6305091860643304e-06 2.6585602058401654e-12
total cost: -7.784456756822579
singles alt: [(4, 0), (5, 1), (6, 0), (7, 1), (8, 0), (9, 1), (10, 0), (11, 1), (4, 2), (5, 3), (6, 2), (7, 3), (8, 2), (9, 3), (10, 2), (11, 3)]
length: 16 76
Estimated difference between T3^fnT3 - (T2^WT3 + h.c.) is: -1.6305090341356416e-06 2.6585597103979428e-12
total cost: -7.784456756822874
singles alt: [(4, 0), (5, 1), (6, 0), (7, 1), (8, 0), (9, 1), (10, 0), (11, 1), (4, 2), (5, 3), (6, 2), (7, 3), (8, 2), (9, 3), (10, 2), (11, 3)]
length: 16 76
Estimated difference between T3^fnT3 - (T2^WT3 + h.c.) is: -1.6305090340052307e-06 2.6585597099726706e-12
total cost: -7.7844567568225544
singles alt: [(4, 0), (5, 1), (6, 0), (7, 1), (8, 0), (9, 1), (10, 0), (11, 1), (4, 2), (5, 3), (6, 2), (7, 3), (8, 2), (9, 3), (10, 2), (11, 3)]
length: 16 76
Estimated difference between T3^fnT3 - (T2^WT3 + h.c.) is: -1.6305091340470855e-06 2.6585600362109767e-12
total cost: -7.784456756822529
singles alt: [(4, 0), (5, 1), (6, 0), (7, 1), (8, 0), (9, 1), (10, 0), (11, 1), (4, 2), (5, 3), (6, 2), (7, 3), (8, 2), (9, 3), (10, 2), (11, 3)]
length: 16 76
Estimated difference between T3^fnT3 - (T2^WT3 + h.c.) is: -1.6305090020366652e-06 2.658559605722602e-12
total cost: -7.78445675682246
singles alt: [(4, 0), (5, 1), (6, 0), (7, 1), (8, 0), (9, 1), (10, 0), (11, 1), (4, 2), (5, 3), (6, 2), (7, 3), (8, 2), (9, 3), (10, 2), (11, 3)]
length: 16 76
Estimated difference between T3^fnT3 - (T2^WT3 + h.c.) is: -1.630509002005389e-06 2.6585596056206096e-12
total cost: -7.784456756822474
singles alt: [(4, 0), (5, 1), (6, 0), (7, 1), (8, 0), (9, 1), (10, 0), (11, 1), (4, 2), (5, 3), (6, 2), (7, 3), (8, 2), (9, 3), (10, 2), (11, 3)]
length: 16 76
Estimated difference between T3^fnT3 - (T2^WT3 + h.c.) is: -1.6305090018697993e-06 2.6585596051784492e-12
total cost: -7.78445675682254
singles alt: [(4, 0), (5, 1), (6, 0), (7, 1), (8, 0), (9, 1), (10, 0), (11, 1), (4, 2), (5, 3), (6, 2), (7, 3), (8, 2), (9, 3), (10, 2), (11, 3)]
length: 16 76
Estimated difference between T3^fnT3 - (T2^WT3 + h.c.) is: -1.6305090019294196e-06 2.6585596053728722e-12
total cost: -7.78445675682251
singles alt: [(4, 0), (5, 1), (6, 0), (7, 1), (8, 0), (9, 1), (10, 0), (11, 1), (4, 2), (5, 3), (6, 2), (7, 3), (8, 2), (9, 3), (10, 2), (11, 3)]
length: 16 76
Estimated difference between T3^fnT3 - (T2^WT3 + h.c.) is: -1.6305088573223004e-06 2.658559133806474e-12
total cost: -7.784456756821809
singles alt: [(4, 0), (5, 1), (6, 0), (7, 1), (8, 0), (9, 1), (10, 0), (11, 1), (4, 2), (5, 3), (6, 2), (7, 3), (8, 2), (9, 3), (10, 2), (11, 3)]
length: 16 76
Estimated difference between T3^fnT3 - (T2^WT3 + h.c.) is: -1.63050885755494e-06 2.6585591345651154e-12
total cost: -7.7844567568206395
singles alt: [(4, 0), (5, 1), (6, 0), (7, 1), (8, 0), (9, 1), (10, 0), (11, 1), (4, 2), (5, 3), (6, 2), (7, 3), (8, 2), (9, 3), (10, 2), (11, 3)]
length: 16 76
Estimated difference between T3^fnT3 - (T2^WT3 + h.c.) is: -1.6305087221485261e-06 2.6585586930024196e-12
total cost: -7.784456756822536
singles alt: [(4, 0), (5, 1), (6, 0), (7, 1), (8, 0), (9, 1), (10, 0), (11, 1), (4, 2), (5, 3), (6, 2), (7, 3), (8, 2), (9, 3), (10, 2), (11, 3)]
length: 16 76
Estimated difference between T3^fnT3 - (T2^WT3 + h.c.) is: -1.630509281298609e-06 2.6585605164009064e-12
total cost: -7.784456756822555
singles alt: [(4, 0), (5, 1), (6, 0), (7, 1), (8, 0), (9, 1), (10, 0), (11, 1), (4, 2), (5, 3), (6, 2), (7, 3), (8, 2), (9, 3), (10, 2), (11, 3)]
length: 16 76
Estimated difference between T3^fnT3 - (T2^WT3 + h.c.) is: -1.630509001943732e-06 2.658559605419545e-12
total cost: -7.784456756822413
singles alt: [(4, 0), (5, 1), (6, 0), (7, 1), (8, 0), (9, 1), (10, 0), (11, 1), (4, 2), (5, 3), (6, 2), (7, 3), (8, 2), (9, 3), (10, 2), (11, 3)]
length: 16 76
Estimated difference between T3^fnT3 - (T2^WT3 + h.c.) is: -1.6305090019705537e-06 2.658559605507011e-12
total cost: -7.784456756822431
singles alt: [(4, 0), (5, 1), (6, 0), (7, 1), (8, 0), (9, 1), (10, 0), (11, 1), (4, 2), (5, 3), (6, 2), (7, 3), (8, 2), (9, 3), (10, 2), (11, 3)]
length: 16 76
Estimated difference between T3^fnT3 - (T2^WT3 + h.c.) is: -1.6305090019848442e-06 2.6585596055536128e-12
total cost: -7.78445675682245
singles alt: [(4, 0), (5, 1), (6, 0), (7, 1), (8, 0), (9, 1), (10, 0), (11, 1), (4, 2), (5, 3), (6, 2), (7, 3), (8, 2), (9, 3), (10, 2), (11, 3)]
length: 16 76
Estimated difference between T3^fnT3 - (T2^WT3 + h.c.) is: -1.630509001949352e-06 2.658559605437872e-12
total cost: -7.7844567568224905
singles alt: [(4, 0), (5, 1), (6, 0), (7, 1), (8, 0), (9, 1), (10, 0), (11, 1), (4, 2), (5, 3), (6, 2), (7, 3), (8, 2), (9, 3), (10, 2), (11, 3)]
length: 16 76
Estimated difference between T3^fnT3 - (T2^WT3 + h.c.) is: -1.6305090019414443e-06 2.658559605412085e-12
total cost: -7.784456756822499
singles alt: [(4, 0), (5, 1), (6, 0), (7, 1), (8, 0), (9, 1), (10, 0), (11, 1), (4, 2), (5, 3), (6, 2), (7, 3), (8, 2), (9, 3), (10, 2), (11, 3)]
length: 16 76
Estimated difference between T3^fnT3 - (T2^WT3 + h.c.) is: -1.6305090019414443e-06 2.658559605412085e-12
total cost: -7.784456756822293
singles alt: [(4, 0), (5, 1), (6, 0), (7, 1), (8, 0), (9, 1), (10, 0), (11, 1), (4, 2), (5, 3), (6, 2), (7, 3), (8, 2), (9, 3), (10, 2), (11, 3)]
length: 16 76
Estimated difference between T3^fnT3 - (T2^WT3 + h.c.) is: -1.6305090019414443e-06 2.658559605412085e-12
total cost: -7.784456756822477
singles alt: [(4, 0), (5, 1), (6, 0), (7, 1), (8, 0), (9, 1), (10, 0), (11, 1), (4, 2), (5, 3), (6, 2), (7, 3), (8, 2), (9, 3), (10, 2), (11, 3)]
length: 16 76
Estimated difference between T3^fnT3 - (T2^WT3 + h.c.) is: -1.6305090019414443e-06 2.658559605412085e-12
total cost: -7.784456756822443
singles alt: [(4, 0), (5, 1), (6, 0), (7, 1), (8, 0), (9, 1), (10, 0), (11, 1), (4, 2), (5, 3), (6, 2), (7, 3), (8, 2), (9, 3), (10, 2), (11, 3)]
length: 16 76
Estimated difference between T3^fnT3 - (T2^WT3 + h.c.) is: -1.6305090019414443e-06 2.658559605412085e-12
total cost: -7.784456756822524
singles alt: [(4, 0), (5, 1), (6, 0), (7, 1), (8, 0), (9, 1), (10, 0), (11, 1), (4, 2), (5, 3), (6, 2), (7, 3), (8, 2), (9, 3), (10, 2), (11, 3)]
length: 16 76
Estimated difference between T3^fnT3 - (T2^WT3 + h.c.) is: -1.6305090019414443e-06 2.658559605412085e-12
total cost: -7.784456756822534
singles alt: [(4, 0), (5, 1), (6, 0), (7, 1), (8, 0), (9, 1), (10, 0), (11, 1), (4, 2), (5, 3), (6, 2), (7, 3), (8, 2), (9, 3), (10, 2), (11, 3)]
length: 16 76
Estimated difference between T3^fnT3 - (T2^WT3 + h.c.) is: -1.6305090019414443e-06 2.658559605412085e-12
total cost: -7.784456756822848
singles alt: [(4, 0), (5, 1), (6, 0), (7, 1), (8, 0), (9, 1), (10, 0), (11, 1), (4, 2), (5, 3), (6, 2), (7, 3), (8, 2), (9, 3), (10, 2), (11, 3)]
length: 16 76
Estimated difference between T3^fnT3 - (T2^WT3 + h.c.) is: -1.6305090019414443e-06 2.658559605412085e-12
total cost: -7.784456756822742
singles alt: [(4, 0), (5, 1), (6, 0), (7, 1), (8, 0), (9, 1), (10, 0), (11, 1), (4, 2), (5, 3), (6, 2), (7, 3), (8, 2), (9, 3), (10, 2), (11, 3)]
length: 16 76
Estimated difference between T3^fnT3 - (T2^WT3 + h.c.) is: -1.6305090019414443e-06 2.658559605412085e-12
total cost: -7.784456756822538
singles alt: [(4, 0), (5, 1), (6, 0), (7, 1), (8, 0), (9, 1), (10, 0), (11, 1), (4, 2), (5, 3), (6, 2), (7, 3), (8, 2), (9, 3), (10, 2), (11, 3)]
length: 16 76
Estimated difference between T3^fnT3 - (T2^WT3 + h.c.) is: -1.6305090019414443e-06 2.658559605412085e-12
total cost: -7.784456756822528
singles alt: [(4, 0), (5, 1), (6, 0), (7, 1), (8, 0), (9, 1), (10, 0), (11, 1), (4, 2), (5, 3), (6, 2), (7, 3), (8, 2), (9, 3), (10, 2), (11, 3)]
length: 16 76
Estimated difference between T3^fnT3 - (T2^WT3 + h.c.) is: -1.6305090019414443e-06 2.658559605412085e-12
total cost: -7.784456756822504
singles alt: [(4, 0), (5, 1), (6, 0), (7, 1), (8, 0), (9, 1), (10, 0), (11, 1), (4, 2), (5, 3), (6, 2), (7, 3), (8, 2), (9, 3), (10, 2), (11, 3)]
length: 16 76
Estimated difference between T3^fnT3 - (T2^WT3 + h.c.) is: -1.6305090019414443e-06 2.658559605412085e-12
total cost: -7.784456756822499
singles alt: [(4, 0), (5, 1), (6, 0), (7, 1), (8, 0), (9, 1), (10, 0), (11, 1), (4, 2), (5, 3), (6, 2), (7, 3), (8, 2), (9, 3), (10, 2), (11, 3)]
length: 16 76
Estimated difference between T3^fnT3 - (T2^WT3 + h.c.) is: -1.6305090019414443e-06 2.658559605412085e-12
total cost: -7.784456756822494
singles alt: [(4, 0), (5, 1), (6, 0), (7, 1), (8, 0), (9, 1), (10, 0), (11, 1), (4, 2), (5, 3), (6, 2), (7, 3), (8, 2), (9, 3), (10, 2), (11, 3)]
length: 16 76
Estimated difference between T3^fnT3 - (T2^WT3 + h.c.) is: -1.6305090019414443e-06 2.658559605412085e-12
total cost: -7.784456756822504
singles alt: [(4, 0), (5, 1), (6, 0), (7, 1), (8, 0), (9, 1), (10, 0), (11, 1), (4, 2), (5, 3), (6, 2), (7, 3), (8, 2), (9, 3), (10, 2), (11, 3)]
length: 16 76
Estimated difference between T3^fnT3 - (T2^WT3 + h.c.) is: -1.6305090019414443e-06 2.658559605412085e-12
total cost: -7.784456756822638
singles alt: [(4, 0), (5, 1), (6, 0), (7, 1), (8, 0), (9, 1), (10, 0), (11, 1), (4, 2), (5, 3), (6, 2), (7, 3), (8, 2), (9, 3), (10, 2), (11, 3)]
length: 16 76
Estimated difference between T3^fnT3 - (T2^WT3 + h.c.) is: -1.6305090019414443e-06 2.658559605412085e-12
total cost: -7.784456756822639
singles alt: [(4, 0), (5, 1), (6, 0), (7, 1), (8, 0), (9, 1), (10, 0), (11, 1), (4, 2), (5, 3), (6, 2), (7, 3), (8, 2), (9, 3), (10, 2), (11, 3)]
callback: energy=-7.784455126314
singles alt: [(4, 0), (5, 1), (6, 0), (7, 1), (8, 0), (9, 1), (10, 0), (11, 1), (4, 2), (5, 3), (6, 2), (7, 3), (8, 2), (9, 3), (10, 2), (11, 3)]
length: 16 76
Estimated difference between T3^fnT3 - (T2^WT3 + h.c.) is: -1.630526740831855e-06 2.6586174525677516e-12
total cost: -7.784456764288594
singles alt: [(4, 0), (5, 1), (6, 0), (7, 1), (8, 0), (9, 1), (10, 0), (11, 1), (4, 2), (5, 3), (6, 2), (7, 3), (8, 2), (9, 3), (10, 2), (11, 3)]
length: 16 76
Estimated difference between T3^fnT3 - (T2^WT3 + h.c.) is: -1.630527075350713e-06 2.65861854345175e-12
total cost: -7.784456764288532
singles alt: [(4, 0), (5, 1), (6, 0), (7, 1), (8, 0), (9, 1), (10, 0), (11, 1), (4, 2), (5, 3), (6, 2), (7, 3), (8, 2), (9, 3), (10, 2), (11, 3)]
length: 16 76
Estimated difference between T3^fnT3 - (T2^WT3 + h.c.) is: -1.6305268138461078e-06 2.65861769067114e-12
total cost: -7.78445676428812
singles alt: [(4, 0), (5, 1), (6, 0), (7, 1), (8, 0), (9, 1), (10, 0), (11, 1), (4, 2), (5, 3), (6, 2), (7, 3), (8, 2), (9, 3), (10, 2), (11, 3)]
length: 16 76
Estimated difference between T3^fnT3 - (T2^WT3 + h.c.) is: -1.6305268139418293e-06 2.658617690983293e-12
total cost: -7.7844567642880875
singles alt: [(4, 0), (5, 1), (6, 0), (7, 1), (8, 0), (9, 1), (10, 0), (11, 1), (4, 2), (5, 3), (6, 2), (7, 3), (8, 2), (9, 3), (10, 2), (11, 3)]
length: 16 76
Estimated difference between T3^fnT3 - (T2^WT3 + h.c.) is: -1.6305268078302084e-06 2.6586176710529693e-12
total cost: -7.7844567642885725
singles alt: [(4, 0), (5, 1), (6, 0), (7, 1), (8, 0), (9, 1), (10, 0), (11, 1), (4, 2), (5, 3), (6, 2), (7, 3), (8, 2), (9, 3), (10, 2), (11, 3)]
length: 16 76
Estimated difference between T3^fnT3 - (T2^WT3 + h.c.) is: -1.6305267408516606e-06 2.6586174526323383e-12
total cost: -7.784456764288534
singles alt: [(4, 0), (5, 1), (6, 0), (7, 1), (8, 0), (9, 1), (10, 0), (11, 1), (4, 2), (5, 3), (6, 2), (7, 3), (8, 2), (9, 3), (10, 2), (11, 3)]
length: 16 76
Estimated difference between T3^fnT3 - (T2^WT3 + h.c.) is: -1.6305267408402104e-06 2.658617452594999e-12
total cost: -7.784456764288595
singles alt: [(4, 0), (5, 1), (6, 0), (7, 1), (8, 0), (9, 1), (10, 0), (11, 1), (4, 2), (5, 3), (6, 2), (7, 3), (8, 2), (9, 3), (10, 2), (11, 3)]
length: 16 76
Estimated difference between T3^fnT3 - (T2^WT3 + h.c.) is: -1.630526740853613e-06 2.6586174526387053e-12
total cost: -7.784456764288577
singles alt: [(4, 0), (5, 1), (6, 0), (7, 1), (8, 0), (9, 1), (10, 0), (11, 1), (4, 2), (5, 3), (6, 2), (7, 3), (8, 2), (9, 3), (10, 2), (11, 3)]
length: 16 76
Estimated difference between T3^fnT3 - (T2^WT3 + h.c.) is: -1.6305267408334096e-06 2.658617452572821e-12
total cost: -7.784456764288597
singles alt: [(4, 0), (5, 1), (6, 0), (7, 1), (8, 0), (9, 1), (10, 0), (11, 1), (4, 2), (5, 3), (6, 2), (7, 3), (8, 2), (9, 3), (10, 2), (11, 3)]
length: 16 76
Estimated difference between T3^fnT3 - (T2^WT3 + h.c.) is: -1.6305267407983014e-06 2.658617452458331e-12
total cost: -7.784456764288768
singles alt: [(4, 0), (5, 1), (6, 0), (7, 1), (8, 0), (9, 1), (10, 0), (11, 1), (4, 2), (5, 3), (6, 2), (7, 3), (8, 2), (9, 3), (10, 2), (11, 3)]
length: 16 76
Estimated difference between T3^fnT3 - (T2^WT3 + h.c.) is: -1.6305267408364208e-06 2.6586174525826404e-12
total cost: -7.7844567642885885
singles alt: [(4, 0), (5, 1), (6, 0), (7, 1), (8, 0), (9, 1), (10, 0), (11, 1), (4, 2), (5, 3), (6, 2), (7, 3), (8, 2), (9, 3), (10, 2), (11, 3)]
length: 16 76
Estimated difference between T3^fnT3 - (T2^WT3 + h.c.) is: -1.630526740836044e-06 2.658617452581412e-12
total cost: -7.784456764288584
singles alt: [(4, 0), (5, 1), (6, 0), (7, 1), (8, 0), (9, 1), (10, 0), (11, 1), (4, 2), (5, 3), (6, 2), (7, 3), (8, 2), (9, 3), (10, 2), (11, 3)]
length: 16 76
Estimated difference between T3^fnT3 - (T2^WT3 + h.c.) is: -1.6305267408291596e-06 2.6586174525589616e-12
total cost: -7.784456764288591
singles alt: [(4, 0), (5, 1), (6, 0), (7, 1), (8, 0), (9, 1), (10, 0), (11, 1), (4, 2), (5, 3), (6, 2), (7, 3), (8, 2), (9, 3), (10, 2), (11, 3)]
length: 16 76
Estimated difference between T3^fnT3 - (T2^WT3 + h.c.) is: -1.6305268032965943e-06 2.6586176562686106e-12
total cost: -7.784456764288643
singles alt: [(4, 0), (5, 1), (6, 0), (7, 1), (8, 0), (9, 1), (10, 0), (11, 1), (4, 2), (5, 3), (6, 2), (7, 3), (8, 2), (9, 3), (10, 2), (11, 3)]
length: 16 76
Estimated difference between T3^fnT3 - (T2^WT3 + h.c.) is: -1.6305265550738534e-06 2.658616846801008e-12
total cost: -7.784456764288874
singles alt: [(4, 0), (5, 1), (6, 0), (7, 1), (8, 0), (9, 1), (10, 0), (11, 1), (4, 2), (5, 3), (6, 2), (7, 3), (8, 2), (9, 3), (10, 2), (11, 3)]
length: 16 76
Estimated difference between T3^fnT3 - (T2^WT3 + h.c.) is: -1.6305267046304458e-06 2.658617334513021e-12
total cost: -7.784456764289227
singles alt: [(4, 0), (5, 1), (6, 0), (7, 1), (8, 0), (9, 1), (10, 0), (11, 1), (4, 2), (5, 3), (6, 2), (7, 3), (8, 2), (9, 3), (10, 2), (11, 3)]
length: 16 76
Estimated difference between T3^fnT3 - (T2^WT3 + h.c.) is: -1.630526593880249e-06 2.6586169733507264e-12
total cost: -7.78445676428861
singles alt: [(4, 0), (5, 1), (6, 0), (7, 1), (8, 0), (9, 1), (10, 0), (11, 1), (4, 2), (5, 3), (6, 2), (7, 3), (8, 2), (9, 3), (10, 2), (11, 3)]
length: 16 76
Estimated difference between T3^fnT3 - (T2^WT3 + h.c.) is: -1.630526740958673e-06 2.6586174529813116e-12
total cost: -7.784456764288146
singles alt: [(4, 0), (5, 1), (6, 0), (7, 1), (8, 0), (9, 1), (10, 0), (11, 1), (4, 2), (5, 3), (6, 2), (7, 3), (8, 2), (9, 3), (10, 2), (11, 3)]
length: 16 76
Estimated difference between T3^fnT3 - (T2^WT3 + h.c.) is: -1.6305267408195788e-06 2.658617452527718e-12
total cost: -7.784456764288611
singles alt: [(4, 0), (5, 1), (6, 0), (7, 1), (8, 0), (9, 1), (10, 0), (11, 1), (4, 2), (5, 3), (6, 2), (7, 3), (8, 2), (9, 3), (10, 2), (11, 3)]
length: 16 76
Estimated difference between T3^fnT3 - (T2^WT3 + h.c.) is: -1.6305267408820503e-06 2.658617452731441e-12
total cost: -7.784456764288577
singles alt: [(4, 0), (5, 1), (6, 0), (7, 1), (8, 0), (9, 1), (10, 0), (11, 1), (4, 2), (5, 3), (6, 2), (7, 3), (8, 2), (9, 3), (10, 2), (11, 3)]
length: 16 76
Estimated difference between T3^fnT3 - (T2^WT3 + h.c.) is: -1.6305267408467876e-06 2.6586174526164474e-12
total cost: -7.784456764288592
singles alt: [(4, 0), (5, 1), (6, 0), (7, 1), (8, 0), (9, 1), (10, 0), (11, 1), (4, 2), (5, 3), (6, 2), (7, 3), (8, 2), (9, 3), (10, 2), (11, 3)]
length: 16 76
Estimated difference between T3^fnT3 - (T2^WT3 + h.c.) is: -1.6305269399120375e-06 2.6586181017789132e-12
total cost: -7.784456764287576
singles alt: [(4, 0), (5, 1), (6, 0), (7, 1), (8, 0), (9, 1), (10, 0), (11, 1), (4, 2), (5, 3), (6, 2), (7, 3), (8, 2), (9, 3), (10, 2), (11, 3)]
length: 16 76
Estimated difference between T3^fnT3 - (T2^WT3 + h.c.) is: -1.6305270870911492e-06 2.658618581737948e-12
total cost: -7.784456764288618
singles alt: [(4, 0), (5, 1), (6, 0), (7, 1), (8, 0), (9, 1), (10, 0), (11, 1), (4, 2), (5, 3), (6, 2), (7, 3), (8, 2), (9, 3), (10, 2), (11, 3)]
length: 16 76
Estimated difference between T3^fnT3 - (T2^WT3 + h.c.) is: -1.6305269814585955e-06 2.6586182372644793e-12
total cost: -7.784456764288606
singles alt: [(4, 0), (5, 1), (6, 0), (7, 1), (8, 0), (9, 1), (10, 0), (11, 1), (4, 2), (5, 3), (6, 2), (7, 3), (8, 2), (9, 3), (10, 2), (11, 3)]
length: 16 76
Estimated difference between T3^fnT3 - (T2^WT3 + h.c.) is: -1.6305269212527792e-06 2.658618040930067e-12
total cost: -7.784456764288577
singles alt: [(4, 0), (5, 1), (6, 0), (7, 1), (8, 0), (9, 1), (10, 0), (11, 1), (4, 2), (5, 3), (6, 2), (7, 3), (8, 2), (9, 3), (10, 2), (11, 3)]
length: 16 76
Estimated difference between T3^fnT3 - (T2^WT3 + h.c.) is: -1.63052676276657e-06 2.6586175240980306e-12
total cost: -7.784456764289271
singles alt: [(4, 0), (5, 1), (6, 0), (7, 1), (8, 0), (9, 1), (10, 0), (11, 1), (4, 2), (5, 3), (6, 2), (7, 3), (8, 2), (9, 3), (10, 2), (11, 3)]
length: 16 76
Estimated difference between T3^fnT3 - (T2^WT3 + h.c.) is: -1.6305268663213594e-06 2.658617861795752e-12
total cost: -7.784456764288526
singles alt: [(4, 0), (5, 1), (6, 0), (7, 1), (8, 0), (9, 1), (10, 0), (11, 1), (4, 2), (5, 3), (6, 2), (7, 3), (8, 2), (9, 3), (10, 2), (11, 3)]
length: 16 76
Estimated difference between T3^fnT3 - (T2^WT3 + h.c.) is: -1.630526866272562e-06 2.658617861636621e-12
total cost: -7.7844567642885405
singles alt: [(4, 0), (5, 1), (6, 0), (7, 1), (8, 0), (9, 1), (10, 0), (11, 1), (4, 2), (5, 3), (6, 2), (7, 3), (8, 2), (9, 3), (10, 2), (11, 3)]
length: 16 76
Estimated difference between T3^fnT3 - (T2^WT3 + h.c.) is: -1.6305267603109017e-06 2.6586175160899647e-12
total cost: -7.784456764288599
singles alt: [(4, 0), (5, 1), (6, 0), (7, 1), (8, 0), (9, 1), (10, 0), (11, 1), (4, 2), (5, 3), (6, 2), (7, 3), (8, 2), (9, 3), (10, 2), (11, 3)]
length: 16 76
Estimated difference between T3^fnT3 - (T2^WT3 + h.c.) is: -1.6305267408577508e-06 2.6586174526521987e-12
total cost: -7.784456764288082
singles alt: [(4, 0), (5, 1), (6, 0), (7, 1), (8, 0), (9, 1), (10, 0), (11, 1), (4, 2), (5, 3), (6, 2), (7, 3), (8, 2), (9, 3), (10, 2), (11, 3)]
length: 16 76
Estimated difference between T3^fnT3 - (T2^WT3 + h.c.) is: -1.6305267407989307e-06 2.6586174524603833e-12
total cost: -7.784456764288637
singles alt: [(4, 0), (5, 1), (6, 0), (7, 1), (8, 0), (9, 1), (10, 0), (11, 1), (4, 2), (5, 3), (6, 2), (7, 3), (8, 2), (9, 3), (10, 2), (11, 3)]
length: 16 76
Estimated difference between T3^fnT3 - (T2^WT3 + h.c.) is: -1.6305267408361345e-06 2.658617452581707e-12
total cost: -7.784456764288616
singles alt: [(4, 0), (5, 1), (6, 0), (7, 1), (8, 0), (9, 1), (10, 0), (11, 1), (4, 2), (5, 3), (6, 2), (7, 3), (8, 2), (9, 3), (10, 2), (11, 3)]
length: 16 76
Estimated difference between T3^fnT3 - (T2^WT3 + h.c.) is: -1.630526740830068e-06 2.6586174525619237e-12
total cost: -7.784456764288595
singles alt: [(4, 0), (5, 1), (6, 0), (7, 1), (8, 0), (9, 1), (10, 0), (11, 1), (4, 2), (5, 3), (6, 2), (7, 3), (8, 2), (9, 3), (10, 2), (11, 3)]
length: 16 76
Estimated difference between T3^fnT3 - (T2^WT3 + h.c.) is: -1.6305267404353306e-06 2.658617451274664e-12
total cost: -7.784456764290164
singles alt: [(4, 0), (5, 1), (6, 0), (7, 1), (8, 0), (9, 1), (10, 0), (11, 1), (4, 2), (5, 3), (6, 2), (7, 3), (8, 2), (9, 3), (10, 2), (11, 3)]
length: 16 76
Estimated difference between T3^fnT3 - (T2^WT3 + h.c.) is: -1.630526740899761e-06 2.6586174527891965e-12
total cost: -7.784456764288496
singles alt: [(4, 0), (5, 1), (6, 0), (7, 1), (8, 0), (9, 1), (10, 0), (11, 1), (4, 2), (5, 3), (6, 2), (7, 3), (8, 2), (9, 3), (10, 2), (11, 3)]
length: 16 76
Estimated difference between T3^fnT3 - (T2^WT3 + h.c.) is: -1.6305267409018232e-06 2.6586174527959213e-12
total cost: -7.7844567642885165
singles alt: [(4, 0), (5, 1), (6, 0), (7, 1), (8, 0), (9, 1), (10, 0), (11, 1), (4, 2), (5, 3), (6, 2), (7, 3), (8, 2), (9, 3), (10, 2), (11, 3)]
length: 16 76
Estimated difference between T3^fnT3 - (T2^WT3 + h.c.) is: -1.6305267407929216e-06 2.6586174524407874e-12
total cost: -7.784456764288603
singles alt: [(4, 0), (5, 1), (6, 0), (7, 1), (8, 0), (9, 1), (10, 0), (11, 1), (4, 2), (5, 3), (6, 2), (7, 3), (8, 2), (9, 3), (10, 2), (11, 3)]
length: 16 76
Estimated difference between T3^fnT3 - (T2^WT3 + h.c.) is: -1.6305267628759688e-06 2.658617524454786e-12
total cost: -7.784456764288646
singles alt: [(4, 0), (5, 1), (6, 0), (7, 1), (8, 0), (9, 1), (10, 0), (11, 1), (4, 2), (5, 3), (6, 2), (7, 3), (8, 2), (9, 3), (10, 2), (11, 3)]
length: 16 76
Estimated difference between T3^fnT3 - (T2^WT3 + h.c.) is: -1.6305268662619739e-06 2.658617861602093e-12
total cost: -7.784456764288579
singles alt: [(4, 0), (5, 1), (6, 0), (7, 1), (8, 0), (9, 1), (10, 0), (11, 1), (4, 2), (5, 3), (6, 2), (7, 3), (8, 2), (9, 3), (10, 2), (11, 3)]
length: 16 76
Estimated difference between T3^fnT3 - (T2^WT3 + h.c.) is: -1.6305268662781052e-06 2.658617861654698e-12
total cost: -7.7844567642885485
singles alt: [(4, 0), (5, 1), (6, 0), (7, 1), (8, 0), (9, 1), (10, 0), (11, 1), (4, 2), (5, 3), (6, 2), (7, 3), (8, 2), (9, 3), (10, 2), (11, 3)]
length: 16 76
Estimated difference between T3^fnT3 - (T2^WT3 + h.c.) is: -1.6305267603273998e-06 2.6586175161437658e-12
total cost: -7.784456764288594
singles alt: [(4, 0), (5, 1), (6, 0), (7, 1), (8, 0), (9, 1), (10, 0), (11, 1), (4, 2), (5, 3), (6, 2), (7, 3), (8, 2), (9, 3), (10, 2), (11, 3)]
length: 16 76
Estimated difference between T3^fnT3 - (T2^WT3 + h.c.) is: -1.630526939555354e-06 2.658618100615749e-12
total cost: -7.784456764289636
singles alt: [(4, 0), (5, 1), (6, 0), (7, 1), (8, 0), (9, 1), (10, 0), (11, 1), (4, 2), (5, 3), (6, 2), (7, 3), (8, 2), (9, 3), (10, 2), (11, 3)]
length: 16 76
Estimated difference between T3^fnT3 - (T2^WT3 + h.c.) is: -1.6305269817075252e-06 2.658618238076252e-12
total cost: -7.784456764288504
singles alt: [(4, 0), (5, 1), (6, 0), (7, 1), (8, 0), (9, 1), (10, 0), (11, 1), (4, 2), (5, 3), (6, 2), (7, 3), (8, 2), (9, 3), (10, 2), (11, 3)]
length: 16 76
Estimated difference between T3^fnT3 - (T2^WT3 + h.c.) is: -1.6305270873500736e-06 2.6586185825823146e-12
total cost: -7.784456764288542
singles alt: [(4, 0), (5, 1), (6, 0), (7, 1), (8, 0), (9, 1), (10, 0), (11, 1), (4, 2), (5, 3), (6, 2), (7, 3), (8, 2), (9, 3), (10, 2), (11, 3)]
length: 16 76
Estimated difference between T3^fnT3 - (T2^WT3 + h.c.) is: -1.6305269213114763e-06 2.658618041121481e-12
total cost: -7.784456764288591
singles alt: [(4, 0), (5, 1), (6, 0), (7, 1), (8, 0), (9, 1), (10, 0), (11, 1), (4, 2), (5, 3), (6, 2), (7, 3), (8, 2), (9, 3), (10, 2), (11, 3)]
length: 16 76
Estimated difference between T3^fnT3 - (T2^WT3 + h.c.) is: -1.6305267408168975e-06 2.658617452518974e-12
total cost: -7.784456764288339
singles alt: [(4, 0), (5, 1), (6, 0), (7, 1), (8, 0), (9, 1), (10, 0), (11, 1), (4, 2), (5, 3), (6, 2), (7, 3), (8, 2), (9, 3), (10, 2), (11, 3)]
length: 16 76
Estimated difference between T3^fnT3 - (T2^WT3 + h.c.) is: -1.6305267408239182e-06 2.6586174525418686e-12
total cost: -7.784456764288619
singles alt: [(4, 0), (5, 1), (6, 0), (7, 1), (8, 0), (9, 1), (10, 0), (11, 1), (4, 2), (5, 3), (6, 2), (7, 3), (8, 2), (9, 3), (10, 2), (11, 3)]
length: 16 76
Estimated difference between T3^fnT3 - (T2^WT3 + h.c.) is: -1.6305267408483765e-06 2.6586174526216286e-12
total cost: -7.784456764288607
singles alt: [(4, 0), (5, 1), (6, 0), (7, 1), (8, 0), (9, 1), (10, 0), (11, 1), (4, 2), (5, 3), (6, 2), (7, 3), (8, 2), (9, 3), (10, 2), (11, 3)]
length: 16 76
Estimated difference between T3^fnT3 - (T2^WT3 + h.c.) is: -1.6305267408446904e-06 2.658617452609608e-12
total cost: -7.784456764288589
singles alt: [(4, 0), (5, 1), (6, 0), (7, 1), (8, 0), (9, 1), (10, 0), (11, 1), (4, 2), (5, 3), (6, 2), (7, 3), (8, 2), (9, 3), (10, 2), (11, 3)]
length: 16 76
Estimated difference between T3^fnT3 - (T2^WT3 + h.c.) is: -1.6305268032411319e-06 2.658617656087745e-12
total cost: -7.784456764288659
singles alt: [(4, 0), (5, 1), (6, 0), (7, 1), (8, 0), (9, 1), (10, 0), (11, 1), (4, 2), (5, 3), (6, 2), (7, 3), (8, 2), (9, 3), (10, 2), (11, 3)]
length: 16 76
Estimated difference between T3^fnT3 - (T2^WT3 + h.c.) is: -1.630526704543988e-06 2.658617334231078e-12
total cost: -7.784456764289241
singles alt: [(4, 0), (5, 1), (6, 0), (7, 1), (8, 0), (9, 1), (10, 0), (11, 1), (4, 2), (5, 3), (6, 2), (7, 3), (8, 2), (9, 3), (10, 2), (11, 3)]
length: 16 76
Estimated difference between T3^fnT3 - (T2^WT3 + h.c.) is: -1.6305265548287017e-06 2.658616846001555e-12
total cost: -7.784456764288746
singles alt: [(4, 0), (5, 1), (6, 0), (7, 1), (8, 0), (9, 1), (10, 0), (11, 1), (4, 2), (5, 3), (6, 2), (7, 3), (8, 2), (9, 3), (10, 2), (11, 3)]
length: 16 76
Estimated difference between T3^fnT3 - (T2^WT3 + h.c.) is: -1.6305265935766813e-06 2.658616972360776e-12
total cost: -7.784456764288587
singles alt: [(4, 0), (5, 1), (6, 0), (7, 1), (8, 0), (9, 1), (10, 0), (11, 1), (4, 2), (5, 3), (6, 2), (7, 3), (8, 2), (9, 3), (10, 2), (11, 3)]
length: 16 76
Estimated difference between T3^fnT3 - (T2^WT3 + h.c.) is: -1.6305267408397975e-06 2.6586174525936523e-12
total cost: -7.784456764288235
singles alt: [(4, 0), (5, 1), (6, 0), (7, 1), (8, 0), (9, 1), (10, 0), (11, 1), (4, 2), (5, 3), (6, 2), (7, 3), (8, 2), (9, 3), (10, 2), (11, 3)]
length: 16 76
Estimated difference between T3^fnT3 - (T2^WT3 + h.c.) is: -1.6305267408403055e-06 2.6586174525953086e-12
total cost: -7.784456764288601
singles alt: [(4, 0), (5, 1), (6, 0), (7, 1), (8, 0), (9, 1), (10, 0), (11, 1), (4, 2), (5, 3), (6, 2), (7, 3), (8, 2), (9, 3), (10, 2), (11, 3)]
length: 16 76
Estimated difference between T3^fnT3 - (T2^WT3 + h.c.) is: -1.630526740825607e-06 2.658617452547376e-12
total cost: -7.784456764288627
singles alt: [(4, 0), (5, 1), (6, 0), (7, 1), (8, 0), (9, 1), (10, 0), (11, 1), (4, 2), (5, 3), (6, 2), (7, 3), (8, 2), (9, 3), (10, 2), (11, 3)]
length: 16 76
Estimated difference between T3^fnT3 - (T2^WT3 + h.c.) is: -1.630526740833177e-06 2.6586174525720628e-12
total cost: -7.784456764288595
singles alt: [(4, 0), (5, 1), (6, 0), (7, 1), (8, 0), (9, 1), (10, 0), (11, 1), (4, 2), (5, 3), (6, 2), (7, 3), (8, 2), (9, 3), (10, 2), (11, 3)]
length: 16 76
Estimated difference between T3^fnT3 - (T2^WT3 + h.c.) is: -1.6305267408404158e-06 2.6586174525956685e-12
total cost: -7.784456764288272
singles alt: [(4, 0), (5, 1), (6, 0), (7, 1), (8, 0), (9, 1), (10, 0), (11, 1), (4, 2), (5, 3), (6, 2), (7, 3), (8, 2), (9, 3), (10, 2), (11, 3)]
length: 16 76
Estimated difference between T3^fnT3 - (T2^WT3 + h.c.) is: -1.6305267408308317e-06 2.658617452564414e-12
total cost: -7.784456764288605
singles alt: [(4, 0), (5, 1), (6, 0), (7, 1), (8, 0), (9, 1), (10, 0), (11, 1), (4, 2), (5, 3), (6, 2), (7, 3), (8, 2), (9, 3), (10, 2), (11, 3)]
length: 16 76
Estimated difference between T3^fnT3 - (T2^WT3 + h.c.) is: -1.6305267408385852e-06 2.658617452589699e-12
total cost: -7.784456764288609
singles alt: [(4, 0), (5, 1), (6, 0), (7, 1), (8, 0), (9, 1), (10, 0), (11, 1), (4, 2), (5, 3), (6, 2), (7, 3), (8, 2), (9, 3), (10, 2), (11, 3)]
length: 16 76
Estimated difference between T3^fnT3 - (T2^WT3 + h.c.) is: -1.6305267408347428e-06 2.6586174525771684e-12
total cost: -7.784456764288589
singles alt: [(4, 0), (5, 1), (6, 0), (7, 1), (8, 0), (9, 1), (10, 0), (11, 1), (4, 2), (5, 3), (6, 2), (7, 3), (8, 2), (9, 3), (10, 2), (11, 3)]
length: 16 76
Estimated difference between T3^fnT3 - (T2^WT3 + h.c.) is: -1.630526924954439e-06 2.6586180530013787e-12
total cost: -7.784456764288629
singles alt: [(4, 0), (5, 1), (6, 0), (7, 1), (8, 0), (9, 1), (10, 0), (11, 1), (4, 2), (5, 3), (6, 2), (7, 3), (8, 2), (9, 3), (10, 2), (11, 3)]
length: 16 76
Estimated difference between T3^fnT3 - (T2^WT3 + h.c.) is: -1.630526772673419e-06 2.6586175564047953e-12
total cost: -7.7844567642886675
singles alt: [(4, 0), (5, 1), (6, 0), (7, 1), (8, 0), (9, 1), (10, 0), (11, 1), (4, 2), (5, 3), (6, 2), (7, 3), (8, 2), (9, 3), (10, 2), (11, 3)]
length: 16 76
Estimated difference between T3^fnT3 - (T2^WT3 + h.c.) is: -1.63052677259549e-06 2.6586175561506647e-12
total cost: -7.784456764288799
singles alt: [(4, 0), (5, 1), (6, 0), (7, 1), (8, 0), (9, 1), (10, 0), (11, 1), (4, 2), (5, 3), (6, 2), (7, 3), (8, 2), (9, 3), (10, 2), (11, 3)]
length: 16 76
Estimated difference between T3^fnT3 - (T2^WT3 + h.c.) is: -1.6305268729380612e-06 2.6586178833731723e-12
total cost: -7.784456764288616
singles alt: [(4, 0), (5, 1), (6, 0), (7, 1), (8, 0), (9, 1), (10, 0), (11, 1), (4, 2), (5, 3), (6, 2), (7, 3), (8, 2), (9, 3), (10, 2), (11, 3)]
length: 16 76
Estimated difference between T3^fnT3 - (T2^WT3 + h.c.) is: -1.6305267408717251e-06 2.65861745269777e-12
total cost: -7.784456764288573
singles alt: [(4, 0), (5, 1), (6, 0), (7, 1), (8, 0), (9, 1), (10, 0), (11, 1), (4, 2), (5, 3), (6, 2), (7, 3), (8, 2), (9, 3), (10, 2), (11, 3)]
length: 16 76
Estimated difference between T3^fnT3 - (T2^WT3 + h.c.) is: -1.6305267408682407e-06 2.6586174526864067e-12
total cost: -7.7844567642885725
singles alt: [(4, 0), (5, 1), (6, 0), (7, 1), (8, 0), (9, 1), (10, 0), (11, 1), (4, 2), (5, 3), (6, 2), (7, 3), (8, 2), (9, 3), (10, 2), (11, 3)]
length: 16 76
Estimated difference between T3^fnT3 - (T2^WT3 + h.c.) is: -1.6305267408236187e-06 2.6586174525408924e-12
total cost: -7.784456764288618
singles alt: [(4, 0), (5, 1), (6, 0), (7, 1), (8, 0), (9, 1), (10, 0), (11, 1), (4, 2), (5, 3), (6, 2), (7, 3), (8, 2), (9, 3), (10, 2), (11, 3)]
length: 16 76
Estimated difference between T3^fnT3 - (T2^WT3 + h.c.) is: -1.6305267408288547e-06 2.658617452557967e-12
total cost: -7.784456764288598
singles alt: [(4, 0), (5, 1), (6, 0), (7, 1), (8, 0), (9, 1), (10, 0), (11, 1), (4, 2), (5, 3), (6, 2), (7, 3), (8, 2), (9, 3), (10, 2), (11, 3)]
length: 16 76
Estimated difference between T3^fnT3 - (T2^WT3 + h.c.) is: -1.630526595909427e-06 2.658616979967984e-12
total cost: -7.7844567642881985
singles alt: [(4, 0), (5, 1), (6, 0), (7, 1), (8, 0), (9, 1), (10, 0), (11, 1), (4, 2), (5, 3), (6, 2), (7, 3), (8, 2), (9, 3), (10, 2), (11, 3)]
length: 16 76
Estimated difference between T3^fnT3 - (T2^WT3 + h.c.) is: -1.6305265961879035e-06 2.6586169808761106e-12
total cost: -7.784456764288135
singles alt: [(4, 0), (5, 1), (6, 0), (7, 1), (8, 0), (9, 1), (10, 0), (11, 1), (4, 2), (5, 3), (6, 2), (7, 3), (8, 2), (9, 3), (10, 2), (11, 3)]
length: 16 76
Estimated difference between T3^fnT3 - (T2^WT3 + h.c.) is: -1.6305264610588638e-06 2.6586165402131426e-12
total cost: -7.784456764288603
singles alt: [(4, 0), (5, 1), (6, 0), (7, 1), (8, 0), (9, 1), (10, 0), (11, 1), (4, 2), (5, 3), (6, 2), (7, 3), (8, 2), (9, 3), (10, 2), (11, 3)]
length: 16 76
Estimated difference between T3^fnT3 - (T2^WT3 + h.c.) is: -1.630527020233616e-06 2.6586183637119146e-12
total cost: -7.784456764288607
singles alt: [(4, 0), (5, 1), (6, 0), (7, 1), (8, 0), (9, 1), (10, 0), (11, 1), (4, 2), (5, 3), (6, 2), (7, 3), (8, 2), (9, 3), (10, 2), (11, 3)]
length: 16 76
Estimated difference between T3^fnT3 - (T2^WT3 + h.c.) is: -1.6305267408252726e-06 2.6586174525462857e-12
total cost: -7.784456764288592
singles alt: [(4, 0), (5, 1), (6, 0), (7, 1), (8, 0), (9, 1), (10, 0), (11, 1), (4, 2), (5, 3), (6, 2), (7, 3), (8, 2), (9, 3), (10, 2), (11, 3)]
length: 16 76
Estimated difference between T3^fnT3 - (T2^WT3 + h.c.) is: -1.6305267408237744e-06 2.6586174525414e-12
total cost: -7.784456764288609
singles alt: [(4, 0), (5, 1), (6, 0), (7, 1), (8, 0), (9, 1), (10, 0), (11, 1), (4, 2), (5, 3), (6, 2), (7, 3), (8, 2), (9, 3), (10, 2), (11, 3)]
length: 16 76
Estimated difference between T3^fnT3 - (T2^WT3 + h.c.) is: -1.6305267408397789e-06 2.6586174525935913e-12
total cost: -7.784456764288595
singles alt: [(4, 0), (5, 1), (6, 0), (7, 1), (8, 0), (9, 1), (10, 0), (11, 1), (4, 2), (5, 3), (6, 2), (7, 3), (8, 2), (9, 3), (10, 2), (11, 3)]
length: 16 76
Estimated difference between T3^fnT3 - (T2^WT3 + h.c.) is: -1.6305267408316728e-06 2.658617452567157e-12
total cost: -7.784456764288595
singles alt: [(4, 0), (5, 1), (6, 0), (7, 1), (8, 0), (9, 1), (10, 0), (11, 1), (4, 2), (5, 3), (6, 2), (7, 3), (8, 2), (9, 3), (10, 2), (11, 3)]
length: 16 76
Estimated difference between T3^fnT3 - (T2^WT3 + h.c.) is: -1.630526740831855e-06 2.6586174525677516e-12
total cost: -7.784456764288526
singles alt: [(4, 0), (5, 1), (6, 0), (7, 1), (8, 0), (9, 1), (10, 0), (11, 1), (4, 2), (5, 3), (6, 2), (7, 3), (8, 2), (9, 3), (10, 2), (11, 3)]
length: 16 76
Estimated difference between T3^fnT3 - (T2^WT3 + h.c.) is: -1.630526740831855e-06 2.6586174525677516e-12
total cost: -7.7844567642885245
singles alt: [(4, 0), (5, 1), (6, 0), (7, 1), (8, 0), (9, 1), (10, 0), (11, 1), (4, 2), (5, 3), (6, 2), (7, 3), (8, 2), (9, 3), (10, 2), (11, 3)]
length: 16 76
Estimated difference between T3^fnT3 - (T2^WT3 + h.c.) is: -1.630526740831855e-06 2.6586174525677516e-12
total cost: -7.784456764288606
singles alt: [(4, 0), (5, 1), (6, 0), (7, 1), (8, 0), (9, 1), (10, 0), (11, 1), (4, 2), (5, 3), (6, 2), (7, 3), (8, 2), (9, 3), (10, 2), (11, 3)]
length: 16 76
Estimated difference between T3^fnT3 - (T2^WT3 + h.c.) is: -1.630526740831855e-06 2.6586174525677516e-12
total cost: -7.784456764288551
singles alt: [(4, 0), (5, 1), (6, 0), (7, 1), (8, 0), (9, 1), (10, 0), (11, 1), (4, 2), (5, 3), (6, 2), (7, 3), (8, 2), (9, 3), (10, 2), (11, 3)]
length: 16 76
Estimated difference between T3^fnT3 - (T2^WT3 + h.c.) is: -1.630526740831855e-06 2.6586174525677516e-12
total cost: -7.784456764288531
singles alt: [(4, 0), (5, 1), (6, 0), (7, 1), (8, 0), (9, 1), (10, 0), (11, 1), (4, 2), (5, 3), (6, 2), (7, 3), (8, 2), (9, 3), (10, 2), (11, 3)]
length: 16 76
Estimated difference between T3^fnT3 - (T2^WT3 + h.c.) is: -1.630526740831855e-06 2.6586174525677516e-12
total cost: -7.7844567642885885
singles alt: [(4, 0), (5, 1), (6, 0), (7, 1), (8, 0), (9, 1), (10, 0), (11, 1), (4, 2), (5, 3), (6, 2), (7, 3), (8, 2), (9, 3), (10, 2), (11, 3)]
length: 16 76
Estimated difference between T3^fnT3 - (T2^WT3 + h.c.) is: -1.630526740831855e-06 2.6586174525677516e-12
total cost: -7.78445676428907
singles alt: [(4, 0), (5, 1), (6, 0), (7, 1), (8, 0), (9, 1), (10, 0), (11, 1), (4, 2), (5, 3), (6, 2), (7, 3), (8, 2), (9, 3), (10, 2), (11, 3)]
length: 16 76
Estimated difference between T3^fnT3 - (T2^WT3 + h.c.) is: -1.630526740831855e-06 2.6586174525677516e-12
total cost: -7.7844567642890246
singles alt: [(4, 0), (5, 1), (6, 0), (7, 1), (8, 0), (9, 1), (10, 0), (11, 1), (4, 2), (5, 3), (6, 2), (7, 3), (8, 2), (9, 3), (10, 2), (11, 3)]
length: 16 76
Estimated difference between T3^fnT3 - (T2^WT3 + h.c.) is: -1.630526740831855e-06 2.6586174525677516e-12
total cost: -7.784456764288617
singles alt: [(4, 0), (5, 1), (6, 0), (7, 1), (8, 0), (9, 1), (10, 0), (11, 1), (4, 2), (5, 3), (6, 2), (7, 3), (8, 2), (9, 3), (10, 2), (11, 3)]
length: 16 76
Estimated difference between T3^fnT3 - (T2^WT3 + h.c.) is: -1.630526740831855e-06 2.6586174525677516e-12
total cost: -7.784456764288614
singles alt: [(4, 0), (5, 1), (6, 0), (7, 1), (8, 0), (9, 1), (10, 0), (11, 1), (4, 2), (5, 3), (6, 2), (7, 3), (8, 2), (9, 3), (10, 2), (11, 3)]
length: 16 76
Estimated difference between T3^fnT3 - (T2^WT3 + h.c.) is: -1.630526740831855e-06 2.6586174525677516e-12
total cost: -7.78445676428859
singles alt: [(4, 0), (5, 1), (6, 0), (7, 1), (8, 0), (9, 1), (10, 0), (11, 1), (4, 2), (5, 3), (6, 2), (7, 3), (8, 2), (9, 3), (10, 2), (11, 3)]
length: 16 76
Estimated difference between T3^fnT3 - (T2^WT3 + h.c.) is: -1.630526740831855e-06 2.6586174525677516e-12
total cost: -7.784456764288591
singles alt: [(4, 0), (5, 1), (6, 0), (7, 1), (8, 0), (9, 1), (10, 0), (11, 1), (4, 2), (5, 3), (6, 2), (7, 3), (8, 2), (9, 3), (10, 2), (11, 3)]
length: 16 76
Estimated difference between T3^fnT3 - (T2^WT3 + h.c.) is: -1.630526740831855e-06 2.6586174525677516e-12
total cost: -7.784456764288594
singles alt: [(4, 0), (5, 1), (6, 0), (7, 1), (8, 0), (9, 1), (10, 0), (11, 1), (4, 2), (5, 3), (6, 2), (7, 3), (8, 2), (9, 3), (10, 2), (11, 3)]
length: 16 76
Estimated difference between T3^fnT3 - (T2^WT3 + h.c.) is: -1.630526740831855e-06 2.6586174525677516e-12
total cost: -7.784456764288591
singles alt: [(4, 0), (5, 1), (6, 0), (7, 1), (8, 0), (9, 1), (10, 0), (11, 1), (4, 2), (5, 3), (6, 2), (7, 3), (8, 2), (9, 3), (10, 2), (11, 3)]
length: 16 76
Estimated difference between T3^fnT3 - (T2^WT3 + h.c.) is: -1.630526740831855e-06 2.6586174525677516e-12
total cost: -7.784456764288532
singles alt: [(4, 0), (5, 1), (6, 0), (7, 1), (8, 0), (9, 1), (10, 0), (11, 1), (4, 2), (5, 3), (6, 2), (7, 3), (8, 2), (9, 3), (10, 2), (11, 3)]
length: 16 76
Estimated difference between T3^fnT3 - (T2^WT3 + h.c.) is: -1.630526740831855e-06 2.6586174525677516e-12
total cost: -7.784456764288528
singles alt: [(4, 0), (5, 1), (6, 0), (7, 1), (8, 0), (9, 1), (10, 0), (11, 1), (4, 2), (5, 3), (6, 2), (7, 3), (8, 2), (9, 3), (10, 2), (11, 3)]
callback: energy=-7.784455133762
singles alt: [(4, 0), (5, 1), (6, 0), (7, 1), (8, 0), (9, 1), (10, 0), (11, 1), (4, 2), (5, 3), (6, 2), (7, 3), (8, 2), (9, 3), (10, 2), (11, 3)]
length: 16 76
Estimated difference between T3^fnT3 - (T2^WT3 + h.c.) is: -1.630401101855309e-06 2.658207752931006e-12
total cost: -7.784456750280865
singles alt: [(4, 0), (5, 1), (6, 0), (7, 1), (8, 0), (9, 1), (10, 0), (11, 1), (4, 2), (5, 3), (6, 2), (7, 3), (8, 2), (9, 3), (10, 2), (11, 3)]
length: 16 76
Estimated difference between T3^fnT3 - (T2^WT3 + h.c.) is: -1.6304014362945763e-06 2.6582088434714172e-12
total cost: -7.784456750280865
singles alt: [(4, 0), (5, 1), (6, 0), (7, 1), (8, 0), (9, 1), (10, 0), (11, 1), (4, 2), (5, 3), (6, 2), (7, 3), (8, 2), (9, 3), (10, 2), (11, 3)]
length: 16 76
Estimated difference between T3^fnT3 - (T2^WT3 + h.c.) is: -1.6304011736233976e-06 2.6582079869525525e-12
total cost: -7.784456750281698
singles alt: [(4, 0), (5, 1), (6, 0), (7, 1), (8, 0), (9, 1), (10, 0), (11, 1), (4, 2), (5, 3), (6, 2), (7, 3), (8, 2), (9, 3), (10, 2), (11, 3)]
length: 16 76
Estimated difference between T3^fnT3 - (T2^WT3 + h.c.) is: -1.6304011734716356e-06 2.6582079864576865e-12
total cost: -7.7844567502817315
singles alt: [(4, 0), (5, 1), (6, 0), (7, 1), (8, 0), (9, 1), (10, 0), (11, 1), (4, 2), (5, 3), (6, 2), (7, 3), (8, 2), (9, 3), (10, 2), (11, 3)]
length: 16 76
Estimated difference between T3^fnT3 - (T2^WT3 + h.c.) is: -1.63040116884808e-06 2.6582079713811853e-12
total cost: -7.784456750280917
singles alt: [(4, 0), (5, 1), (6, 0), (7, 1), (8, 0), (9, 1), (10, 0), (11, 1), (4, 2), (5, 3), (6, 2), (7, 3), (8, 2), (9, 3), (10, 2), (11, 3)]
length: 16 76
Estimated difference between T3^fnT3 - (T2^WT3 + h.c.) is: -1.6304011018053775e-06 2.658207752768189e-12
total cost: -7.784456750280971
singles alt: [(4, 0), (5, 1), (6, 0), (7, 1), (8, 0), (9, 1), (10, 0), (11, 1), (4, 2), (5, 3), (6, 2), (7, 3), (8, 2), (9, 3), (10, 2), (11, 3)]
length: 16 76
Estimated difference between T3^fnT3 - (T2^WT3 + h.c.) is: -1.6304011018558651e-06 2.658207752932819e-12
total cost: -7.784456750280867
singles alt: [(4, 0), (5, 1), (6, 0), (7, 1), (8, 0), (9, 1), (10, 0), (11, 1), (4, 2), (5, 3), (6, 2), (7, 3), (8, 2), (9, 3), (10, 2), (11, 3)]
length: 16 76
Estimated difference between T3^fnT3 - (T2^WT3 + h.c.) is: -1.6304011018356825e-06 2.6582077528670074e-12
total cost: -7.7844567502808815
singles alt: [(4, 0), (5, 1), (6, 0), (7, 1), (8, 0), (9, 1), (10, 0), (11, 1), (4, 2), (5, 3), (6, 2), (7, 3), (8, 2), (9, 3), (10, 2), (11, 3)]
length: 16 76
Estimated difference between T3^fnT3 - (T2^WT3 + h.c.) is: -1.6304011018468184e-06 2.6582077529033193e-12
total cost: -7.784456750280878
singles alt: [(4, 0), (5, 1), (6, 0), (7, 1), (8, 0), (9, 1), (10, 0), (11, 1), (4, 2), (5, 3), (6, 2), (7, 3), (8, 2), (9, 3), (10, 2), (11, 3)]
length: 16 76
Estimated difference between T3^fnT3 - (T2^WT3 + h.c.) is: -1.6304011019601251e-06 2.6582077532727903e-12
total cost: -7.784456750280288
singles alt: [(4, 0), (5, 1), (6, 0), (7, 1), (8, 0), (9, 1), (10, 0), (11, 1), (4, 2), (5, 3), (6, 2), (7, 3), (8, 2), (9, 3), (10, 2), (11, 3)]
length: 16 76
Estimated difference between T3^fnT3 - (T2^WT3 + h.c.) is: -1.630401101866279e-06 2.6582077529667767e-12
total cost: -7.7844567502808815
singles alt: [(4, 0), (5, 1), (6, 0), (7, 1), (8, 0), (9, 1), (10, 0), (11, 1), (4, 2), (5, 3), (6, 2), (7, 3), (8, 2), (9, 3), (10, 2), (11, 3)]
length: 16 76
Estimated difference between T3^fnT3 - (T2^WT3 + h.c.) is: -1.6304011018452228e-06 2.6582077528981167e-12
total cost: -7.784456750280903
singles alt: [(4, 0), (5, 1), (6, 0), (7, 1), (8, 0), (9, 1), (10, 0), (11, 1), (4, 2), (5, 3), (6, 2), (7, 3), (8, 2), (9, 3), (10, 2), (11, 3)]
length: 16 76
Estimated difference between T3^fnT3 - (T2^WT3 + h.c.) is: -1.6304011018656297e-06 2.6582077529646595e-12
total cost: -7.784456750280857
singles alt: [(4, 0), (5, 1), (6, 0), (7, 1), (8, 0), (9, 1), (10, 0), (11, 1), (4, 2), (5, 3), (6, 2), (7, 3), (8, 2), (9, 3), (10, 2), (11, 3)]
length: 16 76
Estimated difference between T3^fnT3 - (T2^WT3 + h.c.) is: -1.6304011642914743e-06 2.6582079565229947e-12
total cost: -7.7844567502823825
singles alt: [(4, 0), (5, 1), (6, 0), (7, 1), (8, 0), (9, 1), (10, 0), (11, 1), (4, 2), (5, 3), (6, 2), (7, 3), (8, 2), (9, 3), (10, 2), (11, 3)]
length: 16 76
Estimated difference between T3^fnT3 - (T2^WT3 + h.c.) is: -1.6304009160088818e-06 2.6582071469226008e-12
total cost: -7.784456750279946
singles alt: [(4, 0), (5, 1), (6, 0), (7, 1), (8, 0), (9, 1), (10, 0), (11, 1), (4, 2), (5, 3), (6, 2), (7, 3), (8, 2), (9, 3), (10, 2), (11, 3)]
length: 16 76
Estimated difference between T3^fnT3 - (T2^WT3 + h.c.) is: -1.630401065996846e-06 2.6582076360036518e-12
total cost: -7.784456750279235
singles alt: [(4, 0), (5, 1), (6, 0), (7, 1), (8, 0), (9, 1), (10, 0), (11, 1), (4, 2), (5, 3), (6, 2), (7, 3), (8, 2), (9, 3), (10, 2), (11, 3)]
length: 16 76
Estimated difference between T3^fnT3 - (T2^WT3 + h.c.) is: -1.6304009548950078e-06 2.658207273722553e-12
total cost: -7.784456750280869
singles alt: [(4, 0), (5, 1), (6, 0), (7, 1), (8, 0), (9, 1), (10, 0), (11, 1), (4, 2), (5, 3), (6, 2), (7, 3), (8, 2), (9, 3), (10, 2), (11, 3)]
length: 16 76
Estimated difference between T3^fnT3 - (T2^WT3 + h.c.) is: -1.6304011015070536e-06 2.6582077517954134e-12
total cost: -7.784456750281993
singles alt: [(4, 0), (5, 1), (6, 0), (7, 1), (8, 0), (9, 1), (10, 0), (11, 1), (4, 2), (5, 3), (6, 2), (7, 3), (8, 2), (9, 3), (10, 2), (11, 3)]
length: 16 76
Estimated difference between T3^fnT3 - (T2^WT3 + h.c.) is: -1.6304011019060002e-06 2.6582077530962996e-12
total cost: -7.784456750280818
singles alt: [(4, 0), (5, 1), (6, 0), (7, 1), (8, 0), (9, 1), (10, 0), (11, 1), (4, 2), (5, 3), (6, 2), (7, 3), (8, 2), (9, 3), (10, 2), (11, 3)]
length: 16 76
Estimated difference between T3^fnT3 - (T2^WT3 + h.c.) is: -1.63040110180585e-06 2.6582077527697296e-12
total cost: -7.784456750280875
singles alt: [(4, 0), (5, 1), (6, 0), (7, 1), (8, 0), (9, 1), (10, 0), (11, 1), (4, 2), (5, 3), (6, 2), (7, 3), (8, 2), (9, 3), (10, 2), (11, 3)]
length: 16 76
Estimated difference between T3^fnT3 - (T2^WT3 + h.c.) is: -1.6304011018098585e-06 2.6582077527828005e-12
total cost: -7.78445675028089
singles alt: [(4, 0), (5, 1), (6, 0), (7, 1), (8, 0), (9, 1), (10, 0), (11, 1), (4, 2), (5, 3), (6, 2), (7, 3), (8, 2), (9, 3), (10, 2), (11, 3)]
length: 16 76
Estimated difference between T3^fnT3 - (T2^WT3 + h.c.) is: -1.6304013001632359e-06 2.6582083995739702e-12
total cost: -7.78445675028375
singles alt: [(4, 0), (5, 1), (6, 0), (7, 1), (8, 0), (9, 1), (10, 0), (11, 1), (4, 2), (5, 3), (6, 2), (7, 3), (8, 2), (9, 3), (10, 2), (11, 3)]
length: 16 76
Estimated difference between T3^fnT3 - (T2^WT3 + h.c.) is: -1.6304014483750817e-06 2.6582088828635642e-12
total cost: -7.784456750280693
singles alt: [(4, 0), (5, 1), (6, 0), (7, 1), (8, 0), (9, 1), (10, 0), (11, 1), (4, 2), (5, 3), (6, 2), (7, 3), (8, 2), (9, 3), (10, 2), (11, 3)]
length: 16 76
Estimated difference between T3^fnT3 - (T2^WT3 + h.c.) is: -1.6304013425995372e-06 2.6582085379503734e-12
total cost: -7.784456750280694
singles alt: [(4, 0), (5, 1), (6, 0), (7, 1), (8, 0), (9, 1), (10, 0), (11, 1), (4, 2), (5, 3), (6, 2), (7, 3), (8, 2), (9, 3), (10, 2), (11, 3)]
length: 16 76
Estimated difference between T3^fnT3 - (T2^WT3 + h.c.) is: -1.6304012821698698e-06 2.6582083409011555e-12
total cost: -7.784456750280871
singles alt: [(4, 0), (5, 1), (6, 0), (7, 1), (8, 0), (9, 1), (10, 0), (11, 1), (4, 2), (5, 3), (6, 2), (7, 3), (8, 2), (9, 3), (10, 2), (11, 3)]
length: 16 76
Estimated difference between T3^fnT3 - (T2^WT3 + h.c.) is: -1.6304011242692887e-06 2.6582078260185604e-12
total cost: -7.784456750279002
singles alt: [(4, 0), (5, 1), (6, 0), (7, 1), (8, 0), (9, 1), (10, 0), (11, 1), (4, 2), (5, 3), (6, 2), (7, 3), (8, 2), (9, 3), (10, 2), (11, 3)]
length: 16 76
Estimated difference between T3^fnT3 - (T2^WT3 + h.c.) is: -1.6304012272238865e-06 2.658208161733155e-12
total cost: -7.784456750281018
singles alt: [(4, 0), (5, 1), (6, 0), (7, 1), (8, 0), (9, 1), (10, 0), (11, 1), (4, 2), (5, 3), (6, 2), (7, 3), (8, 2), (9, 3), (10, 2), (11, 3)]
length: 16 76
Estimated difference between T3^fnT3 - (T2^WT3 + h.c.) is: -1.6304012270421932e-06 2.6582081611406894e-12
total cost: -7.784456750281002
singles alt: [(4, 0), (5, 1), (6, 0), (7, 1), (8, 0), (9, 1), (10, 0), (11, 1), (4, 2), (5, 3), (6, 2), (7, 3), (8, 2), (9, 3), (10, 2), (11, 3)]
length: 16 76
Estimated difference between T3^fnT3 - (T2^WT3 + h.c.) is: -1.6304011214057832e-06 2.6582078166812354e-12
total cost: -7.784456750280855
singles alt: [(4, 0), (5, 1), (6, 0), (7, 1), (8, 0), (9, 1), (10, 0), (11, 1), (4, 2), (5, 3), (6, 2), (7, 3), (8, 2), (9, 3), (10, 2), (11, 3)]
length: 16 76
Estimated difference between T3^fnT3 - (T2^WT3 + h.c.) is: -1.6304011017459965e-06 2.658207752574559e-12
total cost: -7.78445675028333
singles alt: [(4, 0), (5, 1), (6, 0), (7, 1), (8, 0), (9, 1), (10, 0), (11, 1), (4, 2), (5, 3), (6, 2), (7, 3), (8, 2), (9, 3), (10, 2), (11, 3)]
length: 16 76
Estimated difference between T3^fnT3 - (T2^WT3 + h.c.) is: -1.6304011019167113e-06 2.6582077531312265e-12
total cost: -7.784456750280764
singles alt: [(4, 0), (5, 1), (6, 0), (7, 1), (8, 0), (9, 1), (10, 0), (11, 1), (4, 2), (5, 3), (6, 2), (7, 3), (8, 2), (9, 3), (10, 2), (11, 3)]
length: 16 76
Estimated difference between T3^fnT3 - (T2^WT3 + h.c.) is: -1.6304011018497692e-06 2.6582077529129417e-12
total cost: -7.784456750280796
singles alt: [(4, 0), (5, 1), (6, 0), (7, 1), (8, 0), (9, 1), (10, 0), (11, 1), (4, 2), (5, 3), (6, 2), (7, 3), (8, 2), (9, 3), (10, 2), (11, 3)]
length: 16 76
Estimated difference between T3^fnT3 - (T2^WT3 + h.c.) is: -1.6304011018541128e-06 2.658207752927105e-12
total cost: -7.784456750280882
singles alt: [(4, 0), (5, 1), (6, 0), (7, 1), (8, 0), (9, 1), (10, 0), (11, 1), (4, 2), (5, 3), (6, 2), (7, 3), (8, 2), (9, 3), (10, 2), (11, 3)]
length: 16 76
Estimated difference between T3^fnT3 - (T2^WT3 + h.c.) is: -1.6304011029397802e-06 2.6582077564672516e-12
total cost: -7.784456750276526
singles alt: [(4, 0), (5, 1), (6, 0), (7, 1), (8, 0), (9, 1), (10, 0), (11, 1), (4, 2), (5, 3), (6, 2), (7, 3), (8, 2), (9, 3), (10, 2), (11, 3)]
length: 16 76
Estimated difference between T3^fnT3 - (T2^WT3 + h.c.) is: -1.6304011017209485e-06 2.6582077524928826e-12
total cost: -7.784456750281095
singles alt: [(4, 0), (5, 1), (6, 0), (7, 1), (8, 0), (9, 1), (10, 0), (11, 1), (4, 2), (5, 3), (6, 2), (7, 3), (8, 2), (9, 3), (10, 2), (11, 3)]
length: 16 76
Estimated difference between T3^fnT3 - (T2^WT3 + h.c.) is: -1.6304011016683608e-06 2.6582077523214046e-12
total cost: -7.784456750281075
singles alt: [(4, 0), (5, 1), (6, 0), (7, 1), (8, 0), (9, 1), (10, 0), (11, 1), (4, 2), (5, 3), (6, 2), (7, 3), (8, 2), (9, 3), (10, 2), (11, 3)]
length: 16 76
Estimated difference between T3^fnT3 - (T2^WT3 + h.c.) is: -1.6304011019660578e-06 2.6582077532921354e-12
total cost: -7.784456750280831
singles alt: [(4, 0), (5, 1), (6, 0), (7, 1), (8, 0), (9, 1), (10, 0), (11, 1), (4, 2), (5, 3), (6, 2), (7, 3), (8, 2), (9, 3), (10, 2), (11, 3)]
length: 16 76
Estimated difference between T3^fnT3 - (T2^WT3 + h.c.) is: -1.6304011239712842e-06 2.658207825046827e-12
total cost: -7.784456750280716
singles alt: [(4, 0), (5, 1), (6, 0), (7, 1), (8, 0), (9, 1), (10, 0), (11, 1), (4, 2), (5, 3), (6, 2), (7, 3), (8, 2), (9, 3), (10, 2), (11, 3)]
length: 16 76
Estimated difference between T3^fnT3 - (T2^WT3 + h.c.) is: -1.630401227289941e-06 2.658208161948546e-12
total cost: -7.784456750280918
singles alt: [(4, 0), (5, 1), (6, 0), (7, 1), (8, 0), (9, 1), (10, 0), (11, 1), (4, 2), (5, 3), (6, 2), (7, 3), (8, 2), (9, 3), (10, 2), (11, 3)]
length: 16 76
Estimated difference between T3^fnT3 - (T2^WT3 + h.c.) is: -1.6304012270321307e-06 2.6582081611078772e-12
total cost: -7.784456750280957
singles alt: [(4, 0), (5, 1), (6, 0), (7, 1), (8, 0), (9, 1), (10, 0), (11, 1), (4, 2), (5, 3), (6, 2), (7, 3), (8, 2), (9, 3), (10, 2), (11, 3)]
length: 16 76
Estimated difference between T3^fnT3 - (T2^WT3 + h.c.) is: -1.6304011213658376e-06 2.6582078165509807e-12
total cost: -7.784456750280856
singles alt: [(4, 0), (5, 1), (6, 0), (7, 1), (8, 0), (9, 1), (10, 0), (11, 1), (4, 2), (5, 3), (6, 2), (7, 3), (8, 2), (9, 3), (10, 2), (11, 3)]
length: 16 76
Estimated difference between T3^fnT3 - (T2^WT3 + h.c.) is: -1.63040130131726e-06 2.658208403337015e-12
total cost: -7.784456750278063
singles alt: [(4, 0), (5, 1), (6, 0), (7, 1), (8, 0), (9, 1), (10, 0), (11, 1), (4, 2), (5, 3), (6, 2), (7, 3), (8, 2), (9, 3), (10, 2), (11, 3)]
length: 16 76
Estimated difference between T3^fnT3 - (T2^WT3 + h.c.) is: -1.6304013426620537e-06 2.6582085381542278e-12
total cost: -7.784456750280964
singles alt: [(4, 0), (5, 1), (6, 0), (7, 1), (8, 0), (9, 1), (10, 0), (11, 1), (4, 2), (5, 3), (6, 2), (7, 3), (8, 2), (9, 3), (10, 2), (11, 3)]
length: 16 76
Estimated difference between T3^fnT3 - (T2^WT3 + h.c.) is: -1.6304014485564901e-06 2.6582088834551013e-12
total cost: -7.784456750280865
singles alt: [(4, 0), (5, 1), (6, 0), (7, 1), (8, 0), (9, 1), (10, 0), (11, 1), (4, 2), (5, 3), (6, 2), (7, 3), (8, 2), (9, 3), (10, 2), (11, 3)]
length: 16 76
Estimated difference between T3^fnT3 - (T2^WT3 + h.c.) is: -1.6304012824217384e-06 2.6582083417224493e-12
total cost: -7.7844567502808255
singles alt: [(4, 0), (5, 1), (6, 0), (7, 1), (8, 0), (9, 1), (10, 0), (11, 1), (4, 2), (5, 3), (6, 2), (7, 3), (8, 2), (9, 3), (10, 2), (11, 3)]
length: 16 76
Estimated difference between T3^fnT3 - (T2^WT3 + h.c.) is: -1.6304011018789154e-06 2.6582077530079815e-12
total cost: -7.784456750282335
singles alt: [(4, 0), (5, 1), (6, 0), (7, 1), (8, 0), (9, 1), (10, 0), (11, 1), (4, 2), (5, 3), (6, 2), (7, 3), (8, 2), (9, 3), (10, 2), (11, 3)]
length: 16 76
Estimated difference between T3^fnT3 - (T2^WT3 + h.c.) is: -1.630401101860813e-06 2.6582077529489536e-12
total cost: -7.78445675028084
singles alt: [(4, 0), (5, 1), (6, 0), (7, 1), (8, 0), (9, 1), (10, 0), (11, 1), (4, 2), (5, 3), (6, 2), (7, 3), (8, 2), (9, 3), (10, 2), (11, 3)]
length: 16 76
Estimated difference between T3^fnT3 - (T2^WT3 + h.c.) is: -1.6304011018078955e-06 2.6582077527763996e-12
total cost: -7.784456750280784
singles alt: [(4, 0), (5, 1), (6, 0), (7, 1), (8, 0), (9, 1), (10, 0), (11, 1), (4, 2), (5, 3), (6, 2), (7, 3), (8, 2), (9, 3), (10, 2), (11, 3)]
length: 16 76
Estimated difference between T3^fnT3 - (T2^WT3 + h.c.) is: -1.6304011018179155e-06 2.658207752809073e-12
total cost: -7.784456750280859
singles alt: [(4, 0), (5, 1), (6, 0), (7, 1), (8, 0), (9, 1), (10, 0), (11, 1), (4, 2), (5, 3), (6, 2), (7, 3), (8, 2), (9, 3), (10, 2), (11, 3)]
length: 16 76
Estimated difference between T3^fnT3 - (T2^WT3 + h.c.) is: -1.6304011642867421e-06 2.6582079565075642e-12
total cost: -7.784456750279198
singles alt: [(4, 0), (5, 1), (6, 0), (7, 1), (8, 0), (9, 1), (10, 0), (11, 1), (4, 2), (5, 3), (6, 2), (7, 3), (8, 2), (9, 3), (10, 2), (11, 3)]
length: 16 76
Estimated difference between T3^fnT3 - (T2^WT3 + h.c.) is: -1.6304010660081984e-06 2.6582076360406697e-12
total cost: -7.784456750279498
singles alt: [(4, 0), (5, 1), (6, 0), (7, 1), (8, 0), (9, 1), (10, 0), (11, 1), (4, 2), (5, 3), (6, 2), (7, 3), (8, 2), (9, 3), (10, 2), (11, 3)]
length: 16 76
Estimated difference between T3^fnT3 - (T2^WT3 + h.c.) is: -1.630400915607501e-06 2.6582071456137777e-12
total cost: -7.7844567502810005
singles alt: [(4, 0), (5, 1), (6, 0), (7, 1), (8, 0), (9, 1), (10, 0), (11, 1), (4, 2), (5, 3), (6, 2), (7, 3), (8, 2), (9, 3), (10, 2), (11, 3)]
length: 16 76
Estimated difference between T3^fnT3 - (T2^WT3 + h.c.) is: -1.6304009546075703e-06 2.6582072727852767e-12
total cost: -7.7844567502808175
singles alt: [(4, 0), (5, 1), (6, 0), (7, 1), (8, 0), (9, 1), (10, 0), (11, 1), (4, 2), (5, 3), (6, 2), (7, 3), (8, 2), (9, 3), (10, 2), (11, 3)]
length: 16 76
Estimated difference between T3^fnT3 - (T2^WT3 + h.c.) is: -1.6304011018166179e-06 2.6582077528048416e-12
total cost: -7.784456750282812
singles alt: [(4, 0), (5, 1), (6, 0), (7, 1), (8, 0), (9, 1), (10, 0), (11, 1), (4, 2), (5, 3), (6, 2), (7, 3), (8, 2), (9, 3), (10, 2), (11, 3)]
length: 16 76
Estimated difference between T3^fnT3 - (T2^WT3 + h.c.) is: -1.630401101837465e-06 2.65820775287282e-12
total cost: -7.784456750280812
singles alt: [(4, 0), (5, 1), (6, 0), (7, 1), (8, 0), (9, 1), (10, 0), (11, 1), (4, 2), (5, 3), (6, 2), (7, 3), (8, 2), (9, 3), (10, 2), (11, 3)]
length: 16 76
Estimated difference between T3^fnT3 - (T2^WT3 + h.c.) is: -1.6304011018616482e-06 2.6582077529516766e-12
total cost: -7.784456750280792
singles alt: [(4, 0), (5, 1), (6, 0), (7, 1), (8, 0), (9, 1), (10, 0), (11, 1), (4, 2), (5, 3), (6, 2), (7, 3), (8, 2), (9, 3), (10, 2), (11, 3)]
length: 16 76
Estimated difference between T3^fnT3 - (T2^WT3 + h.c.) is: -1.6304011018460563e-06 2.6582077529008345e-12
total cost: -7.784456750280873
singles alt: [(4, 0), (5, 1), (6, 0), (7, 1), (8, 0), (9, 1), (10, 0), (11, 1), (4, 2), (5, 3), (6, 2), (7, 3), (8, 2), (9, 3), (10, 2), (11, 3)]
length: 16 76
Estimated difference between T3^fnT3 - (T2^WT3 + h.c.) is: -1.6304011018035018e-06 2.6582077527620725e-12
total cost: -7.784456750282616
singles alt: [(4, 0), (5, 1), (6, 0), (7, 1), (8, 0), (9, 1), (10, 0), (11, 1), (4, 2), (5, 3), (6, 2), (7, 3), (8, 2), (9, 3), (10, 2), (11, 3)]
length: 16 76
Estimated difference between T3^fnT3 - (T2^WT3 + h.c.) is: -1.630401101865217e-06 2.6582077529633137e-12
total cost: -7.784456750280797
singles alt: [(4, 0), (5, 1), (6, 0), (7, 1), (8, 0), (9, 1), (10, 0), (11, 1), (4, 2), (5, 3), (6, 2), (7, 3), (8, 2), (9, 3), (10, 2), (11, 3)]
length: 16 76
Estimated difference between T3^fnT3 - (T2^WT3 + h.c.) is: -1.6304011018373083e-06 2.658207752872309e-12
total cost: -7.784456750280738
singles alt: [(4, 0), (5, 1), (6, 0), (7, 1), (8, 0), (9, 1), (10, 0), (11, 1), (4, 2), (5, 3), (6, 2), (7, 3), (8, 2), (9, 3), (10, 2), (11, 3)]
length: 16 76
Estimated difference between T3^fnT3 - (T2^WT3 + h.c.) is: -1.6304011018466096e-06 2.6582077529026387e-12
total cost: -7.78445675028086
singles alt: [(4, 0), (5, 1), (6, 0), (7, 1), (8, 0), (9, 1), (10, 0), (11, 1), (4, 2), (5, 3), (6, 2), (7, 3), (8, 2), (9, 3), (10, 2), (11, 3)]
length: 16 76
Estimated difference between T3^fnT3 - (T2^WT3 + h.c.) is: -1.63040128598032e-06 2.658208353326281e-12
total cost: -7.784456750280821
singles alt: [(4, 0), (5, 1), (6, 0), (7, 1), (8, 0), (9, 1), (10, 0), (11, 1), (4, 2), (5, 3), (6, 2), (7, 3), (8, 2), (9, 3), (10, 2), (11, 3)]
length: 16 76
Estimated difference between T3^fnT3 - (T2^WT3 + h.c.) is: -1.630401133167987e-06 2.658207855035456e-12
total cost: -7.784456750280753
singles alt: [(4, 0), (5, 1), (6, 0), (7, 1), (8, 0), (9, 1), (10, 0), (11, 1), (4, 2), (5, 3), (6, 2), (7, 3), (8, 2), (9, 3), (10, 2), (11, 3)]
length: 16 76
Estimated difference between T3^fnT3 - (T2^WT3 + h.c.) is: -1.6304011331990683e-06 2.658207855136806e-12
total cost: -7.784456750280753
singles alt: [(4, 0), (5, 1), (6, 0), (7, 1), (8, 0), (9, 1), (10, 0), (11, 1), (4, 2), (5, 3), (6, 2), (7, 3), (8, 2), (9, 3), (10, 2), (11, 3)]
length: 16 76
Estimated difference between T3^fnT3 - (T2^WT3 + h.c.) is: -1.630401233964914e-06 2.658208183714314e-12
total cost: -7.784456750280846
singles alt: [(4, 0), (5, 1), (6, 0), (7, 1), (8, 0), (9, 1), (10, 0), (11, 1), (4, 2), (5, 3), (6, 2), (7, 3), (8, 2), (9, 3), (10, 2), (11, 3)]
length: 16 76
Estimated difference between T3^fnT3 - (T2^WT3 + h.c.) is: -1.630401101803546e-06 2.6582077527622167e-12
total cost: -7.784456750280895
singles alt: [(4, 0), (5, 1), (6, 0), (7, 1), (8, 0), (9, 1), (10, 0), (11, 1), (4, 2), (5, 3), (6, 2), (7, 3), (8, 2), (9, 3), (10, 2), (11, 3)]
length: 16 76
Estimated difference between T3^fnT3 - (T2^WT3 + h.c.) is: -1.6304011018032623e-06 2.6582077527612914e-12
total cost: -7.784456750280897
singles alt: [(4, 0), (5, 1), (6, 0), (7, 1), (8, 0), (9, 1), (10, 0), (11, 1), (4, 2), (5, 3), (6, 2), (7, 3), (8, 2), (9, 3), (10, 2), (11, 3)]
length: 16 76
Estimated difference between T3^fnT3 - (T2^WT3 + h.c.) is: -1.6304011018300357e-06 2.6582077528485945e-12
total cost: -7.784456750280834
singles alt: [(4, 0), (5, 1), (6, 0), (7, 1), (8, 0), (9, 1), (10, 0), (11, 1), (4, 2), (5, 3), (6, 2), (7, 3), (8, 2), (9, 3), (10, 2), (11, 3)]
length: 16 76
Estimated difference between T3^fnT3 - (T2^WT3 + h.c.) is: -1.6304011018727041e-06 2.6582077529877277e-12
total cost: -7.78445675028085
singles alt: [(4, 0), (5, 1), (6, 0), (7, 1), (8, 0), (9, 1), (10, 0), (11, 1), (4, 2), (5, 3), (6, 2), (7, 3), (8, 2), (9, 3), (10, 2), (11, 3)]
length: 16 76
Estimated difference between T3^fnT3 - (T2^WT3 + h.c.) is: -1.6304009566789608e-06 2.6582072795396705e-12
total cost: -7.784456750281429
singles alt: [(4, 0), (5, 1), (6, 0), (7, 1), (8, 0), (9, 1), (10, 0), (11, 1), (4, 2), (5, 3), (6, 2), (7, 3), (8, 2), (9, 3), (10, 2), (11, 3)]
length: 16 76
Estimated difference between T3^fnT3 - (T2^WT3 + h.c.) is: -1.6304009569647593e-06 2.658207280471603e-12
total cost: -7.784456750282113
singles alt: [(4, 0), (5, 1), (6, 0), (7, 1), (8, 0), (9, 1), (10, 0), (11, 1), (4, 2), (5, 3), (6, 2), (7, 3), (8, 2), (9, 3), (10, 2), (11, 3)]
length: 16 76
Estimated difference between T3^fnT3 - (T2^WT3 + h.c.) is: -1.6304008220711198e-06 2.658206840610183e-12
total cost: -7.784456750280844
singles alt: [(4, 0), (5, 1), (6, 0), (7, 1), (8, 0), (9, 1), (10, 0), (11, 1), (4, 2), (5, 3), (6, 2), (7, 3), (8, 2), (9, 3), (10, 2), (11, 3)]
length: 16 76
Estimated difference between T3^fnT3 - (T2^WT3 + h.c.) is: -1.630401381287984e-06 2.658208664105766e-12
total cost: -7.784456750280833
singles alt: [(4, 0), (5, 1), (6, 0), (7, 1), (8, 0), (9, 1), (10, 0), (11, 1), (4, 2), (5, 3), (6, 2), (7, 3), (8, 2), (9, 3), (10, 2), (11, 3)]
length: 16 76
Estimated difference between T3^fnT3 - (T2^WT3 + h.c.) is: -1.6304011018493608e-06 2.6582077529116097e-12
total cost: -7.78445675028091
singles alt: [(4, 0), (5, 1), (6, 0), (7, 1), (8, 0), (9, 1), (10, 0), (11, 1), (4, 2), (5, 3), (6, 2), (7, 3), (8, 2), (9, 3), (10, 2), (11, 3)]
length: 16 76
Estimated difference between T3^fnT3 - (T2^WT3 + h.c.) is: -1.6304011018397232e-06 2.6582077528801837e-12
total cost: -7.7844567502808895
singles alt: [(4, 0), (5, 1), (6, 0), (7, 1), (8, 0), (9, 1), (10, 0), (11, 1), (4, 2), (5, 3), (6, 2), (7, 3), (8, 2), (9, 3), (10, 2), (11, 3)]
length: 16 76
Estimated difference between T3^fnT3 - (T2^WT3 + h.c.) is: -1.6304011018108602e-06 2.658207752786067e-12
total cost: -7.784456750280913
singles alt: [(4, 0), (5, 1), (6, 0), (7, 1), (8, 0), (9, 1), (10, 0), (11, 1), (4, 2), (5, 3), (6, 2), (7, 3), (8, 2), (9, 3), (10, 2), (11, 3)]
length: 16 76
Estimated difference between T3^fnT3 - (T2^WT3 + h.c.) is: -1.6304011018493665e-06 2.6582077529116283e-12
total cost: -7.784456750280869
singles alt: [(4, 0), (5, 1), (6, 0), (7, 1), (8, 0), (9, 1), (10, 0), (11, 1), (4, 2), (5, 3), (6, 2), (7, 3), (8, 2), (9, 3), (10, 2), (11, 3)]
length: 16 76
Estimated difference between T3^fnT3 - (T2^WT3 + h.c.) is: -1.630401101855309e-06 2.658207752931006e-12
total cost: -7.784456750280877
singles alt: [(4, 0), (5, 1), (6, 0), (7, 1), (8, 0), (9, 1), (10, 0), (11, 1), (4, 2), (5, 3), (6, 2), (7, 3), (8, 2), (9, 3), (10, 2), (11, 3)]
length: 16 76
Estimated difference between T3^fnT3 - (T2^WT3 + h.c.) is: -1.630401101855309e-06 2.658207752931006e-12
total cost: -7.7844567502810404
singles alt: [(4, 0), (5, 1), (6, 0), (7, 1), (8, 0), (9, 1), (10, 0), (11, 1), (4, 2), (5, 3), (6, 2), (7, 3), (8, 2), (9, 3), (10, 2), (11, 3)]
length: 16 76
Estimated difference between T3^fnT3 - (T2^WT3 + h.c.) is: -1.630401101855309e-06 2.658207752931006e-12
total cost: -7.784456750280799
singles alt: [(4, 0), (5, 1), (6, 0), (7, 1), (8, 0), (9, 1), (10, 0), (11, 1), (4, 2), (5, 3), (6, 2), (7, 3), (8, 2), (9, 3), (10, 2), (11, 3)]
length: 16 76
Estimated difference between T3^fnT3 - (T2^WT3 + h.c.) is: -1.630401101855309e-06 2.658207752931006e-12
total cost: -7.784456750280874
singles alt: [(4, 0), (5, 1), (6, 0), (7, 1), (8, 0), (9, 1), (10, 0), (11, 1), (4, 2), (5, 3), (6, 2), (7, 3), (8, 2), (9, 3), (10, 2), (11, 3)]
length: 16 76
Estimated difference between T3^fnT3 - (T2^WT3 + h.c.) is: -1.630401101855309e-06 2.658207752931006e-12
total cost: -7.784456750281021
singles alt: [(4, 0), (5, 1), (6, 0), (7, 1), (8, 0), (9, 1), (10, 0), (11, 1), (4, 2), (5, 3), (6, 2), (7, 3), (8, 2), (9, 3), (10, 2), (11, 3)]
length: 16 76
Estimated difference between T3^fnT3 - (T2^WT3 + h.c.) is: -1.630401101855309e-06 2.658207752931006e-12
total cost: -7.784456750280857
singles alt: [(4, 0), (5, 1), (6, 0), (7, 1), (8, 0), (9, 1), (10, 0), (11, 1), (4, 2), (5, 3), (6, 2), (7, 3), (8, 2), (9, 3), (10, 2), (11, 3)]
length: 16 76
Estimated difference between T3^fnT3 - (T2^WT3 + h.c.) is: -1.630401101855309e-06 2.658207752931006e-12
total cost: -7.7844567502808
singles alt: [(4, 0), (5, 1), (6, 0), (7, 1), (8, 0), (9, 1), (10, 0), (11, 1), (4, 2), (5, 3), (6, 2), (7, 3), (8, 2), (9, 3), (10, 2), (11, 3)]
length: 16 76
Estimated difference between T3^fnT3 - (T2^WT3 + h.c.) is: -1.630401101855309e-06 2.658207752931006e-12
total cost: -7.784456750280781
singles alt: [(4, 0), (5, 1), (6, 0), (7, 1), (8, 0), (9, 1), (10, 0), (11, 1), (4, 2), (5, 3), (6, 2), (7, 3), (8, 2), (9, 3), (10, 2), (11, 3)]
length: 16 76
Estimated difference between T3^fnT3 - (T2^WT3 + h.c.) is: -1.630401101855309e-06 2.658207752931006e-12
total cost: -7.784456750280855
singles alt: [(4, 0), (5, 1), (6, 0), (7, 1), (8, 0), (9, 1), (10, 0), (11, 1), (4, 2), (5, 3), (6, 2), (7, 3), (8, 2), (9, 3), (10, 2), (11, 3)]
length: 16 76
Estimated difference between T3^fnT3 - (T2^WT3 + h.c.) is: -1.630401101855309e-06 2.658207752931006e-12
total cost: -7.784456750280848
singles alt: [(4, 0), (5, 1), (6, 0), (7, 1), (8, 0), (9, 1), (10, 0), (11, 1), (4, 2), (5, 3), (6, 2), (7, 3), (8, 2), (9, 3), (10, 2), (11, 3)]
length: 16 76
Estimated difference between T3^fnT3 - (T2^WT3 + h.c.) is: -1.630401101855309e-06 2.658207752931006e-12
total cost: -7.78445675028087
singles alt: [(4, 0), (5, 1), (6, 0), (7, 1), (8, 0), (9, 1), (10, 0), (11, 1), (4, 2), (5, 3), (6, 2), (7, 3), (8, 2), (9, 3), (10, 2), (11, 3)]
length: 16 76
Estimated difference between T3^fnT3 - (T2^WT3 + h.c.) is: -1.630401101855309e-06 2.658207752931006e-12
total cost: -7.784456750280867
singles alt: [(4, 0), (5, 1), (6, 0), (7, 1), (8, 0), (9, 1), (10, 0), (11, 1), (4, 2), (5, 3), (6, 2), (7, 3), (8, 2), (9, 3), (10, 2), (11, 3)]
length: 16 76
Estimated difference between T3^fnT3 - (T2^WT3 + h.c.) is: -1.630401101855309e-06 2.658207752931006e-12
total cost: -7.784456750280856
singles alt: [(4, 0), (5, 1), (6, 0), (7, 1), (8, 0), (9, 1), (10, 0), (11, 1), (4, 2), (5, 3), (6, 2), (7, 3), (8, 2), (9, 3), (10, 2), (11, 3)]
length: 16 76
Estimated difference between T3^fnT3 - (T2^WT3 + h.c.) is: -1.630401101855309e-06 2.658207752931006e-12
total cost: -7.7844567502808655
singles alt: [(4, 0), (5, 1), (6, 0), (7, 1), (8, 0), (9, 1), (10, 0), (11, 1), (4, 2), (5, 3), (6, 2), (7, 3), (8, 2), (9, 3), (10, 2), (11, 3)]
length: 16 76
Estimated difference between T3^fnT3 - (T2^WT3 + h.c.) is: -1.630401101855309e-06 2.658207752931006e-12
total cost: -7.784456750280645
singles alt: [(4, 0), (5, 1), (6, 0), (7, 1), (8, 0), (9, 1), (10, 0), (11, 1), (4, 2), (5, 3), (6, 2), (7, 3), (8, 2), (9, 3), (10, 2), (11, 3)]
length: 16 76
Estimated difference between T3^fnT3 - (T2^WT3 + h.c.) is: -1.630401101855309e-06 2.658207752931006e-12
total cost: -7.784456750280643
singles alt: [(4, 0), (5, 1), (6, 0), (7, 1), (8, 0), (9, 1), (10, 0), (11, 1), (4, 2), (5, 3), (6, 2), (7, 3), (8, 2), (9, 3), (10, 2), (11, 3)]
length: 16 76
Estimated difference between T3^fnT3 - (T2^WT3 + h.c.) is: -1.630492937282784e-06 2.658507218529041e-12
total cost: -7.7844567662483835
singles alt: [(4, 0), (5, 1), (6, 0), (7, 1), (8, 0), (9, 1), (10, 0), (11, 1), (4, 2), (5, 3), (6, 2), (7, 3), (8, 2), (9, 3), (10, 2), (11, 3)]
length: 16 76
Estimated difference between T3^fnT3 - (T2^WT3 + h.c.) is: -1.630493271781006e-06 2.6585083093231296e-12
total cost: -7.784456766248338
singles alt: [(4, 0), (5, 1), (6, 0), (7, 1), (8, 0), (9, 1), (10, 0), (11, 1), (4, 2), (5, 3), (6, 2), (7, 3), (8, 2), (9, 3), (10, 2), (11, 3)]
length: 16 76
Estimated difference between T3^fnT3 - (T2^WT3 + h.c.) is: -1.6304930099739378e-06 2.6585074555738716e-12
total cost: -7.784456766248246
singles alt: [(4, 0), (5, 1), (6, 0), (7, 1), (8, 0), (9, 1), (10, 0), (11, 1), (4, 2), (5, 3), (6, 2), (7, 3), (8, 2), (9, 3), (10, 2), (11, 3)]
length: 16 76
Estimated difference between T3^fnT3 - (T2^WT3 + h.c.) is: -1.6304930100054936e-06 2.6585074556767744e-12
total cost: -7.784456766248232
singles alt: [(4, 0), (5, 1), (6, 0), (7, 1), (8, 0), (9, 1), (10, 0), (11, 1), (4, 2), (5, 3), (6, 2), (7, 3), (8, 2), (9, 3), (10, 2), (11, 3)]
length: 16 76
Estimated difference between T3^fnT3 - (T2^WT3 + h.c.) is: -1.6304930042796894e-06 2.658507437005007e-12
total cost: -7.78445676624838
singles alt: [(4, 0), (5, 1), (6, 0), (7, 1), (8, 0), (9, 1), (10, 0), (11, 1), (4, 2), (5, 3), (6, 2), (7, 3), (8, 2), (9, 3), (10, 2), (11, 3)]
length: 16 76
Estimated difference between T3^fnT3 - (T2^WT3 + h.c.) is: -1.6304929372845086e-06 2.6585072185346644e-12
total cost: -7.784456766248366
singles alt: [(4, 0), (5, 1), (6, 0), (7, 1), (8, 0), (9, 1), (10, 0), (11, 1), (4, 2), (5, 3), (6, 2), (7, 3), (8, 2), (9, 3), (10, 2), (11, 3)]
length: 16 76
Estimated difference between T3^fnT3 - (T2^WT3 + h.c.) is: -1.630492937289117e-06 2.658507218549692e-12
total cost: -7.784456766248384
singles alt: [(4, 0), (5, 1), (6, 0), (7, 1), (8, 0), (9, 1), (10, 0), (11, 1), (4, 2), (5, 3), (6, 2), (7, 3), (8, 2), (9, 3), (10, 2), (11, 3)]
length: 16 76
Estimated difference between T3^fnT3 - (T2^WT3 + h.c.) is: -1.630492937293812e-06 2.6585072185650027e-12
total cost: -7.784456766248374
singles alt: [(4, 0), (5, 1), (6, 0), (7, 1), (8, 0), (9, 1), (10, 0), (11, 1), (4, 2), (5, 3), (6, 2), (7, 3), (8, 2), (9, 3), (10, 2), (11, 3)]
length: 16 76
Estimated difference between T3^fnT3 - (T2^WT3 + h.c.) is: -1.6304929372817344e-06 2.658507218525618e-12
total cost: -7.784456766248388
singles alt: [(4, 0), (5, 1), (6, 0), (7, 1), (8, 0), (9, 1), (10, 0), (11, 1), (4, 2), (5, 3), (6, 2), (7, 3), (8, 2), (9, 3), (10, 2), (11, 3)]
length: 16 76
Estimated difference between T3^fnT3 - (T2^WT3 + h.c.) is: -1.6304929372851066e-06 2.658507218536615e-12
total cost: -7.78445676624836
singles alt: [(4, 0), (5, 1), (6, 0), (7, 1), (8, 0), (9, 1), (10, 0), (11, 1), (4, 2), (5, 3), (6, 2), (7, 3), (8, 2), (9, 3), (10, 2), (11, 3)]
length: 16 76
Estimated difference between T3^fnT3 - (T2^WT3 + h.c.) is: -1.6304929372890106e-06 2.6585072185493457e-12
total cost: -7.784456766248379
singles alt: [(4, 0), (5, 1), (6, 0), (7, 1), (8, 0), (9, 1), (10, 0), (11, 1), (4, 2), (5, 3), (6, 2), (7, 3), (8, 2), (9, 3), (10, 2), (11, 3)]
length: 16 76
Estimated difference between T3^fnT3 - (T2^WT3 + h.c.) is: -1.630492937283272e-06 2.658507218530632e-12
total cost: -7.784456766248384
singles alt: [(4, 0), (5, 1), (6, 0), (7, 1), (8, 0), (9, 1), (10, 0), (11, 1), (4, 2), (5, 3), (6, 2), (7, 3), (8, 2), (9, 3), (10, 2), (11, 3)]
length: 16 76
Estimated difference between T3^fnT3 - (T2^WT3 + h.c.) is: -1.6304929372834638e-06 2.6585072185312575e-12
total cost: -7.784456766248378
singles alt: [(4, 0), (5, 1), (6, 0), (7, 1), (8, 0), (9, 1), (10, 0), (11, 1), (4, 2), (5, 3), (6, 2), (7, 3), (8, 2), (9, 3), (10, 2), (11, 3)]
length: 16 76
Estimated difference between T3^fnT3 - (T2^WT3 + h.c.) is: -1.6304929997401141e-06 2.6585074222015158e-12
total cost: -7.784456766248819
singles alt: [(4, 0), (5, 1), (6, 0), (7, 1), (8, 0), (9, 1), (10, 0), (11, 1), (4, 2), (5, 3), (6, 2), (7, 3), (8, 2), (9, 3), (10, 2), (11, 3)]
length: 16 76
Estimated difference between T3^fnT3 - (T2^WT3 + h.c.) is: -1.630492751501856e-06 2.658506612700093e-12
total cost: -7.784456766248345
singles alt: [(4, 0), (5, 1), (6, 0), (7, 1), (8, 0), (9, 1), (10, 0), (11, 1), (4, 2), (5, 3), (6, 2), (7, 3), (8, 2), (9, 3), (10, 2), (11, 3)]
length: 16 76
Estimated difference between T3^fnT3 - (T2^WT3 + h.c.) is: -1.630492901170292e-06 2.6585071007667157e-12
total cost: -7.784456766248434
singles alt: [(4, 0), (5, 1), (6, 0), (7, 1), (8, 0), (9, 1), (10, 0), (11, 1), (4, 2), (5, 3), (6, 2), (7, 3), (8, 2), (9, 3), (10, 2), (11, 3)]
length: 16 76
Estimated difference between T3^fnT3 - (T2^WT3 + h.c.) is: -1.6304927903289232e-06 2.658506739314598e-12
total cost: -7.784456766248396
singles alt: [(4, 0), (5, 1), (6, 0), (7, 1), (8, 0), (9, 1), (10, 0), (11, 1), (4, 2), (5, 3), (6, 2), (7, 3), (8, 2), (9, 3), (10, 2), (11, 3)]
length: 16 76
Estimated difference between T3^fnT3 - (T2^WT3 + h.c.) is: -1.630492937286427e-06 2.6585072185409204e-12
total cost: -7.784456766248346
singles alt: [(4, 0), (5, 1), (6, 0), (7, 1), (8, 0), (9, 1), (10, 0), (11, 1), (4, 2), (5, 3), (6, 2), (7, 3), (8, 2), (9, 3), (10, 2), (11, 3)]
length: 16 76
Estimated difference between T3^fnT3 - (T2^WT3 + h.c.) is: -1.6304929372868337e-06 2.6585072185422468e-12
total cost: -7.7844567662483835
singles alt: [(4, 0), (5, 1), (6, 0), (7, 1), (8, 0), (9, 1), (10, 0), (11, 1), (4, 2), (5, 3), (6, 2), (7, 3), (8, 2), (9, 3), (10, 2), (11, 3)]
length: 16 76
Estimated difference between T3^fnT3 - (T2^WT3 + h.c.) is: -1.6304929373071416e-06 2.65850721860847e-12
total cost: -7.784456766248371
singles alt: [(4, 0), (5, 1), (6, 0), (7, 1), (8, 0), (9, 1), (10, 0), (11, 1), (4, 2), (5, 3), (6, 2), (7, 3), (8, 2), (9, 3), (10, 2), (11, 3)]
length: 16 76
Estimated difference between T3^fnT3 - (T2^WT3 + h.c.) is: -1.6304929372820603e-06 2.6585072185266806e-12
total cost: -7.784456766248391
singles alt: [(4, 0), (5, 1), (6, 0), (7, 1), (8, 0), (9, 1), (10, 0), (11, 1), (4, 2), (5, 3), (6, 2), (7, 3), (8, 2), (9, 3), (10, 2), (11, 3)]
length: 16 76
Estimated difference between T3^fnT3 - (T2^WT3 + h.c.) is: -1.63049313616274e-06 2.6585078670738073e-12
total cost: -7.784456766248374
singles alt: [(4, 0), (5, 1), (6, 0), (7, 1), (8, 0), (9, 1), (10, 0), (11, 1), (4, 2), (5, 3), (6, 2), (7, 3), (8, 2), (9, 3), (10, 2), (11, 3)]
length: 16 76
Estimated difference between T3^fnT3 - (T2^WT3 + h.c.) is: -1.6304932836096134e-06 2.6585083478960593e-12
total cost: -7.784456766248361
singles alt: [(4, 0), (5, 1), (6, 0), (7, 1), (8, 0), (9, 1), (10, 0), (11, 1), (4, 2), (5, 3), (6, 2), (7, 3), (8, 2), (9, 3), (10, 2), (11, 3)]
length: 16 76
Estimated difference between T3^fnT3 - (T2^WT3 + h.c.) is: -1.630493177939986e-06 2.6585080033088345e-12
total cost: -7.7844567662483515
singles alt: [(4, 0), (5, 1), (6, 0), (7, 1), (8, 0), (9, 1), (10, 0), (11, 1), (4, 2), (5, 3), (6, 2), (7, 3), (8, 2), (9, 3), (10, 2), (11, 3)]
length: 16 76
Estimated difference between T3^fnT3 - (T2^WT3 + h.c.) is: -1.6304931176761303e-06 2.658507806789227e-12
total cost: -7.784456766248375
singles alt: [(4, 0), (5, 1), (6, 0), (7, 1), (8, 0), (9, 1), (10, 0), (11, 1), (4, 2), (5, 3), (6, 2), (7, 3), (8, 2), (9, 3), (10, 2), (11, 3)]
length: 16 76
Estimated difference between T3^fnT3 - (T2^WT3 + h.c.) is: -1.6304929593417603e-06 2.6585072904630512e-12
total cost: -7.784456766248401
singles alt: [(4, 0), (5, 1), (6, 0), (7, 1), (8, 0), (9, 1), (10, 0), (11, 1), (4, 2), (5, 3), (6, 2), (7, 3), (8, 2), (9, 3), (10, 2), (11, 3)]
length: 16 76
Estimated difference between T3^fnT3 - (T2^WT3 + h.c.) is: -1.6304930627409348e-06 2.658507627646314e-12
total cost: -7.784456766248371
singles alt: [(4, 0), (5, 1), (6, 0), (7, 1), (8, 0), (9, 1), (10, 0), (11, 1), (4, 2), (5, 3), (6, 2), (7, 3), (8, 2), (9, 3), (10, 2), (11, 3)]
length: 16 76
Estimated difference between T3^fnT3 - (T2^WT3 + h.c.) is: -1.6304930626576812e-06 2.658507627374825e-12
total cost: -7.78445676624838
singles alt: [(4, 0), (5, 1), (6, 0), (7, 1), (8, 0), (9, 1), (10, 0), (11, 1), (4, 2), (5, 3), (6, 2), (7, 3), (8, 2), (9, 3), (10, 2), (11, 3)]
length: 16 76
Estimated difference between T3^fnT3 - (T2^WT3 + h.c.) is: -1.6304929567803496e-06 2.658507282110327e-12
total cost: -7.784456766248384
singles alt: [(4, 0), (5, 1), (6, 0), (7, 1), (8, 0), (9, 1), (10, 0), (11, 1), (4, 2), (5, 3), (6, 2), (7, 3), (8, 2), (9, 3), (10, 2), (11, 3)]
length: 16 76
Estimated difference between T3^fnT3 - (T2^WT3 + h.c.) is: -1.6304929372736238e-06 2.6585072184991696e-12
total cost: -7.784456766248645
singles alt: [(4, 0), (5, 1), (6, 0), (7, 1), (8, 0), (9, 1), (10, 0), (11, 1), (4, 2), (5, 3), (6, 2), (7, 3), (8, 2), (9, 3), (10, 2), (11, 3)]
length: 16 76
Estimated difference between T3^fnT3 - (T2^WT3 + h.c.) is: -1.6304929372743163e-06 2.6585072185014273e-12
total cost: -7.784456766248389
singles alt: [(4, 0), (5, 1), (6, 0), (7, 1), (8, 0), (9, 1), (10, 0), (11, 1), (4, 2), (5, 3), (6, 2), (7, 3), (8, 2), (9, 3), (10, 2), (11, 3)]
length: 16 76
Estimated difference between T3^fnT3 - (T2^WT3 + h.c.) is: -1.6304929372845177e-06 2.6585072185346943e-12
total cost: -7.784456766248383
singles alt: [(4, 0), (5, 1), (6, 0), (7, 1), (8, 0), (9, 1), (10, 0), (11, 1), (4, 2), (5, 3), (6, 2), (7, 3), (8, 2), (9, 3), (10, 2), (11, 3)]
length: 16 76
Estimated difference between T3^fnT3 - (T2^WT3 + h.c.) is: -1.6304929372811501e-06 2.6585072185237127e-12
total cost: -7.784456766248388
singles alt: [(4, 0), (5, 1), (6, 0), (7, 1), (8, 0), (9, 1), (10, 0), (11, 1), (4, 2), (5, 3), (6, 2), (7, 3), (8, 2), (9, 3), (10, 2), (11, 3)]
length: 16 76
Estimated difference between T3^fnT3 - (T2^WT3 + h.c.) is: -1.6304929372702446e-06 2.6585072184881496e-12
total cost: -7.784456766248423
singles alt: [(4, 0), (5, 1), (6, 0), (7, 1), (8, 0), (9, 1), (10, 0), (11, 1), (4, 2), (5, 3), (6, 2), (7, 3), (8, 2), (9, 3), (10, 2), (11, 3)]
length: 16 76
Estimated difference between T3^fnT3 - (T2^WT3 + h.c.) is: -1.630492937298248e-06 2.6585072185794683e-12
total cost: -7.784456766248371
singles alt: [(4, 0), (5, 1), (6, 0), (7, 1), (8, 0), (9, 1), (10, 0), (11, 1), (4, 2), (5, 3), (6, 2), (7, 3), (8, 2), (9, 3), (10, 2), (11, 3)]
length: 16 76
Estimated difference between T3^fnT3 - (T2^WT3 + h.c.) is: -1.6304929372861404e-06 2.6585072185399857e-12
total cost: -7.784456766248381
singles alt: [(4, 0), (5, 1), (6, 0), (7, 1), (8, 0), (9, 1), (10, 0), (11, 1), (4, 2), (5, 3), (6, 2), (7, 3), (8, 2), (9, 3), (10, 2), (11, 3)]
length: 16 76
Estimated difference between T3^fnT3 - (T2^WT3 + h.c.) is: -1.6304929372826591e-06 2.6585072185286334e-12
total cost: -7.78445676624838
singles alt: [(4, 0), (5, 1), (6, 0), (7, 1), (8, 0), (9, 1), (10, 0), (11, 1), (4, 2), (5, 3), (6, 2), (7, 3), (8, 2), (9, 3), (10, 2), (11, 3)]
length: 16 76
Estimated difference between T3^fnT3 - (T2^WT3 + h.c.) is: -1.6304929593455296e-06 2.658507290475343e-12
total cost: -7.784456766248386
singles alt: [(4, 0), (5, 1), (6, 0), (7, 1), (8, 0), (9, 1), (10, 0), (11, 1), (4, 2), (5, 3), (6, 2), (7, 3), (8, 2), (9, 3), (10, 2), (11, 3)]
length: 16 76
Estimated difference between T3^fnT3 - (T2^WT3 + h.c.) is: -1.630493062714073e-06 2.658507627558718e-12
total cost: -7.784456766248386
singles alt: [(4, 0), (5, 1), (6, 0), (7, 1), (8, 0), (9, 1), (10, 0), (11, 1), (4, 2), (5, 3), (6, 2), (7, 3), (8, 2), (9, 3), (10, 2), (11, 3)]
length: 16 76
Estimated difference between T3^fnT3 - (T2^WT3 + h.c.) is: -1.630493062659178e-06 2.6585076273797057e-12
total cost: -7.7844567662483755
singles alt: [(4, 0), (5, 1), (6, 0), (7, 1), (8, 0), (9, 1), (10, 0), (11, 1), (4, 2), (5, 3), (6, 2), (7, 3), (8, 2), (9, 3), (10, 2), (11, 3)]
length: 16 76
Estimated difference between T3^fnT3 - (T2^WT3 + h.c.) is: -1.6304929567822133e-06 2.6585072821164046e-12
total cost: -7.78445676624838
singles alt: [(4, 0), (5, 1), (6, 0), (7, 1), (8, 0), (9, 1), (10, 0), (11, 1), (4, 2), (5, 3), (6, 2), (7, 3), (8, 2), (9, 3), (10, 2), (11, 3)]
length: 16 76
Estimated difference between T3^fnT3 - (T2^WT3 + h.c.) is: -1.6304931361977453e-06 2.6585078671879594e-12
total cost: -7.784456766248427
singles alt: [(4, 0), (5, 1), (6, 0), (7, 1), (8, 0), (9, 1), (10, 0), (11, 1), (4, 2), (5, 3), (6, 2), (7, 3), (8, 2), (9, 3), (10, 2), (11, 3)]
length: 16 76
Estimated difference between T3^fnT3 - (T2^WT3 + h.c.) is: -1.6304931781405832e-06 2.6585080039629797e-12
total cost: -7.784456766248348
singles alt: [(4, 0), (5, 1), (6, 0), (7, 1), (8, 0), (9, 1), (10, 0), (11, 1), (4, 2), (5, 3), (6, 2), (7, 3), (8, 2), (9, 3), (10, 2), (11, 3)]
length: 16 76
Estimated difference between T3^fnT3 - (T2^WT3 + h.c.) is: -1.6304932838484405e-06 2.6585083486748712e-12
total cost: -7.784456766248351
singles alt: [(4, 0), (5, 1), (6, 0), (7, 1), (8, 0), (9, 1), (10, 0), (11, 1), (4, 2), (5, 3), (6, 2), (7, 3), (8, 2), (9, 3), (10, 2), (11, 3)]
length: 16 76
Estimated difference between T3^fnT3 - (T2^WT3 + h.c.) is: -1.6304931177849118e-06 2.658507807143962e-12
total cost: -7.784456766248376
singles alt: [(4, 0), (5, 1), (6, 0), (7, 1), (8, 0), (9, 1), (10, 0), (11, 1), (4, 2), (5, 3), (6, 2), (7, 3), (8, 2), (9, 3), (10, 2), (11, 3)]
length: 16 76
Estimated difference between T3^fnT3 - (T2^WT3 + h.c.) is: -1.6304929372778251e-06 2.6585072185128697e-12
total cost: -7.784456766248573
singles alt: [(4, 0), (5, 1), (6, 0), (7, 1), (8, 0), (9, 1), (10, 0), (11, 1), (4, 2), (5, 3), (6, 2), (7, 3), (8, 2), (9, 3), (10, 2), (11, 3)]
length: 16 76
Estimated difference between T3^fnT3 - (T2^WT3 + h.c.) is: -1.6304929372783316e-06 2.6585072185145217e-12
total cost: -7.784456766248393
singles alt: [(4, 0), (5, 1), (6, 0), (7, 1), (8, 0), (9, 1), (10, 0), (11, 1), (4, 2), (5, 3), (6, 2), (7, 3), (8, 2), (9, 3), (10, 2), (11, 3)]
length: 16 76
Estimated difference between T3^fnT3 - (T2^WT3 + h.c.) is: -1.6304929372827294e-06 2.658507218528863e-12
total cost: -7.78445676624837
singles alt: [(4, 0), (5, 1), (6, 0), (7, 1), (8, 0), (9, 1), (10, 0), (11, 1), (4, 2), (5, 3), (6, 2), (7, 3), (8, 2), (9, 3), (10, 2), (11, 3)]
length: 16 76
Estimated difference between T3^fnT3 - (T2^WT3 + h.c.) is: -1.6304929372825969e-06 2.6585072185284303e-12
total cost: -7.784456766248379
singles alt: [(4, 0), (5, 1), (6, 0), (7, 1), (8, 0), (9, 1), (10, 0), (11, 1), (4, 2), (5, 3), (6, 2), (7, 3), (8, 2), (9, 3), (10, 2), (11, 3)]
length: 16 76
Estimated difference between T3^fnT3 - (T2^WT3 + h.c.) is: -1.630492999697805e-06 2.6585074220635463e-12
total cost: -7.784456766247998
singles alt: [(4, 0), (5, 1), (6, 0), (7, 1), (8, 0), (9, 1), (10, 0), (11, 1), (4, 2), (5, 3), (6, 2), (7, 3), (8, 2), (9, 3), (10, 2), (11, 3)]
length: 16 76
Estimated difference between T3^fnT3 - (T2^WT3 + h.c.) is: -1.6304929011091943e-06 2.6585071005674767e-12
total cost: -7.784456766248511
singles alt: [(4, 0), (5, 1), (6, 0), (7, 1), (8, 0), (9, 1), (10, 0), (11, 1), (4, 2), (5, 3), (6, 2), (7, 3), (8, 2), (9, 3), (10, 2), (11, 3)]
length: 16 76
Estimated difference between T3^fnT3 - (T2^WT3 + h.c.) is: -1.6304927512161981e-06 2.658506611768567e-12
total cost: -7.784456766248528
singles alt: [(4, 0), (5, 1), (6, 0), (7, 1), (8, 0), (9, 1), (10, 0), (11, 1), (4, 2), (5, 3), (6, 2), (7, 3), (8, 2), (9, 3), (10, 2), (11, 3)]
length: 16 76
Estimated difference between T3^fnT3 - (T2^WT3 + h.c.) is: -1.6304927900295373e-06 2.6585067383383046e-12
total cost: -7.784456766248364
singles alt: [(4, 0), (5, 1), (6, 0), (7, 1), (8, 0), (9, 1), (10, 0), (11, 1), (4, 2), (5, 3), (6, 2), (7, 3), (8, 2), (9, 3), (10, 2), (11, 3)]
length: 16 76
Estimated difference between T3^fnT3 - (T2^WT3 + h.c.) is: -1.6304929372786357e-06 2.6585072185155132e-12
total cost: -7.784456766248619
singles alt: [(4, 0), (5, 1), (6, 0), (7, 1), (8, 0), (9, 1), (10, 0), (11, 1), (4, 2), (5, 3), (6, 2), (7, 3), (8, 2), (9, 3), (10, 2), (11, 3)]
length: 16 76
Estimated difference between T3^fnT3 - (T2^WT3 + h.c.) is: -1.6304929372844174e-06 2.658507218534367e-12
total cost: -7.784456766248374
singles alt: [(4, 0), (5, 1), (6, 0), (7, 1), (8, 0), (9, 1), (10, 0), (11, 1), (4, 2), (5, 3), (6, 2), (7, 3), (8, 2), (9, 3), (10, 2), (11, 3)]
length: 16 76
Estimated difference between T3^fnT3 - (T2^WT3 + h.c.) is: -1.6304929372797991e-06 2.658507218519307e-12
total cost: -7.784456766248384
singles alt: [(4, 0), (5, 1), (6, 0), (7, 1), (8, 0), (9, 1), (10, 0), (11, 1), (4, 2), (5, 3), (6, 2), (7, 3), (8, 2), (9, 3), (10, 2), (11, 3)]
length: 16 76
Estimated difference between T3^fnT3 - (T2^WT3 + h.c.) is: -1.6304929372813649e-06 2.6585072185244127e-12
total cost: -7.784456766248385
singles alt: [(4, 0), (5, 1), (6, 0), (7, 1), (8, 0), (9, 1), (10, 0), (11, 1), (4, 2), (5, 3), (6, 2), (7, 3), (8, 2), (9, 3), (10, 2), (11, 3)]
length: 16 76
Estimated difference between T3^fnT3 - (T2^WT3 + h.c.) is: -1.6304929372756931e-06 2.6585072185059175e-12
total cost: -7.784456766248599
singles alt: [(4, 0), (5, 1), (6, 0), (7, 1), (8, 0), (9, 1), (10, 0), (11, 1), (4, 2), (5, 3), (6, 2), (7, 3), (8, 2), (9, 3), (10, 2), (11, 3)]
length: 16 76
Estimated difference between T3^fnT3 - (T2^WT3 + h.c.) is: -1.6304929372845946e-06 2.658507218534945e-12
total cost: -7.784456766248374
singles alt: [(4, 0), (5, 1), (6, 0), (7, 1), (8, 0), (9, 1), (10, 0), (11, 1), (4, 2), (5, 3), (6, 2), (7, 3), (8, 2), (9, 3), (10, 2), (11, 3)]
length: 16 76
Estimated difference between T3^fnT3 - (T2^WT3 + h.c.) is: -1.6304929372831013e-06 2.6585072185300753e-12
total cost: -7.78445676624836
singles alt: [(4, 0), (5, 1), (6, 0), (7, 1), (8, 0), (9, 1), (10, 0), (11, 1), (4, 2), (5, 3), (6, 2), (7, 3), (8, 2), (9, 3), (10, 2), (11, 3)]
length: 16 76
Estimated difference between T3^fnT3 - (T2^WT3 + h.c.) is: -1.6304929372826682e-06 2.658507218528663e-12
total cost: -7.784456766248378
singles alt: [(4, 0), (5, 1), (6, 0), (7, 1), (8, 0), (9, 1), (10, 0), (11, 1), (4, 2), (5, 3), (6, 2), (7, 3), (8, 2), (9, 3), (10, 2), (11, 3)]
length: 16 76
Estimated difference between T3^fnT3 - (T2^WT3 + h.c.) is: -1.6304931214059971e-06 2.658507818952272e-12
total cost: -7.7844567662484
singles alt: [(4, 0), (5, 1), (6, 0), (7, 1), (8, 0), (9, 1), (10, 0), (11, 1), (4, 2), (5, 3), (6, 2), (7, 3), (8, 2), (9, 3), (10, 2), (11, 3)]
length: 16 76
Estimated difference between T3^fnT3 - (T2^WT3 + h.c.) is: -1.6304929689872214e-06 2.658507321916764e-12
total cost: -7.784456766248408
singles alt: [(4, 0), (5, 1), (6, 0), (7, 1), (8, 0), (9, 1), (10, 0), (11, 1), (4, 2), (5, 3), (6, 2), (7, 3), (8, 2), (9, 3), (10, 2), (11, 3)]
length: 16 76
Estimated difference between T3^fnT3 - (T2^WT3 + h.c.) is: -1.6304929689375552e-06 2.658507321754803e-12
total cost: -7.784456766248508
singles alt: [(4, 0), (5, 1), (6, 0), (7, 1), (8, 0), (9, 1), (10, 0), (11, 1), (4, 2), (5, 3), (6, 2), (7, 3), (8, 2), (9, 3), (10, 2), (11, 3)]
length: 16 76
Estimated difference between T3^fnT3 - (T2^WT3 + h.c.) is: -1.6304930693898717e-06 2.6585076493284053e-12
total cost: -7.784456766248392
singles alt: [(4, 0), (5, 1), (6, 0), (7, 1), (8, 0), (9, 1), (10, 0), (11, 1), (4, 2), (5, 3), (6, 2), (7, 3), (8, 2), (9, 3), (10, 2), (11, 3)]
length: 16 76
Estimated difference between T3^fnT3 - (T2^WT3 + h.c.) is: -1.630492937298896e-06 2.6585072185815815e-12
total cost: -7.784456766248377
singles alt: [(4, 0), (5, 1), (6, 0), (7, 1), (8, 0), (9, 1), (10, 0), (11, 1), (4, 2), (5, 3), (6, 2), (7, 3), (8, 2), (9, 3), (10, 2), (11, 3)]
length: 16 76
Estimated difference between T3^fnT3 - (T2^WT3 + h.c.) is: -1.630492937296242e-06 2.6585072185729268e-12
total cost: -7.784456766248375
singles alt: [(4, 0), (5, 1), (6, 0), (7, 1), (8, 0), (9, 1), (10, 0), (11, 1), (4, 2), (5, 3), (6, 2), (7, 3), (8, 2), (9, 3), (10, 2), (11, 3)]
length: 16 76
Estimated difference between T3^fnT3 - (T2^WT3 + h.c.) is: -1.6304929372701305e-06 2.6585072184877776e-12
total cost: -7.784456766248392
singles alt: [(4, 0), (5, 1), (6, 0), (7, 1), (8, 0), (9, 1), (10, 0), (11, 1), (4, 2), (5, 3), (6, 2), (7, 3), (8, 2), (9, 3), (10, 2), (11, 3)]
length: 16 76
Estimated difference between T3^fnT3 - (T2^WT3 + h.c.) is: -1.630492937285072e-06 2.6585072185365013e-12
total cost: -7.784456766248382
singles alt: [(4, 0), (5, 1), (6, 0), (7, 1), (8, 0), (9, 1), (10, 0), (11, 1), (4, 2), (5, 3), (6, 2), (7, 3), (8, 2), (9, 3), (10, 2), (11, 3)]
length: 16 76
Estimated difference between T3^fnT3 - (T2^WT3 + h.c.) is: -1.6304927922945214e-06 2.6585067457243853e-12
total cost: -7.784456766248235
singles alt: [(4, 0), (5, 1), (6, 0), (7, 1), (8, 0), (9, 1), (10, 0), (11, 1), (4, 2), (5, 3), (6, 2), (7, 3), (8, 2), (9, 3), (10, 2), (11, 3)]
length: 16 76
Estimated difference between T3^fnT3 - (T2^WT3 + h.c.) is: -1.630492792574896e-06 2.6585067466386832e-12
total cost: -7.7844567662483675
singles alt: [(4, 0), (5, 1), (6, 0), (7, 1), (8, 0), (9, 1), (10, 0), (11, 1), (4, 2), (5, 3), (6, 2), (7, 3), (8, 2), (9, 3), (10, 2), (11, 3)]
length: 16 76
Estimated difference between T3^fnT3 - (T2^WT3 + h.c.) is: -1.6304926575068885e-06 2.6585063061838755e-12
total cost: -7.784456766248383
singles alt: [(4, 0), (5, 1), (6, 0), (7, 1), (8, 0), (9, 1), (10, 0), (11, 1), (4, 2), (5, 3), (6, 2), (7, 3), (8, 2), (9, 3), (10, 2), (11, 3)]
length: 16 76
Estimated difference between T3^fnT3 - (T2^WT3 + h.c.) is: -1.63049321669256e-06 2.6585081296804515e-12
total cost: -7.78445676624838
singles alt: [(4, 0), (5, 1), (6, 0), (7, 1), (8, 0), (9, 1), (10, 0), (11, 1), (4, 2), (5, 3), (6, 2), (7, 3), (8, 2), (9, 3), (10, 2), (11, 3)]
length: 16 76
Estimated difference between T3^fnT3 - (T2^WT3 + h.c.) is: -1.6304929372763657e-06 2.6585072185081106e-12
total cost: -7.7844567662483914
singles alt: [(4, 0), (5, 1), (6, 0), (7, 1), (8, 0), (9, 1), (10, 0), (11, 1), (4, 2), (5, 3), (6, 2), (7, 3), (8, 2), (9, 3), (10, 2), (11, 3)]
length: 16 76
Estimated difference between T3^fnT3 - (T2^WT3 + h.c.) is: -1.6304929372727582e-06 2.6585072184963463e-12
total cost: -7.784456766248398
singles alt: [(4, 0), (5, 1), (6, 0), (7, 1), (8, 0), (9, 1), (10, 0), (11, 1), (4, 2), (5, 3), (6, 2), (7, 3), (8, 2), (9, 3), (10, 2), (11, 3)]
length: 16 76
Estimated difference between T3^fnT3 - (T2^WT3 + h.c.) is: -1.630492937277129e-06 2.6585072185106e-12
total cost: -7.784456766248397
singles alt: [(4, 0), (5, 1), (6, 0), (7, 1), (8, 0), (9, 1), (10, 0), (11, 1), (4, 2), (5, 3), (6, 2), (7, 3), (8, 2), (9, 3), (10, 2), (11, 3)]
length: 16 76
Estimated difference between T3^fnT3 - (T2^WT3 + h.c.) is: -1.6304929372811082e-06 2.658507218523576e-12
total cost: -7.784456766248386
singles alt: [(4, 0), (5, 1), (6, 0), (7, 1), (8, 0), (9, 1), (10, 0), (11, 1), (4, 2), (5, 3), (6, 2), (7, 3), (8, 2), (9, 3), (10, 2), (11, 3)]
length: 16 76
Estimated difference between T3^fnT3 - (T2^WT3 + h.c.) is: -1.630492937282784e-06 2.658507218529041e-12
total cost: -7.7844567662483355
singles alt: [(4, 0), (5, 1), (6, 0), (7, 1), (8, 0), (9, 1), (10, 0), (11, 1), (4, 2), (5, 3), (6, 2), (7, 3), (8, 2), (9, 3), (10, 2), (11, 3)]
length: 16 76
Estimated difference between T3^fnT3 - (T2^WT3 + h.c.) is: -1.630492937282784e-06 2.658507218529041e-12
total cost: -7.784456766248378
singles alt: [(4, 0), (5, 1), (6, 0), (7, 1), (8, 0), (9, 1), (10, 0), (11, 1), (4, 2), (5, 3), (6, 2), (7, 3), (8, 2), (9, 3), (10, 2), (11, 3)]
length: 16 76
Estimated difference between T3^fnT3 - (T2^WT3 + h.c.) is: -1.630492937282784e-06 2.658507218529041e-12
total cost: -7.7844567662483755
singles alt: [(4, 0), (5, 1), (6, 0), (7, 1), (8, 0), (9, 1), (10, 0), (11, 1), (4, 2), (5, 3), (6, 2), (7, 3), (8, 2), (9, 3), (10, 2), (11, 3)]
length: 16 76
Estimated difference between T3^fnT3 - (T2^WT3 + h.c.) is: -1.630492937282784e-06 2.658507218529041e-12
total cost: -7.784456766248349
singles alt: [(4, 0), (5, 1), (6, 0), (7, 1), (8, 0), (9, 1), (10, 0), (11, 1), (4, 2), (5, 3), (6, 2), (7, 3), (8, 2), (9, 3), (10, 2), (11, 3)]
length: 16 76
Estimated difference between T3^fnT3 - (T2^WT3 + h.c.) is: -1.630492937282784e-06 2.658507218529041e-12
total cost: -7.784456766248373
singles alt: [(4, 0), (5, 1), (6, 0), (7, 1), (8, 0), (9, 1), (10, 0), (11, 1), (4, 2), (5, 3), (6, 2), (7, 3), (8, 2), (9, 3), (10, 2), (11, 3)]
length: 16 76
Estimated difference between T3^fnT3 - (T2^WT3 + h.c.) is: -1.630492937282784e-06 2.658507218529041e-12
total cost: -7.784456766248375
singles alt: [(4, 0), (5, 1), (6, 0), (7, 1), (8, 0), (9, 1), (10, 0), (11, 1), (4, 2), (5, 3), (6, 2), (7, 3), (8, 2), (9, 3), (10, 2), (11, 3)]
length: 16 76
Estimated difference between T3^fnT3 - (T2^WT3 + h.c.) is: -1.630492937282784e-06 2.658507218529041e-12
total cost: -7.784456766248718
singles alt: [(4, 0), (5, 1), (6, 0), (7, 1), (8, 0), (9, 1), (10, 0), (11, 1), (4, 2), (5, 3), (6, 2), (7, 3), (8, 2), (9, 3), (10, 2), (11, 3)]
length: 16 76
Estimated difference between T3^fnT3 - (T2^WT3 + h.c.) is: -1.630492937282784e-06 2.658507218529041e-12
total cost: -7.7844567662486766
singles alt: [(4, 0), (5, 1), (6, 0), (7, 1), (8, 0), (9, 1), (10, 0), (11, 1), (4, 2), (5, 3), (6, 2), (7, 3), (8, 2), (9, 3), (10, 2), (11, 3)]
length: 16 76
Estimated difference between T3^fnT3 - (T2^WT3 + h.c.) is: -1.630492937282784e-06 2.658507218529041e-12
total cost: -7.784456766248392
singles alt: [(4, 0), (5, 1), (6, 0), (7, 1), (8, 0), (9, 1), (10, 0), (11, 1), (4, 2), (5, 3), (6, 2), (7, 3), (8, 2), (9, 3), (10, 2), (11, 3)]
length: 16 76
Estimated difference between T3^fnT3 - (T2^WT3 + h.c.) is: -1.630492937282784e-06 2.658507218529041e-12
total cost: -7.784456766248393
singles alt: [(4, 0), (5, 1), (6, 0), (7, 1), (8, 0), (9, 1), (10, 0), (11, 1), (4, 2), (5, 3), (6, 2), (7, 3), (8, 2), (9, 3), (10, 2), (11, 3)]
length: 16 76
Estimated difference between T3^fnT3 - (T2^WT3 + h.c.) is: -1.630492937282784e-06 2.658507218529041e-12
total cost: -7.784456766248383
singles alt: [(4, 0), (5, 1), (6, 0), (7, 1), (8, 0), (9, 1), (10, 0), (11, 1), (4, 2), (5, 3), (6, 2), (7, 3), (8, 2), (9, 3), (10, 2), (11, 3)]
length: 16 76
Estimated difference between T3^fnT3 - (T2^WT3 + h.c.) is: -1.630492937282784e-06 2.658507218529041e-12
total cost: -7.784456766248381
singles alt: [(4, 0), (5, 1), (6, 0), (7, 1), (8, 0), (9, 1), (10, 0), (11, 1), (4, 2), (5, 3), (6, 2), (7, 3), (8, 2), (9, 3), (10, 2), (11, 3)]
length: 16 76
Estimated difference between T3^fnT3 - (T2^WT3 + h.c.) is: -1.630492937282784e-06 2.658507218529041e-12
total cost: -7.784456766248379
singles alt: [(4, 0), (5, 1), (6, 0), (7, 1), (8, 0), (9, 1), (10, 0), (11, 1), (4, 2), (5, 3), (6, 2), (7, 3), (8, 2), (9, 3), (10, 2), (11, 3)]
length: 16 76
Estimated difference between T3^fnT3 - (T2^WT3 + h.c.) is: -1.630492937282784e-06 2.658507218529041e-12
total cost: -7.784456766248383
singles alt: [(4, 0), (5, 1), (6, 0), (7, 1), (8, 0), (9, 1), (10, 0), (11, 1), (4, 2), (5, 3), (6, 2), (7, 3), (8, 2), (9, 3), (10, 2), (11, 3)]
length: 16 76
Estimated difference between T3^fnT3 - (T2^WT3 + h.c.) is: -1.630492937282784e-06 2.658507218529041e-12
total cost: -7.784456766248277
singles alt: [(4, 0), (5, 1), (6, 0), (7, 1), (8, 0), (9, 1), (10, 0), (11, 1), (4, 2), (5, 3), (6, 2), (7, 3), (8, 2), (9, 3), (10, 2), (11, 3)]
length: 16 76
Estimated difference between T3^fnT3 - (T2^WT3 + h.c.) is: -1.630492937282784e-06 2.658507218529041e-12
total cost: -7.784456766248275
singles alt: [(4, 0), (5, 1), (6, 0), (7, 1), (8, 0), (9, 1), (10, 0), (11, 1), (4, 2), (5, 3), (6, 2), (7, 3), (8, 2), (9, 3), (10, 2), (11, 3)]
callback: energy=-7.784455135755
Optimization terminated successfully.
         Current function value: -7.784457
         Iterations: 22
         Function evaluations: 2883
         Gradient evaluations: 31
Optimization finished in 1068.45 s
Success: True
Final energy: -7.7844567662483835
(4, 5, 0, 1) | 0.0033712945685925
(4, 5, 0, 3) | 0.0005241322172087
(4, 5, 2, 1) | 0.0005243158863866
(4, 5, 2, 3) | 0.0223652036014633
(4, 7, 0, 1) | 0.0000001082152457
(4, 7, 0, 3) | -0.0000000121678395
(4, 7, 2, 1) | 0.0000001208345444
(4, 7, 2, 3) | -0.0000002344332851
(4, 9, 0, 1) | 0.0000001237678747
(4, 9, 0, 3) | 0.0000000425830941
(4, 9, 2, 1) | -0.0000000158846584
(4, 9, 2, 3) | 0.0000002370765759
(4, 11, 0, 1) | 0.0015982883079550
(4, 11, 0, 3) | -0.0042063253004598
(4, 11, 2, 1) | -0.0014624893023152
(4, 11, 2, 3) | -0.0433063968585021
(6, 5, 0, 1) | 0.0000002308363959
(6, 5, 0, 3) | 0.0000000136795479
(6, 5, 2, 1) | 0.0000001882145641
(6, 5, 2, 3) | -0.0000003110120190
(6, 7, 0, 1) | 0.0017344506096953
(6, 7, 0, 3) | 0.0029830852185931
(6, 7, 2, 1) | 0.0029814561380678
(6, 7, 2, 3) | 0.0363695721941476
(6, 9, 0, 1) | 0.0000001237949831
(6, 9, 0, 3) | 0.0000019055029233
(6, 9, 2, 1) | 0.0000017939595284
(6, 9, 2, 3) | 0.0000007557803771
(6, 11, 0, 1) | -0.0000014929694125
(6, 11, 0, 3) | -0.0000001735440325
(6, 11, 2, 1) | -0.0000001023953638
(6, 11, 2, 3) | -0.0000001642168465
(8, 5, 0, 1) | -0.0000002663953386
(8, 5, 0, 3) | 0.0000001718180800
(8, 5, 2, 1) | 0.0000000248147939
(8, 5, 2, 3) | 0.0000002071827425
(8, 7, 0, 1) | 0.0000001988395130
(8, 7, 0, 3) | 0.0000016239970805
(8, 7, 2, 1) | 0.0000018096459528
(8, 7, 2, 3) | 0.0000011735913692
(8, 9, 0, 1) | 0.0017324937068499
(8, 9, 0, 3) | 0.0029839413051786
(8, 9, 2, 1) | 0.0029851424016349
(8, 9, 2, 3) | 0.0363940507778081
(8, 11, 0, 1) | -0.0000010997849266
(8, 11, 0, 3) | -0.0000001968760120
(8, 11, 2, 1) | 0.0000000738184921
(8, 11, 2, 3) | 0.0000001694897073
(10, 5, 0, 1) | 0.0016033490163744
(10, 5, 0, 3) | -0.0014668435430637
(10, 5, 2, 1) | -0.0042179454415747
(10, 5, 2, 3) | -0.0434042896844522
(10, 7, 0, 1) | -0.0000013495947006
(10, 7, 0, 3) | 0.0000000137735695
(10, 7, 2, 1) | -0.0000001330222744
(10, 7, 2, 3) | -0.0000000371357973
(10, 9, 0, 1) | -0.0000012347052431
(10, 9, 0, 3) | 0.0000000213301468
(10, 9, 2, 1) | 0.0000001864191555
(10, 9, 2, 3) | 0.0000001873489850
(10, 11, 0, 1) | 0.0007895426810200
(10, 11, 0, 3) | 0.0029534468334429
(10, 11, 2, 1) | 0.0029524389840198
(10, 11, 2, 3) | 0.0969062822441349
(4, 6, 0, 2) | 0.0000000954145323
(5, 7, 1, 3) | 0.0000001008700462
(4, 8, 0, 2) | -0.0000001419703391
(5, 9, 1, 3) | -0.0000000032329039
(4, 10, 0, 2) | -0.0027660060141883
(5, 11, 1, 3) | -0.0027675604187553
(6, 8, 0, 2) | -0.0000040153552005
(7, 9, 1, 3) | 0.0000039584616350
(6, 10, 0, 2) | -0.0000001148868352
(7, 11, 1, 3) | -0.0000001974751808
(8, 10, 0, 2) | -0.0000001630894548
(9, 11, 1, 3) | -0.0000000355256885
(4, 0)         | 0.0004703160434667
(5, 1)         | 0.0004698690501247
(6, 0)         | 0.0000000822265463
(7, 1)         | 0.0000004484945347
(8, 0)         | 0.0000000692114350
(9, 1)         | 0.0000000601261241
(10, 0)        | -0.0005073795432639
(11, 1)        | -0.0005070742066071
(4, 2)         | 0.0298884285928797
(5, 3)         | 0.0298874035929341
(6, 2)         | 0.0000002882250876
(7, 3)         | 0.0000002391625466
(8, 2)         | 0.0000004110644056
(9, 3)         | 0.0000001060948653
(10, 2)        | 0.0010021022185166
(11, 3)        | 0.0010025515040179
None
singles alt: [(4, 0), (5, 1), (6, 0), (7, 1), (8, 0), (9, 1), (10, 0), (11, 1), (4, 2), (5, 3), (6, 2), (7, 3), (8, 2), (9, 3), (10, 2), (11, 3)]
Final evaluation of (unbiased) <H>: -7.784455135755446
