converged SCF energy = -7.76736213574856
[[ 0.04003959  0.5461471  -0.13924768  0.         -0.          1.4724109 ]
 [ 0.9853072  -0.25570637 -0.1918667   0.         -0.         -0.12962715]
 [ 0.0184864   0.38797506  0.8356816   0.         -0.         -0.9277768 ]
 [-0.         -0.         -0.          0.          1.         -0.        ]
 [-0.         -0.         -0.          1.         -0.         -0.        ]
 [ 0.01662528 -0.37913547  0.5879016   0.         -0.          1.12079023]]
<class 'pyscf.gto.mole.Mole'> <class 'pyscf.scf.hf.RHF'>
 ecore:   0.27849071
h1!!! [[ 7.22854815e-01 -5.25480058e-02 -6.54284215e-02  0.00000000e+00
   0.00000000e+00 -1.56579337e-03]
 [-5.25480058e-02  2.11116909e+00 -8.05212764e-02  0.00000000e+00
   0.00000000e+00  3.05681850e-01]
 [-6.54284215e-02 -8.05212764e-02  1.92372024e+00  0.00000000e+00
   0.00000000e+00  1.92419121e-02]
 [ 0.00000000e+00  0.00000000e+00  0.00000000e+00  2.06518172e+00
   0.00000000e+00  0.00000000e+00]
 [ 0.00000000e+00  0.00000000e+00  0.00000000e+00  0.00000000e+00
   2.06518172e+00  0.00000000e+00]
 [-1.56579337e-03  3.05681850e-01  1.92419121e-02  0.00000000e+00
   0.00000000e+00  2.57357566e+00]]
SCF energy pycc: -7.767362135748562 -7.767362135748562
dropcore: 0
calctype: None
dropcore: 0
n_mo=6, n_spin_orbitals=12, n_electrons=4
[-2.37089933 -2.37089933 -0.31665704 -0.31665704  0.07684843  0.07684843
  0.15793876  0.15793876  0.15793876  0.15793876  0.61299931  0.61299931]
geo: [['H', [0, 0, 0]], ['Li', [0, 0, 1]]]
Original Hamiltonian shape: (4096, 4096)
Restricted Hamiltonian shape: (225, 225)
hf_index: 3840
restrict sz: (225,)
e cmp: -7.784460280031228
<1100|H|1100> = (-7.767362135748559+0j)

nelectrons: 4
singles alt: [(4, 0), (5, 1), (6, 0), (7, 1), (8, 0), (9, 1), (10, 0), (11, 1), (4, 2), (5, 3), (6, 2), (7, 3), (8, 2), (9, 3), (10, 2), (11, 3)]
singles alt: [(4, 0), (5, 1), (6, 0), (7, 1), (8, 0), (9, 1), (10, 0), (11, 1), (4, 2), (5, 3), (6, 2), (7, 3), (8, 2), (9, 3), (10, 2), (11, 3)]
singles alt: [(4, 0), (5, 1), (6, 0), (7, 1), (8, 0), (9, 1), (10, 0), (11, 1), (4, 2), (5, 3), (6, 2), (7, 3), (8, 2), (9, 3), (10, 2), (11, 3)]
Energy at theta=0 (should be HF energy): -7.767362135749  PySCF RHF energy: -7.767362135749,-7.767362135749
Starting optimization... (this may take some time for larger ansatz sizes)
singles alt: [(4, 0), (5, 1), (6, 0), (7, 1), (8, 0), (9, 1), (10, 0), (11, 1), (4, 2), (5, 3), (6, 2), (7, 3), (8, 2), (9, 3), (10, 2), (11, 3)]
length: 16 76
Estimated difference between T3^fnT3 - (T2^WT3 + h.c.) is: 0.0 0.0
total cost: -7.767362135748559
singles alt: [(4, 0), (5, 1), (6, 0), (7, 1), (8, 0), (9, 1), (10, 0), (11, 1), (4, 2), (5, 3), (6, 2), (7, 3), (8, 2), (9, 3), (10, 2), (11, 3)]
length: 16 76
Estimated difference between T3^fnT3 - (T2^WT3 + h.c.) is: -4.117257279318122e-19 1.6951807504098062e-37
total cost: -7.767362136328485
singles alt: [(4, 0), (5, 1), (6, 0), (7, 1), (8, 0), (9, 1), (10, 0), (11, 1), (4, 2), (5, 3), (6, 2), (7, 3), (8, 2), (9, 3), (10, 2), (11, 3)]
length: 16 76
Estimated difference between T3^fnT3 - (T2^WT3 + h.c.) is: -7.878878695522186e-19 6.207672949875338e-37
total cost: -7.767362135767045
singles alt: [(4, 0), (5, 1), (6, 0), (7, 1), (8, 0), (9, 1), (10, 0), (11, 1), (4, 2), (5, 3), (6, 2), (7, 3), (8, 2), (9, 3), (10, 2), (11, 3)]
length: 16 76
Estimated difference between T3^fnT3 - (T2^WT3 + h.c.) is: -7.878878695522187e-19 6.2076729498753395e-37
total cost: -7.767362135767045
singles alt: [(4, 0), (5, 1), (6, 0), (7, 1), (8, 0), (9, 1), (10, 0), (11, 1), (4, 2), (5, 3), (6, 2), (7, 3), (8, 2), (9, 3), (10, 2), (11, 3)]
length: 16 76
Estimated difference between T3^fnT3 - (T2^WT3 + h.c.) is: -9.730481157083696e-21 9.468226354836086e-41
total cost: -7.767362136030665
singles alt: [(4, 0), (5, 1), (6, 0), (7, 1), (8, 0), (9, 1), (10, 0), (11, 1), (4, 2), (5, 3), (6, 2), (7, 3), (8, 2), (9, 3), (10, 2), (11, 3)]
length: 16 76
Estimated difference between T3^fnT3 - (T2^WT3 + h.c.) is: -3.0289273455801063e-19 9.174400864802949e-38
total cost: -7.7673621357485585
singles alt: [(4, 0), (5, 1), (6, 0), (7, 1), (8, 0), (9, 1), (10, 0), (11, 1), (4, 2), (5, 3), (6, 2), (7, 3), (8, 2), (9, 3), (10, 2), (11, 3)]
length: 16 76
Estimated difference between T3^fnT3 - (T2^WT3 + h.c.) is: -9.50031870498972e-19 9.025605549637758e-37
total cost: -7.7673621357485585
singles alt: [(4, 0), (5, 1), (6, 0), (7, 1), (8, 0), (9, 1), (10, 0), (11, 1), (4, 2), (5, 3), (6, 2), (7, 3), (8, 2), (9, 3), (10, 2), (11, 3)]
length: 16 76
Estimated difference between T3^fnT3 - (T2^WT3 + h.c.) is: -6.033396041818956e-19 3.640186779743665e-37
total cost: -7.7673621357485585
singles alt: [(4, 0), (5, 1), (6, 0), (7, 1), (8, 0), (9, 1), (10, 0), (11, 1), (4, 2), (5, 3), (6, 2), (7, 3), (8, 2), (9, 3), (10, 2), (11, 3)]
length: 16 76
Estimated difference between T3^fnT3 - (T2^WT3 + h.c.) is: -3.874188664693405e-20 1.500933780963887e-39
total cost: -7.767362135748559
singles alt: [(4, 0), (5, 1), (6, 0), (7, 1), (8, 0), (9, 1), (10, 0), (11, 1), (4, 2), (5, 3), (6, 2), (7, 3), (8, 2), (9, 3), (10, 2), (11, 3)]
length: 16 76
Estimated difference between T3^fnT3 - (T2^WT3 + h.c.) is: -3.085537266821198e-19 9.520540224942429e-38
total cost: -7.7673621357485585
singles alt: [(4, 0), (5, 1), (6, 0), (7, 1), (8, 0), (9, 1), (10, 0), (11, 1), (4, 2), (5, 3), (6, 2), (7, 3), (8, 2), (9, 3), (10, 2), (11, 3)]
length: 16 76
Estimated difference between T3^fnT3 - (T2^WT3 + h.c.) is: -8.081920762974773e-19 6.531744321900273e-37
total cost: -7.7673621357485585
singles alt: [(4, 0), (5, 1), (6, 0), (7, 1), (8, 0), (9, 1), (10, 0), (11, 1), (4, 2), (5, 3), (6, 2), (7, 3), (8, 2), (9, 3), (10, 2), (11, 3)]
length: 16 76
Estimated difference between T3^fnT3 - (T2^WT3 + h.c.) is: -7.071119666269557e-19 5.00007333347041e-37
total cost: -7.7673621357485585
singles alt: [(4, 0), (5, 1), (6, 0), (7, 1), (8, 0), (9, 1), (10, 0), (11, 1), (4, 2), (5, 3), (6, 2), (7, 3), (8, 2), (9, 3), (10, 2), (11, 3)]
length: 16 76
Estimated difference between T3^fnT3 - (T2^WT3 + h.c.) is: -2.7787545255619744e-20 7.721476713331154e-40
total cost: -7.767362135748559
singles alt: [(4, 0), (5, 1), (6, 0), (7, 1), (8, 0), (9, 1), (10, 0), (11, 1), (4, 2), (5, 3), (6, 2), (7, 3), (8, 2), (9, 3), (10, 2), (11, 3)]
length: 16 76
Estimated difference between T3^fnT3 - (T2^WT3 + h.c.) is: -2.327573363862211e-20 5.417597764160849e-40
total cost: -7.7673621360223
singles alt: [(4, 0), (5, 1), (6, 0), (7, 1), (8, 0), (9, 1), (10, 0), (11, 1), (4, 2), (5, 3), (6, 2), (7, 3), (8, 2), (9, 3), (10, 2), (11, 3)]
length: 16 76
Estimated difference between T3^fnT3 - (T2^WT3 + h.c.) is: -2.1272084647389127e-19 4.525015852456882e-38
total cost: -7.767362135362274
singles alt: [(4, 0), (5, 1), (6, 0), (7, 1), (8, 0), (9, 1), (10, 0), (11, 1), (4, 2), (5, 3), (6, 2), (7, 3), (8, 2), (9, 3), (10, 2), (11, 3)]
length: 16 76
Estimated difference between T3^fnT3 - (T2^WT3 + h.c.) is: -1.4935396064500466e-19 2.2306605560349603e-38
total cost: -7.767362135625986
singles alt: [(4, 0), (5, 1), (6, 0), (7, 1), (8, 0), (9, 1), (10, 0), (11, 1), (4, 2), (5, 3), (6, 2), (7, 3), (8, 2), (9, 3), (10, 2), (11, 3)]
length: 16 76
Estimated difference between T3^fnT3 - (T2^WT3 + h.c.) is: -2.3730788015547707e-20 5.631502998388627e-40
total cost: -7.767362134885831
singles alt: [(4, 0), (5, 1), (6, 0), (7, 1), (8, 0), (9, 1), (10, 0), (11, 1), (4, 2), (5, 3), (6, 2), (7, 3), (8, 2), (9, 3), (10, 2), (11, 3)]
length: 16 76
Estimated difference between T3^fnT3 - (T2^WT3 + h.c.) is: -3.085537266821198e-19 9.520540224942429e-38
total cost: -7.7673621357485585
singles alt: [(4, 0), (5, 1), (6, 0), (7, 1), (8, 0), (9, 1), (10, 0), (11, 1), (4, 2), (5, 3), (6, 2), (7, 3), (8, 2), (9, 3), (10, 2), (11, 3)]
length: 16 76
Estimated difference between T3^fnT3 - (T2^WT3 + h.c.) is: -7.071119666269557e-19 5.00007333347041e-37
total cost: -7.7673621357485585
singles alt: [(4, 0), (5, 1), (6, 0), (7, 1), (8, 0), (9, 1), (10, 0), (11, 1), (4, 2), (5, 3), (6, 2), (7, 3), (8, 2), (9, 3), (10, 2), (11, 3)]
length: 16 76
Estimated difference between T3^fnT3 - (T2^WT3 + h.c.) is: -8.081920762974772e-19 6.531744321900272e-37
total cost: -7.7673621357485585
singles alt: [(4, 0), (5, 1), (6, 0), (7, 1), (8, 0), (9, 1), (10, 0), (11, 1), (4, 2), (5, 3), (6, 2), (7, 3), (8, 2), (9, 3), (10, 2), (11, 3)]
length: 16 76
Estimated difference between T3^fnT3 - (T2^WT3 + h.c.) is: -2.7787545255619744e-20 7.721476713331154e-40
total cost: -7.767362135748559
singles alt: [(4, 0), (5, 1), (6, 0), (7, 1), (8, 0), (9, 1), (10, 0), (11, 1), (4, 2), (5, 3), (6, 2), (7, 3), (8, 2), (9, 3), (10, 2), (11, 3)]
length: 16 76
Estimated difference between T3^fnT3 - (T2^WT3 + h.c.) is: -2.3506004341802945e-19 5.525322401168589e-38
total cost: -7.767362136043328
singles alt: [(4, 0), (5, 1), (6, 0), (7, 1), (8, 0), (9, 1), (10, 0), (11, 1), (4, 2), (5, 3), (6, 2), (7, 3), (8, 2), (9, 3), (10, 2), (11, 3)]
length: 16 76
Estimated difference between T3^fnT3 - (T2^WT3 + h.c.) is: -8.64968142352852e-19 7.481698872853436e-37
total cost: -7.767362135996263
singles alt: [(4, 0), (5, 1), (6, 0), (7, 1), (8, 0), (9, 1), (10, 0), (11, 1), (4, 2), (5, 3), (6, 2), (7, 3), (8, 2), (9, 3), (10, 2), (11, 3)]
length: 16 76
Estimated difference between T3^fnT3 - (T2^WT3 + h.c.) is: -6.013945257015799e-19 3.6167537554382827e-37
total cost: -7.767362135996263
singles alt: [(4, 0), (5, 1), (6, 0), (7, 1), (8, 0), (9, 1), (10, 0), (11, 1), (4, 2), (5, 3), (6, 2), (7, 3), (8, 2), (9, 3), (10, 2), (11, 3)]
length: 16 76
Estimated difference between T3^fnT3 - (T2^WT3 + h.c.) is: -3.554427284928466e-20 1.2633953323843946e-39
total cost: -7.767362136558649
singles alt: [(4, 0), (5, 1), (6, 0), (7, 1), (8, 0), (9, 1), (10, 0), (11, 1), (4, 2), (5, 3), (6, 2), (7, 3), (8, 2), (9, 3), (10, 2), (11, 3)]
length: 16 76
Estimated difference between T3^fnT3 - (T2^WT3 + h.c.) is: -2.224469698994192e-19 4.948265441743312e-38
total cost: -7.7673621357485585
singles alt: [(4, 0), (5, 1), (6, 0), (7, 1), (8, 0), (9, 1), (10, 0), (11, 1), (4, 2), (5, 3), (6, 2), (7, 3), (8, 2), (9, 3), (10, 2), (11, 3)]
length: 16 76
Estimated difference between T3^fnT3 - (T2^WT3 + h.c.) is: -7.220675703774525e-19 5.2138157619079725e-37
total cost: -7.7673621357485585
singles alt: [(4, 0), (5, 1), (6, 0), (7, 1), (8, 0), (9, 1), (10, 0), (11, 1), (4, 2), (5, 3), (6, 2), (7, 3), (8, 2), (9, 3), (10, 2), (11, 3)]
length: 16 76
Estimated difference between T3^fnT3 - (T2^WT3 + h.c.) is: -7.220675703774526e-19 5.213815761907974e-37
total cost: -7.7673621357485585
singles alt: [(4, 0), (5, 1), (6, 0), (7, 1), (8, 0), (9, 1), (10, 0), (11, 1), (4, 2), (5, 3), (6, 2), (7, 3), (8, 2), (9, 3), (10, 2), (11, 3)]
length: 16 76
Estimated difference between T3^fnT3 - (T2^WT3 + h.c.) is: -3.1738056051571673e-20 1.0073042019327053e-39
total cost: -7.767362135748559
singles alt: [(4, 0), (5, 1), (6, 0), (7, 1), (8, 0), (9, 1), (10, 0), (11, 1), (4, 2), (5, 3), (6, 2), (7, 3), (8, 2), (9, 3), (10, 2), (11, 3)]
length: 16 76
Estimated difference between T3^fnT3 - (T2^WT3 + h.c.) is: -4.592419982709799e-20 2.109032129759227e-39
total cost: -7.767362135748558
singles alt: [(4, 0), (5, 1), (6, 0), (7, 1), (8, 0), (9, 1), (10, 0), (11, 1), (4, 2), (5, 3), (6, 2), (7, 3), (8, 2), (9, 3), (10, 2), (11, 3)]
length: 16 76
Estimated difference between T3^fnT3 - (T2^WT3 + h.c.) is: -1.8878714221421853e-19 3.5640585065411575e-38
total cost: -7.7673621357485585
singles alt: [(4, 0), (5, 1), (6, 0), (7, 1), (8, 0), (9, 1), (10, 0), (11, 1), (4, 2), (5, 3), (6, 2), (7, 3), (8, 2), (9, 3), (10, 2), (11, 3)]
length: 16 76
Estimated difference between T3^fnT3 - (T2^WT3 + h.c.) is: -2.430446161364093e-19 5.907068543289454e-38
total cost: -7.7673621357485585
singles alt: [(4, 0), (5, 1), (6, 0), (7, 1), (8, 0), (9, 1), (10, 0), (11, 1), (4, 2), (5, 3), (6, 2), (7, 3), (8, 2), (9, 3), (10, 2), (11, 3)]
length: 16 76
Estimated difference between T3^fnT3 - (T2^WT3 + h.c.) is: -2.1363176182444358e-20 4.5638529660215785e-40
total cost: -7.767362135748559
singles alt: [(4, 0), (5, 1), (6, 0), (7, 1), (8, 0), (9, 1), (10, 0), (11, 1), (4, 2), (5, 3), (6, 2), (7, 3), (8, 2), (9, 3), (10, 2), (11, 3)]
length: 16 76
Estimated difference between T3^fnT3 - (T2^WT3 + h.c.) is: -3.0289273455801068e-19 9.174400864802951e-38
total cost: -7.7673621357485585
singles alt: [(4, 0), (5, 1), (6, 0), (7, 1), (8, 0), (9, 1), (10, 0), (11, 1), (4, 2), (5, 3), (6, 2), (7, 3), (8, 2), (9, 3), (10, 2), (11, 3)]
length: 16 76
Estimated difference between T3^fnT3 - (T2^WT3 + h.c.) is: -6.033396041818957e-19 3.640186779743666e-37
total cost: -7.7673621357485585
singles alt: [(4, 0), (5, 1), (6, 0), (7, 1), (8, 0), (9, 1), (10, 0), (11, 1), (4, 2), (5, 3), (6, 2), (7, 3), (8, 2), (9, 3), (10, 2), (11, 3)]
length: 16 76
Estimated difference between T3^fnT3 - (T2^WT3 + h.c.) is: -9.500318704989723e-19 9.025605549637761e-37
total cost: -7.7673621357485585
singles alt: [(4, 0), (5, 1), (6, 0), (7, 1), (8, 0), (9, 1), (10, 0), (11, 1), (4, 2), (5, 3), (6, 2), (7, 3), (8, 2), (9, 3), (10, 2), (11, 3)]
length: 16 76
Estimated difference between T3^fnT3 - (T2^WT3 + h.c.) is: -3.874188664693406e-20 1.5009337809638873e-39
total cost: -7.767362135748559
singles alt: [(4, 0), (5, 1), (6, 0), (7, 1), (8, 0), (9, 1), (10, 0), (11, 1), (4, 2), (5, 3), (6, 2), (7, 3), (8, 2), (9, 3), (10, 2), (11, 3)]
length: 16 76
Estimated difference between T3^fnT3 - (T2^WT3 + h.c.) is: -2.2244696989941926e-19 4.948265441743314e-38
total cost: -7.7673621357485585
singles alt: [(4, 0), (5, 1), (6, 0), (7, 1), (8, 0), (9, 1), (10, 0), (11, 1), (4, 2), (5, 3), (6, 2), (7, 3), (8, 2), (9, 3), (10, 2), (11, 3)]
length: 16 76
Estimated difference between T3^fnT3 - (T2^WT3 + h.c.) is: -7.220675703774527e-19 5.213815761907976e-37
total cost: -7.7673621357485585
singles alt: [(4, 0), (5, 1), (6, 0), (7, 1), (8, 0), (9, 1), (10, 0), (11, 1), (4, 2), (5, 3), (6, 2), (7, 3), (8, 2), (9, 3), (10, 2), (11, 3)]
length: 16 76
Estimated difference between T3^fnT3 - (T2^WT3 + h.c.) is: -7.220675703774526e-19 5.213815761907974e-37
total cost: -7.7673621357485585
singles alt: [(4, 0), (5, 1), (6, 0), (7, 1), (8, 0), (9, 1), (10, 0), (11, 1), (4, 2), (5, 3), (6, 2), (7, 3), (8, 2), (9, 3), (10, 2), (11, 3)]
length: 16 76
Estimated difference between T3^fnT3 - (T2^WT3 + h.c.) is: -3.1738056051571673e-20 1.0073042019327053e-39
total cost: -7.767362135748559
singles alt: [(4, 0), (5, 1), (6, 0), (7, 1), (8, 0), (9, 1), (10, 0), (11, 1), (4, 2), (5, 3), (6, 2), (7, 3), (8, 2), (9, 3), (10, 2), (11, 3)]
length: 16 76
Estimated difference between T3^fnT3 - (T2^WT3 + h.c.) is: -2.350600434180294e-19 5.525322401168587e-38
total cost: -7.767362136043328
singles alt: [(4, 0), (5, 1), (6, 0), (7, 1), (8, 0), (9, 1), (10, 0), (11, 1), (4, 2), (5, 3), (6, 2), (7, 3), (8, 2), (9, 3), (10, 2), (11, 3)]
length: 16 76
Estimated difference between T3^fnT3 - (T2^WT3 + h.c.) is: -6.013945257015799e-19 3.6167537554382827e-37
total cost: -7.767362135996263
singles alt: [(4, 0), (5, 1), (6, 0), (7, 1), (8, 0), (9, 1), (10, 0), (11, 1), (4, 2), (5, 3), (6, 2), (7, 3), (8, 2), (9, 3), (10, 2), (11, 3)]
length: 16 76
Estimated difference between T3^fnT3 - (T2^WT3 + h.c.) is: -8.64968142352852e-19 7.481698872853436e-37
total cost: -7.767362135996263
singles alt: [(4, 0), (5, 1), (6, 0), (7, 1), (8, 0), (9, 1), (10, 0), (11, 1), (4, 2), (5, 3), (6, 2), (7, 3), (8, 2), (9, 3), (10, 2), (11, 3)]
length: 16 76
Estimated difference between T3^fnT3 - (T2^WT3 + h.c.) is: -3.554427284928466e-20 1.2633953323843946e-39
total cost: -7.767362136558649
singles alt: [(4, 0), (5, 1), (6, 0), (7, 1), (8, 0), (9, 1), (10, 0), (11, 1), (4, 2), (5, 3), (6, 2), (7, 3), (8, 2), (9, 3), (10, 2), (11, 3)]
length: 16 76
Estimated difference between T3^fnT3 - (T2^WT3 + h.c.) is: -2.741851894680783e-20 7.517751812364599e-40
total cost: -7.767362135748558
singles alt: [(4, 0), (5, 1), (6, 0), (7, 1), (8, 0), (9, 1), (10, 0), (11, 1), (4, 2), (5, 3), (6, 2), (7, 3), (8, 2), (9, 3), (10, 2), (11, 3)]
length: 16 76
Estimated difference between T3^fnT3 - (T2^WT3 + h.c.) is: -1.4260947170834209e-19 2.0337461420932422e-38
total cost: -7.7673621357485585
singles alt: [(4, 0), (5, 1), (6, 0), (7, 1), (8, 0), (9, 1), (10, 0), (11, 1), (4, 2), (5, 3), (6, 2), (7, 3), (8, 2), (9, 3), (10, 2), (11, 3)]
length: 16 76
Estimated difference between T3^fnT3 - (T2^WT3 + h.c.) is: -2.899350240480676e-19 8.406231816975352e-38
total cost: -7.7673621357485585
singles alt: [(4, 0), (5, 1), (6, 0), (7, 1), (8, 0), (9, 1), (10, 0), (11, 1), (4, 2), (5, 3), (6, 2), (7, 3), (8, 2), (9, 3), (10, 2), (11, 3)]
length: 16 76
Estimated difference between T3^fnT3 - (T2^WT3 + h.c.) is: -1.9778659930613884e-20 3.911953886508712e-40
total cost: -7.767362135748559
singles alt: [(4, 0), (5, 1), (6, 0), (7, 1), (8, 0), (9, 1), (10, 0), (11, 1), (4, 2), (5, 3), (6, 2), (7, 3), (8, 2), (9, 3), (10, 2), (11, 3)]
length: 16 76
Estimated difference between T3^fnT3 - (T2^WT3 + h.c.) is: -2.327573363862211e-20 5.417597764160849e-40
total cost: -7.7673621360223
singles alt: [(4, 0), (5, 1), (6, 0), (7, 1), (8, 0), (9, 1), (10, 0), (11, 1), (4, 2), (5, 3), (6, 2), (7, 3), (8, 2), (9, 3), (10, 2), (11, 3)]
length: 16 76
Estimated difference between T3^fnT3 - (T2^WT3 + h.c.) is: -1.4935396064500466e-19 2.2306605560349603e-38
total cost: -7.767362135625986
singles alt: [(4, 0), (5, 1), (6, 0), (7, 1), (8, 0), (9, 1), (10, 0), (11, 1), (4, 2), (5, 3), (6, 2), (7, 3), (8, 2), (9, 3), (10, 2), (11, 3)]
length: 16 76
Estimated difference between T3^fnT3 - (T2^WT3 + h.c.) is: -2.1272084647389127e-19 4.525015852456882e-38
total cost: -7.767362135362274
singles alt: [(4, 0), (5, 1), (6, 0), (7, 1), (8, 0), (9, 1), (10, 0), (11, 1), (4, 2), (5, 3), (6, 2), (7, 3), (8, 2), (9, 3), (10, 2), (11, 3)]
length: 16 76
Estimated difference between T3^fnT3 - (T2^WT3 + h.c.) is: -2.373078801554771e-20 5.631502998388629e-40
total cost: -7.767362134885831
singles alt: [(4, 0), (5, 1), (6, 0), (7, 1), (8, 0), (9, 1), (10, 0), (11, 1), (4, 2), (5, 3), (6, 2), (7, 3), (8, 2), (9, 3), (10, 2), (11, 3)]
length: 16 76
Estimated difference between T3^fnT3 - (T2^WT3 + h.c.) is: -2.741851894680783e-20 7.517751812364599e-40
total cost: -7.767362135748558
singles alt: [(4, 0), (5, 1), (6, 0), (7, 1), (8, 0), (9, 1), (10, 0), (11, 1), (4, 2), (5, 3), (6, 2), (7, 3), (8, 2), (9, 3), (10, 2), (11, 3)]
length: 16 76
Estimated difference between T3^fnT3 - (T2^WT3 + h.c.) is: -2.899350240480675e-19 8.406231816975347e-38
total cost: -7.7673621357485585
singles alt: [(4, 0), (5, 1), (6, 0), (7, 1), (8, 0), (9, 1), (10, 0), (11, 1), (4, 2), (5, 3), (6, 2), (7, 3), (8, 2), (9, 3), (10, 2), (11, 3)]
length: 16 76
Estimated difference between T3^fnT3 - (T2^WT3 + h.c.) is: -1.426094717083421e-19 2.033746142093243e-38
total cost: -7.7673621357485585
singles alt: [(4, 0), (5, 1), (6, 0), (7, 1), (8, 0), (9, 1), (10, 0), (11, 1), (4, 2), (5, 3), (6, 2), (7, 3), (8, 2), (9, 3), (10, 2), (11, 3)]
length: 16 76
Estimated difference between T3^fnT3 - (T2^WT3 + h.c.) is: -1.9778659930613884e-20 3.911953886508712e-40
total cost: -7.767362135748559
singles alt: [(4, 0), (5, 1), (6, 0), (7, 1), (8, 0), (9, 1), (10, 0), (11, 1), (4, 2), (5, 3), (6, 2), (7, 3), (8, 2), (9, 3), (10, 2), (11, 3)]
length: 16 76
Estimated difference between T3^fnT3 - (T2^WT3 + h.c.) is: -4.5924199827097977e-20 2.109032129759226e-39
total cost: -7.767362135748558
singles alt: [(4, 0), (5, 1), (6, 0), (7, 1), (8, 0), (9, 1), (10, 0), (11, 1), (4, 2), (5, 3), (6, 2), (7, 3), (8, 2), (9, 3), (10, 2), (11, 3)]
length: 16 76
Estimated difference between T3^fnT3 - (T2^WT3 + h.c.) is: -2.4304461613640933e-19 5.907068543289457e-38
total cost: -7.7673621357485585
singles alt: [(4, 0), (5, 1), (6, 0), (7, 1), (8, 0), (9, 1), (10, 0), (11, 1), (4, 2), (5, 3), (6, 2), (7, 3), (8, 2), (9, 3), (10, 2), (11, 3)]
length: 16 76
Estimated difference between T3^fnT3 - (T2^WT3 + h.c.) is: -1.8878714221421853e-19 3.5640585065411575e-38
total cost: -7.7673621357485585
singles alt: [(4, 0), (5, 1), (6, 0), (7, 1), (8, 0), (9, 1), (10, 0), (11, 1), (4, 2), (5, 3), (6, 2), (7, 3), (8, 2), (9, 3), (10, 2), (11, 3)]
length: 16 76
Estimated difference between T3^fnT3 - (T2^WT3 + h.c.) is: -2.136317618244436e-20 4.56385296602158e-40
total cost: -7.767362135748559
singles alt: [(4, 0), (5, 1), (6, 0), (7, 1), (8, 0), (9, 1), (10, 0), (11, 1), (4, 2), (5, 3), (6, 2), (7, 3), (8, 2), (9, 3), (10, 2), (11, 3)]
length: 16 76
Estimated difference between T3^fnT3 - (T2^WT3 + h.c.) is: -3.0800738129457115e-20 9.486854693193935e-40
total cost: -7.767362135960087
singles alt: [(4, 0), (5, 1), (6, 0), (7, 1), (8, 0), (9, 1), (10, 0), (11, 1), (4, 2), (5, 3), (6, 2), (7, 3), (8, 2), (9, 3), (10, 2), (11, 3)]
length: 16 76
Estimated difference between T3^fnT3 - (T2^WT3 + h.c.) is: -1.3634362495436055e-19 1.858958406569533e-38
total cost: -7.76736213599924
singles alt: [(4, 0), (5, 1), (6, 0), (7, 1), (8, 0), (9, 1), (10, 0), (11, 1), (4, 2), (5, 3), (6, 2), (7, 3), (8, 2), (9, 3), (10, 2), (11, 3)]
length: 16 76
Estimated difference between T3^fnT3 - (T2^WT3 + h.c.) is: -1.3634362495436055e-19 1.858958406569533e-38
total cost: -7.76736213599924
singles alt: [(4, 0), (5, 1), (6, 0), (7, 1), (8, 0), (9, 1), (10, 0), (11, 1), (4, 2), (5, 3), (6, 2), (7, 3), (8, 2), (9, 3), (10, 2), (11, 3)]
length: 16 76
Estimated difference between T3^fnT3 - (T2^WT3 + h.c.) is: -9.993612146957157e-21 9.987228374380963e-41
total cost: -7.7673621393968295
singles alt: [(4, 0), (5, 1), (6, 0), (7, 1), (8, 0), (9, 1), (10, 0), (11, 1), (4, 2), (5, 3), (6, 2), (7, 3), (8, 2), (9, 3), (10, 2), (11, 3)]
length: 16 76
Estimated difference between T3^fnT3 - (T2^WT3 + h.c.) is: -7.813171044560461e-19 6.104564177155801e-37
total cost: -7.7673621357485585
singles alt: [(4, 0), (5, 1), (6, 0), (7, 1), (8, 0), (9, 1), (10, 0), (11, 1), (4, 2), (5, 3), (6, 2), (7, 3), (8, 2), (9, 3), (10, 2), (11, 3)]
length: 16 76
Estimated difference between T3^fnT3 - (T2^WT3 + h.c.) is: -8.581891525966115e-19 7.364886216344901e-37
total cost: -7.7673621357485585
singles alt: [(4, 0), (5, 1), (6, 0), (7, 1), (8, 0), (9, 1), (10, 0), (11, 1), (4, 2), (5, 3), (6, 2), (7, 3), (8, 2), (9, 3), (10, 2), (11, 3)]
length: 16 76
Estimated difference between T3^fnT3 - (T2^WT3 + h.c.) is: -8.581891525966112e-19 7.364886216344896e-37
total cost: -7.7673621357485585
singles alt: [(4, 0), (5, 1), (6, 0), (7, 1), (8, 0), (9, 1), (10, 0), (11, 1), (4, 2), (5, 3), (6, 2), (7, 3), (8, 2), (9, 3), (10, 2), (11, 3)]
length: 16 76
Estimated difference between T3^fnT3 - (T2^WT3 + h.c.) is: -7.813171044560461e-19 6.104564177155801e-37
total cost: -7.7673621357485585
singles alt: [(4, 0), (5, 1), (6, 0), (7, 1), (8, 0), (9, 1), (10, 0), (11, 1), (4, 2), (5, 3), (6, 2), (7, 3), (8, 2), (9, 3), (10, 2), (11, 3)]
length: 16 76
Estimated difference between T3^fnT3 - (T2^WT3 + h.c.) is: -2.3747706524201774e-19 5.639535651596155e-38
total cost: -7.767362135484847
singles alt: [(4, 0), (5, 1), (6, 0), (7, 1), (8, 0), (9, 1), (10, 0), (11, 1), (4, 2), (5, 3), (6, 2), (7, 3), (8, 2), (9, 3), (10, 2), (11, 3)]
length: 16 76
Estimated difference between T3^fnT3 - (T2^WT3 + h.c.) is: -2.3747706524201774e-19 5.639535651596155e-38
total cost: -7.767362135484847
singles alt: [(4, 0), (5, 1), (6, 0), (7, 1), (8, 0), (9, 1), (10, 0), (11, 1), (4, 2), (5, 3), (6, 2), (7, 3), (8, 2), (9, 3), (10, 2), (11, 3)]
length: 16 76
Estimated difference between T3^fnT3 - (T2^WT3 + h.c.) is: -6.712618159182969e-19 4.5059242550992945e-37
total cost: -7.7673621357485585
singles alt: [(4, 0), (5, 1), (6, 0), (7, 1), (8, 0), (9, 1), (10, 0), (11, 1), (4, 2), (5, 3), (6, 2), (7, 3), (8, 2), (9, 3), (10, 2), (11, 3)]
length: 16 76
Estimated difference between T3^fnT3 - (T2^WT3 + h.c.) is: -6.712618159182969e-19 4.5059242550992945e-37
total cost: -7.7673621357485585
singles alt: [(4, 0), (5, 1), (6, 0), (7, 1), (8, 0), (9, 1), (10, 0), (11, 1), (4, 2), (5, 3), (6, 2), (7, 3), (8, 2), (9, 3), (10, 2), (11, 3)]
length: 16 76
Estimated difference between T3^fnT3 - (T2^WT3 + h.c.) is: -2.1990999834372997e-19 4.836040737153931e-38
total cost: -7.7673621357485585
singles alt: [(4, 0), (5, 1), (6, 0), (7, 1), (8, 0), (9, 1), (10, 0), (11, 1), (4, 2), (5, 3), (6, 2), (7, 3), (8, 2), (9, 3), (10, 2), (11, 3)]
length: 16 76
Estimated difference between T3^fnT3 - (T2^WT3 + h.c.) is: -2.2942456079919298e-19 5.26356290979026e-38
total cost: -7.7673621357485585
singles alt: [(4, 0), (5, 1), (6, 0), (7, 1), (8, 0), (9, 1), (10, 0), (11, 1), (4, 2), (5, 3), (6, 2), (7, 3), (8, 2), (9, 3), (10, 2), (11, 3)]
length: 16 76
Estimated difference between T3^fnT3 - (T2^WT3 + h.c.) is: -2.2942456079919293e-19 5.263562909790257e-38
total cost: -7.7673621357485585
singles alt: [(4, 0), (5, 1), (6, 0), (7, 1), (8, 0), (9, 1), (10, 0), (11, 1), (4, 2), (5, 3), (6, 2), (7, 3), (8, 2), (9, 3), (10, 2), (11, 3)]
length: 16 76
Estimated difference between T3^fnT3 - (T2^WT3 + h.c.) is: -2.199099983437299e-19 4.836040737153929e-38
total cost: -7.7673621357485585
singles alt: [(4, 0), (5, 1), (6, 0), (7, 1), (8, 0), (9, 1), (10, 0), (11, 1), (4, 2), (5, 3), (6, 2), (7, 3), (8, 2), (9, 3), (10, 2), (11, 3)]
length: 16 76
Estimated difference between T3^fnT3 - (T2^WT3 + h.c.) is: 0.0 0.0
total cost: -7.7673621357485585
singles alt: [(4, 0), (5, 1), (6, 0), (7, 1), (8, 0), (9, 1), (10, 0), (11, 1), (4, 2), (5, 3), (6, 2), (7, 3), (8, 2), (9, 3), (10, 2), (11, 3)]
length: 16 76
Estimated difference between T3^fnT3 - (T2^WT3 + h.c.) is: 0.0 0.0
total cost: -7.7673621357485585
singles alt: [(4, 0), (5, 1), (6, 0), (7, 1), (8, 0), (9, 1), (10, 0), (11, 1), (4, 2), (5, 3), (6, 2), (7, 3), (8, 2), (9, 3), (10, 2), (11, 3)]
length: 16 76
Estimated difference between T3^fnT3 - (T2^WT3 + h.c.) is: 0.0 0.0
total cost: -7.7673621357485585
singles alt: [(4, 0), (5, 1), (6, 0), (7, 1), (8, 0), (9, 1), (10, 0), (11, 1), (4, 2), (5, 3), (6, 2), (7, 3), (8, 2), (9, 3), (10, 2), (11, 3)]
length: 16 76
Estimated difference between T3^fnT3 - (T2^WT3 + h.c.) is: 0.0 0.0
total cost: -7.7673621357485585
singles alt: [(4, 0), (5, 1), (6, 0), (7, 1), (8, 0), (9, 1), (10, 0), (11, 1), (4, 2), (5, 3), (6, 2), (7, 3), (8, 2), (9, 3), (10, 2), (11, 3)]
length: 16 76
Estimated difference between T3^fnT3 - (T2^WT3 + h.c.) is: 0.0 0.0
total cost: -7.7673621357485585
singles alt: [(4, 0), (5, 1), (6, 0), (7, 1), (8, 0), (9, 1), (10, 0), (11, 1), (4, 2), (5, 3), (6, 2), (7, 3), (8, 2), (9, 3), (10, 2), (11, 3)]
length: 16 76
Estimated difference between T3^fnT3 - (T2^WT3 + h.c.) is: 0.0 0.0
total cost: -7.7673621357485585
singles alt: [(4, 0), (5, 1), (6, 0), (7, 1), (8, 0), (9, 1), (10, 0), (11, 1), (4, 2), (5, 3), (6, 2), (7, 3), (8, 2), (9, 3), (10, 2), (11, 3)]
length: 16 76
Estimated difference between T3^fnT3 - (T2^WT3 + h.c.) is: 0.0 0.0
total cost: -7.7673621357485585
singles alt: [(4, 0), (5, 1), (6, 0), (7, 1), (8, 0), (9, 1), (10, 0), (11, 1), (4, 2), (5, 3), (6, 2), (7, 3), (8, 2), (9, 3), (10, 2), (11, 3)]
length: 16 76
Estimated difference between T3^fnT3 - (T2^WT3 + h.c.) is: 0.0 0.0
total cost: -7.7673621357485585
singles alt: [(4, 0), (5, 1), (6, 0), (7, 1), (8, 0), (9, 1), (10, 0), (11, 1), (4, 2), (5, 3), (6, 2), (7, 3), (8, 2), (9, 3), (10, 2), (11, 3)]
length: 16 76
Estimated difference between T3^fnT3 - (T2^WT3 + h.c.) is: 0.0 0.0
total cost: -7.767362135748561
singles alt: [(4, 0), (5, 1), (6, 0), (7, 1), (8, 0), (9, 1), (10, 0), (11, 1), (4, 2), (5, 3), (6, 2), (7, 3), (8, 2), (9, 3), (10, 2), (11, 3)]
length: 16 76
Estimated difference between T3^fnT3 - (T2^WT3 + h.c.) is: 0.0 0.0
total cost: -7.767362135748561
singles alt: [(4, 0), (5, 1), (6, 0), (7, 1), (8, 0), (9, 1), (10, 0), (11, 1), (4, 2), (5, 3), (6, 2), (7, 3), (8, 2), (9, 3), (10, 2), (11, 3)]
length: 16 76
Estimated difference between T3^fnT3 - (T2^WT3 + h.c.) is: 0.0 0.0
total cost: -7.767362135748559
singles alt: [(4, 0), (5, 1), (6, 0), (7, 1), (8, 0), (9, 1), (10, 0), (11, 1), (4, 2), (5, 3), (6, 2), (7, 3), (8, 2), (9, 3), (10, 2), (11, 3)]
length: 16 76
Estimated difference between T3^fnT3 - (T2^WT3 + h.c.) is: 0.0 0.0
total cost: -7.767362135748559
singles alt: [(4, 0), (5, 1), (6, 0), (7, 1), (8, 0), (9, 1), (10, 0), (11, 1), (4, 2), (5, 3), (6, 2), (7, 3), (8, 2), (9, 3), (10, 2), (11, 3)]
length: 16 76
Estimated difference between T3^fnT3 - (T2^WT3 + h.c.) is: 0.0 0.0
total cost: -7.767362135748559
singles alt: [(4, 0), (5, 1), (6, 0), (7, 1), (8, 0), (9, 1), (10, 0), (11, 1), (4, 2), (5, 3), (6, 2), (7, 3), (8, 2), (9, 3), (10, 2), (11, 3)]
length: 16 76
Estimated difference between T3^fnT3 - (T2^WT3 + h.c.) is: 0.0 0.0
total cost: -7.767362135748559
singles alt: [(4, 0), (5, 1), (6, 0), (7, 1), (8, 0), (9, 1), (10, 0), (11, 1), (4, 2), (5, 3), (6, 2), (7, 3), (8, 2), (9, 3), (10, 2), (11, 3)]
length: 16 76
Estimated difference between T3^fnT3 - (T2^WT3 + h.c.) is: 0.0 0.0
total cost: -7.767362135748559
singles alt: [(4, 0), (5, 1), (6, 0), (7, 1), (8, 0), (9, 1), (10, 0), (11, 1), (4, 2), (5, 3), (6, 2), (7, 3), (8, 2), (9, 3), (10, 2), (11, 3)]
length: 16 76
Estimated difference between T3^fnT3 - (T2^WT3 + h.c.) is: 0.0 0.0
total cost: -7.767362135748559
singles alt: [(4, 0), (5, 1), (6, 0), (7, 1), (8, 0), (9, 1), (10, 0), (11, 1), (4, 2), (5, 3), (6, 2), (7, 3), (8, 2), (9, 3), (10, 2), (11, 3)]
length: 16 76
Estimated difference between T3^fnT3 - (T2^WT3 + h.c.) is: -1.6964237351930715e-05 2.877853489326412e-10
total cost: -7.734246267734505
singles alt: [(4, 0), (5, 1), (6, 0), (7, 1), (8, 0), (9, 1), (10, 0), (11, 1), (4, 2), (5, 3), (6, 2), (7, 3), (8, 2), (9, 3), (10, 2), (11, 3)]
length: 16 76
Estimated difference between T3^fnT3 - (T2^WT3 + h.c.) is: -1.696423972988045e-05 2.877854296128543e-10
total cost: -7.734246262034656
singles alt: [(4, 0), (5, 1), (6, 0), (7, 1), (8, 0), (9, 1), (10, 0), (11, 1), (4, 2), (5, 3), (6, 2), (7, 3), (8, 2), (9, 3), (10, 2), (11, 3)]
length: 16 76
Estimated difference between T3^fnT3 - (T2^WT3 + h.c.) is: -1.6964237609896313e-05 2.8778535768502055e-10
total cost: -7.734246267763068
singles alt: [(4, 0), (5, 1), (6, 0), (7, 1), (8, 0), (9, 1), (10, 0), (11, 1), (4, 2), (5, 3), (6, 2), (7, 3), (8, 2), (9, 3), (10, 2), (11, 3)]
length: 16 76
Estimated difference between T3^fnT3 - (T2^WT3 + h.c.) is: -1.6964237609896313e-05 2.8778535768502055e-10
total cost: -7.734246267762789
singles alt: [(4, 0), (5, 1), (6, 0), (7, 1), (8, 0), (9, 1), (10, 0), (11, 1), (4, 2), (5, 3), (6, 2), (7, 3), (8, 2), (9, 3), (10, 2), (11, 3)]
length: 16 76
Estimated difference between T3^fnT3 - (T2^WT3 + h.c.) is: -1.696423760772553e-05 2.877853576113692e-10
total cost: -7.734246267640906
singles alt: [(4, 0), (5, 1), (6, 0), (7, 1), (8, 0), (9, 1), (10, 0), (11, 1), (4, 2), (5, 3), (6, 2), (7, 3), (8, 2), (9, 3), (10, 2), (11, 3)]
length: 16 76
Estimated difference between T3^fnT3 - (T2^WT3 + h.c.) is: -1.6964237351928173e-05 2.87785348932555e-10
total cost: -7.734246267734511
singles alt: [(4, 0), (5, 1), (6, 0), (7, 1), (8, 0), (9, 1), (10, 0), (11, 1), (4, 2), (5, 3), (6, 2), (7, 3), (8, 2), (9, 3), (10, 2), (11, 3)]
length: 16 76
Estimated difference between T3^fnT3 - (T2^WT3 + h.c.) is: -1.696423735192204e-05 2.8778534893234693e-10
total cost: -7.734246267734509
singles alt: [(4, 0), (5, 1), (6, 0), (7, 1), (8, 0), (9, 1), (10, 0), (11, 1), (4, 2), (5, 3), (6, 2), (7, 3), (8, 2), (9, 3), (10, 2), (11, 3)]
length: 16 76
Estimated difference between T3^fnT3 - (T2^WT3 + h.c.) is: -1.6964237351926777e-05 2.8778534893250766e-10
total cost: -7.734246267734508
singles alt: [(4, 0), (5, 1), (6, 0), (7, 1), (8, 0), (9, 1), (10, 0), (11, 1), (4, 2), (5, 3), (6, 2), (7, 3), (8, 2), (9, 3), (10, 2), (11, 3)]
length: 16 76
Estimated difference between T3^fnT3 - (T2^WT3 + h.c.) is: -1.6964237351930267e-05 2.8778534893262605e-10
total cost: -7.7342462677345045
singles alt: [(4, 0), (5, 1), (6, 0), (7, 1), (8, 0), (9, 1), (10, 0), (11, 1), (4, 2), (5, 3), (6, 2), (7, 3), (8, 2), (9, 3), (10, 2), (11, 3)]
length: 16 76
Estimated difference between T3^fnT3 - (T2^WT3 + h.c.) is: -1.6964237351927516e-05 2.877853489325327e-10
total cost: -7.7342462677345125
singles alt: [(4, 0), (5, 1), (6, 0), (7, 1), (8, 0), (9, 1), (10, 0), (11, 1), (4, 2), (5, 3), (6, 2), (7, 3), (8, 2), (9, 3), (10, 2), (11, 3)]
length: 16 76
Estimated difference between T3^fnT3 - (T2^WT3 + h.c.) is: -1.6964237351923494e-05 2.8778534893239625e-10
total cost: -7.734246267734508
singles alt: [(4, 0), (5, 1), (6, 0), (7, 1), (8, 0), (9, 1), (10, 0), (11, 1), (4, 2), (5, 3), (6, 2), (7, 3), (8, 2), (9, 3), (10, 2), (11, 3)]
length: 16 76
Estimated difference between T3^fnT3 - (T2^WT3 + h.c.) is: -1.696423735192568e-05 2.877853489324704e-10
total cost: -7.734246267734508
singles alt: [(4, 0), (5, 1), (6, 0), (7, 1), (8, 0), (9, 1), (10, 0), (11, 1), (4, 2), (5, 3), (6, 2), (7, 3), (8, 2), (9, 3), (10, 2), (11, 3)]
length: 16 76
Estimated difference between T3^fnT3 - (T2^WT3 + h.c.) is: -1.6964237351930328e-05 2.877853489326281e-10
total cost: -7.7342462677345045
singles alt: [(4, 0), (5, 1), (6, 0), (7, 1), (8, 0), (9, 1), (10, 0), (11, 1), (4, 2), (5, 3), (6, 2), (7, 3), (8, 2), (9, 3), (10, 2), (11, 3)]
length: 16 76
Estimated difference between T3^fnT3 - (T2^WT3 + h.c.) is: -1.6964237676072385e-05 2.877853599302738e-10
total cost: -7.7342462647597054
singles alt: [(4, 0), (5, 1), (6, 0), (7, 1), (8, 0), (9, 1), (10, 0), (11, 1), (4, 2), (5, 3), (6, 2), (7, 3), (8, 2), (9, 3), (10, 2), (11, 3)]
length: 16 76
Estimated difference between T3^fnT3 - (T2^WT3 + h.c.) is: -1.6964236188116945e-05 2.8778530944621653e-10
total cost: -7.7342462696847925
singles alt: [(4, 0), (5, 1), (6, 0), (7, 1), (8, 0), (9, 1), (10, 0), (11, 1), (4, 2), (5, 3), (6, 2), (7, 3), (8, 2), (9, 3), (10, 2), (11, 3)]
length: 16 76
Estimated difference between T3^fnT3 - (T2^WT3 + h.c.) is: -1.6964237135098696e-05 2.877853415758616e-10
total cost: -7.734246268352481
singles alt: [(4, 0), (5, 1), (6, 0), (7, 1), (8, 0), (9, 1), (10, 0), (11, 1), (4, 2), (5, 3), (6, 2), (7, 3), (8, 2), (9, 3), (10, 2), (11, 3)]
length: 16 76
Estimated difference between T3^fnT3 - (T2^WT3 + h.c.) is: -1.6964237108868952e-05 2.877853406859264e-10
total cost: -7.734246268089342
singles alt: [(4, 0), (5, 1), (6, 0), (7, 1), (8, 0), (9, 1), (10, 0), (11, 1), (4, 2), (5, 3), (6, 2), (7, 3), (8, 2), (9, 3), (10, 2), (11, 3)]
length: 16 76
Estimated difference between T3^fnT3 - (T2^WT3 + h.c.) is: -1.6964237351927516e-05 2.877853489325327e-10
total cost: -7.734246267734512
singles alt: [(4, 0), (5, 1), (6, 0), (7, 1), (8, 0), (9, 1), (10, 0), (11, 1), (4, 2), (5, 3), (6, 2), (7, 3), (8, 2), (9, 3), (10, 2), (11, 3)]
length: 16 76
Estimated difference between T3^fnT3 - (T2^WT3 + h.c.) is: -1.696423735192568e-05 2.877853489324704e-10
total cost: -7.734246267734508
singles alt: [(4, 0), (5, 1), (6, 0), (7, 1), (8, 0), (9, 1), (10, 0), (11, 1), (4, 2), (5, 3), (6, 2), (7, 3), (8, 2), (9, 3), (10, 2), (11, 3)]
length: 16 76
Estimated difference between T3^fnT3 - (T2^WT3 + h.c.) is: -1.6964237351923494e-05 2.8778534893239625e-10
total cost: -7.734246267734508
singles alt: [(4, 0), (5, 1), (6, 0), (7, 1), (8, 0), (9, 1), (10, 0), (11, 1), (4, 2), (5, 3), (6, 2), (7, 3), (8, 2), (9, 3), (10, 2), (11, 3)]
length: 16 76
Estimated difference between T3^fnT3 - (T2^WT3 + h.c.) is: -1.696423735193032e-05 2.8778534893262786e-10
total cost: -7.7342462677345045
singles alt: [(4, 0), (5, 1), (6, 0), (7, 1), (8, 0), (9, 1), (10, 0), (11, 1), (4, 2), (5, 3), (6, 2), (7, 3), (8, 2), (9, 3), (10, 2), (11, 3)]
length: 16 76
Estimated difference between T3^fnT3 - (T2^WT3 + h.c.) is: -1.6964238191489423e-05 2.8778537741758834e-10
total cost: -7.734246264855243
singles alt: [(4, 0), (5, 1), (6, 0), (7, 1), (8, 0), (9, 1), (10, 0), (11, 1), (4, 2), (5, 3), (6, 2), (7, 3), (8, 2), (9, 3), (10, 2), (11, 3)]
length: 16 76
Estimated difference between T3^fnT3 - (T2^WT3 + h.c.) is: -1.6964239281771937e-05 2.8778541440921405e-10
total cost: -7.734246266766221
singles alt: [(4, 0), (5, 1), (6, 0), (7, 1), (8, 0), (9, 1), (10, 0), (11, 1), (4, 2), (5, 3), (6, 2), (7, 3), (8, 2), (9, 3), (10, 2), (11, 3)]
length: 16 76
Estimated difference between T3^fnT3 - (T2^WT3 + h.c.) is: -1.696423869370986e-05 2.8778539445716283e-10
total cost: -7.734246266768647
singles alt: [(4, 0), (5, 1), (6, 0), (7, 1), (8, 0), (9, 1), (10, 0), (11, 1), (4, 2), (5, 3), (6, 2), (7, 3), (8, 2), (9, 3), (10, 2), (11, 3)]
length: 16 76
Estimated difference between T3^fnT3 - (T2^WT3 + h.c.) is: -1.6964237689685753e-05 2.877853603921546e-10
total cost: -7.734246267249493
singles alt: [(4, 0), (5, 1), (6, 0), (7, 1), (8, 0), (9, 1), (10, 0), (11, 1), (4, 2), (5, 3), (6, 2), (7, 3), (8, 2), (9, 3), (10, 2), (11, 3)]
length: 16 76
Estimated difference between T3^fnT3 - (T2^WT3 + h.c.) is: -1.6964237474768747e-05 2.877853531003483e-10
total cost: -7.734246267734634
singles alt: [(4, 0), (5, 1), (6, 0), (7, 1), (8, 0), (9, 1), (10, 0), (11, 1), (4, 2), (5, 3), (6, 2), (7, 3), (8, 2), (9, 3), (10, 2), (11, 3)]
length: 16 76
Estimated difference between T3^fnT3 - (T2^WT3 + h.c.) is: -1.6964237602578185e-05 2.8778535743672766e-10
total cost: -7.7342462677347585
singles alt: [(4, 0), (5, 1), (6, 0), (7, 1), (8, 0), (9, 1), (10, 0), (11, 1), (4, 2), (5, 3), (6, 2), (7, 3), (8, 2), (9, 3), (10, 2), (11, 3)]
length: 16 76
Estimated difference between T3^fnT3 - (T2^WT3 + h.c.) is: -1.6964237602578185e-05 2.8778535743672766e-10
total cost: -7.7342462677347585
singles alt: [(4, 0), (5, 1), (6, 0), (7, 1), (8, 0), (9, 1), (10, 0), (11, 1), (4, 2), (5, 3), (6, 2), (7, 3), (8, 2), (9, 3), (10, 2), (11, 3)]
length: 16 76
Estimated difference between T3^fnT3 - (T2^WT3 + h.c.) is: -1.6964237460517994e-05 2.8778535261684197e-10
total cost: -7.734246267734613
singles alt: [(4, 0), (5, 1), (6, 0), (7, 1), (8, 0), (9, 1), (10, 0), (11, 1), (4, 2), (5, 3), (6, 2), (7, 3), (8, 2), (9, 3), (10, 2), (11, 3)]
length: 16 76
Estimated difference between T3^fnT3 - (T2^WT3 + h.c.) is: -1.696423735192944e-05 2.87785348932598e-10
total cost: -7.734246267734525
singles alt: [(4, 0), (5, 1), (6, 0), (7, 1), (8, 0), (9, 1), (10, 0), (11, 1), (4, 2), (5, 3), (6, 2), (7, 3), (8, 2), (9, 3), (10, 2), (11, 3)]
length: 16 76
Estimated difference between T3^fnT3 - (T2^WT3 + h.c.) is: -1.69642373519286e-05 2.877853489325695e-10
total cost: -7.734246267734509
singles alt: [(4, 0), (5, 1), (6, 0), (7, 1), (8, 0), (9, 1), (10, 0), (11, 1), (4, 2), (5, 3), (6, 2), (7, 3), (8, 2), (9, 3), (10, 2), (11, 3)]
length: 16 76
Estimated difference between T3^fnT3 - (T2^WT3 + h.c.) is: -1.6964237351927943e-05 2.877853489325472e-10
total cost: -7.734246267734508
singles alt: [(4, 0), (5, 1), (6, 0), (7, 1), (8, 0), (9, 1), (10, 0), (11, 1), (4, 2), (5, 3), (6, 2), (7, 3), (8, 2), (9, 3), (10, 2), (11, 3)]
length: 16 76
Estimated difference between T3^fnT3 - (T2^WT3 + h.c.) is: -1.6964237351930626e-05 2.8778534893263826e-10
total cost: -7.7342462677345045
singles alt: [(4, 0), (5, 1), (6, 0), (7, 1), (8, 0), (9, 1), (10, 0), (11, 1), (4, 2), (5, 3), (6, 2), (7, 3), (8, 2), (9, 3), (10, 2), (11, 3)]
length: 16 76
Estimated difference between T3^fnT3 - (T2^WT3 + h.c.) is: -1.696423735192818e-05 2.8778534893255523e-10
total cost: -7.7342462677345125
singles alt: [(4, 0), (5, 1), (6, 0), (7, 1), (8, 0), (9, 1), (10, 0), (11, 1), (4, 2), (5, 3), (6, 2), (7, 3), (8, 2), (9, 3), (10, 2), (11, 3)]
length: 16 76
Estimated difference between T3^fnT3 - (T2^WT3 + h.c.) is: -1.6964237351926777e-05 2.8778534893250766e-10
total cost: -7.734246267734508
singles alt: [(4, 0), (5, 1), (6, 0), (7, 1), (8, 0), (9, 1), (10, 0), (11, 1), (4, 2), (5, 3), (6, 2), (7, 3), (8, 2), (9, 3), (10, 2), (11, 3)]
length: 16 76
Estimated difference between T3^fnT3 - (T2^WT3 + h.c.) is: -1.696423735192204e-05 2.8778534893234693e-10
total cost: -7.734246267734508
singles alt: [(4, 0), (5, 1), (6, 0), (7, 1), (8, 0), (9, 1), (10, 0), (11, 1), (4, 2), (5, 3), (6, 2), (7, 3), (8, 2), (9, 3), (10, 2), (11, 3)]
length: 16 76
Estimated difference between T3^fnT3 - (T2^WT3 + h.c.) is: -1.6964237351930264e-05 2.8778534893262595e-10
total cost: -7.7342462677345045
singles alt: [(4, 0), (5, 1), (6, 0), (7, 1), (8, 0), (9, 1), (10, 0), (11, 1), (4, 2), (5, 3), (6, 2), (7, 3), (8, 2), (9, 3), (10, 2), (11, 3)]
length: 16 76
Estimated difference between T3^fnT3 - (T2^WT3 + h.c.) is: -1.6964237474768747e-05 2.877853531003483e-10
total cost: -7.734246267734635
singles alt: [(4, 0), (5, 1), (6, 0), (7, 1), (8, 0), (9, 1), (10, 0), (11, 1), (4, 2), (5, 3), (6, 2), (7, 3), (8, 2), (9, 3), (10, 2), (11, 3)]
length: 16 76
Estimated difference between T3^fnT3 - (T2^WT3 + h.c.) is: -1.6964237602578185e-05 2.8778535743672766e-10
total cost: -7.73424626773476
singles alt: [(4, 0), (5, 1), (6, 0), (7, 1), (8, 0), (9, 1), (10, 0), (11, 1), (4, 2), (5, 3), (6, 2), (7, 3), (8, 2), (9, 3), (10, 2), (11, 3)]
length: 16 76
Estimated difference between T3^fnT3 - (T2^WT3 + h.c.) is: -1.6964237602578185e-05 2.8778535743672766e-10
total cost: -7.7342462677347585
singles alt: [(4, 0), (5, 1), (6, 0), (7, 1), (8, 0), (9, 1), (10, 0), (11, 1), (4, 2), (5, 3), (6, 2), (7, 3), (8, 2), (9, 3), (10, 2), (11, 3)]
length: 16 76
Estimated difference between T3^fnT3 - (T2^WT3 + h.c.) is: -1.6964237460517994e-05 2.8778535261684197e-10
total cost: -7.734246267734614
singles alt: [(4, 0), (5, 1), (6, 0), (7, 1), (8, 0), (9, 1), (10, 0), (11, 1), (4, 2), (5, 3), (6, 2), (7, 3), (8, 2), (9, 3), (10, 2), (11, 3)]
length: 16 76
Estimated difference between T3^fnT3 - (T2^WT3 + h.c.) is: -1.696423819148943e-05 2.8778537741758854e-10
total cost: -7.7342462648582115
singles alt: [(4, 0), (5, 1), (6, 0), (7, 1), (8, 0), (9, 1), (10, 0), (11, 1), (4, 2), (5, 3), (6, 2), (7, 3), (8, 2), (9, 3), (10, 2), (11, 3)]
length: 16 76
Estimated difference between T3^fnT3 - (T2^WT3 + h.c.) is: -1.696423869370986e-05 2.8778539445716283e-10
total cost: -7.734246266768269
singles alt: [(4, 0), (5, 1), (6, 0), (7, 1), (8, 0), (9, 1), (10, 0), (11, 1), (4, 2), (5, 3), (6, 2), (7, 3), (8, 2), (9, 3), (10, 2), (11, 3)]
length: 16 76
Estimated difference between T3^fnT3 - (T2^WT3 + h.c.) is: -1.6964239281771943e-05 2.8778541440921426e-10
total cost: -7.734246266771908
singles alt: [(4, 0), (5, 1), (6, 0), (7, 1), (8, 0), (9, 1), (10, 0), (11, 1), (4, 2), (5, 3), (6, 2), (7, 3), (8, 2), (9, 3), (10, 2), (11, 3)]
length: 16 76
Estimated difference between T3^fnT3 - (T2^WT3 + h.c.) is: -1.696423768968575e-05 2.877853603921545e-10
total cost: -7.734246267248007
singles alt: [(4, 0), (5, 1), (6, 0), (7, 1), (8, 0), (9, 1), (10, 0), (11, 1), (4, 2), (5, 3), (6, 2), (7, 3), (8, 2), (9, 3), (10, 2), (11, 3)]
length: 16 76
Estimated difference between T3^fnT3 - (T2^WT3 + h.c.) is: -1.6964237351930057e-05 2.877853489326189e-10
total cost: -7.734246267734524
singles alt: [(4, 0), (5, 1), (6, 0), (7, 1), (8, 0), (9, 1), (10, 0), (11, 1), (4, 2), (5, 3), (6, 2), (7, 3), (8, 2), (9, 3), (10, 2), (11, 3)]
length: 16 76
Estimated difference between T3^fnT3 - (T2^WT3 + h.c.) is: -1.6964237351930003e-05 2.8778534893261706e-10
total cost: -7.734246267734508
singles alt: [(4, 0), (5, 1), (6, 0), (7, 1), (8, 0), (9, 1), (10, 0), (11, 1), (4, 2), (5, 3), (6, 2), (7, 3), (8, 2), (9, 3), (10, 2), (11, 3)]
length: 16 76
Estimated difference between T3^fnT3 - (T2^WT3 + h.c.) is: -1.6964237351926984e-05 2.8778534893251464e-10
total cost: -7.734246267734508
singles alt: [(4, 0), (5, 1), (6, 0), (7, 1), (8, 0), (9, 1), (10, 0), (11, 1), (4, 2), (5, 3), (6, 2), (7, 3), (8, 2), (9, 3), (10, 2), (11, 3)]
length: 16 76
Estimated difference between T3^fnT3 - (T2^WT3 + h.c.) is: -1.6964237351930362e-05 2.8778534893262926e-10
total cost: -7.7342462677345045
singles alt: [(4, 0), (5, 1), (6, 0), (7, 1), (8, 0), (9, 1), (10, 0), (11, 1), (4, 2), (5, 3), (6, 2), (7, 3), (8, 2), (9, 3), (10, 2), (11, 3)]
length: 16 76
Estimated difference between T3^fnT3 - (T2^WT3 + h.c.) is: -1.6964237676072907e-05 2.877853599302915e-10
total cost: -7.734246264755659
singles alt: [(4, 0), (5, 1), (6, 0), (7, 1), (8, 0), (9, 1), (10, 0), (11, 1), (4, 2), (5, 3), (6, 2), (7, 3), (8, 2), (9, 3), (10, 2), (11, 3)]
length: 16 76
Estimated difference between T3^fnT3 - (T2^WT3 + h.c.) is: -1.6964237135098696e-05 2.877853415758616e-10
total cost: -7.734246268353977
singles alt: [(4, 0), (5, 1), (6, 0), (7, 1), (8, 0), (9, 1), (10, 0), (11, 1), (4, 2), (5, 3), (6, 2), (7, 3), (8, 2), (9, 3), (10, 2), (11, 3)]
length: 16 76
Estimated difference between T3^fnT3 - (T2^WT3 + h.c.) is: -1.6964236188116945e-05 2.8778530944621653e-10
total cost: -7.7342462696758885
singles alt: [(4, 0), (5, 1), (6, 0), (7, 1), (8, 0), (9, 1), (10, 0), (11, 1), (4, 2), (5, 3), (6, 2), (7, 3), (8, 2), (9, 3), (10, 2), (11, 3)]
length: 16 76
Estimated difference between T3^fnT3 - (T2^WT3 + h.c.) is: -1.696423710886854e-05 2.877853406859124e-10
total cost: -7.734246268090837
singles alt: [(4, 0), (5, 1), (6, 0), (7, 1), (8, 0), (9, 1), (10, 0), (11, 1), (4, 2), (5, 3), (6, 2), (7, 3), (8, 2), (9, 3), (10, 2), (11, 3)]
length: 16 76
Estimated difference between T3^fnT3 - (T2^WT3 + h.c.) is: -1.6964237351930054e-05 2.877853489326188e-10
total cost: -7.734246267734522
singles alt: [(4, 0), (5, 1), (6, 0), (7, 1), (8, 0), (9, 1), (10, 0), (11, 1), (4, 2), (5, 3), (6, 2), (7, 3), (8, 2), (9, 3), (10, 2), (11, 3)]
length: 16 76
Estimated difference between T3^fnT3 - (T2^WT3 + h.c.) is: -1.6964237351926984e-05 2.8778534893251464e-10
total cost: -7.734246267734507
singles alt: [(4, 0), (5, 1), (6, 0), (7, 1), (8, 0), (9, 1), (10, 0), (11, 1), (4, 2), (5, 3), (6, 2), (7, 3), (8, 2), (9, 3), (10, 2), (11, 3)]
length: 16 76
Estimated difference between T3^fnT3 - (T2^WT3 + h.c.) is: -1.6964237351930003e-05 2.8778534893261706e-10
total cost: -7.734246267734508
singles alt: [(4, 0), (5, 1), (6, 0), (7, 1), (8, 0), (9, 1), (10, 0), (11, 1), (4, 2), (5, 3), (6, 2), (7, 3), (8, 2), (9, 3), (10, 2), (11, 3)]
length: 16 76
Estimated difference between T3^fnT3 - (T2^WT3 + h.c.) is: -1.696423735193037e-05 2.877853489326295e-10
total cost: -7.7342462677345045
singles alt: [(4, 0), (5, 1), (6, 0), (7, 1), (8, 0), (9, 1), (10, 0), (11, 1), (4, 2), (5, 3), (6, 2), (7, 3), (8, 2), (9, 3), (10, 2), (11, 3)]
length: 16 76
Estimated difference between T3^fnT3 - (T2^WT3 + h.c.) is: -1.6964237351929444e-05 2.8778534893259814e-10
total cost: -7.734246267734522
singles alt: [(4, 0), (5, 1), (6, 0), (7, 1), (8, 0), (9, 1), (10, 0), (11, 1), (4, 2), (5, 3), (6, 2), (7, 3), (8, 2), (9, 3), (10, 2), (11, 3)]
length: 16 76
Estimated difference between T3^fnT3 - (T2^WT3 + h.c.) is: -1.6964237351927943e-05 2.877853489325472e-10
total cost: -7.734246267734507
singles alt: [(4, 0), (5, 1), (6, 0), (7, 1), (8, 0), (9, 1), (10, 0), (11, 1), (4, 2), (5, 3), (6, 2), (7, 3), (8, 2), (9, 3), (10, 2), (11, 3)]
length: 16 76
Estimated difference between T3^fnT3 - (T2^WT3 + h.c.) is: -1.69642373519286e-05 2.877853489325695e-10
total cost: -7.734246267734509
singles alt: [(4, 0), (5, 1), (6, 0), (7, 1), (8, 0), (9, 1), (10, 0), (11, 1), (4, 2), (5, 3), (6, 2), (7, 3), (8, 2), (9, 3), (10, 2), (11, 3)]
length: 16 76
Estimated difference between T3^fnT3 - (T2^WT3 + h.c.) is: -1.6964237351930633e-05 2.8778534893263846e-10
total cost: -7.734246267734505
singles alt: [(4, 0), (5, 1), (6, 0), (7, 1), (8, 0), (9, 1), (10, 0), (11, 1), (4, 2), (5, 3), (6, 2), (7, 3), (8, 2), (9, 3), (10, 2), (11, 3)]
length: 16 76
Estimated difference between T3^fnT3 - (T2^WT3 + h.c.) is: -1.696423777135391e-05 2.877853631630307e-10
total cost: -7.7342462652114765
singles alt: [(4, 0), (5, 1), (6, 0), (7, 1), (8, 0), (9, 1), (10, 0), (11, 1), (4, 2), (5, 3), (6, 2), (7, 3), (8, 2), (9, 3), (10, 2), (11, 3)]
length: 16 76
Estimated difference between T3^fnT3 - (T2^WT3 + h.c.) is: -1.6964237502125485e-05 2.877853540285207e-10
total cost: -7.734246266497767
singles alt: [(4, 0), (5, 1), (6, 0), (7, 1), (8, 0), (9, 1), (10, 0), (11, 1), (4, 2), (5, 3), (6, 2), (7, 3), (8, 2), (9, 3), (10, 2), (11, 3)]
length: 16 76
Estimated difference between T3^fnT3 - (T2^WT3 + h.c.) is: -1.6964237502125485e-05 2.877853540285207e-10
total cost: -7.734246266497735
singles alt: [(4, 0), (5, 1), (6, 0), (7, 1), (8, 0), (9, 1), (10, 0), (11, 1), (4, 2), (5, 3), (6, 2), (7, 3), (8, 2), (9, 3), (10, 2), (11, 3)]
length: 16 76
Estimated difference between T3^fnT3 - (T2^WT3 + h.c.) is: -1.6964237686126378e-05 2.8778536027139047e-10
total cost: -7.734246262376574
singles alt: [(4, 0), (5, 1), (6, 0), (7, 1), (8, 0), (9, 1), (10, 0), (11, 1), (4, 2), (5, 3), (6, 2), (7, 3), (8, 2), (9, 3), (10, 2), (11, 3)]
length: 16 76
Estimated difference between T3^fnT3 - (T2^WT3 + h.c.) is: -1.6964237351923464e-05 2.877853489323952e-10
total cost: -7.734246267734508
singles alt: [(4, 0), (5, 1), (6, 0), (7, 1), (8, 0), (9, 1), (10, 0), (11, 1), (4, 2), (5, 3), (6, 2), (7, 3), (8, 2), (9, 3), (10, 2), (11, 3)]
length: 16 76
Estimated difference between T3^fnT3 - (T2^WT3 + h.c.) is: -1.696423735192295e-05 2.8778534893237775e-10
total cost: -7.734246267734508
singles alt: [(4, 0), (5, 1), (6, 0), (7, 1), (8, 0), (9, 1), (10, 0), (11, 1), (4, 2), (5, 3), (6, 2), (7, 3), (8, 2), (9, 3), (10, 2), (11, 3)]
length: 16 76
Estimated difference between T3^fnT3 - (T2^WT3 + h.c.) is: -1.6964237351922956e-05 2.8778534893237795e-10
total cost: -7.734246267734507
singles alt: [(4, 0), (5, 1), (6, 0), (7, 1), (8, 0), (9, 1), (10, 0), (11, 1), (4, 2), (5, 3), (6, 2), (7, 3), (8, 2), (9, 3), (10, 2), (11, 3)]
length: 16 76
Estimated difference between T3^fnT3 - (T2^WT3 + h.c.) is: -1.6964237351923464e-05 2.877853489323952e-10
total cost: -7.734246267734507
singles alt: [(4, 0), (5, 1), (6, 0), (7, 1), (8, 0), (9, 1), (10, 0), (11, 1), (4, 2), (5, 3), (6, 2), (7, 3), (8, 2), (9, 3), (10, 2), (11, 3)]
length: 16 76
Estimated difference between T3^fnT3 - (T2^WT3 + h.c.) is: -1.6964236446492247e-05 2.8778531821249587e-10
total cost: -7.734246268994094
singles alt: [(4, 0), (5, 1), (6, 0), (7, 1), (8, 0), (9, 1), (10, 0), (11, 1), (4, 2), (5, 3), (6, 2), (7, 3), (8, 2), (9, 3), (10, 2), (11, 3)]
length: 16 76
Estimated difference between T3^fnT3 - (T2^WT3 + h.c.) is: -1.6964236446492243e-05 2.8778531821249577e-10
total cost: -7.734246268993732
singles alt: [(4, 0), (5, 1), (6, 0), (7, 1), (8, 0), (9, 1), (10, 0), (11, 1), (4, 2), (5, 3), (6, 2), (7, 3), (8, 2), (9, 3), (10, 2), (11, 3)]
length: 16 76
Estimated difference between T3^fnT3 - (T2^WT3 + h.c.) is: -1.6964236937988535e-05 2.8778533488821465e-10
total cost: -7.734246267734093
singles alt: [(4, 0), (5, 1), (6, 0), (7, 1), (8, 0), (9, 1), (10, 0), (11, 1), (4, 2), (5, 3), (6, 2), (7, 3), (8, 2), (9, 3), (10, 2), (11, 3)]
length: 16 76
Estimated difference between T3^fnT3 - (T2^WT3 + h.c.) is: -1.6964237765863498e-05 2.877853629767494e-10
total cost: -7.734246267734921
singles alt: [(4, 0), (5, 1), (6, 0), (7, 1), (8, 0), (9, 1), (10, 0), (11, 1), (4, 2), (5, 3), (6, 2), (7, 3), (8, 2), (9, 3), (10, 2), (11, 3)]
length: 16 76
Estimated difference between T3^fnT3 - (T2^WT3 + h.c.) is: -1.6964237351931297e-05 2.87785348932661e-10
total cost: -7.734246267734508
singles alt: [(4, 0), (5, 1), (6, 0), (7, 1), (8, 0), (9, 1), (10, 0), (11, 1), (4, 2), (5, 3), (6, 2), (7, 3), (8, 2), (9, 3), (10, 2), (11, 3)]
length: 16 76
Estimated difference between T3^fnT3 - (T2^WT3 + h.c.) is: -1.6964237351931345e-05 2.877853489326626e-10
total cost: -7.734246267734507
singles alt: [(4, 0), (5, 1), (6, 0), (7, 1), (8, 0), (9, 1), (10, 0), (11, 1), (4, 2), (5, 3), (6, 2), (7, 3), (8, 2), (9, 3), (10, 2), (11, 3)]
length: 16 76
Estimated difference between T3^fnT3 - (T2^WT3 + h.c.) is: -1.6964237351931345e-05 2.877853489326626e-10
total cost: -7.734246267734508
singles alt: [(4, 0), (5, 1), (6, 0), (7, 1), (8, 0), (9, 1), (10, 0), (11, 1), (4, 2), (5, 3), (6, 2), (7, 3), (8, 2), (9, 3), (10, 2), (11, 3)]
length: 16 76
Estimated difference between T3^fnT3 - (T2^WT3 + h.c.) is: -1.69642373519313e-05 2.877853489326611e-10
total cost: -7.734246267734508
singles alt: [(4, 0), (5, 1), (6, 0), (7, 1), (8, 0), (9, 1), (10, 0), (11, 1), (4, 2), (5, 3), (6, 2), (7, 3), (8, 2), (9, 3), (10, 2), (11, 3)]
length: 16 76
Estimated difference between T3^fnT3 - (T2^WT3 + h.c.) is: -1.6964237351930715e-05 2.877853489326412e-10
total cost: -7.734246268010405
singles alt: [(4, 0), (5, 1), (6, 0), (7, 1), (8, 0), (9, 1), (10, 0), (11, 1), (4, 2), (5, 3), (6, 2), (7, 3), (8, 2), (9, 3), (10, 2), (11, 3)]
length: 16 76
Estimated difference between T3^fnT3 - (T2^WT3 + h.c.) is: -1.6964237351930715e-05 2.877853489326412e-10
total cost: -7.734246268010073
singles alt: [(4, 0), (5, 1), (6, 0), (7, 1), (8, 0), (9, 1), (10, 0), (11, 1), (4, 2), (5, 3), (6, 2), (7, 3), (8, 2), (9, 3), (10, 2), (11, 3)]
length: 16 76
Estimated difference between T3^fnT3 - (T2^WT3 + h.c.) is: -1.6964237351930715e-05 2.877853489326412e-10
total cost: -7.734246267734507
singles alt: [(4, 0), (5, 1), (6, 0), (7, 1), (8, 0), (9, 1), (10, 0), (11, 1), (4, 2), (5, 3), (6, 2), (7, 3), (8, 2), (9, 3), (10, 2), (11, 3)]
length: 16 76
Estimated difference between T3^fnT3 - (T2^WT3 + h.c.) is: -1.6964237351930715e-05 2.877853489326412e-10
total cost: -7.734246267734506
singles alt: [(4, 0), (5, 1), (6, 0), (7, 1), (8, 0), (9, 1), (10, 0), (11, 1), (4, 2), (5, 3), (6, 2), (7, 3), (8, 2), (9, 3), (10, 2), (11, 3)]
length: 16 76
Estimated difference between T3^fnT3 - (T2^WT3 + h.c.) is: -1.6964237351930715e-05 2.877853489326412e-10
total cost: -7.734246267734507
singles alt: [(4, 0), (5, 1), (6, 0), (7, 1), (8, 0), (9, 1), (10, 0), (11, 1), (4, 2), (5, 3), (6, 2), (7, 3), (8, 2), (9, 3), (10, 2), (11, 3)]
length: 16 76
Estimated difference between T3^fnT3 - (T2^WT3 + h.c.) is: -1.6964237351930715e-05 2.877853489326412e-10
total cost: -7.734246267734508
singles alt: [(4, 0), (5, 1), (6, 0), (7, 1), (8, 0), (9, 1), (10, 0), (11, 1), (4, 2), (5, 3), (6, 2), (7, 3), (8, 2), (9, 3), (10, 2), (11, 3)]
length: 16 76
Estimated difference between T3^fnT3 - (T2^WT3 + h.c.) is: -1.6964237351930715e-05 2.877853489326412e-10
total cost: -7.734246267764472
singles alt: [(4, 0), (5, 1), (6, 0), (7, 1), (8, 0), (9, 1), (10, 0), (11, 1), (4, 2), (5, 3), (6, 2), (7, 3), (8, 2), (9, 3), (10, 2), (11, 3)]
length: 16 76
Estimated difference between T3^fnT3 - (T2^WT3 + h.c.) is: -1.6964237351930715e-05 2.877853489326412e-10
total cost: -7.7342462677643535
singles alt: [(4, 0), (5, 1), (6, 0), (7, 1), (8, 0), (9, 1), (10, 0), (11, 1), (4, 2), (5, 3), (6, 2), (7, 3), (8, 2), (9, 3), (10, 2), (11, 3)]
length: 16 76
Estimated difference between T3^fnT3 - (T2^WT3 + h.c.) is: -1.6964237351930715e-05 2.877853489326412e-10
total cost: -7.734246267849312
singles alt: [(4, 0), (5, 1), (6, 0), (7, 1), (8, 0), (9, 1), (10, 0), (11, 1), (4, 2), (5, 3), (6, 2), (7, 3), (8, 2), (9, 3), (10, 2), (11, 3)]
length: 16 76
Estimated difference between T3^fnT3 - (T2^WT3 + h.c.) is: -1.6964237351930715e-05 2.877853489326412e-10
total cost: -7.734246267847812
singles alt: [(4, 0), (5, 1), (6, 0), (7, 1), (8, 0), (9, 1), (10, 0), (11, 1), (4, 2), (5, 3), (6, 2), (7, 3), (8, 2), (9, 3), (10, 2), (11, 3)]
length: 16 76
Estimated difference between T3^fnT3 - (T2^WT3 + h.c.) is: -1.6964237351930715e-05 2.877853489326412e-10
total cost: -7.734246267734504
singles alt: [(4, 0), (5, 1), (6, 0), (7, 1), (8, 0), (9, 1), (10, 0), (11, 1), (4, 2), (5, 3), (6, 2), (7, 3), (8, 2), (9, 3), (10, 2), (11, 3)]
length: 16 76
Estimated difference between T3^fnT3 - (T2^WT3 + h.c.) is: -1.6964237351930715e-05 2.877853489326412e-10
total cost: -7.734246267734504
singles alt: [(4, 0), (5, 1), (6, 0), (7, 1), (8, 0), (9, 1), (10, 0), (11, 1), (4, 2), (5, 3), (6, 2), (7, 3), (8, 2), (9, 3), (10, 2), (11, 3)]
length: 16 76
Estimated difference between T3^fnT3 - (T2^WT3 + h.c.) is: -1.6964237351930715e-05 2.877853489326412e-10
total cost: -7.734246267734505
singles alt: [(4, 0), (5, 1), (6, 0), (7, 1), (8, 0), (9, 1), (10, 0), (11, 1), (4, 2), (5, 3), (6, 2), (7, 3), (8, 2), (9, 3), (10, 2), (11, 3)]
length: 16 76
Estimated difference between T3^fnT3 - (T2^WT3 + h.c.) is: -1.6964237351930715e-05 2.877853489326412e-10
total cost: -7.7342462677345045
singles alt: [(4, 0), (5, 1), (6, 0), (7, 1), (8, 0), (9, 1), (10, 0), (11, 1), (4, 2), (5, 3), (6, 2), (7, 3), (8, 2), (9, 3), (10, 2), (11, 3)]
length: 16 76
Estimated difference between T3^fnT3 - (T2^WT3 + h.c.) is: -1.6964237351930715e-05 2.877853489326412e-10
total cost: -7.734246267665439
singles alt: [(4, 0), (5, 1), (6, 0), (7, 1), (8, 0), (9, 1), (10, 0), (11, 1), (4, 2), (5, 3), (6, 2), (7, 3), (8, 2), (9, 3), (10, 2), (11, 3)]
length: 16 76
Estimated difference between T3^fnT3 - (T2^WT3 + h.c.) is: -1.6964237351930715e-05 2.877853489326412e-10
total cost: -7.734246267665023
singles alt: [(4, 0), (5, 1), (6, 0), (7, 1), (8, 0), (9, 1), (10, 0), (11, 1), (4, 2), (5, 3), (6, 2), (7, 3), (8, 2), (9, 3), (10, 2), (11, 3)]
length: 16 76
Estimated difference between T3^fnT3 - (T2^WT3 + h.c.) is: -2.0871428628912076e-06 4.3561653301177064e-12
total cost: -7.781484054169592
singles alt: [(4, 0), (5, 1), (6, 0), (7, 1), (8, 0), (9, 1), (10, 0), (11, 1), (4, 2), (5, 3), (6, 2), (7, 3), (8, 2), (9, 3), (10, 2), (11, 3)]
length: 16 76
Estimated difference between T3^fnT3 - (T2^WT3 + h.c.) is: -2.0871436969789287e-06 4.35616881183887e-12
total cost: -7.781484052548441
singles alt: [(4, 0), (5, 1), (6, 0), (7, 1), (8, 0), (9, 1), (10, 0), (11, 1), (4, 2), (5, 3), (6, 2), (7, 3), (8, 2), (9, 3), (10, 2), (11, 3)]
length: 16 76
Estimated difference between T3^fnT3 - (T2^WT3 + h.c.) is: -2.087142953375494e-06 4.35616570782498e-12
total cost: -7.781484054190104
singles alt: [(4, 0), (5, 1), (6, 0), (7, 1), (8, 0), (9, 1), (10, 0), (11, 1), (4, 2), (5, 3), (6, 2), (7, 3), (8, 2), (9, 3), (10, 2), (11, 3)]
length: 16 76
Estimated difference between T3^fnT3 - (T2^WT3 + h.c.) is: -2.087142953375494e-06 4.35616570782498e-12
total cost: -7.781484054190089
singles alt: [(4, 0), (5, 1), (6, 0), (7, 1), (8, 0), (9, 1), (10, 0), (11, 1), (4, 2), (5, 3), (6, 2), (7, 3), (8, 2), (9, 3), (10, 2), (11, 3)]
length: 16 76
Estimated difference between T3^fnT3 - (T2^WT3 + h.c.) is: -2.0871429526135676e-06 4.356165704644481e-12
total cost: -7.781484054316806
singles alt: [(4, 0), (5, 1), (6, 0), (7, 1), (8, 0), (9, 1), (10, 0), (11, 1), (4, 2), (5, 3), (6, 2), (7, 3), (8, 2), (9, 3), (10, 2), (11, 3)]
length: 16 76
Estimated difference between T3^fnT3 - (T2^WT3 + h.c.) is: -2.0871428628905134e-06 4.356165330114809e-12
total cost: -7.781484054169595
singles alt: [(4, 0), (5, 1), (6, 0), (7, 1), (8, 0), (9, 1), (10, 0), (11, 1), (4, 2), (5, 3), (6, 2), (7, 3), (8, 2), (9, 3), (10, 2), (11, 3)]
length: 16 76
Estimated difference between T3^fnT3 - (T2^WT3 + h.c.) is: -2.0871428628887812e-06 4.3561653301075775e-12
total cost: -7.781484054169593
singles alt: [(4, 0), (5, 1), (6, 0), (7, 1), (8, 0), (9, 1), (10, 0), (11, 1), (4, 2), (5, 3), (6, 2), (7, 3), (8, 2), (9, 3), (10, 2), (11, 3)]
length: 16 76
Estimated difference between T3^fnT3 - (T2^WT3 + h.c.) is: -2.087142862890219e-06 4.35616533011358e-12
total cost: -7.781484054169593
singles alt: [(4, 0), (5, 1), (6, 0), (7, 1), (8, 0), (9, 1), (10, 0), (11, 1), (4, 2), (5, 3), (6, 2), (7, 3), (8, 2), (9, 3), (10, 2), (11, 3)]
length: 16 76
Estimated difference between T3^fnT3 - (T2^WT3 + h.c.) is: -2.087142862891074e-06 4.356165330117149e-12
total cost: -7.781484054169591
singles alt: [(4, 0), (5, 1), (6, 0), (7, 1), (8, 0), (9, 1), (10, 0), (11, 1), (4, 2), (5, 3), (6, 2), (7, 3), (8, 2), (9, 3), (10, 2), (11, 3)]
length: 16 76
Estimated difference between T3^fnT3 - (T2^WT3 + h.c.) is: -2.087142862890286e-06 4.356165330113859e-12
total cost: -7.781484054169594
singles alt: [(4, 0), (5, 1), (6, 0), (7, 1), (8, 0), (9, 1), (10, 0), (11, 1), (4, 2), (5, 3), (6, 2), (7, 3), (8, 2), (9, 3), (10, 2), (11, 3)]
length: 16 76
Estimated difference between T3^fnT3 - (T2^WT3 + h.c.) is: -2.087142862889198e-06 4.3561653301093175e-12
total cost: -7.781484054169593
singles alt: [(4, 0), (5, 1), (6, 0), (7, 1), (8, 0), (9, 1), (10, 0), (11, 1), (4, 2), (5, 3), (6, 2), (7, 3), (8, 2), (9, 3), (10, 2), (11, 3)]
length: 16 76
Estimated difference between T3^fnT3 - (T2^WT3 + h.c.) is: -2.087142862889899e-06 4.356165330112243e-12
total cost: -7.781484054169593
singles alt: [(4, 0), (5, 1), (6, 0), (7, 1), (8, 0), (9, 1), (10, 0), (11, 1), (4, 2), (5, 3), (6, 2), (7, 3), (8, 2), (9, 3), (10, 2), (11, 3)]
length: 16 76
Estimated difference between T3^fnT3 - (T2^WT3 + h.c.) is: -2.0871428628910894e-06 4.356165330117213e-12
total cost: -7.781484054169592
singles alt: [(4, 0), (5, 1), (6, 0), (7, 1), (8, 0), (9, 1), (10, 0), (11, 1), (4, 2), (5, 3), (6, 2), (7, 3), (8, 2), (9, 3), (10, 2), (11, 3)]
length: 16 76
Estimated difference between T3^fnT3 - (T2^WT3 + h.c.) is: -2.087142976586855e-06 4.356165804715837e-12
total cost: -7.78148405330165
singles alt: [(4, 0), (5, 1), (6, 0), (7, 1), (8, 0), (9, 1), (10, 0), (11, 1), (4, 2), (5, 3), (6, 2), (7, 3), (8, 2), (9, 3), (10, 2), (11, 3)]
length: 16 76
Estimated difference between T3^fnT3 - (T2^WT3 + h.c.) is: -2.0871424546731006e-06 4.356163626098856e-12
total cost: -7.781484054609953
singles alt: [(4, 0), (5, 1), (6, 0), (7, 1), (8, 0), (9, 1), (10, 0), (11, 1), (4, 2), (5, 3), (6, 2), (7, 3), (8, 2), (9, 3), (10, 2), (11, 3)]
length: 16 76
Estimated difference between T3^fnT3 - (T2^WT3 + h.c.) is: -2.0871427868355056e-06 4.356165012639481e-12
total cost: -7.78148405430844
singles alt: [(4, 0), (5, 1), (6, 0), (7, 1), (8, 0), (9, 1), (10, 0), (11, 1), (4, 2), (5, 3), (6, 2), (7, 3), (8, 2), (9, 3), (10, 2), (11, 3)]
length: 16 76
Estimated difference between T3^fnT3 - (T2^WT3 + h.c.) is: -2.0871427776351044e-06 4.356164974234379e-12
total cost: -7.7814840537441645
singles alt: [(4, 0), (5, 1), (6, 0), (7, 1), (8, 0), (9, 1), (10, 0), (11, 1), (4, 2), (5, 3), (6, 2), (7, 3), (8, 2), (9, 3), (10, 2), (11, 3)]
length: 16 76
Estimated difference between T3^fnT3 - (T2^WT3 + h.c.) is: -2.0871428628902856e-06 4.356165330113857e-12
total cost: -7.781484054169594
singles alt: [(4, 0), (5, 1), (6, 0), (7, 1), (8, 0), (9, 1), (10, 0), (11, 1), (4, 2), (5, 3), (6, 2), (7, 3), (8, 2), (9, 3), (10, 2), (11, 3)]
length: 16 76
Estimated difference between T3^fnT3 - (T2^WT3 + h.c.) is: -2.0871428628898993e-06 4.356165330112245e-12
total cost: -7.781484054169593
singles alt: [(4, 0), (5, 1), (6, 0), (7, 1), (8, 0), (9, 1), (10, 0), (11, 1), (4, 2), (5, 3), (6, 2), (7, 3), (8, 2), (9, 3), (10, 2), (11, 3)]
length: 16 76
Estimated difference between T3^fnT3 - (T2^WT3 + h.c.) is: -2.087142862889198e-06 4.3561653301093175e-12
total cost: -7.781484054169593
singles alt: [(4, 0), (5, 1), (6, 0), (7, 1), (8, 0), (9, 1), (10, 0), (11, 1), (4, 2), (5, 3), (6, 2), (7, 3), (8, 2), (9, 3), (10, 2), (11, 3)]
length: 16 76
Estimated difference between T3^fnT3 - (T2^WT3 + h.c.) is: -2.087142862891089e-06 4.356165330117211e-12
total cost: -7.781484054169592
singles alt: [(4, 0), (5, 1), (6, 0), (7, 1), (8, 0), (9, 1), (10, 0), (11, 1), (4, 2), (5, 3), (6, 2), (7, 3), (8, 2), (9, 3), (10, 2), (11, 3)]
length: 16 76
Estimated difference between T3^fnT3 - (T2^WT3 + h.c.) is: -2.0871431573742e-06 4.3561665593739456e-12
total cost: -7.781484053349909
singles alt: [(4, 0), (5, 1), (6, 0), (7, 1), (8, 0), (9, 1), (10, 0), (11, 1), (4, 2), (5, 3), (6, 2), (7, 3), (8, 2), (9, 3), (10, 2), (11, 3)]
length: 16 76
Estimated difference between T3^fnT3 - (T2^WT3 + h.c.) is: -2.087143539801096e-06 4.35616815573345e-12
total cost: -7.781484053985447
singles alt: [(4, 0), (5, 1), (6, 0), (7, 1), (8, 0), (9, 1), (10, 0), (11, 1), (4, 2), (5, 3), (6, 2), (7, 3), (8, 2), (9, 3), (10, 2), (11, 3)]
length: 16 76
Estimated difference between T3^fnT3 - (T2^WT3 + h.c.) is: -2.0871433335328124e-06 4.35616729471046e-12
total cost: -7.78148405398533
singles alt: [(4, 0), (5, 1), (6, 0), (7, 1), (8, 0), (9, 1), (10, 0), (11, 1), (4, 2), (5, 3), (6, 2), (7, 3), (8, 2), (9, 3), (10, 2), (11, 3)]
length: 16 76
Estimated difference between T3^fnT3 - (T2^WT3 + h.c.) is: -2.087142981361877e-06 4.356165824648144e-12
total cost: -7.781484054513899
singles alt: [(4, 0), (5, 1), (6, 0), (7, 1), (8, 0), (9, 1), (10, 0), (11, 1), (4, 2), (5, 3), (6, 2), (7, 3), (8, 2), (9, 3), (10, 2), (11, 3)]
length: 16 76
Estimated difference between T3^fnT3 - (T2^WT3 + h.c.) is: -2.0871429059779046e-06 4.3561655099738924e-12
total cost: -7.781484054169637
singles alt: [(4, 0), (5, 1), (6, 0), (7, 1), (8, 0), (9, 1), (10, 0), (11, 1), (4, 2), (5, 3), (6, 2), (7, 3), (8, 2), (9, 3), (10, 2), (11, 3)]
length: 16 76
Estimated difference between T3^fnT3 - (T2^WT3 + h.c.) is: -2.0871429508085497e-06 4.35616569710982e-12
total cost: -7.781484054169681
singles alt: [(4, 0), (5, 1), (6, 0), (7, 1), (8, 0), (9, 1), (10, 0), (11, 1), (4, 2), (5, 3), (6, 2), (7, 3), (8, 2), (9, 3), (10, 2), (11, 3)]
length: 16 76
Estimated difference between T3^fnT3 - (T2^WT3 + h.c.) is: -2.0871429508085506e-06 4.356165697109824e-12
total cost: -7.781484054169681
singles alt: [(4, 0), (5, 1), (6, 0), (7, 1), (8, 0), (9, 1), (10, 0), (11, 1), (4, 2), (5, 3), (6, 2), (7, 3), (8, 2), (9, 3), (10, 2), (11, 3)]
length: 16 76
Estimated difference between T3^fnT3 - (T2^WT3 + h.c.) is: -2.087142900979203e-06 4.356165489107884e-12
total cost: -7.78148405416963
singles alt: [(4, 0), (5, 1), (6, 0), (7, 1), (8, 0), (9, 1), (10, 0), (11, 1), (4, 2), (5, 3), (6, 2), (7, 3), (8, 2), (9, 3), (10, 2), (11, 3)]
length: 16 76
Estimated difference between T3^fnT3 - (T2^WT3 + h.c.) is: -2.0871428628907904e-06 4.356165330115965e-12
total cost: -7.781484054169599
singles alt: [(4, 0), (5, 1), (6, 0), (7, 1), (8, 0), (9, 1), (10, 0), (11, 1), (4, 2), (5, 3), (6, 2), (7, 3), (8, 2), (9, 3), (10, 2), (11, 3)]
length: 16 76
Estimated difference between T3^fnT3 - (T2^WT3 + h.c.) is: -2.087142862890587e-06 4.356165330115116e-12
total cost: -7.781484054169593
singles alt: [(4, 0), (5, 1), (6, 0), (7, 1), (8, 0), (9, 1), (10, 0), (11, 1), (4, 2), (5, 3), (6, 2), (7, 3), (8, 2), (9, 3), (10, 2), (11, 3)]
length: 16 76
Estimated difference between T3^fnT3 - (T2^WT3 + h.c.) is: -2.0871428628903906e-06 4.356165330114296e-12
total cost: -7.781484054169594
singles alt: [(4, 0), (5, 1), (6, 0), (7, 1), (8, 0), (9, 1), (10, 0), (11, 1), (4, 2), (5, 3), (6, 2), (7, 3), (8, 2), (9, 3), (10, 2), (11, 3)]
length: 16 76
Estimated difference between T3^fnT3 - (T2^WT3 + h.c.) is: -2.087142862891191e-06 4.356165330117637e-12
total cost: -7.781484054169591
singles alt: [(4, 0), (5, 1), (6, 0), (7, 1), (8, 0), (9, 1), (10, 0), (11, 1), (4, 2), (5, 3), (6, 2), (7, 3), (8, 2), (9, 3), (10, 2), (11, 3)]
length: 16 76
Estimated difference between T3^fnT3 - (T2^WT3 + h.c.) is: -2.087142862890513e-06 4.3561653301148064e-12
total cost: -7.781484054169594
singles alt: [(4, 0), (5, 1), (6, 0), (7, 1), (8, 0), (9, 1), (10, 0), (11, 1), (4, 2), (5, 3), (6, 2), (7, 3), (8, 2), (9, 3), (10, 2), (11, 3)]
length: 16 76
Estimated difference between T3^fnT3 - (T2^WT3 + h.c.) is: -2.0871428628902182e-06 4.356165330113576e-12
total cost: -7.781484054169593
singles alt: [(4, 0), (5, 1), (6, 0), (7, 1), (8, 0), (9, 1), (10, 0), (11, 1), (4, 2), (5, 3), (6, 2), (7, 3), (8, 2), (9, 3), (10, 2), (11, 3)]
length: 16 76
Estimated difference between T3^fnT3 - (T2^WT3 + h.c.) is: -2.0871428628887812e-06 4.3561653301075775e-12
total cost: -7.781484054169593
singles alt: [(4, 0), (5, 1), (6, 0), (7, 1), (8, 0), (9, 1), (10, 0), (11, 1), (4, 2), (5, 3), (6, 2), (7, 3), (8, 2), (9, 3), (10, 2), (11, 3)]
length: 16 76
Estimated difference between T3^fnT3 - (T2^WT3 + h.c.) is: -2.0871428628910733e-06 4.356165330117146e-12
total cost: -7.781484054169592
singles alt: [(4, 0), (5, 1), (6, 0), (7, 1), (8, 0), (9, 1), (10, 0), (11, 1), (4, 2), (5, 3), (6, 2), (7, 3), (8, 2), (9, 3), (10, 2), (11, 3)]
length: 16 76
Estimated difference between T3^fnT3 - (T2^WT3 + h.c.) is: -2.0871429059779046e-06 4.3561655099738924e-12
total cost: -7.7814840541696375
singles alt: [(4, 0), (5, 1), (6, 0), (7, 1), (8, 0), (9, 1), (10, 0), (11, 1), (4, 2), (5, 3), (6, 2), (7, 3), (8, 2), (9, 3), (10, 2), (11, 3)]
length: 16 76
Estimated difference between T3^fnT3 - (T2^WT3 + h.c.) is: -2.08714295080855e-06 4.356165697109822e-12
total cost: -7.781484054169681
singles alt: [(4, 0), (5, 1), (6, 0), (7, 1), (8, 0), (9, 1), (10, 0), (11, 1), (4, 2), (5, 3), (6, 2), (7, 3), (8, 2), (9, 3), (10, 2), (11, 3)]
length: 16 76
Estimated difference between T3^fnT3 - (T2^WT3 + h.c.) is: -2.0871429508085506e-06 4.356165697109824e-12
total cost: -7.781484054169681
singles alt: [(4, 0), (5, 1), (6, 0), (7, 1), (8, 0), (9, 1), (10, 0), (11, 1), (4, 2), (5, 3), (6, 2), (7, 3), (8, 2), (9, 3), (10, 2), (11, 3)]
length: 16 76
Estimated difference between T3^fnT3 - (T2^WT3 + h.c.) is: -2.087142900979203e-06 4.356165489107884e-12
total cost: -7.7814840541696295
singles alt: [(4, 0), (5, 1), (6, 0), (7, 1), (8, 0), (9, 1), (10, 0), (11, 1), (4, 2), (5, 3), (6, 2), (7, 3), (8, 2), (9, 3), (10, 2), (11, 3)]
length: 16 76
Estimated difference between T3^fnT3 - (T2^WT3 + h.c.) is: -2.0871431573741993e-06 4.3561665593739415e-12
total cost: -7.781484053350015
singles alt: [(4, 0), (5, 1), (6, 0), (7, 1), (8, 0), (9, 1), (10, 0), (11, 1), (4, 2), (5, 3), (6, 2), (7, 3), (8, 2), (9, 3), (10, 2), (11, 3)]
length: 16 76
Estimated difference between T3^fnT3 - (T2^WT3 + h.c.) is: -2.0871433335328124e-06 4.35616729471046e-12
total cost: -7.781484053985411
singles alt: [(4, 0), (5, 1), (6, 0), (7, 1), (8, 0), (9, 1), (10, 0), (11, 1), (4, 2), (5, 3), (6, 2), (7, 3), (8, 2), (9, 3), (10, 2), (11, 3)]
length: 16 76
Estimated difference between T3^fnT3 - (T2^WT3 + h.c.) is: -2.087143539801096e-06 4.35616815573345e-12
total cost: -7.781484053985717
singles alt: [(4, 0), (5, 1), (6, 0), (7, 1), (8, 0), (9, 1), (10, 0), (11, 1), (4, 2), (5, 3), (6, 2), (7, 3), (8, 2), (9, 3), (10, 2), (11, 3)]
length: 16 76
Estimated difference between T3^fnT3 - (T2^WT3 + h.c.) is: -2.087142981361877e-06 4.356165824648144e-12
total cost: -7.7814840545139505
singles alt: [(4, 0), (5, 1), (6, 0), (7, 1), (8, 0), (9, 1), (10, 0), (11, 1), (4, 2), (5, 3), (6, 2), (7, 3), (8, 2), (9, 3), (10, 2), (11, 3)]
length: 16 76
Estimated difference between T3^fnT3 - (T2^WT3 + h.c.) is: -2.0871428628909916e-06 4.356165330116804e-12
total cost: -7.781484054169599
singles alt: [(4, 0), (5, 1), (6, 0), (7, 1), (8, 0), (9, 1), (10, 0), (11, 1), (4, 2), (5, 3), (6, 2), (7, 3), (8, 2), (9, 3), (10, 2), (11, 3)]
length: 16 76
Estimated difference between T3^fnT3 - (T2^WT3 + h.c.) is: -2.0871428628910504e-06 4.3561653301170505e-12
total cost: -7.781484054169593
singles alt: [(4, 0), (5, 1), (6, 0), (7, 1), (8, 0), (9, 1), (10, 0), (11, 1), (4, 2), (5, 3), (6, 2), (7, 3), (8, 2), (9, 3), (10, 2), (11, 3)]
length: 16 76
Estimated difference between T3^fnT3 - (T2^WT3 + h.c.) is: -2.0871428628900874e-06 4.35616533011303e-12
total cost: -7.781484054169594
singles alt: [(4, 0), (5, 1), (6, 0), (7, 1), (8, 0), (9, 1), (10, 0), (11, 1), (4, 2), (5, 3), (6, 2), (7, 3), (8, 2), (9, 3), (10, 2), (11, 3)]
length: 16 76
Estimated difference between T3^fnT3 - (T2^WT3 + h.c.) is: -2.087142862891096e-06 4.356165330117241e-12
total cost: -7.781484054169591
singles alt: [(4, 0), (5, 1), (6, 0), (7, 1), (8, 0), (9, 1), (10, 0), (11, 1), (4, 2), (5, 3), (6, 2), (7, 3), (8, 2), (9, 3), (10, 2), (11, 3)]
length: 16 76
Estimated difference between T3^fnT3 - (T2^WT3 + h.c.) is: -2.087142976587039e-06 4.356165804716606e-12
total cost: -7.781484053301465
singles alt: [(4, 0), (5, 1), (6, 0), (7, 1), (8, 0), (9, 1), (10, 0), (11, 1), (4, 2), (5, 3), (6, 2), (7, 3), (8, 2), (9, 3), (10, 2), (11, 3)]
length: 16 76
Estimated difference between T3^fnT3 - (T2^WT3 + h.c.) is: -2.0871427868355056e-06 4.356165012639481e-12
total cost: -7.781484054308416
singles alt: [(4, 0), (5, 1), (6, 0), (7, 1), (8, 0), (9, 1), (10, 0), (11, 1), (4, 2), (5, 3), (6, 2), (7, 3), (8, 2), (9, 3), (10, 2), (11, 3)]
length: 16 76
Estimated difference between T3^fnT3 - (T2^WT3 + h.c.) is: -2.0871424546731006e-06 4.356163626098856e-12
total cost: -7.781484054609387
singles alt: [(4, 0), (5, 1), (6, 0), (7, 1), (8, 0), (9, 1), (10, 0), (11, 1), (4, 2), (5, 3), (6, 2), (7, 3), (8, 2), (9, 3), (10, 2), (11, 3)]
length: 16 76
Estimated difference between T3^fnT3 - (T2^WT3 + h.c.) is: -2.0871427776349587e-06 4.356164974233771e-12
total cost: -7.781484053743843
singles alt: [(4, 0), (5, 1), (6, 0), (7, 1), (8, 0), (9, 1), (10, 0), (11, 1), (4, 2), (5, 3), (6, 2), (7, 3), (8, 2), (9, 3), (10, 2), (11, 3)]
length: 16 76
Estimated difference between T3^fnT3 - (T2^WT3 + h.c.) is: -2.087142862890992e-06 4.3561653301168065e-12
total cost: -7.781484054169599
singles alt: [(4, 0), (5, 1), (6, 0), (7, 1), (8, 0), (9, 1), (10, 0), (11, 1), (4, 2), (5, 3), (6, 2), (7, 3), (8, 2), (9, 3), (10, 2), (11, 3)]
length: 16 76
Estimated difference between T3^fnT3 - (T2^WT3 + h.c.) is: -2.087142862890087e-06 4.3561653301130285e-12
total cost: -7.781484054169593
singles alt: [(4, 0), (5, 1), (6, 0), (7, 1), (8, 0), (9, 1), (10, 0), (11, 1), (4, 2), (5, 3), (6, 2), (7, 3), (8, 2), (9, 3), (10, 2), (11, 3)]
length: 16 76
Estimated difference between T3^fnT3 - (T2^WT3 + h.c.) is: -2.087142862891051e-06 4.356165330117052e-12
total cost: -7.781484054169594
singles alt: [(4, 0), (5, 1), (6, 0), (7, 1), (8, 0), (9, 1), (10, 0), (11, 1), (4, 2), (5, 3), (6, 2), (7, 3), (8, 2), (9, 3), (10, 2), (11, 3)]
length: 16 76
Estimated difference between T3^fnT3 - (T2^WT3 + h.c.) is: -2.087142862891097e-06 4.356165330117244e-12
total cost: -7.781484054169591
singles alt: [(4, 0), (5, 1), (6, 0), (7, 1), (8, 0), (9, 1), (10, 0), (11, 1), (4, 2), (5, 3), (6, 2), (7, 3), (8, 2), (9, 3), (10, 2), (11, 3)]
length: 16 76
Estimated difference between T3^fnT3 - (T2^WT3 + h.c.) is: -2.0871428628907904e-06 4.356165330115965e-12
total cost: -7.781484054169598
singles alt: [(4, 0), (5, 1), (6, 0), (7, 1), (8, 0), (9, 1), (10, 0), (11, 1), (4, 2), (5, 3), (6, 2), (7, 3), (8, 2), (9, 3), (10, 2), (11, 3)]
length: 16 76
Estimated difference between T3^fnT3 - (T2^WT3 + h.c.) is: -2.087142862890391e-06 4.3561653301142975e-12
total cost: -7.781484054169593
singles alt: [(4, 0), (5, 1), (6, 0), (7, 1), (8, 0), (9, 1), (10, 0), (11, 1), (4, 2), (5, 3), (6, 2), (7, 3), (8, 2), (9, 3), (10, 2), (11, 3)]
length: 16 76
Estimated difference between T3^fnT3 - (T2^WT3 + h.c.) is: -2.087142862890587e-06 4.356165330115116e-12
total cost: -7.781484054169593
singles alt: [(4, 0), (5, 1), (6, 0), (7, 1), (8, 0), (9, 1), (10, 0), (11, 1), (4, 2), (5, 3), (6, 2), (7, 3), (8, 2), (9, 3), (10, 2), (11, 3)]
length: 16 76
Estimated difference between T3^fnT3 - (T2^WT3 + h.c.) is: -2.087142862891191e-06 4.356165330117637e-12
total cost: -7.781484054169592
singles alt: [(4, 0), (5, 1), (6, 0), (7, 1), (8, 0), (9, 1), (10, 0), (11, 1), (4, 2), (5, 3), (6, 2), (7, 3), (8, 2), (9, 3), (10, 2), (11, 3)]
length: 16 76
Estimated difference between T3^fnT3 - (T2^WT3 + h.c.) is: -2.087143010007723e-06 4.356165944224098e-12
total cost: -7.781484053414456
singles alt: [(4, 0), (5, 1), (6, 0), (7, 1), (8, 0), (9, 1), (10, 0), (11, 1), (4, 2), (5, 3), (6, 2), (7, 3), (8, 2), (9, 3), (10, 2), (11, 3)]
length: 16 76
Estimated difference between T3^fnT3 - (T2^WT3 + h.c.) is: -2.087142915573475e-06 4.356165550028546e-12
total cost: -7.78148405388724
singles alt: [(4, 0), (5, 1), (6, 0), (7, 1), (8, 0), (9, 1), (10, 0), (11, 1), (4, 2), (5, 3), (6, 2), (7, 3), (8, 2), (9, 3), (10, 2), (11, 3)]
length: 16 76
Estimated difference between T3^fnT3 - (T2^WT3 + h.c.) is: -2.087142915573474e-06 4.3561655500285424e-12
total cost: -7.78148405388724
singles alt: [(4, 0), (5, 1), (6, 0), (7, 1), (8, 0), (9, 1), (10, 0), (11, 1), (4, 2), (5, 3), (6, 2), (7, 3), (8, 2), (9, 3), (10, 2), (11, 3)]
length: 16 76
Estimated difference between T3^fnT3 - (T2^WT3 + h.c.) is: -2.0871429801133783e-06 4.356165819436554e-12
total cost: -7.78148405462674
singles alt: [(4, 0), (5, 1), (6, 0), (7, 1), (8, 0), (9, 1), (10, 0), (11, 1), (4, 2), (5, 3), (6, 2), (7, 3), (8, 2), (9, 3), (10, 2), (11, 3)]
length: 16 76
Estimated difference between T3^fnT3 - (T2^WT3 + h.c.) is: -2.08714286288917e-06 4.356165330109201e-12
total cost: -7.781484054169593
singles alt: [(4, 0), (5, 1), (6, 0), (7, 1), (8, 0), (9, 1), (10, 0), (11, 1), (4, 2), (5, 3), (6, 2), (7, 3), (8, 2), (9, 3), (10, 2), (11, 3)]
length: 16 76
Estimated difference between T3^fnT3 - (T2^WT3 + h.c.) is: -2.0871428628890417e-06 4.356165330108665e-12
total cost: -7.781484054169593
singles alt: [(4, 0), (5, 1), (6, 0), (7, 1), (8, 0), (9, 1), (10, 0), (11, 1), (4, 2), (5, 3), (6, 2), (7, 3), (8, 2), (9, 3), (10, 2), (11, 3)]
length: 16 76
Estimated difference between T3^fnT3 - (T2^WT3 + h.c.) is: -2.0871428628890413e-06 4.356165330108663e-12
total cost: -7.781484054169593
singles alt: [(4, 0), (5, 1), (6, 0), (7, 1), (8, 0), (9, 1), (10, 0), (11, 1), (4, 2), (5, 3), (6, 2), (7, 3), (8, 2), (9, 3), (10, 2), (11, 3)]
length: 16 76
Estimated difference between T3^fnT3 - (T2^WT3 + h.c.) is: -2.087142862889171e-06 4.356165330109204e-12
total cost: -7.781484054169594
singles alt: [(4, 0), (5, 1), (6, 0), (7, 1), (8, 0), (9, 1), (10, 0), (11, 1), (4, 2), (5, 3), (6, 2), (7, 3), (8, 2), (9, 3), (10, 2), (11, 3)]
length: 16 76
Estimated difference between T3^fnT3 - (T2^WT3 + h.c.) is: -2.087142545300599e-06 4.3561640044038625e-12
total cost: -7.781484054467137
singles alt: [(4, 0), (5, 1), (6, 0), (7, 1), (8, 0), (9, 1), (10, 0), (11, 1), (4, 2), (5, 3), (6, 2), (7, 3), (8, 2), (9, 3), (10, 2), (11, 3)]
length: 16 76
Estimated difference between T3^fnT3 - (T2^WT3 + h.c.) is: -2.0871425453005997e-06 4.356164004403866e-12
total cost: -7.781484054467119
singles alt: [(4, 0), (5, 1), (6, 0), (7, 1), (8, 0), (9, 1), (10, 0), (11, 1), (4, 2), (5, 3), (6, 2), (7, 3), (8, 2), (9, 3), (10, 2), (11, 3)]
length: 16 76
Estimated difference between T3^fnT3 - (T2^WT3 + h.c.) is: -2.087142717697665e-06 4.3561647240383955e-12
total cost: -7.781484054169448
singles alt: [(4, 0), (5, 1), (6, 0), (7, 1), (8, 0), (9, 1), (10, 0), (11, 1), (4, 2), (5, 3), (6, 2), (7, 3), (8, 2), (9, 3), (10, 2), (11, 3)]
length: 16 76
Estimated difference between T3^fnT3 - (T2^WT3 + h.c.) is: -2.0871430080823253e-06 4.356165936186938e-12
total cost: -7.781484054169738
singles alt: [(4, 0), (5, 1), (6, 0), (7, 1), (8, 0), (9, 1), (10, 0), (11, 1), (4, 2), (5, 3), (6, 2), (7, 3), (8, 2), (9, 3), (10, 2), (11, 3)]
length: 16 76
Estimated difference between T3^fnT3 - (T2^WT3 + h.c.) is: -2.0871428628915527e-06 4.356165330119147e-12
total cost: -7.781484054169594
singles alt: [(4, 0), (5, 1), (6, 0), (7, 1), (8, 0), (9, 1), (10, 0), (11, 1), (4, 2), (5, 3), (6, 2), (7, 3), (8, 2), (9, 3), (10, 2), (11, 3)]
length: 16 76
Estimated difference between T3^fnT3 - (T2^WT3 + h.c.) is: -2.087142862891577e-06 4.356165330119248e-12
total cost: -7.781484054169595
singles alt: [(4, 0), (5, 1), (6, 0), (7, 1), (8, 0), (9, 1), (10, 0), (11, 1), (4, 2), (5, 3), (6, 2), (7, 3), (8, 2), (9, 3), (10, 2), (11, 3)]
length: 16 76
Estimated difference between T3^fnT3 - (T2^WT3 + h.c.) is: -2.087142862891577e-06 4.356165330119248e-12
total cost: -7.781484054169593
singles alt: [(4, 0), (5, 1), (6, 0), (7, 1), (8, 0), (9, 1), (10, 0), (11, 1), (4, 2), (5, 3), (6, 2), (7, 3), (8, 2), (9, 3), (10, 2), (11, 3)]
length: 16 76
Estimated difference between T3^fnT3 - (T2^WT3 + h.c.) is: -2.0871428628915527e-06 4.356165330119147e-12
total cost: -7.781484054169593
singles alt: [(4, 0), (5, 1), (6, 0), (7, 1), (8, 0), (9, 1), (10, 0), (11, 1), (4, 2), (5, 3), (6, 2), (7, 3), (8, 2), (9, 3), (10, 2), (11, 3)]
length: 16 76
Estimated difference between T3^fnT3 - (T2^WT3 + h.c.) is: -2.0871428628912076e-06 4.3561653301177064e-12
total cost: -7.7814840542777715
singles alt: [(4, 0), (5, 1), (6, 0), (7, 1), (8, 0), (9, 1), (10, 0), (11, 1), (4, 2), (5, 3), (6, 2), (7, 3), (8, 2), (9, 3), (10, 2), (11, 3)]
length: 16 76
Estimated difference between T3^fnT3 - (T2^WT3 + h.c.) is: -2.0871428628912076e-06 4.3561653301177064e-12
total cost: -7.781484054277755
singles alt: [(4, 0), (5, 1), (6, 0), (7, 1), (8, 0), (9, 1), (10, 0), (11, 1), (4, 2), (5, 3), (6, 2), (7, 3), (8, 2), (9, 3), (10, 2), (11, 3)]
length: 16 76
Estimated difference between T3^fnT3 - (T2^WT3 + h.c.) is: -2.0871428628912076e-06 4.3561653301177064e-12
total cost: -7.781484054169594
singles alt: [(4, 0), (5, 1), (6, 0), (7, 1), (8, 0), (9, 1), (10, 0), (11, 1), (4, 2), (5, 3), (6, 2), (7, 3), (8, 2), (9, 3), (10, 2), (11, 3)]
length: 16 76
Estimated difference between T3^fnT3 - (T2^WT3 + h.c.) is: -2.0871428628912076e-06 4.3561653301177064e-12
total cost: -7.781484054169594
singles alt: [(4, 0), (5, 1), (6, 0), (7, 1), (8, 0), (9, 1), (10, 0), (11, 1), (4, 2), (5, 3), (6, 2), (7, 3), (8, 2), (9, 3), (10, 2), (11, 3)]
length: 16 76
Estimated difference between T3^fnT3 - (T2^WT3 + h.c.) is: -2.0871428628912076e-06 4.3561653301177064e-12
total cost: -7.781484054169593
singles alt: [(4, 0), (5, 1), (6, 0), (7, 1), (8, 0), (9, 1), (10, 0), (11, 1), (4, 2), (5, 3), (6, 2), (7, 3), (8, 2), (9, 3), (10, 2), (11, 3)]
length: 16 76
Estimated difference between T3^fnT3 - (T2^WT3 + h.c.) is: -2.0871428628912076e-06 4.3561653301177064e-12
total cost: -7.781484054169593
singles alt: [(4, 0), (5, 1), (6, 0), (7, 1), (8, 0), (9, 1), (10, 0), (11, 1), (4, 2), (5, 3), (6, 2), (7, 3), (8, 2), (9, 3), (10, 2), (11, 3)]
length: 16 76
Estimated difference between T3^fnT3 - (T2^WT3 + h.c.) is: -2.0871428628912076e-06 4.3561653301177064e-12
total cost: -7.781484054183969
singles alt: [(4, 0), (5, 1), (6, 0), (7, 1), (8, 0), (9, 1), (10, 0), (11, 1), (4, 2), (5, 3), (6, 2), (7, 3), (8, 2), (9, 3), (10, 2), (11, 3)]
length: 16 76
Estimated difference between T3^fnT3 - (T2^WT3 + h.c.) is: -2.0871428628912076e-06 4.3561653301177064e-12
total cost: -7.781484054183965
singles alt: [(4, 0), (5, 1), (6, 0), (7, 1), (8, 0), (9, 1), (10, 0), (11, 1), (4, 2), (5, 3), (6, 2), (7, 3), (8, 2), (9, 3), (10, 2), (11, 3)]
length: 16 76
Estimated difference between T3^fnT3 - (T2^WT3 + h.c.) is: -2.0871428628912076e-06 4.3561653301177064e-12
total cost: -7.781484054209069
singles alt: [(4, 0), (5, 1), (6, 0), (7, 1), (8, 0), (9, 1), (10, 0), (11, 1), (4, 2), (5, 3), (6, 2), (7, 3), (8, 2), (9, 3), (10, 2), (11, 3)]
length: 16 76
Estimated difference between T3^fnT3 - (T2^WT3 + h.c.) is: -2.0871428628912076e-06 4.3561653301177064e-12
total cost: -7.781484054209003
singles alt: [(4, 0), (5, 1), (6, 0), (7, 1), (8, 0), (9, 1), (10, 0), (11, 1), (4, 2), (5, 3), (6, 2), (7, 3), (8, 2), (9, 3), (10, 2), (11, 3)]
length: 16 76
Estimated difference between T3^fnT3 - (T2^WT3 + h.c.) is: -2.0871428628912076e-06 4.3561653301177064e-12
total cost: -7.781484054169591
singles alt: [(4, 0), (5, 1), (6, 0), (7, 1), (8, 0), (9, 1), (10, 0), (11, 1), (4, 2), (5, 3), (6, 2), (7, 3), (8, 2), (9, 3), (10, 2), (11, 3)]
length: 16 76
Estimated difference between T3^fnT3 - (T2^WT3 + h.c.) is: -2.0871428628912076e-06 4.3561653301177064e-12
total cost: -7.781484054169591
singles alt: [(4, 0), (5, 1), (6, 0), (7, 1), (8, 0), (9, 1), (10, 0), (11, 1), (4, 2), (5, 3), (6, 2), (7, 3), (8, 2), (9, 3), (10, 2), (11, 3)]
length: 16 76
Estimated difference between T3^fnT3 - (T2^WT3 + h.c.) is: -2.0871428628912076e-06 4.3561653301177064e-12
total cost: -7.781484054169592
singles alt: [(4, 0), (5, 1), (6, 0), (7, 1), (8, 0), (9, 1), (10, 0), (11, 1), (4, 2), (5, 3), (6, 2), (7, 3), (8, 2), (9, 3), (10, 2), (11, 3)]
length: 16 76
Estimated difference between T3^fnT3 - (T2^WT3 + h.c.) is: -2.0871428628912076e-06 4.3561653301177064e-12
total cost: -7.781484054169592
singles alt: [(4, 0), (5, 1), (6, 0), (7, 1), (8, 0), (9, 1), (10, 0), (11, 1), (4, 2), (5, 3), (6, 2), (7, 3), (8, 2), (9, 3), (10, 2), (11, 3)]
length: 16 76
Estimated difference between T3^fnT3 - (T2^WT3 + h.c.) is: -2.0871428628912076e-06 4.3561653301177064e-12
total cost: -7.7814840541461345
singles alt: [(4, 0), (5, 1), (6, 0), (7, 1), (8, 0), (9, 1), (10, 0), (11, 1), (4, 2), (5, 3), (6, 2), (7, 3), (8, 2), (9, 3), (10, 2), (11, 3)]
length: 16 76
Estimated difference between T3^fnT3 - (T2^WT3 + h.c.) is: -2.0871428628912076e-06 4.3561653301177064e-12
total cost: -7.781484054146119
singles alt: [(4, 0), (5, 1), (6, 0), (7, 1), (8, 0), (9, 1), (10, 0), (11, 1), (4, 2), (5, 3), (6, 2), (7, 3), (8, 2), (9, 3), (10, 2), (11, 3)]
callback: energy=-7.781481967027
singles alt: [(4, 0), (5, 1), (6, 0), (7, 1), (8, 0), (9, 1), (10, 0), (11, 1), (4, 2), (5, 3), (6, 2), (7, 3), (8, 2), (9, 3), (10, 2), (11, 3)]
length: 16 76
Estimated difference between T3^fnT3 - (T2^WT3 + h.c.) is: -1.1851847440667392e-05 1.4046628775685422e-10
total cost: -7.714297144587821
singles alt: [(4, 0), (5, 1), (6, 0), (7, 1), (8, 0), (9, 1), (10, 0), (11, 1), (4, 2), (5, 3), (6, 2), (7, 3), (8, 2), (9, 3), (10, 2), (11, 3)]
length: 16 76
Estimated difference between T3^fnT3 - (T2^WT3 + h.c.) is: -1.1851843896211336e-05 1.404662037401619e-10
total cost: -7.714297154876206
singles alt: [(4, 0), (5, 1), (6, 0), (7, 1), (8, 0), (9, 1), (10, 0), (11, 1), (4, 2), (5, 3), (6, 2), (7, 3), (8, 2), (9, 3), (10, 2), (11, 3)]
length: 16 76
Estimated difference between T3^fnT3 - (T2^WT3 + h.c.) is: -1.1851847625706646e-05 1.4046629214296825e-10
total cost: -7.7142971442469195
singles alt: [(4, 0), (5, 1), (6, 0), (7, 1), (8, 0), (9, 1), (10, 0), (11, 1), (4, 2), (5, 3), (6, 2), (7, 3), (8, 2), (9, 3), (10, 2), (11, 3)]
length: 16 76
Estimated difference between T3^fnT3 - (T2^WT3 + h.c.) is: -1.1851847625551723e-05 1.40466292139296e-10
total cost: -7.714297144246871
singles alt: [(4, 0), (5, 1), (6, 0), (7, 1), (8, 0), (9, 1), (10, 0), (11, 1), (4, 2), (5, 3), (6, 2), (7, 3), (8, 2), (9, 3), (10, 2), (11, 3)]
length: 16 76
Estimated difference between T3^fnT3 - (T2^WT3 + h.c.) is: -1.1851847218581196e-05 1.4046628249259083e-10
total cost: -7.7142971445432975
singles alt: [(4, 0), (5, 1), (6, 0), (7, 1), (8, 0), (9, 1), (10, 0), (11, 1), (4, 2), (5, 3), (6, 2), (7, 3), (8, 2), (9, 3), (10, 2), (11, 3)]
length: 16 76
Estimated difference between T3^fnT3 - (T2^WT3 + h.c.) is: -1.1851847440672329e-05 1.4046628775697124e-10
total cost: -7.714297144587802
singles alt: [(4, 0), (5, 1), (6, 0), (7, 1), (8, 0), (9, 1), (10, 0), (11, 1), (4, 2), (5, 3), (6, 2), (7, 3), (8, 2), (9, 3), (10, 2), (11, 3)]
length: 16 76
Estimated difference between T3^fnT3 - (T2^WT3 + h.c.) is: -1.1851847440668104e-05 1.4046628775687108e-10
total cost: -7.714297144587818
singles alt: [(4, 0), (5, 1), (6, 0), (7, 1), (8, 0), (9, 1), (10, 0), (11, 1), (4, 2), (5, 3), (6, 2), (7, 3), (8, 2), (9, 3), (10, 2), (11, 3)]
length: 16 76
Estimated difference between T3^fnT3 - (T2^WT3 + h.c.) is: -1.1851847440668231e-05 1.404662877568741e-10
total cost: -7.71429714458782
singles alt: [(4, 0), (5, 1), (6, 0), (7, 1), (8, 0), (9, 1), (10, 0), (11, 1), (4, 2), (5, 3), (6, 2), (7, 3), (8, 2), (9, 3), (10, 2), (11, 3)]
length: 16 76
Estimated difference between T3^fnT3 - (T2^WT3 + h.c.) is: -1.185184744066765e-05 1.4046628775686032e-10
total cost: -7.71429714458782
singles alt: [(4, 0), (5, 1), (6, 0), (7, 1), (8, 0), (9, 1), (10, 0), (11, 1), (4, 2), (5, 3), (6, 2), (7, 3), (8, 2), (9, 3), (10, 2), (11, 3)]
length: 16 76
Estimated difference between T3^fnT3 - (T2^WT3 + h.c.) is: -1.1851847440670967e-05 1.4046628775693896e-10
total cost: -7.71429714458781
singles alt: [(4, 0), (5, 1), (6, 0), (7, 1), (8, 0), (9, 1), (10, 0), (11, 1), (4, 2), (5, 3), (6, 2), (7, 3), (8, 2), (9, 3), (10, 2), (11, 3)]
length: 16 76
Estimated difference between T3^fnT3 - (T2^WT3 + h.c.) is: -1.1851847440670386e-05 1.4046628775692518e-10
total cost: -7.714297144587818
singles alt: [(4, 0), (5, 1), (6, 0), (7, 1), (8, 0), (9, 1), (10, 0), (11, 1), (4, 2), (5, 3), (6, 2), (7, 3), (8, 2), (9, 3), (10, 2), (11, 3)]
length: 16 76
Estimated difference between T3^fnT3 - (T2^WT3 + h.c.) is: -1.1851847440668002e-05 1.4046628775686867e-10
total cost: -7.714297144587818
singles alt: [(4, 0), (5, 1), (6, 0), (7, 1), (8, 0), (9, 1), (10, 0), (11, 1), (4, 2), (5, 3), (6, 2), (7, 3), (8, 2), (9, 3), (10, 2), (11, 3)]
length: 16 76
Estimated difference between T3^fnT3 - (T2^WT3 + h.c.) is: -1.1851847440667799e-05 1.4046628775686387e-10
total cost: -7.71429714458782
singles alt: [(4, 0), (5, 1), (6, 0), (7, 1), (8, 0), (9, 1), (10, 0), (11, 1), (4, 2), (5, 3), (6, 2), (7, 3), (8, 2), (9, 3), (10, 2), (11, 3)]
length: 16 76
Estimated difference between T3^fnT3 - (T2^WT3 + h.c.) is: -1.1851847125824114e-05 1.4046628029390532e-10
total cost: -7.714297150749681
singles alt: [(4, 0), (5, 1), (6, 0), (7, 1), (8, 0), (9, 1), (10, 0), (11, 1), (4, 2), (5, 3), (6, 2), (7, 3), (8, 2), (9, 3), (10, 2), (11, 3)]
length: 16 76
Estimated difference between T3^fnT3 - (T2^WT3 + h.c.) is: -1.185184769238612e-05 1.404662937235182e-10
total cost: -7.714297143632351
singles alt: [(4, 0), (5, 1), (6, 0), (7, 1), (8, 0), (9, 1), (10, 0), (11, 1), (4, 2), (5, 3), (6, 2), (7, 3), (8, 2), (9, 3), (10, 2), (11, 3)]
length: 16 76
Estimated difference between T3^fnT3 - (T2^WT3 + h.c.) is: -1.1851847520043334e-05 1.4046628963835733e-10
total cost: -7.714297144164812
singles alt: [(4, 0), (5, 1), (6, 0), (7, 1), (8, 0), (9, 1), (10, 0), (11, 1), (4, 2), (5, 3), (6, 2), (7, 3), (8, 2), (9, 3), (10, 2), (11, 3)]
length: 16 76
Estimated difference between T3^fnT3 - (T2^WT3 + h.c.) is: -1.185184732281861e-05 1.4046628496340264e-10
total cost: -7.714297145180249
singles alt: [(4, 0), (5, 1), (6, 0), (7, 1), (8, 0), (9, 1), (10, 0), (11, 1), (4, 2), (5, 3), (6, 2), (7, 3), (8, 2), (9, 3), (10, 2), (11, 3)]
length: 16 76
Estimated difference between T3^fnT3 - (T2^WT3 + h.c.) is: -1.1851847440671128e-05 1.4046628775694276e-10
total cost: -7.714297144587812
singles alt: [(4, 0), (5, 1), (6, 0), (7, 1), (8, 0), (9, 1), (10, 0), (11, 1), (4, 2), (5, 3), (6, 2), (7, 3), (8, 2), (9, 3), (10, 2), (11, 3)]
length: 16 76
Estimated difference between T3^fnT3 - (T2^WT3 + h.c.) is: -1.185184744066815e-05 1.4046628775687216e-10
total cost: -7.714297144587818
singles alt: [(4, 0), (5, 1), (6, 0), (7, 1), (8, 0), (9, 1), (10, 0), (11, 1), (4, 2), (5, 3), (6, 2), (7, 3), (8, 2), (9, 3), (10, 2), (11, 3)]
length: 16 76
Estimated difference between T3^fnT3 - (T2^WT3 + h.c.) is: -1.185184744066892e-05 1.4046628775689044e-10
total cost: -7.714297144587818
singles alt: [(4, 0), (5, 1), (6, 0), (7, 1), (8, 0), (9, 1), (10, 0), (11, 1), (4, 2), (5, 3), (6, 2), (7, 3), (8, 2), (9, 3), (10, 2), (11, 3)]
length: 16 76
Estimated difference between T3^fnT3 - (T2^WT3 + h.c.) is: -1.1851847440667833e-05 1.4046628775686467e-10
total cost: -7.71429714458782
singles alt: [(4, 0), (5, 1), (6, 0), (7, 1), (8, 0), (9, 1), (10, 0), (11, 1), (4, 2), (5, 3), (6, 2), (7, 3), (8, 2), (9, 3), (10, 2), (11, 3)]
length: 16 76
Estimated difference between T3^fnT3 - (T2^WT3 + h.c.) is: -1.185184670553014e-05 1.4046627033138563e-10
total cost: -7.714297149844013
singles alt: [(4, 0), (5, 1), (6, 0), (7, 1), (8, 0), (9, 1), (10, 0), (11, 1), (4, 2), (5, 3), (6, 2), (7, 3), (8, 2), (9, 3), (10, 2), (11, 3)]
length: 16 76
Estimated difference between T3^fnT3 - (T2^WT3 + h.c.) is: -1.1851847643407053e-05 1.404662925625333e-10
total cost: -7.714297144525325
singles alt: [(4, 0), (5, 1), (6, 0), (7, 1), (8, 0), (9, 1), (10, 0), (11, 1), (4, 2), (5, 3), (6, 2), (7, 3), (8, 2), (9, 3), (10, 2), (11, 3)]
length: 16 76
Estimated difference between T3^fnT3 - (T2^WT3 + h.c.) is: -1.1851847581093776e-05 1.4046629108547838e-10
total cost: -7.71429714452675
singles alt: [(4, 0), (5, 1), (6, 0), (7, 1), (8, 0), (9, 1), (10, 0), (11, 1), (4, 2), (5, 3), (6, 2), (7, 3), (8, 2), (9, 3), (10, 2), (11, 3)]
length: 16 76
Estimated difference between T3^fnT3 - (T2^WT3 + h.c.) is: -1.185184759188318e-05 1.4046629134122714e-10
total cost: -7.714297144117638
singles alt: [(4, 0), (5, 1), (6, 0), (7, 1), (8, 0), (9, 1), (10, 0), (11, 1), (4, 2), (5, 3), (6, 2), (7, 3), (8, 2), (9, 3), (10, 2), (11, 3)]
length: 16 76
Estimated difference between T3^fnT3 - (T2^WT3 + h.c.) is: -1.1851847453707454e-05 1.4046628806595187e-10
total cost: -7.714297144587493
singles alt: [(4, 0), (5, 1), (6, 0), (7, 1), (8, 0), (9, 1), (10, 0), (11, 1), (4, 2), (5, 3), (6, 2), (7, 3), (8, 2), (9, 3), (10, 2), (11, 3)]
length: 16 76
Estimated difference between T3^fnT3 - (T2^WT3 + h.c.) is: -1.1851847514777917e-05 1.404662895135475e-10
total cost: -7.714297144587568
singles alt: [(4, 0), (5, 1), (6, 0), (7, 1), (8, 0), (9, 1), (10, 0), (11, 1), (4, 2), (5, 3), (6, 2), (7, 3), (8, 2), (9, 3), (10, 2), (11, 3)]
length: 16 76
Estimated difference between T3^fnT3 - (T2^WT3 + h.c.) is: -1.1851847514747637e-05 1.4046628951282973e-10
total cost: -7.714297144587569
singles alt: [(4, 0), (5, 1), (6, 0), (7, 1), (8, 0), (9, 1), (10, 0), (11, 1), (4, 2), (5, 3), (6, 2), (7, 3), (8, 2), (9, 3), (10, 2), (11, 3)]
length: 16 76
Estimated difference between T3^fnT3 - (T2^WT3 + h.c.) is: -1.1851847452140311e-05 1.404662880288048e-10
total cost: -7.714297144587778
singles alt: [(4, 0), (5, 1), (6, 0), (7, 1), (8, 0), (9, 1), (10, 0), (11, 1), (4, 2), (5, 3), (6, 2), (7, 3), (8, 2), (9, 3), (10, 2), (11, 3)]
length: 16 76
Estimated difference between T3^fnT3 - (T2^WT3 + h.c.) is: -1.1851847440669585e-05 1.4046628775690618e-10
total cost: -7.714297144587769
singles alt: [(4, 0), (5, 1), (6, 0), (7, 1), (8, 0), (9, 1), (10, 0), (11, 1), (4, 2), (5, 3), (6, 2), (7, 3), (8, 2), (9, 3), (10, 2), (11, 3)]
length: 16 76
Estimated difference between T3^fnT3 - (T2^WT3 + h.c.) is: -1.185184744066891e-05 1.404662877568902e-10
total cost: -7.714297144587819
singles alt: [(4, 0), (5, 1), (6, 0), (7, 1), (8, 0), (9, 1), (10, 0), (11, 1), (4, 2), (5, 3), (6, 2), (7, 3), (8, 2), (9, 3), (10, 2), (11, 3)]
length: 16 76
Estimated difference between T3^fnT3 - (T2^WT3 + h.c.) is: -1.1851847440669107e-05 1.4046628775689486e-10
total cost: -7.714297144587817
singles alt: [(4, 0), (5, 1), (6, 0), (7, 1), (8, 0), (9, 1), (10, 0), (11, 1), (4, 2), (5, 3), (6, 2), (7, 3), (8, 2), (9, 3), (10, 2), (11, 3)]
length: 16 76
Estimated difference between T3^fnT3 - (T2^WT3 + h.c.) is: -1.1851847440667464e-05 1.404662877568559e-10
total cost: -7.714297144587822
singles alt: [(4, 0), (5, 1), (6, 0), (7, 1), (8, 0), (9, 1), (10, 0), (11, 1), (4, 2), (5, 3), (6, 2), (7, 3), (8, 2), (9, 3), (10, 2), (11, 3)]
length: 16 76
Estimated difference between T3^fnT3 - (T2^WT3 + h.c.) is: -1.1851847440670565e-05 1.4046628775692942e-10
total cost: -7.71429714458781
singles alt: [(4, 0), (5, 1), (6, 0), (7, 1), (8, 0), (9, 1), (10, 0), (11, 1), (4, 2), (5, 3), (6, 2), (7, 3), (8, 2), (9, 3), (10, 2), (11, 3)]
length: 16 76
Estimated difference between T3^fnT3 - (T2^WT3 + h.c.) is: -1.185184744066846e-05 1.4046628775687953e-10
total cost: -7.714297144587818
singles alt: [(4, 0), (5, 1), (6, 0), (7, 1), (8, 0), (9, 1), (10, 0), (11, 1), (4, 2), (5, 3), (6, 2), (7, 3), (8, 2), (9, 3), (10, 2), (11, 3)]
length: 16 76
Estimated difference between T3^fnT3 - (T2^WT3 + h.c.) is: -1.1851847440670406e-05 1.4046628775692565e-10
total cost: -7.714297144587818
singles alt: [(4, 0), (5, 1), (6, 0), (7, 1), (8, 0), (9, 1), (10, 0), (11, 1), (4, 2), (5, 3), (6, 2), (7, 3), (8, 2), (9, 3), (10, 2), (11, 3)]
length: 16 76
Estimated difference between T3^fnT3 - (T2^WT3 + h.c.) is: -1.1851847440667711e-05 1.4046628775686177e-10
total cost: -7.71429714458782
singles alt: [(4, 0), (5, 1), (6, 0), (7, 1), (8, 0), (9, 1), (10, 0), (11, 1), (4, 2), (5, 3), (6, 2), (7, 3), (8, 2), (9, 3), (10, 2), (11, 3)]
length: 16 76
Estimated difference between T3^fnT3 - (T2^WT3 + h.c.) is: -1.1851847453708623e-05 1.4046628806597958e-10
total cost: -7.714297144587479
singles alt: [(4, 0), (5, 1), (6, 0), (7, 1), (8, 0), (9, 1), (10, 0), (11, 1), (4, 2), (5, 3), (6, 2), (7, 3), (8, 2), (9, 3), (10, 2), (11, 3)]
length: 16 76
Estimated difference between T3^fnT3 - (T2^WT3 + h.c.) is: -1.1851847514777915e-05 1.4046628951354744e-10
total cost: -7.714297144587561
singles alt: [(4, 0), (5, 1), (6, 0), (7, 1), (8, 0), (9, 1), (10, 0), (11, 1), (4, 2), (5, 3), (6, 2), (7, 3), (8, 2), (9, 3), (10, 2), (11, 3)]
length: 16 76
Estimated difference between T3^fnT3 - (T2^WT3 + h.c.) is: -1.1851847514747637e-05 1.4046628951282973e-10
total cost: -7.71429714458756
singles alt: [(4, 0), (5, 1), (6, 0), (7, 1), (8, 0), (9, 1), (10, 0), (11, 1), (4, 2), (5, 3), (6, 2), (7, 3), (8, 2), (9, 3), (10, 2), (11, 3)]
length: 16 76
Estimated difference between T3^fnT3 - (T2^WT3 + h.c.) is: -1.1851847452140325e-05 1.404662880288051e-10
total cost: -7.714297144587786
singles alt: [(4, 0), (5, 1), (6, 0), (7, 1), (8, 0), (9, 1), (10, 0), (11, 1), (4, 2), (5, 3), (6, 2), (7, 3), (8, 2), (9, 3), (10, 2), (11, 3)]
length: 16 76
Estimated difference between T3^fnT3 - (T2^WT3 + h.c.) is: -1.1851846705721881e-05 1.4046627033593062e-10
total cost: -7.714297149842267
singles alt: [(4, 0), (5, 1), (6, 0), (7, 1), (8, 0), (9, 1), (10, 0), (11, 1), (4, 2), (5, 3), (6, 2), (7, 3), (8, 2), (9, 3), (10, 2), (11, 3)]
length: 16 76
Estimated difference between T3^fnT3 - (T2^WT3 + h.c.) is: -1.1851847581447274e-05 1.404662910938576e-10
total cost: -7.714297144525114
singles alt: [(4, 0), (5, 1), (6, 0), (7, 1), (8, 0), (9, 1), (10, 0), (11, 1), (4, 2), (5, 3), (6, 2), (7, 3), (8, 2), (9, 3), (10, 2), (11, 3)]
length: 16 76
Estimated difference between T3^fnT3 - (T2^WT3 + h.c.) is: -1.1851847645105538e-05 1.404662926027937e-10
total cost: -7.714297144525058
singles alt: [(4, 0), (5, 1), (6, 0), (7, 1), (8, 0), (9, 1), (10, 0), (11, 1), (4, 2), (5, 3), (6, 2), (7, 3), (8, 2), (9, 3), (10, 2), (11, 3)]
length: 16 76
Estimated difference between T3^fnT3 - (T2^WT3 + h.c.) is: -1.1851847591919193e-05 1.4046629134208077e-10
total cost: -7.714297144118599
singles alt: [(4, 0), (5, 1), (6, 0), (7, 1), (8, 0), (9, 1), (10, 0), (11, 1), (4, 2), (5, 3), (6, 2), (7, 3), (8, 2), (9, 3), (10, 2), (11, 3)]
length: 16 76
Estimated difference between T3^fnT3 - (T2^WT3 + h.c.) is: -1.1851847440668607e-05 1.4046628775688302e-10
total cost: -7.714297144587768
singles alt: [(4, 0), (5, 1), (6, 0), (7, 1), (8, 0), (9, 1), (10, 0), (11, 1), (4, 2), (5, 3), (6, 2), (7, 3), (8, 2), (9, 3), (10, 2), (11, 3)]
length: 16 76
Estimated difference between T3^fnT3 - (T2^WT3 + h.c.) is: -1.1851847440667624e-05 1.4046628775685973e-10
total cost: -7.714297144587819
singles alt: [(4, 0), (5, 1), (6, 0), (7, 1), (8, 0), (9, 1), (10, 0), (11, 1), (4, 2), (5, 3), (6, 2), (7, 3), (8, 2), (9, 3), (10, 2), (11, 3)]
length: 16 76
Estimated difference between T3^fnT3 - (T2^WT3 + h.c.) is: -1.1851847440670662e-05 1.4046628775693172e-10
total cost: -7.714297144587817
singles alt: [(4, 0), (5, 1), (6, 0), (7, 1), (8, 0), (9, 1), (10, 0), (11, 1), (4, 2), (5, 3), (6, 2), (7, 3), (8, 2), (9, 3), (10, 2), (11, 3)]
length: 16 76
Estimated difference between T3^fnT3 - (T2^WT3 + h.c.) is: -1.1851847440667525e-05 1.4046628775685735e-10
total cost: -7.714297144587821
singles alt: [(4, 0), (5, 1), (6, 0), (7, 1), (8, 0), (9, 1), (10, 0), (11, 1), (4, 2), (5, 3), (6, 2), (7, 3), (8, 2), (9, 3), (10, 2), (11, 3)]
length: 16 76
Estimated difference between T3^fnT3 - (T2^WT3 + h.c.) is: -1.1851847125783433e-05 1.4046628029294103e-10
total cost: -7.714297150749942
singles alt: [(4, 0), (5, 1), (6, 0), (7, 1), (8, 0), (9, 1), (10, 0), (11, 1), (4, 2), (5, 3), (6, 2), (7, 3), (8, 2), (9, 3), (10, 2), (11, 3)]
length: 16 76
Estimated difference between T3^fnT3 - (T2^WT3 + h.c.) is: -1.1851847520105725e-05 1.4046628963983623e-10
total cost: -7.714297144165723
singles alt: [(4, 0), (5, 1), (6, 0), (7, 1), (8, 0), (9, 1), (10, 0), (11, 1), (4, 2), (5, 3), (6, 2), (7, 3), (8, 2), (9, 3), (10, 2), (11, 3)]
length: 16 76
Estimated difference between T3^fnT3 - (T2^WT3 + h.c.) is: -1.1851847691535681e-05 1.4046629370335967e-10
total cost: -7.714297143638678
singles alt: [(4, 0), (5, 1), (6, 0), (7, 1), (8, 0), (9, 1), (10, 0), (11, 1), (4, 2), (5, 3), (6, 2), (7, 3), (8, 2), (9, 3), (10, 2), (11, 3)]
length: 16 76
Estimated difference between T3^fnT3 - (T2^WT3 + h.c.) is: -1.185184732275895e-05 1.4046628496198847e-10
total cost: -7.714297145174945
singles alt: [(4, 0), (5, 1), (6, 0), (7, 1), (8, 0), (9, 1), (10, 0), (11, 1), (4, 2), (5, 3), (6, 2), (7, 3), (8, 2), (9, 3), (10, 2), (11, 3)]
length: 16 76
Estimated difference between T3^fnT3 - (T2^WT3 + h.c.) is: -1.185184744066869e-05 1.4046628775688498e-10
total cost: -7.714297144587769
singles alt: [(4, 0), (5, 1), (6, 0), (7, 1), (8, 0), (9, 1), (10, 0), (11, 1), (4, 2), (5, 3), (6, 2), (7, 3), (8, 2), (9, 3), (10, 2), (11, 3)]
length: 16 76
Estimated difference between T3^fnT3 - (T2^WT3 + h.c.) is: -1.1851847440667907e-05 1.4046628775686642e-10
total cost: -7.714297144587821
singles alt: [(4, 0), (5, 1), (6, 0), (7, 1), (8, 0), (9, 1), (10, 0), (11, 1), (4, 2), (5, 3), (6, 2), (7, 3), (8, 2), (9, 3), (10, 2), (11, 3)]
length: 16 76
Estimated difference between T3^fnT3 - (T2^WT3 + h.c.) is: -1.1851847440668544e-05 1.4046628775688152e-10
total cost: -7.714297144587817
singles alt: [(4, 0), (5, 1), (6, 0), (7, 1), (8, 0), (9, 1), (10, 0), (11, 1), (4, 2), (5, 3), (6, 2), (7, 3), (8, 2), (9, 3), (10, 2), (11, 3)]
length: 16 76
Estimated difference between T3^fnT3 - (T2^WT3 + h.c.) is: -1.185184744066743e-05 1.404662877568551e-10
total cost: -7.714297144587822
singles alt: [(4, 0), (5, 1), (6, 0), (7, 1), (8, 0), (9, 1), (10, 0), (11, 1), (4, 2), (5, 3), (6, 2), (7, 3), (8, 2), (9, 3), (10, 2), (11, 3)]
length: 16 76
Estimated difference between T3^fnT3 - (T2^WT3 + h.c.) is: -1.1851847440669398e-05 1.4046628775690176e-10
total cost: -7.7142971445877775
singles alt: [(4, 0), (5, 1), (6, 0), (7, 1), (8, 0), (9, 1), (10, 0), (11, 1), (4, 2), (5, 3), (6, 2), (7, 3), (8, 2), (9, 3), (10, 2), (11, 3)]
length: 16 76
Estimated difference between T3^fnT3 - (T2^WT3 + h.c.) is: -1.185184744066853e-05 1.404662877568812e-10
total cost: -7.714297144587819
singles alt: [(4, 0), (5, 1), (6, 0), (7, 1), (8, 0), (9, 1), (10, 0), (11, 1), (4, 2), (5, 3), (6, 2), (7, 3), (8, 2), (9, 3), (10, 2), (11, 3)]
length: 16 76
Estimated difference between T3^fnT3 - (T2^WT3 + h.c.) is: -1.1851847440669024e-05 1.404662877568929e-10
total cost: -7.714297144587819
singles alt: [(4, 0), (5, 1), (6, 0), (7, 1), (8, 0), (9, 1), (10, 0), (11, 1), (4, 2), (5, 3), (6, 2), (7, 3), (8, 2), (9, 3), (10, 2), (11, 3)]
length: 16 76
Estimated difference between T3^fnT3 - (T2^WT3 + h.c.) is: -1.1851847440667467e-05 1.4046628775685598e-10
total cost: -7.71429714458782
singles alt: [(4, 0), (5, 1), (6, 0), (7, 1), (8, 0), (9, 1), (10, 0), (11, 1), (4, 2), (5, 3), (6, 2), (7, 3), (8, 2), (9, 3), (10, 2), (11, 3)]
length: 16 76
Estimated difference between T3^fnT3 - (T2^WT3 + h.c.) is: -1.1851847736525813e-05 1.4046629476979204e-10
total cost: -7.714297150442875
singles alt: [(4, 0), (5, 1), (6, 0), (7, 1), (8, 0), (9, 1), (10, 0), (11, 1), (4, 2), (5, 3), (6, 2), (7, 3), (8, 2), (9, 3), (10, 2), (11, 3)]
length: 16 76
Estimated difference between T3^fnT3 - (T2^WT3 + h.c.) is: -1.1851847413790239e-05 1.4046628711976639e-10
total cost: -7.714297145066201
singles alt: [(4, 0), (5, 1), (6, 0), (7, 1), (8, 0), (9, 1), (10, 0), (11, 1), (4, 2), (5, 3), (6, 2), (7, 3), (8, 2), (9, 3), (10, 2), (11, 3)]
length: 16 76
Estimated difference between T3^fnT3 - (T2^WT3 + h.c.) is: -1.1851847413770552e-05 1.4046628711929973e-10
total cost: -7.714297145066213
singles alt: [(4, 0), (5, 1), (6, 0), (7, 1), (8, 0), (9, 1), (10, 0), (11, 1), (4, 2), (5, 3), (6, 2), (7, 3), (8, 2), (9, 3), (10, 2), (11, 3)]
length: 16 76
Estimated difference between T3^fnT3 - (T2^WT3 + h.c.) is: -1.185184768454054e-05 1.4046629353754894e-10
total cost: -7.714297140973318
singles alt: [(4, 0), (5, 1), (6, 0), (7, 1), (8, 0), (9, 1), (10, 0), (11, 1), (4, 2), (5, 3), (6, 2), (7, 3), (8, 2), (9, 3), (10, 2), (11, 3)]
length: 16 76
Estimated difference between T3^fnT3 - (T2^WT3 + h.c.) is: -1.185184744066907e-05 1.4046628775689398e-10
total cost: -7.714297144587819
singles alt: [(4, 0), (5, 1), (6, 0), (7, 1), (8, 0), (9, 1), (10, 0), (11, 1), (4, 2), (5, 3), (6, 2), (7, 3), (8, 2), (9, 3), (10, 2), (11, 3)]
length: 16 76
Estimated difference between T3^fnT3 - (T2^WT3 + h.c.) is: -1.185184744066798e-05 1.4046628775686816e-10
total cost: -7.714297144587819
singles alt: [(4, 0), (5, 1), (6, 0), (7, 1), (8, 0), (9, 1), (10, 0), (11, 1), (4, 2), (5, 3), (6, 2), (7, 3), (8, 2), (9, 3), (10, 2), (11, 3)]
length: 16 76
Estimated difference between T3^fnT3 - (T2^WT3 + h.c.) is: -1.1851847440670537e-05 1.4046628775692875e-10
total cost: -7.714297144587819
singles alt: [(4, 0), (5, 1), (6, 0), (7, 1), (8, 0), (9, 1), (10, 0), (11, 1), (4, 2), (5, 3), (6, 2), (7, 3), (8, 2), (9, 3), (10, 2), (11, 3)]
length: 16 76
Estimated difference between T3^fnT3 - (T2^WT3 + h.c.) is: -1.1851847440674045e-05 1.404662877570119e-10
total cost: -7.714297144587817
singles alt: [(4, 0), (5, 1), (6, 0), (7, 1), (8, 0), (9, 1), (10, 0), (11, 1), (4, 2), (5, 3), (6, 2), (7, 3), (8, 2), (9, 3), (10, 2), (11, 3)]
length: 16 76
Estimated difference between T3^fnT3 - (T2^WT3 + h.c.) is: -1.1851847596051365e-05 1.4046629144002852e-10
total cost: -7.714297144084328
singles alt: [(4, 0), (5, 1), (6, 0), (7, 1), (8, 0), (9, 1), (10, 0), (11, 1), (4, 2), (5, 3), (6, 2), (7, 3), (8, 2), (9, 3), (10, 2), (11, 3)]
length: 16 76
Estimated difference between T3^fnT3 - (T2^WT3 + h.c.) is: -1.1851847596742662e-05 1.4046629145641483e-10
total cost: -7.714297144084707
singles alt: [(4, 0), (5, 1), (6, 0), (7, 1), (8, 0), (9, 1), (10, 0), (11, 1), (4, 2), (5, 3), (6, 2), (7, 3), (8, 2), (9, 3), (10, 2), (11, 3)]
length: 16 76
Estimated difference between T3^fnT3 - (T2^WT3 + h.c.) is: -1.185184684489431e-05 1.4046627363483123e-10
total cost: -7.714297144587755
singles alt: [(4, 0), (5, 1), (6, 0), (7, 1), (8, 0), (9, 1), (10, 0), (11, 1), (4, 2), (5, 3), (6, 2), (7, 3), (8, 2), (9, 3), (10, 2), (11, 3)]
length: 16 76
Estimated difference between T3^fnT3 - (T2^WT3 + h.c.) is: -1.185184803642644e-05 1.4046630187854528e-10
total cost: -7.714297144587886
singles alt: [(4, 0), (5, 1), (6, 0), (7, 1), (8, 0), (9, 1), (10, 0), (11, 1), (4, 2), (5, 3), (6, 2), (7, 3), (8, 2), (9, 3), (10, 2), (11, 3)]
length: 16 76
Estimated difference between T3^fnT3 - (T2^WT3 + h.c.) is: -1.1851847440668592e-05 1.4046628775688266e-10
total cost: -7.714297144587816
singles alt: [(4, 0), (5, 1), (6, 0), (7, 1), (8, 0), (9, 1), (10, 0), (11, 1), (4, 2), (5, 3), (6, 2), (7, 3), (8, 2), (9, 3), (10, 2), (11, 3)]
length: 16 76
Estimated difference between T3^fnT3 - (T2^WT3 + h.c.) is: -1.1851847440671113e-05 1.404662877569424e-10
total cost: -7.714297144587812
singles alt: [(4, 0), (5, 1), (6, 0), (7, 1), (8, 0), (9, 1), (10, 0), (11, 1), (4, 2), (5, 3), (6, 2), (7, 3), (8, 2), (9, 3), (10, 2), (11, 3)]
length: 16 76
Estimated difference between T3^fnT3 - (T2^WT3 + h.c.) is: -1.1851847440667848e-05 1.4046628775686503e-10
total cost: -7.714297144587819
singles alt: [(4, 0), (5, 1), (6, 0), (7, 1), (8, 0), (9, 1), (10, 0), (11, 1), (4, 2), (5, 3), (6, 2), (7, 3), (8, 2), (9, 3), (10, 2), (11, 3)]
length: 16 76
Estimated difference between T3^fnT3 - (T2^WT3 + h.c.) is: -1.185184744066707e-05 1.404662877568466e-10
total cost: -7.714297144587818
singles alt: [(4, 0), (5, 1), (6, 0), (7, 1), (8, 0), (9, 1), (10, 0), (11, 1), (4, 2), (5, 3), (6, 2), (7, 3), (8, 2), (9, 3), (10, 2), (11, 3)]
length: 16 76
Estimated difference between T3^fnT3 - (T2^WT3 + h.c.) is: -1.1851847440667392e-05 1.4046628775685422e-10
total cost: -7.714297143903975
singles alt: [(4, 0), (5, 1), (6, 0), (7, 1), (8, 0), (9, 1), (10, 0), (11, 1), (4, 2), (5, 3), (6, 2), (7, 3), (8, 2), (9, 3), (10, 2), (11, 3)]
length: 16 76
Estimated difference between T3^fnT3 - (T2^WT3 + h.c.) is: -1.1851847440667392e-05 1.4046628775685422e-10
total cost: -7.7142971439042425
singles alt: [(4, 0), (5, 1), (6, 0), (7, 1), (8, 0), (9, 1), (10, 0), (11, 1), (4, 2), (5, 3), (6, 2), (7, 3), (8, 2), (9, 3), (10, 2), (11, 3)]
length: 16 76
Estimated difference between T3^fnT3 - (T2^WT3 + h.c.) is: -1.1851847440667392e-05 1.4046628775685422e-10
total cost: -7.714297144587817
singles alt: [(4, 0), (5, 1), (6, 0), (7, 1), (8, 0), (9, 1), (10, 0), (11, 1), (4, 2), (5, 3), (6, 2), (7, 3), (8, 2), (9, 3), (10, 2), (11, 3)]
length: 16 76
Estimated difference between T3^fnT3 - (T2^WT3 + h.c.) is: -1.1851847440667392e-05 1.4046628775685422e-10
total cost: -7.7142971445878175
singles alt: [(4, 0), (5, 1), (6, 0), (7, 1), (8, 0), (9, 1), (10, 0), (11, 1), (4, 2), (5, 3), (6, 2), (7, 3), (8, 2), (9, 3), (10, 2), (11, 3)]
length: 16 76
Estimated difference between T3^fnT3 - (T2^WT3 + h.c.) is: -1.1851847440667392e-05 1.4046628775685422e-10
total cost: -7.714297144587818
singles alt: [(4, 0), (5, 1), (6, 0), (7, 1), (8, 0), (9, 1), (10, 0), (11, 1), (4, 2), (5, 3), (6, 2), (7, 3), (8, 2), (9, 3), (10, 2), (11, 3)]
length: 16 76
Estimated difference between T3^fnT3 - (T2^WT3 + h.c.) is: -1.1851847440667392e-05 1.4046628775685422e-10
total cost: -7.71429714458782
singles alt: [(4, 0), (5, 1), (6, 0), (7, 1), (8, 0), (9, 1), (10, 0), (11, 1), (4, 2), (5, 3), (6, 2), (7, 3), (8, 2), (9, 3), (10, 2), (11, 3)]
length: 16 76
Estimated difference between T3^fnT3 - (T2^WT3 + h.c.) is: -1.1851847440667392e-05 1.4046628775685422e-10
total cost: -7.714297144246179
singles alt: [(4, 0), (5, 1), (6, 0), (7, 1), (8, 0), (9, 1), (10, 0), (11, 1), (4, 2), (5, 3), (6, 2), (7, 3), (8, 2), (9, 3), (10, 2), (11, 3)]
length: 16 76
Estimated difference between T3^fnT3 - (T2^WT3 + h.c.) is: -1.1851847440667392e-05 1.4046628775685422e-10
total cost: -7.714297144245803
singles alt: [(4, 0), (5, 1), (6, 0), (7, 1), (8, 0), (9, 1), (10, 0), (11, 1), (4, 2), (5, 3), (6, 2), (7, 3), (8, 2), (9, 3), (10, 2), (11, 3)]
length: 16 76
Estimated difference between T3^fnT3 - (T2^WT3 + h.c.) is: -1.1851847440667392e-05 1.4046628775685422e-10
total cost: -7.714297144790548
singles alt: [(4, 0), (5, 1), (6, 0), (7, 1), (8, 0), (9, 1), (10, 0), (11, 1), (4, 2), (5, 3), (6, 2), (7, 3), (8, 2), (9, 3), (10, 2), (11, 3)]
length: 16 76
Estimated difference between T3^fnT3 - (T2^WT3 + h.c.) is: -1.1851847440667392e-05 1.4046628775685422e-10
total cost: -7.7142971447891675
singles alt: [(4, 0), (5, 1), (6, 0), (7, 1), (8, 0), (9, 1), (10, 0), (11, 1), (4, 2), (5, 3), (6, 2), (7, 3), (8, 2), (9, 3), (10, 2), (11, 3)]
length: 16 76
Estimated difference between T3^fnT3 - (T2^WT3 + h.c.) is: -1.1851847440667392e-05 1.4046628775685422e-10
total cost: -7.71429714458782
singles alt: [(4, 0), (5, 1), (6, 0), (7, 1), (8, 0), (9, 1), (10, 0), (11, 1), (4, 2), (5, 3), (6, 2), (7, 3), (8, 2), (9, 3), (10, 2), (11, 3)]
length: 16 76
Estimated difference between T3^fnT3 - (T2^WT3 + h.c.) is: -1.1851847440667392e-05 1.4046628775685422e-10
total cost: -7.714297144587819
singles alt: [(4, 0), (5, 1), (6, 0), (7, 1), (8, 0), (9, 1), (10, 0), (11, 1), (4, 2), (5, 3), (6, 2), (7, 3), (8, 2), (9, 3), (10, 2), (11, 3)]
length: 16 76
Estimated difference between T3^fnT3 - (T2^WT3 + h.c.) is: -1.1851847440667392e-05 1.4046628775685422e-10
total cost: -7.71429714458782
singles alt: [(4, 0), (5, 1), (6, 0), (7, 1), (8, 0), (9, 1), (10, 0), (11, 1), (4, 2), (5, 3), (6, 2), (7, 3), (8, 2), (9, 3), (10, 2), (11, 3)]
length: 16 76
Estimated difference between T3^fnT3 - (T2^WT3 + h.c.) is: -1.1851847440667392e-05 1.4046628775685422e-10
total cost: -7.71429714458782
singles alt: [(4, 0), (5, 1), (6, 0), (7, 1), (8, 0), (9, 1), (10, 0), (11, 1), (4, 2), (5, 3), (6, 2), (7, 3), (8, 2), (9, 3), (10, 2), (11, 3)]
length: 16 76
Estimated difference between T3^fnT3 - (T2^WT3 + h.c.) is: -1.1851847440667392e-05 1.4046628775685422e-10
total cost: -7.7142971446381425
singles alt: [(4, 0), (5, 1), (6, 0), (7, 1), (8, 0), (9, 1), (10, 0), (11, 1), (4, 2), (5, 3), (6, 2), (7, 3), (8, 2), (9, 3), (10, 2), (11, 3)]
length: 16 76
Estimated difference between T3^fnT3 - (T2^WT3 + h.c.) is: -1.1851847440667392e-05 1.4046628775685422e-10
total cost: -7.714297144637862
singles alt: [(4, 0), (5, 1), (6, 0), (7, 1), (8, 0), (9, 1), (10, 0), (11, 1), (4, 2), (5, 3), (6, 2), (7, 3), (8, 2), (9, 3), (10, 2), (11, 3)]
length: 16 76
Estimated difference between T3^fnT3 - (T2^WT3 + h.c.) is: -1.4849618333614113e-06 2.205111646540084e-12
total cost: -7.783602700151082
singles alt: [(4, 0), (5, 1), (6, 0), (7, 1), (8, 0), (9, 1), (10, 0), (11, 1), (4, 2), (5, 3), (6, 2), (7, 3), (8, 2), (9, 3), (10, 2), (11, 3)]
length: 16 76
Estimated difference between T3^fnT3 - (T2^WT3 + h.c.) is: -1.4849620197536634e-06 2.2051122001108795e-12
total cost: -7.783602700299988
singles alt: [(4, 0), (5, 1), (6, 0), (7, 1), (8, 0), (9, 1), (10, 0), (11, 1), (4, 2), (5, 3), (6, 2), (7, 3), (8, 2), (9, 3), (10, 2), (11, 3)]
length: 16 76
Estimated difference between T3^fnT3 - (T2^WT3 + h.c.) is: -1.4849619378327268e-06 2.2051119568119273e-12
total cost: -7.783602700115214
singles alt: [(4, 0), (5, 1), (6, 0), (7, 1), (8, 0), (9, 1), (10, 0), (11, 1), (4, 2), (5, 3), (6, 2), (7, 3), (8, 2), (9, 3), (10, 2), (11, 3)]
length: 16 76
Estimated difference between T3^fnT3 - (T2^WT3 + h.c.) is: -1.4849619378098102e-06 2.2051119567438666e-12
total cost: -7.783602700115211
singles alt: [(4, 0), (5, 1), (6, 0), (7, 1), (8, 0), (9, 1), (10, 0), (11, 1), (4, 2), (5, 3), (6, 2), (7, 3), (8, 2), (9, 3), (10, 2), (11, 3)]
length: 16 76
Estimated difference between T3^fnT3 - (T2^WT3 + h.c.) is: -1.4849618769595345e-06 2.205111776023184e-12
total cost: -7.783602700273523
singles alt: [(4, 0), (5, 1), (6, 0), (7, 1), (8, 0), (9, 1), (10, 0), (11, 1), (4, 2), (5, 3), (6, 2), (7, 3), (8, 2), (9, 3), (10, 2), (11, 3)]
length: 16 76
Estimated difference between T3^fnT3 - (T2^WT3 + h.c.) is: -1.4849618333615498e-06 2.205111646540495e-12
total cost: -7.78360270015108
singles alt: [(4, 0), (5, 1), (6, 0), (7, 1), (8, 0), (9, 1), (10, 0), (11, 1), (4, 2), (5, 3), (6, 2), (7, 3), (8, 2), (9, 3), (10, 2), (11, 3)]
length: 16 76
Estimated difference between T3^fnT3 - (T2^WT3 + h.c.) is: -1.4849618333594487e-06 2.2051116465342552e-12
total cost: -7.783602700151083
singles alt: [(4, 0), (5, 1), (6, 0), (7, 1), (8, 0), (9, 1), (10, 0), (11, 1), (4, 2), (5, 3), (6, 2), (7, 3), (8, 2), (9, 3), (10, 2), (11, 3)]
length: 16 76
Estimated difference between T3^fnT3 - (T2^WT3 + h.c.) is: -1.4849618333606922e-06 2.205111646537948e-12
total cost: -7.783602700151082
singles alt: [(4, 0), (5, 1), (6, 0), (7, 1), (8, 0), (9, 1), (10, 0), (11, 1), (4, 2), (5, 3), (6, 2), (7, 3), (8, 2), (9, 3), (10, 2), (11, 3)]
length: 16 76
Estimated difference between T3^fnT3 - (T2^WT3 + h.c.) is: -1.484961833361336e-06 2.20511164653986e-12
total cost: -7.783602700151082
singles alt: [(4, 0), (5, 1), (6, 0), (7, 1), (8, 0), (9, 1), (10, 0), (11, 1), (4, 2), (5, 3), (6, 2), (7, 3), (8, 2), (9, 3), (10, 2), (11, 3)]
length: 16 76
Estimated difference between T3^fnT3 - (T2^WT3 + h.c.) is: -1.4849618333611555e-06 2.205111646539324e-12
total cost: -7.783602700151081
singles alt: [(4, 0), (5, 1), (6, 0), (7, 1), (8, 0), (9, 1), (10, 0), (11, 1), (4, 2), (5, 3), (6, 2), (7, 3), (8, 2), (9, 3), (10, 2), (11, 3)]
length: 16 76
Estimated difference between T3^fnT3 - (T2^WT3 + h.c.) is: -1.4849618333601418e-06 2.2051116465363135e-12
total cost: -7.783602700151082
singles alt: [(4, 0), (5, 1), (6, 0), (7, 1), (8, 0), (9, 1), (10, 0), (11, 1), (4, 2), (5, 3), (6, 2), (7, 3), (8, 2), (9, 3), (10, 2), (11, 3)]
length: 16 76
Estimated difference between T3^fnT3 - (T2^WT3 + h.c.) is: -1.4849618333603868e-06 2.2051116465370413e-12
total cost: -7.783602700151082
singles alt: [(4, 0), (5, 1), (6, 0), (7, 1), (8, 0), (9, 1), (10, 0), (11, 1), (4, 2), (5, 3), (6, 2), (7, 3), (8, 2), (9, 3), (10, 2), (11, 3)]
length: 16 76
Estimated difference between T3^fnT3 - (T2^WT3 + h.c.) is: -1.484961833361371e-06 2.2051116465399643e-12
total cost: -7.783602700151082
singles alt: [(4, 0), (5, 1), (6, 0), (7, 1), (8, 0), (9, 1), (10, 0), (11, 1), (4, 2), (5, 3), (6, 2), (7, 3), (8, 2), (9, 3), (10, 2), (11, 3)]
length: 16 76
Estimated difference between T3^fnT3 - (T2^WT3 + h.c.) is: -1.4849618836654986e-06 2.205111795939386e-12
total cost: -7.783602700330454
singles alt: [(4, 0), (5, 1), (6, 0), (7, 1), (8, 0), (9, 1), (10, 0), (11, 1), (4, 2), (5, 3), (6, 2), (7, 3), (8, 2), (9, 3), (10, 2), (11, 3)]
length: 16 76
Estimated difference between T3^fnT3 - (T2^WT3 + h.c.) is: -1.4849615227643678e-06 2.20511072409067e-12
total cost: -7.783602700381578
singles alt: [(4, 0), (5, 1), (6, 0), (7, 1), (8, 0), (9, 1), (10, 0), (11, 1), (4, 2), (5, 3), (6, 2), (7, 3), (8, 2), (9, 3), (10, 2), (11, 3)]
length: 16 76
Estimated difference between T3^fnT3 - (T2^WT3 + h.c.) is: -1.4849617802979125e-06 2.205111488945546e-12
total cost: -7.783602700205693
singles alt: [(4, 0), (5, 1), (6, 0), (7, 1), (8, 0), (9, 1), (10, 0), (11, 1), (4, 2), (5, 3), (6, 2), (7, 3), (8, 2), (9, 3), (10, 2), (11, 3)]
length: 16 76
Estimated difference between T3^fnT3 - (T2^WT3 + h.c.) is: -1.4849617432840402e-06 2.2051113790171757e-12
total cost: -7.783602699879044
singles alt: [(4, 0), (5, 1), (6, 0), (7, 1), (8, 0), (9, 1), (10, 0), (11, 1), (4, 2), (5, 3), (6, 2), (7, 3), (8, 2), (9, 3), (10, 2), (11, 3)]
length: 16 76
Estimated difference between T3^fnT3 - (T2^WT3 + h.c.) is: -1.484961833361179e-06 2.205111646539394e-12
total cost: -7.783602700151082
singles alt: [(4, 0), (5, 1), (6, 0), (7, 1), (8, 0), (9, 1), (10, 0), (11, 1), (4, 2), (5, 3), (6, 2), (7, 3), (8, 2), (9, 3), (10, 2), (11, 3)]
length: 16 76
Estimated difference between T3^fnT3 - (T2^WT3 + h.c.) is: -1.4849618333604084e-06 2.205111646537105e-12
total cost: -7.783602700151082
singles alt: [(4, 0), (5, 1), (6, 0), (7, 1), (8, 0), (9, 1), (10, 0), (11, 1), (4, 2), (5, 3), (6, 2), (7, 3), (8, 2), (9, 3), (10, 2), (11, 3)]
length: 16 76
Estimated difference between T3^fnT3 - (T2^WT3 + h.c.) is: -1.4849618333599245e-06 2.2051116465356685e-12
total cost: -7.783602700151082
singles alt: [(4, 0), (5, 1), (6, 0), (7, 1), (8, 0), (9, 1), (10, 0), (11, 1), (4, 2), (5, 3), (6, 2), (7, 3), (8, 2), (9, 3), (10, 2), (11, 3)]
length: 16 76
Estimated difference between T3^fnT3 - (T2^WT3 + h.c.) is: -1.4849618333613749e-06 2.2051116465399756e-12
total cost: -7.783602700151082
singles alt: [(4, 0), (5, 1), (6, 0), (7, 1), (8, 0), (9, 1), (10, 0), (11, 1), (4, 2), (5, 3), (6, 2), (7, 3), (8, 2), (9, 3), (10, 2), (11, 3)]
length: 16 76
Estimated difference between T3^fnT3 - (T2^WT3 + h.c.) is: -1.4849619755379743e-06 2.2051120687936433e-12
total cost: -7.783602700234908
singles alt: [(4, 0), (5, 1), (6, 0), (7, 1), (8, 0), (9, 1), (10, 0), (11, 1), (4, 2), (5, 3), (6, 2), (7, 3), (8, 2), (9, 3), (10, 2), (11, 3)]
length: 16 76
Estimated difference between T3^fnT3 - (T2^WT3 + h.c.) is: -1.4849624401297365e-06 2.2051134485960613e-12
total cost: -7.783602699984001
singles alt: [(4, 0), (5, 1), (6, 0), (7, 1), (8, 0), (9, 1), (10, 0), (11, 1), (4, 2), (5, 3), (6, 2), (7, 3), (8, 2), (9, 3), (10, 2), (11, 3)]
length: 16 76
Estimated difference between T3^fnT3 - (T2^WT3 + h.c.) is: -1.4849622551559754e-06 2.20511289923792e-12
total cost: -7.7836026999838275
singles alt: [(4, 0), (5, 1), (6, 0), (7, 1), (8, 0), (9, 1), (10, 0), (11, 1), (4, 2), (5, 3), (6, 2), (7, 3), (8, 2), (9, 3), (10, 2), (11, 3)]
length: 16 76
Estimated difference between T3^fnT3 - (T2^WT3 + h.c.) is: -1.484961956675897e-06 2.2051120127747084e-12
total cost: -7.783602700373174
singles alt: [(4, 0), (5, 1), (6, 0), (7, 1), (8, 0), (9, 1), (10, 0), (11, 1), (4, 2), (5, 3), (6, 2), (7, 3), (8, 2), (9, 3), (10, 2), (11, 3)]
length: 16 76
Estimated difference between T3^fnT3 - (T2^WT3 + h.c.) is: -1.4849618720034652e-06 2.2051117613040357e-12
total cost: -7.783602700151073
singles alt: [(4, 0), (5, 1), (6, 0), (7, 1), (8, 0), (9, 1), (10, 0), (11, 1), (4, 2), (5, 3), (6, 2), (7, 3), (8, 2), (9, 3), (10, 2), (11, 3)]
length: 16 76
Estimated difference between T3^fnT3 - (T2^WT3 + h.c.) is: -1.4849619192363821e-06 2.2051119015821994e-12
total cost: -7.783602700151118
singles alt: [(4, 0), (5, 1), (6, 0), (7, 1), (8, 0), (9, 1), (10, 0), (11, 1), (4, 2), (5, 3), (6, 2), (7, 3), (8, 2), (9, 3), (10, 2), (11, 3)]
length: 16 76
Estimated difference between T3^fnT3 - (T2^WT3 + h.c.) is: -1.4849619192319036e-06 2.2051119015688987e-12
total cost: -7.783602700151118
singles alt: [(4, 0), (5, 1), (6, 0), (7, 1), (8, 0), (9, 1), (10, 0), (11, 1), (4, 2), (5, 3), (6, 2), (7, 3), (8, 2), (9, 3), (10, 2), (11, 3)]
length: 16 76
Estimated difference between T3^fnT3 - (T2^WT3 + h.c.) is: -1.4849618675123758e-06 2.2051117479658428e-12
total cost: -7.78360270015111
singles alt: [(4, 0), (5, 1), (6, 0), (7, 1), (8, 0), (9, 1), (10, 0), (11, 1), (4, 2), (5, 3), (6, 2), (7, 3), (8, 2), (9, 3), (10, 2), (11, 3)]
length: 16 76
Estimated difference between T3^fnT3 - (T2^WT3 + h.c.) is: -1.4849618333613797e-06 2.20511164653999e-12
total cost: -7.783602700151078
singles alt: [(4, 0), (5, 1), (6, 0), (7, 1), (8, 0), (9, 1), (10, 0), (11, 1), (4, 2), (5, 3), (6, 2), (7, 3), (8, 2), (9, 3), (10, 2), (11, 3)]
length: 16 76
Estimated difference between T3^fnT3 - (T2^WT3 + h.c.) is: -1.4849618333611064e-06 2.2051116465391783e-12
total cost: -7.783602700151083
singles alt: [(4, 0), (5, 1), (6, 0), (7, 1), (8, 0), (9, 1), (10, 0), (11, 1), (4, 2), (5, 3), (6, 2), (7, 3), (8, 2), (9, 3), (10, 2), (11, 3)]
length: 16 76
Estimated difference between T3^fnT3 - (T2^WT3 + h.c.) is: -1.4849618333609691e-06 2.2051116465387708e-12
total cost: -7.783602700151082
singles alt: [(4, 0), (5, 1), (6, 0), (7, 1), (8, 0), (9, 1), (10, 0), (11, 1), (4, 2), (5, 3), (6, 2), (7, 3), (8, 2), (9, 3), (10, 2), (11, 3)]
length: 16 76
Estimated difference between T3^fnT3 - (T2^WT3 + h.c.) is: -1.484961833361408e-06 2.2051116465400738e-12
total cost: -7.783602700151082
singles alt: [(4, 0), (5, 1), (6, 0), (7, 1), (8, 0), (9, 1), (10, 0), (11, 1), (4, 2), (5, 3), (6, 2), (7, 3), (8, 2), (9, 3), (10, 2), (11, 3)]
length: 16 76
Estimated difference between T3^fnT3 - (T2^WT3 + h.c.) is: -1.4849618333612885e-06 2.205111646539719e-12
total cost: -7.783602700151081
singles alt: [(4, 0), (5, 1), (6, 0), (7, 1), (8, 0), (9, 1), (10, 0), (11, 1), (4, 2), (5, 3), (6, 2), (7, 3), (8, 2), (9, 3), (10, 2), (11, 3)]
length: 16 76
Estimated difference between T3^fnT3 - (T2^WT3 + h.c.) is: -1.4849618333607265e-06 2.20511164653805e-12
total cost: -7.783602700151082
singles alt: [(4, 0), (5, 1), (6, 0), (7, 1), (8, 0), (9, 1), (10, 0), (11, 1), (4, 2), (5, 3), (6, 2), (7, 3), (8, 2), (9, 3), (10, 2), (11, 3)]
length: 16 76
Estimated difference between T3^fnT3 - (T2^WT3 + h.c.) is: -1.4849618333597892e-06 2.2051116465352666e-12
total cost: -7.783602700151082
singles alt: [(4, 0), (5, 1), (6, 0), (7, 1), (8, 0), (9, 1), (10, 0), (11, 1), (4, 2), (5, 3), (6, 2), (7, 3), (8, 2), (9, 3), (10, 2), (11, 3)]
length: 16 76
Estimated difference between T3^fnT3 - (T2^WT3 + h.c.) is: -1.4849618333613437e-06 2.205111646539883e-12
total cost: -7.783602700151082
singles alt: [(4, 0), (5, 1), (6, 0), (7, 1), (8, 0), (9, 1), (10, 0), (11, 1), (4, 2), (5, 3), (6, 2), (7, 3), (8, 2), (9, 3), (10, 2), (11, 3)]
length: 16 76
Estimated difference between T3^fnT3 - (T2^WT3 + h.c.) is: -1.4849618720036365e-06 2.2051117613045446e-12
total cost: -7.783602700151069
singles alt: [(4, 0), (5, 1), (6, 0), (7, 1), (8, 0), (9, 1), (10, 0), (11, 1), (4, 2), (5, 3), (6, 2), (7, 3), (8, 2), (9, 3), (10, 2), (11, 3)]
length: 16 76
Estimated difference between T3^fnT3 - (T2^WT3 + h.c.) is: -1.4849619192363821e-06 2.2051119015821994e-12
total cost: -7.783602700151115
singles alt: [(4, 0), (5, 1), (6, 0), (7, 1), (8, 0), (9, 1), (10, 0), (11, 1), (4, 2), (5, 3), (6, 2), (7, 3), (8, 2), (9, 3), (10, 2), (11, 3)]
length: 16 76
Estimated difference between T3^fnT3 - (T2^WT3 + h.c.) is: -1.4849619192319034e-06 2.2051119015688982e-12
total cost: -7.783602700151116
singles alt: [(4, 0), (5, 1), (6, 0), (7, 1), (8, 0), (9, 1), (10, 0), (11, 1), (4, 2), (5, 3), (6, 2), (7, 3), (8, 2), (9, 3), (10, 2), (11, 3)]
length: 16 76
Estimated difference between T3^fnT3 - (T2^WT3 + h.c.) is: -1.484961867512377e-06 2.2051117479658464e-12
total cost: -7.78360270015111
singles alt: [(4, 0), (5, 1), (6, 0), (7, 1), (8, 0), (9, 1), (10, 0), (11, 1), (4, 2), (5, 3), (6, 2), (7, 3), (8, 2), (9, 3), (10, 2), (11, 3)]
length: 16 76
Estimated difference between T3^fnT3 - (T2^WT3 + h.c.) is: -1.484961975566338e-06 2.2051120688778817e-12
total cost: -7.7836027002347645
singles alt: [(4, 0), (5, 1), (6, 0), (7, 1), (8, 0), (9, 1), (10, 0), (11, 1), (4, 2), (5, 3), (6, 2), (7, 3), (8, 2), (9, 3), (10, 2), (11, 3)]
length: 16 76
Estimated difference between T3^fnT3 - (T2^WT3 + h.c.) is: -1.484962255208267e-06 2.205112899393222e-12
total cost: -7.783602699984045
singles alt: [(4, 0), (5, 1), (6, 0), (7, 1), (8, 0), (9, 1), (10, 0), (11, 1), (4, 2), (5, 3), (6, 2), (7, 3), (8, 2), (9, 3), (10, 2), (11, 3)]
length: 16 76
Estimated difference between T3^fnT3 - (T2^WT3 + h.c.) is: -1.4849624403809847e-06 2.2051134493422497e-12
total cost: -7.783602699984004
singles alt: [(4, 0), (5, 1), (6, 0), (7, 1), (8, 0), (9, 1), (10, 0), (11, 1), (4, 2), (5, 3), (6, 2), (7, 3), (8, 2), (9, 3), (10, 2), (11, 3)]
length: 16 76
Estimated difference between T3^fnT3 - (T2^WT3 + h.c.) is: -1.4849619566812242e-06 2.20511201279053e-12
total cost: -7.783602700373351
singles alt: [(4, 0), (5, 1), (6, 0), (7, 1), (8, 0), (9, 1), (10, 0), (11, 1), (4, 2), (5, 3), (6, 2), (7, 3), (8, 2), (9, 3), (10, 2), (11, 3)]
length: 16 76
Estimated difference between T3^fnT3 - (T2^WT3 + h.c.) is: -1.484961833361407e-06 2.2051116465400713e-12
total cost: -7.783602700151078
singles alt: [(4, 0), (5, 1), (6, 0), (7, 1), (8, 0), (9, 1), (10, 0), (11, 1), (4, 2), (5, 3), (6, 2), (7, 3), (8, 2), (9, 3), (10, 2), (11, 3)]
length: 16 76
Estimated difference between T3^fnT3 - (T2^WT3 + h.c.) is: -1.4849618333613115e-06 2.205111646539788e-12
total cost: -7.783602700151083
singles alt: [(4, 0), (5, 1), (6, 0), (7, 1), (8, 0), (9, 1), (10, 0), (11, 1), (4, 2), (5, 3), (6, 2), (7, 3), (8, 2), (9, 3), (10, 2), (11, 3)]
length: 16 76
Estimated difference between T3^fnT3 - (T2^WT3 + h.c.) is: -1.484961833360939e-06 2.2051116465386815e-12
total cost: -7.783602700151082
singles alt: [(4, 0), (5, 1), (6, 0), (7, 1), (8, 0), (9, 1), (10, 0), (11, 1), (4, 2), (5, 3), (6, 2), (7, 3), (8, 2), (9, 3), (10, 2), (11, 3)]
length: 16 76
Estimated difference between T3^fnT3 - (T2^WT3 + h.c.) is: -1.4849618333613353e-06 2.205111646539858e-12
total cost: -7.783602700151082
singles alt: [(4, 0), (5, 1), (6, 0), (7, 1), (8, 0), (9, 1), (10, 0), (11, 1), (4, 2), (5, 3), (6, 2), (7, 3), (8, 2), (9, 3), (10, 2), (11, 3)]
length: 16 76
Estimated difference between T3^fnT3 - (T2^WT3 + h.c.) is: -1.4849618836596367e-06 2.2051117959219765e-12
total cost: -7.783602700330412
singles alt: [(4, 0), (5, 1), (6, 0), (7, 1), (8, 0), (9, 1), (10, 0), (11, 1), (4, 2), (5, 3), (6, 2), (7, 3), (8, 2), (9, 3), (10, 2), (11, 3)]
length: 16 76
Estimated difference between T3^fnT3 - (T2^WT3 + h.c.) is: -1.4849617803071418e-06 2.205111488972956e-12
total cost: -7.783602700205321
singles alt: [(4, 0), (5, 1), (6, 0), (7, 1), (8, 0), (9, 1), (10, 0), (11, 1), (4, 2), (5, 3), (6, 2), (7, 3), (8, 2), (9, 3), (10, 2), (11, 3)]
length: 16 76
Estimated difference between T3^fnT3 - (T2^WT3 + h.c.) is: -1.4849615226385662e-06 2.205110723717049e-12
total cost: -7.7836027003809365
singles alt: [(4, 0), (5, 1), (6, 0), (7, 1), (8, 0), (9, 1), (10, 0), (11, 1), (4, 2), (5, 3), (6, 2), (7, 3), (8, 2), (9, 3), (10, 2), (11, 3)]
length: 16 76
Estimated difference between T3^fnT3 - (T2^WT3 + h.c.) is: -1.4849617432750915e-06 2.205111378990599e-12
total cost: -7.78360269987838
singles alt: [(4, 0), (5, 1), (6, 0), (7, 1), (8, 0), (9, 1), (10, 0), (11, 1), (4, 2), (5, 3), (6, 2), (7, 3), (8, 2), (9, 3), (10, 2), (11, 3)]
length: 16 76
Estimated difference between T3^fnT3 - (T2^WT3 + h.c.) is: -1.4849618333614185e-06 2.2051116465401053e-12
total cost: -7.783602700151078
singles alt: [(4, 0), (5, 1), (6, 0), (7, 1), (8, 0), (9, 1), (10, 0), (11, 1), (4, 2), (5, 3), (6, 2), (7, 3), (8, 2), (9, 3), (10, 2), (11, 3)]
length: 16 76
Estimated difference between T3^fnT3 - (T2^WT3 + h.c.) is: -1.4849618333605325e-06 2.205111646537474e-12
total cost: -7.783602700151084
singles alt: [(4, 0), (5, 1), (6, 0), (7, 1), (8, 0), (9, 1), (10, 0), (11, 1), (4, 2), (5, 3), (6, 2), (7, 3), (8, 2), (9, 3), (10, 2), (11, 3)]
length: 16 76
Estimated difference between T3^fnT3 - (T2^WT3 + h.c.) is: -1.484961833361448e-06 2.2051116465401925e-12
total cost: -7.783602700151082
singles alt: [(4, 0), (5, 1), (6, 0), (7, 1), (8, 0), (9, 1), (10, 0), (11, 1), (4, 2), (5, 3), (6, 2), (7, 3), (8, 2), (9, 3), (10, 2), (11, 3)]
length: 16 76
Estimated difference between T3^fnT3 - (T2^WT3 + h.c.) is: -1.4849618333613223e-06 2.2051116465398197e-12
total cost: -7.783602700151083
singles alt: [(4, 0), (5, 1), (6, 0), (7, 1), (8, 0), (9, 1), (10, 0), (11, 1), (4, 2), (5, 3), (6, 2), (7, 3), (8, 2), (9, 3), (10, 2), (11, 3)]
length: 16 76
Estimated difference between T3^fnT3 - (T2^WT3 + h.c.) is: -1.4849618333613528e-06 2.20511164653991e-12
total cost: -7.78360270015108
singles alt: [(4, 0), (5, 1), (6, 0), (7, 1), (8, 0), (9, 1), (10, 0), (11, 1), (4, 2), (5, 3), (6, 2), (7, 3), (8, 2), (9, 3), (10, 2), (11, 3)]
length: 16 76
Estimated difference between T3^fnT3 - (T2^WT3 + h.c.) is: -1.4849618333608832e-06 2.205111646538515e-12
total cost: -7.783602700151082
singles alt: [(4, 0), (5, 1), (6, 0), (7, 1), (8, 0), (9, 1), (10, 0), (11, 1), (4, 2), (5, 3), (6, 2), (7, 3), (8, 2), (9, 3), (10, 2), (11, 3)]
length: 16 76
Estimated difference between T3^fnT3 - (T2^WT3 + h.c.) is: -1.484961833361124e-06 2.2051116465392304e-12
total cost: -7.783602700151082
singles alt: [(4, 0), (5, 1), (6, 0), (7, 1), (8, 0), (9, 1), (10, 0), (11, 1), (4, 2), (5, 3), (6, 2), (7, 3), (8, 2), (9, 3), (10, 2), (11, 3)]
length: 16 76
Estimated difference between T3^fnT3 - (T2^WT3 + h.c.) is: -1.4849618333614094e-06 2.2051116465400782e-12
total cost: -7.783602700151082
singles alt: [(4, 0), (5, 1), (6, 0), (7, 1), (8, 0), (9, 1), (10, 0), (11, 1), (4, 2), (5, 3), (6, 2), (7, 3), (8, 2), (9, 3), (10, 2), (11, 3)]
length: 16 76
Estimated difference between T3^fnT3 - (T2^WT3 + h.c.) is: -1.484962002480552e-06 2.205112148811051e-12
total cost: -7.783602700384569
singles alt: [(4, 0), (5, 1), (6, 0), (7, 1), (8, 0), (9, 1), (10, 0), (11, 1), (4, 2), (5, 3), (6, 2), (7, 3), (8, 2), (9, 3), (10, 2), (11, 3)]
length: 16 76
Estimated difference between T3^fnT3 - (T2^WT3 + h.c.) is: -1.484961874274863e-06 2.205111768049914e-12
total cost: -7.783602699982946
singles alt: [(4, 0), (5, 1), (6, 0), (7, 1), (8, 0), (9, 1), (10, 0), (11, 1), (4, 2), (5, 3), (6, 2), (7, 3), (8, 2), (9, 3), (10, 2), (11, 3)]
length: 16 76
Estimated difference between T3^fnT3 - (T2^WT3 + h.c.) is: -1.4849618742719503e-06 2.2051117680412634e-12
total cost: -7.78360269998295
singles alt: [(4, 0), (5, 1), (6, 0), (7, 1), (8, 0), (9, 1), (10, 0), (11, 1), (4, 2), (5, 3), (6, 2), (7, 3), (8, 2), (9, 3), (10, 2), (11, 3)]
length: 16 76
Estimated difference between T3^fnT3 - (T2^WT3 + h.c.) is: -1.4849619693184088e-06 2.2051120503220068e-12
total cost: -7.783602699998324
singles alt: [(4, 0), (5, 1), (6, 0), (7, 1), (8, 0), (9, 1), (10, 0), (11, 1), (4, 2), (5, 3), (6, 2), (7, 3), (8, 2), (9, 3), (10, 2), (11, 3)]
length: 16 76
Estimated difference between T3^fnT3 - (T2^WT3 + h.c.) is: -1.484961833359923e-06 2.205111646535664e-12
total cost: -7.783602700151082
singles alt: [(4, 0), (5, 1), (6, 0), (7, 1), (8, 0), (9, 1), (10, 0), (11, 1), (4, 2), (5, 3), (6, 2), (7, 3), (8, 2), (9, 3), (10, 2), (11, 3)]
length: 16 76
Estimated difference between T3^fnT3 - (T2^WT3 + h.c.) is: -1.484961833359652e-06 2.205111646534859e-12
total cost: -7.783602700151083
singles alt: [(4, 0), (5, 1), (6, 0), (7, 1), (8, 0), (9, 1), (10, 0), (11, 1), (4, 2), (5, 3), (6, 2), (7, 3), (8, 2), (9, 3), (10, 2), (11, 3)]
length: 16 76
Estimated difference between T3^fnT3 - (T2^WT3 + h.c.) is: -1.4849618333600302e-06 2.2051116465359823e-12
total cost: -7.783602700151082
singles alt: [(4, 0), (5, 1), (6, 0), (7, 1), (8, 0), (9, 1), (10, 0), (11, 1), (4, 2), (5, 3), (6, 2), (7, 3), (8, 2), (9, 3), (10, 2), (11, 3)]
length: 16 76
Estimated difference between T3^fnT3 - (T2^WT3 + h.c.) is: -1.4849618333606591e-06 2.20511164653785e-12
total cost: -7.783602700151081
singles alt: [(4, 0), (5, 1), (6, 0), (7, 1), (8, 0), (9, 1), (10, 0), (11, 1), (4, 2), (5, 3), (6, 2), (7, 3), (8, 2), (9, 3), (10, 2), (11, 3)]
length: 16 76
Estimated difference between T3^fnT3 - (T2^WT3 + h.c.) is: -1.4849615857355004e-06 2.205110911110092e-12
total cost: -7.783602700325546
singles alt: [(4, 0), (5, 1), (6, 0), (7, 1), (8, 0), (9, 1), (10, 0), (11, 1), (4, 2), (5, 3), (6, 2), (7, 3), (8, 2), (9, 3), (10, 2), (11, 3)]
length: 16 76
Estimated difference between T3^fnT3 - (T2^WT3 + h.c.) is: -1.4849615858377605e-06 2.2051109114137965e-12
total cost: -7.783602700325554
singles alt: [(4, 0), (5, 1), (6, 0), (7, 1), (8, 0), (9, 1), (10, 0), (11, 1), (4, 2), (5, 3), (6, 2), (7, 3), (8, 2), (9, 3), (10, 2), (11, 3)]
length: 16 76
Estimated difference between T3^fnT3 - (T2^WT3 + h.c.) is: -1.4849616215159542e-06 2.205111017375292e-12
total cost: -7.7836027001509525
singles alt: [(4, 0), (5, 1), (6, 0), (7, 1), (8, 0), (9, 1), (10, 0), (11, 1), (4, 2), (5, 3), (6, 2), (7, 3), (8, 2), (9, 3), (10, 2), (11, 3)]
length: 16 76
Estimated difference between T3^fnT3 - (T2^WT3 + h.c.) is: -1.4849620452027257e-06 2.205112275692662e-12
total cost: -7.783602700151211
singles alt: [(4, 0), (5, 1), (6, 0), (7, 1), (8, 0), (9, 1), (10, 0), (11, 1), (4, 2), (5, 3), (6, 2), (7, 3), (8, 2), (9, 3), (10, 2), (11, 3)]
length: 16 76
Estimated difference between T3^fnT3 - (T2^WT3 + h.c.) is: -1.4849618333618829e-06 2.2051116465414846e-12
total cost: -7.783602700151081
singles alt: [(4, 0), (5, 1), (6, 0), (7, 1), (8, 0), (9, 1), (10, 0), (11, 1), (4, 2), (5, 3), (6, 2), (7, 3), (8, 2), (9, 3), (10, 2), (11, 3)]
length: 16 76
Estimated difference between T3^fnT3 - (T2^WT3 + h.c.) is: -1.4849618333622761e-06 2.2051116465426522e-12
total cost: -7.783602700151082
singles alt: [(4, 0), (5, 1), (6, 0), (7, 1), (8, 0), (9, 1), (10, 0), (11, 1), (4, 2), (5, 3), (6, 2), (7, 3), (8, 2), (9, 3), (10, 2), (11, 3)]
length: 16 76
Estimated difference between T3^fnT3 - (T2^WT3 + h.c.) is: -1.4849618333617937e-06 2.2051116465412196e-12
total cost: -7.783602700151083
singles alt: [(4, 0), (5, 1), (6, 0), (7, 1), (8, 0), (9, 1), (10, 0), (11, 1), (4, 2), (5, 3), (6, 2), (7, 3), (8, 2), (9, 3), (10, 2), (11, 3)]
length: 16 76
Estimated difference between T3^fnT3 - (T2^WT3 + h.c.) is: -1.4849618333616565e-06 2.205111646540812e-12
total cost: -7.783602700151083
singles alt: [(4, 0), (5, 1), (6, 0), (7, 1), (8, 0), (9, 1), (10, 0), (11, 1), (4, 2), (5, 3), (6, 2), (7, 3), (8, 2), (9, 3), (10, 2), (11, 3)]
length: 16 76
Estimated difference between T3^fnT3 - (T2^WT3 + h.c.) is: -1.4849618333614113e-06 2.205111646540084e-12
total cost: -7.783602700139173
singles alt: [(4, 0), (5, 1), (6, 0), (7, 1), (8, 0), (9, 1), (10, 0), (11, 1), (4, 2), (5, 3), (6, 2), (7, 3), (8, 2), (9, 3), (10, 2), (11, 3)]
length: 16 76
Estimated difference between T3^fnT3 - (T2^WT3 + h.c.) is: -1.4849618333614113e-06 2.205111646540084e-12
total cost: -7.7836027001391646
singles alt: [(4, 0), (5, 1), (6, 0), (7, 1), (8, 0), (9, 1), (10, 0), (11, 1), (4, 2), (5, 3), (6, 2), (7, 3), (8, 2), (9, 3), (10, 2), (11, 3)]
length: 16 76
Estimated difference between T3^fnT3 - (T2^WT3 + h.c.) is: -1.4849618333614113e-06 2.205111646540084e-12
total cost: -7.783602700151081
singles alt: [(4, 0), (5, 1), (6, 0), (7, 1), (8, 0), (9, 1), (10, 0), (11, 1), (4, 2), (5, 3), (6, 2), (7, 3), (8, 2), (9, 3), (10, 2), (11, 3)]
length: 16 76
Estimated difference between T3^fnT3 - (T2^WT3 + h.c.) is: -1.4849618333614113e-06 2.205111646540084e-12
total cost: -7.783602700151082
singles alt: [(4, 0), (5, 1), (6, 0), (7, 1), (8, 0), (9, 1), (10, 0), (11, 1), (4, 2), (5, 3), (6, 2), (7, 3), (8, 2), (9, 3), (10, 2), (11, 3)]
length: 16 76
Estimated difference between T3^fnT3 - (T2^WT3 + h.c.) is: -1.4849618333614113e-06 2.205111646540084e-12
total cost: -7.783602700151082
singles alt: [(4, 0), (5, 1), (6, 0), (7, 1), (8, 0), (9, 1), (10, 0), (11, 1), (4, 2), (5, 3), (6, 2), (7, 3), (8, 2), (9, 3), (10, 2), (11, 3)]
length: 16 76
Estimated difference between T3^fnT3 - (T2^WT3 + h.c.) is: -1.4849618333614113e-06 2.205111646540084e-12
total cost: -7.783602700151082
singles alt: [(4, 0), (5, 1), (6, 0), (7, 1), (8, 0), (9, 1), (10, 0), (11, 1), (4, 2), (5, 3), (6, 2), (7, 3), (8, 2), (9, 3), (10, 2), (11, 3)]
length: 16 76
Estimated difference between T3^fnT3 - (T2^WT3 + h.c.) is: -1.4849618333614113e-06 2.205111646540084e-12
total cost: -7.783602700109935
singles alt: [(4, 0), (5, 1), (6, 0), (7, 1), (8, 0), (9, 1), (10, 0), (11, 1), (4, 2), (5, 3), (6, 2), (7, 3), (8, 2), (9, 3), (10, 2), (11, 3)]
length: 16 76
Estimated difference between T3^fnT3 - (T2^WT3 + h.c.) is: -1.4849618333614113e-06 2.205111646540084e-12
total cost: -7.783602700109933
singles alt: [(4, 0), (5, 1), (6, 0), (7, 1), (8, 0), (9, 1), (10, 0), (11, 1), (4, 2), (5, 3), (6, 2), (7, 3), (8, 2), (9, 3), (10, 2), (11, 3)]
length: 16 76
Estimated difference between T3^fnT3 - (T2^WT3 + h.c.) is: -1.4849618333614113e-06 2.205111646540084e-12
total cost: -7.783602700215943
singles alt: [(4, 0), (5, 1), (6, 0), (7, 1), (8, 0), (9, 1), (10, 0), (11, 1), (4, 2), (5, 3), (6, 2), (7, 3), (8, 2), (9, 3), (10, 2), (11, 3)]
length: 16 76
Estimated difference between T3^fnT3 - (T2^WT3 + h.c.) is: -1.4849618333614113e-06 2.205111646540084e-12
total cost: -7.78360270021583
singles alt: [(4, 0), (5, 1), (6, 0), (7, 1), (8, 0), (9, 1), (10, 0), (11, 1), (4, 2), (5, 3), (6, 2), (7, 3), (8, 2), (9, 3), (10, 2), (11, 3)]
length: 16 76
Estimated difference between T3^fnT3 - (T2^WT3 + h.c.) is: -1.4849618333614113e-06 2.205111646540084e-12
total cost: -7.783602700151082
singles alt: [(4, 0), (5, 1), (6, 0), (7, 1), (8, 0), (9, 1), (10, 0), (11, 1), (4, 2), (5, 3), (6, 2), (7, 3), (8, 2), (9, 3), (10, 2), (11, 3)]
length: 16 76
Estimated difference between T3^fnT3 - (T2^WT3 + h.c.) is: -1.4849618333614113e-06 2.205111646540084e-12
total cost: -7.783602700151082
singles alt: [(4, 0), (5, 1), (6, 0), (7, 1), (8, 0), (9, 1), (10, 0), (11, 1), (4, 2), (5, 3), (6, 2), (7, 3), (8, 2), (9, 3), (10, 2), (11, 3)]
length: 16 76
Estimated difference between T3^fnT3 - (T2^WT3 + h.c.) is: -1.4849618333614113e-06 2.205111646540084e-12
total cost: -7.783602700151082
singles alt: [(4, 0), (5, 1), (6, 0), (7, 1), (8, 0), (9, 1), (10, 0), (11, 1), (4, 2), (5, 3), (6, 2), (7, 3), (8, 2), (9, 3), (10, 2), (11, 3)]
length: 16 76
Estimated difference between T3^fnT3 - (T2^WT3 + h.c.) is: -1.4849618333614113e-06 2.205111646540084e-12
total cost: -7.783602700151082
singles alt: [(4, 0), (5, 1), (6, 0), (7, 1), (8, 0), (9, 1), (10, 0), (11, 1), (4, 2), (5, 3), (6, 2), (7, 3), (8, 2), (9, 3), (10, 2), (11, 3)]
length: 16 76
Estimated difference between T3^fnT3 - (T2^WT3 + h.c.) is: -1.4849618333614113e-06 2.205111646540084e-12
total cost: -7.783602700134952
singles alt: [(4, 0), (5, 1), (6, 0), (7, 1), (8, 0), (9, 1), (10, 0), (11, 1), (4, 2), (5, 3), (6, 2), (7, 3), (8, 2), (9, 3), (10, 2), (11, 3)]
length: 16 76
Estimated difference between T3^fnT3 - (T2^WT3 + h.c.) is: -1.4849618333614113e-06 2.205111646540084e-12
total cost: -7.783602700134921
singles alt: [(4, 0), (5, 1), (6, 0), (7, 1), (8, 0), (9, 1), (10, 0), (11, 1), (4, 2), (5, 3), (6, 2), (7, 3), (8, 2), (9, 3), (10, 2), (11, 3)]
callback: energy=-7.783601215189
singles alt: [(4, 0), (5, 1), (6, 0), (7, 1), (8, 0), (9, 1), (10, 0), (11, 1), (4, 2), (5, 3), (6, 2), (7, 3), (8, 2), (9, 3), (10, 2), (11, 3)]
length: 16 76
Estimated difference between T3^fnT3 - (T2^WT3 + h.c.) is: -3.2838109699045318e-06 1.0783414486065342e-11
total cost: -7.779082915730824
singles alt: [(4, 0), (5, 1), (6, 0), (7, 1), (8, 0), (9, 1), (10, 0), (11, 1), (4, 2), (5, 3), (6, 2), (7, 3), (8, 2), (9, 3), (10, 2), (11, 3)]
length: 16 76
Estimated difference between T3^fnT3 - (T2^WT3 + h.c.) is: -3.283811349471125e-06 1.0783416978915372e-11
total cost: -7.779082915746234
singles alt: [(4, 0), (5, 1), (6, 0), (7, 1), (8, 0), (9, 1), (10, 0), (11, 1), (4, 2), (5, 3), (6, 2), (7, 3), (8, 2), (9, 3), (10, 2), (11, 3)]
length: 16 76
Estimated difference between T3^fnT3 - (T2^WT3 + h.c.) is: -3.2838107144478123e-06 1.078341280832225e-11
total cost: -7.7790829158769625
singles alt: [(4, 0), (5, 1), (6, 0), (7, 1), (8, 0), (9, 1), (10, 0), (11, 1), (4, 2), (5, 3), (6, 2), (7, 3), (8, 2), (9, 3), (10, 2), (11, 3)]
length: 16 76
Estimated difference between T3^fnT3 - (T2^WT3 + h.c.) is: -3.2838107146734195e-06 1.0783412809803954e-11
total cost: -7.779082915876991
singles alt: [(4, 0), (5, 1), (6, 0), (7, 1), (8, 0), (9, 1), (10, 0), (11, 1), (4, 2), (5, 3), (6, 2), (7, 3), (8, 2), (9, 3), (10, 2), (11, 3)]
length: 16 76
Estimated difference between T3^fnT3 - (T2^WT3 + h.c.) is: -3.2838110422595417e-06 1.0783414961265698e-11
total cost: -7.779082915741031
singles alt: [(4, 0), (5, 1), (6, 0), (7, 1), (8, 0), (9, 1), (10, 0), (11, 1), (4, 2), (5, 3), (6, 2), (7, 3), (8, 2), (9, 3), (10, 2), (11, 3)]
length: 16 76
Estimated difference between T3^fnT3 - (T2^WT3 + h.c.) is: -3.283810969899865e-06 1.0783414486034693e-11
total cost: -7.779082915730839
singles alt: [(4, 0), (5, 1), (6, 0), (7, 1), (8, 0), (9, 1), (10, 0), (11, 1), (4, 2), (5, 3), (6, 2), (7, 3), (8, 2), (9, 3), (10, 2), (11, 3)]
length: 16 76
Estimated difference between T3^fnT3 - (T2^WT3 + h.c.) is: -3.2838109699140596e-06 1.0783414486127917e-11
total cost: -7.779082915730821
singles alt: [(4, 0), (5, 1), (6, 0), (7, 1), (8, 0), (9, 1), (10, 0), (11, 1), (4, 2), (5, 3), (6, 2), (7, 3), (8, 2), (9, 3), (10, 2), (11, 3)]
length: 16 76
Estimated difference between T3^fnT3 - (T2^WT3 + h.c.) is: -3.2838109699040506e-06 1.0783414486062182e-11
total cost: -7.779082915730825
singles alt: [(4, 0), (5, 1), (6, 0), (7, 1), (8, 0), (9, 1), (10, 0), (11, 1), (4, 2), (5, 3), (6, 2), (7, 3), (8, 2), (9, 3), (10, 2), (11, 3)]
length: 16 76
Estimated difference between T3^fnT3 - (T2^WT3 + h.c.) is: -3.2838109699039973e-06 1.0783414486061831e-11
total cost: -7.779082915730825
singles alt: [(4, 0), (5, 1), (6, 0), (7, 1), (8, 0), (9, 1), (10, 0), (11, 1), (4, 2), (5, 3), (6, 2), (7, 3), (8, 2), (9, 3), (10, 2), (11, 3)]
length: 16 76
Estimated difference between T3^fnT3 - (T2^WT3 + h.c.) is: -3.283810969902705e-06 1.0783414486053344e-11
total cost: -7.7790829157308305
singles alt: [(4, 0), (5, 1), (6, 0), (7, 1), (8, 0), (9, 1), (10, 0), (11, 1), (4, 2), (5, 3), (6, 2), (7, 3), (8, 2), (9, 3), (10, 2), (11, 3)]
length: 16 76
Estimated difference between T3^fnT3 - (T2^WT3 + h.c.) is: -3.283810969901223e-06 1.0783414486043609e-11
total cost: -7.779082915730825
singles alt: [(4, 0), (5, 1), (6, 0), (7, 1), (8, 0), (9, 1), (10, 0), (11, 1), (4, 2), (5, 3), (6, 2), (7, 3), (8, 2), (9, 3), (10, 2), (11, 3)]
length: 16 76
Estimated difference between T3^fnT3 - (T2^WT3 + h.c.) is: -3.2838109699043416e-06 1.0783414486064093e-11
total cost: -7.779082915730825
singles alt: [(4, 0), (5, 1), (6, 0), (7, 1), (8, 0), (9, 1), (10, 0), (11, 1), (4, 2), (5, 3), (6, 2), (7, 3), (8, 2), (9, 3), (10, 2), (11, 3)]
length: 16 76
Estimated difference between T3^fnT3 - (T2^WT3 + h.c.) is: -3.283810969904383e-06 1.0783414486064366e-11
total cost: -7.779082915730824
singles alt: [(4, 0), (5, 1), (6, 0), (7, 1), (8, 0), (9, 1), (10, 0), (11, 1), (4, 2), (5, 3), (6, 2), (7, 3), (8, 2), (9, 3), (10, 2), (11, 3)]
length: 16 76
Estimated difference between T3^fnT3 - (T2^WT3 + h.c.) is: -3.28381104513277e-06 1.0783414980135974e-11
total cost: -7.779082914839988
singles alt: [(4, 0), (5, 1), (6, 0), (7, 1), (8, 0), (9, 1), (10, 0), (11, 1), (4, 2), (5, 3), (6, 2), (7, 3), (8, 2), (9, 3), (10, 2), (11, 3)]
length: 16 76
Estimated difference between T3^fnT3 - (T2^WT3 + h.c.) is: -3.283811461698947e-06 1.0783417715985376e-11
total cost: -7.779082914497213
singles alt: [(4, 0), (5, 1), (6, 0), (7, 1), (8, 0), (9, 1), (10, 0), (11, 1), (4, 2), (5, 3), (6, 2), (7, 3), (8, 2), (9, 3), (10, 2), (11, 3)]
length: 16 76
Estimated difference between T3^fnT3 - (T2^WT3 + h.c.) is: -3.283811018751612e-06 1.0783414806874498e-11
total cost: -7.77908291545277
singles alt: [(4, 0), (5, 1), (6, 0), (7, 1), (8, 0), (9, 1), (10, 0), (11, 1), (4, 2), (5, 3), (6, 2), (7, 3), (8, 2), (9, 3), (10, 2), (11, 3)]
length: 16 76
Estimated difference between T3^fnT3 - (T2^WT3 + h.c.) is: -3.2838107943047758e-06 1.0783413332792562e-11
total cost: -7.779082916013878
singles alt: [(4, 0), (5, 1), (6, 0), (7, 1), (8, 0), (9, 1), (10, 0), (11, 1), (4, 2), (5, 3), (6, 2), (7, 3), (8, 2), (9, 3), (10, 2), (11, 3)]
length: 16 76
Estimated difference between T3^fnT3 - (T2^WT3 + h.c.) is: -3.283810969904062e-06 1.0783414486062258e-11
total cost: -7.779082915730823
singles alt: [(4, 0), (5, 1), (6, 0), (7, 1), (8, 0), (9, 1), (10, 0), (11, 1), (4, 2), (5, 3), (6, 2), (7, 3), (8, 2), (9, 3), (10, 2), (11, 3)]
length: 16 76
Estimated difference between T3^fnT3 - (T2^WT3 + h.c.) is: -3.2838109699043386e-06 1.0783414486064074e-11
total cost: -7.779082915730825
singles alt: [(4, 0), (5, 1), (6, 0), (7, 1), (8, 0), (9, 1), (10, 0), (11, 1), (4, 2), (5, 3), (6, 2), (7, 3), (8, 2), (9, 3), (10, 2), (11, 3)]
length: 16 76
Estimated difference between T3^fnT3 - (T2^WT3 + h.c.) is: -3.2838109699044915e-06 1.0783414486065077e-11
total cost: -7.779082915730825
singles alt: [(4, 0), (5, 1), (6, 0), (7, 1), (8, 0), (9, 1), (10, 0), (11, 1), (4, 2), (5, 3), (6, 2), (7, 3), (8, 2), (9, 3), (10, 2), (11, 3)]
length: 16 76
Estimated difference between T3^fnT3 - (T2^WT3 + h.c.) is: -3.2838109699044034e-06 1.0783414486064498e-11
total cost: -7.779082915730824
singles alt: [(4, 0), (5, 1), (6, 0), (7, 1), (8, 0), (9, 1), (10, 0), (11, 1), (4, 2), (5, 3), (6, 2), (7, 3), (8, 2), (9, 3), (10, 2), (11, 3)]
length: 16 76
Estimated difference between T3^fnT3 - (T2^WT3 + h.c.) is: -3.2838112181405935e-06 1.0783416116386008e-11
total cost: -7.7790829155549055
singles alt: [(4, 0), (5, 1), (6, 0), (7, 1), (8, 0), (9, 1), (10, 0), (11, 1), (4, 2), (5, 3), (6, 2), (7, 3), (8, 2), (9, 3), (10, 2), (11, 3)]
length: 16 76
Estimated difference between T3^fnT3 - (T2^WT3 + h.c.) is: -3.2838102065663666e-06 1.0783409472749444e-11
total cost: -7.779082916439256
singles alt: [(4, 0), (5, 1), (6, 0), (7, 1), (8, 0), (9, 1), (10, 0), (11, 1), (4, 2), (5, 3), (6, 2), (7, 3), (8, 2), (9, 3), (10, 2), (11, 3)]
length: 16 76
Estimated difference between T3^fnT3 - (T2^WT3 + h.c.) is: -3.2838104380782474e-06 1.0783410993231651e-11
total cost: -7.779082916440297
singles alt: [(4, 0), (5, 1), (6, 0), (7, 1), (8, 0), (9, 1), (10, 0), (11, 1), (4, 2), (5, 3), (6, 2), (7, 3), (8, 2), (9, 3), (10, 2), (11, 3)]
length: 16 76
Estimated difference between T3^fnT3 - (T2^WT3 + h.c.) is: -3.283811190575381e-06 1.0783415935348101e-11
total cost: -7.779082915560233
singles alt: [(4, 0), (5, 1), (6, 0), (7, 1), (8, 0), (9, 1), (10, 0), (11, 1), (4, 2), (5, 3), (6, 2), (7, 3), (8, 2), (9, 3), (10, 2), (11, 3)]
length: 16 76
Estimated difference between T3^fnT3 - (T2^WT3 + h.c.) is: -3.2838109213410916e-06 1.0783414167119028e-11
total cost: -7.779082915730802
singles alt: [(4, 0), (5, 1), (6, 0), (7, 1), (8, 0), (9, 1), (10, 0), (11, 1), (4, 2), (5, 3), (6, 2), (7, 3), (8, 2), (9, 3), (10, 2), (11, 3)]
length: 16 76
Estimated difference between T3^fnT3 - (T2^WT3 + h.c.) is: -3.2838111235959203e-06 1.0783415495452301e-11
total cost: -7.7790829157307115
singles alt: [(4, 0), (5, 1), (6, 0), (7, 1), (8, 0), (9, 1), (10, 0), (11, 1), (4, 2), (5, 3), (6, 2), (7, 3), (8, 2), (9, 3), (10, 2), (11, 3)]
length: 16 76
Estimated difference between T3^fnT3 - (T2^WT3 + h.c.) is: -3.2838111235846306e-06 1.0783415495378154e-11
total cost: -7.779082915730711
singles alt: [(4, 0), (5, 1), (6, 0), (7, 1), (8, 0), (9, 1), (10, 0), (11, 1), (4, 2), (5, 3), (6, 2), (7, 3), (8, 2), (9, 3), (10, 2), (11, 3)]
length: 16 76
Estimated difference between T3^fnT3 - (T2^WT3 + h.c.) is: -3.2838109269780493e-06 1.0783414204140435e-11
total cost: -7.77908291573072
singles alt: [(4, 0), (5, 1), (6, 0), (7, 1), (8, 0), (9, 1), (10, 0), (11, 1), (4, 2), (5, 3), (6, 2), (7, 3), (8, 2), (9, 3), (10, 2), (11, 3)]
length: 16 76
Estimated difference between T3^fnT3 - (T2^WT3 + h.c.) is: -3.2838109699031058e-06 1.0783414486055976e-11
total cost: -7.779082915730865
singles alt: [(4, 0), (5, 1), (6, 0), (7, 1), (8, 0), (9, 1), (10, 0), (11, 1), (4, 2), (5, 3), (6, 2), (7, 3), (8, 2), (9, 3), (10, 2), (11, 3)]
length: 16 76
Estimated difference between T3^fnT3 - (T2^WT3 + h.c.) is: -3.283810969904803e-06 1.0783414486067122e-11
total cost: -7.77908291573082
singles alt: [(4, 0), (5, 1), (6, 0), (7, 1), (8, 0), (9, 1), (10, 0), (11, 1), (4, 2), (5, 3), (6, 2), (7, 3), (8, 2), (9, 3), (10, 2), (11, 3)]
length: 16 76
Estimated difference between T3^fnT3 - (T2^WT3 + h.c.) is: -3.28381096990492e-06 1.0783414486067893e-11
total cost: -7.779082915730823
singles alt: [(4, 0), (5, 1), (6, 0), (7, 1), (8, 0), (9, 1), (10, 0), (11, 1), (4, 2), (5, 3), (6, 2), (7, 3), (8, 2), (9, 3), (10, 2), (11, 3)]
length: 16 76
Estimated difference between T3^fnT3 - (T2^WT3 + h.c.) is: -3.28381096990433e-06 1.0783414486064017e-11
total cost: -7.779082915730825
singles alt: [(4, 0), (5, 1), (6, 0), (7, 1), (8, 0), (9, 1), (10, 0), (11, 1), (4, 2), (5, 3), (6, 2), (7, 3), (8, 2), (9, 3), (10, 2), (11, 3)]
length: 16 76
Estimated difference between T3^fnT3 - (T2^WT3 + h.c.) is: -3.2838109699020614e-06 1.0783414486049116e-11
total cost: -7.7790829157308305
singles alt: [(4, 0), (5, 1), (6, 0), (7, 1), (8, 0), (9, 1), (10, 0), (11, 1), (4, 2), (5, 3), (6, 2), (7, 3), (8, 2), (9, 3), (10, 2), (11, 3)]
length: 16 76
Estimated difference between T3^fnT3 - (T2^WT3 + h.c.) is: -3.283810969903826e-06 1.0783414486060708e-11
total cost: -7.779082915730825
singles alt: [(4, 0), (5, 1), (6, 0), (7, 1), (8, 0), (9, 1), (10, 0), (11, 1), (4, 2), (5, 3), (6, 2), (7, 3), (8, 2), (9, 3), (10, 2), (11, 3)]
length: 16 76
Estimated difference between T3^fnT3 - (T2^WT3 + h.c.) is: -3.283810969902564e-06 1.0783414486052419e-11
total cost: -7.779082915730825
singles alt: [(4, 0), (5, 1), (6, 0), (7, 1), (8, 0), (9, 1), (10, 0), (11, 1), (4, 2), (5, 3), (6, 2), (7, 3), (8, 2), (9, 3), (10, 2), (11, 3)]
length: 16 76
Estimated difference between T3^fnT3 - (T2^WT3 + h.c.) is: -3.2838109699042425e-06 1.0783414486063442e-11
total cost: -7.779082915730824
singles alt: [(4, 0), (5, 1), (6, 0), (7, 1), (8, 0), (9, 1), (10, 0), (11, 1), (4, 2), (5, 3), (6, 2), (7, 3), (8, 2), (9, 3), (10, 2), (11, 3)]
length: 16 76
Estimated difference between T3^fnT3 - (T2^WT3 + h.c.) is: -3.2838109213329855e-06 1.0783414167065791e-11
total cost: -7.779082915730833
singles alt: [(4, 0), (5, 1), (6, 0), (7, 1), (8, 0), (9, 1), (10, 0), (11, 1), (4, 2), (5, 3), (6, 2), (7, 3), (8, 2), (9, 3), (10, 2), (11, 3)]
length: 16 76
Estimated difference between T3^fnT3 - (T2^WT3 + h.c.) is: -3.2838111235787882e-06 1.0783415495339784e-11
total cost: -7.7790829157307115
singles alt: [(4, 0), (5, 1), (6, 0), (7, 1), (8, 0), (9, 1), (10, 0), (11, 1), (4, 2), (5, 3), (6, 2), (7, 3), (8, 2), (9, 3), (10, 2), (11, 3)]
length: 16 76
Estimated difference between T3^fnT3 - (T2^WT3 + h.c.) is: -3.283811123573209e-06 1.078341549530314e-11
total cost: -7.779082915730711
singles alt: [(4, 0), (5, 1), (6, 0), (7, 1), (8, 0), (9, 1), (10, 0), (11, 1), (4, 2), (5, 3), (6, 2), (7, 3), (8, 2), (9, 3), (10, 2), (11, 3)]
length: 16 76
Estimated difference between T3^fnT3 - (T2^WT3 + h.c.) is: -3.283810926976866e-06 1.0783414204132664e-11
total cost: -7.779082915730735
singles alt: [(4, 0), (5, 1), (6, 0), (7, 1), (8, 0), (9, 1), (10, 0), (11, 1), (4, 2), (5, 3), (6, 2), (7, 3), (8, 2), (9, 3), (10, 2), (11, 3)]
length: 16 76
Estimated difference between T3^fnT3 - (T2^WT3 + h.c.) is: -3.283811217934289e-06 1.0783416115031078e-11
total cost: -7.779082915556226
singles alt: [(4, 0), (5, 1), (6, 0), (7, 1), (8, 0), (9, 1), (10, 0), (11, 1), (4, 2), (5, 3), (6, 2), (7, 3), (8, 2), (9, 3), (10, 2), (11, 3)]
length: 16 76
Estimated difference between T3^fnT3 - (T2^WT3 + h.c.) is: -3.2838104393586677e-06 1.0783411001640967e-11
total cost: -7.7790829164382
singles alt: [(4, 0), (5, 1), (6, 0), (7, 1), (8, 0), (9, 1), (10, 0), (11, 1), (4, 2), (5, 3), (6, 2), (7, 3), (8, 2), (9, 3), (10, 2), (11, 3)]
length: 16 76
Estimated difference between T3^fnT3 - (T2^WT3 + h.c.) is: -3.2838102070599277e-06 1.0783409475990966e-11
total cost: -7.779082916437705
singles alt: [(4, 0), (5, 1), (6, 0), (7, 1), (8, 0), (9, 1), (10, 0), (11, 1), (4, 2), (5, 3), (6, 2), (7, 3), (8, 2), (9, 3), (10, 2), (11, 3)]
length: 16 76
Estimated difference between T3^fnT3 - (T2^WT3 + h.c.) is: -3.2838111906034533e-06 1.078341593553247e-11
total cost: -7.779082915560263
singles alt: [(4, 0), (5, 1), (6, 0), (7, 1), (8, 0), (9, 1), (10, 0), (11, 1), (4, 2), (5, 3), (6, 2), (7, 3), (8, 2), (9, 3), (10, 2), (11, 3)]
length: 16 76
Estimated difference between T3^fnT3 - (T2^WT3 + h.c.) is: -3.2838109699037004e-06 1.0783414486059881e-11
total cost: -7.779082915730865
singles alt: [(4, 0), (5, 1), (6, 0), (7, 1), (8, 0), (9, 1), (10, 0), (11, 1), (4, 2), (5, 3), (6, 2), (7, 3), (8, 2), (9, 3), (10, 2), (11, 3)]
length: 16 76
Estimated difference between T3^fnT3 - (T2^WT3 + h.c.) is: -3.2838109699056274e-06 1.0783414486072538e-11
total cost: -7.779082915730819
singles alt: [(4, 0), (5, 1), (6, 0), (7, 1), (8, 0), (9, 1), (10, 0), (11, 1), (4, 2), (5, 3), (6, 2), (7, 3), (8, 2), (9, 3), (10, 2), (11, 3)]
length: 16 76
Estimated difference between T3^fnT3 - (T2^WT3 + h.c.) is: -3.283810969903438e-06 1.0783414486058157e-11
total cost: -7.779082915730823
singles alt: [(4, 0), (5, 1), (6, 0), (7, 1), (8, 0), (9, 1), (10, 0), (11, 1), (4, 2), (5, 3), (6, 2), (7, 3), (8, 2), (9, 3), (10, 2), (11, 3)]
length: 16 76
Estimated difference between T3^fnT3 - (T2^WT3 + h.c.) is: -3.283810969904365e-06 1.0783414486064246e-11
total cost: -7.779082915730825
singles alt: [(4, 0), (5, 1), (6, 0), (7, 1), (8, 0), (9, 1), (10, 0), (11, 1), (4, 2), (5, 3), (6, 2), (7, 3), (8, 2), (9, 3), (10, 2), (11, 3)]
length: 16 76
Estimated difference between T3^fnT3 - (T2^WT3 + h.c.) is: -3.2838110450868657e-06 1.0783414979834493e-11
total cost: -7.779082914839609
singles alt: [(4, 0), (5, 1), (6, 0), (7, 1), (8, 0), (9, 1), (10, 0), (11, 1), (4, 2), (5, 3), (6, 2), (7, 3), (8, 2), (9, 3), (10, 2), (11, 3)]
length: 16 76
Estimated difference between T3^fnT3 - (T2^WT3 + h.c.) is: -3.2838110183619886e-06 1.07834148043156e-11
total cost: -7.779082915456095
singles alt: [(4, 0), (5, 1), (6, 0), (7, 1), (8, 0), (9, 1), (10, 0), (11, 1), (4, 2), (5, 3), (6, 2), (7, 3), (8, 2), (9, 3), (10, 2), (11, 3)]
length: 16 76
Estimated difference between T3^fnT3 - (T2^WT3 + h.c.) is: -3.2838114602737258e-06 1.078341770662506e-11
total cost: -7.7790829145079945
singles alt: [(4, 0), (5, 1), (6, 0), (7, 1), (8, 0), (9, 1), (10, 0), (11, 1), (4, 2), (5, 3), (6, 2), (7, 3), (8, 2), (9, 3), (10, 2), (11, 3)]
length: 16 76
Estimated difference between T3^fnT3 - (T2^WT3 + h.c.) is: -3.283810794148411e-06 1.0783413331765618e-11
total cost: -7.779082916013158
singles alt: [(4, 0), (5, 1), (6, 0), (7, 1), (8, 0), (9, 1), (10, 0), (11, 1), (4, 2), (5, 3), (6, 2), (7, 3), (8, 2), (9, 3), (10, 2), (11, 3)]
length: 16 76
Estimated difference between T3^fnT3 - (T2^WT3 + h.c.) is: -3.2838109699034497e-06 1.0783414486058235e-11
total cost: -7.779082915730865
singles alt: [(4, 0), (5, 1), (6, 0), (7, 1), (8, 0), (9, 1), (10, 0), (11, 1), (4, 2), (5, 3), (6, 2), (7, 3), (8, 2), (9, 3), (10, 2), (11, 3)]
length: 16 76
Estimated difference between T3^fnT3 - (T2^WT3 + h.c.) is: -3.283810969909938e-06 1.0783414486100848e-11
total cost: -7.779082915730814
singles alt: [(4, 0), (5, 1), (6, 0), (7, 1), (8, 0), (9, 1), (10, 0), (11, 1), (4, 2), (5, 3), (6, 2), (7, 3), (8, 2), (9, 3), (10, 2), (11, 3)]
length: 16 76
Estimated difference between T3^fnT3 - (T2^WT3 + h.c.) is: -3.283810969904735e-06 1.0783414486066676e-11
total cost: -7.779082915730822
singles alt: [(4, 0), (5, 1), (6, 0), (7, 1), (8, 0), (9, 1), (10, 0), (11, 1), (4, 2), (5, 3), (6, 2), (7, 3), (8, 2), (9, 3), (10, 2), (11, 3)]
length: 16 76
Estimated difference between T3^fnT3 - (T2^WT3 + h.c.) is: -3.2838109699045017e-06 1.0783414486065145e-11
total cost: -7.779082915730824
singles alt: [(4, 0), (5, 1), (6, 0), (7, 1), (8, 0), (9, 1), (10, 0), (11, 1), (4, 2), (5, 3), (6, 2), (7, 3), (8, 2), (9, 3), (10, 2), (11, 3)]
length: 16 76
Estimated difference between T3^fnT3 - (T2^WT3 + h.c.) is: -3.2838109699042704e-06 1.0783414486063626e-11
total cost: -7.779082915730837
singles alt: [(4, 0), (5, 1), (6, 0), (7, 1), (8, 0), (9, 1), (10, 0), (11, 1), (4, 2), (5, 3), (6, 2), (7, 3), (8, 2), (9, 3), (10, 2), (11, 3)]
length: 16 76
Estimated difference between T3^fnT3 - (T2^WT3 + h.c.) is: -3.283810969903024e-06 1.078341448605544e-11
total cost: -7.779082915730824
singles alt: [(4, 0), (5, 1), (6, 0), (7, 1), (8, 0), (9, 1), (10, 0), (11, 1), (4, 2), (5, 3), (6, 2), (7, 3), (8, 2), (9, 3), (10, 2), (11, 3)]
length: 16 76
Estimated difference between T3^fnT3 - (T2^WT3 + h.c.) is: -3.283810969903214e-06 1.0783414486056689e-11
total cost: -7.779082915730824
singles alt: [(4, 0), (5, 1), (6, 0), (7, 1), (8, 0), (9, 1), (10, 0), (11, 1), (4, 2), (5, 3), (6, 2), (7, 3), (8, 2), (9, 3), (10, 2), (11, 3)]
length: 16 76
Estimated difference between T3^fnT3 - (T2^WT3 + h.c.) is: -3.283810969904755e-06 1.0783414486066807e-11
total cost: -7.779082915730824
singles alt: [(4, 0), (5, 1), (6, 0), (7, 1), (8, 0), (9, 1), (10, 0), (11, 1), (4, 2), (5, 3), (6, 2), (7, 3), (8, 2), (9, 3), (10, 2), (11, 3)]
length: 16 76
Estimated difference between T3^fnT3 - (T2^WT3 + h.c.) is: -3.2838112073793207e-06 1.0783416045710033e-11
total cost: -7.779082913657364
singles alt: [(4, 0), (5, 1), (6, 0), (7, 1), (8, 0), (9, 1), (10, 0), (11, 1), (4, 2), (5, 3), (6, 2), (7, 3), (8, 2), (9, 3), (10, 2), (11, 3)]
length: 16 76
Estimated difference between T3^fnT3 - (T2^WT3 + h.c.) is: -3.283810912924882e-06 1.0783414111844547e-11
total cost: -7.779082916861171
singles alt: [(4, 0), (5, 1), (6, 0), (7, 1), (8, 0), (9, 1), (10, 0), (11, 1), (4, 2), (5, 3), (6, 2), (7, 3), (8, 2), (9, 3), (10, 2), (11, 3)]
length: 16 76
Estimated difference between T3^fnT3 - (T2^WT3 + h.c.) is: -3.283810912633752e-06 1.0783414109932517e-11
total cost: -7.779082916861211
singles alt: [(4, 0), (5, 1), (6, 0), (7, 1), (8, 0), (9, 1), (10, 0), (11, 1), (4, 2), (5, 3), (6, 2), (7, 3), (8, 2), (9, 3), (10, 2), (11, 3)]
length: 16 76
Estimated difference between T3^fnT3 - (T2^WT3 + h.c.) is: -3.283811130588136e-06 1.0783415541374533e-11
total cost: -7.779082915452655
singles alt: [(4, 0), (5, 1), (6, 0), (7, 1), (8, 0), (9, 1), (10, 0), (11, 1), (4, 2), (5, 3), (6, 2), (7, 3), (8, 2), (9, 3), (10, 2), (11, 3)]
length: 16 76
Estimated difference between T3^fnT3 - (T2^WT3 + h.c.) is: -3.2838109699041608e-06 1.0783414486062906e-11
total cost: -7.779082915730825
singles alt: [(4, 0), (5, 1), (6, 0), (7, 1), (8, 0), (9, 1), (10, 0), (11, 1), (4, 2), (5, 3), (6, 2), (7, 3), (8, 2), (9, 3), (10, 2), (11, 3)]
length: 16 76
Estimated difference between T3^fnT3 - (T2^WT3 + h.c.) is: -3.2838109699128174e-06 1.0783414486119758e-11
total cost: -7.779082915730821
singles alt: [(4, 0), (5, 1), (6, 0), (7, 1), (8, 0), (9, 1), (10, 0), (11, 1), (4, 2), (5, 3), (6, 2), (7, 3), (8, 2), (9, 3), (10, 2), (11, 3)]
length: 16 76
Estimated difference between T3^fnT3 - (T2^WT3 + h.c.) is: -3.2838109699020707e-06 1.0783414486049178e-11
total cost: -7.7790829157308234
singles alt: [(4, 0), (5, 1), (6, 0), (7, 1), (8, 0), (9, 1), (10, 0), (11, 1), (4, 2), (5, 3), (6, 2), (7, 3), (8, 2), (9, 3), (10, 2), (11, 3)]
length: 16 76
Estimated difference between T3^fnT3 - (T2^WT3 + h.c.) is: -3.2838109698979795e-06 1.0783414486022309e-11
total cost: -7.779082915730828
singles alt: [(4, 0), (5, 1), (6, 0), (7, 1), (8, 0), (9, 1), (10, 0), (11, 1), (4, 2), (5, 3), (6, 2), (7, 3), (8, 2), (9, 3), (10, 2), (11, 3)]
length: 16 76
Estimated difference between T3^fnT3 - (T2^WT3 + h.c.) is: -3.2838113836549565e-06 1.078341720342188e-11
total cost: -7.779082914803613
singles alt: [(4, 0), (5, 1), (6, 0), (7, 1), (8, 0), (9, 1), (10, 0), (11, 1), (4, 2), (5, 3), (6, 2), (7, 3), (8, 2), (9, 3), (10, 2), (11, 3)]
length: 16 76
Estimated difference between T3^fnT3 - (T2^WT3 + h.c.) is: -3.283811385102253e-06 1.0783417212927176e-11
total cost: -7.779082914803874
singles alt: [(4, 0), (5, 1), (6, 0), (7, 1), (8, 0), (9, 1), (10, 0), (11, 1), (4, 2), (5, 3), (6, 2), (7, 3), (8, 2), (9, 3), (10, 2), (11, 3)]
length: 16 76
Estimated difference between T3^fnT3 - (T2^WT3 + h.c.) is: -3.2838106369924552e-06 1.0783412299624794e-11
total cost: -7.779082915731256
singles alt: [(4, 0), (5, 1), (6, 0), (7, 1), (8, 0), (9, 1), (10, 0), (11, 1), (4, 2), (5, 3), (6, 2), (7, 3), (8, 2), (9, 3), (10, 2), (11, 3)]
length: 16 76
Estimated difference between T3^fnT3 - (T2^WT3 + h.c.) is: -3.283811302662968e-06 1.0783416671497059e-11
total cost: -7.779082915730401
singles alt: [(4, 0), (5, 1), (6, 0), (7, 1), (8, 0), (9, 1), (10, 0), (11, 1), (4, 2), (5, 3), (6, 2), (7, 3), (8, 2), (9, 3), (10, 2), (11, 3)]
length: 16 76
Estimated difference between T3^fnT3 - (T2^WT3 + h.c.) is: -3.2838109699033434e-06 1.0783414486057537e-11
total cost: -7.779082915730829
singles alt: [(4, 0), (5, 1), (6, 0), (7, 1), (8, 0), (9, 1), (10, 0), (11, 1), (4, 2), (5, 3), (6, 2), (7, 3), (8, 2), (9, 3), (10, 2), (11, 3)]
length: 16 76
Estimated difference between T3^fnT3 - (T2^WT3 + h.c.) is: -3.2838109699023706e-06 1.0783414486051147e-11
total cost: -7.7790829157308234
singles alt: [(4, 0), (5, 1), (6, 0), (7, 1), (8, 0), (9, 1), (10, 0), (11, 1), (4, 2), (5, 3), (6, 2), (7, 3), (8, 2), (9, 3), (10, 2), (11, 3)]
length: 16 76
Estimated difference between T3^fnT3 - (T2^WT3 + h.c.) is: -3.283810969906168e-06 1.0783414486076087e-11
total cost: -7.779082915730821
singles alt: [(4, 0), (5, 1), (6, 0), (7, 1), (8, 0), (9, 1), (10, 0), (11, 1), (4, 2), (5, 3), (6, 2), (7, 3), (8, 2), (9, 3), (10, 2), (11, 3)]
length: 16 76
Estimated difference between T3^fnT3 - (T2^WT3 + h.c.) is: -3.283810969907093e-06 1.0783414486082163e-11
total cost: -7.779082915730821
singles alt: [(4, 0), (5, 1), (6, 0), (7, 1), (8, 0), (9, 1), (10, 0), (11, 1), (4, 2), (5, 3), (6, 2), (7, 3), (8, 2), (9, 3), (10, 2), (11, 3)]
length: 16 76
Estimated difference between T3^fnT3 - (T2^WT3 + h.c.) is: -3.2838109699045318e-06 1.0783414486065342e-11
total cost: -7.779082915681836
singles alt: [(4, 0), (5, 1), (6, 0), (7, 1), (8, 0), (9, 1), (10, 0), (11, 1), (4, 2), (5, 3), (6, 2), (7, 3), (8, 2), (9, 3), (10, 2), (11, 3)]
length: 16 76
Estimated difference between T3^fnT3 - (T2^WT3 + h.c.) is: -3.2838109699045318e-06 1.0783414486065342e-11
total cost: -7.779082915682027
singles alt: [(4, 0), (5, 1), (6, 0), (7, 1), (8, 0), (9, 1), (10, 0), (11, 1), (4, 2), (5, 3), (6, 2), (7, 3), (8, 2), (9, 3), (10, 2), (11, 3)]
length: 16 76
Estimated difference between T3^fnT3 - (T2^WT3 + h.c.) is: -3.2838109699045318e-06 1.0783414486065342e-11
total cost: -7.779082915730828
singles alt: [(4, 0), (5, 1), (6, 0), (7, 1), (8, 0), (9, 1), (10, 0), (11, 1), (4, 2), (5, 3), (6, 2), (7, 3), (8, 2), (9, 3), (10, 2), (11, 3)]
length: 16 76
Estimated difference between T3^fnT3 - (T2^WT3 + h.c.) is: -3.2838109699045318e-06 1.0783414486065342e-11
total cost: -7.779082915730823
singles alt: [(4, 0), (5, 1), (6, 0), (7, 1), (8, 0), (9, 1), (10, 0), (11, 1), (4, 2), (5, 3), (6, 2), (7, 3), (8, 2), (9, 3), (10, 2), (11, 3)]
length: 16 76
Estimated difference between T3^fnT3 - (T2^WT3 + h.c.) is: -3.2838109699045318e-06 1.0783414486065342e-11
total cost: -7.779082915730824
singles alt: [(4, 0), (5, 1), (6, 0), (7, 1), (8, 0), (9, 1), (10, 0), (11, 1), (4, 2), (5, 3), (6, 2), (7, 3), (8, 2), (9, 3), (10, 2), (11, 3)]
length: 16 76
Estimated difference between T3^fnT3 - (T2^WT3 + h.c.) is: -3.2838109699045318e-06 1.0783414486065342e-11
total cost: -7.779082915730824
singles alt: [(4, 0), (5, 1), (6, 0), (7, 1), (8, 0), (9, 1), (10, 0), (11, 1), (4, 2), (5, 3), (6, 2), (7, 3), (8, 2), (9, 3), (10, 2), (11, 3)]
length: 16 76
Estimated difference between T3^fnT3 - (T2^WT3 + h.c.) is: -3.2838109699045318e-06 1.0783414486065342e-11
total cost: -7.779082915901303
singles alt: [(4, 0), (5, 1), (6, 0), (7, 1), (8, 0), (9, 1), (10, 0), (11, 1), (4, 2), (5, 3), (6, 2), (7, 3), (8, 2), (9, 3), (10, 2), (11, 3)]
length: 16 76
Estimated difference between T3^fnT3 - (T2^WT3 + h.c.) is: -3.2838109699045318e-06 1.0783414486065342e-11
total cost: -7.779082915901269
singles alt: [(4, 0), (5, 1), (6, 0), (7, 1), (8, 0), (9, 1), (10, 0), (11, 1), (4, 2), (5, 3), (6, 2), (7, 3), (8, 2), (9, 3), (10, 2), (11, 3)]
length: 16 76
Estimated difference between T3^fnT3 - (T2^WT3 + h.c.) is: -3.2838109699045318e-06 1.0783414486065342e-11
total cost: -7.779082915882537
singles alt: [(4, 0), (5, 1), (6, 0), (7, 1), (8, 0), (9, 1), (10, 0), (11, 1), (4, 2), (5, 3), (6, 2), (7, 3), (8, 2), (9, 3), (10, 2), (11, 3)]
length: 16 76
Estimated difference between T3^fnT3 - (T2^WT3 + h.c.) is: -3.2838109699045318e-06 1.0783414486065342e-11
total cost: -7.7790829158821
singles alt: [(4, 0), (5, 1), (6, 0), (7, 1), (8, 0), (9, 1), (10, 0), (11, 1), (4, 2), (5, 3), (6, 2), (7, 3), (8, 2), (9, 3), (10, 2), (11, 3)]
length: 16 76
Estimated difference between T3^fnT3 - (T2^WT3 + h.c.) is: -3.2838109699045318e-06 1.0783414486065342e-11
total cost: -7.779082915730825
singles alt: [(4, 0), (5, 1), (6, 0), (7, 1), (8, 0), (9, 1), (10, 0), (11, 1), (4, 2), (5, 3), (6, 2), (7, 3), (8, 2), (9, 3), (10, 2), (11, 3)]
length: 16 76
Estimated difference between T3^fnT3 - (T2^WT3 + h.c.) is: -3.2838109699045318e-06 1.0783414486065342e-11
total cost: -7.779082915730825
singles alt: [(4, 0), (5, 1), (6, 0), (7, 1), (8, 0), (9, 1), (10, 0), (11, 1), (4, 2), (5, 3), (6, 2), (7, 3), (8, 2), (9, 3), (10, 2), (11, 3)]
length: 16 76
Estimated difference between T3^fnT3 - (T2^WT3 + h.c.) is: -3.2838109699045318e-06 1.0783414486065342e-11
total cost: -7.779082915730824
singles alt: [(4, 0), (5, 1), (6, 0), (7, 1), (8, 0), (9, 1), (10, 0), (11, 1), (4, 2), (5, 3), (6, 2), (7, 3), (8, 2), (9, 3), (10, 2), (11, 3)]
length: 16 76
Estimated difference between T3^fnT3 - (T2^WT3 + h.c.) is: -3.2838109699045318e-06 1.0783414486065342e-11
total cost: -7.779082915730824
singles alt: [(4, 0), (5, 1), (6, 0), (7, 1), (8, 0), (9, 1), (10, 0), (11, 1), (4, 2), (5, 3), (6, 2), (7, 3), (8, 2), (9, 3), (10, 2), (11, 3)]
length: 16 76
Estimated difference between T3^fnT3 - (T2^WT3 + h.c.) is: -3.2838109699045318e-06 1.0783414486065342e-11
total cost: -7.7790829157546675
singles alt: [(4, 0), (5, 1), (6, 0), (7, 1), (8, 0), (9, 1), (10, 0), (11, 1), (4, 2), (5, 3), (6, 2), (7, 3), (8, 2), (9, 3), (10, 2), (11, 3)]
length: 16 76
Estimated difference between T3^fnT3 - (T2^WT3 + h.c.) is: -3.2838109699045318e-06 1.0783414486065342e-11
total cost: -7.7790829157545875
singles alt: [(4, 0), (5, 1), (6, 0), (7, 1), (8, 0), (9, 1), (10, 0), (11, 1), (4, 2), (5, 3), (6, 2), (7, 3), (8, 2), (9, 3), (10, 2), (11, 3)]
length: 16 76
Estimated difference between T3^fnT3 - (T2^WT3 + h.c.) is: -1.2202284300359284e-06 1.4889574214679465e-12
total cost: -7.784003587931949
singles alt: [(4, 0), (5, 1), (6, 0), (7, 1), (8, 0), (9, 1), (10, 0), (11, 1), (4, 2), (5, 3), (6, 2), (7, 3), (8, 2), (9, 3), (10, 2), (11, 3)]
length: 16 76
Estimated difference between T3^fnT3 - (T2^WT3 + h.c.) is: -1.2202286592353058e-06 1.4889579808191922e-12
total cost: -7.784003588051591
singles alt: [(4, 0), (5, 1), (6, 0), (7, 1), (8, 0), (9, 1), (10, 0), (11, 1), (4, 2), (5, 3), (6, 2), (7, 3), (8, 2), (9, 3), (10, 2), (11, 3)]
length: 16 76
Estimated difference between T3^fnT3 - (T2^WT3 + h.c.) is: -1.220228454747766e-06 1.488957481776121e-12
total cost: -7.78400358793683
singles alt: [(4, 0), (5, 1), (6, 0), (7, 1), (8, 0), (9, 1), (10, 0), (11, 1), (4, 2), (5, 3), (6, 2), (7, 3), (8, 2), (9, 3), (10, 2), (11, 3)]
length: 16 76
Estimated difference between T3^fnT3 - (T2^WT3 + h.c.) is: -1.2202284547799224e-06 1.488957481854597e-12
total cost: -7.784003587936838
singles alt: [(4, 0), (5, 1), (6, 0), (7, 1), (8, 0), (9, 1), (10, 0), (11, 1), (4, 2), (5, 3), (6, 2), (7, 3), (8, 2), (9, 3), (10, 2), (11, 3)]
length: 16 76
Estimated difference between T3^fnT3 - (T2^WT3 + h.c.) is: -1.2202284800065312e-06 1.4889575434190495e-12
total cost: -7.784003588028992
singles alt: [(4, 0), (5, 1), (6, 0), (7, 1), (8, 0), (9, 1), (10, 0), (11, 1), (4, 2), (5, 3), (6, 2), (7, 3), (8, 2), (9, 3), (10, 2), (11, 3)]
length: 16 76
Estimated difference between T3^fnT3 - (T2^WT3 + h.c.) is: -1.2202284300350017e-06 1.4889574214656851e-12
total cost: -7.7840035879319505
singles alt: [(4, 0), (5, 1), (6, 0), (7, 1), (8, 0), (9, 1), (10, 0), (11, 1), (4, 2), (5, 3), (6, 2), (7, 3), (8, 2), (9, 3), (10, 2), (11, 3)]
length: 16 76
Estimated difference between T3^fnT3 - (T2^WT3 + h.c.) is: -1.2202284300365122e-06 1.4889574214693713e-12
total cost: -7.784003587931947
singles alt: [(4, 0), (5, 1), (6, 0), (7, 1), (8, 0), (9, 1), (10, 0), (11, 1), (4, 2), (5, 3), (6, 2), (7, 3), (8, 2), (9, 3), (10, 2), (11, 3)]
length: 16 76
Estimated difference between T3^fnT3 - (T2^WT3 + h.c.) is: -1.2202284300352618e-06 1.4889574214663196e-12
total cost: -7.784003587931949
singles alt: [(4, 0), (5, 1), (6, 0), (7, 1), (8, 0), (9, 1), (10, 0), (11, 1), (4, 2), (5, 3), (6, 2), (7, 3), (8, 2), (9, 3), (10, 2), (11, 3)]
length: 16 76
Estimated difference between T3^fnT3 - (T2^WT3 + h.c.) is: -1.2202284300357507e-06 1.488957421467513e-12
total cost: -7.784003587931948
singles alt: [(4, 0), (5, 1), (6, 0), (7, 1), (8, 0), (9, 1), (10, 0), (11, 1), (4, 2), (5, 3), (6, 2), (7, 3), (8, 2), (9, 3), (10, 2), (11, 3)]
length: 16 76
Estimated difference between T3^fnT3 - (T2^WT3 + h.c.) is: -1.2202284300353244e-06 1.4889574214664727e-12
total cost: -7.784003587931951
singles alt: [(4, 0), (5, 1), (6, 0), (7, 1), (8, 0), (9, 1), (10, 0), (11, 1), (4, 2), (5, 3), (6, 2), (7, 3), (8, 2), (9, 3), (10, 2), (11, 3)]
length: 16 76
Estimated difference between T3^fnT3 - (T2^WT3 + h.c.) is: -1.2202284300342066e-06 1.4889574214637446e-12
total cost: -7.78400358793195
singles alt: [(4, 0), (5, 1), (6, 0), (7, 1), (8, 0), (9, 1), (10, 0), (11, 1), (4, 2), (5, 3), (6, 2), (7, 3), (8, 2), (9, 3), (10, 2), (11, 3)]
length: 16 76
Estimated difference between T3^fnT3 - (T2^WT3 + h.c.) is: -1.2202284300350885e-06 1.488957421465897e-12
total cost: -7.784003587931949
singles alt: [(4, 0), (5, 1), (6, 0), (7, 1), (8, 0), (9, 1), (10, 0), (11, 1), (4, 2), (5, 3), (6, 2), (7, 3), (8, 2), (9, 3), (10, 2), (11, 3)]
length: 16 76
Estimated difference between T3^fnT3 - (T2^WT3 + h.c.) is: -1.2202284300358631e-06 1.4889574214677874e-12
total cost: -7.784003587931949
singles alt: [(4, 0), (5, 1), (6, 0), (7, 1), (8, 0), (9, 1), (10, 0), (11, 1), (4, 2), (5, 3), (6, 2), (7, 3), (8, 2), (9, 3), (10, 2), (11, 3)]
length: 16 76
Estimated difference between T3^fnT3 - (T2^WT3 + h.c.) is: -1.2202284858631675e-06 1.4889575577119185e-12
total cost: -7.784003587874375
singles alt: [(4, 0), (5, 1), (6, 0), (7, 1), (8, 0), (9, 1), (10, 0), (11, 1), (4, 2), (5, 3), (6, 2), (7, 3), (8, 2), (9, 3), (10, 2), (11, 3)]
length: 16 76
Estimated difference between T3^fnT3 - (T2^WT3 + h.c.) is: -1.2202282972475507e-06 1.488957097403657e-12
total cost: -7.784003587837854
singles alt: [(4, 0), (5, 1), (6, 0), (7, 1), (8, 0), (9, 1), (10, 0), (11, 1), (4, 2), (5, 3), (6, 2), (7, 3), (8, 2), (9, 3), (10, 2), (11, 3)]
length: 16 76
Estimated difference between T3^fnT3 - (T2^WT3 + h.c.) is: -1.2202283995556517e-06 1.488957347082147e-12
total cost: -7.784003587912953
singles alt: [(4, 0), (5, 1), (6, 0), (7, 1), (8, 0), (9, 1), (10, 0), (11, 1), (4, 2), (5, 3), (6, 2), (7, 3), (8, 2), (9, 3), (10, 2), (11, 3)]
length: 16 76
Estimated difference between T3^fnT3 - (T2^WT3 + h.c.) is: -1.220228321006933e-06 1.488957155387399e-12
total cost: -7.784003587784117
singles alt: [(4, 0), (5, 1), (6, 0), (7, 1), (8, 0), (9, 1), (10, 0), (11, 1), (4, 2), (5, 3), (6, 2), (7, 3), (8, 2), (9, 3), (10, 2), (11, 3)]
length: 16 76
Estimated difference between T3^fnT3 - (T2^WT3 + h.c.) is: -1.2202284300356433e-06 1.488957421467251e-12
total cost: -7.784003587931949
singles alt: [(4, 0), (5, 1), (6, 0), (7, 1), (8, 0), (9, 1), (10, 0), (11, 1), (4, 2), (5, 3), (6, 2), (7, 3), (8, 2), (9, 3), (10, 2), (11, 3)]
length: 16 76
Estimated difference between T3^fnT3 - (T2^WT3 + h.c.) is: -1.2202284300351048e-06 1.4889574214659367e-12
total cost: -7.78400358793195
singles alt: [(4, 0), (5, 1), (6, 0), (7, 1), (8, 0), (9, 1), (10, 0), (11, 1), (4, 2), (5, 3), (6, 2), (7, 3), (8, 2), (9, 3), (10, 2), (11, 3)]
length: 16 76
Estimated difference between T3^fnT3 - (T2^WT3 + h.c.) is: -1.220228430034762e-06 1.4889574214651e-12
total cost: -7.78400358793195
singles alt: [(4, 0), (5, 1), (6, 0), (7, 1), (8, 0), (9, 1), (10, 0), (11, 1), (4, 2), (5, 3), (6, 2), (7, 3), (8, 2), (9, 3), (10, 2), (11, 3)]
length: 16 76
Estimated difference between T3^fnT3 - (T2^WT3 + h.c.) is: -1.2202284300358718e-06 1.4889574214678086e-12
total cost: -7.784003587931949
singles alt: [(4, 0), (5, 1), (6, 0), (7, 1), (8, 0), (9, 1), (10, 0), (11, 1), (4, 2), (5, 3), (6, 2), (7, 3), (8, 2), (9, 3), (10, 2), (11, 3)]
length: 16 76
Estimated difference between T3^fnT3 - (T2^WT3 + h.c.) is: -1.220228595715107e-06 1.488957825800862e-12
total cost: -7.784003587957889
singles alt: [(4, 0), (5, 1), (6, 0), (7, 1), (8, 0), (9, 1), (10, 0), (11, 1), (4, 2), (5, 3), (6, 2), (7, 3), (8, 2), (9, 3), (10, 2), (11, 3)]
length: 16 76
Estimated difference between T3^fnT3 - (T2^WT3 + h.c.) is: -1.2202287331908426e-06 1.4889581613045284e-12
total cost: -7.784003587959171
singles alt: [(4, 0), (5, 1), (6, 0), (7, 1), (8, 0), (9, 1), (10, 0), (11, 1), (4, 2), (5, 3), (6, 2), (7, 3), (8, 2), (9, 3), (10, 2), (11, 3)]
length: 16 76
Estimated difference between T3^fnT3 - (T2^WT3 + h.c.) is: -1.220228640509635e-06 1.4889579351199921e-12
total cost: -7.78400358795934
singles alt: [(4, 0), (5, 1), (6, 0), (7, 1), (8, 0), (9, 1), (10, 0), (11, 1), (4, 2), (5, 3), (6, 2), (7, 3), (8, 2), (9, 3), (10, 2), (11, 3)]
length: 16 76
Estimated difference between T3^fnT3 - (T2^WT3 + h.c.) is: -1.2202285749244292e-06 1.4889577750621032e-12
total cost: -7.78400358806622
singles alt: [(4, 0), (5, 1), (6, 0), (7, 1), (8, 0), (9, 1), (10, 0), (11, 1), (4, 2), (5, 3), (6, 2), (7, 3), (8, 2), (9, 3), (10, 2), (11, 3)]
length: 16 76
Estimated difference between T3^fnT3 - (T2^WT3 + h.c.) is: -1.2202284493533834e-06 1.4889574686113625e-12
total cost: -7.7840035879319345
singles alt: [(4, 0), (5, 1), (6, 0), (7, 1), (8, 0), (9, 1), (10, 0), (11, 1), (4, 2), (5, 3), (6, 2), (7, 3), (8, 2), (9, 3), (10, 2), (11, 3)]
length: 16 76
Estimated difference between T3^fnT3 - (T2^WT3 + h.c.) is: -1.220228530938909e-06 1.488957667717328e-12
total cost: -7.78400358793195
singles alt: [(4, 0), (5, 1), (6, 0), (7, 1), (8, 0), (9, 1), (10, 0), (11, 1), (4, 2), (5, 3), (6, 2), (7, 3), (8, 2), (9, 3), (10, 2), (11, 3)]
length: 16 76
Estimated difference between T3^fnT3 - (T2^WT3 + h.c.) is: -1.2202285309329207e-06 1.4889576677027138e-12
total cost: -7.784003587931949
singles alt: [(4, 0), (5, 1), (6, 0), (7, 1), (8, 0), (9, 1), (10, 0), (11, 1), (4, 2), (5, 3), (6, 2), (7, 3), (8, 2), (9, 3), (10, 2), (11, 3)]
length: 16 76
Estimated difference between T3^fnT3 - (T2^WT3 + h.c.) is: -1.2202284471066532e-06 1.4889574631283145e-12
total cost: -7.784003587931944
singles alt: [(4, 0), (5, 1), (6, 0), (7, 1), (8, 0), (9, 1), (10, 0), (11, 1), (4, 2), (5, 3), (6, 2), (7, 3), (8, 2), (9, 3), (10, 2), (11, 3)]
length: 16 76
Estimated difference between T3^fnT3 - (T2^WT3 + h.c.) is: -1.2202284300355877e-06 1.4889574214671151e-12
total cost: -7.784003587931954
singles alt: [(4, 0), (5, 1), (6, 0), (7, 1), (8, 0), (9, 1), (10, 0), (11, 1), (4, 2), (5, 3), (6, 2), (7, 3), (8, 2), (9, 3), (10, 2), (11, 3)]
length: 16 76
Estimated difference between T3^fnT3 - (T2^WT3 + h.c.) is: -1.220228430035751e-06 1.4889574214675136e-12
total cost: -7.784003587931947
singles alt: [(4, 0), (5, 1), (6, 0), (7, 1), (8, 0), (9, 1), (10, 0), (11, 1), (4, 2), (5, 3), (6, 2), (7, 3), (8, 2), (9, 3), (10, 2), (11, 3)]
length: 16 76
Estimated difference between T3^fnT3 - (T2^WT3 + h.c.) is: -1.2202284300356704e-06 1.488957421467317e-12
total cost: -7.784003587931948
singles alt: [(4, 0), (5, 1), (6, 0), (7, 1), (8, 0), (9, 1), (10, 0), (11, 1), (4, 2), (5, 3), (6, 2), (7, 3), (8, 2), (9, 3), (10, 2), (11, 3)]
length: 16 76
Estimated difference between T3^fnT3 - (T2^WT3 + h.c.) is: -1.2202284300358816e-06 1.4889574214678322e-12
total cost: -7.784003587931948
singles alt: [(4, 0), (5, 1), (6, 0), (7, 1), (8, 0), (9, 1), (10, 0), (11, 1), (4, 2), (5, 3), (6, 2), (7, 3), (8, 2), (9, 3), (10, 2), (11, 3)]
length: 16 76
Estimated difference between T3^fnT3 - (T2^WT3 + h.c.) is: -1.220228430035285e-06 1.4889574214663766e-12
total cost: -7.784003587931951
singles alt: [(4, 0), (5, 1), (6, 0), (7, 1), (8, 0), (9, 1), (10, 0), (11, 1), (4, 2), (5, 3), (6, 2), (7, 3), (8, 2), (9, 3), (10, 2), (11, 3)]
length: 16 76
Estimated difference between T3^fnT3 - (T2^WT3 + h.c.) is: -1.2202284300352389e-06 1.488957421466264e-12
total cost: -7.784003587931949
singles alt: [(4, 0), (5, 1), (6, 0), (7, 1), (8, 0), (9, 1), (10, 0), (11, 1), (4, 2), (5, 3), (6, 2), (7, 3), (8, 2), (9, 3), (10, 2), (11, 3)]
length: 16 76
Estimated difference between T3^fnT3 - (T2^WT3 + h.c.) is: -1.2202284300342299e-06 1.4889574214638013e-12
total cost: -7.78400358793195
singles alt: [(4, 0), (5, 1), (6, 0), (7, 1), (8, 0), (9, 1), (10, 0), (11, 1), (4, 2), (5, 3), (6, 2), (7, 3), (8, 2), (9, 3), (10, 2), (11, 3)]
length: 16 76
Estimated difference between T3^fnT3 - (T2^WT3 + h.c.) is: -1.2202284300358115e-06 1.4889574214676612e-12
total cost: -7.784003587931949
singles alt: [(4, 0), (5, 1), (6, 0), (7, 1), (8, 0), (9, 1), (10, 0), (11, 1), (4, 2), (5, 3), (6, 2), (7, 3), (8, 2), (9, 3), (10, 2), (11, 3)]
length: 16 76
Estimated difference between T3^fnT3 - (T2^WT3 + h.c.) is: -1.2202284493517206e-06 1.4889574686073046e-12
total cost: -7.78400358793194
singles alt: [(4, 0), (5, 1), (6, 0), (7, 1), (8, 0), (9, 1), (10, 0), (11, 1), (4, 2), (5, 3), (6, 2), (7, 3), (8, 2), (9, 3), (10, 2), (11, 3)]
length: 16 76
Estimated difference between T3^fnT3 - (T2^WT3 + h.c.) is: -1.2202285309351127e-06 1.4889576677080632e-12
total cost: -7.7840035879319505
singles alt: [(4, 0), (5, 1), (6, 0), (7, 1), (8, 0), (9, 1), (10, 0), (11, 1), (4, 2), (5, 3), (6, 2), (7, 3), (8, 2), (9, 3), (10, 2), (11, 3)]
length: 16 76
Estimated difference between T3^fnT3 - (T2^WT3 + h.c.) is: -1.22022853093039e-06 1.4889576676965378e-12
total cost: -7.784003587931949
singles alt: [(4, 0), (5, 1), (6, 0), (7, 1), (8, 0), (9, 1), (10, 0), (11, 1), (4, 2), (5, 3), (6, 2), (7, 3), (8, 2), (9, 3), (10, 2), (11, 3)]
length: 16 76
Estimated difference between T3^fnT3 - (T2^WT3 + h.c.) is: -1.2202284471063921e-06 1.4889574631276773e-12
total cost: -7.78400358793195
singles alt: [(4, 0), (5, 1), (6, 0), (7, 1), (8, 0), (9, 1), (10, 0), (11, 1), (4, 2), (5, 3), (6, 2), (7, 3), (8, 2), (9, 3), (10, 2), (11, 3)]
length: 16 76
Estimated difference between T3^fnT3 - (T2^WT3 + h.c.) is: -1.220228595691469e-06 1.4889578257431746e-12
total cost: -7.7840035879579315
singles alt: [(4, 0), (5, 1), (6, 0), (7, 1), (8, 0), (9, 1), (10, 0), (11, 1), (4, 2), (5, 3), (6, 2), (7, 3), (8, 2), (9, 3), (10, 2), (11, 3)]
length: 16 76
Estimated difference between T3^fnT3 - (T2^WT3 + h.c.) is: -1.220228640834078e-06 1.488957935911781e-12
total cost: -7.784003587959148
singles alt: [(4, 0), (5, 1), (6, 0), (7, 1), (8, 0), (9, 1), (10, 0), (11, 1), (4, 2), (5, 3), (6, 2), (7, 3), (8, 2), (9, 3), (10, 2), (11, 3)]
length: 16 76
Estimated difference between T3^fnT3 - (T2^WT3 + h.c.) is: -1.2202287334957867e-06 1.4889581620487317e-12
total cost: -7.784003587959074
singles alt: [(4, 0), (5, 1), (6, 0), (7, 1), (8, 0), (9, 1), (10, 0), (11, 1), (4, 2), (5, 3), (6, 2), (7, 3), (8, 2), (9, 3), (10, 2), (11, 3)]
length: 16 76
Estimated difference between T3^fnT3 - (T2^WT3 + h.c.) is: -1.2202285749347964e-06 1.4889577750874041e-12
total cost: -7.784003588066451
singles alt: [(4, 0), (5, 1), (6, 0), (7, 1), (8, 0), (9, 1), (10, 0), (11, 1), (4, 2), (5, 3), (6, 2), (7, 3), (8, 2), (9, 3), (10, 2), (11, 3)]
length: 16 76
Estimated difference between T3^fnT3 - (T2^WT3 + h.c.) is: -1.2202284300357403e-06 1.4889574214674877e-12
total cost: -7.784003587931954
singles alt: [(4, 0), (5, 1), (6, 0), (7, 1), (8, 0), (9, 1), (10, 0), (11, 1), (4, 2), (5, 3), (6, 2), (7, 3), (8, 2), (9, 3), (10, 2), (11, 3)]
length: 16 76
Estimated difference between T3^fnT3 - (T2^WT3 + h.c.) is: -1.2202284300360935e-06 1.4889574214683496e-12
total cost: -7.784003587931947
singles alt: [(4, 0), (5, 1), (6, 0), (7, 1), (8, 0), (9, 1), (10, 0), (11, 1), (4, 2), (5, 3), (6, 2), (7, 3), (8, 2), (9, 3), (10, 2), (11, 3)]
length: 16 76
Estimated difference between T3^fnT3 - (T2^WT3 + h.c.) is: -1.220228430035319e-06 1.4889574214664592e-12
total cost: -7.784003587931948
singles alt: [(4, 0), (5, 1), (6, 0), (7, 1), (8, 0), (9, 1), (10, 0), (11, 1), (4, 2), (5, 3), (6, 2), (7, 3), (8, 2), (9, 3), (10, 2), (11, 3)]
length: 16 76
Estimated difference between T3^fnT3 - (T2^WT3 + h.c.) is: -1.2202284300358324e-06 1.4889574214677125e-12
total cost: -7.784003587931948
singles alt: [(4, 0), (5, 1), (6, 0), (7, 1), (8, 0), (9, 1), (10, 0), (11, 1), (4, 2), (5, 3), (6, 2), (7, 3), (8, 2), (9, 3), (10, 2), (11, 3)]
length: 16 76
Estimated difference between T3^fnT3 - (T2^WT3 + h.c.) is: -1.2202284858484325e-06 1.4889575576759584e-12
total cost: -7.784003587874778
singles alt: [(4, 0), (5, 1), (6, 0), (7, 1), (8, 0), (9, 1), (10, 0), (11, 1), (4, 2), (5, 3), (6, 2), (7, 3), (8, 2), (9, 3), (10, 2), (11, 3)]
length: 16 76
Estimated difference between T3^fnT3 - (T2^WT3 + h.c.) is: -1.2202283994764954e-06 1.4889573468889697e-12
total cost: -7.78400358791324
singles alt: [(4, 0), (5, 1), (6, 0), (7, 1), (8, 0), (9, 1), (10, 0), (11, 1), (4, 2), (5, 3), (6, 2), (7, 3), (8, 2), (9, 3), (10, 2), (11, 3)]
length: 16 76
Estimated difference between T3^fnT3 - (T2^WT3 + h.c.) is: -1.2202282968338003e-06 1.4889570963939171e-12
total cost: -7.784003587838815
singles alt: [(4, 0), (5, 1), (6, 0), (7, 1), (8, 0), (9, 1), (10, 0), (11, 1), (4, 2), (5, 3), (6, 2), (7, 3), (8, 2), (9, 3), (10, 2), (11, 3)]
length: 16 76
Estimated difference between T3^fnT3 - (T2^WT3 + h.c.) is: -1.2202283209653169e-06 1.4889571552858363e-12
total cost: -7.78400358778317
singles alt: [(4, 0), (5, 1), (6, 0), (7, 1), (8, 0), (9, 1), (10, 0), (11, 1), (4, 2), (5, 3), (6, 2), (7, 3), (8, 2), (9, 3), (10, 2), (11, 3)]
length: 16 76
Estimated difference between T3^fnT3 - (T2^WT3 + h.c.) is: -1.2202284300356948e-06 1.4889574214673764e-12
total cost: -7.784003587931954
singles alt: [(4, 0), (5, 1), (6, 0), (7, 1), (8, 0), (9, 1), (10, 0), (11, 1), (4, 2), (5, 3), (6, 2), (7, 3), (8, 2), (9, 3), (10, 2), (11, 3)]
length: 16 76
Estimated difference between T3^fnT3 - (T2^WT3 + h.c.) is: -1.220228430036442e-06 1.4889574214692002e-12
total cost: -7.784003587931945
singles alt: [(4, 0), (5, 1), (6, 0), (7, 1), (8, 0), (9, 1), (10, 0), (11, 1), (4, 2), (5, 3), (6, 2), (7, 3), (8, 2), (9, 3), (10, 2), (11, 3)]
length: 16 76
Estimated difference between T3^fnT3 - (T2^WT3 + h.c.) is: -1.2202284300360016e-06 1.4889574214681253e-12
total cost: -7.784003587931949
singles alt: [(4, 0), (5, 1), (6, 0), (7, 1), (8, 0), (9, 1), (10, 0), (11, 1), (4, 2), (5, 3), (6, 2), (7, 3), (8, 2), (9, 3), (10, 2), (11, 3)]
length: 16 76
Estimated difference between T3^fnT3 - (T2^WT3 + h.c.) is: -1.2202284300358523e-06 1.488957421467761e-12
total cost: -7.784003587931948
singles alt: [(4, 0), (5, 1), (6, 0), (7, 1), (8, 0), (9, 1), (10, 0), (11, 1), (4, 2), (5, 3), (6, 2), (7, 3), (8, 2), (9, 3), (10, 2), (11, 3)]
length: 16 76
Estimated difference between T3^fnT3 - (T2^WT3 + h.c.) is: -1.2202284300358248e-06 1.4889574214676939e-12
total cost: -7.78400358793195
singles alt: [(4, 0), (5, 1), (6, 0), (7, 1), (8, 0), (9, 1), (10, 0), (11, 1), (4, 2), (5, 3), (6, 2), (7, 3), (8, 2), (9, 3), (10, 2), (11, 3)]
length: 16 76
Estimated difference between T3^fnT3 - (T2^WT3 + h.c.) is: -1.2202284300351832e-06 1.488957421466128e-12
total cost: -7.78400358793195
singles alt: [(4, 0), (5, 1), (6, 0), (7, 1), (8, 0), (9, 1), (10, 0), (11, 1), (4, 2), (5, 3), (6, 2), (7, 3), (8, 2), (9, 3), (10, 2), (11, 3)]
length: 16 76
Estimated difference between T3^fnT3 - (T2^WT3 + h.c.) is: -1.2202284300354125e-06 1.4889574214666876e-12
total cost: -7.78400358793195
singles alt: [(4, 0), (5, 1), (6, 0), (7, 1), (8, 0), (9, 1), (10, 0), (11, 1), (4, 2), (5, 3), (6, 2), (7, 3), (8, 2), (9, 3), (10, 2), (11, 3)]
length: 16 76
Estimated difference between T3^fnT3 - (T2^WT3 + h.c.) is: -1.2202284300359756e-06 1.4889574214680618e-12
total cost: -7.784003587931949
singles alt: [(4, 0), (5, 1), (6, 0), (7, 1), (8, 0), (9, 1), (10, 0), (11, 1), (4, 2), (5, 3), (6, 2), (7, 3), (8, 2), (9, 3), (10, 2), (11, 3)]
length: 16 76
Estimated difference between T3^fnT3 - (T2^WT3 + h.c.) is: -1.2202286143025716e-06 1.488957871162774e-12
total cost: -7.784003587652289
singles alt: [(4, 0), (5, 1), (6, 0), (7, 1), (8, 0), (9, 1), (10, 0), (11, 1), (4, 2), (5, 3), (6, 2), (7, 3), (8, 2), (9, 3), (10, 2), (11, 3)]
length: 16 76
Estimated difference between T3^fnT3 - (T2^WT3 + h.c.) is: -1.2202284492564246e-06 1.4889574683747386e-12
total cost: -7.784003588053328
singles alt: [(4, 0), (5, 1), (6, 0), (7, 1), (8, 0), (9, 1), (10, 0), (11, 1), (4, 2), (5, 3), (6, 2), (7, 3), (8, 2), (9, 3), (10, 2), (11, 3)]
length: 16 76
Estimated difference between T3^fnT3 - (T2^WT3 + h.c.) is: -1.2202284491896438e-06 1.4889574682117632e-12
total cost: -7.784003588053336
singles alt: [(4, 0), (5, 1), (6, 0), (7, 1), (8, 0), (9, 1), (10, 0), (11, 1), (4, 2), (5, 3), (6, 2), (7, 3), (8, 2), (9, 3), (10, 2), (11, 3)]
length: 16 76
Estimated difference between T3^fnT3 - (T2^WT3 + h.c.) is: -1.220228571472302e-06 1.4889577666373347e-12
total cost: -7.784003587750753
singles alt: [(4, 0), (5, 1), (6, 0), (7, 1), (8, 0), (9, 1), (10, 0), (11, 1), (4, 2), (5, 3), (6, 2), (7, 3), (8, 2), (9, 3), (10, 2), (11, 3)]
length: 16 76
Estimated difference between T3^fnT3 - (T2^WT3 + h.c.) is: -1.2202284300346879e-06 1.4889574214649191e-12
total cost: -7.78400358793195
singles alt: [(4, 0), (5, 1), (6, 0), (7, 1), (8, 0), (9, 1), (10, 0), (11, 1), (4, 2), (5, 3), (6, 2), (7, 3), (8, 2), (9, 3), (10, 2), (11, 3)]
length: 16 76
Estimated difference between T3^fnT3 - (T2^WT3 + h.c.) is: -1.2202284300363947e-06 1.4889574214690845e-12
total cost: -7.784003587931948
singles alt: [(4, 0), (5, 1), (6, 0), (7, 1), (8, 0), (9, 1), (10, 0), (11, 1), (4, 2), (5, 3), (6, 2), (7, 3), (8, 2), (9, 3), (10, 2), (11, 3)]
length: 16 76
Estimated difference between T3^fnT3 - (T2^WT3 + h.c.) is: -1.220228430034308e-06 1.488957421463992e-12
total cost: -7.784003587931949
singles alt: [(4, 0), (5, 1), (6, 0), (7, 1), (8, 0), (9, 1), (10, 0), (11, 1), (4, 2), (5, 3), (6, 2), (7, 3), (8, 2), (9, 3), (10, 2), (11, 3)]
length: 16 76
Estimated difference between T3^fnT3 - (T2^WT3 + h.c.) is: -1.2202284300338908e-06 1.488957421462974e-12
total cost: -7.78400358793195
singles alt: [(4, 0), (5, 1), (6, 0), (7, 1), (8, 0), (9, 1), (10, 0), (11, 1), (4, 2), (5, 3), (6, 2), (7, 3), (8, 2), (9, 3), (10, 2), (11, 3)]
length: 16 76
Estimated difference between T3^fnT3 - (T2^WT3 + h.c.) is: -1.2202283289699574e-06 1.4889571748208146e-12
total cost: -7.784003587860824
singles alt: [(4, 0), (5, 1), (6, 0), (7, 1), (8, 0), (9, 1), (10, 0), (11, 1), (4, 2), (5, 3), (6, 2), (7, 3), (8, 2), (9, 3), (10, 2), (11, 3)]
length: 16 76
Estimated difference between T3^fnT3 - (T2^WT3 + h.c.) is: -1.2202283293702749e-06 1.488957175797772e-12
total cost: -7.78400358786087
singles alt: [(4, 0), (5, 1), (6, 0), (7, 1), (8, 0), (9, 1), (10, 0), (11, 1), (4, 2), (5, 3), (6, 2), (7, 3), (8, 2), (9, 3), (10, 2), (11, 3)]
length: 16 76
Estimated difference between T3^fnT3 - (T2^WT3 + h.c.) is: -1.2202281913623015e-06 1.4889568389953135e-12
total cost: -7.7840035879319425
singles alt: [(4, 0), (5, 1), (6, 0), (7, 1), (8, 0), (9, 1), (10, 0), (11, 1), (4, 2), (5, 3), (6, 2), (7, 3), (8, 2), (9, 3), (10, 2), (11, 3)]
length: 16 76
Estimated difference between T3^fnT3 - (T2^WT3 + h.c.) is: -1.2202286686722841e-06 1.488958003849735e-12
total cost: -7.784003587931954
singles alt: [(4, 0), (5, 1), (6, 0), (7, 1), (8, 0), (9, 1), (10, 0), (11, 1), (4, 2), (5, 3), (6, 2), (7, 3), (8, 2), (9, 3), (10, 2), (11, 3)]
length: 16 76
Estimated difference between T3^fnT3 - (T2^WT3 + h.c.) is: -1.220228430036032e-06 1.4889574214681992e-12
total cost: -7.7840035879319505
singles alt: [(4, 0), (5, 1), (6, 0), (7, 1), (8, 0), (9, 1), (10, 0), (11, 1), (4, 2), (5, 3), (6, 2), (7, 3), (8, 2), (9, 3), (10, 2), (11, 3)]
length: 16 76
Estimated difference between T3^fnT3 - (T2^WT3 + h.c.) is: -1.2202284300361223e-06 1.48895742146842e-12
total cost: -7.784003587931948
singles alt: [(4, 0), (5, 1), (6, 0), (7, 1), (8, 0), (9, 1), (10, 0), (11, 1), (4, 2), (5, 3), (6, 2), (7, 3), (8, 2), (9, 3), (10, 2), (11, 3)]
length: 16 76
Estimated difference between T3^fnT3 - (T2^WT3 + h.c.) is: -1.220228430036588e-06 1.4889574214695563e-12
total cost: -7.784003587931947
singles alt: [(4, 0), (5, 1), (6, 0), (7, 1), (8, 0), (9, 1), (10, 0), (11, 1), (4, 2), (5, 3), (6, 2), (7, 3), (8, 2), (9, 3), (10, 2), (11, 3)]
length: 16 76
Estimated difference between T3^fnT3 - (T2^WT3 + h.c.) is: -1.2202284300366873e-06 1.4889574214697986e-12
total cost: -7.784003587931947
singles alt: [(4, 0), (5, 1), (6, 0), (7, 1), (8, 0), (9, 1), (10, 0), (11, 1), (4, 2), (5, 3), (6, 2), (7, 3), (8, 2), (9, 3), (10, 2), (11, 3)]
length: 16 76
Estimated difference between T3^fnT3 - (T2^WT3 + h.c.) is: -1.2202284300359284e-06 1.4889574214679465e-12
total cost: -7.784003587912828
singles alt: [(4, 0), (5, 1), (6, 0), (7, 1), (8, 0), (9, 1), (10, 0), (11, 1), (4, 2), (5, 3), (6, 2), (7, 3), (8, 2), (9, 3), (10, 2), (11, 3)]
length: 16 76
Estimated difference between T3^fnT3 - (T2^WT3 + h.c.) is: -1.2202284300359284e-06 1.4889574214679465e-12
total cost: -7.784003587912855
singles alt: [(4, 0), (5, 1), (6, 0), (7, 1), (8, 0), (9, 1), (10, 0), (11, 1), (4, 2), (5, 3), (6, 2), (7, 3), (8, 2), (9, 3), (10, 2), (11, 3)]
length: 16 76
Estimated difference between T3^fnT3 - (T2^WT3 + h.c.) is: -1.2202284300359284e-06 1.4889574214679465e-12
total cost: -7.78400358793195
singles alt: [(4, 0), (5, 1), (6, 0), (7, 1), (8, 0), (9, 1), (10, 0), (11, 1), (4, 2), (5, 3), (6, 2), (7, 3), (8, 2), (9, 3), (10, 2), (11, 3)]
length: 16 76
Estimated difference between T3^fnT3 - (T2^WT3 + h.c.) is: -1.2202284300359284e-06 1.4889574214679465e-12
total cost: -7.784003587931949
singles alt: [(4, 0), (5, 1), (6, 0), (7, 1), (8, 0), (9, 1), (10, 0), (11, 1), (4, 2), (5, 3), (6, 2), (7, 3), (8, 2), (9, 3), (10, 2), (11, 3)]
length: 16 76
Estimated difference between T3^fnT3 - (T2^WT3 + h.c.) is: -1.2202284300359284e-06 1.4889574214679465e-12
total cost: -7.784003587931949
singles alt: [(4, 0), (5, 1), (6, 0), (7, 1), (8, 0), (9, 1), (10, 0), (11, 1), (4, 2), (5, 3), (6, 2), (7, 3), (8, 2), (9, 3), (10, 2), (11, 3)]
length: 16 76
Estimated difference between T3^fnT3 - (T2^WT3 + h.c.) is: -1.2202284300359284e-06 1.4889574214679465e-12
total cost: -7.784003587931949
singles alt: [(4, 0), (5, 1), (6, 0), (7, 1), (8, 0), (9, 1), (10, 0), (11, 1), (4, 2), (5, 3), (6, 2), (7, 3), (8, 2), (9, 3), (10, 2), (11, 3)]
length: 16 76
Estimated difference between T3^fnT3 - (T2^WT3 + h.c.) is: -1.2202284300359284e-06 1.4889574214679465e-12
total cost: -7.784003587937992
singles alt: [(4, 0), (5, 1), (6, 0), (7, 1), (8, 0), (9, 1), (10, 0), (11, 1), (4, 2), (5, 3), (6, 2), (7, 3), (8, 2), (9, 3), (10, 2), (11, 3)]
length: 16 76
Estimated difference between T3^fnT3 - (T2^WT3 + h.c.) is: -1.2202284300359284e-06 1.4889574214679465e-12
total cost: -7.7840035879380025
singles alt: [(4, 0), (5, 1), (6, 0), (7, 1), (8, 0), (9, 1), (10, 0), (11, 1), (4, 2), (5, 3), (6, 2), (7, 3), (8, 2), (9, 3), (10, 2), (11, 3)]
length: 16 76
Estimated difference between T3^fnT3 - (T2^WT3 + h.c.) is: -1.2202284300359284e-06 1.4889574214679465e-12
total cost: -7.784003588015779
singles alt: [(4, 0), (5, 1), (6, 0), (7, 1), (8, 0), (9, 1), (10, 0), (11, 1), (4, 2), (5, 3), (6, 2), (7, 3), (8, 2), (9, 3), (10, 2), (11, 3)]
length: 16 76
Estimated difference between T3^fnT3 - (T2^WT3 + h.c.) is: -1.2202284300359284e-06 1.4889574214679465e-12
total cost: -7.784003588015664
singles alt: [(4, 0), (5, 1), (6, 0), (7, 1), (8, 0), (9, 1), (10, 0), (11, 1), (4, 2), (5, 3), (6, 2), (7, 3), (8, 2), (9, 3), (10, 2), (11, 3)]
length: 16 76
Estimated difference between T3^fnT3 - (T2^WT3 + h.c.) is: -1.2202284300359284e-06 1.4889574214679465e-12
total cost: -7.784003587931948
singles alt: [(4, 0), (5, 1), (6, 0), (7, 1), (8, 0), (9, 1), (10, 0), (11, 1), (4, 2), (5, 3), (6, 2), (7, 3), (8, 2), (9, 3), (10, 2), (11, 3)]
length: 16 76
Estimated difference between T3^fnT3 - (T2^WT3 + h.c.) is: -1.2202284300359284e-06 1.4889574214679465e-12
total cost: -7.784003587931948
singles alt: [(4, 0), (5, 1), (6, 0), (7, 1), (8, 0), (9, 1), (10, 0), (11, 1), (4, 2), (5, 3), (6, 2), (7, 3), (8, 2), (9, 3), (10, 2), (11, 3)]
length: 16 76
Estimated difference between T3^fnT3 - (T2^WT3 + h.c.) is: -1.2202284300359284e-06 1.4889574214679465e-12
total cost: -7.784003587931949
singles alt: [(4, 0), (5, 1), (6, 0), (7, 1), (8, 0), (9, 1), (10, 0), (11, 1), (4, 2), (5, 3), (6, 2), (7, 3), (8, 2), (9, 3), (10, 2), (11, 3)]
length: 16 76
Estimated difference between T3^fnT3 - (T2^WT3 + h.c.) is: -1.2202284300359284e-06 1.4889574214679465e-12
total cost: -7.784003587931949
singles alt: [(4, 0), (5, 1), (6, 0), (7, 1), (8, 0), (9, 1), (10, 0), (11, 1), (4, 2), (5, 3), (6, 2), (7, 3), (8, 2), (9, 3), (10, 2), (11, 3)]
length: 16 76
Estimated difference between T3^fnT3 - (T2^WT3 + h.c.) is: -1.2202284300359284e-06 1.4889574214679465e-12
total cost: -7.784003587924787
singles alt: [(4, 0), (5, 1), (6, 0), (7, 1), (8, 0), (9, 1), (10, 0), (11, 1), (4, 2), (5, 3), (6, 2), (7, 3), (8, 2), (9, 3), (10, 2), (11, 3)]
length: 16 76
Estimated difference between T3^fnT3 - (T2^WT3 + h.c.) is: -1.2202284300359284e-06 1.4889574214679465e-12
total cost: -7.784003587924769
singles alt: [(4, 0), (5, 1), (6, 0), (7, 1), (8, 0), (9, 1), (10, 0), (11, 1), (4, 2), (5, 3), (6, 2), (7, 3), (8, 2), (9, 3), (10, 2), (11, 3)]
callback: energy=-7.784002367704
singles alt: [(4, 0), (5, 1), (6, 0), (7, 1), (8, 0), (9, 1), (10, 0), (11, 1), (4, 2), (5, 3), (6, 2), (7, 3), (8, 2), (9, 3), (10, 2), (11, 3)]
length: 16 76
Estimated difference between T3^fnT3 - (T2^WT3 + h.c.) is: -1.6000362188178146e-06 2.5601159015288094e-12
total cost: -7.783690441715688
singles alt: [(4, 0), (5, 1), (6, 0), (7, 1), (8, 0), (9, 1), (10, 0), (11, 1), (4, 2), (5, 3), (6, 2), (7, 3), (8, 2), (9, 3), (10, 2), (11, 3)]
length: 16 76
Estimated difference between T3^fnT3 - (T2^WT3 + h.c.) is: -1.6000367798365501e-06 2.560117696829717e-12
total cost: -7.7836904410231345
singles alt: [(4, 0), (5, 1), (6, 0), (7, 1), (8, 0), (9, 1), (10, 0), (11, 1), (4, 2), (5, 3), (6, 2), (7, 3), (8, 2), (9, 3), (10, 2), (11, 3)]
length: 16 76
Estimated difference between T3^fnT3 - (T2^WT3 + h.c.) is: -1.6000362168812436e-06 2.5601158953316417e-12
total cost: -7.783690441763459
singles alt: [(4, 0), (5, 1), (6, 0), (7, 1), (8, 0), (9, 1), (10, 0), (11, 1), (4, 2), (5, 3), (6, 2), (7, 3), (8, 2), (9, 3), (10, 2), (11, 3)]
length: 16 76
Estimated difference between T3^fnT3 - (T2^WT3 + h.c.) is: -1.6000362169495206e-06 2.5601158955501333e-12
total cost: -7.783690441763431
singles alt: [(4, 0), (5, 1), (6, 0), (7, 1), (8, 0), (9, 1), (10, 0), (11, 1), (4, 2), (5, 3), (6, 2), (7, 3), (8, 2), (9, 3), (10, 2), (11, 3)]
length: 16 76
Estimated difference between T3^fnT3 - (T2^WT3 + h.c.) is: -1.6000362959591424e-06 2.5601161483866525e-12
total cost: -7.783690441742235
singles alt: [(4, 0), (5, 1), (6, 0), (7, 1), (8, 0), (9, 1), (10, 0), (11, 1), (4, 2), (5, 3), (6, 2), (7, 3), (8, 2), (9, 3), (10, 2), (11, 3)]
length: 16 76
Estimated difference between T3^fnT3 - (T2^WT3 + h.c.) is: -1.6000362188191402e-06 2.5601159015330515e-12
total cost: -7.783690441715684
singles alt: [(4, 0), (5, 1), (6, 0), (7, 1), (8, 0), (9, 1), (10, 0), (11, 1), (4, 2), (5, 3), (6, 2), (7, 3), (8, 2), (9, 3), (10, 2), (11, 3)]
length: 16 76
Estimated difference between T3^fnT3 - (T2^WT3 + h.c.) is: -1.6000362188093601e-06 2.5601159015017543e-12
total cost: -7.783690441715692
singles alt: [(4, 0), (5, 1), (6, 0), (7, 1), (8, 0), (9, 1), (10, 0), (11, 1), (4, 2), (5, 3), (6, 2), (7, 3), (8, 2), (9, 3), (10, 2), (11, 3)]
length: 16 76
Estimated difference between T3^fnT3 - (T2^WT3 + h.c.) is: -1.6000362188172028e-06 2.5601159015268517e-12
total cost: -7.783690441715689
singles alt: [(4, 0), (5, 1), (6, 0), (7, 1), (8, 0), (9, 1), (10, 0), (11, 1), (4, 2), (5, 3), (6, 2), (7, 3), (8, 2), (9, 3), (10, 2), (11, 3)]
length: 16 76
Estimated difference between T3^fnT3 - (T2^WT3 + h.c.) is: -1.6000362188176759e-06 2.5601159015283655e-12
total cost: -7.783690441715688
singles alt: [(4, 0), (5, 1), (6, 0), (7, 1), (8, 0), (9, 1), (10, 0), (11, 1), (4, 2), (5, 3), (6, 2), (7, 3), (8, 2), (9, 3), (10, 2), (11, 3)]
length: 16 76
Estimated difference between T3^fnT3 - (T2^WT3 + h.c.) is: -1.6000362188206295e-06 2.560115901537817e-12
total cost: -7.783690441715676
singles alt: [(4, 0), (5, 1), (6, 0), (7, 1), (8, 0), (9, 1), (10, 0), (11, 1), (4, 2), (5, 3), (6, 2), (7, 3), (8, 2), (9, 3), (10, 2), (11, 3)]
length: 16 76
Estimated difference between T3^fnT3 - (T2^WT3 + h.c.) is: -1.6000362188222412e-06 2.560115901542975e-12
total cost: -7.783690441715686
singles alt: [(4, 0), (5, 1), (6, 0), (7, 1), (8, 0), (9, 1), (10, 0), (11, 1), (4, 2), (5, 3), (6, 2), (7, 3), (8, 2), (9, 3), (10, 2), (11, 3)]
length: 16 76
Estimated difference between T3^fnT3 - (T2^WT3 + h.c.) is: -1.6000362188167797e-06 2.560115901525498e-12
total cost: -7.783690441715689
singles alt: [(4, 0), (5, 1), (6, 0), (7, 1), (8, 0), (9, 1), (10, 0), (11, 1), (4, 2), (5, 3), (6, 2), (7, 3), (8, 2), (9, 3), (10, 2), (11, 3)]
length: 16 76
Estimated difference between T3^fnT3 - (T2^WT3 + h.c.) is: -1.6000362188179668e-06 2.5601159015292965e-12
total cost: -7.783690441715688
singles alt: [(4, 0), (5, 1), (6, 0), (7, 1), (8, 0), (9, 1), (10, 0), (11, 1), (4, 2), (5, 3), (6, 2), (7, 3), (8, 2), (9, 3), (10, 2), (11, 3)]
length: 16 76
Estimated difference between T3^fnT3 - (T2^WT3 + h.c.) is: -1.6000363041486724e-06 2.560116174593743e-12
total cost: -7.783690441776602
singles alt: [(4, 0), (5, 1), (6, 0), (7, 1), (8, 0), (9, 1), (10, 0), (11, 1), (4, 2), (5, 3), (6, 2), (7, 3), (8, 2), (9, 3), (10, 2), (11, 3)]
length: 16 76
Estimated difference between T3^fnT3 - (T2^WT3 + h.c.) is: -1.6000360923573234e-06 2.5601154968460932e-12
total cost: -7.783690441613479
singles alt: [(4, 0), (5, 1), (6, 0), (7, 1), (8, 0), (9, 1), (10, 0), (11, 1), (4, 2), (5, 3), (6, 2), (7, 3), (8, 2), (9, 3), (10, 2), (11, 3)]
length: 16 76
Estimated difference between T3^fnT3 - (T2^WT3 + h.c.) is: -1.600036166063016e-06 2.560115732709635e-12
total cost: -7.7836904416883765
singles alt: [(4, 0), (5, 1), (6, 0), (7, 1), (8, 0), (9, 1), (10, 0), (11, 1), (4, 2), (5, 3), (6, 2), (7, 3), (8, 2), (9, 3), (10, 2), (11, 3)]
length: 16 76
Estimated difference between T3^fnT3 - (T2^WT3 + h.c.) is: -1.6000360708291865e-06 2.5601154279545017e-12
total cost: -7.7836904418303146
singles alt: [(4, 0), (5, 1), (6, 0), (7, 1), (8, 0), (9, 1), (10, 0), (11, 1), (4, 2), (5, 3), (6, 2), (7, 3), (8, 2), (9, 3), (10, 2), (11, 3)]
length: 16 76
Estimated difference between T3^fnT3 - (T2^WT3 + h.c.) is: -1.6000362188181214e-06 2.5601159015297912e-12
total cost: -7.783690441715689
singles alt: [(4, 0), (5, 1), (6, 0), (7, 1), (8, 0), (9, 1), (10, 0), (11, 1), (4, 2), (5, 3), (6, 2), (7, 3), (8, 2), (9, 3), (10, 2), (11, 3)]
length: 16 76
Estimated difference between T3^fnT3 - (T2^WT3 + h.c.) is: -1.6000362188199455e-06 2.5601159015356284e-12
total cost: -7.783690441715685
singles alt: [(4, 0), (5, 1), (6, 0), (7, 1), (8, 0), (9, 1), (10, 0), (11, 1), (4, 2), (5, 3), (6, 2), (7, 3), (8, 2), (9, 3), (10, 2), (11, 3)]
length: 16 76
Estimated difference between T3^fnT3 - (T2^WT3 + h.c.) is: -1.6000362188201899e-06 2.5601159015364103e-12
total cost: -7.783690441715685
singles alt: [(4, 0), (5, 1), (6, 0), (7, 1), (8, 0), (9, 1), (10, 0), (11, 1), (4, 2), (5, 3), (6, 2), (7, 3), (8, 2), (9, 3), (10, 2), (11, 3)]
length: 16 76
Estimated difference between T3^fnT3 - (T2^WT3 + h.c.) is: -1.6000362188178997e-06 2.5601159015290816e-12
total cost: -7.783690441715688
singles alt: [(4, 0), (5, 1), (6, 0), (7, 1), (8, 0), (9, 1), (10, 0), (11, 1), (4, 2), (5, 3), (6, 2), (7, 3), (8, 2), (9, 3), (10, 2), (11, 3)]
length: 16 76
Estimated difference between T3^fnT3 - (T2^WT3 + h.c.) is: -1.60003646333982e-06 2.5601166840169992e-12
total cost: -7.7836904415089725
singles alt: [(4, 0), (5, 1), (6, 0), (7, 1), (8, 0), (9, 1), (10, 0), (11, 1), (4, 2), (5, 3), (6, 2), (7, 3), (8, 2), (9, 3), (10, 2), (11, 3)]
length: 16 76
Estimated difference between T3^fnT3 - (T2^WT3 + h.c.) is: -1.6000363400222901e-06 2.5601162893919257e-12
total cost: -7.783690441854788
singles alt: [(4, 0), (5, 1), (6, 0), (7, 1), (8, 0), (9, 1), (10, 0), (11, 1), (4, 2), (5, 3), (6, 2), (7, 3), (8, 2), (9, 3), (10, 2), (11, 3)]
length: 16 76
Estimated difference between T3^fnT3 - (T2^WT3 + h.c.) is: -1.6000363031097632e-06 2.560116171269158e-12
total cost: -7.7836904418547475
singles alt: [(4, 0), (5, 1), (6, 0), (7, 1), (8, 0), (9, 1), (10, 0), (11, 1), (4, 2), (5, 3), (6, 2), (7, 3), (8, 2), (9, 3), (10, 2), (11, 3)]
length: 16 76
Estimated difference between T3^fnT3 - (T2^WT3 + h.c.) is: -1.6000364154956587e-06 2.560116530912196e-12
total cost: -7.783690441648439
singles alt: [(4, 0), (5, 1), (6, 0), (7, 1), (8, 0), (9, 1), (10, 0), (11, 1), (4, 2), (5, 3), (6, 2), (7, 3), (8, 2), (9, 3), (10, 2), (11, 3)]
length: 16 76
Estimated difference between T3^fnT3 - (T2^WT3 + h.c.) is: -1.6000362265219864e-06 2.5601159261827175e-12
total cost: -7.783690441715776
singles alt: [(4, 0), (5, 1), (6, 0), (7, 1), (8, 0), (9, 1), (10, 0), (11, 1), (4, 2), (5, 3), (6, 2), (7, 3), (8, 2), (9, 3), (10, 2), (11, 3)]
length: 16 76
Estimated difference between T3^fnT3 - (T2^WT3 + h.c.) is: -1.6000363565266591e-06 2.560116342207106e-12
total cost: -7.7836904417156765
singles alt: [(4, 0), (5, 1), (6, 0), (7, 1), (8, 0), (9, 1), (10, 0), (11, 1), (4, 2), (5, 3), (6, 2), (7, 3), (8, 2), (9, 3), (10, 2), (11, 3)]
length: 16 76
Estimated difference between T3^fnT3 - (T2^WT3 + h.c.) is: -1.600036356478747e-06 2.5601163420537837e-12
total cost: -7.7836904417156765
singles alt: [(4, 0), (5, 1), (6, 0), (7, 1), (8, 0), (9, 1), (10, 0), (11, 1), (4, 2), (5, 3), (6, 2), (7, 3), (8, 2), (9, 3), (10, 2), (11, 3)]
length: 16 76
Estimated difference between T3^fnT3 - (T2^WT3 + h.c.) is: -1.6000362256383015e-06 2.5601159233548616e-12
total cost: -7.783690441715667
singles alt: [(4, 0), (5, 1), (6, 0), (7, 1), (8, 0), (9, 1), (10, 0), (11, 1), (4, 2), (5, 3), (6, 2), (7, 3), (8, 2), (9, 3), (10, 2), (11, 3)]
length: 16 76
Estimated difference between T3^fnT3 - (T2^WT3 + h.c.) is: -1.600036218818254e-06 2.5601159015302153e-12
total cost: -7.783690441715667
singles alt: [(4, 0), (5, 1), (6, 0), (7, 1), (8, 0), (9, 1), (10, 0), (11, 1), (4, 2), (5, 3), (6, 2), (7, 3), (8, 2), (9, 3), (10, 2), (11, 3)]
length: 16 76
Estimated difference between T3^fnT3 - (T2^WT3 + h.c.) is: -1.6000362188170929e-06 2.5601159015265e-12
total cost: -7.783690441715693
singles alt: [(4, 0), (5, 1), (6, 0), (7, 1), (8, 0), (9, 1), (10, 0), (11, 1), (4, 2), (5, 3), (6, 2), (7, 3), (8, 2), (9, 3), (10, 2), (11, 3)]
length: 16 76
Estimated difference between T3^fnT3 - (T2^WT3 + h.c.) is: -1.6000362188169176e-06 2.560115901525939e-12
total cost: -7.783690441715692
singles alt: [(4, 0), (5, 1), (6, 0), (7, 1), (8, 0), (9, 1), (10, 0), (11, 1), (4, 2), (5, 3), (6, 2), (7, 3), (8, 2), (9, 3), (10, 2), (11, 3)]
length: 16 76
Estimated difference between T3^fnT3 - (T2^WT3 + h.c.) is: -1.6000362188177745e-06 2.5601159015286813e-12
total cost: -7.783690441715688
singles alt: [(4, 0), (5, 1), (6, 0), (7, 1), (8, 0), (9, 1), (10, 0), (11, 1), (4, 2), (5, 3), (6, 2), (7, 3), (8, 2), (9, 3), (10, 2), (11, 3)]
length: 16 76
Estimated difference between T3^fnT3 - (T2^WT3 + h.c.) is: -1.600036218821281e-06 2.5601159015399024e-12
total cost: -7.783690441715676
singles alt: [(4, 0), (5, 1), (6, 0), (7, 1), (8, 0), (9, 1), (10, 0), (11, 1), (4, 2), (5, 3), (6, 2), (7, 3), (8, 2), (9, 3), (10, 2), (11, 3)]
length: 16 76
Estimated difference between T3^fnT3 - (T2^WT3 + h.c.) is: -1.6000362188174658e-06 2.5601159015276934e-12
total cost: -7.783690441715689
singles alt: [(4, 0), (5, 1), (6, 0), (7, 1), (8, 0), (9, 1), (10, 0), (11, 1), (4, 2), (5, 3), (6, 2), (7, 3), (8, 2), (9, 3), (10, 2), (11, 3)]
length: 16 76
Estimated difference between T3^fnT3 - (T2^WT3 + h.c.) is: -1.6000362188211584e-06 2.5601159015395102e-12
total cost: -7.783690441715686
singles alt: [(4, 0), (5, 1), (6, 0), (7, 1), (8, 0), (9, 1), (10, 0), (11, 1), (4, 2), (5, 3), (6, 2), (7, 3), (8, 2), (9, 3), (10, 2), (11, 3)]
length: 16 76
Estimated difference between T3^fnT3 - (T2^WT3 + h.c.) is: -1.600036218818192e-06 2.560115901530017e-12
total cost: -7.783690441715688
singles alt: [(4, 0), (5, 1), (6, 0), (7, 1), (8, 0), (9, 1), (10, 0), (11, 1), (4, 2), (5, 3), (6, 2), (7, 3), (8, 2), (9, 3), (10, 2), (11, 3)]
length: 16 76
Estimated difference between T3^fnT3 - (T2^WT3 + h.c.) is: -1.6000362265253708e-06 2.5601159261935476e-12
total cost: -7.783690441715754
singles alt: [(4, 0), (5, 1), (6, 0), (7, 1), (8, 0), (9, 1), (10, 0), (11, 1), (4, 2), (5, 3), (6, 2), (7, 3), (8, 2), (9, 3), (10, 2), (11, 3)]
length: 16 76
Estimated difference between T3^fnT3 - (T2^WT3 + h.c.) is: -1.6000363565224225e-06 2.5601163421935485e-12
total cost: -7.783690441715671
singles alt: [(4, 0), (5, 1), (6, 0), (7, 1), (8, 0), (9, 1), (10, 0), (11, 1), (4, 2), (5, 3), (6, 2), (7, 3), (8, 2), (9, 3), (10, 2), (11, 3)]
length: 16 76
Estimated difference between T3^fnT3 - (T2^WT3 + h.c.) is: -1.6000363564736402e-06 2.5601163420374416e-12
total cost: -7.783690441715675
singles alt: [(4, 0), (5, 1), (6, 0), (7, 1), (8, 0), (9, 1), (10, 0), (11, 1), (4, 2), (5, 3), (6, 2), (7, 3), (8, 2), (9, 3), (10, 2), (11, 3)]
length: 16 76
Estimated difference between T3^fnT3 - (T2^WT3 + h.c.) is: -1.6000362256394336e-06 2.5601159233584846e-12
total cost: -7.7836904417156685
singles alt: [(4, 0), (5, 1), (6, 0), (7, 1), (8, 0), (9, 1), (10, 0), (11, 1), (4, 2), (5, 3), (6, 2), (7, 3), (8, 2), (9, 3), (10, 2), (11, 3)]
length: 16 76
Estimated difference between T3^fnT3 - (T2^WT3 + h.c.) is: -1.6000364633548036e-06 2.560116684064948e-12
total cost: -7.783690441508845
singles alt: [(4, 0), (5, 1), (6, 0), (7, 1), (8, 0), (9, 1), (10, 0), (11, 1), (4, 2), (5, 3), (6, 2), (7, 3), (8, 2), (9, 3), (10, 2), (11, 3)]
length: 16 76
Estimated difference between T3^fnT3 - (T2^WT3 + h.c.) is: -1.6000363030854284e-06 2.560116171191285e-12
total cost: -7.783690441854752
singles alt: [(4, 0), (5, 1), (6, 0), (7, 1), (8, 0), (9, 1), (10, 0), (11, 1), (4, 2), (5, 3), (6, 2), (7, 3), (8, 2), (9, 3), (10, 2), (11, 3)]
length: 16 76
Estimated difference between T3^fnT3 - (T2^WT3 + h.c.) is: -1.600036339922439e-06 2.5601162890723945e-12
total cost: -7.783690441854868
singles alt: [(4, 0), (5, 1), (6, 0), (7, 1), (8, 0), (9, 1), (10, 0), (11, 1), (4, 2), (5, 3), (6, 2), (7, 3), (8, 2), (9, 3), (10, 2), (11, 3)]
length: 16 76
Estimated difference between T3^fnT3 - (T2^WT3 + h.c.) is: -1.6000364155628028e-06 2.560116531127062e-12
total cost: -7.783690441648666
singles alt: [(4, 0), (5, 1), (6, 0), (7, 1), (8, 0), (9, 1), (10, 0), (11, 1), (4, 2), (5, 3), (6, 2), (7, 3), (8, 2), (9, 3), (10, 2), (11, 3)]
length: 16 76
Estimated difference between T3^fnT3 - (T2^WT3 + h.c.) is: -1.6000362188181167e-06 2.5601159015297763e-12
total cost: -7.783690441715667
singles alt: [(4, 0), (5, 1), (6, 0), (7, 1), (8, 0), (9, 1), (10, 0), (11, 1), (4, 2), (5, 3), (6, 2), (7, 3), (8, 2), (9, 3), (10, 2), (11, 3)]
length: 16 76
Estimated difference between T3^fnT3 - (T2^WT3 + h.c.) is: -1.6000362188168758e-06 2.5601159015258056e-12
total cost: -7.783690441715693
singles alt: [(4, 0), (5, 1), (6, 0), (7, 1), (8, 0), (9, 1), (10, 0), (11, 1), (4, 2), (5, 3), (6, 2), (7, 3), (8, 2), (9, 3), (10, 2), (11, 3)]
length: 16 76
Estimated difference between T3^fnT3 - (T2^WT3 + h.c.) is: -1.6000362188173409e-06 2.5601159015272935e-12
total cost: -7.783690441715692
singles alt: [(4, 0), (5, 1), (6, 0), (7, 1), (8, 0), (9, 1), (10, 0), (11, 1), (4, 2), (5, 3), (6, 2), (7, 3), (8, 2), (9, 3), (10, 2), (11, 3)]
length: 16 76
Estimated difference between T3^fnT3 - (T2^WT3 + h.c.) is: -1.600036218817741e-06 2.5601159015285743e-12
total cost: -7.783690441715688
singles alt: [(4, 0), (5, 1), (6, 0), (7, 1), (8, 0), (9, 1), (10, 0), (11, 1), (4, 2), (5, 3), (6, 2), (7, 3), (8, 2), (9, 3), (10, 2), (11, 3)]
length: 16 76
Estimated difference between T3^fnT3 - (T2^WT3 + h.c.) is: -1.6000363041518301e-06 2.560116174603848e-12
total cost: -7.783690441774702
singles alt: [(4, 0), (5, 1), (6, 0), (7, 1), (8, 0), (9, 1), (10, 0), (11, 1), (4, 2), (5, 3), (6, 2), (7, 3), (8, 2), (9, 3), (10, 2), (11, 3)]
length: 16 76
Estimated difference between T3^fnT3 - (T2^WT3 + h.c.) is: -1.6000361660230332e-06 2.5601157325816876e-12
total cost: -7.783690441688254
singles alt: [(4, 0), (5, 1), (6, 0), (7, 1), (8, 0), (9, 1), (10, 0), (11, 1), (4, 2), (5, 3), (6, 2), (7, 3), (8, 2), (9, 3), (10, 2), (11, 3)]
length: 16 76
Estimated difference between T3^fnT3 - (T2^WT3 + h.c.) is: -1.6000360926909493e-06 2.56011549791372e-12
total cost: -7.783690441612117
singles alt: [(4, 0), (5, 1), (6, 0), (7, 1), (8, 0), (9, 1), (10, 0), (11, 1), (4, 2), (5, 3), (6, 2), (7, 3), (8, 2), (9, 3), (10, 2), (11, 3)]
length: 16 76
Estimated difference between T3^fnT3 - (T2^WT3 + h.c.) is: -1.6000360706458267e-06 2.560115427367737e-12
total cost: -7.78369044182944
singles alt: [(4, 0), (5, 1), (6, 0), (7, 1), (8, 0), (9, 1), (10, 0), (11, 1), (4, 2), (5, 3), (6, 2), (7, 3), (8, 2), (9, 3), (10, 2), (11, 3)]
length: 16 76
Estimated difference between T3^fnT3 - (T2^WT3 + h.c.) is: -1.600036218818351e-06 2.560115901530526e-12
total cost: -7.783690441715666
singles alt: [(4, 0), (5, 1), (6, 0), (7, 1), (8, 0), (9, 1), (10, 0), (11, 1), (4, 2), (5, 3), (6, 2), (7, 3), (8, 2), (9, 3), (10, 2), (11, 3)]
length: 16 76
Estimated difference between T3^fnT3 - (T2^WT3 + h.c.) is: -1.6000362188130968e-06 2.560115901513712e-12
total cost: -7.783690441715697
singles alt: [(4, 0), (5, 1), (6, 0), (7, 1), (8, 0), (9, 1), (10, 0), (11, 1), (4, 2), (5, 3), (6, 2), (7, 3), (8, 2), (9, 3), (10, 2), (11, 3)]
length: 16 76
Estimated difference between T3^fnT3 - (T2^WT3 + h.c.) is: -1.6000362188179249e-06 2.5601159015291624e-12
total cost: -7.78369044171569
singles alt: [(4, 0), (5, 1), (6, 0), (7, 1), (8, 0), (9, 1), (10, 0), (11, 1), (4, 2), (5, 3), (6, 2), (7, 3), (8, 2), (9, 3), (10, 2), (11, 3)]
length: 16 76
Estimated difference between T3^fnT3 - (T2^WT3 + h.c.) is: -1.6000362188177784e-06 2.5601159015286934e-12
total cost: -7.783690441715691
singles alt: [(4, 0), (5, 1), (6, 0), (7, 1), (8, 0), (9, 1), (10, 0), (11, 1), (4, 2), (5, 3), (6, 2), (7, 3), (8, 2), (9, 3), (10, 2), (11, 3)]
length: 16 76
Estimated difference between T3^fnT3 - (T2^WT3 + h.c.) is: -1.6000362188177292e-06 2.5601159015285363e-12
total cost: -7.783690441715687
singles alt: [(4, 0), (5, 1), (6, 0), (7, 1), (8, 0), (9, 1), (10, 0), (11, 1), (4, 2), (5, 3), (6, 2), (7, 3), (8, 2), (9, 3), (10, 2), (11, 3)]
length: 16 76
Estimated difference between T3^fnT3 - (T2^WT3 + h.c.) is: -1.6000362188195753e-06 2.560115901534444e-12
total cost: -7.783690441715685
singles alt: [(4, 0), (5, 1), (6, 0), (7, 1), (8, 0), (9, 1), (10, 0), (11, 1), (4, 2), (5, 3), (6, 2), (7, 3), (8, 2), (9, 3), (10, 2), (11, 3)]
length: 16 76
Estimated difference between T3^fnT3 - (T2^WT3 + h.c.) is: -1.6000362188188731e-06 2.560115901532197e-12
total cost: -7.783690441715685
singles alt: [(4, 0), (5, 1), (6, 0), (7, 1), (8, 0), (9, 1), (10, 0), (11, 1), (4, 2), (5, 3), (6, 2), (7, 3), (8, 2), (9, 3), (10, 2), (11, 3)]
length: 16 76
Estimated difference between T3^fnT3 - (T2^WT3 + h.c.) is: -1.6000362188175602e-06 2.5601159015279955e-12
total cost: -7.783690441715688
singles alt: [(4, 0), (5, 1), (6, 0), (7, 1), (8, 0), (9, 1), (10, 0), (11, 1), (4, 2), (5, 3), (6, 2), (7, 3), (8, 2), (9, 3), (10, 2), (11, 3)]
length: 16 76
Estimated difference between T3^fnT3 - (T2^WT3 + h.c.) is: -1.600036368736621e-06 2.5601163812798725e-12
total cost: -7.783690443157394
singles alt: [(4, 0), (5, 1), (6, 0), (7, 1), (8, 0), (9, 1), (10, 0), (11, 1), (4, 2), (5, 3), (6, 2), (7, 3), (8, 2), (9, 3), (10, 2), (11, 3)]
length: 16 76
Estimated difference between T3^fnT3 - (T2^WT3 + h.c.) is: -1.6000362743654168e-06 2.5601160792851635e-12
total cost: -7.783690441592432
singles alt: [(4, 0), (5, 1), (6, 0), (7, 1), (8, 0), (9, 1), (10, 0), (11, 1), (4, 2), (5, 3), (6, 2), (7, 3), (8, 2), (9, 3), (10, 2), (11, 3)]
length: 16 76
Estimated difference between T3^fnT3 - (T2^WT3 + h.c.) is: -1.600036274358035e-06 2.5601160792615408e-12
total cost: -7.783690441592391
singles alt: [(4, 0), (5, 1), (6, 0), (7, 1), (8, 0), (9, 1), (10, 0), (11, 1), (4, 2), (5, 3), (6, 2), (7, 3), (8, 2), (9, 3), (10, 2), (11, 3)]
length: 16 76
Estimated difference between T3^fnT3 - (T2^WT3 + h.c.) is: -1.6000363358576045e-06 2.5601162760646288e-12
total cost: -7.78369044179058
singles alt: [(4, 0), (5, 1), (6, 0), (7, 1), (8, 0), (9, 1), (10, 0), (11, 1), (4, 2), (5, 3), (6, 2), (7, 3), (8, 2), (9, 3), (10, 2), (11, 3)]
length: 16 76
Estimated difference between T3^fnT3 - (T2^WT3 + h.c.) is: -1.6000362188204122e-06 2.560115901537122e-12
total cost: -7.783690441715685
singles alt: [(4, 0), (5, 1), (6, 0), (7, 1), (8, 0), (9, 1), (10, 0), (11, 1), (4, 2), (5, 3), (6, 2), (7, 3), (8, 2), (9, 3), (10, 2), (11, 3)]
length: 16 76
Estimated difference between T3^fnT3 - (T2^WT3 + h.c.) is: -1.6000362188136368e-06 2.56011590151544e-12
total cost: -7.783690441715691
singles alt: [(4, 0), (5, 1), (6, 0), (7, 1), (8, 0), (9, 1), (10, 0), (11, 1), (4, 2), (5, 3), (6, 2), (7, 3), (8, 2), (9, 3), (10, 2), (11, 3)]
length: 16 76
Estimated difference between T3^fnT3 - (T2^WT3 + h.c.) is: -1.600036218818284e-06 2.560115901530312e-12
total cost: -7.783690441715689
singles alt: [(4, 0), (5, 1), (6, 0), (7, 1), (8, 0), (9, 1), (10, 0), (11, 1), (4, 2), (5, 3), (6, 2), (7, 3), (8, 2), (9, 3), (10, 2), (11, 3)]
length: 16 76
Estimated difference between T3^fnT3 - (T2^WT3 + h.c.) is: -1.6000362188204444e-06 2.560115901537225e-12
total cost: -7.783690441715686
singles alt: [(4, 0), (5, 1), (6, 0), (7, 1), (8, 0), (9, 1), (10, 0), (11, 1), (4, 2), (5, 3), (6, 2), (7, 3), (8, 2), (9, 3), (10, 2), (11, 3)]
length: 16 76
Estimated difference between T3^fnT3 - (T2^WT3 + h.c.) is: -1.6000361536526369e-06 2.5601156929955244e-12
total cost: -7.783690441634796
singles alt: [(4, 0), (5, 1), (6, 0), (7, 1), (8, 0), (9, 1), (10, 0), (11, 1), (4, 2), (5, 3), (6, 2), (7, 3), (8, 2), (9, 3), (10, 2), (11, 3)]
length: 16 76
Estimated difference between T3^fnT3 - (T2^WT3 + h.c.) is: -1.6000361533941588e-06 2.560115692168376e-12
total cost: -7.783690441634589
singles alt: [(4, 0), (5, 1), (6, 0), (7, 1), (8, 0), (9, 1), (10, 0), (11, 1), (4, 2), (5, 3), (6, 2), (7, 3), (8, 2), (9, 3), (10, 2), (11, 3)]
length: 16 76
Estimated difference between T3^fnT3 - (T2^WT3 + h.c.) is: -1.6000359722783329e-06 2.56011511258467e-12
total cost: -7.783690441715847
singles alt: [(4, 0), (5, 1), (6, 0), (7, 1), (8, 0), (9, 1), (10, 0), (11, 1), (4, 2), (5, 3), (6, 2), (7, 3), (8, 2), (9, 3), (10, 2), (11, 3)]
length: 16 76
Estimated difference between T3^fnT3 - (T2^WT3 + h.c.) is: -1.6000364650785735e-06 2.560116689581137e-12
total cost: -7.783690441715533
singles alt: [(4, 0), (5, 1), (6, 0), (7, 1), (8, 0), (9, 1), (10, 0), (11, 1), (4, 2), (5, 3), (6, 2), (7, 3), (8, 2), (9, 3), (10, 2), (11, 3)]
length: 16 76
Estimated difference between T3^fnT3 - (T2^WT3 + h.c.) is: -1.6000362188189926e-06 2.560115901532579e-12
total cost: -7.7836904417156845
singles alt: [(4, 0), (5, 1), (6, 0), (7, 1), (8, 0), (9, 1), (10, 0), (11, 1), (4, 2), (5, 3), (6, 2), (7, 3), (8, 2), (9, 3), (10, 2), (11, 3)]
length: 16 76
Estimated difference between T3^fnT3 - (T2^WT3 + h.c.) is: -1.6000362188195205e-06 2.5601159015342684e-12
total cost: -7.78369044171569
singles alt: [(4, 0), (5, 1), (6, 0), (7, 1), (8, 0), (9, 1), (10, 0), (11, 1), (4, 2), (5, 3), (6, 2), (7, 3), (8, 2), (9, 3), (10, 2), (11, 3)]
length: 16 76
Estimated difference between T3^fnT3 - (T2^WT3 + h.c.) is: -1.6000362188167458e-06 2.560115901525389e-12
total cost: -7.7836904417156925
singles alt: [(4, 0), (5, 1), (6, 0), (7, 1), (8, 0), (9, 1), (10, 0), (11, 1), (4, 2), (5, 3), (6, 2), (7, 3), (8, 2), (9, 3), (10, 2), (11, 3)]
length: 16 76
Estimated difference between T3^fnT3 - (T2^WT3 + h.c.) is: -1.6000362188157042e-06 2.560115901522056e-12
total cost: -7.783690441715692
singles alt: [(4, 0), (5, 1), (6, 0), (7, 1), (8, 0), (9, 1), (10, 0), (11, 1), (4, 2), (5, 3), (6, 2), (7, 3), (8, 2), (9, 3), (10, 2), (11, 3)]
length: 16 76
Estimated difference between T3^fnT3 - (T2^WT3 + h.c.) is: -1.6000362188178146e-06 2.5601159015288094e-12
total cost: -7.783690441762922
singles alt: [(4, 0), (5, 1), (6, 0), (7, 1), (8, 0), (9, 1), (10, 0), (11, 1), (4, 2), (5, 3), (6, 2), (7, 3), (8, 2), (9, 3), (10, 2), (11, 3)]
length: 16 76
Estimated difference between T3^fnT3 - (T2^WT3 + h.c.) is: -1.6000362188178146e-06 2.5601159015288094e-12
total cost: -7.783690441762839
singles alt: [(4, 0), (5, 1), (6, 0), (7, 1), (8, 0), (9, 1), (10, 0), (11, 1), (4, 2), (5, 3), (6, 2), (7, 3), (8, 2), (9, 3), (10, 2), (11, 3)]
length: 16 76
Estimated difference between T3^fnT3 - (T2^WT3 + h.c.) is: -1.6000362188178146e-06 2.5601159015288094e-12
total cost: -7.783690441715687
singles alt: [(4, 0), (5, 1), (6, 0), (7, 1), (8, 0), (9, 1), (10, 0), (11, 1), (4, 2), (5, 3), (6, 2), (7, 3), (8, 2), (9, 3), (10, 2), (11, 3)]
length: 16 76
Estimated difference between T3^fnT3 - (T2^WT3 + h.c.) is: -1.6000362188178146e-06 2.5601159015288094e-12
total cost: -7.783690441715689
singles alt: [(4, 0), (5, 1), (6, 0), (7, 1), (8, 0), (9, 1), (10, 0), (11, 1), (4, 2), (5, 3), (6, 2), (7, 3), (8, 2), (9, 3), (10, 2), (11, 3)]
length: 16 76
Estimated difference between T3^fnT3 - (T2^WT3 + h.c.) is: -1.6000362188178146e-06 2.5601159015288094e-12
total cost: -7.78369044171569
singles alt: [(4, 0), (5, 1), (6, 0), (7, 1), (8, 0), (9, 1), (10, 0), (11, 1), (4, 2), (5, 3), (6, 2), (7, 3), (8, 2), (9, 3), (10, 2), (11, 3)]
length: 16 76
Estimated difference between T3^fnT3 - (T2^WT3 + h.c.) is: -1.6000362188178146e-06 2.5601159015288094e-12
total cost: -7.783690441715689
singles alt: [(4, 0), (5, 1), (6, 0), (7, 1), (8, 0), (9, 1), (10, 0), (11, 1), (4, 2), (5, 3), (6, 2), (7, 3), (8, 2), (9, 3), (10, 2), (11, 3)]
length: 16 76
Estimated difference between T3^fnT3 - (T2^WT3 + h.c.) is: -1.6000362188178146e-06 2.5601159015288094e-12
total cost: -7.783690441731483
singles alt: [(4, 0), (5, 1), (6, 0), (7, 1), (8, 0), (9, 1), (10, 0), (11, 1), (4, 2), (5, 3), (6, 2), (7, 3), (8, 2), (9, 3), (10, 2), (11, 3)]
length: 16 76
Estimated difference between T3^fnT3 - (T2^WT3 + h.c.) is: -1.6000362188178146e-06 2.5601159015288094e-12
total cost: -7.783690441731426
singles alt: [(4, 0), (5, 1), (6, 0), (7, 1), (8, 0), (9, 1), (10, 0), (11, 1), (4, 2), (5, 3), (6, 2), (7, 3), (8, 2), (9, 3), (10, 2), (11, 3)]
length: 16 76
Estimated difference between T3^fnT3 - (T2^WT3 + h.c.) is: -1.6000362188178146e-06 2.5601159015288094e-12
total cost: -7.783690441843482
singles alt: [(4, 0), (5, 1), (6, 0), (7, 1), (8, 0), (9, 1), (10, 0), (11, 1), (4, 2), (5, 3), (6, 2), (7, 3), (8, 2), (9, 3), (10, 2), (11, 3)]
length: 16 76
Estimated difference between T3^fnT3 - (T2^WT3 + h.c.) is: -1.6000362188178146e-06 2.5601159015288094e-12
total cost: -7.7836904418433175
singles alt: [(4, 0), (5, 1), (6, 0), (7, 1), (8, 0), (9, 1), (10, 0), (11, 1), (4, 2), (5, 3), (6, 2), (7, 3), (8, 2), (9, 3), (10, 2), (11, 3)]
length: 16 76
Estimated difference between T3^fnT3 - (T2^WT3 + h.c.) is: -1.6000362188178146e-06 2.5601159015288094e-12
total cost: -7.783690441715687
singles alt: [(4, 0), (5, 1), (6, 0), (7, 1), (8, 0), (9, 1), (10, 0), (11, 1), (4, 2), (5, 3), (6, 2), (7, 3), (8, 2), (9, 3), (10, 2), (11, 3)]
length: 16 76
Estimated difference between T3^fnT3 - (T2^WT3 + h.c.) is: -1.6000362188178146e-06 2.5601159015288094e-12
total cost: -7.783690441715687
singles alt: [(4, 0), (5, 1), (6, 0), (7, 1), (8, 0), (9, 1), (10, 0), (11, 1), (4, 2), (5, 3), (6, 2), (7, 3), (8, 2), (9, 3), (10, 2), (11, 3)]
length: 16 76
Estimated difference between T3^fnT3 - (T2^WT3 + h.c.) is: -1.6000362188178146e-06 2.5601159015288094e-12
total cost: -7.783690441715688
singles alt: [(4, 0), (5, 1), (6, 0), (7, 1), (8, 0), (9, 1), (10, 0), (11, 1), (4, 2), (5, 3), (6, 2), (7, 3), (8, 2), (9, 3), (10, 2), (11, 3)]
length: 16 76
Estimated difference between T3^fnT3 - (T2^WT3 + h.c.) is: -1.6000362188178146e-06 2.5601159015288094e-12
total cost: -7.783690441715688
singles alt: [(4, 0), (5, 1), (6, 0), (7, 1), (8, 0), (9, 1), (10, 0), (11, 1), (4, 2), (5, 3), (6, 2), (7, 3), (8, 2), (9, 3), (10, 2), (11, 3)]
length: 16 76
Estimated difference between T3^fnT3 - (T2^WT3 + h.c.) is: -1.6000362188178146e-06 2.5601159015288094e-12
total cost: -7.783690441729638
singles alt: [(4, 0), (5, 1), (6, 0), (7, 1), (8, 0), (9, 1), (10, 0), (11, 1), (4, 2), (5, 3), (6, 2), (7, 3), (8, 2), (9, 3), (10, 2), (11, 3)]
length: 16 76
Estimated difference between T3^fnT3 - (T2^WT3 + h.c.) is: -1.6000362188178146e-06 2.5601159015288094e-12
total cost: -7.783690441729616
singles alt: [(4, 0), (5, 1), (6, 0), (7, 1), (8, 0), (9, 1), (10, 0), (11, 1), (4, 2), (5, 3), (6, 2), (7, 3), (8, 2), (9, 3), (10, 2), (11, 3)]
length: 16 76
Estimated difference between T3^fnT3 - (T2^WT3 + h.c.) is: -1.314687983197503e-06 1.7284044931639177e-12
total cost: -7.784149462713632
singles alt: [(4, 0), (5, 1), (6, 0), (7, 1), (8, 0), (9, 1), (10, 0), (11, 1), (4, 2), (5, 3), (6, 2), (7, 3), (8, 2), (9, 3), (10, 2), (11, 3)]
length: 16 76
Estimated difference between T3^fnT3 - (T2^WT3 + h.c.) is: -1.314688331962318e-06 1.728405410197862e-12
total cost: -7.784149462540595
singles alt: [(4, 0), (5, 1), (6, 0), (7, 1), (8, 0), (9, 1), (10, 0), (11, 1), (4, 2), (5, 3), (6, 2), (7, 3), (8, 2), (9, 3), (10, 2), (11, 3)]
length: 16 76
Estimated difference between T3^fnT3 - (T2^WT3 + h.c.) is: -1.3146879983070416e-06 1.7284045328925757e-12
total cost: -7.7841494627339545
singles alt: [(4, 0), (5, 1), (6, 0), (7, 1), (8, 0), (9, 1), (10, 0), (11, 1), (4, 2), (5, 3), (6, 2), (7, 3), (8, 2), (9, 3), (10, 2), (11, 3)]
length: 16 76
Estimated difference between T3^fnT3 - (T2^WT3 + h.c.) is: -1.3146879983522134e-06 1.7284045330113494e-12
total cost: -7.784149462733953
singles alt: [(4, 0), (5, 1), (6, 0), (7, 1), (8, 0), (9, 1), (10, 0), (11, 1), (4, 2), (5, 3), (6, 2), (7, 3), (8, 2), (9, 3), (10, 2), (11, 3)]
length: 16 76
Estimated difference between T3^fnT3 - (T2^WT3 + h.c.) is: -1.314688042958612e-06 1.7284046502983455e-12
total cost: -7.784149462785091
singles alt: [(4, 0), (5, 1), (6, 0), (7, 1), (8, 0), (9, 1), (10, 0), (11, 1), (4, 2), (5, 3), (6, 2), (7, 3), (8, 2), (9, 3), (10, 2), (11, 3)]
length: 16 76
Estimated difference between T3^fnT3 - (T2^WT3 + h.c.) is: -1.314687983197388e-06 1.7284044931636153e-12
total cost: -7.784149462713631
singles alt: [(4, 0), (5, 1), (6, 0), (7, 1), (8, 0), (9, 1), (10, 0), (11, 1), (4, 2), (5, 3), (6, 2), (7, 3), (8, 2), (9, 3), (10, 2), (11, 3)]
length: 16 76
Estimated difference between T3^fnT3 - (T2^WT3 + h.c.) is: -1.31468798319483e-06 1.7284044931568898e-12
total cost: -7.784149462713635
singles alt: [(4, 0), (5, 1), (6, 0), (7, 1), (8, 0), (9, 1), (10, 0), (11, 1), (4, 2), (5, 3), (6, 2), (7, 3), (8, 2), (9, 3), (10, 2), (11, 3)]
length: 16 76
Estimated difference between T3^fnT3 - (T2^WT3 + h.c.) is: -1.314687983196856e-06 1.7284044931622166e-12
total cost: -7.784149462713632
singles alt: [(4, 0), (5, 1), (6, 0), (7, 1), (8, 0), (9, 1), (10, 0), (11, 1), (4, 2), (5, 3), (6, 2), (7, 3), (8, 2), (9, 3), (10, 2), (11, 3)]
length: 16 76
Estimated difference between T3^fnT3 - (T2^WT3 + h.c.) is: -1.3146879831973392e-06 1.7284044931634873e-12
total cost: -7.784149462713632
singles alt: [(4, 0), (5, 1), (6, 0), (7, 1), (8, 0), (9, 1), (10, 0), (11, 1), (4, 2), (5, 3), (6, 2), (7, 3), (8, 2), (9, 3), (10, 2), (11, 3)]
length: 16 76
Estimated difference between T3^fnT3 - (T2^WT3 + h.c.) is: -1.3146879831981308e-06 1.7284044931655686e-12
total cost: -7.7841494627136285
singles alt: [(4, 0), (5, 1), (6, 0), (7, 1), (8, 0), (9, 1), (10, 0), (11, 1), (4, 2), (5, 3), (6, 2), (7, 3), (8, 2), (9, 3), (10, 2), (11, 3)]
length: 16 76
Estimated difference between T3^fnT3 - (T2^WT3 + h.c.) is: -1.314687983197997e-06 1.7284044931652166e-12
total cost: -7.78414946271363
singles alt: [(4, 0), (5, 1), (6, 0), (7, 1), (8, 0), (9, 1), (10, 0), (11, 1), (4, 2), (5, 3), (6, 2), (7, 3), (8, 2), (9, 3), (10, 2), (11, 3)]
length: 16 76
Estimated difference between T3^fnT3 - (T2^WT3 + h.c.) is: -1.3146879831965926e-06 1.728404493161524e-12
total cost: -7.784149462713632
singles alt: [(4, 0), (5, 1), (6, 0), (7, 1), (8, 0), (9, 1), (10, 0), (11, 1), (4, 2), (5, 3), (6, 2), (7, 3), (8, 2), (9, 3), (10, 2), (11, 3)]
length: 16 76
Estimated difference between T3^fnT3 - (T2^WT3 + h.c.) is: -1.3146879831975167e-06 1.7284044931639538e-12
total cost: -7.784149462713631
singles alt: [(4, 0), (5, 1), (6, 0), (7, 1), (8, 0), (9, 1), (10, 0), (11, 1), (4, 2), (5, 3), (6, 2), (7, 3), (8, 2), (9, 3), (10, 2), (11, 3)]
length: 16 76
Estimated difference between T3^fnT3 - (T2^WT3 + h.c.) is: -1.314688049655867e-06 1.7284046679079474e-12
total cost: -7.784149462698626
singles alt: [(4, 0), (5, 1), (6, 0), (7, 1), (8, 0), (9, 1), (10, 0), (11, 1), (4, 2), (5, 3), (6, 2), (7, 3), (8, 2), (9, 3), (10, 2), (11, 3)]
length: 16 76
Estimated difference between T3^fnT3 - (T2^WT3 + h.c.) is: -1.3146878526892704e-06 1.7284041500087247e-12
total cost: -7.7841494626166154
singles alt: [(4, 0), (5, 1), (6, 0), (7, 1), (8, 0), (9, 1), (10, 0), (11, 1), (4, 2), (5, 3), (6, 2), (7, 3), (8, 2), (9, 3), (10, 2), (11, 3)]
length: 16 76
Estimated difference between T3^fnT3 - (T2^WT3 + h.c.) is: -1.3146879446909826e-06 1.7284043919158e-12
total cost: -7.784149462691651
singles alt: [(4, 0), (5, 1), (6, 0), (7, 1), (8, 0), (9, 1), (10, 0), (11, 1), (4, 2), (5, 3), (6, 2), (7, 3), (8, 2), (9, 3), (10, 2), (11, 3)]
length: 16 76
Estimated difference between T3^fnT3 - (T2^WT3 + h.c.) is: -1.3146878601300688e-06 1.7284041695733793e-12
total cost: -7.7841494626605705
singles alt: [(4, 0), (5, 1), (6, 0), (7, 1), (8, 0), (9, 1), (10, 0), (11, 1), (4, 2), (5, 3), (6, 2), (7, 3), (8, 2), (9, 3), (10, 2), (11, 3)]
length: 16 76
Estimated difference between T3^fnT3 - (T2^WT3 + h.c.) is: -1.3146879831974313e-06 1.7284044931637294e-12
total cost: -7.784149462713632
singles alt: [(4, 0), (5, 1), (6, 0), (7, 1), (8, 0), (9, 1), (10, 0), (11, 1), (4, 2), (5, 3), (6, 2), (7, 3), (8, 2), (9, 3), (10, 2), (11, 3)]
length: 16 76
Estimated difference between T3^fnT3 - (T2^WT3 + h.c.) is: -1.3146879831977437e-06 1.7284044931645508e-12
total cost: -7.78414946271363
singles alt: [(4, 0), (5, 1), (6, 0), (7, 1), (8, 0), (9, 1), (10, 0), (11, 1), (4, 2), (5, 3), (6, 2), (7, 3), (8, 2), (9, 3), (10, 2), (11, 3)]
length: 16 76
Estimated difference between T3^fnT3 - (T2^WT3 + h.c.) is: -1.3146879831976124e-06 1.7284044931642056e-12
total cost: -7.78414946271363
singles alt: [(4, 0), (5, 1), (6, 0), (7, 1), (8, 0), (9, 1), (10, 0), (11, 1), (4, 2), (5, 3), (6, 2), (7, 3), (8, 2), (9, 3), (10, 2), (11, 3)]
length: 16 76
Estimated difference between T3^fnT3 - (T2^WT3 + h.c.) is: -1.3146879831974972e-06 1.7284044931639027e-12
total cost: -7.784149462713631
singles alt: [(4, 0), (5, 1), (6, 0), (7, 1), (8, 0), (9, 1), (10, 0), (11, 1), (4, 2), (5, 3), (6, 2), (7, 3), (8, 2), (9, 3), (10, 2), (11, 3)]
length: 16 76
Estimated difference between T3^fnT3 - (T2^WT3 + h.c.) is: -1.3146881772863474e-06 1.7284050034964984e-12
total cost: -7.784149462655745
singles alt: [(4, 0), (5, 1), (6, 0), (7, 1), (8, 0), (9, 1), (10, 0), (11, 1), (4, 2), (5, 3), (6, 2), (7, 3), (8, 2), (9, 3), (10, 2), (11, 3)]
length: 16 76
Estimated difference between T3^fnT3 - (T2^WT3 + h.c.) is: -1.314688220789684e-06 1.7284051178831451e-12
total cost: -7.784149462781208
singles alt: [(4, 0), (5, 1), (6, 0), (7, 1), (8, 0), (9, 1), (10, 0), (11, 1), (4, 2), (5, 3), (6, 2), (7, 3), (8, 2), (9, 3), (10, 2), (11, 3)]
length: 16 76
Estimated difference between T3^fnT3 - (T2^WT3 + h.c.) is: -1.3146881482037685e-06 1.7284049270274538e-12
total cost: -7.784149462781299
singles alt: [(4, 0), (5, 1), (6, 0), (7, 1), (8, 0), (9, 1), (10, 0), (11, 1), (4, 2), (5, 3), (6, 2), (7, 3), (8, 2), (9, 3), (10, 2), (11, 3)]
length: 16 76
Estimated difference between T3^fnT3 - (T2^WT3 + h.c.) is: -1.3146881467474086e-06 1.7284049231981359e-12
total cost: -7.784149462775223
singles alt: [(4, 0), (5, 1), (6, 0), (7, 1), (8, 0), (9, 1), (10, 0), (11, 1), (4, 2), (5, 3), (6, 2), (7, 3), (8, 2), (9, 3), (10, 2), (11, 3)]
length: 16 76
Estimated difference between T3^fnT3 - (T2^WT3 + h.c.) is: -1.3146879983303091e-06 1.728404532953755e-12
total cost: -7.784149462713654
singles alt: [(4, 0), (5, 1), (6, 0), (7, 1), (8, 0), (9, 1), (10, 0), (11, 1), (4, 2), (5, 3), (6, 2), (7, 3), (8, 2), (9, 3), (10, 2), (11, 3)]
length: 16 76
Estimated difference between T3^fnT3 - (T2^WT3 + h.c.) is: -1.3146880973628475e-06 1.728404793347544e-12
total cost: -7.784149462713629
singles alt: [(4, 0), (5, 1), (6, 0), (7, 1), (8, 0), (9, 1), (10, 0), (11, 1), (4, 2), (5, 3), (6, 2), (7, 3), (8, 2), (9, 3), (10, 2), (11, 3)]
length: 16 76
Estimated difference between T3^fnT3 - (T2^WT3 + h.c.) is: -1.314688097341753e-06 1.7284047932920787e-12
total cost: -7.78414946271363
singles alt: [(4, 0), (5, 1), (6, 0), (7, 1), (8, 0), (9, 1), (10, 0), (11, 1), (4, 2), (5, 3), (6, 2), (7, 3), (8, 2), (9, 3), (10, 2), (11, 3)]
length: 16 76
Estimated difference between T3^fnT3 - (T2^WT3 + h.c.) is: -1.3146879965747288e-06 1.728404528337674e-12
total cost: -7.784149462713622
singles alt: [(4, 0), (5, 1), (6, 0), (7, 1), (8, 0), (9, 1), (10, 0), (11, 1), (4, 2), (5, 3), (6, 2), (7, 3), (8, 2), (9, 3), (10, 2), (11, 3)]
length: 16 76
Estimated difference between T3^fnT3 - (T2^WT3 + h.c.) is: -1.3146879831974434e-06 1.7284044931637611e-12
total cost: -7.7841494627136285
singles alt: [(4, 0), (5, 1), (6, 0), (7, 1), (8, 0), (9, 1), (10, 0), (11, 1), (4, 2), (5, 3), (6, 2), (7, 3), (8, 2), (9, 3), (10, 2), (11, 3)]
length: 16 76
Estimated difference between T3^fnT3 - (T2^WT3 + h.c.) is: -1.3146879831971296e-06 1.728404493162936e-12
total cost: -7.784149462713635
singles alt: [(4, 0), (5, 1), (6, 0), (7, 1), (8, 0), (9, 1), (10, 0), (11, 1), (4, 2), (5, 3), (6, 2), (7, 3), (8, 2), (9, 3), (10, 2), (11, 3)]
length: 16 76
Estimated difference between T3^fnT3 - (T2^WT3 + h.c.) is: -1.3146879831970148e-06 1.7284044931626343e-12
total cost: -7.784149462713634
singles alt: [(4, 0), (5, 1), (6, 0), (7, 1), (8, 0), (9, 1), (10, 0), (11, 1), (4, 2), (5, 3), (6, 2), (7, 3), (8, 2), (9, 3), (10, 2), (11, 3)]
length: 16 76
Estimated difference between T3^fnT3 - (T2^WT3 + h.c.) is: -1.3146879831974582e-06 1.7284044931638001e-12
total cost: -7.784149462713633
singles alt: [(4, 0), (5, 1), (6, 0), (7, 1), (8, 0), (9, 1), (10, 0), (11, 1), (4, 2), (5, 3), (6, 2), (7, 3), (8, 2), (9, 3), (10, 2), (11, 3)]
length: 16 76
Estimated difference between T3^fnT3 - (T2^WT3 + h.c.) is: -1.3146879831983404e-06 1.7284044931661197e-12
total cost: -7.7841494627136285
singles alt: [(4, 0), (5, 1), (6, 0), (7, 1), (8, 0), (9, 1), (10, 0), (11, 1), (4, 2), (5, 3), (6, 2), (7, 3), (8, 2), (9, 3), (10, 2), (11, 3)]
length: 16 76
Estimated difference between T3^fnT3 - (T2^WT3 + h.c.) is: -1.314687983196936e-06 1.728404493162427e-12
total cost: -7.784149462713632
singles alt: [(4, 0), (5, 1), (6, 0), (7, 1), (8, 0), (9, 1), (10, 0), (11, 1), (4, 2), (5, 3), (6, 2), (7, 3), (8, 2), (9, 3), (10, 2), (11, 3)]
length: 16 76
Estimated difference between T3^fnT3 - (T2^WT3 + h.c.) is: -1.3146879831976209e-06 1.7284044931642278e-12
total cost: -7.78414946271363
singles alt: [(4, 0), (5, 1), (6, 0), (7, 1), (8, 0), (9, 1), (10, 0), (11, 1), (4, 2), (5, 3), (6, 2), (7, 3), (8, 2), (9, 3), (10, 2), (11, 3)]
length: 16 76
Estimated difference between T3^fnT3 - (T2^WT3 + h.c.) is: -1.3146879831975639e-06 1.728404493164078e-12
total cost: -7.784149462713631
singles alt: [(4, 0), (5, 1), (6, 0), (7, 1), (8, 0), (9, 1), (10, 0), (11, 1), (4, 2), (5, 3), (6, 2), (7, 3), (8, 2), (9, 3), (10, 2), (11, 3)]
length: 16 76
Estimated difference between T3^fnT3 - (T2^WT3 + h.c.) is: -1.3146879983304654e-06 1.728404532954166e-12
total cost: -7.784149462713651
singles alt: [(4, 0), (5, 1), (6, 0), (7, 1), (8, 0), (9, 1), (10, 0), (11, 1), (4, 2), (5, 3), (6, 2), (7, 3), (8, 2), (9, 3), (10, 2), (11, 3)]
length: 16 76
Estimated difference between T3^fnT3 - (T2^WT3 + h.c.) is: -1.3146880973588923e-06 1.7284047933371443e-12
total cost: -7.784149462713627
singles alt: [(4, 0), (5, 1), (6, 0), (7, 1), (8, 0), (9, 1), (10, 0), (11, 1), (4, 2), (5, 3), (6, 2), (7, 3), (8, 2), (9, 3), (10, 2), (11, 3)]
length: 16 76
Estimated difference between T3^fnT3 - (T2^WT3 + h.c.) is: -1.314688097338294e-06 1.7284047932829836e-12
total cost: -7.784149462713628
singles alt: [(4, 0), (5, 1), (6, 0), (7, 1), (8, 0), (9, 1), (10, 0), (11, 1), (4, 2), (5, 3), (6, 2), (7, 3), (8, 2), (9, 3), (10, 2), (11, 3)]
length: 16 76
Estimated difference between T3^fnT3 - (T2^WT3 + h.c.) is: -1.3146879965749706e-06 1.7284045283383099e-12
total cost: -7.784149462713628
singles alt: [(4, 0), (5, 1), (6, 0), (7, 1), (8, 0), (9, 1), (10, 0), (11, 1), (4, 2), (5, 3), (6, 2), (7, 3), (8, 2), (9, 3), (10, 2), (11, 3)]
length: 16 76
Estimated difference between T3^fnT3 - (T2^WT3 + h.c.) is: -1.3146881772766258e-06 1.7284050034709367e-12
total cost: -7.784149462655724
singles alt: [(4, 0), (5, 1), (6, 0), (7, 1), (8, 0), (9, 1), (10, 0), (11, 1), (4, 2), (5, 3), (6, 2), (7, 3), (8, 2), (9, 3), (10, 2), (11, 3)]
length: 16 76
Estimated difference between T3^fnT3 - (T2^WT3 + h.c.) is: -1.3146881484025351e-06 1.7284049275500862e-12
total cost: -7.78414946278119
singles alt: [(4, 0), (5, 1), (6, 0), (7, 1), (8, 0), (9, 1), (10, 0), (11, 1), (4, 2), (5, 3), (6, 2), (7, 3), (8, 2), (9, 3), (10, 2), (11, 3)]
length: 16 76
Estimated difference between T3^fnT3 - (T2^WT3 + h.c.) is: -1.3146882209487677e-06 1.7284051183014358e-12
total cost: -7.784149462781184
singles alt: [(4, 0), (5, 1), (6, 0), (7, 1), (8, 0), (9, 1), (10, 0), (11, 1), (4, 2), (5, 3), (6, 2), (7, 3), (8, 2), (9, 3), (10, 2), (11, 3)]
length: 16 76
Estimated difference between T3^fnT3 - (T2^WT3 + h.c.) is: -1.3146881467782343e-06 1.728404923279188e-12
total cost: -7.784149462775449
singles alt: [(4, 0), (5, 1), (6, 0), (7, 1), (8, 0), (9, 1), (10, 0), (11, 1), (4, 2), (5, 3), (6, 2), (7, 3), (8, 2), (9, 3), (10, 2), (11, 3)]
length: 16 76
Estimated difference between T3^fnT3 - (T2^WT3 + h.c.) is: -1.3146879831974917e-06 1.7284044931638882e-12
total cost: -7.7841494627136285
singles alt: [(4, 0), (5, 1), (6, 0), (7, 1), (8, 0), (9, 1), (10, 0), (11, 1), (4, 2), (5, 3), (6, 2), (7, 3), (8, 2), (9, 3), (10, 2), (11, 3)]
length: 16 76
Estimated difference between T3^fnT3 - (T2^WT3 + h.c.) is: -1.3146879831972702e-06 1.7284044931633057e-12
total cost: -7.784149462713633
singles alt: [(4, 0), (5, 1), (6, 0), (7, 1), (8, 0), (9, 1), (10, 0), (11, 1), (4, 2), (5, 3), (6, 2), (7, 3), (8, 2), (9, 3), (10, 2), (11, 3)]
length: 16 76
Estimated difference between T3^fnT3 - (T2^WT3 + h.c.) is: -1.314687983196942e-06 1.7284044931624428e-12
total cost: -7.784149462713634
singles alt: [(4, 0), (5, 1), (6, 0), (7, 1), (8, 0), (9, 1), (10, 0), (11, 1), (4, 2), (5, 3), (6, 2), (7, 3), (8, 2), (9, 3), (10, 2), (11, 3)]
length: 16 76
Estimated difference between T3^fnT3 - (T2^WT3 + h.c.) is: -1.3146879831974146e-06 1.7284044931636854e-12
total cost: -7.784149462713633
singles alt: [(4, 0), (5, 1), (6, 0), (7, 1), (8, 0), (9, 1), (10, 0), (11, 1), (4, 2), (5, 3), (6, 2), (7, 3), (8, 2), (9, 3), (10, 2), (11, 3)]
length: 16 76
Estimated difference between T3^fnT3 - (T2^WT3 + h.c.) is: -1.314688049647579e-06 1.7284046678861551e-12
total cost: -7.784149462698197
singles alt: [(4, 0), (5, 1), (6, 0), (7, 1), (8, 0), (9, 1), (10, 0), (11, 1), (4, 2), (5, 3), (6, 2), (7, 3), (8, 2), (9, 3), (10, 2), (11, 3)]
length: 16 76
Estimated difference between T3^fnT3 - (T2^WT3 + h.c.) is: -1.314687944625942e-06 1.7284043917447842e-12
total cost: -7.784149462691789
singles alt: [(4, 0), (5, 1), (6, 0), (7, 1), (8, 0), (9, 1), (10, 0), (11, 1), (4, 2), (5, 3), (6, 2), (7, 3), (8, 2), (9, 3), (10, 2), (11, 3)]
length: 16 76
Estimated difference between T3^fnT3 - (T2^WT3 + h.c.) is: -1.3146878525448244e-06 1.7284041496289218e-12
total cost: -7.784149462616737
singles alt: [(4, 0), (5, 1), (6, 0), (7, 1), (8, 0), (9, 1), (10, 0), (11, 1), (4, 2), (5, 3), (6, 2), (7, 3), (8, 2), (9, 3), (10, 2), (11, 3)]
length: 16 76
Estimated difference between T3^fnT3 - (T2^WT3 + h.c.) is: -1.3146878600373782e-06 1.728404169329661e-12
total cost: -7.784149462659684
singles alt: [(4, 0), (5, 1), (6, 0), (7, 1), (8, 0), (9, 1), (10, 0), (11, 1), (4, 2), (5, 3), (6, 2), (7, 3), (8, 2), (9, 3), (10, 2), (11, 3)]
length: 16 76
Estimated difference between T3^fnT3 - (T2^WT3 + h.c.) is: -1.3146879831975467e-06 1.728404493164033e-12
total cost: -7.7841494627136285
singles alt: [(4, 0), (5, 1), (6, 0), (7, 1), (8, 0), (9, 1), (10, 0), (11, 1), (4, 2), (5, 3), (6, 2), (7, 3), (8, 2), (9, 3), (10, 2), (11, 3)]
length: 16 76
Estimated difference between T3^fnT3 - (T2^WT3 + h.c.) is: -1.3146879831961311e-06 1.7284044931603109e-12
total cost: -7.784149462713634
singles alt: [(4, 0), (5, 1), (6, 0), (7, 1), (8, 0), (9, 1), (10, 0), (11, 1), (4, 2), (5, 3), (6, 2), (7, 3), (8, 2), (9, 3), (10, 2), (11, 3)]
length: 16 76
Estimated difference between T3^fnT3 - (T2^WT3 + h.c.) is: -1.3146879831975895e-06 1.7284044931641454e-12
total cost: -7.784149462713632
singles alt: [(4, 0), (5, 1), (6, 0), (7, 1), (8, 0), (9, 1), (10, 0), (11, 1), (4, 2), (5, 3), (6, 2), (7, 3), (8, 2), (9, 3), (10, 2), (11, 3)]
length: 16 76
Estimated difference between T3^fnT3 - (T2^WT3 + h.c.) is: -1.3146879831974413e-06 1.7284044931637557e-12
total cost: -7.784149462713631
singles alt: [(4, 0), (5, 1), (6, 0), (7, 1), (8, 0), (9, 1), (10, 0), (11, 1), (4, 2), (5, 3), (6, 2), (7, 3), (8, 2), (9, 3), (10, 2), (11, 3)]
length: 16 76
Estimated difference between T3^fnT3 - (T2^WT3 + h.c.) is: -1.3146879831974061e-06 1.7284044931636632e-12
total cost: -7.784149462713631
singles alt: [(4, 0), (5, 1), (6, 0), (7, 1), (8, 0), (9, 1), (10, 0), (11, 1), (4, 2), (5, 3), (6, 2), (7, 3), (8, 2), (9, 3), (10, 2), (11, 3)]
length: 16 76
Estimated difference between T3^fnT3 - (T2^WT3 + h.c.) is: -1.314687983197661e-06 1.7284044931643337e-12
total cost: -7.78414946271363
singles alt: [(4, 0), (5, 1), (6, 0), (7, 1), (8, 0), (9, 1), (10, 0), (11, 1), (4, 2), (5, 3), (6, 2), (7, 3), (8, 2), (9, 3), (10, 2), (11, 3)]
length: 16 76
Estimated difference between T3^fnT3 - (T2^WT3 + h.c.) is: -1.3146879831975544e-06 1.728404493164053e-12
total cost: -7.78414946271363
singles alt: [(4, 0), (5, 1), (6, 0), (7, 1), (8, 0), (9, 1), (10, 0), (11, 1), (4, 2), (5, 3), (6, 2), (7, 3), (8, 2), (9, 3), (10, 2), (11, 3)]
length: 16 76
Estimated difference between T3^fnT3 - (T2^WT3 + h.c.) is: -1.3146879831974421e-06 1.728404493163758e-12
total cost: -7.784149462713631
singles alt: [(4, 0), (5, 1), (6, 0), (7, 1), (8, 0), (9, 1), (10, 0), (11, 1), (4, 2), (5, 3), (6, 2), (7, 3), (8, 2), (9, 3), (10, 2), (11, 3)]
length: 16 76
Estimated difference between T3^fnT3 - (T2^WT3 + h.c.) is: -1.3146881550874892e-06 1.728404945127346e-12
total cost: -7.784149463054964
singles alt: [(4, 0), (5, 1), (6, 0), (7, 1), (8, 0), (9, 1), (10, 0), (11, 1), (4, 2), (5, 3), (6, 2), (7, 3), (8, 2), (9, 3), (10, 2), (11, 3)]
length: 16 76
Estimated difference between T3^fnT3 - (T2^WT3 + h.c.) is: -1.314688015507851e-06 1.7284045781199716e-12
total cost: -7.784149462746708
singles alt: [(4, 0), (5, 1), (6, 0), (7, 1), (8, 0), (9, 1), (10, 0), (11, 1), (4, 2), (5, 3), (6, 2), (7, 3), (8, 2), (9, 3), (10, 2), (11, 3)]
length: 16 76
Estimated difference between T3^fnT3 - (T2^WT3 + h.c.) is: -1.3146880154624733e-06 1.7284045780006566e-12
total cost: -7.784149462746698
singles alt: [(4, 0), (5, 1), (6, 0), (7, 1), (8, 0), (9, 1), (10, 0), (11, 1), (4, 2), (5, 3), (6, 2), (7, 3), (8, 2), (9, 3), (10, 2), (11, 3)]
length: 16 76
Estimated difference between T3^fnT3 - (T2^WT3 + h.c.) is: -1.3146881158429838e-06 1.7284048419387747e-12
total cost: -7.784149462624851
singles alt: [(4, 0), (5, 1), (6, 0), (7, 1), (8, 0), (9, 1), (10, 0), (11, 1), (4, 2), (5, 3), (6, 2), (7, 3), (8, 2), (9, 3), (10, 2), (11, 3)]
length: 16 76
Estimated difference between T3^fnT3 - (T2^WT3 + h.c.) is: -1.314687983197645e-06 1.7284044931642913e-12
total cost: -7.78414946271363
singles alt: [(4, 0), (5, 1), (6, 0), (7, 1), (8, 0), (9, 1), (10, 0), (11, 1), (4, 2), (5, 3), (6, 2), (7, 3), (8, 2), (9, 3), (10, 2), (11, 3)]
length: 16 76
Estimated difference between T3^fnT3 - (T2^WT3 + h.c.) is: -1.314687983196296e-06 1.7284044931607444e-12
total cost: -7.784149462713633
singles alt: [(4, 0), (5, 1), (6, 0), (7, 1), (8, 0), (9, 1), (10, 0), (11, 1), (4, 2), (5, 3), (6, 2), (7, 3), (8, 2), (9, 3), (10, 2), (11, 3)]
length: 16 76
Estimated difference between T3^fnT3 - (T2^WT3 + h.c.) is: -1.3146879831966353e-06 1.7284044931616364e-12
total cost: -7.784149462713632
singles alt: [(4, 0), (5, 1), (6, 0), (7, 1), (8, 0), (9, 1), (10, 0), (11, 1), (4, 2), (5, 3), (6, 2), (7, 3), (8, 2), (9, 3), (10, 2), (11, 3)]
length: 16 76
Estimated difference between T3^fnT3 - (T2^WT3 + h.c.) is: -1.314687983197147e-06 1.7284044931629816e-12
total cost: -7.784149462713633
singles alt: [(4, 0), (5, 1), (6, 0), (7, 1), (8, 0), (9, 1), (10, 0), (11, 1), (4, 2), (5, 3), (6, 2), (7, 3), (8, 2), (9, 3), (10, 2), (11, 3)]
length: 16 76
Estimated difference between T3^fnT3 - (T2^WT3 + h.c.) is: -1.3146878950677693e-06 1.728404261437722e-12
total cost: -7.784149462638967
singles alt: [(4, 0), (5, 1), (6, 0), (7, 1), (8, 0), (9, 1), (10, 0), (11, 1), (4, 2), (5, 3), (6, 2), (7, 3), (8, 2), (9, 3), (10, 2), (11, 3)]
length: 16 76
Estimated difference between T3^fnT3 - (T2^WT3 + h.c.) is: -1.3146878952307014e-06 1.7284042618661317e-12
total cost: -7.784149462638916
singles alt: [(4, 0), (5, 1), (6, 0), (7, 1), (8, 0), (9, 1), (10, 0), (11, 1), (4, 2), (5, 3), (6, 2), (7, 3), (8, 2), (9, 3), (10, 2), (11, 3)]
length: 16 76
Estimated difference between T3^fnT3 - (T2^WT3 + h.c.) is: -1.3146877416895498e-06 1.7284038581487684e-12
total cost: -7.784149462713686
singles alt: [(4, 0), (5, 1), (6, 0), (7, 1), (8, 0), (9, 1), (10, 0), (11, 1), (4, 2), (5, 3), (6, 2), (7, 3), (8, 2), (9, 3), (10, 2), (11, 3)]
length: 16 76
Estimated difference between T3^fnT3 - (T2^WT3 + h.c.) is: -1.3146882245811819e-06 1.72840512785242e-12
total cost: -7.784149462713581
singles alt: [(4, 0), (5, 1), (6, 0), (7, 1), (8, 0), (9, 1), (10, 0), (11, 1), (4, 2), (5, 3), (6, 2), (7, 3), (8, 2), (9, 3), (10, 2), (11, 3)]
length: 16 76
Estimated difference between T3^fnT3 - (T2^WT3 + h.c.) is: -1.3146879831979935e-06 1.7284044931652077e-12
total cost: -7.784149462713631
singles alt: [(4, 0), (5, 1), (6, 0), (7, 1), (8, 0), (9, 1), (10, 0), (11, 1), (4, 2), (5, 3), (6, 2), (7, 3), (8, 2), (9, 3), (10, 2), (11, 3)]
length: 16 76
Estimated difference between T3^fnT3 - (T2^WT3 + h.c.) is: -1.3146879831982417e-06 1.7284044931658604e-12
total cost: -7.784149462713633
singles alt: [(4, 0), (5, 1), (6, 0), (7, 1), (8, 0), (9, 1), (10, 0), (11, 1), (4, 2), (5, 3), (6, 2), (7, 3), (8, 2), (9, 3), (10, 2), (11, 3)]
length: 16 76
Estimated difference between T3^fnT3 - (T2^WT3 + h.c.) is: -1.3146879831975397e-06 1.7284044931640146e-12
total cost: -7.784149462713633
singles alt: [(4, 0), (5, 1), (6, 0), (7, 1), (8, 0), (9, 1), (10, 0), (11, 1), (4, 2), (5, 3), (6, 2), (7, 3), (8, 2), (9, 3), (10, 2), (11, 3)]
length: 16 76
Estimated difference between T3^fnT3 - (T2^WT3 + h.c.) is: -1.3146879831972278e-06 1.7284044931631945e-12
total cost: -7.784149462713633
singles alt: [(4, 0), (5, 1), (6, 0), (7, 1), (8, 0), (9, 1), (10, 0), (11, 1), (4, 2), (5, 3), (6, 2), (7, 3), (8, 2), (9, 3), (10, 2), (11, 3)]
length: 16 76
Estimated difference between T3^fnT3 - (T2^WT3 + h.c.) is: -1.314687983197503e-06 1.7284044931639177e-12
total cost: -7.784149462718543
singles alt: [(4, 0), (5, 1), (6, 0), (7, 1), (8, 0), (9, 1), (10, 0), (11, 1), (4, 2), (5, 3), (6, 2), (7, 3), (8, 2), (9, 3), (10, 2), (11, 3)]
length: 16 76
Estimated difference between T3^fnT3 - (T2^WT3 + h.c.) is: -1.314687983197503e-06 1.7284044931639177e-12
total cost: -7.784149462718532
singles alt: [(4, 0), (5, 1), (6, 0), (7, 1), (8, 0), (9, 1), (10, 0), (11, 1), (4, 2), (5, 3), (6, 2), (7, 3), (8, 2), (9, 3), (10, 2), (11, 3)]
length: 16 76
Estimated difference between T3^fnT3 - (T2^WT3 + h.c.) is: -1.314687983197503e-06 1.7284044931639177e-12
total cost: -7.784149462713633
singles alt: [(4, 0), (5, 1), (6, 0), (7, 1), (8, 0), (9, 1), (10, 0), (11, 1), (4, 2), (5, 3), (6, 2), (7, 3), (8, 2), (9, 3), (10, 2), (11, 3)]
length: 16 76
Estimated difference between T3^fnT3 - (T2^WT3 + h.c.) is: -1.314687983197503e-06 1.7284044931639177e-12
total cost: -7.784149462713632
singles alt: [(4, 0), (5, 1), (6, 0), (7, 1), (8, 0), (9, 1), (10, 0), (11, 1), (4, 2), (5, 3), (6, 2), (7, 3), (8, 2), (9, 3), (10, 2), (11, 3)]
length: 16 76
Estimated difference between T3^fnT3 - (T2^WT3 + h.c.) is: -1.314687983197503e-06 1.7284044931639177e-12
total cost: -7.784149462713632
singles alt: [(4, 0), (5, 1), (6, 0), (7, 1), (8, 0), (9, 1), (10, 0), (11, 1), (4, 2), (5, 3), (6, 2), (7, 3), (8, 2), (9, 3), (10, 2), (11, 3)]
length: 16 76
Estimated difference between T3^fnT3 - (T2^WT3 + h.c.) is: -1.314687983197503e-06 1.7284044931639177e-12
total cost: -7.784149462713632
singles alt: [(4, 0), (5, 1), (6, 0), (7, 1), (8, 0), (9, 1), (10, 0), (11, 1), (4, 2), (5, 3), (6, 2), (7, 3), (8, 2), (9, 3), (10, 2), (11, 3)]
length: 16 76
Estimated difference between T3^fnT3 - (T2^WT3 + h.c.) is: -1.314687983197503e-06 1.7284044931639177e-12
total cost: -7.7841494627231
singles alt: [(4, 0), (5, 1), (6, 0), (7, 1), (8, 0), (9, 1), (10, 0), (11, 1), (4, 2), (5, 3), (6, 2), (7, 3), (8, 2), (9, 3), (10, 2), (11, 3)]
length: 16 76
Estimated difference between T3^fnT3 - (T2^WT3 + h.c.) is: -1.314687983197503e-06 1.7284044931639177e-12
total cost: -7.7841494627230885
singles alt: [(4, 0), (5, 1), (6, 0), (7, 1), (8, 0), (9, 1), (10, 0), (11, 1), (4, 2), (5, 3), (6, 2), (7, 3), (8, 2), (9, 3), (10, 2), (11, 3)]
length: 16 76
Estimated difference between T3^fnT3 - (T2^WT3 + h.c.) is: -1.314687983197503e-06 1.7284044931639177e-12
total cost: -7.784149462813262
singles alt: [(4, 0), (5, 1), (6, 0), (7, 1), (8, 0), (9, 1), (10, 0), (11, 1), (4, 2), (5, 3), (6, 2), (7, 3), (8, 2), (9, 3), (10, 2), (11, 3)]
length: 16 76
Estimated difference between T3^fnT3 - (T2^WT3 + h.c.) is: -1.314687983197503e-06 1.7284044931639177e-12
total cost: -7.784149462813149
singles alt: [(4, 0), (5, 1), (6, 0), (7, 1), (8, 0), (9, 1), (10, 0), (11, 1), (4, 2), (5, 3), (6, 2), (7, 3), (8, 2), (9, 3), (10, 2), (11, 3)]
length: 16 76
Estimated difference between T3^fnT3 - (T2^WT3 + h.c.) is: -1.314687983197503e-06 1.7284044931639177e-12
total cost: -7.784149462713632
singles alt: [(4, 0), (5, 1), (6, 0), (7, 1), (8, 0), (9, 1), (10, 0), (11, 1), (4, 2), (5, 3), (6, 2), (7, 3), (8, 2), (9, 3), (10, 2), (11, 3)]
length: 16 76
Estimated difference between T3^fnT3 - (T2^WT3 + h.c.) is: -1.314687983197503e-06 1.7284044931639177e-12
total cost: -7.784149462713632
singles alt: [(4, 0), (5, 1), (6, 0), (7, 1), (8, 0), (9, 1), (10, 0), (11, 1), (4, 2), (5, 3), (6, 2), (7, 3), (8, 2), (9, 3), (10, 2), (11, 3)]
length: 16 76
Estimated difference between T3^fnT3 - (T2^WT3 + h.c.) is: -1.314687983197503e-06 1.7284044931639177e-12
total cost: -7.784149462713631
singles alt: [(4, 0), (5, 1), (6, 0), (7, 1), (8, 0), (9, 1), (10, 0), (11, 1), (4, 2), (5, 3), (6, 2), (7, 3), (8, 2), (9, 3), (10, 2), (11, 3)]
length: 16 76
Estimated difference between T3^fnT3 - (T2^WT3 + h.c.) is: -1.314687983197503e-06 1.7284044931639177e-12
total cost: -7.784149462713631
singles alt: [(4, 0), (5, 1), (6, 0), (7, 1), (8, 0), (9, 1), (10, 0), (11, 1), (4, 2), (5, 3), (6, 2), (7, 3), (8, 2), (9, 3), (10, 2), (11, 3)]
length: 16 76
Estimated difference between T3^fnT3 - (T2^WT3 + h.c.) is: -1.314687983197503e-06 1.7284044931639177e-12
total cost: -7.784149462714197
singles alt: [(4, 0), (5, 1), (6, 0), (7, 1), (8, 0), (9, 1), (10, 0), (11, 1), (4, 2), (5, 3), (6, 2), (7, 3), (8, 2), (9, 3), (10, 2), (11, 3)]
length: 16 76
Estimated difference between T3^fnT3 - (T2^WT3 + h.c.) is: -1.314687983197503e-06 1.7284044931639177e-12
total cost: -7.784149462714183
singles alt: [(4, 0), (5, 1), (6, 0), (7, 1), (8, 0), (9, 1), (10, 0), (11, 1), (4, 2), (5, 3), (6, 2), (7, 3), (8, 2), (9, 3), (10, 2), (11, 3)]
callback: energy=-7.784148148026
singles alt: [(4, 0), (5, 1), (6, 0), (7, 1), (8, 0), (9, 1), (10, 0), (11, 1), (4, 2), (5, 3), (6, 2), (7, 3), (8, 2), (9, 3), (10, 2), (11, 3)]
length: 16 76
Estimated difference between T3^fnT3 - (T2^WT3 + h.c.) is: -1.582564879666081e-06 2.5045115983525175e-12
total cost: -7.784255742769432
singles alt: [(4, 0), (5, 1), (6, 0), (7, 1), (8, 0), (9, 1), (10, 0), (11, 1), (4, 2), (5, 3), (6, 2), (7, 3), (8, 2), (9, 3), (10, 2), (11, 3)]
length: 16 76
Estimated difference between T3^fnT3 - (T2^WT3 + h.c.) is: -1.5825651865457304e-06 2.5045125696665224e-12
total cost: -7.784255742775679
singles alt: [(4, 0), (5, 1), (6, 0), (7, 1), (8, 0), (9, 1), (10, 0), (11, 1), (4, 2), (5, 3), (6, 2), (7, 3), (8, 2), (9, 3), (10, 2), (11, 3)]
length: 16 76
Estimated difference between T3^fnT3 - (T2^WT3 + h.c.) is: -1.5825649344371731e-06 2.5045117717101343e-12
total cost: -7.784255742766518
singles alt: [(4, 0), (5, 1), (6, 0), (7, 1), (8, 0), (9, 1), (10, 0), (11, 1), (4, 2), (5, 3), (6, 2), (7, 3), (8, 2), (9, 3), (10, 2), (11, 3)]
length: 16 76
Estimated difference between T3^fnT3 - (T2^WT3 + h.c.) is: -1.582564934446288e-06 2.5045117717389842e-12
total cost: -7.784255742766503
singles alt: [(4, 0), (5, 1), (6, 0), (7, 1), (8, 0), (9, 1), (10, 0), (11, 1), (4, 2), (5, 3), (6, 2), (7, 3), (8, 2), (9, 3), (10, 2), (11, 3)]
length: 16 76
Estimated difference between T3^fnT3 - (T2^WT3 + h.c.) is: -1.5825649391327443e-06 2.504511786572227e-12
total cost: -7.7842557428016494
singles alt: [(4, 0), (5, 1), (6, 0), (7, 1), (8, 0), (9, 1), (10, 0), (11, 1), (4, 2), (5, 3), (6, 2), (7, 3), (8, 2), (9, 3), (10, 2), (11, 3)]
length: 16 76
Estimated difference between T3^fnT3 - (T2^WT3 + h.c.) is: -1.5825648796659645e-06 2.5045115983521487e-12
total cost: -7.784255742769432
singles alt: [(4, 0), (5, 1), (6, 0), (7, 1), (8, 0), (9, 1), (10, 0), (11, 1), (4, 2), (5, 3), (6, 2), (7, 3), (8, 2), (9, 3), (10, 2), (11, 3)]
length: 16 76
Estimated difference between T3^fnT3 - (T2^WT3 + h.c.) is: -1.5825648796664572e-06 2.504511598353708e-12
total cost: -7.784255742769432
singles alt: [(4, 0), (5, 1), (6, 0), (7, 1), (8, 0), (9, 1), (10, 0), (11, 1), (4, 2), (5, 3), (6, 2), (7, 3), (8, 2), (9, 3), (10, 2), (11, 3)]
length: 16 76
Estimated difference between T3^fnT3 - (T2^WT3 + h.c.) is: -1.5825648796654544e-06 2.504511598350534e-12
total cost: -7.7842557427694326
singles alt: [(4, 0), (5, 1), (6, 0), (7, 1), (8, 0), (9, 1), (10, 0), (11, 1), (4, 2), (5, 3), (6, 2), (7, 3), (8, 2), (9, 3), (10, 2), (11, 3)]
length: 16 76
Estimated difference between T3^fnT3 - (T2^WT3 + h.c.) is: -1.5825648796658315e-06 2.504511598351728e-12
total cost: -7.784255742769432
singles alt: [(4, 0), (5, 1), (6, 0), (7, 1), (8, 0), (9, 1), (10, 0), (11, 1), (4, 2), (5, 3), (6, 2), (7, 3), (8, 2), (9, 3), (10, 2), (11, 3)]
length: 16 76
Estimated difference between T3^fnT3 - (T2^WT3 + h.c.) is: -1.5825648796656257e-06 2.5045115983510763e-12
total cost: -7.7842557427694326
singles alt: [(4, 0), (5, 1), (6, 0), (7, 1), (8, 0), (9, 1), (10, 0), (11, 1), (4, 2), (5, 3), (6, 2), (7, 3), (8, 2), (9, 3), (10, 2), (11, 3)]
length: 16 76
Estimated difference between T3^fnT3 - (T2^WT3 + h.c.) is: -1.5825648796651983e-06 2.5045115983497237e-12
total cost: -7.784255742769432
singles alt: [(4, 0), (5, 1), (6, 0), (7, 1), (8, 0), (9, 1), (10, 0), (11, 1), (4, 2), (5, 3), (6, 2), (7, 3), (8, 2), (9, 3), (10, 2), (11, 3)]
length: 16 76
Estimated difference between T3^fnT3 - (T2^WT3 + h.c.) is: -1.5825648796649879e-06 2.5045115983490577e-12
total cost: -7.784255742769432
singles alt: [(4, 0), (5, 1), (6, 0), (7, 1), (8, 0), (9, 1), (10, 0), (11, 1), (4, 2), (5, 3), (6, 2), (7, 3), (8, 2), (9, 3), (10, 2), (11, 3)]
length: 16 76
Estimated difference between T3^fnT3 - (T2^WT3 + h.c.) is: -1.5825648796659552e-06 2.5045115983521192e-12
total cost: -7.784255742769432
singles alt: [(4, 0), (5, 1), (6, 0), (7, 1), (8, 0), (9, 1), (10, 0), (11, 1), (4, 2), (5, 3), (6, 2), (7, 3), (8, 2), (9, 3), (10, 2), (11, 3)]
length: 16 76
Estimated difference between T3^fnT3 - (T2^WT3 + h.c.) is: -1.5825649376547188e-06 2.5045117818940843e-12
total cost: -7.784255742844179
singles alt: [(4, 0), (5, 1), (6, 0), (7, 1), (8, 0), (9, 1), (10, 0), (11, 1), (4, 2), (5, 3), (6, 2), (7, 3), (8, 2), (9, 3), (10, 2), (11, 3)]
length: 16 76
Estimated difference between T3^fnT3 - (T2^WT3 + h.c.) is: -1.582564673040782e-06 2.5045109443566773e-12
total cost: -7.784255742810793
singles alt: [(4, 0), (5, 1), (6, 0), (7, 1), (8, 0), (9, 1), (10, 0), (11, 1), (4, 2), (5, 3), (6, 2), (7, 3), (8, 2), (9, 3), (10, 2), (11, 3)]
length: 16 76
Estimated difference between T3^fnT3 - (T2^WT3 + h.c.) is: -1.5825648328259166e-06 2.5045114500973216e-12
total cost: -7.784255742776471
singles alt: [(4, 0), (5, 1), (6, 0), (7, 1), (8, 0), (9, 1), (10, 0), (11, 1), (4, 2), (5, 3), (6, 2), (7, 3), (8, 2), (9, 3), (10, 2), (11, 3)]
length: 16 76
Estimated difference between T3^fnT3 - (T2^WT3 + h.c.) is: -1.5825647397854087e-06 2.5045111556120586e-12
total cost: -7.784255742827286
singles alt: [(4, 0), (5, 1), (6, 0), (7, 1), (8, 0), (9, 1), (10, 0), (11, 1), (4, 2), (5, 3), (6, 2), (7, 3), (8, 2), (9, 3), (10, 2), (11, 3)]
length: 16 76
Estimated difference between T3^fnT3 - (T2^WT3 + h.c.) is: -1.5825648796659272e-06 2.5045115983520308e-12
total cost: -7.784255742769432
singles alt: [(4, 0), (5, 1), (6, 0), (7, 1), (8, 0), (9, 1), (10, 0), (11, 1), (4, 2), (5, 3), (6, 2), (7, 3), (8, 2), (9, 3), (10, 2), (11, 3)]
length: 16 76
Estimated difference between T3^fnT3 - (T2^WT3 + h.c.) is: -1.5825648796646988e-06 2.5045115983481424e-12
total cost: -7.784255742769432
singles alt: [(4, 0), (5, 1), (6, 0), (7, 1), (8, 0), (9, 1), (10, 0), (11, 1), (4, 2), (5, 3), (6, 2), (7, 3), (8, 2), (9, 3), (10, 2), (11, 3)]
length: 16 76
Estimated difference between T3^fnT3 - (T2^WT3 + h.c.) is: -1.582564879663946e-06 2.50451159834576e-12
total cost: -7.784255742769432
singles alt: [(4, 0), (5, 1), (6, 0), (7, 1), (8, 0), (9, 1), (10, 0), (11, 1), (4, 2), (5, 3), (6, 2), (7, 3), (8, 2), (9, 3), (10, 2), (11, 3)]
length: 16 76
Estimated difference between T3^fnT3 - (T2^WT3 + h.c.) is: -1.5825648796659874e-06 2.504511598352221e-12
total cost: -7.784255742769432
singles alt: [(4, 0), (5, 1), (6, 0), (7, 1), (8, 0), (9, 1), (10, 0), (11, 1), (4, 2), (5, 3), (6, 2), (7, 3), (8, 2), (9, 3), (10, 2), (11, 3)]
length: 16 76
Estimated difference between T3^fnT3 - (T2^WT3 + h.c.) is: -1.5825650751690707e-06 2.5045122171448864e-12
total cost: -7.784255742799643
singles alt: [(4, 0), (5, 1), (6, 0), (7, 1), (8, 0), (9, 1), (10, 0), (11, 1), (4, 2), (5, 3), (6, 2), (7, 3), (8, 2), (9, 3), (10, 2), (11, 3)]
length: 16 76
Estimated difference between T3^fnT3 - (T2^WT3 + h.c.) is: -1.582565187019303e-06 2.504512571165441e-12
total cost: -7.78425574278468
singles alt: [(4, 0), (5, 1), (6, 0), (7, 1), (8, 0), (9, 1), (10, 0), (11, 1), (4, 2), (5, 3), (6, 2), (7, 3), (8, 2), (9, 3), (10, 2), (11, 3)]
length: 16 76
Estimated difference between T3^fnT3 - (T2^WT3 + h.c.) is: -1.5825650934197914e-06 2.5045122749107932e-12
total cost: -7.7842557427845085
singles alt: [(4, 0), (5, 1), (6, 0), (7, 1), (8, 0), (9, 1), (10, 0), (11, 1), (4, 2), (5, 3), (6, 2), (7, 3), (8, 2), (9, 3), (10, 2), (11, 3)]
length: 16 76
Estimated difference between T3^fnT3 - (T2^WT3 + h.c.) is: -1.5825650631914808e-06 2.504512179234256e-12
total cost: -7.784255742735388
singles alt: [(4, 0), (5, 1), (6, 0), (7, 1), (8, 0), (9, 1), (10, 0), (11, 1), (4, 2), (5, 3), (6, 2), (7, 3), (8, 2), (9, 3), (10, 2), (11, 3)]
length: 16 76
Estimated difference between T3^fnT3 - (T2^WT3 + h.c.) is: -1.5825648992375734e-06 2.5045116602988307e-12
total cost: -7.784255742769435
singles alt: [(4, 0), (5, 1), (6, 0), (7, 1), (8, 0), (9, 1), (10, 0), (11, 1), (4, 2), (5, 3), (6, 2), (7, 3), (8, 2), (9, 3), (10, 2), (11, 3)]
length: 16 76
Estimated difference between T3^fnT3 - (T2^WT3 + h.c.) is: -1.5825650070254393e-06 2.5045120014614288e-12
total cost: -7.784255742769429
singles alt: [(4, 0), (5, 1), (6, 0), (7, 1), (8, 0), (9, 1), (10, 0), (11, 1), (4, 2), (5, 3), (6, 2), (7, 3), (8, 2), (9, 3), (10, 2), (11, 3)]
length: 16 76
Estimated difference between T3^fnT3 - (T2^WT3 + h.c.) is: -1.5825650069790975e-06 2.504512001314751e-12
total cost: -7.78425574276943
singles alt: [(4, 0), (5, 1), (6, 0), (7, 1), (8, 0), (9, 1), (10, 0), (11, 1), (4, 2), (5, 3), (6, 2), (7, 3), (8, 2), (9, 3), (10, 2), (11, 3)]
length: 16 76
Estimated difference between T3^fnT3 - (T2^WT3 + h.c.) is: -1.5825648969633943e-06 2.5045116531007588e-12
total cost: -7.784255742769428
singles alt: [(4, 0), (5, 1), (6, 0), (7, 1), (8, 0), (9, 1), (10, 0), (11, 1), (4, 2), (5, 3), (6, 2), (7, 3), (8, 2), (9, 3), (10, 2), (11, 3)]
length: 16 76
Estimated difference between T3^fnT3 - (T2^WT3 + h.c.) is: -1.5825648796660121e-06 2.5045115983522993e-12
total cost: -7.784255742769428
singles alt: [(4, 0), (5, 1), (6, 0), (7, 1), (8, 0), (9, 1), (10, 0), (11, 1), (4, 2), (5, 3), (6, 2), (7, 3), (8, 2), (9, 3), (10, 2), (11, 3)]
length: 16 76
Estimated difference between T3^fnT3 - (T2^WT3 + h.c.) is: -1.5825648796661923e-06 2.5045115983528697e-12
total cost: -7.784255742769432
singles alt: [(4, 0), (5, 1), (6, 0), (7, 1), (8, 0), (9, 1), (10, 0), (11, 1), (4, 2), (5, 3), (6, 2), (7, 3), (8, 2), (9, 3), (10, 2), (11, 3)]
length: 16 76
Estimated difference between T3^fnT3 - (T2^WT3 + h.c.) is: -1.5825648796656803e-06 2.5045115983512492e-12
total cost: -7.784255742769431
singles alt: [(4, 0), (5, 1), (6, 0), (7, 1), (8, 0), (9, 1), (10, 0), (11, 1), (4, 2), (5, 3), (6, 2), (7, 3), (8, 2), (9, 3), (10, 2), (11, 3)]
length: 16 76
Estimated difference between T3^fnT3 - (T2^WT3 + h.c.) is: -1.5825648796660382e-06 2.5045115983523817e-12
total cost: -7.784255742769432
singles alt: [(4, 0), (5, 1), (6, 0), (7, 1), (8, 0), (9, 1), (10, 0), (11, 1), (4, 2), (5, 3), (6, 2), (7, 3), (8, 2), (9, 3), (10, 2), (11, 3)]
length: 16 76
Estimated difference between T3^fnT3 - (T2^WT3 + h.c.) is: -1.582564879665823e-06 2.5045115983517008e-12
total cost: -7.7842557427694326
singles alt: [(4, 0), (5, 1), (6, 0), (7, 1), (8, 0), (9, 1), (10, 0), (11, 1), (4, 2), (5, 3), (6, 2), (7, 3), (8, 2), (9, 3), (10, 2), (11, 3)]
length: 16 76
Estimated difference between T3^fnT3 - (T2^WT3 + h.c.) is: -1.5825648796655638e-06 2.5045115983508805e-12
total cost: -7.7842557427694326
singles alt: [(4, 0), (5, 1), (6, 0), (7, 1), (8, 0), (9, 1), (10, 0), (11, 1), (4, 2), (5, 3), (6, 2), (7, 3), (8, 2), (9, 3), (10, 2), (11, 3)]
length: 16 76
Estimated difference between T3^fnT3 - (T2^WT3 + h.c.) is: -1.5825648796643367e-06 2.5045115983469966e-12
total cost: -7.784255742769432
singles alt: [(4, 0), (5, 1), (6, 0), (7, 1), (8, 0), (9, 1), (10, 0), (11, 1), (4, 2), (5, 3), (6, 2), (7, 3), (8, 2), (9, 3), (10, 2), (11, 3)]
length: 16 76
Estimated difference between T3^fnT3 - (T2^WT3 + h.c.) is: -1.5825648796659073e-06 2.5045115983519677e-12
total cost: -7.784255742769432
singles alt: [(4, 0), (5, 1), (6, 0), (7, 1), (8, 0), (9, 1), (10, 0), (11, 1), (4, 2), (5, 3), (6, 2), (7, 3), (8, 2), (9, 3), (10, 2), (11, 3)]
length: 16 76
Estimated difference between T3^fnT3 - (T2^WT3 + h.c.) is: -1.5825648992381892e-06 2.50451166030078e-12
total cost: -7.784255742769433
singles alt: [(4, 0), (5, 1), (6, 0), (7, 1), (8, 0), (9, 1), (10, 0), (11, 1), (4, 2), (5, 3), (6, 2), (7, 3), (8, 2), (9, 3), (10, 2), (11, 3)]
length: 16 76
Estimated difference between T3^fnT3 - (T2^WT3 + h.c.) is: -1.5825650070168908e-06 2.5045120014343717e-12
total cost: -7.784255742769431
singles alt: [(4, 0), (5, 1), (6, 0), (7, 1), (8, 0), (9, 1), (10, 0), (11, 1), (4, 2), (5, 3), (6, 2), (7, 3), (8, 2), (9, 3), (10, 2), (11, 3)]
length: 16 76
Estimated difference between T3^fnT3 - (T2^WT3 + h.c.) is: -1.582565006970269e-06 2.5045120012868076e-12
total cost: -7.784255742769431
singles alt: [(4, 0), (5, 1), (6, 0), (7, 1), (8, 0), (9, 1), (10, 0), (11, 1), (4, 2), (5, 3), (6, 2), (7, 3), (8, 2), (9, 3), (10, 2), (11, 3)]
length: 16 76
Estimated difference between T3^fnT3 - (T2^WT3 + h.c.) is: -1.5825648969642445e-06 2.50451165310345e-12
total cost: -7.784255742769427
singles alt: [(4, 0), (5, 1), (6, 0), (7, 1), (8, 0), (9, 1), (10, 0), (11, 1), (4, 2), (5, 3), (6, 2), (7, 3), (8, 2), (9, 3), (10, 2), (11, 3)]
length: 16 76
Estimated difference between T3^fnT3 - (T2^WT3 + h.c.) is: -1.5825650751770756e-06 2.504512217170223e-12
total cost: -7.78425574279962
singles alt: [(4, 0), (5, 1), (6, 0), (7, 1), (8, 0), (9, 1), (10, 0), (11, 1), (4, 2), (5, 3), (6, 2), (7, 3), (8, 2), (9, 3), (10, 2), (11, 3)]
length: 16 76
Estimated difference between T3^fnT3 - (T2^WT3 + h.c.) is: -1.5825650933383897e-06 2.504512274653146e-12
total cost: -7.784255742784744
singles alt: [(4, 0), (5, 1), (6, 0), (7, 1), (8, 0), (9, 1), (10, 0), (11, 1), (4, 2), (5, 3), (6, 2), (7, 3), (8, 2), (9, 3), (10, 2), (11, 3)]
length: 16 76
Estimated difference between T3^fnT3 - (T2^WT3 + h.c.) is: -1.5825651869821203e-06 2.5045125710477533e-12
total cost: -7.784255742784823
singles alt: [(4, 0), (5, 1), (6, 0), (7, 1), (8, 0), (9, 1), (10, 0), (11, 1), (4, 2), (5, 3), (6, 2), (7, 3), (8, 2), (9, 3), (10, 2), (11, 3)]
length: 16 76
Estimated difference between T3^fnT3 - (T2^WT3 + h.c.) is: -1.5825650632602203e-06 2.504512179451825e-12
total cost: -7.784255742735569
singles alt: [(4, 0), (5, 1), (6, 0), (7, 1), (8, 0), (9, 1), (10, 0), (11, 1), (4, 2), (5, 3), (6, 2), (7, 3), (8, 2), (9, 3), (10, 2), (11, 3)]
length: 16 76
Estimated difference between T3^fnT3 - (T2^WT3 + h.c.) is: -1.5825648796661076e-06 2.504511598352602e-12
total cost: -7.784255742769428
singles alt: [(4, 0), (5, 1), (6, 0), (7, 1), (8, 0), (9, 1), (10, 0), (11, 1), (4, 2), (5, 3), (6, 2), (7, 3), (8, 2), (9, 3), (10, 2), (11, 3)]
length: 16 76
Estimated difference between T3^fnT3 - (T2^WT3 + h.c.) is: -1.582564879665743e-06 2.5045115983514475e-12
total cost: -7.784255742769433
singles alt: [(4, 0), (5, 1), (6, 0), (7, 1), (8, 0), (9, 1), (10, 0), (11, 1), (4, 2), (5, 3), (6, 2), (7, 3), (8, 2), (9, 3), (10, 2), (11, 3)]
length: 16 76
Estimated difference between T3^fnT3 - (T2^WT3 + h.c.) is: -1.582564879665976e-06 2.5045115983521846e-12
total cost: -7.784255742769431
singles alt: [(4, 0), (5, 1), (6, 0), (7, 1), (8, 0), (9, 1), (10, 0), (11, 1), (4, 2), (5, 3), (6, 2), (7, 3), (8, 2), (9, 3), (10, 2), (11, 3)]
length: 16 76
Estimated difference between T3^fnT3 - (T2^WT3 + h.c.) is: -1.582564879665967e-06 2.5045115983521568e-12
total cost: -7.784255742769432
singles alt: [(4, 0), (5, 1), (6, 0), (7, 1), (8, 0), (9, 1), (10, 0), (11, 1), (4, 2), (5, 3), (6, 2), (7, 3), (8, 2), (9, 3), (10, 2), (11, 3)]
length: 16 76
Estimated difference between T3^fnT3 - (T2^WT3 + h.c.) is: -1.5825649376209127e-06 2.504511781787083e-12
total cost: -7.784255742844081
singles alt: [(4, 0), (5, 1), (6, 0), (7, 1), (8, 0), (9, 1), (10, 0), (11, 1), (4, 2), (5, 3), (6, 2), (7, 3), (8, 2), (9, 3), (10, 2), (11, 3)]
length: 16 76
Estimated difference between T3^fnT3 - (T2^WT3 + h.c.) is: -1.5825648328251683e-06 2.5045114500949527e-12
total cost: -7.784255742776066
singles alt: [(4, 0), (5, 1), (6, 0), (7, 1), (8, 0), (9, 1), (10, 0), (11, 1), (4, 2), (5, 3), (6, 2), (7, 3), (8, 2), (9, 3), (10, 2), (11, 3)]
length: 16 76
Estimated difference between T3^fnT3 - (T2^WT3 + h.c.) is: -1.5825646732445278e-06 2.504510945001559e-12
total cost: -7.784255742809204
singles alt: [(4, 0), (5, 1), (6, 0), (7, 1), (8, 0), (9, 1), (10, 0), (11, 1), (4, 2), (5, 3), (6, 2), (7, 3), (8, 2), (9, 3), (10, 2), (11, 3)]
length: 16 76
Estimated difference between T3^fnT3 - (T2^WT3 + h.c.) is: -1.5825647395892213e-06 2.5045111549911e-12
total cost: -7.784255742826705
singles alt: [(4, 0), (5, 1), (6, 0), (7, 1), (8, 0), (9, 1), (10, 0), (11, 1), (4, 2), (5, 3), (6, 2), (7, 3), (8, 2), (9, 3), (10, 2), (11, 3)]
length: 16 76
Estimated difference between T3^fnT3 - (T2^WT3 + h.c.) is: -1.5825648796660255e-06 2.5045115983523418e-12
total cost: -7.784255742769429
singles alt: [(4, 0), (5, 1), (6, 0), (7, 1), (8, 0), (9, 1), (10, 0), (11, 1), (4, 2), (5, 3), (6, 2), (7, 3), (8, 2), (9, 3), (10, 2), (11, 3)]
length: 16 76
Estimated difference between T3^fnT3 - (T2^WT3 + h.c.) is: -1.5825648796646694e-06 2.5045115983480495e-12
total cost: -7.784255742769434
singles alt: [(4, 0), (5, 1), (6, 0), (7, 1), (8, 0), (9, 1), (10, 0), (11, 1), (4, 2), (5, 3), (6, 2), (7, 3), (8, 2), (9, 3), (10, 2), (11, 3)]
length: 16 76
Estimated difference between T3^fnT3 - (T2^WT3 + h.c.) is: -1.5825648796661815e-06 2.5045115983528357e-12
total cost: -7.784255742769432
singles alt: [(4, 0), (5, 1), (6, 0), (7, 1), (8, 0), (9, 1), (10, 0), (11, 1), (4, 2), (5, 3), (6, 2), (7, 3), (8, 2), (9, 3), (10, 2), (11, 3)]
length: 16 76
Estimated difference between T3^fnT3 - (T2^WT3 + h.c.) is: -1.5825648796659204e-06 2.5045115983520094e-12
total cost: -7.784255742769431
singles alt: [(4, 0), (5, 1), (6, 0), (7, 1), (8, 0), (9, 1), (10, 0), (11, 1), (4, 2), (5, 3), (6, 2), (7, 3), (8, 2), (9, 3), (10, 2), (11, 3)]
length: 16 76
Estimated difference between T3^fnT3 - (T2^WT3 + h.c.) is: -1.5825648796658332e-06 2.504511598351733e-12
total cost: -7.784255742769433
singles alt: [(4, 0), (5, 1), (6, 0), (7, 1), (8, 0), (9, 1), (10, 0), (11, 1), (4, 2), (5, 3), (6, 2), (7, 3), (8, 2), (9, 3), (10, 2), (11, 3)]
length: 16 76
Estimated difference between T3^fnT3 - (T2^WT3 + h.c.) is: -1.5825648796657548e-06 2.504511598351485e-12
total cost: -7.784255742769432
singles alt: [(4, 0), (5, 1), (6, 0), (7, 1), (8, 0), (9, 1), (10, 0), (11, 1), (4, 2), (5, 3), (6, 2), (7, 3), (8, 2), (9, 3), (10, 2), (11, 3)]
length: 16 76
Estimated difference between T3^fnT3 - (T2^WT3 + h.c.) is: -1.5825648796656435e-06 2.5045115983511325e-12
total cost: -7.7842557427694326
singles alt: [(4, 0), (5, 1), (6, 0), (7, 1), (8, 0), (9, 1), (10, 0), (11, 1), (4, 2), (5, 3), (6, 2), (7, 3), (8, 2), (9, 3), (10, 2), (11, 3)]
length: 16 76
Estimated difference between T3^fnT3 - (T2^WT3 + h.c.) is: -1.5825648796660047e-06 2.504511598352276e-12
total cost: -7.784255742769432
singles alt: [(4, 0), (5, 1), (6, 0), (7, 1), (8, 0), (9, 1), (10, 0), (11, 1), (4, 2), (5, 3), (6, 2), (7, 3), (8, 2), (9, 3), (10, 2), (11, 3)]
length: 16 76
Estimated difference between T3^fnT3 - (T2^WT3 + h.c.) is: -1.5825650645636697e-06 2.504512183577412e-12
total cost: -7.784255742591774
singles alt: [(4, 0), (5, 1), (6, 0), (7, 1), (8, 0), (9, 1), (10, 0), (11, 1), (4, 2), (5, 3), (6, 2), (7, 3), (8, 2), (9, 3), (10, 2), (11, 3)]
length: 16 76
Estimated difference between T3^fnT3 - (T2^WT3 + h.c.) is: -1.5825649223776087e-06 2.5045117335400465e-12
total cost: -7.784255742689965
singles alt: [(4, 0), (5, 1), (6, 0), (7, 1), (8, 0), (9, 1), (10, 0), (11, 1), (4, 2), (5, 3), (6, 2), (7, 3), (8, 2), (9, 3), (10, 2), (11, 3)]
length: 16 76
Estimated difference between T3^fnT3 - (T2^WT3 + h.c.) is: -1.582564922388113e-06 2.504511733573294e-12
total cost: -7.78425574268995
singles alt: [(4, 0), (5, 1), (6, 0), (7, 1), (8, 0), (9, 1), (10, 0), (11, 1), (4, 2), (5, 3), (6, 2), (7, 3), (8, 2), (9, 3), (10, 2), (11, 3)]
length: 16 76
Estimated difference between T3^fnT3 - (T2^WT3 + h.c.) is: -1.5825650116184905e-06 2.5045120159990327e-12
total cost: -7.784255742822749
singles alt: [(4, 0), (5, 1), (6, 0), (7, 1), (8, 0), (9, 1), (10, 0), (11, 1), (4, 2), (5, 3), (6, 2), (7, 3), (8, 2), (9, 3), (10, 2), (11, 3)]
length: 16 76
Estimated difference between T3^fnT3 - (T2^WT3 + h.c.) is: -1.582564879664039e-06 2.5045115983460543e-12
total cost: -7.784255742769432
singles alt: [(4, 0), (5, 1), (6, 0), (7, 1), (8, 0), (9, 1), (10, 0), (11, 1), (4, 2), (5, 3), (6, 2), (7, 3), (8, 2), (9, 3), (10, 2), (11, 3)]
length: 16 76
Estimated difference between T3^fnT3 - (T2^WT3 + h.c.) is: -1.5825648796661625e-06 2.504511598352775e-12
total cost: -7.784255742769431
singles alt: [(4, 0), (5, 1), (6, 0), (7, 1), (8, 0), (9, 1), (10, 0), (11, 1), (4, 2), (5, 3), (6, 2), (7, 3), (8, 2), (9, 3), (10, 2), (11, 3)]
length: 16 76
Estimated difference between T3^fnT3 - (T2^WT3 + h.c.) is: -1.5825648796651263e-06 2.504511598349496e-12
total cost: -7.7842557427694326
singles alt: [(4, 0), (5, 1), (6, 0), (7, 1), (8, 0), (9, 1), (10, 0), (11, 1), (4, 2), (5, 3), (6, 2), (7, 3), (8, 2), (9, 3), (10, 2), (11, 3)]
length: 16 76
Estimated difference between T3^fnT3 - (T2^WT3 + h.c.) is: -1.5825648796676247e-06 2.5045115983574034e-12
total cost: -7.784255742769431
singles alt: [(4, 0), (5, 1), (6, 0), (7, 1), (8, 0), (9, 1), (10, 0), (11, 1), (4, 2), (5, 3), (6, 2), (7, 3), (8, 2), (9, 3), (10, 2), (11, 3)]
length: 16 76
Estimated difference between T3^fnT3 - (T2^WT3 + h.c.) is: -1.582564728686066e-06 2.5045111204812016e-12
total cost: -7.784255742798215
singles alt: [(4, 0), (5, 1), (6, 0), (7, 1), (8, 0), (9, 1), (10, 0), (11, 1), (4, 2), (5, 3), (6, 2), (7, 3), (8, 2), (9, 3), (10, 2), (11, 3)]
length: 16 76
Estimated difference between T3^fnT3 - (T2^WT3 + h.c.) is: -1.5825647285108992e-06 2.504511119926776e-12
total cost: -7.784255742798128
singles alt: [(4, 0), (5, 1), (6, 0), (7, 1), (8, 0), (9, 1), (10, 0), (11, 1), (4, 2), (5, 3), (6, 2), (7, 3), (8, 2), (9, 3), (10, 2), (11, 3)]
length: 16 76
Estimated difference between T3^fnT3 - (T2^WT3 + h.c.) is: -1.5825646129128214e-06 2.504510754043908e-12
total cost: -7.784255742769456
singles alt: [(4, 0), (5, 1), (6, 0), (7, 1), (8, 0), (9, 1), (10, 0), (11, 1), (4, 2), (5, 3), (6, 2), (7, 3), (8, 2), (9, 3), (10, 2), (11, 3)]
length: 16 76
Estimated difference between T3^fnT3 - (T2^WT3 + h.c.) is: -1.5825651461919155e-06 2.504512441941439e-12
total cost: -7.784255742769406
singles alt: [(4, 0), (5, 1), (6, 0), (7, 1), (8, 0), (9, 1), (10, 0), (11, 1), (4, 2), (5, 3), (6, 2), (7, 3), (8, 2), (9, 3), (10, 2), (11, 3)]
length: 16 76
Estimated difference between T3^fnT3 - (T2^WT3 + h.c.) is: -1.5825648796670821e-06 2.504511598355686e-12
total cost: -7.78425574276943
singles alt: [(4, 0), (5, 1), (6, 0), (7, 1), (8, 0), (9, 1), (10, 0), (11, 1), (4, 2), (5, 3), (6, 2), (7, 3), (8, 2), (9, 3), (10, 2), (11, 3)]
length: 16 76
Estimated difference between T3^fnT3 - (T2^WT3 + h.c.) is: -1.582564879666429e-06 2.5045115983536193e-12
total cost: -7.784255742769432
singles alt: [(4, 0), (5, 1), (6, 0), (7, 1), (8, 0), (9, 1), (10, 0), (11, 1), (4, 2), (5, 3), (6, 2), (7, 3), (8, 2), (9, 3), (10, 2), (11, 3)]
length: 16 76
Estimated difference between T3^fnT3 - (T2^WT3 + h.c.) is: -1.5825648796660488e-06 2.5045115983524153e-12
total cost: -7.784255742769433
singles alt: [(4, 0), (5, 1), (6, 0), (7, 1), (8, 0), (9, 1), (10, 0), (11, 1), (4, 2), (5, 3), (6, 2), (7, 3), (8, 2), (9, 3), (10, 2), (11, 3)]
length: 16 76
Estimated difference between T3^fnT3 - (T2^WT3 + h.c.) is: -1.5825648796658251e-06 2.5045115983517076e-12
total cost: -7.784255742769433
singles alt: [(4, 0), (5, 1), (6, 0), (7, 1), (8, 0), (9, 1), (10, 0), (11, 1), (4, 2), (5, 3), (6, 2), (7, 3), (8, 2), (9, 3), (10, 2), (11, 3)]
length: 16 76
Estimated difference between T3^fnT3 - (T2^WT3 + h.c.) is: -1.582564879666081e-06 2.5045115983525175e-12
total cost: -7.784255742786274
singles alt: [(4, 0), (5, 1), (6, 0), (7, 1), (8, 0), (9, 1), (10, 0), (11, 1), (4, 2), (5, 3), (6, 2), (7, 3), (8, 2), (9, 3), (10, 2), (11, 3)]
length: 16 76
Estimated difference between T3^fnT3 - (T2^WT3 + h.c.) is: -1.582564879666081e-06 2.5045115983525175e-12
total cost: -7.784255742786218
singles alt: [(4, 0), (5, 1), (6, 0), (7, 1), (8, 0), (9, 1), (10, 0), (11, 1), (4, 2), (5, 3), (6, 2), (7, 3), (8, 2), (9, 3), (10, 2), (11, 3)]
length: 16 76
Estimated difference between T3^fnT3 - (T2^WT3 + h.c.) is: -1.582564879666081e-06 2.5045115983525175e-12
total cost: -7.7842557427694326
singles alt: [(4, 0), (5, 1), (6, 0), (7, 1), (8, 0), (9, 1), (10, 0), (11, 1), (4, 2), (5, 3), (6, 2), (7, 3), (8, 2), (9, 3), (10, 2), (11, 3)]
length: 16 76
Estimated difference between T3^fnT3 - (T2^WT3 + h.c.) is: -1.582564879666081e-06 2.5045115983525175e-12
total cost: -7.784255742769432
singles alt: [(4, 0), (5, 1), (6, 0), (7, 1), (8, 0), (9, 1), (10, 0), (11, 1), (4, 2), (5, 3), (6, 2), (7, 3), (8, 2), (9, 3), (10, 2), (11, 3)]
length: 16 76
Estimated difference between T3^fnT3 - (T2^WT3 + h.c.) is: -1.582564879666081e-06 2.5045115983525175e-12
total cost: -7.7842557427694326
singles alt: [(4, 0), (5, 1), (6, 0), (7, 1), (8, 0), (9, 1), (10, 0), (11, 1), (4, 2), (5, 3), (6, 2), (7, 3), (8, 2), (9, 3), (10, 2), (11, 3)]
length: 16 76
Estimated difference between T3^fnT3 - (T2^WT3 + h.c.) is: -1.582564879666081e-06 2.5045115983525175e-12
total cost: -7.7842557427694326
singles alt: [(4, 0), (5, 1), (6, 0), (7, 1), (8, 0), (9, 1), (10, 0), (11, 1), (4, 2), (5, 3), (6, 2), (7, 3), (8, 2), (9, 3), (10, 2), (11, 3)]
length: 16 76
Estimated difference between T3^fnT3 - (T2^WT3 + h.c.) is: -1.582564879666081e-06 2.5045115983525175e-12
total cost: -7.784255742784285
singles alt: [(4, 0), (5, 1), (6, 0), (7, 1), (8, 0), (9, 1), (10, 0), (11, 1), (4, 2), (5, 3), (6, 2), (7, 3), (8, 2), (9, 3), (10, 2), (11, 3)]
length: 16 76
Estimated difference between T3^fnT3 - (T2^WT3 + h.c.) is: -1.582564879666081e-06 2.5045115983525175e-12
total cost: -7.784255742784279
singles alt: [(4, 0), (5, 1), (6, 0), (7, 1), (8, 0), (9, 1), (10, 0), (11, 1), (4, 2), (5, 3), (6, 2), (7, 3), (8, 2), (9, 3), (10, 2), (11, 3)]
length: 16 76
Estimated difference between T3^fnT3 - (T2^WT3 + h.c.) is: -1.582564879666081e-06 2.5045115983525175e-12
total cost: -7.78425574288608
singles alt: [(4, 0), (5, 1), (6, 0), (7, 1), (8, 0), (9, 1), (10, 0), (11, 1), (4, 2), (5, 3), (6, 2), (7, 3), (8, 2), (9, 3), (10, 2), (11, 3)]
length: 16 76
Estimated difference between T3^fnT3 - (T2^WT3 + h.c.) is: -1.582564879666081e-06 2.5045115983525175e-12
total cost: -7.784255742885992
singles alt: [(4, 0), (5, 1), (6, 0), (7, 1), (8, 0), (9, 1), (10, 0), (11, 1), (4, 2), (5, 3), (6, 2), (7, 3), (8, 2), (9, 3), (10, 2), (11, 3)]
length: 16 76
Estimated difference between T3^fnT3 - (T2^WT3 + h.c.) is: -1.582564879666081e-06 2.5045115983525175e-12
total cost: -7.784255742769432
singles alt: [(4, 0), (5, 1), (6, 0), (7, 1), (8, 0), (9, 1), (10, 0), (11, 1), (4, 2), (5, 3), (6, 2), (7, 3), (8, 2), (9, 3), (10, 2), (11, 3)]
length: 16 76
Estimated difference between T3^fnT3 - (T2^WT3 + h.c.) is: -1.582564879666081e-06 2.5045115983525175e-12
total cost: -7.784255742769432
singles alt: [(4, 0), (5, 1), (6, 0), (7, 1), (8, 0), (9, 1), (10, 0), (11, 1), (4, 2), (5, 3), (6, 2), (7, 3), (8, 2), (9, 3), (10, 2), (11, 3)]
length: 16 76
Estimated difference between T3^fnT3 - (T2^WT3 + h.c.) is: -1.582564879666081e-06 2.5045115983525175e-12
total cost: -7.784255742769432
singles alt: [(4, 0), (5, 1), (6, 0), (7, 1), (8, 0), (9, 1), (10, 0), (11, 1), (4, 2), (5, 3), (6, 2), (7, 3), (8, 2), (9, 3), (10, 2), (11, 3)]
length: 16 76
Estimated difference between T3^fnT3 - (T2^WT3 + h.c.) is: -1.582564879666081e-06 2.5045115983525175e-12
total cost: -7.784255742769432
singles alt: [(4, 0), (5, 1), (6, 0), (7, 1), (8, 0), (9, 1), (10, 0), (11, 1), (4, 2), (5, 3), (6, 2), (7, 3), (8, 2), (9, 3), (10, 2), (11, 3)]
length: 16 76
Estimated difference between T3^fnT3 - (T2^WT3 + h.c.) is: -1.582564879666081e-06 2.5045115983525175e-12
total cost: -7.784255742776533
singles alt: [(4, 0), (5, 1), (6, 0), (7, 1), (8, 0), (9, 1), (10, 0), (11, 1), (4, 2), (5, 3), (6, 2), (7, 3), (8, 2), (9, 3), (10, 2), (11, 3)]
length: 16 76
Estimated difference between T3^fnT3 - (T2^WT3 + h.c.) is: -1.582564879666081e-06 2.5045115983525175e-12
total cost: -7.7842557427765255
singles alt: [(4, 0), (5, 1), (6, 0), (7, 1), (8, 0), (9, 1), (10, 0), (11, 1), (4, 2), (5, 3), (6, 2), (7, 3), (8, 2), (9, 3), (10, 2), (11, 3)]
callback: energy=-7.784254160205
singles alt: [(4, 0), (5, 1), (6, 0), (7, 1), (8, 0), (9, 1), (10, 0), (11, 1), (4, 2), (5, 3), (6, 2), (7, 3), (8, 2), (9, 3), (10, 2), (11, 3)]
length: 16 76
Estimated difference between T3^fnT3 - (T2^WT3 + h.c.) is: -1.7823761935546058e-06 3.1768648953502056e-12
total cost: -7.784196430481614
singles alt: [(4, 0), (5, 1), (6, 0), (7, 1), (8, 0), (9, 1), (10, 0), (11, 1), (4, 2), (5, 3), (6, 2), (7, 3), (8, 2), (9, 3), (10, 2), (11, 3)]
length: 16 76
Estimated difference between T3^fnT3 - (T2^WT3 + h.c.) is: -1.7823764150968254e-06 3.176865685093411e-12
total cost: -7.784196430871447
singles alt: [(4, 0), (5, 1), (6, 0), (7, 1), (8, 0), (9, 1), (10, 0), (11, 1), (4, 2), (5, 3), (6, 2), (7, 3), (8, 2), (9, 3), (10, 2), (11, 3)]
length: 16 76
Estimated difference between T3^fnT3 - (T2^WT3 + h.c.) is: -1.7823762717074886e-06 3.176865173945887e-12
total cost: -7.784196430451115
singles alt: [(4, 0), (5, 1), (6, 0), (7, 1), (8, 0), (9, 1), (10, 0), (11, 1), (4, 2), (5, 3), (6, 2), (7, 3), (8, 2), (9, 3), (10, 2), (11, 3)]
length: 16 76
Estimated difference between T3^fnT3 - (T2^WT3 + h.c.) is: -1.7823762716365799e-06 3.1768651736931152e-12
total cost: -7.784196430451202
singles alt: [(4, 0), (5, 1), (6, 0), (7, 1), (8, 0), (9, 1), (10, 0), (11, 1), (4, 2), (5, 3), (6, 2), (7, 3), (8, 2), (9, 3), (10, 2), (11, 3)]
length: 16 76
Estimated difference between T3^fnT3 - (T2^WT3 + h.c.) is: -1.7823762507838645e-06 3.1768650993583453e-12
total cost: -7.784196430454373
singles alt: [(4, 0), (5, 1), (6, 0), (7, 1), (8, 0), (9, 1), (10, 0), (11, 1), (4, 2), (5, 3), (6, 2), (7, 3), (8, 2), (9, 3), (10, 2), (11, 3)]
length: 16 76
Estimated difference between T3^fnT3 - (T2^WT3 + h.c.) is: -1.7823761935538285e-06 3.1768648953474345e-12
total cost: -7.7841964304816145
singles alt: [(4, 0), (5, 1), (6, 0), (7, 1), (8, 0), (9, 1), (10, 0), (11, 1), (4, 2), (5, 3), (6, 2), (7, 3), (8, 2), (9, 3), (10, 2), (11, 3)]
length: 16 76
Estimated difference between T3^fnT3 - (T2^WT3 + h.c.) is: -1.7823761935621737e-06 3.176864895377183e-12
total cost: -7.784196430481609
singles alt: [(4, 0), (5, 1), (6, 0), (7, 1), (8, 0), (9, 1), (10, 0), (11, 1), (4, 2), (5, 3), (6, 2), (7, 3), (8, 2), (9, 3), (10, 2), (11, 3)]
length: 16 76
Estimated difference between T3^fnT3 - (T2^WT3 + h.c.) is: -1.782376193557213e-06 3.1768648953594997e-12
total cost: -7.784196430481611
singles alt: [(4, 0), (5, 1), (6, 0), (7, 1), (8, 0), (9, 1), (10, 0), (11, 1), (4, 2), (5, 3), (6, 2), (7, 3), (8, 2), (9, 3), (10, 2), (11, 3)]
length: 16 76
Estimated difference between T3^fnT3 - (T2^WT3 + h.c.) is: -1.7823761935542075e-06 3.176864895348786e-12
total cost: -7.7841964304816145
singles alt: [(4, 0), (5, 1), (6, 0), (7, 1), (8, 0), (9, 1), (10, 0), (11, 1), (4, 2), (5, 3), (6, 2), (7, 3), (8, 2), (9, 3), (10, 2), (11, 3)]
length: 16 76
Estimated difference between T3^fnT3 - (T2^WT3 + h.c.) is: -1.7823761935539977e-06 3.176864895348038e-12
total cost: -7.784196430481617
singles alt: [(4, 0), (5, 1), (6, 0), (7, 1), (8, 0), (9, 1), (10, 0), (11, 1), (4, 2), (5, 3), (6, 2), (7, 3), (8, 2), (9, 3), (10, 2), (11, 3)]
length: 16 76
Estimated difference between T3^fnT3 - (T2^WT3 + h.c.) is: -1.7823761935480058e-06 3.176864895326678e-12
total cost: -7.784196430481616
singles alt: [(4, 0), (5, 1), (6, 0), (7, 1), (8, 0), (9, 1), (10, 0), (11, 1), (4, 2), (5, 3), (6, 2), (7, 3), (8, 2), (9, 3), (10, 2), (11, 3)]
length: 16 76
Estimated difference between T3^fnT3 - (T2^WT3 + h.c.) is: -1.7823761935534384e-06 3.1768648953460442e-12
total cost: -7.7841964304816145
singles alt: [(4, 0), (5, 1), (6, 0), (7, 1), (8, 0), (9, 1), (10, 0), (11, 1), (4, 2), (5, 3), (6, 2), (7, 3), (8, 2), (9, 3), (10, 2), (11, 3)]
length: 16 76
Estimated difference between T3^fnT3 - (T2^WT3 + h.c.) is: -1.7823761935546166e-06 3.1768648953502444e-12
total cost: -7.784196430481615
singles alt: [(4, 0), (5, 1), (6, 0), (7, 1), (8, 0), (9, 1), (10, 0), (11, 1), (4, 2), (5, 3), (6, 2), (7, 3), (8, 2), (9, 3), (10, 2), (11, 3)]
length: 16 76
Estimated difference between T3^fnT3 - (T2^WT3 + h.c.) is: -1.7823762524814217e-06 3.1768651054097167e-12
total cost: -7.78419643004428
singles alt: [(4, 0), (5, 1), (6, 0), (7, 1), (8, 0), (9, 1), (10, 0), (11, 1), (4, 2), (5, 3), (6, 2), (7, 3), (8, 2), (9, 3), (10, 2), (11, 3)]
length: 16 76
Estimated difference between T3^fnT3 - (T2^WT3 + h.c.) is: -1.7823759746532925e-06 3.1768641150212746e-12
total cost: -7.78419643054741
singles alt: [(4, 0), (5, 1), (6, 0), (7, 1), (8, 0), (9, 1), (10, 0), (11, 1), (4, 2), (5, 3), (6, 2), (7, 3), (8, 2), (9, 3), (10, 2), (11, 3)]
length: 16 76
Estimated difference between T3^fnT3 - (T2^WT3 + h.c.) is: -1.7823761757203686e-06 3.1768648317755663e-12
total cost: -7.784196430507595
singles alt: [(4, 0), (5, 1), (6, 0), (7, 1), (8, 0), (9, 1), (10, 0), (11, 1), (4, 2), (5, 3), (6, 2), (7, 3), (8, 2), (9, 3), (10, 2), (11, 3)]
length: 16 76
Estimated difference between T3^fnT3 - (T2^WT3 + h.c.) is: -1.7823760557263563e-06 3.1768644040266433e-12
total cost: -7.784196430507277
singles alt: [(4, 0), (5, 1), (6, 0), (7, 1), (8, 0), (9, 1), (10, 0), (11, 1), (4, 2), (5, 3), (6, 2), (7, 3), (8, 2), (9, 3), (10, 2), (11, 3)]
length: 16 76
Estimated difference between T3^fnT3 - (T2^WT3 + h.c.) is: -1.782376193553869e-06 3.1768648953475786e-12
total cost: -7.784196430481614
singles alt: [(4, 0), (5, 1), (6, 0), (7, 1), (8, 0), (9, 1), (10, 0), (11, 1), (4, 2), (5, 3), (6, 2), (7, 3), (8, 2), (9, 3), (10, 2), (11, 3)]
length: 16 76
Estimated difference between T3^fnT3 - (T2^WT3 + h.c.) is: -1.7823761935506828e-06 3.176864895336221e-12
total cost: -7.784196430481617
singles alt: [(4, 0), (5, 1), (6, 0), (7, 1), (8, 0), (9, 1), (10, 0), (11, 1), (4, 2), (5, 3), (6, 2), (7, 3), (8, 2), (9, 3), (10, 2), (11, 3)]
length: 16 76
Estimated difference between T3^fnT3 - (T2^WT3 + h.c.) is: -1.7823761935495694e-06 3.176864895332252e-12
total cost: -7.784196430481617
singles alt: [(4, 0), (5, 1), (6, 0), (7, 1), (8, 0), (9, 1), (10, 0), (11, 1), (4, 2), (5, 3), (6, 2), (7, 3), (8, 2), (9, 3), (10, 2), (11, 3)]
length: 16 76
Estimated difference between T3^fnT3 - (T2^WT3 + h.c.) is: -1.7823761935541878e-06 3.1768648953487156e-12
total cost: -7.784196430481614
singles alt: [(4, 0), (5, 1), (6, 0), (7, 1), (8, 0), (9, 1), (10, 0), (11, 1), (4, 2), (5, 3), (6, 2), (7, 3), (8, 2), (9, 3), (10, 2), (11, 3)]
length: 16 76
Estimated difference between T3^fnT3 - (T2^WT3 + h.c.) is: -1.7823764071697845e-06 3.1768656568354695e-12
total cost: -7.784196430469144
singles alt: [(4, 0), (5, 1), (6, 0), (7, 1), (8, 0), (9, 1), (10, 0), (11, 1), (4, 2), (5, 3), (6, 2), (7, 3), (8, 2), (9, 3), (10, 2), (11, 3)]
length: 16 76
Estimated difference between T3^fnT3 - (T2^WT3 + h.c.) is: -1.7823767123932963e-06 3.1768667448819356e-12
total cost: -7.784196430365287
singles alt: [(4, 0), (5, 1), (6, 0), (7, 1), (8, 0), (9, 1), (10, 0), (11, 1), (4, 2), (5, 3), (6, 2), (7, 3), (8, 2), (9, 3), (10, 2), (11, 3)]
length: 16 76
Estimated difference between T3^fnT3 - (T2^WT3 + h.c.) is: -1.7823765539398788e-06 3.176866180034598e-12
total cost: -7.784196430365431
singles alt: [(4, 0), (5, 1), (6, 0), (7, 1), (8, 0), (9, 1), (10, 0), (11, 1), (4, 2), (5, 3), (6, 2), (7, 3), (8, 2), (9, 3), (10, 2), (11, 3)]
length: 16 76
Estimated difference between T3^fnT3 - (T2^WT3 + h.c.) is: -1.7823763858087749e-06 3.1768655806887507e-12
total cost: -7.784196430417552
singles alt: [(4, 0), (5, 1), (6, 0), (7, 1), (8, 0), (9, 1), (10, 0), (11, 1), (4, 2), (5, 3), (6, 2), (7, 3), (8, 2), (9, 3), (10, 2), (11, 3)]
length: 16 76
Estimated difference between T3^fnT3 - (T2^WT3 + h.c.) is: -1.7823762266217627e-06 3.176865013226433e-12
total cost: -7.7841964304815505
singles alt: [(4, 0), (5, 1), (6, 0), (7, 1), (8, 0), (9, 1), (10, 0), (11, 1), (4, 2), (5, 3), (6, 2), (7, 3), (8, 2), (9, 3), (10, 2), (11, 3)]
length: 16 76
Estimated difference between T3^fnT3 - (T2^WT3 + h.c.) is: -1.782376327305814e-06 3.1768653721401617e-12
total cost: -7.784196430481622
singles alt: [(4, 0), (5, 1), (6, 0), (7, 1), (8, 0), (9, 1), (10, 0), (11, 1), (4, 2), (5, 3), (6, 2), (7, 3), (8, 2), (9, 3), (10, 2), (11, 3)]
length: 16 76
Estimated difference between T3^fnT3 - (T2^WT3 + h.c.) is: -1.7823763272210564e-06 3.1768653718380223e-12
total cost: -7.784196430481619
singles alt: [(4, 0), (5, 1), (6, 0), (7, 1), (8, 0), (9, 1), (10, 0), (11, 1), (4, 2), (5, 3), (6, 2), (7, 3), (8, 2), (9, 3), (10, 2), (11, 3)]
length: 16 76
Estimated difference between T3^fnT3 - (T2^WT3 + h.c.) is: -1.782376222769427e-06 3.17686499949381e-12
total cost: -7.784196430481627
singles alt: [(4, 0), (5, 1), (6, 0), (7, 1), (8, 0), (9, 1), (10, 0), (11, 1), (4, 2), (5, 3), (6, 2), (7, 3), (8, 2), (9, 3), (10, 2), (11, 3)]
length: 16 76
Estimated difference between T3^fnT3 - (T2^WT3 + h.c.) is: -1.7823761935534935e-06 3.1768648953462405e-12
total cost: -7.784196430481652
singles alt: [(4, 0), (5, 1), (6, 0), (7, 1), (8, 0), (9, 1), (10, 0), (11, 1), (4, 2), (5, 3), (6, 2), (7, 3), (8, 2), (9, 3), (10, 2), (11, 3)]
length: 16 76
Estimated difference between T3^fnT3 - (T2^WT3 + h.c.) is: -1.7823761935550054e-06 3.17686489535163e-12
total cost: -7.784196430481609
singles alt: [(4, 0), (5, 1), (6, 0), (7, 1), (8, 0), (9, 1), (10, 0), (11, 1), (4, 2), (5, 3), (6, 2), (7, 3), (8, 2), (9, 3), (10, 2), (11, 3)]
length: 16 76
Estimated difference between T3^fnT3 - (T2^WT3 + h.c.) is: -1.7823761935538503e-06 3.1768648953475124e-12
total cost: -7.784196430481613
singles alt: [(4, 0), (5, 1), (6, 0), (7, 1), (8, 0), (9, 1), (10, 0), (11, 1), (4, 2), (5, 3), (6, 2), (7, 3), (8, 2), (9, 3), (10, 2), (11, 3)]
length: 16 76
Estimated difference between T3^fnT3 - (T2^WT3 + h.c.) is: -1.7823761935543774e-06 3.1768648953493913e-12
total cost: -7.7841964304816145
singles alt: [(4, 0), (5, 1), (6, 0), (7, 1), (8, 0), (9, 1), (10, 0), (11, 1), (4, 2), (5, 3), (6, 2), (7, 3), (8, 2), (9, 3), (10, 2), (11, 3)]
length: 16 76
Estimated difference between T3^fnT3 - (T2^WT3 + h.c.) is: -1.7823761935532574e-06 3.176864895345399e-12
total cost: -7.784196430481618
singles alt: [(4, 0), (5, 1), (6, 0), (7, 1), (8, 0), (9, 1), (10, 0), (11, 1), (4, 2), (5, 3), (6, 2), (7, 3), (8, 2), (9, 3), (10, 2), (11, 3)]
length: 16 76
Estimated difference between T3^fnT3 - (T2^WT3 + h.c.) is: -1.7823761935569013e-06 3.1768648953583885e-12
total cost: -7.784196430481612
singles alt: [(4, 0), (5, 1), (6, 0), (7, 1), (8, 0), (9, 1), (10, 0), (11, 1), (4, 2), (5, 3), (6, 2), (7, 3), (8, 2), (9, 3), (10, 2), (11, 3)]
length: 16 76
Estimated difference between T3^fnT3 - (T2^WT3 + h.c.) is: -1.782376193548401e-06 3.1768648953280866e-12
total cost: -7.784196430481616
singles alt: [(4, 0), (5, 1), (6, 0), (7, 1), (8, 0), (9, 1), (10, 0), (11, 1), (4, 2), (5, 3), (6, 2), (7, 3), (8, 2), (9, 3), (10, 2), (11, 3)]
length: 16 76
Estimated difference between T3^fnT3 - (T2^WT3 + h.c.) is: -1.7823761935541415e-06 3.1768648953485504e-12
total cost: -7.784196430481614
singles alt: [(4, 0), (5, 1), (6, 0), (7, 1), (8, 0), (9, 1), (10, 0), (11, 1), (4, 2), (5, 3), (6, 2), (7, 3), (8, 2), (9, 3), (10, 2), (11, 3)]
length: 16 76
Estimated difference between T3^fnT3 - (T2^WT3 + h.c.) is: -1.7823762266192146e-06 3.1768650132173497e-12
total cost: -7.78419643048157
singles alt: [(4, 0), (5, 1), (6, 0), (7, 1), (8, 0), (9, 1), (10, 0), (11, 1), (4, 2), (5, 3), (6, 2), (7, 3), (8, 2), (9, 3), (10, 2), (11, 3)]
length: 16 76
Estimated difference between T3^fnT3 - (T2^WT3 + h.c.) is: -1.7823763272994256e-06 3.176865372117389e-12
total cost: -7.784196430481624
singles alt: [(4, 0), (5, 1), (6, 0), (7, 1), (8, 0), (9, 1), (10, 0), (11, 1), (4, 2), (5, 3), (6, 2), (7, 3), (8, 2), (9, 3), (10, 2), (11, 3)]
length: 16 76
Estimated difference between T3^fnT3 - (T2^WT3 + h.c.) is: -1.7823763272102097e-06 3.1768653717993564e-12
total cost: -7.784196430481625
singles alt: [(4, 0), (5, 1), (6, 0), (7, 1), (8, 0), (9, 1), (10, 0), (11, 1), (4, 2), (5, 3), (6, 2), (7, 3), (8, 2), (9, 3), (10, 2), (11, 3)]
length: 16 76
Estimated difference between T3^fnT3 - (T2^WT3 + h.c.) is: -1.7823762227701846e-06 3.1768649994965107e-12
total cost: -7.784196430481624
singles alt: [(4, 0), (5, 1), (6, 0), (7, 1), (8, 0), (9, 1), (10, 0), (11, 1), (4, 2), (5, 3), (6, 2), (7, 3), (8, 2), (9, 3), (10, 2), (11, 3)]
length: 16 76
Estimated difference between T3^fnT3 - (T2^WT3 + h.c.) is: -1.782376407188458e-06 3.1768656569020357e-12
total cost: -7.784196430469462
singles alt: [(4, 0), (5, 1), (6, 0), (7, 1), (8, 0), (9, 1), (10, 0), (11, 1), (4, 2), (5, 3), (6, 2), (7, 3), (8, 2), (9, 3), (10, 2), (11, 3)]
length: 16 76
Estimated difference between T3^fnT3 - (T2^WT3 + h.c.) is: -1.7823765544627302e-06 3.176866181898434e-12
total cost: -7.784196430365289
singles alt: [(4, 0), (5, 1), (6, 0), (7, 1), (8, 0), (9, 1), (10, 0), (11, 1), (4, 2), (5, 3), (6, 2), (7, 3), (8, 2), (9, 3), (10, 2), (11, 3)]
length: 16 76
Estimated difference between T3^fnT3 - (T2^WT3 + h.c.) is: -1.7823767129685965e-06 3.1768667469327385e-12
total cost: -7.7841964303652516
singles alt: [(4, 0), (5, 1), (6, 0), (7, 1), (8, 0), (9, 1), (10, 0), (11, 1), (4, 2), (5, 3), (6, 2), (7, 3), (8, 2), (9, 3), (10, 2), (11, 3)]
length: 16 76
Estimated difference between T3^fnT3 - (T2^WT3 + h.c.) is: -1.7823763859430398e-06 3.1768655811673717e-12
total cost: -7.78419643041744
singles alt: [(4, 0), (5, 1), (6, 0), (7, 1), (8, 0), (9, 1), (10, 0), (11, 1), (4, 2), (5, 3), (6, 2), (7, 3), (8, 2), (9, 3), (10, 2), (11, 3)]
length: 16 76
Estimated difference between T3^fnT3 - (T2^WT3 + h.c.) is: -1.7823761935540404e-06 3.17686489534819e-12
total cost: -7.78419643048165
singles alt: [(4, 0), (5, 1), (6, 0), (7, 1), (8, 0), (9, 1), (10, 0), (11, 1), (4, 2), (5, 3), (6, 2), (7, 3), (8, 2), (9, 3), (10, 2), (11, 3)]
length: 16 76
Estimated difference between T3^fnT3 - (T2^WT3 + h.c.) is: -1.7823761935557616e-06 3.1768648953543257e-12
total cost: -7.784196430481607
singles alt: [(4, 0), (5, 1), (6, 0), (7, 1), (8, 0), (9, 1), (10, 0), (11, 1), (4, 2), (5, 3), (6, 2), (7, 3), (8, 2), (9, 3), (10, 2), (11, 3)]
length: 16 76
Estimated difference between T3^fnT3 - (T2^WT3 + h.c.) is: -1.7823761935529444e-06 3.1768648953442832e-12
total cost: -7.784196430481613
singles alt: [(4, 0), (5, 1), (6, 0), (7, 1), (8, 0), (9, 1), (10, 0), (11, 1), (4, 2), (5, 3), (6, 2), (7, 3), (8, 2), (9, 3), (10, 2), (11, 3)]
length: 16 76
Estimated difference between T3^fnT3 - (T2^WT3 + h.c.) is: -1.7823761935542632e-06 3.1768648953489842e-12
total cost: -7.7841964304816145
singles alt: [(4, 0), (5, 1), (6, 0), (7, 1), (8, 0), (9, 1), (10, 0), (11, 1), (4, 2), (5, 3), (6, 2), (7, 3), (8, 2), (9, 3), (10, 2), (11, 3)]
length: 16 76
Estimated difference between T3^fnT3 - (T2^WT3 + h.c.) is: -1.7823762523837632e-06 3.1768651050615884e-12
total cost: -7.784196430045769
singles alt: [(4, 0), (5, 1), (6, 0), (7, 1), (8, 0), (9, 1), (10, 0), (11, 1), (4, 2), (5, 3), (6, 2), (7, 3), (8, 2), (9, 3), (10, 2), (11, 3)]
length: 16 76
Estimated difference between T3^fnT3 - (T2^WT3 + h.c.) is: -1.7823761756174203e-06 3.176864831408581e-12
total cost: -7.784196430508365
singles alt: [(4, 0), (5, 1), (6, 0), (7, 1), (8, 0), (9, 1), (10, 0), (11, 1), (4, 2), (5, 3), (6, 2), (7, 3), (8, 2), (9, 3), (10, 2), (11, 3)]
length: 16 76
Estimated difference between T3^fnT3 - (T2^WT3 + h.c.) is: -1.7823759731786389e-06 3.1768641097645e-12
total cost: -7.784196430551071
singles alt: [(4, 0), (5, 1), (6, 0), (7, 1), (8, 0), (9, 1), (10, 0), (11, 1), (4, 2), (5, 3), (6, 2), (7, 3), (8, 2), (9, 3), (10, 2), (11, 3)]
length: 16 76
Estimated difference between T3^fnT3 - (T2^WT3 + h.c.) is: -1.7823760553588033e-06 3.1768644027164078e-12
total cost: -7.7841964305079925
singles alt: [(4, 0), (5, 1), (6, 0), (7, 1), (8, 0), (9, 1), (10, 0), (11, 1), (4, 2), (5, 3), (6, 2), (7, 3), (8, 2), (9, 3), (10, 2), (11, 3)]
length: 16 76
Estimated difference between T3^fnT3 - (T2^WT3 + h.c.) is: -1.7823761935538914e-06 3.176864895347659e-12
total cost: -7.784196430481643
singles alt: [(4, 0), (5, 1), (6, 0), (7, 1), (8, 0), (9, 1), (10, 0), (11, 1), (4, 2), (5, 3), (6, 2), (7, 3), (8, 2), (9, 3), (10, 2), (11, 3)]
length: 16 76
Estimated difference between T3^fnT3 - (T2^WT3 + h.c.) is: -1.7823761935589069e-06 3.176864895365538e-12
total cost: -7.784196430481605
singles alt: [(4, 0), (5, 1), (6, 0), (7, 1), (8, 0), (9, 1), (10, 0), (11, 1), (4, 2), (5, 3), (6, 2), (7, 3), (8, 2), (9, 3), (10, 2), (11, 3)]
length: 16 76
Estimated difference between T3^fnT3 - (T2^WT3 + h.c.) is: -1.7823761935545203e-06 3.1768648953499006e-12
total cost: -7.784196430481614
singles alt: [(4, 0), (5, 1), (6, 0), (7, 1), (8, 0), (9, 1), (10, 0), (11, 1), (4, 2), (5, 3), (6, 2), (7, 3), (8, 2), (9, 3), (10, 2), (11, 3)]
length: 16 76
Estimated difference between T3^fnT3 - (T2^WT3 + h.c.) is: -1.7823761935541506e-06 3.1768648953485827e-12
total cost: -7.784196430481616
singles alt: [(4, 0), (5, 1), (6, 0), (7, 1), (8, 0), (9, 1), (10, 0), (11, 1), (4, 2), (5, 3), (6, 2), (7, 3), (8, 2), (9, 3), (10, 2), (11, 3)]
length: 16 76
Estimated difference between T3^fnT3 - (T2^WT3 + h.c.) is: -1.7823761935549663e-06 3.1768648953514904e-12
total cost: -7.784196430481605
singles alt: [(4, 0), (5, 1), (6, 0), (7, 1), (8, 0), (9, 1), (10, 0), (11, 1), (4, 2), (5, 3), (6, 2), (7, 3), (8, 2), (9, 3), (10, 2), (11, 3)]
length: 16 76
Estimated difference between T3^fnT3 - (T2^WT3 + h.c.) is: -1.7823761935518828e-06 3.1768648953404987e-12
total cost: -7.784196430481617
singles alt: [(4, 0), (5, 1), (6, 0), (7, 1), (8, 0), (9, 1), (10, 0), (11, 1), (4, 2), (5, 3), (6, 2), (7, 3), (8, 2), (9, 3), (10, 2), (11, 3)]
length: 16 76
Estimated difference between T3^fnT3 - (T2^WT3 + h.c.) is: -1.7823761935537114e-06 3.1768648953470172e-12
total cost: -7.784196430481615
singles alt: [(4, 0), (5, 1), (6, 0), (7, 1), (8, 0), (9, 1), (10, 0), (11, 1), (4, 2), (5, 3), (6, 2), (7, 3), (8, 2), (9, 3), (10, 2), (11, 3)]
length: 16 76
Estimated difference between T3^fnT3 - (T2^WT3 + h.c.) is: -1.7823761935547405e-06 3.176864895350686e-12
total cost: -7.784196430481614
singles alt: [(4, 0), (5, 1), (6, 0), (7, 1), (8, 0), (9, 1), (10, 0), (11, 1), (4, 2), (5, 3), (6, 2), (7, 3), (8, 2), (9, 3), (10, 2), (11, 3)]
length: 16 76
Estimated difference between T3^fnT3 - (T2^WT3 + h.c.) is: -1.7823763665226974e-06 3.1768655119386527e-12
total cost: -7.784196430744904
singles alt: [(4, 0), (5, 1), (6, 0), (7, 1), (8, 0), (9, 1), (10, 0), (11, 1), (4, 2), (5, 3), (6, 2), (7, 3), (8, 2), (9, 3), (10, 2), (11, 3)]
length: 16 76
Estimated difference between T3^fnT3 - (T2^WT3 + h.c.) is: -1.782376188638333e-06 3.1768648778249105e-12
total cost: -7.784196430632824
singles alt: [(4, 0), (5, 1), (6, 0), (7, 1), (8, 0), (9, 1), (10, 0), (11, 1), (4, 2), (5, 3), (6, 2), (7, 3), (8, 2), (9, 3), (10, 2), (11, 3)]
length: 16 76
Estimated difference between T3^fnT3 - (T2^WT3 + h.c.) is: -1.782376188509794e-06 3.176864877366701e-12
total cost: -7.784196430632893
singles alt: [(4, 0), (5, 1), (6, 0), (7, 1), (8, 0), (9, 1), (10, 0), (11, 1), (4, 2), (5, 3), (6, 2), (7, 3), (8, 2), (9, 3), (10, 2), (11, 3)]
length: 16 76
Estimated difference between T3^fnT3 - (T2^WT3 + h.c.) is: -1.7823763252293342e-06 3.1768653647380253e-12
total cost: -7.78419643054456
singles alt: [(4, 0), (5, 1), (6, 0), (7, 1), (8, 0), (9, 1), (10, 0), (11, 1), (4, 2), (5, 3), (6, 2), (7, 3), (8, 2), (9, 3), (10, 2), (11, 3)]
length: 16 76
Estimated difference between T3^fnT3 - (T2^WT3 + h.c.) is: -1.7823761935492784e-06 3.1768648953312148e-12
total cost: -7.784196430481616
singles alt: [(4, 0), (5, 1), (6, 0), (7, 1), (8, 0), (9, 1), (10, 0), (11, 1), (4, 2), (5, 3), (6, 2), (7, 3), (8, 2), (9, 3), (10, 2), (11, 3)]
length: 16 76
Estimated difference between T3^fnT3 - (T2^WT3 + h.c.) is: -1.7823761935547435e-06 3.1768648953506963e-12
total cost: -7.784196430481616
singles alt: [(4, 0), (5, 1), (6, 0), (7, 1), (8, 0), (9, 1), (10, 0), (11, 1), (4, 2), (5, 3), (6, 2), (7, 3), (8, 2), (9, 3), (10, 2), (11, 3)]
length: 16 76
Estimated difference between T3^fnT3 - (T2^WT3 + h.c.) is: -1.7823761935552163e-06 3.176864895352382e-12
total cost: -7.784196430481612
singles alt: [(4, 0), (5, 1), (6, 0), (7, 1), (8, 0), (9, 1), (10, 0), (11, 1), (4, 2), (5, 3), (6, 2), (7, 3), (8, 2), (9, 3), (10, 2), (11, 3)]
length: 16 76
Estimated difference between T3^fnT3 - (T2^WT3 + h.c.) is: -1.7823761935522011e-06 3.1768648953416337e-12
total cost: -7.7841964304816145
singles alt: [(4, 0), (5, 1), (6, 0), (7, 1), (8, 0), (9, 1), (10, 0), (11, 1), (4, 2), (5, 3), (6, 2), (7, 3), (8, 2), (9, 3), (10, 2), (11, 3)]
length: 16 76
Estimated difference between T3^fnT3 - (T2^WT3 + h.c.) is: -1.782375993497813e-06 3.176864182197316e-12
total cost: -7.784196430532116
singles alt: [(4, 0), (5, 1), (6, 0), (7, 1), (8, 0), (9, 1), (10, 0), (11, 1), (4, 2), (5, 3), (6, 2), (7, 3), (8, 2), (9, 3), (10, 2), (11, 3)]
length: 16 76
Estimated difference between T3^fnT3 - (T2^WT3 + h.c.) is: -1.7823759948069997e-06 3.1768641868642417e-12
total cost: -7.784196430532588
singles alt: [(4, 0), (5, 1), (6, 0), (7, 1), (8, 0), (9, 1), (10, 0), (11, 1), (4, 2), (5, 3), (6, 2), (7, 3), (8, 2), (9, 3), (10, 2), (11, 3)]
length: 16 76
Estimated difference between T3^fnT3 - (T2^WT3 + h.c.) is: -1.7823759162414113e-06 3.1768639067974105e-12
total cost: -7.784196430481502
singles alt: [(4, 0), (5, 1), (6, 0), (7, 1), (8, 0), (9, 1), (10, 0), (11, 1), (4, 2), (5, 3), (6, 2), (7, 3), (8, 2), (9, 3), (10, 2), (11, 3)]
length: 16 76
Estimated difference between T3^fnT3 - (T2^WT3 + h.c.) is: -1.7823764705003572e-06 3.176865882593311e-12
total cost: -7.7841964304817255
singles alt: [(4, 0), (5, 1), (6, 0), (7, 1), (8, 0), (9, 1), (10, 0), (11, 1), (4, 2), (5, 3), (6, 2), (7, 3), (8, 2), (9, 3), (10, 2), (11, 3)]
length: 16 76
Estimated difference between T3^fnT3 - (T2^WT3 + h.c.) is: -1.7823761935539274e-06 3.176864895347787e-12
total cost: -7.78419643048162
singles alt: [(4, 0), (5, 1), (6, 0), (7, 1), (8, 0), (9, 1), (10, 0), (11, 1), (4, 2), (5, 3), (6, 2), (7, 3), (8, 2), (9, 3), (10, 2), (11, 3)]
length: 16 76
Estimated difference between T3^fnT3 - (T2^WT3 + h.c.) is: -1.7823761935540273e-06 3.1768648953481433e-12
total cost: -7.784196430481613
singles alt: [(4, 0), (5, 1), (6, 0), (7, 1), (8, 0), (9, 1), (10, 0), (11, 1), (4, 2), (5, 3), (6, 2), (7, 3), (8, 2), (9, 3), (10, 2), (11, 3)]
length: 16 76
Estimated difference between T3^fnT3 - (T2^WT3 + h.c.) is: -1.7823761935566688e-06 3.1768648953575597e-12
total cost: -7.78419643048161
singles alt: [(4, 0), (5, 1), (6, 0), (7, 1), (8, 0), (9, 1), (10, 0), (11, 1), (4, 2), (5, 3), (6, 2), (7, 3), (8, 2), (9, 3), (10, 2), (11, 3)]
length: 16 76
Estimated difference between T3^fnT3 - (T2^WT3 + h.c.) is: -1.7823761935578961e-06 3.1768648953619347e-12
total cost: -7.78419643048161
singles alt: [(4, 0), (5, 1), (6, 0), (7, 1), (8, 0), (9, 1), (10, 0), (11, 1), (4, 2), (5, 3), (6, 2), (7, 3), (8, 2), (9, 3), (10, 2), (11, 3)]
length: 16 76
Estimated difference between T3^fnT3 - (T2^WT3 + h.c.) is: -1.7823761935546058e-06 3.1768648953502056e-12
total cost: -7.78419643045223
singles alt: [(4, 0), (5, 1), (6, 0), (7, 1), (8, 0), (9, 1), (10, 0), (11, 1), (4, 2), (5, 3), (6, 2), (7, 3), (8, 2), (9, 3), (10, 2), (11, 3)]
length: 16 76
Estimated difference between T3^fnT3 - (T2^WT3 + h.c.) is: -1.7823761935546058e-06 3.1768648953502056e-12
total cost: -7.784196430452474
singles alt: [(4, 0), (5, 1), (6, 0), (7, 1), (8, 0), (9, 1), (10, 0), (11, 1), (4, 2), (5, 3), (6, 2), (7, 3), (8, 2), (9, 3), (10, 2), (11, 3)]
length: 16 76
Estimated difference between T3^fnT3 - (T2^WT3 + h.c.) is: -1.7823761935546058e-06 3.1768648953502056e-12
total cost: -7.784196430481608
singles alt: [(4, 0), (5, 1), (6, 0), (7, 1), (8, 0), (9, 1), (10, 0), (11, 1), (4, 2), (5, 3), (6, 2), (7, 3), (8, 2), (9, 3), (10, 2), (11, 3)]
length: 16 76
Estimated difference between T3^fnT3 - (T2^WT3 + h.c.) is: -1.7823761935546058e-06 3.1768648953502056e-12
total cost: -7.784196430481614
singles alt: [(4, 0), (5, 1), (6, 0), (7, 1), (8, 0), (9, 1), (10, 0), (11, 1), (4, 2), (5, 3), (6, 2), (7, 3), (8, 2), (9, 3), (10, 2), (11, 3)]
length: 16 76
Estimated difference between T3^fnT3 - (T2^WT3 + h.c.) is: -1.7823761935546058e-06 3.1768648953502056e-12
total cost: -7.784196430481612
singles alt: [(4, 0), (5, 1), (6, 0), (7, 1), (8, 0), (9, 1), (10, 0), (11, 1), (4, 2), (5, 3), (6, 2), (7, 3), (8, 2), (9, 3), (10, 2), (11, 3)]
length: 16 76
Estimated difference between T3^fnT3 - (T2^WT3 + h.c.) is: -1.7823761935546058e-06 3.1768648953502056e-12
total cost: -7.784196430481612
singles alt: [(4, 0), (5, 1), (6, 0), (7, 1), (8, 0), (9, 1), (10, 0), (11, 1), (4, 2), (5, 3), (6, 2), (7, 3), (8, 2), (9, 3), (10, 2), (11, 3)]
length: 16 76
Estimated difference between T3^fnT3 - (T2^WT3 + h.c.) is: -1.7823761935546058e-06 3.1768648953502056e-12
total cost: -7.7841964304298665
singles alt: [(4, 0), (5, 1), (6, 0), (7, 1), (8, 0), (9, 1), (10, 0), (11, 1), (4, 2), (5, 3), (6, 2), (7, 3), (8, 2), (9, 3), (10, 2), (11, 3)]
length: 16 76
Estimated difference between T3^fnT3 - (T2^WT3 + h.c.) is: -1.7823761935546058e-06 3.1768648953502056e-12
total cost: -7.784196430429932
singles alt: [(4, 0), (5, 1), (6, 0), (7, 1), (8, 0), (9, 1), (10, 0), (11, 1), (4, 2), (5, 3), (6, 2), (7, 3), (8, 2), (9, 3), (10, 2), (11, 3)]
length: 16 76
Estimated difference between T3^fnT3 - (T2^WT3 + h.c.) is: -1.7823761935546058e-06 3.1768648953502056e-12
total cost: -7.784196430563689
singles alt: [(4, 0), (5, 1), (6, 0), (7, 1), (8, 0), (9, 1), (10, 0), (11, 1), (4, 2), (5, 3), (6, 2), (7, 3), (8, 2), (9, 3), (10, 2), (11, 3)]
length: 16 76
Estimated difference between T3^fnT3 - (T2^WT3 + h.c.) is: -1.7823761935546058e-06 3.1768648953502056e-12
total cost: -7.784196430563877
singles alt: [(4, 0), (5, 1), (6, 0), (7, 1), (8, 0), (9, 1), (10, 0), (11, 1), (4, 2), (5, 3), (6, 2), (7, 3), (8, 2), (9, 3), (10, 2), (11, 3)]
length: 16 76
Estimated difference between T3^fnT3 - (T2^WT3 + h.c.) is: -1.7823761935546058e-06 3.1768648953502056e-12
total cost: -7.784196430481615
singles alt: [(4, 0), (5, 1), (6, 0), (7, 1), (8, 0), (9, 1), (10, 0), (11, 1), (4, 2), (5, 3), (6, 2), (7, 3), (8, 2), (9, 3), (10, 2), (11, 3)]
length: 16 76
Estimated difference between T3^fnT3 - (T2^WT3 + h.c.) is: -1.7823761935546058e-06 3.1768648953502056e-12
total cost: -7.784196430481616
singles alt: [(4, 0), (5, 1), (6, 0), (7, 1), (8, 0), (9, 1), (10, 0), (11, 1), (4, 2), (5, 3), (6, 2), (7, 3), (8, 2), (9, 3), (10, 2), (11, 3)]
length: 16 76
Estimated difference between T3^fnT3 - (T2^WT3 + h.c.) is: -1.7823761935546058e-06 3.1768648953502056e-12
total cost: -7.7841964304816145
singles alt: [(4, 0), (5, 1), (6, 0), (7, 1), (8, 0), (9, 1), (10, 0), (11, 1), (4, 2), (5, 3), (6, 2), (7, 3), (8, 2), (9, 3), (10, 2), (11, 3)]
length: 16 76
Estimated difference between T3^fnT3 - (T2^WT3 + h.c.) is: -1.7823761935546058e-06 3.1768648953502056e-12
total cost: -7.7841964304816145
singles alt: [(4, 0), (5, 1), (6, 0), (7, 1), (8, 0), (9, 1), (10, 0), (11, 1), (4, 2), (5, 3), (6, 2), (7, 3), (8, 2), (9, 3), (10, 2), (11, 3)]
length: 16 76
Estimated difference between T3^fnT3 - (T2^WT3 + h.c.) is: -1.7823761935546058e-06 3.1768648953502056e-12
total cost: -7.784196430494843
singles alt: [(4, 0), (5, 1), (6, 0), (7, 1), (8, 0), (9, 1), (10, 0), (11, 1), (4, 2), (5, 3), (6, 2), (7, 3), (8, 2), (9, 3), (10, 2), (11, 3)]
length: 16 76
Estimated difference between T3^fnT3 - (T2^WT3 + h.c.) is: -1.7823761935546058e-06 3.1768648953502056e-12
total cost: -7.784196430494946
singles alt: [(4, 0), (5, 1), (6, 0), (7, 1), (8, 0), (9, 1), (10, 0), (11, 1), (4, 2), (5, 3), (6, 2), (7, 3), (8, 2), (9, 3), (10, 2), (11, 3)]
length: 16 76
Estimated difference between T3^fnT3 - (T2^WT3 + h.c.) is: -1.6460186475207639e-06 2.7093773879860845e-12
total cost: -7.784297772381465
singles alt: [(4, 0), (5, 1), (6, 0), (7, 1), (8, 0), (9, 1), (10, 0), (11, 1), (4, 2), (5, 3), (6, 2), (7, 3), (8, 2), (9, 3), (10, 2), (11, 3)]
length: 16 76
Estimated difference between T3^fnT3 - (T2^WT3 + h.c.) is: -1.6460189209803848e-06 2.7093782882254303e-12
total cost: -7.784297772537971
singles alt: [(4, 0), (5, 1), (6, 0), (7, 1), (8, 0), (9, 1), (10, 0), (11, 1), (4, 2), (5, 3), (6, 2), (7, 3), (8, 2), (9, 3), (10, 2), (11, 3)]
length: 16 76
Estimated difference between T3^fnT3 - (T2^WT3 + h.c.) is: -1.6460187114486837e-06 2.709377598439185e-12
total cost: -7.784297772367731
singles alt: [(4, 0), (5, 1), (6, 0), (7, 1), (8, 0), (9, 1), (10, 0), (11, 1), (4, 2), (5, 3), (6, 2), (7, 3), (8, 2), (9, 3), (10, 2), (11, 3)]
length: 16 76
Estimated difference between T3^fnT3 - (T2^WT3 + h.c.) is: -1.6460187114264593e-06 2.7093775983660216e-12
total cost: -7.784297772367757
singles alt: [(4, 0), (5, 1), (6, 0), (7, 1), (8, 0), (9, 1), (10, 0), (11, 1), (4, 2), (5, 3), (6, 2), (7, 3), (8, 2), (9, 3), (10, 2), (11, 3)]
length: 16 76
Estimated difference between T3^fnT3 - (T2^WT3 + h.c.) is: -1.64601870611121e-06 2.709377580868022e-12
total cost: -7.784297772390135
singles alt: [(4, 0), (5, 1), (6, 0), (7, 1), (8, 0), (9, 1), (10, 0), (11, 1), (4, 2), (5, 3), (6, 2), (7, 3), (8, 2), (9, 3), (10, 2), (11, 3)]
length: 16 76
Estimated difference between T3^fnT3 - (T2^WT3 + h.c.) is: -1.6460186475203884e-06 2.7093773879848486e-12
total cost: -7.784297772381465
singles alt: [(4, 0), (5, 1), (6, 0), (7, 1), (8, 0), (9, 1), (10, 0), (11, 1), (4, 2), (5, 3), (6, 2), (7, 3), (8, 2), (9, 3), (10, 2), (11, 3)]
length: 16 76
Estimated difference between T3^fnT3 - (T2^WT3 + h.c.) is: -1.6460186475239568e-06 2.709377387996596e-12
total cost: -7.784297772381464
singles alt: [(4, 0), (5, 1), (6, 0), (7, 1), (8, 0), (9, 1), (10, 0), (11, 1), (4, 2), (5, 3), (6, 2), (7, 3), (8, 2), (9, 3), (10, 2), (11, 3)]
length: 16 76
Estimated difference between T3^fnT3 - (T2^WT3 + h.c.) is: -1.6460186475214036e-06 2.709377387988191e-12
total cost: -7.784297772381464
singles alt: [(4, 0), (5, 1), (6, 0), (7, 1), (8, 0), (9, 1), (10, 0), (11, 1), (4, 2), (5, 3), (6, 2), (7, 3), (8, 2), (9, 3), (10, 2), (11, 3)]
length: 16 76
Estimated difference between T3^fnT3 - (T2^WT3 + h.c.) is: -1.6460186475204568e-06 2.709377387985074e-12
total cost: -7.784297772381468
singles alt: [(4, 0), (5, 1), (6, 0), (7, 1), (8, 0), (9, 1), (10, 0), (11, 1), (4, 2), (5, 3), (6, 2), (7, 3), (8, 2), (9, 3), (10, 2), (11, 3)]
length: 16 76
Estimated difference between T3^fnT3 - (T2^WT3 + h.c.) is: -1.6460186475202489e-06 2.7093773879843894e-12
total cost: -7.784297772381468
singles alt: [(4, 0), (5, 1), (6, 0), (7, 1), (8, 0), (9, 1), (10, 0), (11, 1), (4, 2), (5, 3), (6, 2), (7, 3), (8, 2), (9, 3), (10, 2), (11, 3)]
length: 16 76
Estimated difference between T3^fnT3 - (T2^WT3 + h.c.) is: -1.6460186475176421e-06 2.7093773879758078e-12
total cost: -7.784297772381468
singles alt: [(4, 0), (5, 1), (6, 0), (7, 1), (8, 0), (9, 1), (10, 0), (11, 1), (4, 2), (5, 3), (6, 2), (7, 3), (8, 2), (9, 3), (10, 2), (11, 3)]
length: 16 76
Estimated difference between T3^fnT3 - (T2^WT3 + h.c.) is: -1.646018647519642e-06 2.7093773879823913e-12
total cost: -7.784297772381465
singles alt: [(4, 0), (5, 1), (6, 0), (7, 1), (8, 0), (9, 1), (10, 0), (11, 1), (4, 2), (5, 3), (6, 2), (7, 3), (8, 2), (9, 3), (10, 2), (11, 3)]
length: 16 76
Estimated difference between T3^fnT3 - (T2^WT3 + h.c.) is: -1.6460186475206919e-06 2.709377387985848e-12
total cost: -7.784297772381465
singles alt: [(4, 0), (5, 1), (6, 0), (7, 1), (8, 0), (9, 1), (10, 0), (11, 1), (4, 2), (5, 3), (6, 2), (7, 3), (8, 2), (9, 3), (10, 2), (11, 3)]
length: 16 76
Estimated difference between T3^fnT3 - (T2^WT3 + h.c.) is: -1.6460187058768131e-06 2.7093775800963786e-12
total cost: -7.7842977722556315
singles alt: [(4, 0), (5, 1), (6, 0), (7, 1), (8, 0), (9, 1), (10, 0), (11, 1), (4, 2), (5, 3), (6, 2), (7, 3), (8, 2), (9, 3), (10, 2), (11, 3)]
length: 16 76
Estimated difference between T3^fnT3 - (T2^WT3 + h.c.) is: -1.6460184360879057e-06 2.709376691941275e-12
total cost: -7.784297772432368
singles alt: [(4, 0), (5, 1), (6, 0), (7, 1), (8, 0), (9, 1), (10, 0), (11, 1), (4, 2), (5, 3), (6, 2), (7, 3), (8, 2), (9, 3), (10, 2), (11, 3)]
length: 16 76
Estimated difference between T3^fnT3 - (T2^WT3 + h.c.) is: -1.6460186120399636e-06 2.709377271181968e-12
total cost: -7.784297772395928
singles alt: [(4, 0), (5, 1), (6, 0), (7, 1), (8, 0), (9, 1), (10, 0), (11, 1), (4, 2), (5, 3), (6, 2), (7, 3), (8, 2), (9, 3), (10, 2), (11, 3)]
length: 16 76
Estimated difference between T3^fnT3 - (T2^WT3 + h.c.) is: -1.6460185084438656e-06 2.709376930139768e-12
total cost: -7.784297772426708
singles alt: [(4, 0), (5, 1), (6, 0), (7, 1), (8, 0), (9, 1), (10, 0), (11, 1), (4, 2), (5, 3), (6, 2), (7, 3), (8, 2), (9, 3), (10, 2), (11, 3)]
length: 16 76
Estimated difference between T3^fnT3 - (T2^WT3 + h.c.) is: -1.6460186475203814e-06 2.7093773879848256e-12
total cost: -7.784297772381465
singles alt: [(4, 0), (5, 1), (6, 0), (7, 1), (8, 0), (9, 1), (10, 0), (11, 1), (4, 2), (5, 3), (6, 2), (7, 3), (8, 2), (9, 3), (10, 2), (11, 3)]
length: 16 76
Estimated difference between T3^fnT3 - (T2^WT3 + h.c.) is: -1.646018647518387e-06 2.7093773879782595e-12
total cost: -7.784297772381468
singles alt: [(4, 0), (5, 1), (6, 0), (7, 1), (8, 0), (9, 1), (10, 0), (11, 1), (4, 2), (5, 3), (6, 2), (7, 3), (8, 2), (9, 3), (10, 2), (11, 3)]
length: 16 76
Estimated difference between T3^fnT3 - (T2^WT3 + h.c.) is: -1.6460186475174924e-06 2.709377387975315e-12
total cost: -7.784297772381468
singles alt: [(4, 0), (5, 1), (6, 0), (7, 1), (8, 0), (9, 1), (10, 0), (11, 1), (4, 2), (5, 3), (6, 2), (7, 3), (8, 2), (9, 3), (10, 2), (11, 3)]
length: 16 76
Estimated difference between T3^fnT3 - (T2^WT3 + h.c.) is: -1.6460186475205432e-06 2.7093773879853583e-12
total cost: -7.784297772381465
singles alt: [(4, 0), (5, 1), (6, 0), (7, 1), (8, 0), (9, 1), (10, 0), (11, 1), (4, 2), (5, 3), (6, 2), (7, 3), (8, 2), (9, 3), (10, 2), (11, 3)]
length: 16 76
Estimated difference between T3^fnT3 - (T2^WT3 + h.c.) is: -1.646018850116888e-06 2.709378054940122e-12
total cost: -7.7842977723949565
singles alt: [(4, 0), (5, 1), (6, 0), (7, 1), (8, 0), (9, 1), (10, 0), (11, 1), (4, 2), (5, 3), (6, 2), (7, 3), (8, 2), (9, 3), (10, 2), (11, 3)]
length: 16 76
Estimated difference between T3^fnT3 - (T2^WT3 + h.c.) is: -1.6460190376963825e-06 2.7093786724589253e-12
total cost: -7.7842977723451865
singles alt: [(4, 0), (5, 1), (6, 0), (7, 1), (8, 0), (9, 1), (10, 0), (11, 1), (4, 2), (5, 3), (6, 2), (7, 3), (8, 2), (9, 3), (10, 2), (11, 3)]
length: 16 76
Estimated difference between T3^fnT3 - (T2^WT3 + h.c.) is: -1.646018918698644e-06 2.7093782807138532e-12
total cost: -7.784297772345139
singles alt: [(4, 0), (5, 1), (6, 0), (7, 1), (8, 0), (9, 1), (10, 0), (11, 1), (4, 2), (5, 3), (6, 2), (7, 3), (8, 2), (9, 3), (10, 2), (11, 3)]
length: 16 76
Estimated difference between T3^fnT3 - (T2^WT3 + h.c.) is: -1.6460188344645429e-06 2.709378003412012e-12
total cost: -7.784297772335628
singles alt: [(4, 0), (5, 1), (6, 0), (7, 1), (8, 0), (9, 1), (10, 0), (11, 1), (4, 2), (5, 3), (6, 2), (7, 3), (8, 2), (9, 3), (10, 2), (11, 3)]
length: 16 76
Estimated difference between T3^fnT3 - (T2^WT3 + h.c.) is: -1.6460186723774578e-06 2.7093774698152486e-12
total cost: -7.784297772381444
singles alt: [(4, 0), (5, 1), (6, 0), (7, 1), (8, 0), (9, 1), (10, 0), (11, 1), (4, 2), (5, 3), (6, 2), (7, 3), (8, 2), (9, 3), (10, 2), (11, 3)]
length: 16 76
Estimated difference between T3^fnT3 - (T2^WT3 + h.c.) is: -1.6460187773833123e-06 2.709377815498454e-12
total cost: -7.784297772381466
singles alt: [(4, 0), (5, 1), (6, 0), (7, 1), (8, 0), (9, 1), (10, 0), (11, 1), (4, 2), (5, 3), (6, 2), (7, 3), (8, 2), (9, 3), (10, 2), (11, 3)]
length: 16 76
Estimated difference between T3^fnT3 - (T2^WT3 + h.c.) is: -1.6460187773219261e-06 2.7093778152963687e-12
total cost: -7.784297772381462
singles alt: [(4, 0), (5, 1), (6, 0), (7, 1), (8, 0), (9, 1), (10, 0), (11, 1), (4, 2), (5, 3), (6, 2), (7, 3), (8, 2), (9, 3), (10, 2), (11, 3)]
length: 16 76
Estimated difference between T3^fnT3 - (T2^WT3 + h.c.) is: -1.6460186694852377e-06 2.709377460293952e-12
total cost: -7.784297772381469
singles alt: [(4, 0), (5, 1), (6, 0), (7, 1), (8, 0), (9, 1), (10, 0), (11, 1), (4, 2), (5, 3), (6, 2), (7, 3), (8, 2), (9, 3), (10, 2), (11, 3)]
length: 16 76
Estimated difference between T3^fnT3 - (T2^WT3 + h.c.) is: -1.6460186475202862e-06 2.709377387984512e-12
total cost: -7.7842977723814775
singles alt: [(4, 0), (5, 1), (6, 0), (7, 1), (8, 0), (9, 1), (10, 0), (11, 1), (4, 2), (5, 3), (6, 2), (7, 3), (8, 2), (9, 3), (10, 2), (11, 3)]
length: 16 76
Estimated difference between T3^fnT3 - (T2^WT3 + h.c.) is: -1.6460186475209883e-06 2.7093773879868237e-12
total cost: -7.784297772381464
singles alt: [(4, 0), (5, 1), (6, 0), (7, 1), (8, 0), (9, 1), (10, 0), (11, 1), (4, 2), (5, 3), (6, 2), (7, 3), (8, 2), (9, 3), (10, 2), (11, 3)]
length: 16 76
Estimated difference between T3^fnT3 - (T2^WT3 + h.c.) is: -1.6460186475202241e-06 2.709377387984308e-12
total cost: -7.784297772381465
singles alt: [(4, 0), (5, 1), (6, 0), (7, 1), (8, 0), (9, 1), (10, 0), (11, 1), (4, 2), (5, 3), (6, 2), (7, 3), (8, 2), (9, 3), (10, 2), (11, 3)]
length: 16 76
Estimated difference between T3^fnT3 - (T2^WT3 + h.c.) is: -1.6460186475206483e-06 2.709377387985704e-12
total cost: -7.784297772381466
singles alt: [(4, 0), (5, 1), (6, 0), (7, 1), (8, 0), (9, 1), (10, 0), (11, 1), (4, 2), (5, 3), (6, 2), (7, 3), (8, 2), (9, 3), (10, 2), (11, 3)]
length: 16 76
Estimated difference between T3^fnT3 - (T2^WT3 + h.c.) is: -1.646018647520079e-06 2.7093773879838304e-12
total cost: -7.784297772381468
singles alt: [(4, 0), (5, 1), (6, 0), (7, 1), (8, 0), (9, 1), (10, 0), (11, 1), (4, 2), (5, 3), (6, 2), (7, 3), (8, 2), (9, 3), (10, 2), (11, 3)]
length: 16 76
Estimated difference between T3^fnT3 - (T2^WT3 + h.c.) is: -1.6460186475213488e-06 2.7093773879880103e-12
total cost: -7.784297772381464
singles alt: [(4, 0), (5, 1), (6, 0), (7, 1), (8, 0), (9, 1), (10, 0), (11, 1), (4, 2), (5, 3), (6, 2), (7, 3), (8, 2), (9, 3), (10, 2), (11, 3)]
length: 16 76
Estimated difference between T3^fnT3 - (T2^WT3 + h.c.) is: -1.6460186475172728e-06 2.709377387974592e-12
total cost: -7.784297772381468
singles alt: [(4, 0), (5, 1), (6, 0), (7, 1), (8, 0), (9, 1), (10, 0), (11, 1), (4, 2), (5, 3), (6, 2), (7, 3), (8, 2), (9, 3), (10, 2), (11, 3)]
length: 16 76
Estimated difference between T3^fnT3 - (T2^WT3 + h.c.) is: -1.6460186475204767e-06 2.7093773879851394e-12
total cost: -7.784297772381465
singles alt: [(4, 0), (5, 1), (6, 0), (7, 1), (8, 0), (9, 1), (10, 0), (11, 1), (4, 2), (5, 3), (6, 2), (7, 3), (8, 2), (9, 3), (10, 2), (11, 3)]
length: 16 76
Estimated difference between T3^fnT3 - (T2^WT3 + h.c.) is: -1.6460186723768348e-06 2.7093774698131976e-12
total cost: -7.784297772381446
singles alt: [(4, 0), (5, 1), (6, 0), (7, 1), (8, 0), (9, 1), (10, 0), (11, 1), (4, 2), (5, 3), (6, 2), (7, 3), (8, 2), (9, 3), (10, 2), (11, 3)]
length: 16 76
Estimated difference between T3^fnT3 - (T2^WT3 + h.c.) is: -1.6460187773756098e-06 2.7093778154730974e-12
total cost: -7.784297772381467
singles alt: [(4, 0), (5, 1), (6, 0), (7, 1), (8, 0), (9, 1), (10, 0), (11, 1), (4, 2), (5, 3), (6, 2), (7, 3), (8, 2), (9, 3), (10, 2), (11, 3)]
length: 16 76
Estimated difference between T3^fnT3 - (T2^WT3 + h.c.) is: -1.6460187773123068e-06 2.7093778152647016e-12
total cost: -7.7842977723814695
singles alt: [(4, 0), (5, 1), (6, 0), (7, 1), (8, 0), (9, 1), (10, 0), (11, 1), (4, 2), (5, 3), (6, 2), (7, 3), (8, 2), (9, 3), (10, 2), (11, 3)]
length: 16 76
Estimated difference between T3^fnT3 - (T2^WT3 + h.c.) is: -1.6460186694860515e-06 2.7093774602966312e-12
total cost: -7.784297772381465
singles alt: [(4, 0), (5, 1), (6, 0), (7, 1), (8, 0), (9, 1), (10, 0), (11, 1), (4, 2), (5, 3), (6, 2), (7, 3), (8, 2), (9, 3), (10, 2), (11, 3)]
length: 16 76
Estimated difference between T3^fnT3 - (T2^WT3 + h.c.) is: -1.646018850129071e-06 2.7093780549802295e-12
total cost: -7.784297772395062
singles alt: [(4, 0), (5, 1), (6, 0), (7, 1), (8, 0), (9, 1), (10, 0), (11, 1), (4, 2), (5, 3), (6, 2), (7, 3), (8, 2), (9, 3), (10, 2), (11, 3)]
length: 16 76
Estimated difference between T3^fnT3 - (T2^WT3 + h.c.) is: -1.6460189188538814e-06 2.7093782812249006e-12
total cost: -7.784297772345224
singles alt: [(4, 0), (5, 1), (6, 0), (7, 1), (8, 0), (9, 1), (10, 0), (11, 1), (4, 2), (5, 3), (6, 2), (7, 3), (8, 2), (9, 3), (10, 2), (11, 3)]
length: 16 76
Estimated difference between T3^fnT3 - (T2^WT3 + h.c.) is: -1.6460190378990619e-06 2.709378673126153e-12
total cost: -7.784297772345258
singles alt: [(4, 0), (5, 1), (6, 0), (7, 1), (8, 0), (9, 1), (10, 0), (11, 1), (4, 2), (5, 3), (6, 2), (7, 3), (8, 2), (9, 3), (10, 2), (11, 3)]
length: 16 76
Estimated difference between T3^fnT3 - (T2^WT3 + h.c.) is: -1.6460188345589443e-06 2.7093780037227853e-12
total cost: -7.784297772335694
singles alt: [(4, 0), (5, 1), (6, 0), (7, 1), (8, 0), (9, 1), (10, 0), (11, 1), (4, 2), (5, 3), (6, 2), (7, 3), (8, 2), (9, 3), (10, 2), (11, 3)]
length: 16 76
Estimated difference between T3^fnT3 - (T2^WT3 + h.c.) is: -1.6460186475205585e-06 2.7093773879854084e-12
total cost: -7.7842977723814775
singles alt: [(4, 0), (5, 1), (6, 0), (7, 1), (8, 0), (9, 1), (10, 0), (11, 1), (4, 2), (5, 3), (6, 2), (7, 3), (8, 2), (9, 3), (10, 2), (11, 3)]
length: 16 76
Estimated difference between T3^fnT3 - (T2^WT3 + h.c.) is: -1.6460186475210112e-06 2.709377387986899e-12
total cost: -7.784297772381463
singles alt: [(4, 0), (5, 1), (6, 0), (7, 1), (8, 0), (9, 1), (10, 0), (11, 1), (4, 2), (5, 3), (6, 2), (7, 3), (8, 2), (9, 3), (10, 2), (11, 3)]
length: 16 76
Estimated difference between T3^fnT3 - (T2^WT3 + h.c.) is: -1.6460186475200486e-06 2.70937738798373e-12
total cost: -7.784297772381465
singles alt: [(4, 0), (5, 1), (6, 0), (7, 1), (8, 0), (9, 1), (10, 0), (11, 1), (4, 2), (5, 3), (6, 2), (7, 3), (8, 2), (9, 3), (10, 2), (11, 3)]
length: 16 76
Estimated difference between T3^fnT3 - (T2^WT3 + h.c.) is: -1.6460186475205608e-06 2.709377387985416e-12
total cost: -7.784297772381466
singles alt: [(4, 0), (5, 1), (6, 0), (7, 1), (8, 0), (9, 1), (10, 0), (11, 1), (4, 2), (5, 3), (6, 2), (7, 3), (8, 2), (9, 3), (10, 2), (11, 3)]
length: 16 76
Estimated difference between T3^fnT3 - (T2^WT3 + h.c.) is: -1.6460187058180013e-06 2.709377579902768e-12
total cost: -7.784297772256154
singles alt: [(4, 0), (5, 1), (6, 0), (7, 1), (8, 0), (9, 1), (10, 0), (11, 1), (4, 2), (5, 3), (6, 2), (7, 3), (8, 2), (9, 3), (10, 2), (11, 3)]
length: 16 76
Estimated difference between T3^fnT3 - (T2^WT3 + h.c.) is: -1.6460186119991915e-06 2.7093772710477447e-12
total cost: -7.784297772395967
singles alt: [(4, 0), (5, 1), (6, 0), (7, 1), (8, 0), (9, 1), (10, 0), (11, 1), (4, 2), (5, 3), (6, 2), (7, 3), (8, 2), (9, 3), (10, 2), (11, 3)]
length: 16 76
Estimated difference between T3^fnT3 - (T2^WT3 + h.c.) is: -1.6460184356343536e-06 2.7093766904481646e-12
total cost: -7.784297772432825
singles alt: [(4, 0), (5, 1), (6, 0), (7, 1), (8, 0), (9, 1), (10, 0), (11, 1), (4, 2), (5, 3), (6, 2), (7, 3), (8, 2), (9, 3), (10, 2), (11, 3)]
length: 16 76
Estimated difference between T3^fnT3 - (T2^WT3 + h.c.) is: -1.6460185081805677e-06 2.7093769292729817e-12
total cost: -7.784297772426626
singles alt: [(4, 0), (5, 1), (6, 0), (7, 1), (8, 0), (9, 1), (10, 0), (11, 1), (4, 2), (5, 3), (6, 2), (7, 3), (8, 2), (9, 3), (10, 2), (11, 3)]
length: 16 76
Estimated difference between T3^fnT3 - (T2^WT3 + h.c.) is: -1.6460186475204505e-06 2.709377387985053e-12
total cost: -7.784297772381474
singles alt: [(4, 0), (5, 1), (6, 0), (7, 1), (8, 0), (9, 1), (10, 0), (11, 1), (4, 2), (5, 3), (6, 2), (7, 3), (8, 2), (9, 3), (10, 2), (11, 3)]
length: 16 76
Estimated difference between T3^fnT3 - (T2^WT3 + h.c.) is: -1.6460186475215897e-06 2.7093773879888036e-12
total cost: -7.784297772381463
singles alt: [(4, 0), (5, 1), (6, 0), (7, 1), (8, 0), (9, 1), (10, 0), (11, 1), (4, 2), (5, 3), (6, 2), (7, 3), (8, 2), (9, 3), (10, 2), (11, 3)]
length: 16 76
Estimated difference between T3^fnT3 - (T2^WT3 + h.c.) is: -1.6460186475207914e-06 2.7093773879861754e-12
total cost: -7.784297772381464
singles alt: [(4, 0), (5, 1), (6, 0), (7, 1), (8, 0), (9, 1), (10, 0), (11, 1), (4, 2), (5, 3), (6, 2), (7, 3), (8, 2), (9, 3), (10, 2), (11, 3)]
length: 16 76
Estimated difference between T3^fnT3 - (T2^WT3 + h.c.) is: -1.6460186475204886e-06 2.7093773879851786e-12
total cost: -7.784297772381467
singles alt: [(4, 0), (5, 1), (6, 0), (7, 1), (8, 0), (9, 1), (10, 0), (11, 1), (4, 2), (5, 3), (6, 2), (7, 3), (8, 2), (9, 3), (10, 2), (11, 3)]
length: 16 76
Estimated difference between T3^fnT3 - (T2^WT3 + h.c.) is: -1.6460186475207546e-06 2.7093773879860543e-12
total cost: -7.7842977723814615
singles alt: [(4, 0), (5, 1), (6, 0), (7, 1), (8, 0), (9, 1), (10, 0), (11, 1), (4, 2), (5, 3), (6, 2), (7, 3), (8, 2), (9, 3), (10, 2), (11, 3)]
length: 16 76
Estimated difference between T3^fnT3 - (T2^WT3 + h.c.) is: -1.6460186475194995e-06 2.7093773879819224e-12
total cost: -7.784297772381469
singles alt: [(4, 0), (5, 1), (6, 0), (7, 1), (8, 0), (9, 1), (10, 0), (11, 1), (4, 2), (5, 3), (6, 2), (7, 3), (8, 2), (9, 3), (10, 2), (11, 3)]
length: 16 76
Estimated difference between T3^fnT3 - (T2^WT3 + h.c.) is: -1.6460186475201477e-06 2.709377387984056e-12
total cost: -7.784297772381465
singles alt: [(4, 0), (5, 1), (6, 0), (7, 1), (8, 0), (9, 1), (10, 0), (11, 1), (4, 2), (5, 3), (6, 2), (7, 3), (8, 2), (9, 3), (10, 2), (11, 3)]
length: 16 76
Estimated difference between T3^fnT3 - (T2^WT3 + h.c.) is: -1.6460186475207707e-06 2.709377387986107e-12
total cost: -7.784297772381465
singles alt: [(4, 0), (5, 1), (6, 0), (7, 1), (8, 0), (9, 1), (10, 0), (11, 1), (4, 2), (5, 3), (6, 2), (7, 3), (8, 2), (9, 3), (10, 2), (11, 3)]
length: 16 76
Estimated difference between T3^fnT3 - (T2^WT3 + h.c.) is: -1.646018827746497e-06 2.709377981295952e-12
total cost: -7.784297772376606
singles alt: [(4, 0), (5, 1), (6, 0), (7, 1), (8, 0), (9, 1), (10, 0), (11, 1), (4, 2), (5, 3), (6, 2), (7, 3), (8, 2), (9, 3), (10, 2), (11, 3)]
length: 16 76
Estimated difference between T3^fnT3 - (T2^WT3 + h.c.) is: -1.6460186715801888e-06 2.7093774671906097e-12
total cost: -7.784297772392391
singles alt: [(4, 0), (5, 1), (6, 0), (7, 1), (8, 0), (9, 1), (10, 0), (11, 1), (4, 2), (5, 3), (6, 2), (7, 3), (8, 2), (9, 3), (10, 2), (11, 3)]
length: 16 76
Estimated difference between T3^fnT3 - (T2^WT3 + h.c.) is: -1.6460186715362416e-06 2.7093774670459335e-12
total cost: -7.784297772392405
singles alt: [(4, 0), (5, 1), (6, 0), (7, 1), (8, 0), (9, 1), (10, 0), (11, 1), (4, 2), (5, 3), (6, 2), (7, 3), (8, 2), (9, 3), (10, 2), (11, 3)]
length: 16 76
Estimated difference between T3^fnT3 - (T2^WT3 + h.c.) is: -1.6460187793644275e-06 2.70937782202036e-12
total cost: -7.784297772438599
singles alt: [(4, 0), (5, 1), (6, 0), (7, 1), (8, 0), (9, 1), (10, 0), (11, 1), (4, 2), (5, 3), (6, 2), (7, 3), (8, 2), (9, 3), (10, 2), (11, 3)]
length: 16 76
Estimated difference between T3^fnT3 - (T2^WT3 + h.c.) is: -1.6460186475174353e-06 2.709377387975127e-12
total cost: -7.784297772381468
singles alt: [(4, 0), (5, 1), (6, 0), (7, 1), (8, 0), (9, 1), (10, 0), (11, 1), (4, 2), (5, 3), (6, 2), (7, 3), (8, 2), (9, 3), (10, 2), (11, 3)]
length: 16 76
Estimated difference between T3^fnT3 - (T2^WT3 + h.c.) is: -1.6460186475208679e-06 2.709377387986427e-12
total cost: -7.784297772381466
singles alt: [(4, 0), (5, 1), (6, 0), (7, 1), (8, 0), (9, 1), (10, 0), (11, 1), (4, 2), (5, 3), (6, 2), (7, 3), (8, 2), (9, 3), (10, 2), (11, 3)]
length: 16 76
Estimated difference between T3^fnT3 - (T2^WT3 + h.c.) is: -1.6460186475204223e-06 2.70937738798496e-12
total cost: -7.784297772381464
singles alt: [(4, 0), (5, 1), (6, 0), (7, 1), (8, 0), (9, 1), (10, 0), (11, 1), (4, 2), (5, 3), (6, 2), (7, 3), (8, 2), (9, 3), (10, 2), (11, 3)]
length: 16 76
Estimated difference between T3^fnT3 - (T2^WT3 + h.c.) is: -1.6460186475207613e-06 2.7093773879860765e-12
total cost: -7.784297772381463
singles alt: [(4, 0), (5, 1), (6, 0), (7, 1), (8, 0), (9, 1), (10, 0), (11, 1), (4, 2), (5, 3), (6, 2), (7, 3), (8, 2), (9, 3), (10, 2), (11, 3)]
length: 16 76
Estimated difference between T3^fnT3 - (T2^WT3 + h.c.) is: -1.6460184773211953e-06 2.7093768276827863e-12
total cost: -7.784297772418721
singles alt: [(4, 0), (5, 1), (6, 0), (7, 1), (8, 0), (9, 1), (10, 0), (11, 1), (4, 2), (5, 3), (6, 2), (7, 3), (8, 2), (9, 3), (10, 2), (11, 3)]
length: 16 76
Estimated difference between T3^fnT3 - (T2^WT3 + h.c.) is: -1.646018477727334e-06 2.7093768290198103e-12
total cost: -7.784297772418855
singles alt: [(4, 0), (5, 1), (6, 0), (7, 1), (8, 0), (9, 1), (10, 0), (11, 1), (4, 2), (5, 3), (6, 2), (7, 3), (8, 2), (9, 3), (10, 2), (11, 3)]
length: 16 76
Estimated difference between T3^fnT3 - (T2^WT3 + h.c.) is: -1.6460183766319996e-06 2.7093764962102433e-12
total cost: -7.7842977723814375
singles alt: [(4, 0), (5, 1), (6, 0), (7, 1), (8, 0), (9, 1), (10, 0), (11, 1), (4, 2), (5, 3), (6, 2), (7, 3), (8, 2), (9, 3), (10, 2), (11, 3)]
length: 16 76
Estimated difference between T3^fnT3 - (T2^WT3 + h.c.) is: -1.6460189181272686e-06 2.709378278832864e-12
total cost: -7.784297772381493
singles alt: [(4, 0), (5, 1), (6, 0), (7, 1), (8, 0), (9, 1), (10, 0), (11, 1), (4, 2), (5, 3), (6, 2), (7, 3), (8, 2), (9, 3), (10, 2), (11, 3)]
length: 16 76
Estimated difference between T3^fnT3 - (T2^WT3 + h.c.) is: -1.646018647521107e-06 2.7093773879872142e-12
total cost: -7.784297772381465
singles alt: [(4, 0), (5, 1), (6, 0), (7, 1), (8, 0), (9, 1), (10, 0), (11, 1), (4, 2), (5, 3), (6, 2), (7, 3), (8, 2), (9, 3), (10, 2), (11, 3)]
length: 16 76
Estimated difference between T3^fnT3 - (T2^WT3 + h.c.) is: -1.6460186475207493e-06 2.7093773879860365e-12
total cost: -7.784297772381464
singles alt: [(4, 0), (5, 1), (6, 0), (7, 1), (8, 0), (9, 1), (10, 0), (11, 1), (4, 2), (5, 3), (6, 2), (7, 3), (8, 2), (9, 3), (10, 2), (11, 3)]
length: 16 76
Estimated difference between T3^fnT3 - (T2^WT3 + h.c.) is: -1.6460186475215523e-06 2.70937738798868e-12
total cost: -7.784297772381463
singles alt: [(4, 0), (5, 1), (6, 0), (7, 1), (8, 0), (9, 1), (10, 0), (11, 1), (4, 2), (5, 3), (6, 2), (7, 3), (8, 2), (9, 3), (10, 2), (11, 3)]
length: 16 76
Estimated difference between T3^fnT3 - (T2^WT3 + h.c.) is: -1.6460186475218966e-06 2.7093773879898137e-12
total cost: -7.784297772381463
singles alt: [(4, 0), (5, 1), (6, 0), (7, 1), (8, 0), (9, 1), (10, 0), (11, 1), (4, 2), (5, 3), (6, 2), (7, 3), (8, 2), (9, 3), (10, 2), (11, 3)]
length: 16 76
Estimated difference between T3^fnT3 - (T2^WT3 + h.c.) is: -1.6460186475207639e-06 2.7093773879860845e-12
total cost: -7.784297772380174
singles alt: [(4, 0), (5, 1), (6, 0), (7, 1), (8, 0), (9, 1), (10, 0), (11, 1), (4, 2), (5, 3), (6, 2), (7, 3), (8, 2), (9, 3), (10, 2), (11, 3)]
length: 16 76
Estimated difference between T3^fnT3 - (T2^WT3 + h.c.) is: -1.6460186475207639e-06 2.7093773879860845e-12
total cost: -7.784297772380238
singles alt: [(4, 0), (5, 1), (6, 0), (7, 1), (8, 0), (9, 1), (10, 0), (11, 1), (4, 2), (5, 3), (6, 2), (7, 3), (8, 2), (9, 3), (10, 2), (11, 3)]
length: 16 76
Estimated difference between T3^fnT3 - (T2^WT3 + h.c.) is: -1.6460186475207639e-06 2.7093773879860845e-12
total cost: -7.7842977723814615
singles alt: [(4, 0), (5, 1), (6, 0), (7, 1), (8, 0), (9, 1), (10, 0), (11, 1), (4, 2), (5, 3), (6, 2), (7, 3), (8, 2), (9, 3), (10, 2), (11, 3)]
length: 16 76
Estimated difference between T3^fnT3 - (T2^WT3 + h.c.) is: -1.6460186475207639e-06 2.7093773879860845e-12
total cost: -7.784297772381465
singles alt: [(4, 0), (5, 1), (6, 0), (7, 1), (8, 0), (9, 1), (10, 0), (11, 1), (4, 2), (5, 3), (6, 2), (7, 3), (8, 2), (9, 3), (10, 2), (11, 3)]
length: 16 76
Estimated difference between T3^fnT3 - (T2^WT3 + h.c.) is: -1.6460186475207639e-06 2.7093773879860845e-12
total cost: -7.784297772381464
singles alt: [(4, 0), (5, 1), (6, 0), (7, 1), (8, 0), (9, 1), (10, 0), (11, 1), (4, 2), (5, 3), (6, 2), (7, 3), (8, 2), (9, 3), (10, 2), (11, 3)]
length: 16 76
Estimated difference between T3^fnT3 - (T2^WT3 + h.c.) is: -1.6460186475207639e-06 2.7093773879860845e-12
total cost: -7.784297772381464
singles alt: [(4, 0), (5, 1), (6, 0), (7, 1), (8, 0), (9, 1), (10, 0), (11, 1), (4, 2), (5, 3), (6, 2), (7, 3), (8, 2), (9, 3), (10, 2), (11, 3)]
length: 16 76
Estimated difference between T3^fnT3 - (T2^WT3 + h.c.) is: -1.6460186475207639e-06 2.7093773879860845e-12
total cost: -7.784297772370272
singles alt: [(4, 0), (5, 1), (6, 0), (7, 1), (8, 0), (9, 1), (10, 0), (11, 1), (4, 2), (5, 3), (6, 2), (7, 3), (8, 2), (9, 3), (10, 2), (11, 3)]
length: 16 76
Estimated difference between T3^fnT3 - (T2^WT3 + h.c.) is: -1.6460186475207639e-06 2.7093773879860845e-12
total cost: -7.784297772370287
singles alt: [(4, 0), (5, 1), (6, 0), (7, 1), (8, 0), (9, 1), (10, 0), (11, 1), (4, 2), (5, 3), (6, 2), (7, 3), (8, 2), (9, 3), (10, 2), (11, 3)]
length: 16 76
Estimated difference between T3^fnT3 - (T2^WT3 + h.c.) is: -1.6460186475207639e-06 2.7093773879860845e-12
total cost: -7.784297772484549
singles alt: [(4, 0), (5, 1), (6, 0), (7, 1), (8, 0), (9, 1), (10, 0), (11, 1), (4, 2), (5, 3), (6, 2), (7, 3), (8, 2), (9, 3), (10, 2), (11, 3)]
length: 16 76
Estimated difference between T3^fnT3 - (T2^WT3 + h.c.) is: -1.6460186475207639e-06 2.7093773879860845e-12
total cost: -7.784297772484567
singles alt: [(4, 0), (5, 1), (6, 0), (7, 1), (8, 0), (9, 1), (10, 0), (11, 1), (4, 2), (5, 3), (6, 2), (7, 3), (8, 2), (9, 3), (10, 2), (11, 3)]
length: 16 76
Estimated difference between T3^fnT3 - (T2^WT3 + h.c.) is: -1.6460186475207639e-06 2.7093773879860845e-12
total cost: -7.784297772381467
singles alt: [(4, 0), (5, 1), (6, 0), (7, 1), (8, 0), (9, 1), (10, 0), (11, 1), (4, 2), (5, 3), (6, 2), (7, 3), (8, 2), (9, 3), (10, 2), (11, 3)]
length: 16 76
Estimated difference between T3^fnT3 - (T2^WT3 + h.c.) is: -1.6460186475207639e-06 2.7093773879860845e-12
total cost: -7.784297772381467
singles alt: [(4, 0), (5, 1), (6, 0), (7, 1), (8, 0), (9, 1), (10, 0), (11, 1), (4, 2), (5, 3), (6, 2), (7, 3), (8, 2), (9, 3), (10, 2), (11, 3)]
length: 16 76
Estimated difference between T3^fnT3 - (T2^WT3 + h.c.) is: -1.6460186475207639e-06 2.7093773879860845e-12
total cost: -7.784297772381465
singles alt: [(4, 0), (5, 1), (6, 0), (7, 1), (8, 0), (9, 1), (10, 0), (11, 1), (4, 2), (5, 3), (6, 2), (7, 3), (8, 2), (9, 3), (10, 2), (11, 3)]
length: 16 76
Estimated difference between T3^fnT3 - (T2^WT3 + h.c.) is: -1.6460186475207639e-06 2.7093773879860845e-12
total cost: -7.784297772381465
singles alt: [(4, 0), (5, 1), (6, 0), (7, 1), (8, 0), (9, 1), (10, 0), (11, 1), (4, 2), (5, 3), (6, 2), (7, 3), (8, 2), (9, 3), (10, 2), (11, 3)]
length: 16 76
Estimated difference between T3^fnT3 - (T2^WT3 + h.c.) is: -1.6460186475207639e-06 2.7093773879860845e-12
total cost: -7.784297772390847
singles alt: [(4, 0), (5, 1), (6, 0), (7, 1), (8, 0), (9, 1), (10, 0), (11, 1), (4, 2), (5, 3), (6, 2), (7, 3), (8, 2), (9, 3), (10, 2), (11, 3)]
length: 16 76
Estimated difference between T3^fnT3 - (T2^WT3 + h.c.) is: -1.6460186475207639e-06 2.7093773879860845e-12
total cost: -7.784297772390884
singles alt: [(4, 0), (5, 1), (6, 0), (7, 1), (8, 0), (9, 1), (10, 0), (11, 1), (4, 2), (5, 3), (6, 2), (7, 3), (8, 2), (9, 3), (10, 2), (11, 3)]
callback: energy=-7.784296126363
singles alt: [(4, 0), (5, 1), (6, 0), (7, 1), (8, 0), (9, 1), (10, 0), (11, 1), (4, 2), (5, 3), (6, 2), (7, 3), (8, 2), (9, 3), (10, 2), (11, 3)]
length: 16 76
Estimated difference between T3^fnT3 - (T2^WT3 + h.c.) is: -1.6761690072867256e-06 2.809542540988567e-12
total cost: -7.784358466858221
singles alt: [(4, 0), (5, 1), (6, 0), (7, 1), (8, 0), (9, 1), (10, 0), (11, 1), (4, 2), (5, 3), (6, 2), (7, 3), (8, 2), (9, 3), (10, 2), (11, 3)]
length: 16 76
Estimated difference between T3^fnT3 - (T2^WT3 + h.c.) is: -1.6761693247077649e-06 2.8095436050912848e-12
total cost: -7.78435846688303
singles alt: [(4, 0), (5, 1), (6, 0), (7, 1), (8, 0), (9, 1), (10, 0), (11, 1), (4, 2), (5, 3), (6, 2), (7, 3), (8, 2), (9, 3), (10, 2), (11, 3)]
length: 16 76
Estimated difference between T3^fnT3 - (T2^WT3 + h.c.) is: -1.6761690635298253e-06 2.8095427295344516e-12
total cost: -7.784358466853344
singles alt: [(4, 0), (5, 1), (6, 0), (7, 1), (8, 0), (9, 1), (10, 0), (11, 1), (4, 2), (5, 3), (6, 2), (7, 3), (8, 2), (9, 3), (10, 2), (11, 3)]
length: 16 76
Estimated difference between T3^fnT3 - (T2^WT3 + h.c.) is: -1.676169063543674e-06 2.8095427295808775e-12
total cost: -7.78435846685338
singles alt: [(4, 0), (5, 1), (6, 0), (7, 1), (8, 0), (9, 1), (10, 0), (11, 1), (4, 2), (5, 3), (6, 2), (7, 3), (8, 2), (9, 3), (10, 2), (11, 3)]
length: 16 76
Estimated difference between T3^fnT3 - (T2^WT3 + h.c.) is: -1.67616907071585e-06 2.809542753624436e-12
total cost: -7.784358466841196
singles alt: [(4, 0), (5, 1), (6, 0), (7, 1), (8, 0), (9, 1), (10, 0), (11, 1), (4, 2), (5, 3), (6, 2), (7, 3), (8, 2), (9, 3), (10, 2), (11, 3)]
length: 16 76
Estimated difference between T3^fnT3 - (T2^WT3 + h.c.) is: -1.6761690072863391e-06 2.8095425409872715e-12
total cost: -7.784358466858221
singles alt: [(4, 0), (5, 1), (6, 0), (7, 1), (8, 0), (9, 1), (10, 0), (11, 1), (4, 2), (5, 3), (6, 2), (7, 3), (8, 2), (9, 3), (10, 2), (11, 3)]
length: 16 76
Estimated difference between T3^fnT3 - (T2^WT3 + h.c.) is: -1.6761690072920312e-06 2.809542541006353e-12
total cost: -7.784358466858218
singles alt: [(4, 0), (5, 1), (6, 0), (7, 1), (8, 0), (9, 1), (10, 0), (11, 1), (4, 2), (5, 3), (6, 2), (7, 3), (8, 2), (9, 3), (10, 2), (11, 3)]
length: 16 76
Estimated difference between T3^fnT3 - (T2^WT3 + h.c.) is: -1.6761690072876173e-06 2.8095425409915564e-12
total cost: -7.784358466858221
singles alt: [(4, 0), (5, 1), (6, 0), (7, 1), (8, 0), (9, 1), (10, 0), (11, 1), (4, 2), (5, 3), (6, 2), (7, 3), (8, 2), (9, 3), (10, 2), (11, 3)]
length: 16 76
Estimated difference between T3^fnT3 - (T2^WT3 + h.c.) is: -1.6761690072865763e-06 2.8095425409880668e-12
total cost: -7.7843584668582215
singles alt: [(4, 0), (5, 1), (6, 0), (7, 1), (8, 0), (9, 1), (10, 0), (11, 1), (4, 2), (5, 3), (6, 2), (7, 3), (8, 2), (9, 3), (10, 2), (11, 3)]
length: 16 76
Estimated difference between T3^fnT3 - (T2^WT3 + h.c.) is: -1.6761690072870676e-06 2.8095425409897135e-12
total cost: -7.78435846685822
singles alt: [(4, 0), (5, 1), (6, 0), (7, 1), (8, 0), (9, 1), (10, 0), (11, 1), (4, 2), (5, 3), (6, 2), (7, 3), (8, 2), (9, 3), (10, 2), (11, 3)]
length: 16 76
Estimated difference between T3^fnT3 - (T2^WT3 + h.c.) is: -1.6761690072852871e-06 2.8095425409837447e-12
total cost: -7.7843584668582215
singles alt: [(4, 0), (5, 1), (6, 0), (7, 1), (8, 0), (9, 1), (10, 0), (11, 1), (4, 2), (5, 3), (6, 2), (7, 3), (8, 2), (9, 3), (10, 2), (11, 3)]
length: 16 76
Estimated difference between T3^fnT3 - (T2^WT3 + h.c.) is: -1.6761690072856528e-06 2.809542540984971e-12
total cost: -7.784358466858221
singles alt: [(4, 0), (5, 1), (6, 0), (7, 1), (8, 0), (9, 1), (10, 0), (11, 1), (4, 2), (5, 3), (6, 2), (7, 3), (8, 2), (9, 3), (10, 2), (11, 3)]
length: 16 76
Estimated difference between T3^fnT3 - (T2^WT3 + h.c.) is: -1.6761690072867292e-06 2.8095425409885793e-12
total cost: -7.78435846685822
singles alt: [(4, 0), (5, 1), (6, 0), (7, 1), (8, 0), (9, 1), (10, 0), (11, 1), (4, 2), (5, 3), (6, 2), (7, 3), (8, 2), (9, 3), (10, 2), (11, 3)]
length: 16 76
Estimated difference between T3^fnT3 - (T2^WT3 + h.c.) is: -1.6761690685143976e-06 2.8095427462444232e-12
total cost: -7.784358466845709
singles alt: [(4, 0), (5, 1), (6, 0), (7, 1), (8, 0), (9, 1), (10, 0), (11, 1), (4, 2), (5, 3), (6, 2), (7, 3), (8, 2), (9, 3), (10, 2), (11, 3)]
length: 16 76
Estimated difference between T3^fnT3 - (T2^WT3 + h.c.) is: -1.6761688123475923e-06 2.809541887486738e-12
total cost: -7.7843584668703505
singles alt: [(4, 0), (5, 1), (6, 0), (7, 1), (8, 0), (9, 1), (10, 0), (11, 1), (4, 2), (5, 3), (6, 2), (7, 3), (8, 2), (9, 3), (10, 2), (11, 3)]
length: 16 76
Estimated difference between T3^fnT3 - (T2^WT3 + h.c.) is: -1.6761689787976772e-06 2.8095424454836483e-12
total cost: -7.784358466858456
singles alt: [(4, 0), (5, 1), (6, 0), (7, 1), (8, 0), (9, 1), (10, 0), (11, 1), (4, 2), (5, 3), (6, 2), (7, 3), (8, 2), (9, 3), (10, 2), (11, 3)]
length: 16 76
Estimated difference between T3^fnT3 - (T2^WT3 + h.c.) is: -1.6761688683651075e-06 2.809542075276365e-12
total cost: -7.784358466871442
singles alt: [(4, 0), (5, 1), (6, 0), (7, 1), (8, 0), (9, 1), (10, 0), (11, 1), (4, 2), (5, 3), (6, 2), (7, 3), (8, 2), (9, 3), (10, 2), (11, 3)]
length: 16 76
Estimated difference between T3^fnT3 - (T2^WT3 + h.c.) is: -1.6761690072866487e-06 2.8095425409883095e-12
total cost: -7.7843584668582215
singles alt: [(4, 0), (5, 1), (6, 0), (7, 1), (8, 0), (9, 1), (10, 0), (11, 1), (4, 2), (5, 3), (6, 2), (7, 3), (8, 2), (9, 3), (10, 2), (11, 3)]
length: 16 76
Estimated difference between T3^fnT3 - (T2^WT3 + h.c.) is: -1.6761690072862536e-06 2.8095425409869847e-12
total cost: -7.784358466858221
singles alt: [(4, 0), (5, 1), (6, 0), (7, 1), (8, 0), (9, 1), (10, 0), (11, 1), (4, 2), (5, 3), (6, 2), (7, 3), (8, 2), (9, 3), (10, 2), (11, 3)]
length: 16 76
Estimated difference between T3^fnT3 - (T2^WT3 + h.c.) is: -1.6761690072867605e-06 2.8095425409886843e-12
total cost: -7.7843584668582215
singles alt: [(4, 0), (5, 1), (6, 0), (7, 1), (8, 0), (9, 1), (10, 0), (11, 1), (4, 2), (5, 3), (6, 2), (7, 3), (8, 2), (9, 3), (10, 2), (11, 3)]
length: 16 76
Estimated difference between T3^fnT3 - (T2^WT3 + h.c.) is: -1.6761690072865773e-06 2.80954254098807e-12
total cost: -7.78435846685822
singles alt: [(4, 0), (5, 1), (6, 0), (7, 1), (8, 0), (9, 1), (10, 0), (11, 1), (4, 2), (5, 3), (6, 2), (7, 3), (8, 2), (9, 3), (10, 2), (11, 3)]
length: 16 76
Estimated difference between T3^fnT3 - (T2^WT3 + h.c.) is: -1.6761692157076685e-06 2.8095432396860603e-12
total cost: -7.78435846684326
singles alt: [(4, 0), (5, 1), (6, 0), (7, 1), (8, 0), (9, 1), (10, 0), (11, 1), (4, 2), (5, 3), (6, 2), (7, 3), (8, 2), (9, 3), (10, 2), (11, 3)]
length: 16 76
Estimated difference between T3^fnT3 - (T2^WT3 + h.c.) is: -1.6761694350122059e-06 2.8095439748691375e-12
total cost: -7.784358466800749
singles alt: [(4, 0), (5, 1), (6, 0), (7, 1), (8, 0), (9, 1), (10, 0), (11, 1), (4, 2), (5, 3), (6, 2), (7, 3), (8, 2), (9, 3), (10, 2), (11, 3)]
length: 16 76
Estimated difference between T3^fnT3 - (T2^WT3 + h.c.) is: -1.676169304392778e-06 2.8095435369885695e-12
total cost: -7.784358466800841
singles alt: [(4, 0), (5, 1), (6, 0), (7, 1), (8, 0), (9, 1), (10, 0), (11, 1), (4, 2), (5, 3), (6, 2), (7, 3), (8, 2), (9, 3), (10, 2), (11, 3)]
length: 16 76
Estimated difference between T3^fnT3 - (T2^WT3 + h.c.) is: -1.6761691950009719e-06 2.809543170270206e-12
total cost: -7.7843584668145365
singles alt: [(4, 0), (5, 1), (6, 0), (7, 1), (8, 0), (9, 1), (10, 0), (11, 1), (4, 2), (5, 3), (6, 2), (7, 3), (8, 2), (9, 3), (10, 2), (11, 3)]
length: 16 76
Estimated difference between T3^fnT3 - (T2^WT3 + h.c.) is: -1.6761690345419904e-06 2.8095426323574283e-12
total cost: -7.784358466858207
singles alt: [(4, 0), (5, 1), (6, 0), (7, 1), (8, 0), (9, 1), (10, 0), (11, 1), (4, 2), (5, 3), (6, 2), (7, 3), (8, 2), (9, 3), (10, 2), (11, 3)]
length: 16 76
Estimated difference between T3^fnT3 - (T2^WT3 + h.c.) is: -1.6761691378797976e-06 2.809542978780704e-12
total cost: -7.7843584668582215
singles alt: [(4, 0), (5, 1), (6, 0), (7, 1), (8, 0), (9, 1), (10, 0), (11, 1), (4, 2), (5, 3), (6, 2), (7, 3), (8, 2), (9, 3), (10, 2), (11, 3)]
length: 16 76
Estimated difference between T3^fnT3 - (T2^WT3 + h.c.) is: -1.6761691377914167e-06 2.809542978484421e-12
total cost: -7.7843584668582215
singles alt: [(4, 0), (5, 1), (6, 0), (7, 1), (8, 0), (9, 1), (10, 0), (11, 1), (4, 2), (5, 3), (6, 2), (7, 3), (8, 2), (9, 3), (10, 2), (11, 3)]
length: 16 76
Estimated difference between T3^fnT3 - (T2^WT3 + h.c.) is: -1.676169031372554e-06 2.809542621732406e-12
total cost: -7.784358466858225
singles alt: [(4, 0), (5, 1), (6, 0), (7, 1), (8, 0), (9, 1), (10, 0), (11, 1), (4, 2), (5, 3), (6, 2), (7, 3), (8, 2), (9, 3), (10, 2), (11, 3)]
length: 16 76
Estimated difference between T3^fnT3 - (T2^WT3 + h.c.) is: -1.6761690072867946e-06 2.8095425409887986e-12
total cost: -7.784358466858218
singles alt: [(4, 0), (5, 1), (6, 0), (7, 1), (8, 0), (9, 1), (10, 0), (11, 1), (4, 2), (5, 3), (6, 2), (7, 3), (8, 2), (9, 3), (10, 2), (11, 3)]
length: 16 76
Estimated difference between T3^fnT3 - (T2^WT3 + h.c.) is: -1.6761690072876516e-06 2.8095425409916716e-12
total cost: -7.784358466858218
singles alt: [(4, 0), (5, 1), (6, 0), (7, 1), (8, 0), (9, 1), (10, 0), (11, 1), (4, 2), (5, 3), (6, 2), (7, 3), (8, 2), (9, 3), (10, 2), (11, 3)]
length: 16 76
Estimated difference between T3^fnT3 - (T2^WT3 + h.c.) is: -1.6761690072870316e-06 2.809542540989593e-12
total cost: -7.784358466858219
singles alt: [(4, 0), (5, 1), (6, 0), (7, 1), (8, 0), (9, 1), (10, 0), (11, 1), (4, 2), (5, 3), (6, 2), (7, 3), (8, 2), (9, 3), (10, 2), (11, 3)]
length: 16 76
Estimated difference between T3^fnT3 - (T2^WT3 + h.c.) is: -1.6761690072867233e-06 2.809542540988559e-12
total cost: -7.7843584668582215
singles alt: [(4, 0), (5, 1), (6, 0), (7, 1), (8, 0), (9, 1), (10, 0), (11, 1), (4, 2), (5, 3), (6, 2), (7, 3), (8, 2), (9, 3), (10, 2), (11, 3)]
length: 16 76
Estimated difference between T3^fnT3 - (T2^WT3 + h.c.) is: -1.6761690072870104e-06 2.809542540989522e-12
total cost: -7.78435846685822
singles alt: [(4, 0), (5, 1), (6, 0), (7, 1), (8, 0), (9, 1), (10, 0), (11, 1), (4, 2), (5, 3), (6, 2), (7, 3), (8, 2), (9, 3), (10, 2), (11, 3)]
length: 16 76
Estimated difference between T3^fnT3 - (T2^WT3 + h.c.) is: -1.6761690072874585e-06 2.809542540991024e-12
total cost: -7.784358466858221
singles alt: [(4, 0), (5, 1), (6, 0), (7, 1), (8, 0), (9, 1), (10, 0), (11, 1), (4, 2), (5, 3), (6, 2), (7, 3), (8, 2), (9, 3), (10, 2), (11, 3)]
length: 16 76
Estimated difference between T3^fnT3 - (T2^WT3 + h.c.) is: -1.6761690072857475e-06 2.809542540985288e-12
total cost: -7.7843584668582215
singles alt: [(4, 0), (5, 1), (6, 0), (7, 1), (8, 0), (9, 1), (10, 0), (11, 1), (4, 2), (5, 3), (6, 2), (7, 3), (8, 2), (9, 3), (10, 2), (11, 3)]
length: 16 76
Estimated difference between T3^fnT3 - (T2^WT3 + h.c.) is: -1.676169007286578e-06 2.8095425409880724e-12
total cost: -7.78435846685822
singles alt: [(4, 0), (5, 1), (6, 0), (7, 1), (8, 0), (9, 1), (10, 0), (11, 1), (4, 2), (5, 3), (6, 2), (7, 3), (8, 2), (9, 3), (10, 2), (11, 3)]
length: 16 76
Estimated difference between T3^fnT3 - (T2^WT3 + h.c.) is: -1.6761690345408499e-06 2.8095426323536046e-12
total cost: -7.784358466858216
singles alt: [(4, 0), (5, 1), (6, 0), (7, 1), (8, 0), (9, 1), (10, 0), (11, 1), (4, 2), (5, 3), (6, 2), (7, 3), (8, 2), (9, 3), (10, 2), (11, 3)]
length: 16 76
Estimated difference between T3^fnT3 - (T2^WT3 + h.c.) is: -1.6761691378734209e-06 2.809542978759327e-12
total cost: -7.7843584668582215
singles alt: [(4, 0), (5, 1), (6, 0), (7, 1), (8, 0), (9, 1), (10, 0), (11, 1), (4, 2), (5, 3), (6, 2), (7, 3), (8, 2), (9, 3), (10, 2), (11, 3)]
length: 16 76
Estimated difference between T3^fnT3 - (T2^WT3 + h.c.) is: -1.6761691377894558e-06 2.8095429784778476e-12
total cost: -7.784358466858221
singles alt: [(4, 0), (5, 1), (6, 0), (7, 1), (8, 0), (9, 1), (10, 0), (11, 1), (4, 2), (5, 3), (6, 2), (7, 3), (8, 2), (9, 3), (10, 2), (11, 3)]
length: 16 76
Estimated difference between T3^fnT3 - (T2^WT3 + h.c.) is: -1.6761690313733051e-06 2.809542621734924e-12
total cost: -7.784358466858223
singles alt: [(4, 0), (5, 1), (6, 0), (7, 1), (8, 0), (9, 1), (10, 0), (11, 1), (4, 2), (5, 3), (6, 2), (7, 3), (8, 2), (9, 3), (10, 2), (11, 3)]
length: 16 76
Estimated difference between T3^fnT3 - (T2^WT3 + h.c.) is: -1.6761692157711438e-06 2.8095432398988513e-12
total cost: -7.784358466843274
singles alt: [(4, 0), (5, 1), (6, 0), (7, 1), (8, 0), (9, 1), (10, 0), (11, 1), (4, 2), (5, 3), (6, 2), (7, 3), (8, 2), (9, 3), (10, 2), (11, 3)]
length: 16 76
Estimated difference between T3^fnT3 - (T2^WT3 + h.c.) is: -1.6761693048336244e-06 2.8095435384664355e-12
total cost: -7.78435846680071
singles alt: [(4, 0), (5, 1), (6, 0), (7, 1), (8, 0), (9, 1), (10, 0), (11, 1), (4, 2), (5, 3), (6, 2), (7, 3), (8, 2), (9, 3), (10, 2), (11, 3)]
length: 16 76
Estimated difference between T3^fnT3 - (T2^WT3 + h.c.) is: -1.6761694355370031e-06 2.8095439766284355e-12
total cost: -7.78435846680064
singles alt: [(4, 0), (5, 1), (6, 0), (7, 1), (8, 0), (9, 1), (10, 0), (11, 1), (4, 2), (5, 3), (6, 2), (7, 3), (8, 2), (9, 3), (10, 2), (11, 3)]
length: 16 76
Estimated difference between T3^fnT3 - (T2^WT3 + h.c.) is: -1.6761691951299979e-06 2.809543170702745e-12
total cost: -7.7843584668144725
singles alt: [(4, 0), (5, 1), (6, 0), (7, 1), (8, 0), (9, 1), (10, 0), (11, 1), (4, 2), (5, 3), (6, 2), (7, 3), (8, 2), (9, 3), (10, 2), (11, 3)]
length: 16 76
Estimated difference between T3^fnT3 - (T2^WT3 + h.c.) is: -1.6761690072868893e-06 2.8095425409891157e-12
total cost: -7.784358466858218
singles alt: [(4, 0), (5, 1), (6, 0), (7, 1), (8, 0), (9, 1), (10, 0), (11, 1), (4, 2), (5, 3), (6, 2), (7, 3), (8, 2), (9, 3), (10, 2), (11, 3)]
length: 16 76
Estimated difference between T3^fnT3 - (T2^WT3 + h.c.) is: -1.6761690072871523e-06 2.8095425409899974e-12
total cost: -7.784358466858219
singles alt: [(4, 0), (5, 1), (6, 0), (7, 1), (8, 0), (9, 1), (10, 0), (11, 1), (4, 2), (5, 3), (6, 2), (7, 3), (8, 2), (9, 3), (10, 2), (11, 3)]
length: 16 76
Estimated difference between T3^fnT3 - (T2^WT3 + h.c.) is: -1.6761690072865411e-06 2.809542540987949e-12
total cost: -7.784358466858219
singles alt: [(4, 0), (5, 1), (6, 0), (7, 1), (8, 0), (9, 1), (10, 0), (11, 1), (4, 2), (5, 3), (6, 2), (7, 3), (8, 2), (9, 3), (10, 2), (11, 3)]
length: 16 76
Estimated difference between T3^fnT3 - (T2^WT3 + h.c.) is: -1.676169007286716e-06 2.8095425409885353e-12
total cost: -7.784358466858222
singles alt: [(4, 0), (5, 1), (6, 0), (7, 1), (8, 0), (9, 1), (10, 0), (11, 1), (4, 2), (5, 3), (6, 2), (7, 3), (8, 2), (9, 3), (10, 2), (11, 3)]
length: 16 76
Estimated difference between T3^fnT3 - (T2^WT3 + h.c.) is: -1.6761690684491e-06 2.8095427460255237e-12
total cost: -7.784358466845821
singles alt: [(4, 0), (5, 1), (6, 0), (7, 1), (8, 0), (9, 1), (10, 0), (11, 1), (4, 2), (5, 3), (6, 2), (7, 3), (8, 2), (9, 3), (10, 2), (11, 3)]
length: 16 76
Estimated difference between T3^fnT3 - (T2^WT3 + h.c.) is: -1.676168978704898e-06 2.8095424451726204e-12
total cost: -7.7843584668588734
singles alt: [(4, 0), (5, 1), (6, 0), (7, 1), (8, 0), (9, 1), (10, 0), (11, 1), (4, 2), (5, 3), (6, 2), (7, 3), (8, 2), (9, 3), (10, 2), (11, 3)]
length: 16 76
Estimated difference between T3^fnT3 - (T2^WT3 + h.c.) is: -1.6761688114361705e-06 2.8095418844313445e-12
total cost: -7.784358466872293
singles alt: [(4, 0), (5, 1), (6, 0), (7, 1), (8, 0), (9, 1), (10, 0), (11, 1), (4, 2), (5, 3), (6, 2), (7, 3), (8, 2), (9, 3), (10, 2), (11, 3)]
length: 16 76
Estimated difference between T3^fnT3 - (T2^WT3 + h.c.) is: -1.6761688680363846e-06 2.809542074174375e-12
total cost: -7.78435846687197
singles alt: [(4, 0), (5, 1), (6, 0), (7, 1), (8, 0), (9, 1), (10, 0), (11, 1), (4, 2), (5, 3), (6, 2), (7, 3), (8, 2), (9, 3), (10, 2), (11, 3)]
length: 16 76
Estimated difference between T3^fnT3 - (T2^WT3 + h.c.) is: -1.6761690072865858e-06 2.8095425409880987e-12
total cost: -7.7843584668582215
singles alt: [(4, 0), (5, 1), (6, 0), (7, 1), (8, 0), (9, 1), (10, 0), (11, 1), (4, 2), (5, 3), (6, 2), (7, 3), (8, 2), (9, 3), (10, 2), (11, 3)]
length: 16 76
Estimated difference between T3^fnT3 - (T2^WT3 + h.c.) is: -1.6761690072889556e-06 2.809542540996043e-12
total cost: -7.784358466858215
singles alt: [(4, 0), (5, 1), (6, 0), (7, 1), (8, 0), (9, 1), (10, 0), (11, 1), (4, 2), (5, 3), (6, 2), (7, 3), (8, 2), (9, 3), (10, 2), (11, 3)]
length: 16 76
Estimated difference between T3^fnT3 - (T2^WT3 + h.c.) is: -1.6761690072865195e-06 2.8095425409878765e-12
total cost: -7.78435846685822
singles alt: [(4, 0), (5, 1), (6, 0), (7, 1), (8, 0), (9, 1), (10, 0), (11, 1), (4, 2), (5, 3), (6, 2), (7, 3), (8, 2), (9, 3), (10, 2), (11, 3)]
length: 16 76
Estimated difference between T3^fnT3 - (T2^WT3 + h.c.) is: -1.6761690072865195e-06 2.8095425409878765e-12
total cost: -7.784358466858221
singles alt: [(4, 0), (5, 1), (6, 0), (7, 1), (8, 0), (9, 1), (10, 0), (11, 1), (4, 2), (5, 3), (6, 2), (7, 3), (8, 2), (9, 3), (10, 2), (11, 3)]
length: 16 76
Estimated difference between T3^fnT3 - (T2^WT3 + h.c.) is: -1.6761690072866775e-06 2.809542540988406e-12
total cost: -7.784358466858222
singles alt: [(4, 0), (5, 1), (6, 0), (7, 1), (8, 0), (9, 1), (10, 0), (11, 1), (4, 2), (5, 3), (6, 2), (7, 3), (8, 2), (9, 3), (10, 2), (11, 3)]
length: 16 76
Estimated difference between T3^fnT3 - (T2^WT3 + h.c.) is: -1.6761690072863645e-06 2.8095425409873567e-12
total cost: -7.784358466858221
singles alt: [(4, 0), (5, 1), (6, 0), (7, 1), (8, 0), (9, 1), (10, 0), (11, 1), (4, 2), (5, 3), (6, 2), (7, 3), (8, 2), (9, 3), (10, 2), (11, 3)]
length: 16 76
Estimated difference between T3^fnT3 - (T2^WT3 + h.c.) is: -1.676169007286255e-06 2.8095425409869896e-12
total cost: -7.784358466858221
singles alt: [(4, 0), (5, 1), (6, 0), (7, 1), (8, 0), (9, 1), (10, 0), (11, 1), (4, 2), (5, 3), (6, 2), (7, 3), (8, 2), (9, 3), (10, 2), (11, 3)]
length: 16 76
Estimated difference between T3^fnT3 - (T2^WT3 + h.c.) is: -1.6761690072867114e-06 2.8095425409885195e-12
total cost: -7.78435846685822
singles alt: [(4, 0), (5, 1), (6, 0), (7, 1), (8, 0), (9, 1), (10, 0), (11, 1), (4, 2), (5, 3), (6, 2), (7, 3), (8, 2), (9, 3), (10, 2), (11, 3)]
length: 16 76
Estimated difference between T3^fnT3 - (T2^WT3 + h.c.) is: -1.676169187939113e-06 2.809543146596465e-12
total cost: -7.784358466859334
singles alt: [(4, 0), (5, 1), (6, 0), (7, 1), (8, 0), (9, 1), (10, 0), (11, 1), (4, 2), (5, 3), (6, 2), (7, 3), (8, 2), (9, 3), (10, 2), (11, 3)]
length: 16 76
Estimated difference between T3^fnT3 - (T2^WT3 + h.c.) is: -1.6761690211101644e-06 2.8095425873294066e-12
total cost: -7.784358466934751
singles alt: [(4, 0), (5, 1), (6, 0), (7, 1), (8, 0), (9, 1), (10, 0), (11, 1), (4, 2), (5, 3), (6, 2), (7, 3), (8, 2), (9, 3), (10, 2), (11, 3)]
length: 16 76
Estimated difference between T3^fnT3 - (T2^WT3 + h.c.) is: -1.6761690210108487e-06 2.8095425869964668e-12
total cost: -7.784358466934782
singles alt: [(4, 0), (5, 1), (6, 0), (7, 1), (8, 0), (9, 1), (10, 0), (11, 1), (4, 2), (5, 3), (6, 2), (7, 3), (8, 2), (9, 3), (10, 2), (11, 3)]
length: 16 76
Estimated difference between T3^fnT3 - (T2^WT3 + h.c.) is: -1.6761691388141433e-06 2.809542981912947e-12
total cost: -7.784358466892997
singles alt: [(4, 0), (5, 1), (6, 0), (7, 1), (8, 0), (9, 1), (10, 0), (11, 1), (4, 2), (5, 3), (6, 2), (7, 3), (8, 2), (9, 3), (10, 2), (11, 3)]
length: 16 76
Estimated difference between T3^fnT3 - (T2^WT3 + h.c.) is: -1.676169007286434e-06 2.8095425409875898e-12
total cost: -7.784358466858221
singles alt: [(4, 0), (5, 1), (6, 0), (7, 1), (8, 0), (9, 1), (10, 0), (11, 1), (4, 2), (5, 3), (6, 2), (7, 3), (8, 2), (9, 3), (10, 2), (11, 3)]
length: 16 76
Estimated difference between T3^fnT3 - (T2^WT3 + h.c.) is: -1.6761690072881943e-06 2.8095425409934907e-12
total cost: -7.784358466858221
singles alt: [(4, 0), (5, 1), (6, 0), (7, 1), (8, 0), (9, 1), (10, 0), (11, 1), (4, 2), (5, 3), (6, 2), (7, 3), (8, 2), (9, 3), (10, 2), (11, 3)]
length: 16 76
Estimated difference between T3^fnT3 - (T2^WT3 + h.c.) is: -1.676169007287231e-06 2.8095425409902615e-12
total cost: -7.784358466858221
singles alt: [(4, 0), (5, 1), (6, 0), (7, 1), (8, 0), (9, 1), (10, 0), (11, 1), (4, 2), (5, 3), (6, 2), (7, 3), (8, 2), (9, 3), (10, 2), (11, 3)]
length: 16 76
Estimated difference between T3^fnT3 - (T2^WT3 + h.c.) is: -1.676169007284688e-06 2.8095425409817365e-12
total cost: -7.78435846685822
singles alt: [(4, 0), (5, 1), (6, 0), (7, 1), (8, 0), (9, 1), (10, 0), (11, 1), (4, 2), (5, 3), (6, 2), (7, 3), (8, 2), (9, 3), (10, 2), (11, 3)]
length: 16 76
Estimated difference between T3^fnT3 - (T2^WT3 + h.c.) is: -1.676168844580729e-06 2.809541995543096e-12
total cost: -7.784358466876287
singles alt: [(4, 0), (5, 1), (6, 0), (7, 1), (8, 0), (9, 1), (10, 0), (11, 1), (4, 2), (5, 3), (6, 2), (7, 3), (8, 2), (9, 3), (10, 2), (11, 3)]
length: 16 76
Estimated difference between T3^fnT3 - (T2^WT3 + h.c.) is: -1.6761688454151928e-06 2.8095419983405005e-12
total cost: -7.784358466876461
singles alt: [(4, 0), (5, 1), (6, 0), (7, 1), (8, 0), (9, 1), (10, 0), (11, 1), (4, 2), (5, 3), (6, 2), (7, 3), (8, 2), (9, 3), (10, 2), (11, 3)]
length: 16 76
Estimated difference between T3^fnT3 - (T2^WT3 + h.c.) is: -1.6761687385952389e-06 2.8095416402439543e-12
total cost: -7.784358466858166
singles alt: [(4, 0), (5, 1), (6, 0), (7, 1), (8, 0), (9, 1), (10, 0), (11, 1), (4, 2), (5, 3), (6, 2), (7, 3), (8, 2), (9, 3), (10, 2), (11, 3)]
length: 16 76
Estimated difference between T3^fnT3 - (T2^WT3 + h.c.) is: -1.6761692756120683e-06 2.8095434405058856e-12
total cost: -7.784358466858271
singles alt: [(4, 0), (5, 1), (6, 0), (7, 1), (8, 0), (9, 1), (10, 0), (11, 1), (4, 2), (5, 3), (6, 2), (7, 3), (8, 2), (9, 3), (10, 2), (11, 3)]
length: 16 76
Estimated difference between T3^fnT3 - (T2^WT3 + h.c.) is: -1.676169007285537e-06 2.8095425409845824e-12
total cost: -7.784358466858224
singles alt: [(4, 0), (5, 1), (6, 0), (7, 1), (8, 0), (9, 1), (10, 0), (11, 1), (4, 2), (5, 3), (6, 2), (7, 3), (8, 2), (9, 3), (10, 2), (11, 3)]
length: 16 76
Estimated difference between T3^fnT3 - (T2^WT3 + h.c.) is: -1.6761690072860293e-06 2.809542540986233e-12
total cost: -7.7843584668582215
singles alt: [(4, 0), (5, 1), (6, 0), (7, 1), (8, 0), (9, 1), (10, 0), (11, 1), (4, 2), (5, 3), (6, 2), (7, 3), (8, 2), (9, 3), (10, 2), (11, 3)]
length: 16 76
Estimated difference between T3^fnT3 - (T2^WT3 + h.c.) is: -1.6761690072876088e-06 2.809542540991528e-12
total cost: -7.784358466858219
singles alt: [(4, 0), (5, 1), (6, 0), (7, 1), (8, 0), (9, 1), (10, 0), (11, 1), (4, 2), (5, 3), (6, 2), (7, 3), (8, 2), (9, 3), (10, 2), (11, 3)]
length: 16 76
Estimated difference between T3^fnT3 - (T2^WT3 + h.c.) is: -1.6761690072878473e-06 2.8095425409923275e-12
total cost: -7.784358466858219
singles alt: [(4, 0), (5, 1), (6, 0), (7, 1), (8, 0), (9, 1), (10, 0), (11, 1), (4, 2), (5, 3), (6, 2), (7, 3), (8, 2), (9, 3), (10, 2), (11, 3)]
length: 16 76
Estimated difference between T3^fnT3 - (T2^WT3 + h.c.) is: -1.6761690072867256e-06 2.809542540988567e-12
total cost: -7.784358466840607
singles alt: [(4, 0), (5, 1), (6, 0), (7, 1), (8, 0), (9, 1), (10, 0), (11, 1), (4, 2), (5, 3), (6, 2), (7, 3), (8, 2), (9, 3), (10, 2), (11, 3)]
length: 16 76
Estimated difference between T3^fnT3 - (T2^WT3 + h.c.) is: -1.6761690072867256e-06 2.809542540988567e-12
total cost: -7.784358466840722
singles alt: [(4, 0), (5, 1), (6, 0), (7, 1), (8, 0), (9, 1), (10, 0), (11, 1), (4, 2), (5, 3), (6, 2), (7, 3), (8, 2), (9, 3), (10, 2), (11, 3)]
length: 16 76
Estimated difference between T3^fnT3 - (T2^WT3 + h.c.) is: -1.6761690072867256e-06 2.809542540988567e-12
total cost: -7.784358466858219
singles alt: [(4, 0), (5, 1), (6, 0), (7, 1), (8, 0), (9, 1), (10, 0), (11, 1), (4, 2), (5, 3), (6, 2), (7, 3), (8, 2), (9, 3), (10, 2), (11, 3)]
length: 16 76
Estimated difference between T3^fnT3 - (T2^WT3 + h.c.) is: -1.6761690072867256e-06 2.809542540988567e-12
total cost: -7.784358466858221
singles alt: [(4, 0), (5, 1), (6, 0), (7, 1), (8, 0), (9, 1), (10, 0), (11, 1), (4, 2), (5, 3), (6, 2), (7, 3), (8, 2), (9, 3), (10, 2), (11, 3)]
length: 16 76
Estimated difference between T3^fnT3 - (T2^WT3 + h.c.) is: -1.6761690072867256e-06 2.809542540988567e-12
total cost: -7.784358466858221
singles alt: [(4, 0), (5, 1), (6, 0), (7, 1), (8, 0), (9, 1), (10, 0), (11, 1), (4, 2), (5, 3), (6, 2), (7, 3), (8, 2), (9, 3), (10, 2), (11, 3)]
length: 16 76
Estimated difference between T3^fnT3 - (T2^WT3 + h.c.) is: -1.6761690072867256e-06 2.809542540988567e-12
total cost: -7.784358466858221
singles alt: [(4, 0), (5, 1), (6, 0), (7, 1), (8, 0), (9, 1), (10, 0), (11, 1), (4, 2), (5, 3), (6, 2), (7, 3), (8, 2), (9, 3), (10, 2), (11, 3)]
length: 16 76
Estimated difference between T3^fnT3 - (T2^WT3 + h.c.) is: -1.6761690072867256e-06 2.809542540988567e-12
total cost: -7.784358466829374
singles alt: [(4, 0), (5, 1), (6, 0), (7, 1), (8, 0), (9, 1), (10, 0), (11, 1), (4, 2), (5, 3), (6, 2), (7, 3), (8, 2), (9, 3), (10, 2), (11, 3)]
length: 16 76
Estimated difference between T3^fnT3 - (T2^WT3 + h.c.) is: -1.6761690072867256e-06 2.809542540988567e-12
total cost: -7.784358466829402
singles alt: [(4, 0), (5, 1), (6, 0), (7, 1), (8, 0), (9, 1), (10, 0), (11, 1), (4, 2), (5, 3), (6, 2), (7, 3), (8, 2), (9, 3), (10, 2), (11, 3)]
length: 16 76
Estimated difference between T3^fnT3 - (T2^WT3 + h.c.) is: -1.6761690072867256e-06 2.809542540988567e-12
total cost: -7.784358466936807
singles alt: [(4, 0), (5, 1), (6, 0), (7, 1), (8, 0), (9, 1), (10, 0), (11, 1), (4, 2), (5, 3), (6, 2), (7, 3), (8, 2), (9, 3), (10, 2), (11, 3)]
length: 16 76
Estimated difference between T3^fnT3 - (T2^WT3 + h.c.) is: -1.6761690072867256e-06 2.809542540988567e-12
total cost: -7.78435846693695
singles alt: [(4, 0), (5, 1), (6, 0), (7, 1), (8, 0), (9, 1), (10, 0), (11, 1), (4, 2), (5, 3), (6, 2), (7, 3), (8, 2), (9, 3), (10, 2), (11, 3)]
length: 16 76
Estimated difference between T3^fnT3 - (T2^WT3 + h.c.) is: -1.6761690072867256e-06 2.809542540988567e-12
total cost: -7.784358466858219
singles alt: [(4, 0), (5, 1), (6, 0), (7, 1), (8, 0), (9, 1), (10, 0), (11, 1), (4, 2), (5, 3), (6, 2), (7, 3), (8, 2), (9, 3), (10, 2), (11, 3)]
length: 16 76
Estimated difference between T3^fnT3 - (T2^WT3 + h.c.) is: -1.6761690072867256e-06 2.809542540988567e-12
total cost: -7.78435846685822
singles alt: [(4, 0), (5, 1), (6, 0), (7, 1), (8, 0), (9, 1), (10, 0), (11, 1), (4, 2), (5, 3), (6, 2), (7, 3), (8, 2), (9, 3), (10, 2), (11, 3)]
length: 16 76
Estimated difference between T3^fnT3 - (T2^WT3 + h.c.) is: -1.6761690072867256e-06 2.809542540988567e-12
total cost: -7.784358466858219
singles alt: [(4, 0), (5, 1), (6, 0), (7, 1), (8, 0), (9, 1), (10, 0), (11, 1), (4, 2), (5, 3), (6, 2), (7, 3), (8, 2), (9, 3), (10, 2), (11, 3)]
length: 16 76
Estimated difference between T3^fnT3 - (T2^WT3 + h.c.) is: -1.6761690072867256e-06 2.809542540988567e-12
total cost: -7.784358466858219
singles alt: [(4, 0), (5, 1), (6, 0), (7, 1), (8, 0), (9, 1), (10, 0), (11, 1), (4, 2), (5, 3), (6, 2), (7, 3), (8, 2), (9, 3), (10, 2), (11, 3)]
length: 16 76
Estimated difference between T3^fnT3 - (T2^WT3 + h.c.) is: -1.6761690072867256e-06 2.809542540988567e-12
total cost: -7.784358466869717
singles alt: [(4, 0), (5, 1), (6, 0), (7, 1), (8, 0), (9, 1), (10, 0), (11, 1), (4, 2), (5, 3), (6, 2), (7, 3), (8, 2), (9, 3), (10, 2), (11, 3)]
length: 16 76
Estimated difference between T3^fnT3 - (T2^WT3 + h.c.) is: -1.6761690072867256e-06 2.809542540988567e-12
total cost: -7.784358466869799
singles alt: [(4, 0), (5, 1), (6, 0), (7, 1), (8, 0), (9, 1), (10, 0), (11, 1), (4, 2), (5, 3), (6, 2), (7, 3), (8, 2), (9, 3), (10, 2), (11, 3)]
callback: energy=-7.784356790689
singles alt: [(4, 0), (5, 1), (6, 0), (7, 1), (8, 0), (9, 1), (10, 0), (11, 1), (4, 2), (5, 3), (6, 2), (7, 3), (8, 2), (9, 3), (10, 2), (11, 3)]
length: 16 76
Estimated difference between T3^fnT3 - (T2^WT3 + h.c.) is: -1.5655330438288317e-06 2.4508937113199667e-12
total cost: -7.784423690622673
singles alt: [(4, 0), (5, 1), (6, 0), (7, 1), (8, 0), (9, 1), (10, 0), (11, 1), (4, 2), (5, 3), (6, 2), (7, 3), (8, 2), (9, 3), (10, 2), (11, 3)]
length: 16 76
Estimated difference between T3^fnT3 - (T2^WT3 + h.c.) is: -1.5655333693034592e-06 2.450894730402641e-12
total cost: -7.7844236906463
singles alt: [(4, 0), (5, 1), (6, 0), (7, 1), (8, 0), (9, 1), (10, 0), (11, 1), (4, 2), (5, 3), (6, 2), (7, 3), (8, 2), (9, 3), (10, 2), (11, 3)]
length: 16 76
Estimated difference between T3^fnT3 - (T2^WT3 + h.c.) is: -1.5655330892332468e-06 2.450893853484193e-12
total cost: -7.784423690629256
singles alt: [(4, 0), (5, 1), (6, 0), (7, 1), (8, 0), (9, 1), (10, 0), (11, 1), (4, 2), (5, 3), (6, 2), (7, 3), (8, 2), (9, 3), (10, 2), (11, 3)]
length: 16 76
Estimated difference between T3^fnT3 - (T2^WT3 + h.c.) is: -1.5655330893907479e-06 2.4508938539773393e-12
total cost: -7.7844236906292235
singles alt: [(4, 0), (5, 1), (6, 0), (7, 1), (8, 0), (9, 1), (10, 0), (11, 1), (4, 2), (5, 3), (6, 2), (7, 3), (8, 2), (9, 3), (10, 2), (11, 3)]
length: 16 76
Estimated difference between T3^fnT3 - (T2^WT3 + h.c.) is: -1.5655331100491143e-06 2.450893918660052e-12
total cost: -7.784423690587719
singles alt: [(4, 0), (5, 1), (6, 0), (7, 1), (8, 0), (9, 1), (10, 0), (11, 1), (4, 2), (5, 3), (6, 2), (7, 3), (8, 2), (9, 3), (10, 2), (11, 3)]
length: 16 76
Estimated difference between T3^fnT3 - (T2^WT3 + h.c.) is: -1.5655330438282684e-06 2.450893711318203e-12
total cost: -7.784423690622677
singles alt: [(4, 0), (5, 1), (6, 0), (7, 1), (8, 0), (9, 1), (10, 0), (11, 1), (4, 2), (5, 3), (6, 2), (7, 3), (8, 2), (9, 3), (10, 2), (11, 3)]
length: 16 76
Estimated difference between T3^fnT3 - (T2^WT3 + h.c.) is: -1.5655330438237126e-06 2.4508937113039384e-12
total cost: -7.784423690622675
singles alt: [(4, 0), (5, 1), (6, 0), (7, 1), (8, 0), (9, 1), (10, 0), (11, 1), (4, 2), (5, 3), (6, 2), (7, 3), (8, 2), (9, 3), (10, 2), (11, 3)]
length: 16 76
Estimated difference between T3^fnT3 - (T2^WT3 + h.c.) is: -1.5655330438312644e-06 2.4508937113275834e-12
total cost: -7.784423690622673
singles alt: [(4, 0), (5, 1), (6, 0), (7, 1), (8, 0), (9, 1), (10, 0), (11, 1), (4, 2), (5, 3), (6, 2), (7, 3), (8, 2), (9, 3), (10, 2), (11, 3)]
length: 16 76
Estimated difference between T3^fnT3 - (T2^WT3 + h.c.) is: -1.5655330438288507e-06 2.4508937113200264e-12
total cost: -7.784423690622675
singles alt: [(4, 0), (5, 1), (6, 0), (7, 1), (8, 0), (9, 1), (10, 0), (11, 1), (4, 2), (5, 3), (6, 2), (7, 3), (8, 2), (9, 3), (10, 2), (11, 3)]
length: 16 76
Estimated difference between T3^fnT3 - (T2^WT3 + h.c.) is: -1.5655330438274722e-06 2.45089371131571e-12
total cost: -7.784423690622679
singles alt: [(4, 0), (5, 1), (6, 0), (7, 1), (8, 0), (9, 1), (10, 0), (11, 1), (4, 2), (5, 3), (6, 2), (7, 3), (8, 2), (9, 3), (10, 2), (11, 3)]
length: 16 76
Estimated difference between T3^fnT3 - (T2^WT3 + h.c.) is: -1.5655330438289026e-06 2.450893711320189e-12
total cost: -7.784423690622674
singles alt: [(4, 0), (5, 1), (6, 0), (7, 1), (8, 0), (9, 1), (10, 0), (11, 1), (4, 2), (5, 3), (6, 2), (7, 3), (8, 2), (9, 3), (10, 2), (11, 3)]
length: 16 76
Estimated difference between T3^fnT3 - (T2^WT3 + h.c.) is: -1.5655330438278072e-06 2.450893711316759e-12
total cost: -7.784423690622674
singles alt: [(4, 0), (5, 1), (6, 0), (7, 1), (8, 0), (9, 1), (10, 0), (11, 1), (4, 2), (5, 3), (6, 2), (7, 3), (8, 2), (9, 3), (10, 2), (11, 3)]
length: 16 76
Estimated difference between T3^fnT3 - (T2^WT3 + h.c.) is: -1.5655330438283324e-06 2.450893711318403e-12
total cost: -7.784423690622673
singles alt: [(4, 0), (5, 1), (6, 0), (7, 1), (8, 0), (9, 1), (10, 0), (11, 1), (4, 2), (5, 3), (6, 2), (7, 3), (8, 2), (9, 3), (10, 2), (11, 3)]
length: 16 76
Estimated difference between T3^fnT3 - (T2^WT3 + h.c.) is: -1.5655331076148858e-06 2.4508939110383215e-12
total cost: -7.784423690533791
singles alt: [(4, 0), (5, 1), (6, 0), (7, 1), (8, 0), (9, 1), (10, 0), (11, 1), (4, 2), (5, 3), (6, 2), (7, 3), (8, 2), (9, 3), (10, 2), (11, 3)]
length: 16 76
Estimated difference between T3^fnT3 - (T2^WT3 + h.c.) is: -1.5655328710237879e-06 2.450893170255984e-12
total cost: -7.78442369060342
singles alt: [(4, 0), (5, 1), (6, 0), (7, 1), (8, 0), (9, 1), (10, 0), (11, 1), (4, 2), (5, 3), (6, 2), (7, 3), (8, 2), (9, 3), (10, 2), (11, 3)]
length: 16 76
Estimated difference between T3^fnT3 - (T2^WT3 + h.c.) is: -1.5655329975600241e-06 2.4508935664492744e-12
total cost: -7.784423690625756
singles alt: [(4, 0), (5, 1), (6, 0), (7, 1), (8, 0), (9, 1), (10, 0), (11, 1), (4, 2), (5, 3), (6, 2), (7, 3), (8, 2), (9, 3), (10, 2), (11, 3)]
length: 16 76
Estimated difference between T3^fnT3 - (T2^WT3 + h.c.) is: -1.5655329061881343e-06 2.450893280357866e-12
total cost: -7.784423690585065
singles alt: [(4, 0), (5, 1), (6, 0), (7, 1), (8, 0), (9, 1), (10, 0), (11, 1), (4, 2), (5, 3), (6, 2), (7, 3), (8, 2), (9, 3), (10, 2), (11, 3)]
length: 16 76
Estimated difference between T3^fnT3 - (T2^WT3 + h.c.) is: -1.565533043829297e-06 2.450893711321423e-12
total cost: -7.78442369062267
singles alt: [(4, 0), (5, 1), (6, 0), (7, 1), (8, 0), (9, 1), (10, 0), (11, 1), (4, 2), (5, 3), (6, 2), (7, 3), (8, 2), (9, 3), (10, 2), (11, 3)]
length: 16 76
Estimated difference between T3^fnT3 - (T2^WT3 + h.c.) is: -1.5655330438279643e-06 2.450893711317251e-12
total cost: -7.784423690622673
singles alt: [(4, 0), (5, 1), (6, 0), (7, 1), (8, 0), (9, 1), (10, 0), (11, 1), (4, 2), (5, 3), (6, 2), (7, 3), (8, 2), (9, 3), (10, 2), (11, 3)]
length: 16 76
Estimated difference between T3^fnT3 - (T2^WT3 + h.c.) is: -1.5655330438293844e-06 2.450893711321697e-12
total cost: -7.784423690622674
singles alt: [(4, 0), (5, 1), (6, 0), (7, 1), (8, 0), (9, 1), (10, 0), (11, 1), (4, 2), (5, 3), (6, 2), (7, 3), (8, 2), (9, 3), (10, 2), (11, 3)]
length: 16 76
Estimated difference between T3^fnT3 - (T2^WT3 + h.c.) is: -1.5655330438285928e-06 2.4508937113192187e-12
total cost: -7.784423690622673
singles alt: [(4, 0), (5, 1), (6, 0), (7, 1), (8, 0), (9, 1), (10, 0), (11, 1), (4, 2), (5, 3), (6, 2), (7, 3), (8, 2), (9, 3), (10, 2), (11, 3)]
length: 16 76
Estimated difference between T3^fnT3 - (T2^WT3 + h.c.) is: -1.5655332380717466e-06 2.450894319507408e-12
total cost: -7.784423690658554
singles alt: [(4, 0), (5, 1), (6, 0), (7, 1), (8, 0), (9, 1), (10, 0), (11, 1), (4, 2), (5, 3), (6, 2), (7, 3), (8, 2), (9, 3), (10, 2), (11, 3)]
length: 16 76
Estimated difference between T3^fnT3 - (T2^WT3 + h.c.) is: -1.5655333673536431e-06 2.450894724297637e-12
total cost: -7.7844236906335
singles alt: [(4, 0), (5, 1), (6, 0), (7, 1), (8, 0), (9, 1), (10, 0), (11, 1), (4, 2), (5, 3), (6, 2), (7, 3), (8, 2), (9, 3), (10, 2), (11, 3)]
length: 16 76
Estimated difference between T3^fnT3 - (T2^WT3 + h.c.) is: -1.5655332684928462e-06 2.450894414757894e-12
total cost: -7.784423690633632
singles alt: [(4, 0), (5, 1), (6, 0), (7, 1), (8, 0), (9, 1), (10, 0), (11, 1), (4, 2), (5, 3), (6, 2), (7, 3), (8, 2), (9, 3), (10, 2), (11, 3)]
length: 16 76
Estimated difference between T3^fnT3 - (T2^WT3 + h.c.) is: -1.5655332264325248e-06 2.450894283064231e-12
total cost: -7.784423690603581
singles alt: [(4, 0), (5, 1), (6, 0), (7, 1), (8, 0), (9, 1), (10, 0), (11, 1), (4, 2), (5, 3), (6, 2), (7, 3), (8, 2), (9, 3), (10, 2), (11, 3)]
length: 16 76
Estimated difference between T3^fnT3 - (T2^WT3 + h.c.) is: -1.5655330644439744e-06 2.4508937758673413e-12
total cost: -7.784423690622693
singles alt: [(4, 0), (5, 1), (6, 0), (7, 1), (8, 0), (9, 1), (10, 0), (11, 1), (4, 2), (5, 3), (6, 2), (7, 3), (8, 2), (9, 3), (10, 2), (11, 3)]
length: 16 76
Estimated difference between T3^fnT3 - (T2^WT3 + h.c.) is: -1.565533170602278e-06 2.4508941082560212e-12
total cost: -7.784423690622674
singles alt: [(4, 0), (5, 1), (6, 0), (7, 1), (8, 0), (9, 1), (10, 0), (11, 1), (4, 2), (5, 3), (6, 2), (7, 3), (8, 2), (9, 3), (10, 2), (11, 3)]
length: 16 76
Estimated difference between T3^fnT3 - (T2^WT3 + h.c.) is: -1.5655331704899735e-06 2.4508941079043887e-12
total cost: -7.784423690622674
singles alt: [(4, 0), (5, 1), (6, 0), (7, 1), (8, 0), (9, 1), (10, 0), (11, 1), (4, 2), (5, 3), (6, 2), (7, 3), (8, 2), (9, 3), (10, 2), (11, 3)]
length: 16 76
Estimated difference between T3^fnT3 - (T2^WT3 + h.c.) is: -1.5655330620498832e-06 2.4508937683712836e-12
total cost: -7.784423690622677
singles alt: [(4, 0), (5, 1), (6, 0), (7, 1), (8, 0), (9, 1), (10, 0), (11, 1), (4, 2), (5, 3), (6, 2), (7, 3), (8, 2), (9, 3), (10, 2), (11, 3)]
length: 16 76
Estimated difference between T3^fnT3 - (T2^WT3 + h.c.) is: -1.565533043828038e-06 2.4508937113174815e-12
total cost: -7.784423690622697
singles alt: [(4, 0), (5, 1), (6, 0), (7, 1), (8, 0), (9, 1), (10, 0), (11, 1), (4, 2), (5, 3), (6, 2), (7, 3), (8, 2), (9, 3), (10, 2), (11, 3)]
length: 16 76
Estimated difference between T3^fnT3 - (T2^WT3 + h.c.) is: -1.5655330438277117e-06 2.45089371131646e-12
total cost: -7.784423690622676
singles alt: [(4, 0), (5, 1), (6, 0), (7, 1), (8, 0), (9, 1), (10, 0), (11, 1), (4, 2), (5, 3), (6, 2), (7, 3), (8, 2), (9, 3), (10, 2), (11, 3)]
length: 16 76
Estimated difference between T3^fnT3 - (T2^WT3 + h.c.) is: -1.5655330438269564e-06 2.450893711314095e-12
total cost: -7.784423690622678
singles alt: [(4, 0), (5, 1), (6, 0), (7, 1), (8, 0), (9, 1), (10, 0), (11, 1), (4, 2), (5, 3), (6, 2), (7, 3), (8, 2), (9, 3), (10, 2), (11, 3)]
length: 16 76
Estimated difference between T3^fnT3 - (T2^WT3 + h.c.) is: -1.565533043828771e-06 2.4508937113197764e-12
total cost: -7.784423690622676
singles alt: [(4, 0), (5, 1), (6, 0), (7, 1), (8, 0), (9, 1), (10, 0), (11, 1), (4, 2), (5, 3), (6, 2), (7, 3), (8, 2), (9, 3), (10, 2), (11, 3)]
length: 16 76
Estimated difference between T3^fnT3 - (T2^WT3 + h.c.) is: -1.5655330438270893e-06 2.4508937113145112e-12
total cost: -7.784423690622679
singles alt: [(4, 0), (5, 1), (6, 0), (7, 1), (8, 0), (9, 1), (10, 0), (11, 1), (4, 2), (5, 3), (6, 2), (7, 3), (8, 2), (9, 3), (10, 2), (11, 3)]
length: 16 76
Estimated difference between T3^fnT3 - (T2^WT3 + h.c.) is: -1.5655330438310213e-06 2.4508937113268224e-12
total cost: -7.784423690622673
singles alt: [(4, 0), (5, 1), (6, 0), (7, 1), (8, 0), (9, 1), (10, 0), (11, 1), (4, 2), (5, 3), (6, 2), (7, 3), (8, 2), (9, 3), (10, 2), (11, 3)]
length: 16 76
Estimated difference between T3^fnT3 - (T2^WT3 + h.c.) is: -1.56553304383062e-06 2.450893711325566e-12
total cost: -7.784423690622674
singles alt: [(4, 0), (5, 1), (6, 0), (7, 1), (8, 0), (9, 1), (10, 0), (11, 1), (4, 2), (5, 3), (6, 2), (7, 3), (8, 2), (9, 3), (10, 2), (11, 3)]
length: 16 76
Estimated difference between T3^fnT3 - (T2^WT3 + h.c.) is: -1.565533043828304e-06 2.4508937113183143e-12
total cost: -7.784423690622673
singles alt: [(4, 0), (5, 1), (6, 0), (7, 1), (8, 0), (9, 1), (10, 0), (11, 1), (4, 2), (5, 3), (6, 2), (7, 3), (8, 2), (9, 3), (10, 2), (11, 3)]
length: 16 76
Estimated difference between T3^fnT3 - (T2^WT3 + h.c.) is: -1.565533064449217e-06 2.450893775883756e-12
total cost: -7.784423690622664
singles alt: [(4, 0), (5, 1), (6, 0), (7, 1), (8, 0), (9, 1), (10, 0), (11, 1), (4, 2), (5, 3), (6, 2), (7, 3), (8, 2), (9, 3), (10, 2), (11, 3)]
length: 16 76
Estimated difference between T3^fnT3 - (T2^WT3 + h.c.) is: -1.5655331705969934e-06 2.450894108239475e-12
total cost: -7.784423690622675
singles alt: [(4, 0), (5, 1), (6, 0), (7, 1), (8, 0), (9, 1), (10, 0), (11, 1), (4, 2), (5, 3), (6, 2), (7, 3), (8, 2), (9, 3), (10, 2), (11, 3)]
length: 16 76
Estimated difference between T3^fnT3 - (T2^WT3 + h.c.) is: -1.5655331704877336e-06 2.450894107897375e-12
total cost: -7.784423690622671
singles alt: [(4, 0), (5, 1), (6, 0), (7, 1), (8, 0), (9, 1), (10, 0), (11, 1), (4, 2), (5, 3), (6, 2), (7, 3), (8, 2), (9, 3), (10, 2), (11, 3)]
length: 16 76
Estimated difference between T3^fnT3 - (T2^WT3 + h.c.) is: -1.565533062051513e-06 2.450893768376386e-12
total cost: -7.784423690622673
singles alt: [(4, 0), (5, 1), (6, 0), (7, 1), (8, 0), (9, 1), (10, 0), (11, 1), (4, 2), (5, 3), (6, 2), (7, 3), (8, 2), (9, 3), (10, 2), (11, 3)]
length: 16 76
Estimated difference between T3^fnT3 - (T2^WT3 + h.c.) is: -1.5655332381711788e-06 2.450894319818737e-12
total cost: -7.7844236906585005
singles alt: [(4, 0), (5, 1), (6, 0), (7, 1), (8, 0), (9, 1), (10, 0), (11, 1), (4, 2), (5, 3), (6, 2), (7, 3), (8, 2), (9, 3), (10, 2), (11, 3)]
length: 16 76
Estimated difference between T3^fnT3 - (T2^WT3 + h.c.) is: -1.5655332689496947e-06 2.450894416188317e-12
total cost: -7.784423690633363
singles alt: [(4, 0), (5, 1), (6, 0), (7, 1), (8, 0), (9, 1), (10, 0), (11, 1), (4, 2), (5, 3), (6, 2), (7, 3), (8, 2), (9, 3), (10, 2), (11, 3)]
length: 16 76
Estimated difference between T3^fnT3 - (T2^WT3 + h.c.) is: -1.5655333678550934e-06 2.4508947258677114e-12
total cost: -7.784423690633315
singles alt: [(4, 0), (5, 1), (6, 0), (7, 1), (8, 0), (9, 1), (10, 0), (11, 1), (4, 2), (5, 3), (6, 2), (7, 3), (8, 2), (9, 3), (10, 2), (11, 3)]
length: 16 76
Estimated difference between T3^fnT3 - (T2^WT3 + h.c.) is: -1.5655332265975042e-06 2.4508942835807923e-12
total cost: -7.784423690603378
singles alt: [(4, 0), (5, 1), (6, 0), (7, 1), (8, 0), (9, 1), (10, 0), (11, 1), (4, 2), (5, 3), (6, 2), (7, 3), (8, 2), (9, 3), (10, 2), (11, 3)]
length: 16 76
Estimated difference between T3^fnT3 - (T2^WT3 + h.c.) is: -1.5655330438282837e-06 2.4508937113182505e-12
total cost: -7.784423690622697
singles alt: [(4, 0), (5, 1), (6, 0), (7, 1), (8, 0), (9, 1), (10, 0), (11, 1), (4, 2), (5, 3), (6, 2), (7, 3), (8, 2), (9, 3), (10, 2), (11, 3)]
length: 16 76
Estimated difference between T3^fnT3 - (T2^WT3 + h.c.) is: -1.5655330438288457e-06 2.4508937113200103e-12
total cost: -7.784423690622674
singles alt: [(4, 0), (5, 1), (6, 0), (7, 1), (8, 0), (9, 1), (10, 0), (11, 1), (4, 2), (5, 3), (6, 2), (7, 3), (8, 2), (9, 3), (10, 2), (11, 3)]
length: 16 76
Estimated difference between T3^fnT3 - (T2^WT3 + h.c.) is: -1.5655330438269508e-06 2.4508937113140774e-12
total cost: -7.784423690622678
singles alt: [(4, 0), (5, 1), (6, 0), (7, 1), (8, 0), (9, 1), (10, 0), (11, 1), (4, 2), (5, 3), (6, 2), (7, 3), (8, 2), (9, 3), (10, 2), (11, 3)]
length: 16 76
Estimated difference between T3^fnT3 - (T2^WT3 + h.c.) is: -1.5655330438288147e-06 2.4508937113199138e-12
total cost: -7.784423690622672
singles alt: [(4, 0), (5, 1), (6, 0), (7, 1), (8, 0), (9, 1), (10, 0), (11, 1), (4, 2), (5, 3), (6, 2), (7, 3), (8, 2), (9, 3), (10, 2), (11, 3)]
length: 16 76
Estimated difference between T3^fnT3 - (T2^WT3 + h.c.) is: -1.5655331075402948e-06 2.4508939108047722e-12
total cost: -7.7844236905341715
singles alt: [(4, 0), (5, 1), (6, 0), (7, 1), (8, 0), (9, 1), (10, 0), (11, 1), (4, 2), (5, 3), (6, 2), (7, 3), (8, 2), (9, 3), (10, 2), (11, 3)]
length: 16 76
Estimated difference between T3^fnT3 - (T2^WT3 + h.c.) is: -1.5655329974829435e-06 2.45089356620793e-12
total cost: -7.7844236906257205
singles alt: [(4, 0), (5, 1), (6, 0), (7, 1), (8, 0), (9, 1), (10, 0), (11, 1), (4, 2), (5, 3), (6, 2), (7, 3), (8, 2), (9, 3), (10, 2), (11, 3)]
length: 16 76
Estimated difference between T3^fnT3 - (T2^WT3 + h.c.) is: -1.565532870900574e-06 2.4508931698701935e-12
total cost: -7.784423690602978
singles alt: [(4, 0), (5, 1), (6, 0), (7, 1), (8, 0), (9, 1), (10, 0), (11, 1), (4, 2), (5, 3), (6, 2), (7, 3), (8, 2), (9, 3), (10, 2), (11, 3)]
length: 16 76
Estimated difference between T3^fnT3 - (T2^WT3 + h.c.) is: -1.565532905811198e-06 2.4508932791776536e-12
total cost: -7.784423690585924
singles alt: [(4, 0), (5, 1), (6, 0), (7, 1), (8, 0), (9, 1), (10, 0), (11, 1), (4, 2), (5, 3), (6, 2), (7, 3), (8, 2), (9, 3), (10, 2), (11, 3)]
length: 16 76
Estimated difference between T3^fnT3 - (T2^WT3 + h.c.) is: -1.5655330438285928e-06 2.4508937113192187e-12
total cost: -7.784423690622678
singles alt: [(4, 0), (5, 1), (6, 0), (7, 1), (8, 0), (9, 1), (10, 0), (11, 1), (4, 2), (5, 3), (6, 2), (7, 3), (8, 2), (9, 3), (10, 2), (11, 3)]
length: 16 76
Estimated difference between T3^fnT3 - (T2^WT3 + h.c.) is: -1.5655330438255712e-06 2.4508937113097578e-12
total cost: -7.784423690622679
singles alt: [(4, 0), (5, 1), (6, 0), (7, 1), (8, 0), (9, 1), (10, 0), (11, 1), (4, 2), (5, 3), (6, 2), (7, 3), (8, 2), (9, 3), (10, 2), (11, 3)]
length: 16 76
Estimated difference between T3^fnT3 - (T2^WT3 + h.c.) is: -1.565533043827877e-06 2.450893711316978e-12
total cost: -7.7844236906226785
singles alt: [(4, 0), (5, 1), (6, 0), (7, 1), (8, 0), (9, 1), (10, 0), (11, 1), (4, 2), (5, 3), (6, 2), (7, 3), (8, 2), (9, 3), (10, 2), (11, 3)]
length: 16 76
Estimated difference between T3^fnT3 - (T2^WT3 + h.c.) is: -1.5655330438285774e-06 2.45089371131917e-12
total cost: -7.784423690622675
singles alt: [(4, 0), (5, 1), (6, 0), (7, 1), (8, 0), (9, 1), (10, 0), (11, 1), (4, 2), (5, 3), (6, 2), (7, 3), (8, 2), (9, 3), (10, 2), (11, 3)]
length: 16 76
Estimated difference between T3^fnT3 - (T2^WT3 + h.c.) is: -1.5655330438288626e-06 2.4508937113200636e-12
total cost: -7.784423690622666
singles alt: [(4, 0), (5, 1), (6, 0), (7, 1), (8, 0), (9, 1), (10, 0), (11, 1), (4, 2), (5, 3), (6, 2), (7, 3), (8, 2), (9, 3), (10, 2), (11, 3)]
length: 16 76
Estimated difference between T3^fnT3 - (T2^WT3 + h.c.) is: -1.5655330438283832e-06 2.4508937113185623e-12
total cost: -7.784423690622674
singles alt: [(4, 0), (5, 1), (6, 0), (7, 1), (8, 0), (9, 1), (10, 0), (11, 1), (4, 2), (5, 3), (6, 2), (7, 3), (8, 2), (9, 3), (10, 2), (11, 3)]
length: 16 76
Estimated difference between T3^fnT3 - (T2^WT3 + h.c.) is: -1.5655330438282625e-06 2.4508937113181843e-12
total cost: -7.784423690622673
singles alt: [(4, 0), (5, 1), (6, 0), (7, 1), (8, 0), (9, 1), (10, 0), (11, 1), (4, 2), (5, 3), (6, 2), (7, 3), (8, 2), (9, 3), (10, 2), (11, 3)]
length: 16 76
Estimated difference between T3^fnT3 - (T2^WT3 + h.c.) is: -1.5655330438285462e-06 2.450893711319073e-12
total cost: -7.784423690622677
singles alt: [(4, 0), (5, 1), (6, 0), (7, 1), (8, 0), (9, 1), (10, 0), (11, 1), (4, 2), (5, 3), (6, 2), (7, 3), (8, 2), (9, 3), (10, 2), (11, 3)]
length: 16 76
Estimated difference between T3^fnT3 - (T2^WT3 + h.c.) is: -1.5655332238700905e-06 2.4508942750410786e-12
total cost: -7.784423690699567
singles alt: [(4, 0), (5, 1), (6, 0), (7, 1), (8, 0), (9, 1), (10, 0), (11, 1), (4, 2), (5, 3), (6, 2), (7, 3), (8, 2), (9, 3), (10, 2), (11, 3)]
length: 16 76
Estimated difference between T3^fnT3 - (T2^WT3 + h.c.) is: -1.5655330873174912e-06 2.4508938474858355e-12
total cost: -7.7844236905726
singles alt: [(4, 0), (5, 1), (6, 0), (7, 1), (8, 0), (9, 1), (10, 0), (11, 1), (4, 2), (5, 3), (6, 2), (7, 3), (8, 2), (9, 3), (10, 2), (11, 3)]
length: 16 76
Estimated difference between T3^fnT3 - (T2^WT3 + h.c.) is: -1.5655330872648993e-06 2.4508938473211668e-12
total cost: -7.78442369057256
singles alt: [(4, 0), (5, 1), (6, 0), (7, 1), (8, 0), (9, 1), (10, 0), (11, 1), (4, 2), (5, 3), (6, 2), (7, 3), (8, 2), (9, 3), (10, 2), (11, 3)]
length: 16 76
Estimated difference between T3^fnT3 - (T2^WT3 + h.c.) is: -1.5655331767552126e-06 2.4508941275212677e-12
total cost: -7.784423690607881
singles alt: [(4, 0), (5, 1), (6, 0), (7, 1), (8, 0), (9, 1), (10, 0), (11, 1), (4, 2), (5, 3), (6, 2), (7, 3), (8, 2), (9, 3), (10, 2), (11, 3)]
length: 16 76
Estimated difference between T3^fnT3 - (T2^WT3 + h.c.) is: -1.5655330438272388e-06 2.4508937113149794e-12
total cost: -7.784423690622673
singles alt: [(4, 0), (5, 1), (6, 0), (7, 1), (8, 0), (9, 1), (10, 0), (11, 1), (4, 2), (5, 3), (6, 2), (7, 3), (8, 2), (9, 3), (10, 2), (11, 3)]
length: 16 76
Estimated difference between T3^fnT3 - (T2^WT3 + h.c.) is: -1.565533043826039e-06 2.4508937113112227e-12
total cost: -7.784423690622673
singles alt: [(4, 0), (5, 1), (6, 0), (7, 1), (8, 0), (9, 1), (10, 0), (11, 1), (4, 2), (5, 3), (6, 2), (7, 3), (8, 2), (9, 3), (10, 2), (11, 3)]
length: 16 76
Estimated difference between T3^fnT3 - (T2^WT3 + h.c.) is: -1.5655330438313827e-06 2.450893711327954e-12
total cost: -7.784423690622671
singles alt: [(4, 0), (5, 1), (6, 0), (7, 1), (8, 0), (9, 1), (10, 0), (11, 1), (4, 2), (5, 3), (6, 2), (7, 3), (8, 2), (9, 3), (10, 2), (11, 3)]
length: 16 76
Estimated difference between T3^fnT3 - (T2^WT3 + h.c.) is: -1.565533043822626e-06 2.450893711300536e-12
total cost: -7.7844236906226785
singles alt: [(4, 0), (5, 1), (6, 0), (7, 1), (8, 0), (9, 1), (10, 0), (11, 1), (4, 2), (5, 3), (6, 2), (7, 3), (8, 2), (9, 3), (10, 2), (11, 3)]
length: 16 76
Estimated difference between T3^fnT3 - (T2^WT3 + h.c.) is: -1.5655329229526642e-06 2.4508933328487123e-12
total cost: -7.784423690600506
singles alt: [(4, 0), (5, 1), (6, 0), (7, 1), (8, 0), (9, 1), (10, 0), (11, 1), (4, 2), (5, 3), (6, 2), (7, 3), (8, 2), (9, 3), (10, 2), (11, 3)]
length: 16 76
Estimated difference between T3^fnT3 - (T2^WT3 + h.c.) is: -1.565532923123085e-06 2.4508933333823112e-12
total cost: -7.784423690600282
singles alt: [(4, 0), (5, 1), (6, 0), (7, 1), (8, 0), (9, 1), (10, 0), (11, 1), (4, 2), (5, 3), (6, 2), (7, 3), (8, 2), (9, 3), (10, 2), (11, 3)]
length: 16 76
Estimated difference between T3^fnT3 - (T2^WT3 + h.c.) is: -1.5655327734139432e-06 2.450892864633153e-12
total cost: -7.784423690622677
singles alt: [(4, 0), (5, 1), (6, 0), (7, 1), (8, 0), (9, 1), (10, 0), (11, 1), (4, 2), (5, 3), (6, 2), (7, 3), (8, 2), (9, 3), (10, 2), (11, 3)]
length: 16 76
Estimated difference between T3^fnT3 - (T2^WT3 + h.c.) is: -1.565533313812237e-06 2.450894556655924e-12
total cost: -7.784423690622682
singles alt: [(4, 0), (5, 1), (6, 0), (7, 1), (8, 0), (9, 1), (10, 0), (11, 1), (4, 2), (5, 3), (6, 2), (7, 3), (8, 2), (9, 3), (10, 2), (11, 3)]
length: 16 76
Estimated difference between T3^fnT3 - (T2^WT3 + h.c.) is: -1.5655330438297198e-06 2.4508937113227475e-12
total cost: -7.784423690622671
singles alt: [(4, 0), (5, 1), (6, 0), (7, 1), (8, 0), (9, 1), (10, 0), (11, 1), (4, 2), (5, 3), (6, 2), (7, 3), (8, 2), (9, 3), (10, 2), (11, 3)]
length: 16 76
Estimated difference between T3^fnT3 - (T2^WT3 + h.c.) is: -1.5655330438312332e-06 2.450893711327486e-12
total cost: -7.7844236906226705
singles alt: [(4, 0), (5, 1), (6, 0), (7, 1), (8, 0), (9, 1), (10, 0), (11, 1), (4, 2), (5, 3), (6, 2), (7, 3), (8, 2), (9, 3), (10, 2), (11, 3)]
length: 16 76
Estimated difference between T3^fnT3 - (T2^WT3 + h.c.) is: -1.5655330438287546e-06 2.450893711319725e-12
total cost: -7.784423690622672
singles alt: [(4, 0), (5, 1), (6, 0), (7, 1), (8, 0), (9, 1), (10, 0), (11, 1), (4, 2), (5, 3), (6, 2), (7, 3), (8, 2), (9, 3), (10, 2), (11, 3)]
length: 16 76
Estimated difference between T3^fnT3 - (T2^WT3 + h.c.) is: -1.5655330438295576e-06 2.4508937113222394e-12
total cost: -7.784423690622672
singles alt: [(4, 0), (5, 1), (6, 0), (7, 1), (8, 0), (9, 1), (10, 0), (11, 1), (4, 2), (5, 3), (6, 2), (7, 3), (8, 2), (9, 3), (10, 2), (11, 3)]
length: 16 76
Estimated difference between T3^fnT3 - (T2^WT3 + h.c.) is: -1.5655330438288317e-06 2.4508937113199667e-12
total cost: -7.784423690608662
singles alt: [(4, 0), (5, 1), (6, 0), (7, 1), (8, 0), (9, 1), (10, 0), (11, 1), (4, 2), (5, 3), (6, 2), (7, 3), (8, 2), (9, 3), (10, 2), (11, 3)]
length: 16 76
Estimated difference between T3^fnT3 - (T2^WT3 + h.c.) is: -1.5655330438288317e-06 2.4508937113199667e-12
total cost: -7.784423690608557
singles alt: [(4, 0), (5, 1), (6, 0), (7, 1), (8, 0), (9, 1), (10, 0), (11, 1), (4, 2), (5, 3), (6, 2), (7, 3), (8, 2), (9, 3), (10, 2), (11, 3)]
length: 16 76
Estimated difference between T3^fnT3 - (T2^WT3 + h.c.) is: -1.5655330438288317e-06 2.4508937113199667e-12
total cost: -7.784423690622676
singles alt: [(4, 0), (5, 1), (6, 0), (7, 1), (8, 0), (9, 1), (10, 0), (11, 1), (4, 2), (5, 3), (6, 2), (7, 3), (8, 2), (9, 3), (10, 2), (11, 3)]
length: 16 76
Estimated difference between T3^fnT3 - (T2^WT3 + h.c.) is: -1.5655330438288317e-06 2.4508937113199667e-12
total cost: -7.784423690622675
singles alt: [(4, 0), (5, 1), (6, 0), (7, 1), (8, 0), (9, 1), (10, 0), (11, 1), (4, 2), (5, 3), (6, 2), (7, 3), (8, 2), (9, 3), (10, 2), (11, 3)]
length: 16 76
Estimated difference between T3^fnT3 - (T2^WT3 + h.c.) is: -1.5655330438288317e-06 2.4508937113199667e-12
total cost: -7.784423690622672
singles alt: [(4, 0), (5, 1), (6, 0), (7, 1), (8, 0), (9, 1), (10, 0), (11, 1), (4, 2), (5, 3), (6, 2), (7, 3), (8, 2), (9, 3), (10, 2), (11, 3)]
length: 16 76
Estimated difference between T3^fnT3 - (T2^WT3 + h.c.) is: -1.5655330438288317e-06 2.4508937113199667e-12
total cost: -7.784423690622672
singles alt: [(4, 0), (5, 1), (6, 0), (7, 1), (8, 0), (9, 1), (10, 0), (11, 1), (4, 2), (5, 3), (6, 2), (7, 3), (8, 2), (9, 3), (10, 2), (11, 3)]
length: 16 76
Estimated difference between T3^fnT3 - (T2^WT3 + h.c.) is: -1.5655330438288317e-06 2.4508937113199667e-12
total cost: -7.7844236906374995
singles alt: [(4, 0), (5, 1), (6, 0), (7, 1), (8, 0), (9, 1), (10, 0), (11, 1), (4, 2), (5, 3), (6, 2), (7, 3), (8, 2), (9, 3), (10, 2), (11, 3)]
length: 16 76
Estimated difference between T3^fnT3 - (T2^WT3 + h.c.) is: -1.5655330438288317e-06 2.4508937113199667e-12
total cost: -7.784423690637465
singles alt: [(4, 0), (5, 1), (6, 0), (7, 1), (8, 0), (9, 1), (10, 0), (11, 1), (4, 2), (5, 3), (6, 2), (7, 3), (8, 2), (9, 3), (10, 2), (11, 3)]
length: 16 76
Estimated difference between T3^fnT3 - (T2^WT3 + h.c.) is: -1.5655330438288317e-06 2.4508937113199667e-12
total cost: -7.7844236906548065
singles alt: [(4, 0), (5, 1), (6, 0), (7, 1), (8, 0), (9, 1), (10, 0), (11, 1), (4, 2), (5, 3), (6, 2), (7, 3), (8, 2), (9, 3), (10, 2), (11, 3)]
length: 16 76
Estimated difference between T3^fnT3 - (T2^WT3 + h.c.) is: -1.5655330438288317e-06 2.4508937113199667e-12
total cost: -7.784423690655004
singles alt: [(4, 0), (5, 1), (6, 0), (7, 1), (8, 0), (9, 1), (10, 0), (11, 1), (4, 2), (5, 3), (6, 2), (7, 3), (8, 2), (9, 3), (10, 2), (11, 3)]
length: 16 76
Estimated difference between T3^fnT3 - (T2^WT3 + h.c.) is: -1.5655330438288317e-06 2.4508937113199667e-12
total cost: -7.784423690622675
singles alt: [(4, 0), (5, 1), (6, 0), (7, 1), (8, 0), (9, 1), (10, 0), (11, 1), (4, 2), (5, 3), (6, 2), (7, 3), (8, 2), (9, 3), (10, 2), (11, 3)]
length: 16 76
Estimated difference between T3^fnT3 - (T2^WT3 + h.c.) is: -1.5655330438288317e-06 2.4508937113199667e-12
total cost: -7.784423690622678
singles alt: [(4, 0), (5, 1), (6, 0), (7, 1), (8, 0), (9, 1), (10, 0), (11, 1), (4, 2), (5, 3), (6, 2), (7, 3), (8, 2), (9, 3), (10, 2), (11, 3)]
length: 16 76
Estimated difference between T3^fnT3 - (T2^WT3 + h.c.) is: -1.5655330438288317e-06 2.4508937113199667e-12
total cost: -7.784423690622671
singles alt: [(4, 0), (5, 1), (6, 0), (7, 1), (8, 0), (9, 1), (10, 0), (11, 1), (4, 2), (5, 3), (6, 2), (7, 3), (8, 2), (9, 3), (10, 2), (11, 3)]
length: 16 76
Estimated difference between T3^fnT3 - (T2^WT3 + h.c.) is: -1.5655330438288317e-06 2.4508937113199667e-12
total cost: -7.784423690622674
singles alt: [(4, 0), (5, 1), (6, 0), (7, 1), (8, 0), (9, 1), (10, 0), (11, 1), (4, 2), (5, 3), (6, 2), (7, 3), (8, 2), (9, 3), (10, 2), (11, 3)]
length: 16 76
Estimated difference between T3^fnT3 - (T2^WT3 + h.c.) is: -1.5655330438288317e-06 2.4508937113199667e-12
total cost: -7.784423690632878
singles alt: [(4, 0), (5, 1), (6, 0), (7, 1), (8, 0), (9, 1), (10, 0), (11, 1), (4, 2), (5, 3), (6, 2), (7, 3), (8, 2), (9, 3), (10, 2), (11, 3)]
length: 16 76
Estimated difference between T3^fnT3 - (T2^WT3 + h.c.) is: -1.5655330438288317e-06 2.4508937113199667e-12
total cost: -7.784423690632943
singles alt: [(4, 0), (5, 1), (6, 0), (7, 1), (8, 0), (9, 1), (10, 0), (11, 1), (4, 2), (5, 3), (6, 2), (7, 3), (8, 2), (9, 3), (10, 2), (11, 3)]
callback: energy=-7.784422125090
singles alt: [(4, 0), (5, 1), (6, 0), (7, 1), (8, 0), (9, 1), (10, 0), (11, 1), (4, 2), (5, 3), (6, 2), (7, 3), (8, 2), (9, 3), (10, 2), (11, 3)]
length: 16 76
Estimated difference between T3^fnT3 - (T2^WT3 + h.c.) is: -1.604624800961066e-06 2.574820751859341e-12
total cost: -7.784354322106845
singles alt: [(4, 0), (5, 1), (6, 0), (7, 1), (8, 0), (9, 1), (10, 0), (11, 1), (4, 2), (5, 3), (6, 2), (7, 3), (8, 2), (9, 3), (10, 2), (11, 3)]
length: 16 76
Estimated difference between T3^fnT3 - (T2^WT3 + h.c.) is: -1.6046250571238608e-06 2.5748215739497535e-12
total cost: -7.7843543222900005
singles alt: [(4, 0), (5, 1), (6, 0), (7, 1), (8, 0), (9, 1), (10, 0), (11, 1), (4, 2), (5, 3), (6, 2), (7, 3), (8, 2), (9, 3), (10, 2), (11, 3)]
length: 16 76
Estimated difference between T3^fnT3 - (T2^WT3 + h.c.) is: -1.6046249120423851e-06 2.5748211083470323e-12
total cost: -7.784354322090661
singles alt: [(4, 0), (5, 1), (6, 0), (7, 1), (8, 0), (9, 1), (10, 0), (11, 1), (4, 2), (5, 3), (6, 2), (7, 3), (8, 2), (9, 3), (10, 2), (11, 3)]
length: 16 76
Estimated difference between T3^fnT3 - (T2^WT3 + h.c.) is: -1.6046249117849824e-06 2.5748211075209624e-12
total cost: -7.784354322090655
singles alt: [(4, 0), (5, 1), (6, 0), (7, 1), (8, 0), (9, 1), (10, 0), (11, 1), (4, 2), (5, 3), (6, 2), (7, 3), (8, 2), (9, 3), (10, 2), (11, 3)]
length: 16 76
Estimated difference between T3^fnT3 - (T2^WT3 + h.c.) is: -1.604624860904861e-06 2.5748209442339443e-12
total cost: -7.784354322145539
singles alt: [(4, 0), (5, 1), (6, 0), (7, 1), (8, 0), (9, 1), (10, 0), (11, 1), (4, 2), (5, 3), (6, 2), (7, 3), (8, 2), (9, 3), (10, 2), (11, 3)]
length: 16 76
Estimated difference between T3^fnT3 - (T2^WT3 + h.c.) is: -1.6046248009714536e-06 2.574820751892677e-12
total cost: -7.78435432210681
singles alt: [(4, 0), (5, 1), (6, 0), (7, 1), (8, 0), (9, 1), (10, 0), (11, 1), (4, 2), (5, 3), (6, 2), (7, 3), (8, 2), (9, 3), (10, 2), (11, 3)]
length: 16 76
Estimated difference between T3^fnT3 - (T2^WT3 + h.c.) is: -1.604624800961156e-06 2.57482075185963e-12
total cost: -7.784354322106849
singles alt: [(4, 0), (5, 1), (6, 0), (7, 1), (8, 0), (9, 1), (10, 0), (11, 1), (4, 2), (5, 3), (6, 2), (7, 3), (8, 2), (9, 3), (10, 2), (11, 3)]
length: 16 76
Estimated difference between T3^fnT3 - (T2^WT3 + h.c.) is: -1.604624800966617e-06 2.5748207518771553e-12
total cost: -7.784354322106841
singles alt: [(4, 0), (5, 1), (6, 0), (7, 1), (8, 0), (9, 1), (10, 0), (11, 1), (4, 2), (5, 3), (6, 2), (7, 3), (8, 2), (9, 3), (10, 2), (11, 3)]
length: 16 76
Estimated difference between T3^fnT3 - (T2^WT3 + h.c.) is: -1.604624800962934e-06 2.5748207518653357e-12
total cost: -7.784354322106843
singles alt: [(4, 0), (5, 1), (6, 0), (7, 1), (8, 0), (9, 1), (10, 0), (11, 1), (4, 2), (5, 3), (6, 2), (7, 3), (8, 2), (9, 3), (10, 2), (11, 3)]
length: 16 76
Estimated difference between T3^fnT3 - (T2^WT3 + h.c.) is: -1.6046248009728695e-06 2.574820751897221e-12
total cost: -7.784354322106794
singles alt: [(4, 0), (5, 1), (6, 0), (7, 1), (8, 0), (9, 1), (10, 0), (11, 1), (4, 2), (5, 3), (6, 2), (7, 3), (8, 2), (9, 3), (10, 2), (11, 3)]
length: 16 76
Estimated difference between T3^fnT3 - (T2^WT3 + h.c.) is: -1.6046248009761576e-06 2.5748207519077735e-12
total cost: -7.78435432210684
singles alt: [(4, 0), (5, 1), (6, 0), (7, 1), (8, 0), (9, 1), (10, 0), (11, 1), (4, 2), (5, 3), (6, 2), (7, 3), (8, 2), (9, 3), (10, 2), (11, 3)]
length: 16 76
Estimated difference between T3^fnT3 - (T2^WT3 + h.c.) is: -1.604624800966737e-06 2.5748207518775402e-12
total cost: -7.784354322106842
singles alt: [(4, 0), (5, 1), (6, 0), (7, 1), (8, 0), (9, 1), (10, 0), (11, 1), (4, 2), (5, 3), (6, 2), (7, 3), (8, 2), (9, 3), (10, 2), (11, 3)]
length: 16 76
Estimated difference between T3^fnT3 - (T2^WT3 + h.c.) is: -1.6046248009620063e-06 2.574820751862358e-12
total cost: -7.784354322106847
singles alt: [(4, 0), (5, 1), (6, 0), (7, 1), (8, 0), (9, 1), (10, 0), (11, 1), (4, 2), (5, 3), (6, 2), (7, 3), (8, 2), (9, 3), (10, 2), (11, 3)]
length: 16 76
Estimated difference between T3^fnT3 - (T2^WT3 + h.c.) is: -1.6046248550251886e-06 2.574820925364607e-12
total cost: -7.78435432222307
singles alt: [(4, 0), (5, 1), (6, 0), (7, 1), (8, 0), (9, 1), (10, 0), (11, 1), (4, 2), (5, 3), (6, 2), (7, 3), (8, 2), (9, 3), (10, 2), (11, 3)]
length: 16 76
Estimated difference between T3^fnT3 - (T2^WT3 + h.c.) is: -1.6046245741587516e-06 2.574820023994155e-12
total cost: -7.784354322179986
singles alt: [(4, 0), (5, 1), (6, 0), (7, 1), (8, 0), (9, 1), (10, 0), (11, 1), (4, 2), (5, 3), (6, 2), (7, 3), (8, 2), (9, 3), (10, 2), (11, 3)]
length: 16 76
Estimated difference between T3^fnT3 - (T2^WT3 + h.c.) is: -1.604624783956933e-06 2.574820697288834e-12
total cost: -7.784354322104092
singles alt: [(4, 0), (5, 1), (6, 0), (7, 1), (8, 0), (9, 1), (10, 0), (11, 1), (4, 2), (5, 3), (6, 2), (7, 3), (8, 2), (9, 3), (10, 2), (11, 3)]
length: 16 76
Estimated difference between T3^fnT3 - (T2^WT3 + h.c.) is: -1.6046246540362853e-06 2.5748202803410683e-12
total cost: -7.784354322110403
singles alt: [(4, 0), (5, 1), (6, 0), (7, 1), (8, 0), (9, 1), (10, 0), (11, 1), (4, 2), (5, 3), (6, 2), (7, 3), (8, 2), (9, 3), (10, 2), (11, 3)]
length: 16 76
Estimated difference between T3^fnT3 - (T2^WT3 + h.c.) is: -1.6046248009564321e-06 2.5748207518444695e-12
total cost: -7.784354322106872
singles alt: [(4, 0), (5, 1), (6, 0), (7, 1), (8, 0), (9, 1), (10, 0), (11, 1), (4, 2), (5, 3), (6, 2), (7, 3), (8, 2), (9, 3), (10, 2), (11, 3)]
length: 16 76
Estimated difference between T3^fnT3 - (T2^WT3 + h.c.) is: -1.6046248009518366e-06 2.5748207518297213e-12
total cost: -7.784354322106851
singles alt: [(4, 0), (5, 1), (6, 0), (7, 1), (8, 0), (9, 1), (10, 0), (11, 1), (4, 2), (5, 3), (6, 2), (7, 3), (8, 2), (9, 3), (10, 2), (11, 3)]
length: 16 76
Estimated difference between T3^fnT3 - (T2^WT3 + h.c.) is: -1.6046248009662097e-06 2.574820751875848e-12
total cost: -7.784354322106839
singles alt: [(4, 0), (5, 1), (6, 0), (7, 1), (8, 0), (9, 1), (10, 0), (11, 1), (4, 2), (5, 3), (6, 2), (7, 3), (8, 2), (9, 3), (10, 2), (11, 3)]
length: 16 76
Estimated difference between T3^fnT3 - (T2^WT3 + h.c.) is: -1.604624800960826e-06 2.5748207518585704e-12
total cost: -7.784354322106846
singles alt: [(4, 0), (5, 1), (6, 0), (7, 1), (8, 0), (9, 1), (10, 0), (11, 1), (4, 2), (5, 3), (6, 2), (7, 3), (8, 2), (9, 3), (10, 2), (11, 3)]
length: 16 76
Estimated difference between T3^fnT3 - (T2^WT3 + h.c.) is: -1.604625057061288e-06 2.5748215737489417e-12
total cost: -7.784354321776937
singles alt: [(4, 0), (5, 1), (6, 0), (7, 1), (8, 0), (9, 1), (10, 0), (11, 1), (4, 2), (5, 3), (6, 2), (7, 3), (8, 2), (9, 3), (10, 2), (11, 3)]
length: 16 76
Estimated difference between T3^fnT3 - (T2^WT3 + h.c.) is: -1.6046250133559434e-06 2.5748214334875615e-12
total cost: -7.784354322202145
singles alt: [(4, 0), (5, 1), (6, 0), (7, 1), (8, 0), (9, 1), (10, 0), (11, 1), (4, 2), (5, 3), (6, 2), (7, 3), (8, 2), (9, 3), (10, 2), (11, 3)]
length: 16 76
Estimated difference between T3^fnT3 - (T2^WT3 + h.c.) is: -1.6046249492481561e-06 2.5748212277496477e-12
total cost: -7.78435432220155
singles alt: [(4, 0), (5, 1), (6, 0), (7, 1), (8, 0), (9, 1), (10, 0), (11, 1), (4, 2), (5, 3), (6, 2), (7, 3), (8, 2), (9, 3), (10, 2), (11, 3)]
length: 16 76
Estimated difference between T3^fnT3 - (T2^WT3 + h.c.) is: -1.6046249830981634e-06 2.574821336382781e-12
total cost: -7.7843543221373706
singles alt: [(4, 0), (5, 1), (6, 0), (7, 1), (8, 0), (9, 1), (10, 0), (11, 1), (4, 2), (5, 3), (6, 2), (7, 3), (8, 2), (9, 3), (10, 2), (11, 3)]
length: 16 76
Estimated difference between T3^fnT3 - (T2^WT3 + h.c.) is: -1.6046248144796621e-06 2.57482079524389e-12
total cost: -7.784354322106643
singles alt: [(4, 0), (5, 1), (6, 0), (7, 1), (8, 0), (9, 1), (10, 0), (11, 1), (4, 2), (5, 3), (6, 2), (7, 3), (8, 2), (9, 3), (10, 2), (11, 3)]
length: 16 76
Estimated difference between T3^fnT3 - (T2^WT3 + h.c.) is: -1.6046249295343005e-06 2.5748211644829587e-12
total cost: -7.784354322106843
singles alt: [(4, 0), (5, 1), (6, 0), (7, 1), (8, 0), (9, 1), (10, 0), (11, 1), (4, 2), (5, 3), (6, 2), (7, 3), (8, 2), (9, 3), (10, 2), (11, 3)]
length: 16 76
Estimated difference between T3^fnT3 - (T2^WT3 + h.c.) is: -1.604624929485762e-06 2.5748211643271862e-12
total cost: -7.784354322106839
singles alt: [(4, 0), (5, 1), (6, 0), (7, 1), (8, 0), (9, 1), (10, 0), (11, 1), (4, 2), (5, 3), (6, 2), (7, 3), (8, 2), (9, 3), (10, 2), (11, 3)]
length: 16 76
Estimated difference between T3^fnT3 - (T2^WT3 + h.c.) is: -1.604624812879762e-06 2.574820790109411e-12
total cost: -7.784354322106831
singles alt: [(4, 0), (5, 1), (6, 0), (7, 1), (8, 0), (9, 1), (10, 0), (11, 1), (4, 2), (5, 3), (6, 2), (7, 3), (8, 2), (9, 3), (10, 2), (11, 3)]
length: 16 76
Estimated difference between T3^fnT3 - (T2^WT3 + h.c.) is: -1.6046248009666016e-06 2.574820751877106e-12
total cost: -7.784354322106678
singles alt: [(4, 0), (5, 1), (6, 0), (7, 1), (8, 0), (9, 1), (10, 0), (11, 1), (4, 2), (5, 3), (6, 2), (7, 3), (8, 2), (9, 3), (10, 2), (11, 3)]
length: 16 76
Estimated difference between T3^fnT3 - (T2^WT3 + h.c.) is: -1.6046248009659308e-06 2.574820751874953e-12
total cost: -7.784354322106845
singles alt: [(4, 0), (5, 1), (6, 0), (7, 1), (8, 0), (9, 1), (10, 0), (11, 1), (4, 2), (5, 3), (6, 2), (7, 3), (8, 2), (9, 3), (10, 2), (11, 3)]
length: 16 76
Estimated difference between T3^fnT3 - (T2^WT3 + h.c.) is: -1.6046248009644821e-06 2.574820751870304e-12
total cost: -7.7843543221068385
singles alt: [(4, 0), (5, 1), (6, 0), (7, 1), (8, 0), (9, 1), (10, 0), (11, 1), (4, 2), (5, 3), (6, 2), (7, 3), (8, 2), (9, 3), (10, 2), (11, 3)]
length: 16 76
Estimated difference between T3^fnT3 - (T2^WT3 + h.c.) is: -1.6046248009628279e-06 2.574820751864995e-12
total cost: -7.784354322106837
singles alt: [(4, 0), (5, 1), (6, 0), (7, 1), (8, 0), (9, 1), (10, 0), (11, 1), (4, 2), (5, 3), (6, 2), (7, 3), (8, 2), (9, 3), (10, 2), (11, 3)]
length: 16 76
Estimated difference between T3^fnT3 - (T2^WT3 + h.c.) is: -1.6046248009752238e-06 2.5748207519047766e-12
total cost: -7.784354322106795
singles alt: [(4, 0), (5, 1), (6, 0), (7, 1), (8, 0), (9, 1), (10, 0), (11, 1), (4, 2), (5, 3), (6, 2), (7, 3), (8, 2), (9, 3), (10, 2), (11, 3)]
length: 16 76
Estimated difference between T3^fnT3 - (T2^WT3 + h.c.) is: -1.6046248009677299e-06 2.5748207518807265e-12
total cost: -7.784354322106839
singles alt: [(4, 0), (5, 1), (6, 0), (7, 1), (8, 0), (9, 1), (10, 0), (11, 1), (4, 2), (5, 3), (6, 2), (7, 3), (8, 2), (9, 3), (10, 2), (11, 3)]
length: 16 76
Estimated difference between T3^fnT3 - (T2^WT3 + h.c.) is: -1.6046248009702216e-06 2.5748207518887233e-12
total cost: -7.784354322106839
singles alt: [(4, 0), (5, 1), (6, 0), (7, 1), (8, 0), (9, 1), (10, 0), (11, 1), (4, 2), (5, 3), (6, 2), (7, 3), (8, 2), (9, 3), (10, 2), (11, 3)]
length: 16 76
Estimated difference between T3^fnT3 - (T2^WT3 + h.c.) is: -1.6046248009616043e-06 2.5748207518610685e-12
total cost: -7.7843543221068465
singles alt: [(4, 0), (5, 1), (6, 0), (7, 1), (8, 0), (9, 1), (10, 0), (11, 1), (4, 2), (5, 3), (6, 2), (7, 3), (8, 2), (9, 3), (10, 2), (11, 3)]
length: 16 76
Estimated difference between T3^fnT3 - (T2^WT3 + h.c.) is: -1.604624814438451e-06 2.5748207951116334e-12
total cost: -7.7843543221068705
singles alt: [(4, 0), (5, 1), (6, 0), (7, 1), (8, 0), (9, 1), (10, 0), (11, 1), (4, 2), (5, 3), (6, 2), (7, 3), (8, 2), (9, 3), (10, 2), (11, 3)]
length: 16 76
Estimated difference between T3^fnT3 - (T2^WT3 + h.c.) is: -1.6046249295374532e-06 2.5748211644930767e-12
total cost: -7.784354322106831
singles alt: [(4, 0), (5, 1), (6, 0), (7, 1), (8, 0), (9, 1), (10, 0), (11, 1), (4, 2), (5, 3), (6, 2), (7, 3), (8, 2), (9, 3), (10, 2), (11, 3)]
length: 16 76
Estimated difference between T3^fnT3 - (T2^WT3 + h.c.) is: -1.6046249294434505e-06 2.5748211641913986e-12
total cost: -7.784354322106853
singles alt: [(4, 0), (5, 1), (6, 0), (7, 1), (8, 0), (9, 1), (10, 0), (11, 1), (4, 2), (5, 3), (6, 2), (7, 3), (8, 2), (9, 3), (10, 2), (11, 3)]
length: 16 76
Estimated difference between T3^fnT3 - (T2^WT3 + h.c.) is: -1.604624812874143e-06 2.574820790091378e-12
total cost: -7.784354322106838
singles alt: [(4, 0), (5, 1), (6, 0), (7, 1), (8, 0), (9, 1), (10, 0), (11, 1), (4, 2), (5, 3), (6, 2), (7, 3), (8, 2), (9, 3), (10, 2), (11, 3)]
length: 16 76
Estimated difference between T3^fnT3 - (T2^WT3 + h.c.) is: -1.6046250569153395e-06 2.5748215732805563e-12
total cost: -7.784354321777833
singles alt: [(4, 0), (5, 1), (6, 0), (7, 1), (8, 0), (9, 1), (10, 0), (11, 1), (4, 2), (5, 3), (6, 2), (7, 3), (8, 2), (9, 3), (10, 2), (11, 3)]
length: 16 76
Estimated difference between T3^fnT3 - (T2^WT3 + h.c.) is: -1.6046249479379592e-06 2.5748212235448985e-12
total cost: -7.784354322202743
singles alt: [(4, 0), (5, 1), (6, 0), (7, 1), (8, 0), (9, 1), (10, 0), (11, 1), (4, 2), (5, 3), (6, 2), (7, 3), (8, 2), (9, 3), (10, 2), (11, 3)]
length: 16 76
Estimated difference between T3^fnT3 - (T2^WT3 + h.c.) is: -1.604625011885822e-06 2.5748214287695745e-12
total cost: -7.784354322203123
singles alt: [(4, 0), (5, 1), (6, 0), (7, 1), (8, 0), (9, 1), (10, 0), (11, 1), (4, 2), (5, 3), (6, 2), (7, 3), (8, 2), (9, 3), (10, 2), (11, 3)]
length: 16 76
Estimated difference between T3^fnT3 - (T2^WT3 + h.c.) is: -1.6046249831977853e-06 2.574821336702493e-12
total cost: -7.784354322137326
singles alt: [(4, 0), (5, 1), (6, 0), (7, 1), (8, 0), (9, 1), (10, 0), (11, 1), (4, 2), (5, 3), (6, 2), (7, 3), (8, 2), (9, 3), (10, 2), (11, 3)]
length: 16 76
Estimated difference between T3^fnT3 - (T2^WT3 + h.c.) is: -1.6046248009654852e-06 2.574820751873523e-12
total cost: -7.784354322106678
singles alt: [(4, 0), (5, 1), (6, 0), (7, 1), (8, 0), (9, 1), (10, 0), (11, 1), (4, 2), (5, 3), (6, 2), (7, 3), (8, 2), (9, 3), (10, 2), (11, 3)]
length: 16 76
Estimated difference between T3^fnT3 - (T2^WT3 + h.c.) is: -1.6046248009620622e-06 2.5748207518625375e-12
total cost: -7.784354322106845
singles alt: [(4, 0), (5, 1), (6, 0), (7, 1), (8, 0), (9, 1), (10, 0), (11, 1), (4, 2), (5, 3), (6, 2), (7, 3), (8, 2), (9, 3), (10, 2), (11, 3)]
length: 16 76
Estimated difference between T3^fnT3 - (T2^WT3 + h.c.) is: -1.604624800968715e-06 2.5748207518838883e-12
total cost: -7.7843543221068385
singles alt: [(4, 0), (5, 1), (6, 0), (7, 1), (8, 0), (9, 1), (10, 0), (11, 1), (4, 2), (5, 3), (6, 2), (7, 3), (8, 2), (9, 3), (10, 2), (11, 3)]
length: 16 76
Estimated difference between T3^fnT3 - (T2^WT3 + h.c.) is: -1.6046248009613452e-06 2.5748207518602365e-12
total cost: -7.784354322106842
singles alt: [(4, 0), (5, 1), (6, 0), (7, 1), (8, 0), (9, 1), (10, 0), (11, 1), (4, 2), (5, 3), (6, 2), (7, 3), (8, 2), (9, 3), (10, 2), (11, 3)]
length: 16 76
Estimated difference between T3^fnT3 - (T2^WT3 + h.c.) is: -1.6046248550293022e-06 2.574820925377809e-12
total cost: -7.784354322220716
singles alt: [(4, 0), (5, 1), (6, 0), (7, 1), (8, 0), (9, 1), (10, 0), (11, 1), (4, 2), (5, 3), (6, 2), (7, 3), (8, 2), (9, 3), (10, 2), (11, 3)]
length: 16 76
Estimated difference between T3^fnT3 - (T2^WT3 + h.c.) is: -1.604624784117735e-06 2.5748206978048878e-12
total cost: -7.7843543221033595
singles alt: [(4, 0), (5, 1), (6, 0), (7, 1), (8, 0), (9, 1), (10, 0), (11, 1), (4, 2), (5, 3), (6, 2), (7, 3), (8, 2), (9, 3), (10, 2), (11, 3)]
length: 16 76
Estimated difference between T3^fnT3 - (T2^WT3 + h.c.) is: -1.6046245749093287e-06 2.5748200264029437e-12
total cost: -7.784354322177409
singles alt: [(4, 0), (5, 1), (6, 0), (7, 1), (8, 0), (9, 1), (10, 0), (11, 1), (4, 2), (5, 3), (6, 2), (7, 3), (8, 2), (9, 3), (10, 2), (11, 3)]
length: 16 76
Estimated difference between T3^fnT3 - (T2^WT3 + h.c.) is: -1.6046246538415774e-06 2.574820279716202e-12
total cost: -7.784354322109565
singles alt: [(4, 0), (5, 1), (6, 0), (7, 1), (8, 0), (9, 1), (10, 0), (11, 1), (4, 2), (5, 3), (6, 2), (7, 3), (8, 2), (9, 3), (10, 2), (11, 3)]
length: 16 76
Estimated difference between T3^fnT3 - (T2^WT3 + h.c.) is: -1.604624800961534e-06 2.5748207518608427e-12
total cost: -7.784354322106845
singles alt: [(4, 0), (5, 1), (6, 0), (7, 1), (8, 0), (9, 1), (10, 0), (11, 1), (4, 2), (5, 3), (6, 2), (7, 3), (8, 2), (9, 3), (10, 2), (11, 3)]
length: 16 76
Estimated difference between T3^fnT3 - (T2^WT3 + h.c.) is: -1.6046248009683914e-06 2.57482075188285e-12
total cost: -7.78435432210683
singles alt: [(4, 0), (5, 1), (6, 0), (7, 1), (8, 0), (9, 1), (10, 0), (11, 1), (4, 2), (5, 3), (6, 2), (7, 3), (8, 2), (9, 3), (10, 2), (11, 3)]
length: 16 76
Estimated difference between T3^fnT3 - (T2^WT3 + h.c.) is: -1.6046248009664913e-06 2.574820751876752e-12
total cost: -7.784354322106819
singles alt: [(4, 0), (5, 1), (6, 0), (7, 1), (8, 0), (9, 1), (10, 0), (11, 1), (4, 2), (5, 3), (6, 2), (7, 3), (8, 2), (9, 3), (10, 2), (11, 3)]
length: 16 76
Estimated difference between T3^fnT3 - (T2^WT3 + h.c.) is: -1.6046248009610085e-06 2.574820751859156e-12
total cost: -7.784354322106843
singles alt: [(4, 0), (5, 1), (6, 0), (7, 1), (8, 0), (9, 1), (10, 0), (11, 1), (4, 2), (5, 3), (6, 2), (7, 3), (8, 2), (9, 3), (10, 2), (11, 3)]
length: 16 76
Estimated difference between T3^fnT3 - (T2^WT3 + h.c.) is: -1.6046248009610027e-06 2.5748207518591375e-12
total cost: -7.784354322106876
singles alt: [(4, 0), (5, 1), (6, 0), (7, 1), (8, 0), (9, 1), (10, 0), (11, 1), (4, 2), (5, 3), (6, 2), (7, 3), (8, 2), (9, 3), (10, 2), (11, 3)]
length: 16 76
Estimated difference between T3^fnT3 - (T2^WT3 + h.c.) is: -1.6046248009647922e-06 2.5748207518712988e-12
total cost: -7.7843543221068465
singles alt: [(4, 0), (5, 1), (6, 0), (7, 1), (8, 0), (9, 1), (10, 0), (11, 1), (4, 2), (5, 3), (6, 2), (7, 3), (8, 2), (9, 3), (10, 2), (11, 3)]
length: 16 76
Estimated difference between T3^fnT3 - (T2^WT3 + h.c.) is: -1.6046248009623453e-06 2.5748207518634462e-12
total cost: -7.784354322106843
singles alt: [(4, 0), (5, 1), (6, 0), (7, 1), (8, 0), (9, 1), (10, 0), (11, 1), (4, 2), (5, 3), (6, 2), (7, 3), (8, 2), (9, 3), (10, 2), (11, 3)]
length: 16 76
Estimated difference between T3^fnT3 - (T2^WT3 + h.c.) is: -1.604624800961077e-06 2.574820751859376e-12
total cost: -7.784354322106842
singles alt: [(4, 0), (5, 1), (6, 0), (7, 1), (8, 0), (9, 1), (10, 0), (11, 1), (4, 2), (5, 3), (6, 2), (7, 3), (8, 2), (9, 3), (10, 2), (11, 3)]
length: 16 76
Estimated difference between T3^fnT3 - (T2^WT3 + h.c.) is: -1.604624986480083e-06 2.5748213472362067e-12
total cost: -7.78435432216347
singles alt: [(4, 0), (5, 1), (6, 0), (7, 1), (8, 0), (9, 1), (10, 0), (11, 1), (4, 2), (5, 3), (6, 2), (7, 3), (8, 2), (9, 3), (10, 2), (11, 3)]
length: 16 76
Estimated difference between T3^fnT3 - (T2^WT3 + h.c.) is: -1.6046248046026597e-06 2.574820763546124e-12
total cost: -7.784354322211992
singles alt: [(4, 0), (5, 1), (6, 0), (7, 1), (8, 0), (9, 1), (10, 0), (11, 1), (4, 2), (5, 3), (6, 2), (7, 3), (8, 2), (9, 3), (10, 2), (11, 3)]
length: 16 76
Estimated difference between T3^fnT3 - (T2^WT3 + h.c.) is: -1.6046248047726732e-06 2.5748207640917396e-12
total cost: -7.784354322212131
singles alt: [(4, 0), (5, 1), (6, 0), (7, 1), (8, 0), (9, 1), (10, 0), (11, 1), (4, 2), (5, 3), (6, 2), (7, 3), (8, 2), (9, 3), (10, 2), (11, 3)]
length: 16 76
Estimated difference between T3^fnT3 - (T2^WT3 + h.c.) is: -1.6046249337207551e-06 2.5748211779183376e-12
total cost: -7.784354322077156
singles alt: [(4, 0), (5, 1), (6, 0), (7, 1), (8, 0), (9, 1), (10, 0), (11, 1), (4, 2), (5, 3), (6, 2), (7, 3), (8, 2), (9, 3), (10, 2), (11, 3)]
length: 16 76
Estimated difference between T3^fnT3 - (T2^WT3 + h.c.) is: -1.6046248009544787e-06 2.5748207518382003e-12
total cost: -7.784354322106852
singles alt: [(4, 0), (5, 1), (6, 0), (7, 1), (8, 0), (9, 1), (10, 0), (11, 1), (4, 2), (5, 3), (6, 2), (7, 3), (8, 2), (9, 3), (10, 2), (11, 3)]
length: 16 76
Estimated difference between T3^fnT3 - (T2^WT3 + h.c.) is: -1.6046248009579968e-06 2.5748207518494908e-12
total cost: -7.784354322106848
singles alt: [(4, 0), (5, 1), (6, 0), (7, 1), (8, 0), (9, 1), (10, 0), (11, 1), (4, 2), (5, 3), (6, 2), (7, 3), (8, 2), (9, 3), (10, 2), (11, 3)]
length: 16 76
Estimated difference between T3^fnT3 - (T2^WT3 + h.c.) is: -1.6046248009622417e-06 2.574820751863114e-12
total cost: -7.784354322106848
singles alt: [(4, 0), (5, 1), (6, 0), (7, 1), (8, 0), (9, 1), (10, 0), (11, 1), (4, 2), (5, 3), (6, 2), (7, 3), (8, 2), (9, 3), (10, 2), (11, 3)]
length: 16 76
Estimated difference between T3^fnT3 - (T2^WT3 + h.c.) is: -1.6046248009926502e-06 2.574820751960702e-12
total cost: -7.784354322106825
singles alt: [(4, 0), (5, 1), (6, 0), (7, 1), (8, 0), (9, 1), (10, 0), (11, 1), (4, 2), (5, 3), (6, 2), (7, 3), (8, 2), (9, 3), (10, 2), (11, 3)]
length: 16 76
Estimated difference between T3^fnT3 - (T2^WT3 + h.c.) is: -1.604624596314518e-06 2.57482009509753e-12
total cost: -7.784354322167424
singles alt: [(4, 0), (5, 1), (6, 0), (7, 1), (8, 0), (9, 1), (10, 0), (11, 1), (4, 2), (5, 3), (6, 2), (7, 3), (8, 2), (9, 3), (10, 2), (11, 3)]
length: 16 76
Estimated difference between T3^fnT3 - (T2^WT3 + h.c.) is: -1.604624595518619e-06 2.5748200925432917e-12
total cost: -7.784354322168106
singles alt: [(4, 0), (5, 1), (6, 0), (7, 1), (8, 0), (9, 1), (10, 0), (11, 1), (4, 2), (5, 3), (6, 2), (7, 3), (8, 2), (9, 3), (10, 2), (11, 3)]
length: 16 76
Estimated difference between T3^fnT3 - (T2^WT3 + h.c.) is: -1.6046245165921134e-06 2.5748198392484737e-12
total cost: -7.784354322106938
singles alt: [(4, 0), (5, 1), (6, 0), (7, 1), (8, 0), (9, 1), (10, 0), (11, 1), (4, 2), (5, 3), (6, 2), (7, 3), (8, 2), (9, 3), (10, 2), (11, 3)]
length: 16 76
Estimated difference between T3^fnT3 - (T2^WT3 + h.c.) is: -1.6046250850709353e-06 2.5748216636389064e-12
total cost: -7.784354322106724
singles alt: [(4, 0), (5, 1), (6, 0), (7, 1), (8, 0), (9, 1), (10, 0), (11, 1), (4, 2), (5, 3), (6, 2), (7, 3), (8, 2), (9, 3), (10, 2), (11, 3)]
length: 16 76
Estimated difference between T3^fnT3 - (T2^WT3 + h.c.) is: -1.6046248009613867e-06 2.5748207518603697e-12
total cost: -7.784354322106839
singles alt: [(4, 0), (5, 1), (6, 0), (7, 1), (8, 0), (9, 1), (10, 0), (11, 1), (4, 2), (5, 3), (6, 2), (7, 3), (8, 2), (9, 3), (10, 2), (11, 3)]
length: 16 76
Estimated difference between T3^fnT3 - (T2^WT3 + h.c.) is: -1.6046248009590006e-06 2.5748207518527123e-12
total cost: -7.784354322106852
singles alt: [(4, 0), (5, 1), (6, 0), (7, 1), (8, 0), (9, 1), (10, 0), (11, 1), (4, 2), (5, 3), (6, 2), (7, 3), (8, 2), (9, 3), (10, 2), (11, 3)]
length: 16 76
Estimated difference between T3^fnT3 - (T2^WT3 + h.c.) is: -1.6046248009598902e-06 2.574820751855567e-12
total cost: -7.784354322106851
singles alt: [(4, 0), (5, 1), (6, 0), (7, 1), (8, 0), (9, 1), (10, 0), (11, 1), (4, 2), (5, 3), (6, 2), (7, 3), (8, 2), (9, 3), (10, 2), (11, 3)]
length: 16 76
Estimated difference between T3^fnT3 - (T2^WT3 + h.c.) is: -1.6046248009559008e-06 2.5748207518427643e-12
total cost: -7.784354322106851
singles alt: [(4, 0), (5, 1), (6, 0), (7, 1), (8, 0), (9, 1), (10, 0), (11, 1), (4, 2), (5, 3), (6, 2), (7, 3), (8, 2), (9, 3), (10, 2), (11, 3)]
length: 16 76
Estimated difference between T3^fnT3 - (T2^WT3 + h.c.) is: -1.604624800961066e-06 2.574820751859341e-12
total cost: -7.784354322179904
singles alt: [(4, 0), (5, 1), (6, 0), (7, 1), (8, 0), (9, 1), (10, 0), (11, 1), (4, 2), (5, 3), (6, 2), (7, 3), (8, 2), (9, 3), (10, 2), (11, 3)]
length: 16 76
Estimated difference between T3^fnT3 - (T2^WT3 + h.c.) is: -1.604624800961066e-06 2.574820751859341e-12
total cost: -7.784354322179996
singles alt: [(4, 0), (5, 1), (6, 0), (7, 1), (8, 0), (9, 1), (10, 0), (11, 1), (4, 2), (5, 3), (6, 2), (7, 3), (8, 2), (9, 3), (10, 2), (11, 3)]
length: 16 76
Estimated difference between T3^fnT3 - (T2^WT3 + h.c.) is: -1.604624800961066e-06 2.574820751859341e-12
total cost: -7.784354322106831
singles alt: [(4, 0), (5, 1), (6, 0), (7, 1), (8, 0), (9, 1), (10, 0), (11, 1), (4, 2), (5, 3), (6, 2), (7, 3), (8, 2), (9, 3), (10, 2), (11, 3)]
length: 16 76
Estimated difference between T3^fnT3 - (T2^WT3 + h.c.) is: -1.604624800961066e-06 2.574820751859341e-12
total cost: -7.784354322106836
singles alt: [(4, 0), (5, 1), (6, 0), (7, 1), (8, 0), (9, 1), (10, 0), (11, 1), (4, 2), (5, 3), (6, 2), (7, 3), (8, 2), (9, 3), (10, 2), (11, 3)]
length: 16 76
Estimated difference between T3^fnT3 - (T2^WT3 + h.c.) is: -1.604624800961066e-06 2.574820751859341e-12
total cost: -7.784354322106845
singles alt: [(4, 0), (5, 1), (6, 0), (7, 1), (8, 0), (9, 1), (10, 0), (11, 1), (4, 2), (5, 3), (6, 2), (7, 3), (8, 2), (9, 3), (10, 2), (11, 3)]
length: 16 76
Estimated difference between T3^fnT3 - (T2^WT3 + h.c.) is: -1.604624800961066e-06 2.574820751859341e-12
total cost: -7.784354322106843
singles alt: [(4, 0), (5, 1), (6, 0), (7, 1), (8, 0), (9, 1), (10, 0), (11, 1), (4, 2), (5, 3), (6, 2), (7, 3), (8, 2), (9, 3), (10, 2), (11, 3)]
length: 16 76
Estimated difference between T3^fnT3 - (T2^WT3 + h.c.) is: -1.604624800961066e-06 2.574820751859341e-12
total cost: -7.784354322103175
singles alt: [(4, 0), (5, 1), (6, 0), (7, 1), (8, 0), (9, 1), (10, 0), (11, 1), (4, 2), (5, 3), (6, 2), (7, 3), (8, 2), (9, 3), (10, 2), (11, 3)]
length: 16 76
Estimated difference between T3^fnT3 - (T2^WT3 + h.c.) is: -1.604624800961066e-06 2.574820751859341e-12
total cost: -7.7843543221032006
singles alt: [(4, 0), (5, 1), (6, 0), (7, 1), (8, 0), (9, 1), (10, 0), (11, 1), (4, 2), (5, 3), (6, 2), (7, 3), (8, 2), (9, 3), (10, 2), (11, 3)]
length: 16 76
Estimated difference between T3^fnT3 - (T2^WT3 + h.c.) is: -1.604624800961066e-06 2.574820751859341e-12
total cost: -7.784354322086853
singles alt: [(4, 0), (5, 1), (6, 0), (7, 1), (8, 0), (9, 1), (10, 0), (11, 1), (4, 2), (5, 3), (6, 2), (7, 3), (8, 2), (9, 3), (10, 2), (11, 3)]
length: 16 76
Estimated difference between T3^fnT3 - (T2^WT3 + h.c.) is: -1.604624800961066e-06 2.574820751859341e-12
total cost: -7.784354322086666
singles alt: [(4, 0), (5, 1), (6, 0), (7, 1), (8, 0), (9, 1), (10, 0), (11, 1), (4, 2), (5, 3), (6, 2), (7, 3), (8, 2), (9, 3), (10, 2), (11, 3)]
length: 16 76
Estimated difference between T3^fnT3 - (T2^WT3 + h.c.) is: -1.604624800961066e-06 2.574820751859341e-12
total cost: -7.784354322106844
singles alt: [(4, 0), (5, 1), (6, 0), (7, 1), (8, 0), (9, 1), (10, 0), (11, 1), (4, 2), (5, 3), (6, 2), (7, 3), (8, 2), (9, 3), (10, 2), (11, 3)]
length: 16 76
Estimated difference between T3^fnT3 - (T2^WT3 + h.c.) is: -1.604624800961066e-06 2.574820751859341e-12
total cost: -7.784354322106842
singles alt: [(4, 0), (5, 1), (6, 0), (7, 1), (8, 0), (9, 1), (10, 0), (11, 1), (4, 2), (5, 3), (6, 2), (7, 3), (8, 2), (9, 3), (10, 2), (11, 3)]
length: 16 76
Estimated difference between T3^fnT3 - (T2^WT3 + h.c.) is: -1.604624800961066e-06 2.574820751859341e-12
total cost: -7.784354322106848
singles alt: [(4, 0), (5, 1), (6, 0), (7, 1), (8, 0), (9, 1), (10, 0), (11, 1), (4, 2), (5, 3), (6, 2), (7, 3), (8, 2), (9, 3), (10, 2), (11, 3)]
length: 16 76
Estimated difference between T3^fnT3 - (T2^WT3 + h.c.) is: -1.604624800961066e-06 2.574820751859341e-12
total cost: -7.784354322106842
singles alt: [(4, 0), (5, 1), (6, 0), (7, 1), (8, 0), (9, 1), (10, 0), (11, 1), (4, 2), (5, 3), (6, 2), (7, 3), (8, 2), (9, 3), (10, 2), (11, 3)]
length: 16 76
Estimated difference between T3^fnT3 - (T2^WT3 + h.c.) is: -1.604624800961066e-06 2.574820751859341e-12
total cost: -7.784354322102321
singles alt: [(4, 0), (5, 1), (6, 0), (7, 1), (8, 0), (9, 1), (10, 0), (11, 1), (4, 2), (5, 3), (6, 2), (7, 3), (8, 2), (9, 3), (10, 2), (11, 3)]
length: 16 76
Estimated difference between T3^fnT3 - (T2^WT3 + h.c.) is: -1.604624800961066e-06 2.574820751859341e-12
total cost: -7.784354322102157
singles alt: [(4, 0), (5, 1), (6, 0), (7, 1), (8, 0), (9, 1), (10, 0), (11, 1), (4, 2), (5, 3), (6, 2), (7, 3), (8, 2), (9, 3), (10, 2), (11, 3)]
length: 16 76
Estimated difference between T3^fnT3 - (T2^WT3 + h.c.) is: -1.5685555836469405e-06 2.460366618989994e-12
total cost: -7.7844413994882276
singles alt: [(4, 0), (5, 1), (6, 0), (7, 1), (8, 0), (9, 1), (10, 0), (11, 1), (4, 2), (5, 3), (6, 2), (7, 3), (8, 2), (9, 3), (10, 2), (11, 3)]
length: 16 76
Estimated difference between T3^fnT3 - (T2^WT3 + h.c.) is: -1.5685558875739727e-06 2.4603675724429732e-12
total cost: -7.784441399561334
singles alt: [(4, 0), (5, 1), (6, 0), (7, 1), (8, 0), (9, 1), (10, 0), (11, 1), (4, 2), (5, 3), (6, 2), (7, 3), (8, 2), (9, 3), (10, 2), (11, 3)]
length: 16 76
Estimated difference between T3^fnT3 - (T2^WT3 + h.c.) is: -1.568555649468928e-06 2.460366825480891e-12
total cost: -7.784441399487737
singles alt: [(4, 0), (5, 1), (6, 0), (7, 1), (8, 0), (9, 1), (10, 0), (11, 1), (4, 2), (5, 3), (6, 2), (7, 3), (8, 2), (9, 3), (10, 2), (11, 3)]
length: 16 76
Estimated difference between T3^fnT3 - (T2^WT3 + h.c.) is: -1.5685556494974443e-06 2.4603668255703492e-12
total cost: -7.784441399487708
singles alt: [(4, 0), (5, 1), (6, 0), (7, 1), (8, 0), (9, 1), (10, 0), (11, 1), (4, 2), (5, 3), (6, 2), (7, 3), (8, 2), (9, 3), (10, 2), (11, 3)]
length: 16 76
Estimated difference between T3^fnT3 - (T2^WT3 + h.c.) is: -1.5685556479159952e-06 2.4603668206091675e-12
total cost: -7.784441399475843
singles alt: [(4, 0), (5, 1), (6, 0), (7, 1), (8, 0), (9, 1), (10, 0), (11, 1), (4, 2), (5, 3), (6, 2), (7, 3), (8, 2), (9, 3), (10, 2), (11, 3)]
length: 16 76
Estimated difference between T3^fnT3 - (T2^WT3 + h.c.) is: -1.5685555836497819e-06 2.4603666189989077e-12
total cost: -7.784441399488219
singles alt: [(4, 0), (5, 1), (6, 0), (7, 1), (8, 0), (9, 1), (10, 0), (11, 1), (4, 2), (5, 3), (6, 2), (7, 3), (8, 2), (9, 3), (10, 2), (11, 3)]
length: 16 76
Estimated difference between T3^fnT3 - (T2^WT3 + h.c.) is: -1.5685555836434412e-06 2.4603666189790166e-12
total cost: -7.784441399488229
singles alt: [(4, 0), (5, 1), (6, 0), (7, 1), (8, 0), (9, 1), (10, 0), (11, 1), (4, 2), (5, 3), (6, 2), (7, 3), (8, 2), (9, 3), (10, 2), (11, 3)]
length: 16 76
Estimated difference between T3^fnT3 - (T2^WT3 + h.c.) is: -1.5685555836503426e-06 2.460366619000667e-12
total cost: -7.784441399488222
singles alt: [(4, 0), (5, 1), (6, 0), (7, 1), (8, 0), (9, 1), (10, 0), (11, 1), (4, 2), (5, 3), (6, 2), (7, 3), (8, 2), (9, 3), (10, 2), (11, 3)]
length: 16 76
Estimated difference between T3^fnT3 - (T2^WT3 + h.c.) is: -1.5685555836475347e-06 2.460366618991858e-12
total cost: -7.7844413994882276
singles alt: [(4, 0), (5, 1), (6, 0), (7, 1), (8, 0), (9, 1), (10, 0), (11, 1), (4, 2), (5, 3), (6, 2), (7, 3), (8, 2), (9, 3), (10, 2), (11, 3)]
length: 16 76
Estimated difference between T3^fnT3 - (T2^WT3 + h.c.) is: -1.5685555836496735e-06 2.4603666189985676e-12
total cost: -7.784441399488218
singles alt: [(4, 0), (5, 1), (6, 0), (7, 1), (8, 0), (9, 1), (10, 0), (11, 1), (4, 2), (5, 3), (6, 2), (7, 3), (8, 2), (9, 3), (10, 2), (11, 3)]
length: 16 76
Estimated difference between T3^fnT3 - (T2^WT3 + h.c.) is: -1.5685555836516807e-06 2.4603666190048647e-12
total cost: -7.784441399488227
singles alt: [(4, 0), (5, 1), (6, 0), (7, 1), (8, 0), (9, 1), (10, 0), (11, 1), (4, 2), (5, 3), (6, 2), (7, 3), (8, 2), (9, 3), (10, 2), (11, 3)]
length: 16 76
Estimated difference between T3^fnT3 - (T2^WT3 + h.c.) is: -1.5685555836479976e-06 2.4603666189933105e-12
total cost: -7.784441399488226
singles alt: [(4, 0), (5, 1), (6, 0), (7, 1), (8, 0), (9, 1), (10, 0), (11, 1), (4, 2), (5, 3), (6, 2), (7, 3), (8, 2), (9, 3), (10, 2), (11, 3)]
length: 16 76
Estimated difference between T3^fnT3 - (T2^WT3 + h.c.) is: -1.5685555836468895e-06 2.460366618989834e-12
total cost: -7.784441399488232
singles alt: [(4, 0), (5, 1), (6, 0), (7, 1), (8, 0), (9, 1), (10, 0), (11, 1), (4, 2), (5, 3), (6, 2), (7, 3), (8, 2), (9, 3), (10, 2), (11, 3)]
length: 16 76
Estimated difference between T3^fnT3 - (T2^WT3 + h.c.) is: -1.5685556444106493e-06 2.4603668096125073e-12
total cost: -7.784441399463112
singles alt: [(4, 0), (5, 1), (6, 0), (7, 1), (8, 0), (9, 1), (10, 0), (11, 1), (4, 2), (5, 3), (6, 2), (7, 3), (8, 2), (9, 3), (10, 2), (11, 3)]
length: 16 76
Estimated difference between T3^fnT3 - (T2^WT3 + h.c.) is: -1.568555394055278e-06 2.4603660242199086e-12
total cost: -7.7844413994977035
singles alt: [(4, 0), (5, 1), (6, 0), (7, 1), (8, 0), (9, 1), (10, 0), (11, 1), (4, 2), (5, 3), (6, 2), (7, 3), (8, 2), (9, 3), (10, 2), (11, 3)]
length: 16 76
Estimated difference between T3^fnT3 - (T2^WT3 + h.c.) is: -1.5685555464759067e-06 2.4603665023803305e-12
total cost: -7.784441399489529
singles alt: [(4, 0), (5, 1), (6, 0), (7, 1), (8, 0), (9, 1), (10, 0), (11, 1), (4, 2), (5, 3), (6, 2), (7, 3), (8, 2), (9, 3), (10, 2), (11, 3)]
length: 16 76
Estimated difference between T3^fnT3 - (T2^WT3 + h.c.) is: -1.5685554431200163e-06 2.4603661781414306e-12
total cost: -7.784441399463282
singles alt: [(4, 0), (5, 1), (6, 0), (7, 1), (8, 0), (9, 1), (10, 0), (11, 1), (4, 2), (5, 3), (6, 2), (7, 3), (8, 2), (9, 3), (10, 2), (11, 3)]
length: 16 76
Estimated difference between T3^fnT3 - (T2^WT3 + h.c.) is: -1.5685555836458207e-06 2.4603666189864814e-12
total cost: -7.784441399488232
singles alt: [(4, 0), (5, 1), (6, 0), (7, 1), (8, 0), (9, 1), (10, 0), (11, 1), (4, 2), (5, 3), (6, 2), (7, 3), (8, 2), (9, 3), (10, 2), (11, 3)]
length: 16 76
Estimated difference between T3^fnT3 - (T2^WT3 + h.c.) is: -1.568555583643474e-06 2.4603666189791196e-12
total cost: -7.784441399488231
singles alt: [(4, 0), (5, 1), (6, 0), (7, 1), (8, 0), (9, 1), (10, 0), (11, 1), (4, 2), (5, 3), (6, 2), (7, 3), (8, 2), (9, 3), (10, 2), (11, 3)]
length: 16 76
Estimated difference between T3^fnT3 - (T2^WT3 + h.c.) is: -1.56855558364892e-06 2.460366618996204e-12
total cost: -7.784441399488227
singles alt: [(4, 0), (5, 1), (6, 0), (7, 1), (8, 0), (9, 1), (10, 0), (11, 1), (4, 2), (5, 3), (6, 2), (7, 3), (8, 2), (9, 3), (10, 2), (11, 3)]
length: 16 76
Estimated difference between T3^fnT3 - (T2^WT3 + h.c.) is: -1.5685555836467018e-06 2.4603666189892456e-12
total cost: -7.784441399488231
singles alt: [(4, 0), (5, 1), (6, 0), (7, 1), (8, 0), (9, 1), (10, 0), (11, 1), (4, 2), (5, 3), (6, 2), (7, 3), (8, 2), (9, 3), (10, 2), (11, 3)]
length: 16 76
Estimated difference between T3^fnT3 - (T2^WT3 + h.c.) is: -1.5685557971199949e-06 2.4603672886787425e-12
total cost: -7.784441399410396
singles alt: [(4, 0), (5, 1), (6, 0), (7, 1), (8, 0), (9, 1), (10, 0), (11, 1), (4, 2), (5, 3), (6, 2), (7, 3), (8, 2), (9, 3), (10, 2), (11, 3)]
length: 16 76
Estimated difference between T3^fnT3 - (T2^WT3 + h.c.) is: -1.5685558726237853e-06 2.4603675255425644e-12
total cost: -7.7844413995253054
singles alt: [(4, 0), (5, 1), (6, 0), (7, 1), (8, 0), (9, 1), (10, 0), (11, 1), (4, 2), (5, 3), (6, 2), (7, 3), (8, 2), (9, 3), (10, 2), (11, 3)]
length: 16 76
Estimated difference between T3^fnT3 - (T2^WT3 + h.c.) is: -1.5685557845669704e-06 2.460367249298504e-12
total cost: -7.784441399525213
singles alt: [(4, 0), (5, 1), (6, 0), (7, 1), (8, 0), (9, 1), (10, 0), (11, 1), (4, 2), (5, 3), (6, 2), (7, 3), (8, 2), (9, 3), (10, 2), (11, 3)]
length: 16 76
Estimated difference between T3^fnT3 - (T2^WT3 + h.c.) is: -1.5685557661055788e-06 2.460367191383059e-12
total cost: -7.7844413994845505
singles alt: [(4, 0), (5, 1), (6, 0), (7, 1), (8, 0), (9, 1), (10, 0), (11, 1), (4, 2), (5, 3), (6, 2), (7, 3), (8, 2), (9, 3), (10, 2), (11, 3)]
length: 16 76
Estimated difference between T3^fnT3 - (T2^WT3 + h.c.) is: -1.5685556020559158e-06 2.4603666767409967e-12
total cost: -7.784441399488177
singles alt: [(4, 0), (5, 1), (6, 0), (7, 1), (8, 0), (9, 1), (10, 0), (11, 1), (4, 2), (5, 3), (6, 2), (7, 3), (8, 2), (9, 3), (10, 2), (11, 3)]
length: 16 76
Estimated difference between T3^fnT3 - (T2^WT3 + h.c.) is: -1.5685557109799038e-06 2.4603670184476716e-12
total cost: -7.784441399488227
singles alt: [(4, 0), (5, 1), (6, 0), (7, 1), (8, 0), (9, 1), (10, 0), (11, 1), (4, 2), (5, 3), (6, 2), (7, 3), (8, 2), (9, 3), (10, 2), (11, 3)]
length: 16 76
Estimated difference between T3^fnT3 - (T2^WT3 + h.c.) is: -1.5685557108874222e-06 2.4603670181575465e-12
total cost: -7.784441399488222
singles alt: [(4, 0), (5, 1), (6, 0), (7, 1), (8, 0), (9, 1), (10, 0), (11, 1), (4, 2), (5, 3), (6, 2), (7, 3), (8, 2), (9, 3), (10, 2), (11, 3)]
length: 16 76
Estimated difference between T3^fnT3 - (T2^WT3 + h.c.) is: -1.5685555999087216e-06 2.4603666700050093e-12
total cost: -7.784441399488225
singles alt: [(4, 0), (5, 1), (6, 0), (7, 1), (8, 0), (9, 1), (10, 0), (11, 1), (4, 2), (5, 3), (6, 2), (7, 3), (8, 2), (9, 3), (10, 2), (11, 3)]
length: 16 76
Estimated difference between T3^fnT3 - (T2^WT3 + h.c.) is: -1.568555583648115e-06 2.4603666189936784e-12
total cost: -7.784441399488193
singles alt: [(4, 0), (5, 1), (6, 0), (7, 1), (8, 0), (9, 1), (10, 0), (11, 1), (4, 2), (5, 3), (6, 2), (7, 3), (8, 2), (9, 3), (10, 2), (11, 3)]
length: 16 76
Estimated difference between T3^fnT3 - (T2^WT3 + h.c.) is: -1.5685555836476817e-06 2.4603666189923193e-12
total cost: -7.784441399488229
singles alt: [(4, 0), (5, 1), (6, 0), (7, 1), (8, 0), (9, 1), (10, 0), (11, 1), (4, 2), (5, 3), (6, 2), (7, 3), (8, 2), (9, 3), (10, 2), (11, 3)]
length: 16 76
Estimated difference between T3^fnT3 - (T2^WT3 + h.c.) is: -1.5685555836467097e-06 2.46036661898927e-12
total cost: -7.784441399488228
singles alt: [(4, 0), (5, 1), (6, 0), (7, 1), (8, 0), (9, 1), (10, 0), (11, 1), (4, 2), (5, 3), (6, 2), (7, 3), (8, 2), (9, 3), (10, 2), (11, 3)]
length: 16 76
Estimated difference between T3^fnT3 - (T2^WT3 + h.c.) is: -1.5685555836474464e-06 2.4603666189915814e-12
total cost: -7.784441399488228
singles alt: [(4, 0), (5, 1), (6, 0), (7, 1), (8, 0), (9, 1), (10, 0), (11, 1), (4, 2), (5, 3), (6, 2), (7, 3), (8, 2), (9, 3), (10, 2), (11, 3)]
length: 16 76
Estimated difference between T3^fnT3 - (T2^WT3 + h.c.) is: -1.5685555836501419e-06 2.4603666190000374e-12
total cost: -7.784441399488217
singles alt: [(4, 0), (5, 1), (6, 0), (7, 1), (8, 0), (9, 1), (10, 0), (11, 1), (4, 2), (5, 3), (6, 2), (7, 3), (8, 2), (9, 3), (10, 2), (11, 3)]
length: 16 76
Estimated difference between T3^fnT3 - (T2^WT3 + h.c.) is: -1.5685555836505213e-06 2.4603666190012276e-12
total cost: -7.784441399488224
singles alt: [(4, 0), (5, 1), (6, 0), (7, 1), (8, 0), (9, 1), (10, 0), (11, 1), (4, 2), (5, 3), (6, 2), (7, 3), (8, 2), (9, 3), (10, 2), (11, 3)]
length: 16 76
Estimated difference between T3^fnT3 - (T2^WT3 + h.c.) is: -1.5685555836510196e-06 2.4603666190027907e-12
total cost: -7.784441399488227
singles alt: [(4, 0), (5, 1), (6, 0), (7, 1), (8, 0), (9, 1), (10, 0), (11, 1), (4, 2), (5, 3), (6, 2), (7, 3), (8, 2), (9, 3), (10, 2), (11, 3)]
length: 16 76
Estimated difference between T3^fnT3 - (T2^WT3 + h.c.) is: -1.5685555836467444e-06 2.460366618989379e-12
total cost: -7.784441399488231
singles alt: [(4, 0), (5, 1), (6, 0), (7, 1), (8, 0), (9, 1), (10, 0), (11, 1), (4, 2), (5, 3), (6, 2), (7, 3), (8, 2), (9, 3), (10, 2), (11, 3)]
length: 16 76
Estimated difference between T3^fnT3 - (T2^WT3 + h.c.) is: -1.5685556020467166e-06 2.4603666767121375e-12
total cost: -7.78444139948823
singles alt: [(4, 0), (5, 1), (6, 0), (7, 1), (8, 0), (9, 1), (10, 0), (11, 1), (4, 2), (5, 3), (6, 2), (7, 3), (8, 2), (9, 3), (10, 2), (11, 3)]
length: 16 76
Estimated difference between T3^fnT3 - (T2^WT3 + h.c.) is: -1.5685557109772414e-06 2.460367018439319e-12
total cost: -7.784441399488223
singles alt: [(4, 0), (5, 1), (6, 0), (7, 1), (8, 0), (9, 1), (10, 0), (11, 1), (4, 2), (5, 3), (6, 2), (7, 3), (8, 2), (9, 3), (10, 2), (11, 3)]
length: 16 76
Estimated difference between T3^fnT3 - (T2^WT3 + h.c.) is: -1.5685557108727253e-06 2.460367018111441e-12
total cost: -7.784441399488228
singles alt: [(4, 0), (5, 1), (6, 0), (7, 1), (8, 0), (9, 1), (10, 0), (11, 1), (4, 2), (5, 3), (6, 2), (7, 3), (8, 2), (9, 3), (10, 2), (11, 3)]
length: 16 76
Estimated difference between T3^fnT3 - (T2^WT3 + h.c.) is: -1.5685555999080975e-06 2.4603666700030516e-12
total cost: -7.784441399488227
singles alt: [(4, 0), (5, 1), (6, 0), (7, 1), (8, 0), (9, 1), (10, 0), (11, 1), (4, 2), (5, 3), (6, 2), (7, 3), (8, 2), (9, 3), (10, 2), (11, 3)]
length: 16 76
Estimated difference between T3^fnT3 - (T2^WT3 + h.c.) is: -1.5685557971431437e-06 2.4603672887513627e-12
total cost: -7.784441399410638
singles alt: [(4, 0), (5, 1), (6, 0), (7, 1), (8, 0), (9, 1), (10, 0), (11, 1), (4, 2), (5, 3), (6, 2), (7, 3), (8, 2), (9, 3), (10, 2), (11, 3)]
length: 16 76
Estimated difference between T3^fnT3 - (T2^WT3 + h.c.) is: -1.5685557844744818e-06 2.460367249008357e-12
total cost: -7.784441399525398
singles alt: [(4, 0), (5, 1), (6, 0), (7, 1), (8, 0), (9, 1), (10, 0), (11, 1), (4, 2), (5, 3), (6, 2), (7, 3), (8, 2), (9, 3), (10, 2), (11, 3)]
length: 16 76
Estimated difference between T3^fnT3 - (T2^WT3 + h.c.) is: -1.5685558725123161e-06 2.4603675251928734e-12
total cost: -7.784441399525477
singles alt: [(4, 0), (5, 1), (6, 0), (7, 1), (8, 0), (9, 1), (10, 0), (11, 1), (4, 2), (5, 3), (6, 2), (7, 3), (8, 2), (9, 3), (10, 2), (11, 3)]
length: 16 76
Estimated difference between T3^fnT3 - (T2^WT3 + h.c.) is: -1.5685557662502406e-06 2.4603671918368792e-12
total cost: -7.784441399484394
singles alt: [(4, 0), (5, 1), (6, 0), (7, 1), (8, 0), (9, 1), (10, 0), (11, 1), (4, 2), (5, 3), (6, 2), (7, 3), (8, 2), (9, 3), (10, 2), (11, 3)]
length: 16 76
Estimated difference between T3^fnT3 - (T2^WT3 + h.c.) is: -1.5685555836479375e-06 2.460366618993122e-12
total cost: -7.784441399488191
singles alt: [(4, 0), (5, 1), (6, 0), (7, 1), (8, 0), (9, 1), (10, 0), (11, 1), (4, 2), (5, 3), (6, 2), (7, 3), (8, 2), (9, 3), (10, 2), (11, 3)]
length: 16 76
Estimated difference between T3^fnT3 - (T2^WT3 + h.c.) is: -1.5685555836472598e-06 2.460366618990996e-12
total cost: -7.7844413994882276
singles alt: [(4, 0), (5, 1), (6, 0), (7, 1), (8, 0), (9, 1), (10, 0), (11, 1), (4, 2), (5, 3), (6, 2), (7, 3), (8, 2), (9, 3), (10, 2), (11, 3)]
length: 16 76
Estimated difference between T3^fnT3 - (T2^WT3 + h.c.) is: -1.568555583648023e-06 2.46036661899339e-12
total cost: -7.784441399488228
singles alt: [(4, 0), (5, 1), (6, 0), (7, 1), (8, 0), (9, 1), (10, 0), (11, 1), (4, 2), (5, 3), (6, 2), (7, 3), (8, 2), (9, 3), (10, 2), (11, 3)]
length: 16 76
Estimated difference between T3^fnT3 - (T2^WT3 + h.c.) is: -1.5685555836470157e-06 2.46036661899023e-12
total cost: -7.78444139948823
singles alt: [(4, 0), (5, 1), (6, 0), (7, 1), (8, 0), (9, 1), (10, 0), (11, 1), (4, 2), (5, 3), (6, 2), (7, 3), (8, 2), (9, 3), (10, 2), (11, 3)]
length: 16 76
Estimated difference between T3^fnT3 - (T2^WT3 + h.c.) is: -1.5685556443605266e-06 2.4603668094552666e-12
total cost: -7.784441399462637
singles alt: [(4, 0), (5, 1), (6, 0), (7, 1), (8, 0), (9, 1), (10, 0), (11, 1), (4, 2), (5, 3), (6, 2), (7, 3), (8, 2), (9, 3), (10, 2), (11, 3)]
length: 16 76
Estimated difference between T3^fnT3 - (T2^WT3 + h.c.) is: -1.5685555464727789e-06 2.460366502370518e-12
total cost: -7.78444139948927
singles alt: [(4, 0), (5, 1), (6, 0), (7, 1), (8, 0), (9, 1), (10, 0), (11, 1), (4, 2), (5, 3), (6, 2), (7, 3), (8, 2), (9, 3), (10, 2), (11, 3)]
length: 16 76
Estimated difference between T3^fnT3 - (T2^WT3 + h.c.) is: -1.5685553942037069e-06 2.4603660246855462e-12
total cost: -7.784441399496593
singles alt: [(4, 0), (5, 1), (6, 0), (7, 1), (8, 0), (9, 1), (10, 0), (11, 1), (4, 2), (5, 3), (6, 2), (7, 3), (8, 2), (9, 3), (10, 2), (11, 3)]
length: 16 76
Estimated difference between T3^fnT3 - (T2^WT3 + h.c.) is: -1.5685554427997317e-06 2.4603661771366626e-12
total cost: -7.784441399463606
singles alt: [(4, 0), (5, 1), (6, 0), (7, 1), (8, 0), (9, 1), (10, 0), (11, 1), (4, 2), (5, 3), (6, 2), (7, 3), (8, 2), (9, 3), (10, 2), (11, 3)]
length: 16 76
Estimated difference between T3^fnT3 - (T2^WT3 + h.c.) is: -1.568555583646921e-06 2.460366618989933e-12
total cost: -7.784441399488231
singles alt: [(4, 0), (5, 1), (6, 0), (7, 1), (8, 0), (9, 1), (10, 0), (11, 1), (4, 2), (5, 3), (6, 2), (7, 3), (8, 2), (9, 3), (10, 2), (11, 3)]
length: 16 76
Estimated difference between T3^fnT3 - (T2^WT3 + h.c.) is: -1.5685555836469718e-06 2.4603666189900926e-12
total cost: -7.784441399488226
singles alt: [(4, 0), (5, 1), (6, 0), (7, 1), (8, 0), (9, 1), (10, 0), (11, 1), (4, 2), (5, 3), (6, 2), (7, 3), (8, 2), (9, 3), (10, 2), (11, 3)]
length: 16 76
Estimated difference between T3^fnT3 - (T2^WT3 + h.c.) is: -1.5685555836479696e-06 2.460366618993223e-12
total cost: -7.784441399488224
singles alt: [(4, 0), (5, 1), (6, 0), (7, 1), (8, 0), (9, 1), (10, 0), (11, 1), (4, 2), (5, 3), (6, 2), (7, 3), (8, 2), (9, 3), (10, 2), (11, 3)]
length: 16 76
Estimated difference between T3^fnT3 - (T2^WT3 + h.c.) is: -1.568555583646747e-06 2.460366618989387e-12
total cost: -7.78444139948823
singles alt: [(4, 0), (5, 1), (6, 0), (7, 1), (8, 0), (9, 1), (10, 0), (11, 1), (4, 2), (5, 3), (6, 2), (7, 3), (8, 2), (9, 3), (10, 2), (11, 3)]
length: 16 76
Estimated difference between T3^fnT3 - (T2^WT3 + h.c.) is: -1.5685555836469426e-06 2.460366618990001e-12
total cost: -7.784441399488232
singles alt: [(4, 0), (5, 1), (6, 0), (7, 1), (8, 0), (9, 1), (10, 0), (11, 1), (4, 2), (5, 3), (6, 2), (7, 3), (8, 2), (9, 3), (10, 2), (11, 3)]
length: 16 76
Estimated difference between T3^fnT3 - (T2^WT3 + h.c.) is: -1.5685555836477894e-06 2.4603666189926574e-12
total cost: -7.784441399488228
singles alt: [(4, 0), (5, 1), (6, 0), (7, 1), (8, 0), (9, 1), (10, 0), (11, 1), (4, 2), (5, 3), (6, 2), (7, 3), (8, 2), (9, 3), (10, 2), (11, 3)]
length: 16 76
Estimated difference between T3^fnT3 - (T2^WT3 + h.c.) is: -1.5685555836469456e-06 2.4603666189900102e-12
total cost: -7.7844413994882276
singles alt: [(4, 0), (5, 1), (6, 0), (7, 1), (8, 0), (9, 1), (10, 0), (11, 1), (4, 2), (5, 3), (6, 2), (7, 3), (8, 2), (9, 3), (10, 2), (11, 3)]
length: 16 76
Estimated difference between T3^fnT3 - (T2^WT3 + h.c.) is: -1.5685555836467474e-06 2.4603666189893882e-12
total cost: -7.784441399488228
singles alt: [(4, 0), (5, 1), (6, 0), (7, 1), (8, 0), (9, 1), (10, 0), (11, 1), (4, 2), (5, 3), (6, 2), (7, 3), (8, 2), (9, 3), (10, 2), (11, 3)]
length: 16 76
Estimated difference between T3^fnT3 - (T2^WT3 + h.c.) is: -1.5685557653911196e-06 2.4603671891417212e-12
total cost: -7.784441399558828
singles alt: [(4, 0), (5, 1), (6, 0), (7, 1), (8, 0), (9, 1), (10, 0), (11, 1), (4, 2), (5, 3), (6, 2), (7, 3), (8, 2), (9, 3), (10, 2), (11, 3)]
length: 16 76
Estimated difference between T3^fnT3 - (T2^WT3 + h.c.) is: -1.5685556147479829e-06 2.4603667165574224e-12
total cost: -7.7844413994864
singles alt: [(4, 0), (5, 1), (6, 0), (7, 1), (8, 0), (9, 1), (10, 0), (11, 1), (4, 2), (5, 3), (6, 2), (7, 3), (8, 2), (9, 3), (10, 2), (11, 3)]
length: 16 76
Estimated difference between T3^fnT3 - (T2^WT3 + h.c.) is: -1.5685556147645934e-06 2.4603667166095315e-12
total cost: -7.784441399486416
singles alt: [(4, 0), (5, 1), (6, 0), (7, 1), (8, 0), (9, 1), (10, 0), (11, 1), (4, 2), (5, 3), (6, 2), (7, 3), (8, 2), (9, 3), (10, 2), (11, 3)]
length: 16 76
Estimated difference between T3^fnT3 - (T2^WT3 + h.c.) is: -1.568555716521501e-06 2.4603670358322793e-12
total cost: -7.784441399468848
singles alt: [(4, 0), (5, 1), (6, 0), (7, 1), (8, 0), (9, 1), (10, 0), (11, 1), (4, 2), (5, 3), (6, 2), (7, 3), (8, 2), (9, 3), (10, 2), (11, 3)]
length: 16 76
Estimated difference between T3^fnT3 - (T2^WT3 + h.c.) is: -1.5685555836437955e-06 2.4603666189801277e-12
total cost: -7.78444139948823
singles alt: [(4, 0), (5, 1), (6, 0), (7, 1), (8, 0), (9, 1), (10, 0), (11, 1), (4, 2), (5, 3), (6, 2), (7, 3), (8, 2), (9, 3), (10, 2), (11, 3)]
length: 16 76
Estimated difference between T3^fnT3 - (T2^WT3 + h.c.) is: -1.5685555836440623e-06 2.460366618980965e-12
total cost: -7.784441399488229
singles alt: [(4, 0), (5, 1), (6, 0), (7, 1), (8, 0), (9, 1), (10, 0), (11, 1), (4, 2), (5, 3), (6, 2), (7, 3), (8, 2), (9, 3), (10, 2), (11, 3)]
length: 16 76
Estimated difference between T3^fnT3 - (T2^WT3 + h.c.) is: -1.5685555836490649e-06 2.4603666189966584e-12
total cost: -7.784441399488227
singles alt: [(4, 0), (5, 1), (6, 0), (7, 1), (8, 0), (9, 1), (10, 0), (11, 1), (4, 2), (5, 3), (6, 2), (7, 3), (8, 2), (9, 3), (10, 2), (11, 3)]
length: 16 76
Estimated difference between T3^fnT3 - (T2^WT3 + h.c.) is: -1.5685555836524828e-06 2.460366619007381e-12
total cost: -7.784441399488225
singles alt: [(4, 0), (5, 1), (6, 0), (7, 1), (8, 0), (9, 1), (10, 0), (11, 1), (4, 2), (5, 3), (6, 2), (7, 3), (8, 2), (9, 3), (10, 2), (11, 3)]
length: 16 76
Estimated difference between T3^fnT3 - (T2^WT3 + h.c.) is: -1.5685554367283181e-06 2.4603661580899647e-12
total cost: -7.7844413994917625
singles alt: [(4, 0), (5, 1), (6, 0), (7, 1), (8, 0), (9, 1), (10, 0), (11, 1), (4, 2), (5, 3), (6, 2), (7, 3), (8, 2), (9, 3), (10, 2), (11, 3)]
length: 16 76
Estimated difference between T3^fnT3 - (T2^WT3 + h.c.) is: -1.5685554365983316e-06 2.460366157682183e-12
total cost: -7.784441399491819
singles alt: [(4, 0), (5, 1), (6, 0), (7, 1), (8, 0), (9, 1), (10, 0), (11, 1), (4, 2), (5, 3), (6, 2), (7, 3), (8, 2), (9, 3), (10, 2), (11, 3)]
length: 16 76
Estimated difference between T3^fnT3 - (T2^WT3 + h.c.) is: -1.5685553088940261e-06 2.460365757059634e-12
total cost: -7.784441399488259
singles alt: [(4, 0), (5, 1), (6, 0), (7, 1), (8, 0), (9, 1), (10, 0), (11, 1), (4, 2), (5, 3), (6, 2), (7, 3), (8, 2), (9, 3), (10, 2), (11, 3)]
length: 16 76
Estimated difference between T3^fnT3 - (T2^WT3 + h.c.) is: -1.5685558580219668e-06 2.4603674797350287e-12
total cost: -7.784441399488194
singles alt: [(4, 0), (5, 1), (6, 0), (7, 1), (8, 0), (9, 1), (10, 0), (11, 1), (4, 2), (5, 3), (6, 2), (7, 3), (8, 2), (9, 3), (10, 2), (11, 3)]
length: 16 76
Estimated difference between T3^fnT3 - (T2^WT3 + h.c.) is: -1.568555583647652e-06 2.4603666189922264e-12
total cost: -7.784441399488227
singles alt: [(4, 0), (5, 1), (6, 0), (7, 1), (8, 0), (9, 1), (10, 0), (11, 1), (4, 2), (5, 3), (6, 2), (7, 3), (8, 2), (9, 3), (10, 2), (11, 3)]
length: 16 76
Estimated difference between T3^fnT3 - (T2^WT3 + h.c.) is: -1.568555583647954e-06 2.4603666189931735e-12
total cost: -7.7844413994882276
singles alt: [(4, 0), (5, 1), (6, 0), (7, 1), (8, 0), (9, 1), (10, 0), (11, 1), (4, 2), (5, 3), (6, 2), (7, 3), (8, 2), (9, 3), (10, 2), (11, 3)]
length: 16 76
Estimated difference between T3^fnT3 - (T2^WT3 + h.c.) is: -1.568555583646522e-06 2.4603666189886814e-12
total cost: -7.784441399488229
singles alt: [(4, 0), (5, 1), (6, 0), (7, 1), (8, 0), (9, 1), (10, 0), (11, 1), (4, 2), (5, 3), (6, 2), (7, 3), (8, 2), (9, 3), (10, 2), (11, 3)]
length: 16 76
Estimated difference between T3^fnT3 - (T2^WT3 + h.c.) is: -1.568555583645835e-06 2.460366618986526e-12
total cost: -7.784441399488229
singles alt: [(4, 0), (5, 1), (6, 0), (7, 1), (8, 0), (9, 1), (10, 0), (11, 1), (4, 2), (5, 3), (6, 2), (7, 3), (8, 2), (9, 3), (10, 2), (11, 3)]
length: 16 76
Estimated difference between T3^fnT3 - (T2^WT3 + h.c.) is: -1.5685555836469405e-06 2.460366618989994e-12
total cost: -7.784441399501328
singles alt: [(4, 0), (5, 1), (6, 0), (7, 1), (8, 0), (9, 1), (10, 0), (11, 1), (4, 2), (5, 3), (6, 2), (7, 3), (8, 2), (9, 3), (10, 2), (11, 3)]
length: 16 76
Estimated difference between T3^fnT3 - (T2^WT3 + h.c.) is: -1.5685555836469405e-06 2.460366618989994e-12
total cost: -7.784441399501284
singles alt: [(4, 0), (5, 1), (6, 0), (7, 1), (8, 0), (9, 1), (10, 0), (11, 1), (4, 2), (5, 3), (6, 2), (7, 3), (8, 2), (9, 3), (10, 2), (11, 3)]
length: 16 76
Estimated difference between T3^fnT3 - (T2^WT3 + h.c.) is: -1.5685555836469405e-06 2.460366618989994e-12
total cost: -7.784441399488222
singles alt: [(4, 0), (5, 1), (6, 0), (7, 1), (8, 0), (9, 1), (10, 0), (11, 1), (4, 2), (5, 3), (6, 2), (7, 3), (8, 2), (9, 3), (10, 2), (11, 3)]
length: 16 76
Estimated difference between T3^fnT3 - (T2^WT3 + h.c.) is: -1.5685555836469405e-06 2.460366618989994e-12
total cost: -7.784441399488224
singles alt: [(4, 0), (5, 1), (6, 0), (7, 1), (8, 0), (9, 1), (10, 0), (11, 1), (4, 2), (5, 3), (6, 2), (7, 3), (8, 2), (9, 3), (10, 2), (11, 3)]
length: 16 76
Estimated difference between T3^fnT3 - (T2^WT3 + h.c.) is: -1.5685555836469405e-06 2.460366618989994e-12
total cost: -7.784441399488227
singles alt: [(4, 0), (5, 1), (6, 0), (7, 1), (8, 0), (9, 1), (10, 0), (11, 1), (4, 2), (5, 3), (6, 2), (7, 3), (8, 2), (9, 3), (10, 2), (11, 3)]
length: 16 76
Estimated difference between T3^fnT3 - (T2^WT3 + h.c.) is: -1.5685555836469405e-06 2.460366618989994e-12
total cost: -7.784441399488226
singles alt: [(4, 0), (5, 1), (6, 0), (7, 1), (8, 0), (9, 1), (10, 0), (11, 1), (4, 2), (5, 3), (6, 2), (7, 3), (8, 2), (9, 3), (10, 2), (11, 3)]
length: 16 76
Estimated difference between T3^fnT3 - (T2^WT3 + h.c.) is: -1.5685555836469405e-06 2.460366618989994e-12
total cost: -7.784441399497256
singles alt: [(4, 0), (5, 1), (6, 0), (7, 1), (8, 0), (9, 1), (10, 0), (11, 1), (4, 2), (5, 3), (6, 2), (7, 3), (8, 2), (9, 3), (10, 2), (11, 3)]
length: 16 76
Estimated difference between T3^fnT3 - (T2^WT3 + h.c.) is: -1.5685555836469405e-06 2.460366618989994e-12
total cost: -7.784441399497235
singles alt: [(4, 0), (5, 1), (6, 0), (7, 1), (8, 0), (9, 1), (10, 0), (11, 1), (4, 2), (5, 3), (6, 2), (7, 3), (8, 2), (9, 3), (10, 2), (11, 3)]
length: 16 76
Estimated difference between T3^fnT3 - (T2^WT3 + h.c.) is: -1.5685555836469405e-06 2.460366618989994e-12
total cost: -7.784441399504346
singles alt: [(4, 0), (5, 1), (6, 0), (7, 1), (8, 0), (9, 1), (10, 0), (11, 1), (4, 2), (5, 3), (6, 2), (7, 3), (8, 2), (9, 3), (10, 2), (11, 3)]
length: 16 76
Estimated difference between T3^fnT3 - (T2^WT3 + h.c.) is: -1.5685555836469405e-06 2.460366618989994e-12
total cost: -7.784441399504429
singles alt: [(4, 0), (5, 1), (6, 0), (7, 1), (8, 0), (9, 1), (10, 0), (11, 1), (4, 2), (5, 3), (6, 2), (7, 3), (8, 2), (9, 3), (10, 2), (11, 3)]
length: 16 76
Estimated difference between T3^fnT3 - (T2^WT3 + h.c.) is: -1.5685555836469405e-06 2.460366618989994e-12
total cost: -7.7844413994882276
singles alt: [(4, 0), (5, 1), (6, 0), (7, 1), (8, 0), (9, 1), (10, 0), (11, 1), (4, 2), (5, 3), (6, 2), (7, 3), (8, 2), (9, 3), (10, 2), (11, 3)]
length: 16 76
Estimated difference between T3^fnT3 - (T2^WT3 + h.c.) is: -1.5685555836469405e-06 2.460366618989994e-12
total cost: -7.7844413994882276
singles alt: [(4, 0), (5, 1), (6, 0), (7, 1), (8, 0), (9, 1), (10, 0), (11, 1), (4, 2), (5, 3), (6, 2), (7, 3), (8, 2), (9, 3), (10, 2), (11, 3)]
length: 16 76
Estimated difference between T3^fnT3 - (T2^WT3 + h.c.) is: -1.5685555836469405e-06 2.460366618989994e-12
total cost: -7.784441399488229
singles alt: [(4, 0), (5, 1), (6, 0), (7, 1), (8, 0), (9, 1), (10, 0), (11, 1), (4, 2), (5, 3), (6, 2), (7, 3), (8, 2), (9, 3), (10, 2), (11, 3)]
length: 16 76
Estimated difference between T3^fnT3 - (T2^WT3 + h.c.) is: -1.5685555836469405e-06 2.460366618989994e-12
total cost: -7.784441399488229
singles alt: [(4, 0), (5, 1), (6, 0), (7, 1), (8, 0), (9, 1), (10, 0), (11, 1), (4, 2), (5, 3), (6, 2), (7, 3), (8, 2), (9, 3), (10, 2), (11, 3)]
length: 16 76
Estimated difference between T3^fnT3 - (T2^WT3 + h.c.) is: -1.5685555836469405e-06 2.460366618989994e-12
total cost: -7.784441399493719
singles alt: [(4, 0), (5, 1), (6, 0), (7, 1), (8, 0), (9, 1), (10, 0), (11, 1), (4, 2), (5, 3), (6, 2), (7, 3), (8, 2), (9, 3), (10, 2), (11, 3)]
length: 16 76
Estimated difference between T3^fnT3 - (T2^WT3 + h.c.) is: -1.5685555836469405e-06 2.460366618989994e-12
total cost: -7.784441399493712
singles alt: [(4, 0), (5, 1), (6, 0), (7, 1), (8, 0), (9, 1), (10, 0), (11, 1), (4, 2), (5, 3), (6, 2), (7, 3), (8, 2), (9, 3), (10, 2), (11, 3)]
callback: energy=-7.784439830933
singles alt: [(4, 0), (5, 1), (6, 0), (7, 1), (8, 0), (9, 1), (10, 0), (11, 1), (4, 2), (5, 3), (6, 2), (7, 3), (8, 2), (9, 3), (10, 2), (11, 3)]
length: 16 76
Estimated difference between T3^fnT3 - (T2^WT3 + h.c.) is: -1.6064211686336057e-06 2.5805889710341595e-12
total cost: -7.784447430618329
singles alt: [(4, 0), (5, 1), (6, 0), (7, 1), (8, 0), (9, 1), (10, 0), (11, 1), (4, 2), (5, 3), (6, 2), (7, 3), (8, 2), (9, 3), (10, 2), (11, 3)]
length: 16 76
Estimated difference between T3^fnT3 - (T2^WT3 + h.c.) is: -1.606421527549269e-06 2.5805901241737266e-12
total cost: -7.784447430537863
singles alt: [(4, 0), (5, 1), (6, 0), (7, 1), (8, 0), (9, 1), (10, 0), (11, 1), (4, 2), (5, 3), (6, 2), (7, 3), (8, 2), (9, 3), (10, 2), (11, 3)]
length: 16 76
Estimated difference between T3^fnT3 - (T2^WT3 + h.c.) is: -1.6064212525418832e-06 2.580589240618233e-12
total cost: -7.784447430615631
singles alt: [(4, 0), (5, 1), (6, 0), (7, 1), (8, 0), (9, 1), (10, 0), (11, 1), (4, 2), (5, 3), (6, 2), (7, 3), (8, 2), (9, 3), (10, 2), (11, 3)]
length: 16 76
Estimated difference between T3^fnT3 - (T2^WT3 + h.c.) is: -1.6064212524139816e-06 2.580589240207305e-12
total cost: -7.784447430615674
singles alt: [(4, 0), (5, 1), (6, 0), (7, 1), (8, 0), (9, 1), (10, 0), (11, 1), (4, 2), (5, 3), (6, 2), (7, 3), (8, 2), (9, 3), (10, 2), (11, 3)]
length: 16 76
Estimated difference between T3^fnT3 - (T2^WT3 + h.c.) is: -1.606421236474219e-06 2.5805891889953583e-12
total cost: -7.784447430641049
singles alt: [(4, 0), (5, 1), (6, 0), (7, 1), (8, 0), (9, 1), (10, 0), (11, 1), (4, 2), (5, 3), (6, 2), (7, 3), (8, 2), (9, 3), (10, 2), (11, 3)]
length: 16 76
Estimated difference between T3^fnT3 - (T2^WT3 + h.c.) is: -1.6064211686319125e-06 2.5805889710287194e-12
total cost: -7.784447430618339
singles alt: [(4, 0), (5, 1), (6, 0), (7, 1), (8, 0), (9, 1), (10, 0), (11, 1), (4, 2), (5, 3), (6, 2), (7, 3), (8, 2), (9, 3), (10, 2), (11, 3)]
length: 16 76
Estimated difference between T3^fnT3 - (T2^WT3 + h.c.) is: -1.6064211686342457e-06 2.5805889710362158e-12
total cost: -7.784447430618329
singles alt: [(4, 0), (5, 1), (6, 0), (7, 1), (8, 0), (9, 1), (10, 0), (11, 1), (4, 2), (5, 3), (6, 2), (7, 3), (8, 2), (9, 3), (10, 2), (11, 3)]
length: 16 76
Estimated difference between T3^fnT3 - (T2^WT3 + h.c.) is: -1.6064211686292982e-06 2.58058897102032e-12
total cost: -7.784447430618334
singles alt: [(4, 0), (5, 1), (6, 0), (7, 1), (8, 0), (9, 1), (10, 0), (11, 1), (4, 2), (5, 3), (6, 2), (7, 3), (8, 2), (9, 3), (10, 2), (11, 3)]
length: 16 76
Estimated difference between T3^fnT3 - (T2^WT3 + h.c.) is: -1.6064211686338586e-06 2.5805889710349718e-12
total cost: -7.784447430618327
singles alt: [(4, 0), (5, 1), (6, 0), (7, 1), (8, 0), (9, 1), (10, 0), (11, 1), (4, 2), (5, 3), (6, 2), (7, 3), (8, 2), (9, 3), (10, 2), (11, 3)]
length: 16 76
Estimated difference between T3^fnT3 - (T2^WT3 + h.c.) is: -1.6064211686320269e-06 2.580588971029087e-12
total cost: -7.784447430618333
singles alt: [(4, 0), (5, 1), (6, 0), (7, 1), (8, 0), (9, 1), (10, 0), (11, 1), (4, 2), (5, 3), (6, 2), (7, 3), (8, 2), (9, 3), (10, 2), (11, 3)]
length: 16 76
Estimated difference between T3^fnT3 - (T2^WT3 + h.c.) is: -1.6064211686380046e-06 2.5805889710482923e-12
total cost: -7.784447430618328
singles alt: [(4, 0), (5, 1), (6, 0), (7, 1), (8, 0), (9, 1), (10, 0), (11, 1), (4, 2), (5, 3), (6, 2), (7, 3), (8, 2), (9, 3), (10, 2), (11, 3)]
length: 16 76
Estimated difference between T3^fnT3 - (T2^WT3 + h.c.) is: -1.6064211686331386e-06 2.5805889710326586e-12
total cost: -7.784447430618329
singles alt: [(4, 0), (5, 1), (6, 0), (7, 1), (8, 0), (9, 1), (10, 0), (11, 1), (4, 2), (5, 3), (6, 2), (7, 3), (8, 2), (9, 3), (10, 2), (11, 3)]
length: 16 76
Estimated difference between T3^fnT3 - (T2^WT3 + h.c.) is: -1.606421168633484e-06 2.5805889710337686e-12
total cost: -7.784447430618327
singles alt: [(4, 0), (5, 1), (6, 0), (7, 1), (8, 0), (9, 1), (10, 0), (11, 1), (4, 2), (5, 3), (6, 2), (7, 3), (8, 2), (9, 3), (10, 2), (11, 3)]
length: 16 76
Estimated difference between T3^fnT3 - (T2^WT3 + h.c.) is: -1.6064212335980267e-06 2.580589179754606e-12
total cost: -7.784447430598701
singles alt: [(4, 0), (5, 1), (6, 0), (7, 1), (8, 0), (9, 1), (10, 0), (11, 1), (4, 2), (5, 3), (6, 2), (7, 3), (8, 2), (9, 3), (10, 2), (11, 3)]
length: 16 76
Estimated difference between T3^fnT3 - (T2^WT3 + h.c.) is: -1.6064209750799524e-06 2.580588349176825e-12
total cost: -7.784447430633216
singles alt: [(4, 0), (5, 1), (6, 0), (7, 1), (8, 0), (9, 1), (10, 0), (11, 1), (4, 2), (5, 3), (6, 2), (7, 3), (8, 2), (9, 3), (10, 2), (11, 3)]
length: 16 76
Estimated difference between T3^fnT3 - (T2^WT3 + h.c.) is: -1.6064211401445667e-06 2.5805888795033697e-12
total cost: -7.784447430618045
singles alt: [(4, 0), (5, 1), (6, 0), (7, 1), (8, 0), (9, 1), (10, 0), (11, 1), (4, 2), (5, 3), (6, 2), (7, 3), (8, 2), (9, 3), (10, 2), (11, 3)]
length: 16 76
Estimated difference between T3^fnT3 - (T2^WT3 + h.c.) is: -1.606421021006196e-06 2.580588496730589e-12
total cost: -7.784447430623368
singles alt: [(4, 0), (5, 1), (6, 0), (7, 1), (8, 0), (9, 1), (10, 0), (11, 1), (4, 2), (5, 3), (6, 2), (7, 3), (8, 2), (9, 3), (10, 2), (11, 3)]
length: 16 76
Estimated difference between T3^fnT3 - (T2^WT3 + h.c.) is: -1.6064211686327104e-06 2.580588971031283e-12
total cost: -7.784447430618328
singles alt: [(4, 0), (5, 1), (6, 0), (7, 1), (8, 0), (9, 1), (10, 0), (11, 1), (4, 2), (5, 3), (6, 2), (7, 3), (8, 2), (9, 3), (10, 2), (11, 3)]
length: 16 76
Estimated difference between T3^fnT3 - (T2^WT3 + h.c.) is: -1.6064211686356139e-06 2.5805889710406114e-12
total cost: -7.784447430618328
singles alt: [(4, 0), (5, 1), (6, 0), (7, 1), (8, 0), (9, 1), (10, 0), (11, 1), (4, 2), (5, 3), (6, 2), (7, 3), (8, 2), (9, 3), (10, 2), (11, 3)]
length: 16 76
Estimated difference between T3^fnT3 - (T2^WT3 + h.c.) is: -1.606421168635737e-06 2.580588971041007e-12
total cost: -7.784447430618328
singles alt: [(4, 0), (5, 1), (6, 0), (7, 1), (8, 0), (9, 1), (10, 0), (11, 1), (4, 2), (5, 3), (6, 2), (7, 3), (8, 2), (9, 3), (10, 2), (11, 3)]
length: 16 76
Estimated difference between T3^fnT3 - (T2^WT3 + h.c.) is: -1.6064211686335858e-06 2.5805889710340957e-12
total cost: -7.784447430618328
singles alt: [(4, 0), (5, 1), (6, 0), (7, 1), (8, 0), (9, 1), (10, 0), (11, 1), (4, 2), (5, 3), (6, 2), (7, 3), (8, 2), (9, 3), (10, 2), (11, 3)]
length: 16 76
Estimated difference between T3^fnT3 - (T2^WT3 + h.c.) is: -1.6064213489668054e-06 2.580589550416331e-12
total cost: -7.784447430699915
singles alt: [(4, 0), (5, 1), (6, 0), (7, 1), (8, 0), (9, 1), (10, 0), (11, 1), (4, 2), (5, 3), (6, 2), (7, 3), (8, 2), (9, 3), (10, 2), (11, 3)]
length: 16 76
Estimated difference between T3^fnT3 - (T2^WT3 + h.c.) is: -1.6064214972576638e-06 2.580590026851554e-12
total cost: -7.784447430627774
singles alt: [(4, 0), (5, 1), (6, 0), (7, 1), (8, 0), (9, 1), (10, 0), (11, 1), (4, 2), (5, 3), (6, 2), (7, 3), (8, 2), (9, 3), (10, 2), (11, 3)]
length: 16 76
Estimated difference between T3^fnT3 - (T2^WT3 + h.c.) is: -1.606421397247141e-06 2.5805897055334565e-12
total cost: -7.784447430627529
singles alt: [(4, 0), (5, 1), (6, 0), (7, 1), (8, 0), (9, 1), (10, 0), (11, 1), (4, 2), (5, 3), (6, 2), (7, 3), (8, 2), (9, 3), (10, 2), (11, 3)]
length: 16 76
Estimated difference between T3^fnT3 - (T2^WT3 + h.c.) is: -1.6064213440285047e-06 2.5805895345503476e-12
total cost: -7.784447430632648
singles alt: [(4, 0), (5, 1), (6, 0), (7, 1), (8, 0), (9, 1), (10, 0), (11, 1), (4, 2), (5, 3), (6, 2), (7, 3), (8, 2), (9, 3), (10, 2), (11, 3)]
length: 16 76
Estimated difference between T3^fnT3 - (T2^WT3 + h.c.) is: -1.6064211895376185e-06 2.5805890381954572e-12
total cost: -7.784447430618396
singles alt: [(4, 0), (5, 1), (6, 0), (7, 1), (8, 0), (9, 1), (10, 0), (11, 1), (4, 2), (5, 3), (6, 2), (7, 3), (8, 2), (9, 3), (10, 2), (11, 3)]
length: 16 76
Estimated difference between T3^fnT3 - (T2^WT3 + h.c.) is: -1.6064212901749101e-06 2.5805893615272227e-12
total cost: -7.784447430618318
singles alt: [(4, 0), (5, 1), (6, 0), (7, 1), (8, 0), (9, 1), (10, 0), (11, 1), (4, 2), (5, 3), (6, 2), (7, 3), (8, 2), (9, 3), (10, 2), (11, 3)]
length: 16 76
Estimated difference between T3^fnT3 - (T2^WT3 + h.c.) is: -1.6064212900893534e-06 2.5805893612523427e-12
total cost: -7.784447430618321
singles alt: [(4, 0), (5, 1), (6, 0), (7, 1), (8, 0), (9, 1), (10, 0), (11, 1), (4, 2), (5, 3), (6, 2), (7, 3), (8, 2), (9, 3), (10, 2), (11, 3)]
length: 16 76
Estimated difference between T3^fnT3 - (T2^WT3 + h.c.) is: -1.6064211871167341e-06 2.5805890304175373e-12
total cost: -7.784447430618329
singles alt: [(4, 0), (5, 1), (6, 0), (7, 1), (8, 0), (9, 1), (10, 0), (11, 1), (4, 2), (5, 3), (6, 2), (7, 3), (8, 2), (9, 3), (10, 2), (11, 3)]
length: 16 76
Estimated difference between T3^fnT3 - (T2^WT3 + h.c.) is: -1.606421168631899e-06 2.580588971028676e-12
total cost: -7.784447430618381
singles alt: [(4, 0), (5, 1), (6, 0), (7, 1), (8, 0), (9, 1), (10, 0), (11, 1), (4, 2), (5, 3), (6, 2), (7, 3), (8, 2), (9, 3), (10, 2), (11, 3)]
length: 16 76
Estimated difference between T3^fnT3 - (T2^WT3 + h.c.) is: -1.6064211686333885e-06 2.5805889710334616e-12
total cost: -7.784447430618324
singles alt: [(4, 0), (5, 1), (6, 0), (7, 1), (8, 0), (9, 1), (10, 0), (11, 1), (4, 2), (5, 3), (6, 2), (7, 3), (8, 2), (9, 3), (10, 2), (11, 3)]
length: 16 76
Estimated difference between T3^fnT3 - (T2^WT3 + h.c.) is: -1.606421168635483e-06 2.580588971040191e-12
total cost: -7.784447430618321
singles alt: [(4, 0), (5, 1), (6, 0), (7, 1), (8, 0), (9, 1), (10, 0), (11, 1), (4, 2), (5, 3), (6, 2), (7, 3), (8, 2), (9, 3), (10, 2), (11, 3)]
length: 16 76
Estimated difference between T3^fnT3 - (T2^WT3 + h.c.) is: -1.6064211686340953e-06 2.5805889710357327e-12
total cost: -7.784447430618323
singles alt: [(4, 0), (5, 1), (6, 0), (7, 1), (8, 0), (9, 1), (10, 0), (11, 1), (4, 2), (5, 3), (6, 2), (7, 3), (8, 2), (9, 3), (10, 2), (11, 3)]
length: 16 76
Estimated difference between T3^fnT3 - (T2^WT3 + h.c.) is: -1.6064211686303858e-06 2.580588971023814e-12
total cost: -7.7844474306183375
singles alt: [(4, 0), (5, 1), (6, 0), (7, 1), (8, 0), (9, 1), (10, 0), (11, 1), (4, 2), (5, 3), (6, 2), (7, 3), (8, 2), (9, 3), (10, 2), (11, 3)]
length: 16 76
Estimated difference between T3^fnT3 - (T2^WT3 + h.c.) is: -1.6064211686327858e-06 2.5805889710315253e-12
total cost: -7.784447430618329
singles alt: [(4, 0), (5, 1), (6, 0), (7, 1), (8, 0), (9, 1), (10, 0), (11, 1), (4, 2), (5, 3), (6, 2), (7, 3), (8, 2), (9, 3), (10, 2), (11, 3)]
length: 16 76
Estimated difference between T3^fnT3 - (T2^WT3 + h.c.) is: -1.6064211686360338e-06 2.5805889710419604e-12
total cost: -7.784447430618328
singles alt: [(4, 0), (5, 1), (6, 0), (7, 1), (8, 0), (9, 1), (10, 0), (11, 1), (4, 2), (5, 3), (6, 2), (7, 3), (8, 2), (9, 3), (10, 2), (11, 3)]
length: 16 76
Estimated difference between T3^fnT3 - (T2^WT3 + h.c.) is: -1.6064211686332356e-06 2.5805889710329705e-12
total cost: -7.784447430618327
singles alt: [(4, 0), (5, 1), (6, 0), (7, 1), (8, 0), (9, 1), (10, 0), (11, 1), (4, 2), (5, 3), (6, 2), (7, 3), (8, 2), (9, 3), (10, 2), (11, 3)]
length: 16 76
Estimated difference between T3^fnT3 - (T2^WT3 + h.c.) is: -1.6064211895484736e-06 2.580589038230333e-12
total cost: -7.784447430618333
singles alt: [(4, 0), (5, 1), (6, 0), (7, 1), (8, 0), (9, 1), (10, 0), (11, 1), (4, 2), (5, 3), (6, 2), (7, 3), (8, 2), (9, 3), (10, 2), (11, 3)]
length: 16 76
Estimated difference between T3^fnT3 - (T2^WT3 + h.c.) is: -1.6064212901679166e-06 2.5805893615047535e-12
total cost: -7.7844474306183224
singles alt: [(4, 0), (5, 1), (6, 0), (7, 1), (8, 0), (9, 1), (10, 0), (11, 1), (4, 2), (5, 3), (6, 2), (7, 3), (8, 2), (9, 3), (10, 2), (11, 3)]
length: 16 76
Estimated difference between T3^fnT3 - (T2^WT3 + h.c.) is: -1.6064212900713862e-06 2.5805893611946166e-12
total cost: -7.78444743061833
singles alt: [(4, 0), (5, 1), (6, 0), (7, 1), (8, 0), (9, 1), (10, 0), (11, 1), (4, 2), (5, 3), (6, 2), (7, 3), (8, 2), (9, 3), (10, 2), (11, 3)]
length: 16 76
Estimated difference between T3^fnT3 - (T2^WT3 + h.c.) is: -1.6064211871188399e-06 2.5805890304243026e-12
total cost: -7.784447430618329
singles alt: [(4, 0), (5, 1), (6, 0), (7, 1), (8, 0), (9, 1), (10, 0), (11, 1), (4, 2), (5, 3), (6, 2), (7, 3), (8, 2), (9, 3), (10, 2), (11, 3)]
length: 16 76
Estimated difference between T3^fnT3 - (T2^WT3 + h.c.) is: -1.6064213490506452e-06 2.580589550685695e-12
total cost: -7.784447430699721
singles alt: [(4, 0), (5, 1), (6, 0), (7, 1), (8, 0), (9, 1), (10, 0), (11, 1), (4, 2), (5, 3), (6, 2), (7, 3), (8, 2), (9, 3), (10, 2), (11, 3)]
length: 16 76
Estimated difference between T3^fnT3 - (T2^WT3 + h.c.) is: -1.6064213968993915e-06 2.5805897044161923e-12
total cost: -7.784447430628004
singles alt: [(4, 0), (5, 1), (6, 0), (7, 1), (8, 0), (9, 1), (10, 0), (11, 1), (4, 2), (5, 3), (6, 2), (7, 3), (8, 2), (9, 3), (10, 2), (11, 3)]
length: 16 76
Estimated difference between T3^fnT3 - (T2^WT3 + h.c.) is: -1.6064214968968203e-06 2.580590025692221e-12
total cost: -7.784447430628109
singles alt: [(4, 0), (5, 1), (6, 0), (7, 1), (8, 0), (9, 1), (10, 0), (11, 1), (4, 2), (5, 3), (6, 2), (7, 3), (8, 2), (9, 3), (10, 2), (11, 3)]
length: 16 76
Estimated difference between T3^fnT3 - (T2^WT3 + h.c.) is: -1.606421344153976e-06 2.5805895349534673e-12
total cost: -7.784447430632604
singles alt: [(4, 0), (5, 1), (6, 0), (7, 1), (8, 0), (9, 1), (10, 0), (11, 1), (4, 2), (5, 3), (6, 2), (7, 3), (8, 2), (9, 3), (10, 2), (11, 3)]
length: 16 76
Estimated difference between T3^fnT3 - (T2^WT3 + h.c.) is: -1.606421168632453e-06 2.5805889710304558e-12
total cost: -7.784447430618387
singles alt: [(4, 0), (5, 1), (6, 0), (7, 1), (8, 0), (9, 1), (10, 0), (11, 1), (4, 2), (5, 3), (6, 2), (7, 3), (8, 2), (9, 3), (10, 2), (11, 3)]
length: 16 76
Estimated difference between T3^fnT3 - (T2^WT3 + h.c.) is: -1.6064211686346853e-06 2.580588971037628e-12
total cost: -7.7844474306183224
singles alt: [(4, 0), (5, 1), (6, 0), (7, 1), (8, 0), (9, 1), (10, 0), (11, 1), (4, 2), (5, 3), (6, 2), (7, 3), (8, 2), (9, 3), (10, 2), (11, 3)]
length: 16 76
Estimated difference between T3^fnT3 - (T2^WT3 + h.c.) is: -1.6064211686353324e-06 2.580588971039707e-12
total cost: -7.784447430618321
singles alt: [(4, 0), (5, 1), (6, 0), (7, 1), (8, 0), (9, 1), (10, 0), (11, 1), (4, 2), (5, 3), (6, 2), (7, 3), (8, 2), (9, 3), (10, 2), (11, 3)]
length: 16 76
Estimated difference between T3^fnT3 - (T2^WT3 + h.c.) is: -1.6064211686338328e-06 2.580588971034889e-12
total cost: -7.784447430618325
singles alt: [(4, 0), (5, 1), (6, 0), (7, 1), (8, 0), (9, 1), (10, 0), (11, 1), (4, 2), (5, 3), (6, 2), (7, 3), (8, 2), (9, 3), (10, 2), (11, 3)]
length: 16 76
Estimated difference between T3^fnT3 - (T2^WT3 + h.c.) is: -1.6064212335415226e-06 2.580589179573067e-12
total cost: -7.784447430599289
singles alt: [(4, 0), (5, 1), (6, 0), (7, 1), (8, 0), (9, 1), (10, 0), (11, 1), (4, 2), (5, 3), (6, 2), (7, 3), (8, 2), (9, 3), (10, 2), (11, 3)]
length: 16 76
Estimated difference between T3^fnT3 - (T2^WT3 + h.c.) is: -1.6064211401623822e-06 2.580588879560608e-12
total cost: -7.784447430617922
singles alt: [(4, 0), (5, 1), (6, 0), (7, 1), (8, 0), (9, 1), (10, 0), (11, 1), (4, 2), (5, 3), (6, 2), (7, 3), (8, 2), (9, 3), (10, 2), (11, 3)]
length: 16 76
Estimated difference between T3^fnT3 - (T2^WT3 + h.c.) is: -1.6064209748334822e-06 2.580588348384955e-12
total cost: -7.784447430633356
singles alt: [(4, 0), (5, 1), (6, 0), (7, 1), (8, 0), (9, 1), (10, 0), (11, 1), (4, 2), (5, 3), (6, 2), (7, 3), (8, 2), (9, 3), (10, 2), (11, 3)]
length: 16 76
Estimated difference between T3^fnT3 - (T2^WT3 + h.c.) is: -1.6064210207645332e-06 2.5805884959541647e-12
total cost: -7.784447430622836
singles alt: [(4, 0), (5, 1), (6, 0), (7, 1), (8, 0), (9, 1), (10, 0), (11, 1), (4, 2), (5, 3), (6, 2), (7, 3), (8, 2), (9, 3), (10, 2), (11, 3)]
length: 16 76
Estimated difference between T3^fnT3 - (T2^WT3 + h.c.) is: -1.6064211686336714e-06 2.5805889710343704e-12
total cost: -7.784447430618325
singles alt: [(4, 0), (5, 1), (6, 0), (7, 1), (8, 0), (9, 1), (10, 0), (11, 1), (4, 2), (5, 3), (6, 2), (7, 3), (8, 2), (9, 3), (10, 2), (11, 3)]
length: 16 76
Estimated difference between T3^fnT3 - (T2^WT3 + h.c.) is: -1.6064211686356247e-06 2.580588971040646e-12
total cost: -7.784447430618325
singles alt: [(4, 0), (5, 1), (6, 0), (7, 1), (8, 0), (9, 1), (10, 0), (11, 1), (4, 2), (5, 3), (6, 2), (7, 3), (8, 2), (9, 3), (10, 2), (11, 3)]
length: 16 76
Estimated difference between T3^fnT3 - (T2^WT3 + h.c.) is: -1.6064211686357312e-06 2.5805889710409882e-12
total cost: -7.7844474306183224
singles alt: [(4, 0), (5, 1), (6, 0), (7, 1), (8, 0), (9, 1), (10, 0), (11, 1), (4, 2), (5, 3), (6, 2), (7, 3), (8, 2), (9, 3), (10, 2), (11, 3)]
length: 16 76
Estimated difference between T3^fnT3 - (T2^WT3 + h.c.) is: -1.6064211686336985e-06 2.5805889710344576e-12
total cost: -7.7844474306183296
singles alt: [(4, 0), (5, 1), (6, 0), (7, 1), (8, 0), (9, 1), (10, 0), (11, 1), (4, 2), (5, 3), (6, 2), (7, 3), (8, 2), (9, 3), (10, 2), (11, 3)]
length: 16 76
Estimated difference between T3^fnT3 - (T2^WT3 + h.c.) is: -1.6064211686337514e-06 2.5805889710346276e-12
total cost: -7.78444743061832
singles alt: [(4, 0), (5, 1), (6, 0), (7, 1), (8, 0), (9, 1), (10, 0), (11, 1), (4, 2), (5, 3), (6, 2), (7, 3), (8, 2), (9, 3), (10, 2), (11, 3)]
length: 16 76
Estimated difference between T3^fnT3 - (T2^WT3 + h.c.) is: -1.6064211686344655e-06 2.5805889710369218e-12
total cost: -7.78444743061833
singles alt: [(4, 0), (5, 1), (6, 0), (7, 1), (8, 0), (9, 1), (10, 0), (11, 1), (4, 2), (5, 3), (6, 2), (7, 3), (8, 2), (9, 3), (10, 2), (11, 3)]
length: 16 76
Estimated difference between T3^fnT3 - (T2^WT3 + h.c.) is: -1.606421168633859e-06 2.5805889710349734e-12
total cost: -7.784447430618327
singles alt: [(4, 0), (5, 1), (6, 0), (7, 1), (8, 0), (9, 1), (10, 0), (11, 1), (4, 2), (5, 3), (6, 2), (7, 3), (8, 2), (9, 3), (10, 2), (11, 3)]
length: 16 76
Estimated difference between T3^fnT3 - (T2^WT3 + h.c.) is: -1.606421168633944e-06 2.580588971035246e-12
total cost: -7.784447430618328
singles alt: [(4, 0), (5, 1), (6, 0), (7, 1), (8, 0), (9, 1), (10, 0), (11, 1), (4, 2), (5, 3), (6, 2), (7, 3), (8, 2), (9, 3), (10, 2), (11, 3)]
length: 16 76
Estimated difference between T3^fnT3 - (T2^WT3 + h.c.) is: -1.6064213518352582e-06 2.5805895596322183e-12
total cost: -7.78444743065628
singles alt: [(4, 0), (5, 1), (6, 0), (7, 1), (8, 0), (9, 1), (10, 0), (11, 1), (4, 2), (5, 3), (6, 2), (7, 3), (8, 2), (9, 3), (10, 2), (11, 3)]
length: 16 76
Estimated difference between T3^fnT3 - (T2^WT3 + h.c.) is: -1.6064211891757956e-06 2.5805890370329772e-12
total cost: -7.784447430668568
singles alt: [(4, 0), (5, 1), (6, 0), (7, 1), (8, 0), (9, 1), (10, 0), (11, 1), (4, 2), (5, 3), (6, 2), (7, 3), (8, 2), (9, 3), (10, 2), (11, 3)]
length: 16 76
Estimated difference between T3^fnT3 - (T2^WT3 + h.c.) is: -1.6064211891851636e-06 2.5805890370630752e-12
total cost: -7.784447430668613
singles alt: [(4, 0), (5, 1), (6, 0), (7, 1), (8, 0), (9, 1), (10, 0), (11, 1), (4, 2), (5, 3), (6, 2), (7, 3), (8, 2), (9, 3), (10, 2), (11, 3)]
length: 16 76
Estimated difference between T3^fnT3 - (T2^WT3 + h.c.) is: -1.6064213004623268e-06 2.5805893945790735e-12
total cost: -7.784447430606561
singles alt: [(4, 0), (5, 1), (6, 0), (7, 1), (8, 0), (9, 1), (10, 0), (11, 1), (4, 2), (5, 3), (6, 2), (7, 3), (8, 2), (9, 3), (10, 2), (11, 3)]
length: 16 76
Estimated difference between T3^fnT3 - (T2^WT3 + h.c.) is: -1.6064211686333317e-06 2.580588971033279e-12
total cost: -7.784447430618329
singles alt: [(4, 0), (5, 1), (6, 0), (7, 1), (8, 0), (9, 1), (10, 0), (11, 1), (4, 2), (5, 3), (6, 2), (7, 3), (8, 2), (9, 3), (10, 2), (11, 3)]
length: 16 76
Estimated difference between T3^fnT3 - (T2^WT3 + h.c.) is: -1.606421168633305e-06 2.5805889710331934e-12
total cost: -7.7844474306183296
singles alt: [(4, 0), (5, 1), (6, 0), (7, 1), (8, 0), (9, 1), (10, 0), (11, 1), (4, 2), (5, 3), (6, 2), (7, 3), (8, 2), (9, 3), (10, 2), (11, 3)]
length: 16 76
Estimated difference between T3^fnT3 - (T2^WT3 + h.c.) is: -1.6064211686307548e-06 2.580588971025e-12
total cost: -7.784447430618331
singles alt: [(4, 0), (5, 1), (6, 0), (7, 1), (8, 0), (9, 1), (10, 0), (11, 1), (4, 2), (5, 3), (6, 2), (7, 3), (8, 2), (9, 3), (10, 2), (11, 3)]
length: 16 76
Estimated difference between T3^fnT3 - (T2^WT3 + h.c.) is: -1.6064211686441132e-06 2.5805889710679184e-12
total cost: -7.7844474306183224
singles alt: [(4, 0), (5, 1), (6, 0), (7, 1), (8, 0), (9, 1), (10, 0), (11, 1), (4, 2), (5, 3), (6, 2), (7, 3), (8, 2), (9, 3), (10, 2), (11, 3)]
length: 16 76
Estimated difference between T3^fnT3 - (T2^WT3 + h.c.) is: -1.6064210074464192e-06 2.5805884531651686e-12
total cost: -7.784447430631475
singles alt: [(4, 0), (5, 1), (6, 0), (7, 1), (8, 0), (9, 1), (10, 0), (11, 1), (4, 2), (5, 3), (6, 2), (7, 3), (8, 2), (9, 3), (10, 2), (11, 3)]
length: 16 76
Estimated difference between T3^fnT3 - (T2^WT3 + h.c.) is: -1.6064210076218302e-06 2.5805884537287363e-12
total cost: -7.784447430631815
singles alt: [(4, 0), (5, 1), (6, 0), (7, 1), (8, 0), (9, 1), (10, 0), (11, 1), (4, 2), (5, 3), (6, 2), (7, 3), (8, 2), (9, 3), (10, 2), (11, 3)]
length: 16 76
Estimated difference between T3^fnT3 - (T2^WT3 + h.c.) is: -1.6064208912570955e-06 2.580588079867241e-12
total cost: -7.784447430618355
singles alt: [(4, 0), (5, 1), (6, 0), (7, 1), (8, 0), (9, 1), (10, 0), (11, 1), (4, 2), (5, 3), (6, 2), (7, 3), (8, 2), (9, 3), (10, 2), (11, 3)]
length: 16 76
Estimated difference between T3^fnT3 - (T2^WT3 + h.c.) is: -1.6064214457645706e-06 2.5805898614123334e-12
total cost: -7.784447430618297
singles alt: [(4, 0), (5, 1), (6, 0), (7, 1), (8, 0), (9, 1), (10, 0), (11, 1), (4, 2), (5, 3), (6, 2), (7, 3), (8, 2), (9, 3), (10, 2), (11, 3)]
length: 16 76
Estimated difference between T3^fnT3 - (T2^WT3 + h.c.) is: -1.6064211686338654e-06 2.5805889710349936e-12
total cost: -7.784447430618325
singles alt: [(4, 0), (5, 1), (6, 0), (7, 1), (8, 0), (9, 1), (10, 0), (11, 1), (4, 2), (5, 3), (6, 2), (7, 3), (8, 2), (9, 3), (10, 2), (11, 3)]
length: 16 76
Estimated difference between T3^fnT3 - (T2^WT3 + h.c.) is: -1.606421168632775e-06 2.5805889710314906e-12
total cost: -7.784447430618331
singles alt: [(4, 0), (5, 1), (6, 0), (7, 1), (8, 0), (9, 1), (10, 0), (11, 1), (4, 2), (5, 3), (6, 2), (7, 3), (8, 2), (9, 3), (10, 2), (11, 3)]
length: 16 76
Estimated difference between T3^fnT3 - (T2^WT3 + h.c.) is: -1.6064211686332434e-06 2.5805889710329955e-12
total cost: -7.784447430618327
singles alt: [(4, 0), (5, 1), (6, 0), (7, 1), (8, 0), (9, 1), (10, 0), (11, 1), (4, 2), (5, 3), (6, 2), (7, 3), (8, 2), (9, 3), (10, 2), (11, 3)]
length: 16 76
Estimated difference between T3^fnT3 - (T2^WT3 + h.c.) is: -1.6064211686329357e-06 2.580588971032007e-12
total cost: -7.784447430618327
singles alt: [(4, 0), (5, 1), (6, 0), (7, 1), (8, 0), (9, 1), (10, 0), (11, 1), (4, 2), (5, 3), (6, 2), (7, 3), (8, 2), (9, 3), (10, 2), (11, 3)]
length: 16 76
Estimated difference between T3^fnT3 - (T2^WT3 + h.c.) is: -1.6064211686336057e-06 2.5805889710341595e-12
total cost: -7.784447430648789
singles alt: [(4, 0), (5, 1), (6, 0), (7, 1), (8, 0), (9, 1), (10, 0), (11, 1), (4, 2), (5, 3), (6, 2), (7, 3), (8, 2), (9, 3), (10, 2), (11, 3)]
length: 16 76
Estimated difference between T3^fnT3 - (T2^WT3 + h.c.) is: -1.6064211686336057e-06 2.5805889710341595e-12
total cost: -7.784447430648889
singles alt: [(4, 0), (5, 1), (6, 0), (7, 1), (8, 0), (9, 1), (10, 0), (11, 1), (4, 2), (5, 3), (6, 2), (7, 3), (8, 2), (9, 3), (10, 2), (11, 3)]
length: 16 76
Estimated difference between T3^fnT3 - (T2^WT3 + h.c.) is: -1.6064211686336057e-06 2.5805889710341595e-12
total cost: -7.784447430618328
singles alt: [(4, 0), (5, 1), (6, 0), (7, 1), (8, 0), (9, 1), (10, 0), (11, 1), (4, 2), (5, 3), (6, 2), (7, 3), (8, 2), (9, 3), (10, 2), (11, 3)]
length: 16 76
Estimated difference between T3^fnT3 - (T2^WT3 + h.c.) is: -1.6064211686336057e-06 2.5805889710341595e-12
total cost: -7.784447430618329
singles alt: [(4, 0), (5, 1), (6, 0), (7, 1), (8, 0), (9, 1), (10, 0), (11, 1), (4, 2), (5, 3), (6, 2), (7, 3), (8, 2), (9, 3), (10, 2), (11, 3)]
length: 16 76
Estimated difference between T3^fnT3 - (T2^WT3 + h.c.) is: -1.6064211686336057e-06 2.5805889710341595e-12
total cost: -7.784447430618326
singles alt: [(4, 0), (5, 1), (6, 0), (7, 1), (8, 0), (9, 1), (10, 0), (11, 1), (4, 2), (5, 3), (6, 2), (7, 3), (8, 2), (9, 3), (10, 2), (11, 3)]
length: 16 76
Estimated difference between T3^fnT3 - (T2^WT3 + h.c.) is: -1.6064211686336057e-06 2.5805889710341595e-12
total cost: -7.78444743061833
singles alt: [(4, 0), (5, 1), (6, 0), (7, 1), (8, 0), (9, 1), (10, 0), (11, 1), (4, 2), (5, 3), (6, 2), (7, 3), (8, 2), (9, 3), (10, 2), (11, 3)]
length: 16 76
Estimated difference between T3^fnT3 - (T2^WT3 + h.c.) is: -1.6064211686336057e-06 2.5805889710341595e-12
total cost: -7.784447430610141
singles alt: [(4, 0), (5, 1), (6, 0), (7, 1), (8, 0), (9, 1), (10, 0), (11, 1), (4, 2), (5, 3), (6, 2), (7, 3), (8, 2), (9, 3), (10, 2), (11, 3)]
length: 16 76
Estimated difference between T3^fnT3 - (T2^WT3 + h.c.) is: -1.6064211686336057e-06 2.5805889710341595e-12
total cost: -7.784447430610199
singles alt: [(4, 0), (5, 1), (6, 0), (7, 1), (8, 0), (9, 1), (10, 0), (11, 1), (4, 2), (5, 3), (6, 2), (7, 3), (8, 2), (9, 3), (10, 2), (11, 3)]
length: 16 76
Estimated difference between T3^fnT3 - (T2^WT3 + h.c.) is: -1.6064211686336057e-06 2.5805889710341595e-12
total cost: -7.78444743061609
singles alt: [(4, 0), (5, 1), (6, 0), (7, 1), (8, 0), (9, 1), (10, 0), (11, 1), (4, 2), (5, 3), (6, 2), (7, 3), (8, 2), (9, 3), (10, 2), (11, 3)]
length: 16 76
Estimated difference between T3^fnT3 - (T2^WT3 + h.c.) is: -1.6064211686336057e-06 2.5805889710341595e-12
total cost: -7.784447430616002
singles alt: [(4, 0), (5, 1), (6, 0), (7, 1), (8, 0), (9, 1), (10, 0), (11, 1), (4, 2), (5, 3), (6, 2), (7, 3), (8, 2), (9, 3), (10, 2), (11, 3)]
length: 16 76
Estimated difference between T3^fnT3 - (T2^WT3 + h.c.) is: -1.6064211686336057e-06 2.5805889710341595e-12
total cost: -7.784447430618327
singles alt: [(4, 0), (5, 1), (6, 0), (7, 1), (8, 0), (9, 1), (10, 0), (11, 1), (4, 2), (5, 3), (6, 2), (7, 3), (8, 2), (9, 3), (10, 2), (11, 3)]
length: 16 76
Estimated difference between T3^fnT3 - (T2^WT3 + h.c.) is: -1.6064211686336057e-06 2.5805889710341595e-12
total cost: -7.784447430618327
singles alt: [(4, 0), (5, 1), (6, 0), (7, 1), (8, 0), (9, 1), (10, 0), (11, 1), (4, 2), (5, 3), (6, 2), (7, 3), (8, 2), (9, 3), (10, 2), (11, 3)]
length: 16 76
Estimated difference between T3^fnT3 - (T2^WT3 + h.c.) is: -1.6064211686336057e-06 2.5805889710341595e-12
total cost: -7.78444743061833
singles alt: [(4, 0), (5, 1), (6, 0), (7, 1), (8, 0), (9, 1), (10, 0), (11, 1), (4, 2), (5, 3), (6, 2), (7, 3), (8, 2), (9, 3), (10, 2), (11, 3)]
length: 16 76
Estimated difference between T3^fnT3 - (T2^WT3 + h.c.) is: -1.6064211686336057e-06 2.5805889710341595e-12
total cost: -7.784447430618328
singles alt: [(4, 0), (5, 1), (6, 0), (7, 1), (8, 0), (9, 1), (10, 0), (11, 1), (4, 2), (5, 3), (6, 2), (7, 3), (8, 2), (9, 3), (10, 2), (11, 3)]
length: 16 76
Estimated difference between T3^fnT3 - (T2^WT3 + h.c.) is: -1.6064211686336057e-06 2.5805889710341595e-12
total cost: -7.784447430616716
singles alt: [(4, 0), (5, 1), (6, 0), (7, 1), (8, 0), (9, 1), (10, 0), (11, 1), (4, 2), (5, 3), (6, 2), (7, 3), (8, 2), (9, 3), (10, 2), (11, 3)]
length: 16 76
Estimated difference between T3^fnT3 - (T2^WT3 + h.c.) is: -1.6064211686336057e-06 2.5805889710341595e-12
total cost: -7.784447430616622
singles alt: [(4, 0), (5, 1), (6, 0), (7, 1), (8, 0), (9, 1), (10, 0), (11, 1), (4, 2), (5, 3), (6, 2), (7, 3), (8, 2), (9, 3), (10, 2), (11, 3)]
callback: energy=-7.784445824197
singles alt: [(4, 0), (5, 1), (6, 0), (7, 1), (8, 0), (9, 1), (10, 0), (11, 1), (4, 2), (5, 3), (6, 2), (7, 3), (8, 2), (9, 3), (10, 2), (11, 3)]
length: 16 76
Estimated difference between T3^fnT3 - (T2^WT3 + h.c.) is: -1.6350935811477193e-06 2.6735310191104732e-12
total cost: -7.78445292549078
singles alt: [(4, 0), (5, 1), (6, 0), (7, 1), (8, 0), (9, 1), (10, 0), (11, 1), (4, 2), (5, 3), (6, 2), (7, 3), (8, 2), (9, 3), (10, 2), (11, 3)]
length: 16 76
Estimated difference between T3^fnT3 - (T2^WT3 + h.c.) is: -1.6350939292713268e-06 2.6735321575399466e-12
total cost: -7.784452925445168
singles alt: [(4, 0), (5, 1), (6, 0), (7, 1), (8, 0), (9, 1), (10, 0), (11, 1), (4, 2), (5, 3), (6, 2), (7, 3), (8, 2), (9, 3), (10, 2), (11, 3)]
length: 16 76
Estimated difference between T3^fnT3 - (T2^WT3 + h.c.) is: -1.6350936595515862e-06 2.6735312755057985e-12
total cost: -7.784452925488746
singles alt: [(4, 0), (5, 1), (6, 0), (7, 1), (8, 0), (9, 1), (10, 0), (11, 1), (4, 2), (5, 3), (6, 2), (7, 3), (8, 2), (9, 3), (10, 2), (11, 3)]
length: 16 76
Estimated difference between T3^fnT3 - (T2^WT3 + h.c.) is: -1.6350936595405406e-06 2.6735312754696776e-12
total cost: -7.784452925488781
singles alt: [(4, 0), (5, 1), (6, 0), (7, 1), (8, 0), (9, 1), (10, 0), (11, 1), (4, 2), (5, 3), (6, 2), (7, 3), (8, 2), (9, 3), (10, 2), (11, 3)]
length: 16 76
Estimated difference between T3^fnT3 - (T2^WT3 + h.c.) is: -1.6350936482555723e-06 2.6735312385657173e-12
total cost: -7.784452925516611
singles alt: [(4, 0), (5, 1), (6, 0), (7, 1), (8, 0), (9, 1), (10, 0), (11, 1), (4, 2), (5, 3), (6, 2), (7, 3), (8, 2), (9, 3), (10, 2), (11, 3)]
length: 16 76
Estimated difference between T3^fnT3 - (T2^WT3 + h.c.) is: -1.635093581147635e-06 2.6735310191101978e-12
total cost: -7.784452925490781
singles alt: [(4, 0), (5, 1), (6, 0), (7, 1), (8, 0), (9, 1), (10, 0), (11, 1), (4, 2), (5, 3), (6, 2), (7, 3), (8, 2), (9, 3), (10, 2), (11, 3)]
length: 16 76
Estimated difference between T3^fnT3 - (T2^WT3 + h.c.) is: -1.6350935811489314e-06 2.673531019114437e-12
total cost: -7.784452925490778
singles alt: [(4, 0), (5, 1), (6, 0), (7, 1), (8, 0), (9, 1), (10, 0), (11, 1), (4, 2), (5, 3), (6, 2), (7, 3), (8, 2), (9, 3), (10, 2), (11, 3)]
length: 16 76
Estimated difference between T3^fnT3 - (T2^WT3 + h.c.) is: -1.6350935811448788e-06 2.6735310191011844e-12
total cost: -7.784452925490782
singles alt: [(4, 0), (5, 1), (6, 0), (7, 1), (8, 0), (9, 1), (10, 0), (11, 1), (4, 2), (5, 3), (6, 2), (7, 3), (8, 2), (9, 3), (10, 2), (11, 3)]
length: 16 76
Estimated difference between T3^fnT3 - (T2^WT3 + h.c.) is: -1.635093581148e-06 2.6735310191113917e-12
total cost: -7.784452925490777
singles alt: [(4, 0), (5, 1), (6, 0), (7, 1), (8, 0), (9, 1), (10, 0), (11, 1), (4, 2), (5, 3), (6, 2), (7, 3), (8, 2), (9, 3), (10, 2), (11, 3)]
length: 16 76
Estimated difference between T3^fnT3 - (T2^WT3 + h.c.) is: -1.6350935811445709e-06 2.6735310191001775e-12
total cost: -7.784452925490791
singles alt: [(4, 0), (5, 1), (6, 0), (7, 1), (8, 0), (9, 1), (10, 0), (11, 1), (4, 2), (5, 3), (6, 2), (7, 3), (8, 2), (9, 3), (10, 2), (11, 3)]
length: 16 76
Estimated difference between T3^fnT3 - (T2^WT3 + h.c.) is: -1.6350935811478476e-06 2.673531019110893e-12
total cost: -7.784452925490779
singles alt: [(4, 0), (5, 1), (6, 0), (7, 1), (8, 0), (9, 1), (10, 0), (11, 1), (4, 2), (5, 3), (6, 2), (7, 3), (8, 2), (9, 3), (10, 2), (11, 3)]
length: 16 76
Estimated difference between T3^fnT3 - (T2^WT3 + h.c.) is: -1.6350935811457656e-06 2.6735310191040844e-12
total cost: -7.784452925490781
singles alt: [(4, 0), (5, 1), (6, 0), (7, 1), (8, 0), (9, 1), (10, 0), (11, 1), (4, 2), (5, 3), (6, 2), (7, 3), (8, 2), (9, 3), (10, 2), (11, 3)]
length: 16 76
Estimated difference between T3^fnT3 - (T2^WT3 + h.c.) is: -1.6350935811474646e-06 2.6735310191096404e-12
total cost: -7.78445292549078
singles alt: [(4, 0), (5, 1), (6, 0), (7, 1), (8, 0), (9, 1), (10, 0), (11, 1), (4, 2), (5, 3), (6, 2), (7, 3), (8, 2), (9, 3), (10, 2), (11, 3)]
length: 16 76
Estimated difference between T3^fnT3 - (T2^WT3 + h.c.) is: -1.6350936446896752e-06 2.673531226904566e-12
total cost: -7.784452925491389
singles alt: [(4, 0), (5, 1), (6, 0), (7, 1), (8, 0), (9, 1), (10, 0), (11, 1), (4, 2), (5, 3), (6, 2), (7, 3), (8, 2), (9, 3), (10, 2), (11, 3)]
length: 16 76
Estimated difference between T3^fnT3 - (T2^WT3 + h.c.) is: -1.6350934051634904e-06 2.673530443609138e-12
total cost: -7.784452925472737
singles alt: [(4, 0), (5, 1), (6, 0), (7, 1), (8, 0), (9, 1), (10, 0), (11, 1), (4, 2), (5, 3), (6, 2), (7, 3), (8, 2), (9, 3), (10, 2), (11, 3)]
length: 16 76
Estimated difference between T3^fnT3 - (T2^WT3 + h.c.) is: -1.635093546757023e-06 2.6735309066464608e-12
total cost: -7.784452925488359
singles alt: [(4, 0), (5, 1), (6, 0), (7, 1), (8, 0), (9, 1), (10, 0), (11, 1), (4, 2), (5, 3), (6, 2), (7, 3), (8, 2), (9, 3), (10, 2), (11, 3)]
length: 16 76
Estimated difference between T3^fnT3 - (T2^WT3 + h.c.) is: -1.6350934322211443e-06 2.673530532092722e-12
total cost: -7.784452925502871
singles alt: [(4, 0), (5, 1), (6, 0), (7, 1), (8, 0), (9, 1), (10, 0), (11, 1), (4, 2), (5, 3), (6, 2), (7, 3), (8, 2), (9, 3), (10, 2), (11, 3)]
length: 16 76
Estimated difference between T3^fnT3 - (T2^WT3 + h.c.) is: -1.6350935811488636e-06 2.6735310191142153e-12
total cost: -7.784452925490773
singles alt: [(4, 0), (5, 1), (6, 0), (7, 1), (8, 0), (9, 1), (10, 0), (11, 1), (4, 2), (5, 3), (6, 2), (7, 3), (8, 2), (9, 3), (10, 2), (11, 3)]
length: 16 76
Estimated difference between T3^fnT3 - (T2^WT3 + h.c.) is: -1.6350935811512641e-06 2.6735310191220655e-12
total cost: -7.784452925490779
singles alt: [(4, 0), (5, 1), (6, 0), (7, 1), (8, 0), (9, 1), (10, 0), (11, 1), (4, 2), (5, 3), (6, 2), (7, 3), (8, 2), (9, 3), (10, 2), (11, 3)]
length: 16 76
Estimated difference between T3^fnT3 - (T2^WT3 + h.c.) is: -1.6350935811478464e-06 2.673531019110889e-12
total cost: -7.78445292549078
singles alt: [(4, 0), (5, 1), (6, 0), (7, 1), (8, 0), (9, 1), (10, 0), (11, 1), (4, 2), (5, 3), (6, 2), (7, 3), (8, 2), (9, 3), (10, 2), (11, 3)]
length: 16 76
Estimated difference between T3^fnT3 - (T2^WT3 + h.c.) is: -1.6350935811478874e-06 2.6735310191110233e-12
total cost: -7.78445292549078
singles alt: [(4, 0), (5, 1), (6, 0), (7, 1), (8, 0), (9, 1), (10, 0), (11, 1), (4, 2), (5, 3), (6, 2), (7, 3), (8, 2), (9, 3), (10, 2), (11, 3)]
length: 16 76
Estimated difference between T3^fnT3 - (T2^WT3 + h.c.) is: -1.6350937724953767e-06 2.6735316448531626e-12
total cost: -7.784452925519862
singles alt: [(4, 0), (5, 1), (6, 0), (7, 1), (8, 0), (9, 1), (10, 0), (11, 1), (4, 2), (5, 3), (6, 2), (7, 3), (8, 2), (9, 3), (10, 2), (11, 3)]
length: 16 76
Estimated difference between T3^fnT3 - (T2^WT3 + h.c.) is: -1.6350939523790675e-06 2.6735322331066e-12
total cost: -7.784452925474973
singles alt: [(4, 0), (5, 1), (6, 0), (7, 1), (8, 0), (9, 1), (10, 0), (11, 1), (4, 2), (5, 3), (6, 2), (7, 3), (8, 2), (9, 3), (10, 2), (11, 3)]
length: 16 76
Estimated difference between T3^fnT3 - (T2^WT3 + h.c.) is: -1.6350938390931732e-06 2.673531862640452e-12
total cost: -7.784452925474974
singles alt: [(4, 0), (5, 1), (6, 0), (7, 1), (8, 0), (9, 1), (10, 0), (11, 1), (4, 2), (5, 3), (6, 2), (7, 3), (8, 2), (9, 3), (10, 2), (11, 3)]
length: 16 76
Estimated difference between T3^fnT3 - (T2^WT3 + h.c.) is: -1.6350937581261887e-06 2.673531597863223e-12
total cost: -7.784452925503686
singles alt: [(4, 0), (5, 1), (6, 0), (7, 1), (8, 0), (9, 1), (10, 0), (11, 1), (4, 2), (5, 3), (6, 2), (7, 3), (8, 2), (9, 3), (10, 2), (11, 3)]
length: 16 76
Estimated difference between T3^fnT3 - (T2^WT3 + h.c.) is: -1.6350936047916466e-06 2.6735310964305416e-12
total cost: -7.784452925490795
singles alt: [(4, 0), (5, 1), (6, 0), (7, 1), (8, 0), (9, 1), (10, 0), (11, 1), (4, 2), (5, 3), (6, 2), (7, 3), (8, 2), (9, 3), (10, 2), (11, 3)]
length: 16 76
Estimated difference between T3^fnT3 - (T2^WT3 + h.c.) is: -1.6350937040885525e-06 2.673531421150023e-12
total cost: -7.784452925490777
singles alt: [(4, 0), (5, 1), (6, 0), (7, 1), (8, 0), (9, 1), (10, 0), (11, 1), (4, 2), (5, 3), (6, 2), (7, 3), (8, 2), (9, 3), (10, 2), (11, 3)]
length: 16 76
Estimated difference between T3^fnT3 - (T2^WT3 + h.c.) is: -1.6350937040125004e-06 2.6735314209013183e-12
total cost: -7.784452925490778
singles alt: [(4, 0), (5, 1), (6, 0), (7, 1), (8, 0), (9, 1), (10, 0), (11, 1), (4, 2), (5, 3), (6, 2), (7, 3), (8, 2), (9, 3), (10, 2), (11, 3)]
length: 16 76
Estimated difference between T3^fnT3 - (T2^WT3 + h.c.) is: -1.6350936020457992e-06 2.6735310874511063e-12
total cost: -7.78445292549078
singles alt: [(4, 0), (5, 1), (6, 0), (7, 1), (8, 0), (9, 1), (10, 0), (11, 1), (4, 2), (5, 3), (6, 2), (7, 3), (8, 2), (9, 3), (10, 2), (11, 3)]
length: 16 76
Estimated difference between T3^fnT3 - (T2^WT3 + h.c.) is: -1.635093581147569e-06 2.6735310191099817e-12
total cost: -7.784452925490788
singles alt: [(4, 0), (5, 1), (6, 0), (7, 1), (8, 0), (9, 1), (10, 0), (11, 1), (4, 2), (5, 3), (6, 2), (7, 3), (8, 2), (9, 3), (10, 2), (11, 3)]
length: 16 76
Estimated difference between T3^fnT3 - (T2^WT3 + h.c.) is: -1.6350935811477148e-06 2.6735310191104587e-12
total cost: -7.78445292549078
singles alt: [(4, 0), (5, 1), (6, 0), (7, 1), (8, 0), (9, 1), (10, 0), (11, 1), (4, 2), (5, 3), (6, 2), (7, 3), (8, 2), (9, 3), (10, 2), (11, 3)]
length: 16 76
Estimated difference between T3^fnT3 - (T2^WT3 + h.c.) is: -1.6350935811471526e-06 2.67353101910862e-12
total cost: -7.784452925490782
singles alt: [(4, 0), (5, 1), (6, 0), (7, 1), (8, 0), (9, 1), (10, 0), (11, 1), (4, 2), (5, 3), (6, 2), (7, 3), (8, 2), (9, 3), (10, 2), (11, 3)]
length: 16 76
Estimated difference between T3^fnT3 - (T2^WT3 + h.c.) is: -1.6350935811480886e-06 2.673531019111681e-12
total cost: -7.784452925490774
singles alt: [(4, 0), (5, 1), (6, 0), (7, 1), (8, 0), (9, 1), (10, 0), (11, 1), (4, 2), (5, 3), (6, 2), (7, 3), (8, 2), (9, 3), (10, 2), (11, 3)]
length: 16 76
Estimated difference between T3^fnT3 - (T2^WT3 + h.c.) is: -1.6350935811453514e-06 2.6735310191027297e-12
total cost: -7.784452925490789
singles alt: [(4, 0), (5, 1), (6, 0), (7, 1), (8, 0), (9, 1), (10, 0), (11, 1), (4, 2), (5, 3), (6, 2), (7, 3), (8, 2), (9, 3), (10, 2), (11, 3)]
length: 16 76
Estimated difference between T3^fnT3 - (T2^WT3 + h.c.) is: -1.6350935811446327e-06 2.6735310191003795e-12
total cost: -7.784452925490782
singles alt: [(4, 0), (5, 1), (6, 0), (7, 1), (8, 0), (9, 1), (10, 0), (11, 1), (4, 2), (5, 3), (6, 2), (7, 3), (8, 2), (9, 3), (10, 2), (11, 3)]
length: 16 76
Estimated difference between T3^fnT3 - (T2^WT3 + h.c.) is: -1.6350935811470239e-06 2.6735310191081993e-12
total cost: -7.78445292549078
singles alt: [(4, 0), (5, 1), (6, 0), (7, 1), (8, 0), (9, 1), (10, 0), (11, 1), (4, 2), (5, 3), (6, 2), (7, 3), (8, 2), (9, 3), (10, 2), (11, 3)]
length: 16 76
Estimated difference between T3^fnT3 - (T2^WT3 + h.c.) is: -1.6350935811475698e-06 2.6735310191099845e-12
total cost: -7.78445292549078
singles alt: [(4, 0), (5, 1), (6, 0), (7, 1), (8, 0), (9, 1), (10, 0), (11, 1), (4, 2), (5, 3), (6, 2), (7, 3), (8, 2), (9, 3), (10, 2), (11, 3)]
length: 16 76
Estimated difference between T3^fnT3 - (T2^WT3 + h.c.) is: -1.6350936047959193e-06 2.673531096444514e-12
total cost: -7.784452925490769
singles alt: [(4, 0), (5, 1), (6, 0), (7, 1), (8, 0), (9, 1), (10, 0), (11, 1), (4, 2), (5, 3), (6, 2), (7, 3), (8, 2), (9, 3), (10, 2), (11, 3)]
length: 16 76
Estimated difference between T3^fnT3 - (T2^WT3 + h.c.) is: -1.635093704083929e-06 2.673531421134903e-12
total cost: -7.784452925490777
singles alt: [(4, 0), (5, 1), (6, 0), (7, 1), (8, 0), (9, 1), (10, 0), (11, 1), (4, 2), (5, 3), (6, 2), (7, 3), (8, 2), (9, 3), (10, 2), (11, 3)]
length: 16 76
Estimated difference between T3^fnT3 - (T2^WT3 + h.c.) is: -1.6350937040090097e-06 2.673531420889903e-12
total cost: -7.7844529254907755
singles alt: [(4, 0), (5, 1), (6, 0), (7, 1), (8, 0), (9, 1), (10, 0), (11, 1), (4, 2), (5, 3), (6, 2), (7, 3), (8, 2), (9, 3), (10, 2), (11, 3)]
length: 16 76
Estimated difference between T3^fnT3 - (T2^WT3 + h.c.) is: -1.635093602047001e-06 2.6735310874550362e-12
total cost: -7.784452925490782
singles alt: [(4, 0), (5, 1), (6, 0), (7, 1), (8, 0), (9, 1), (10, 0), (11, 1), (4, 2), (5, 3), (6, 2), (7, 3), (8, 2), (9, 3), (10, 2), (11, 3)]
length: 16 76
Estimated difference between T3^fnT3 - (T2^WT3 + h.c.) is: -1.635093772560656e-06 2.6735316450666386e-12
total cost: -7.784452925519772
singles alt: [(4, 0), (5, 1), (6, 0), (7, 1), (8, 0), (9, 1), (10, 0), (11, 1), (4, 2), (5, 3), (6, 2), (7, 3), (8, 2), (9, 3), (10, 2), (11, 3)]
length: 16 76
Estimated difference between T3^fnT3 - (T2^WT3 + h.c.) is: -1.6350938392994016e-06 2.6735318633148574e-12
total cost: -7.784452925474988
singles alt: [(4, 0), (5, 1), (6, 0), (7, 1), (8, 0), (9, 1), (10, 0), (11, 1), (4, 2), (5, 3), (6, 2), (7, 3), (8, 2), (9, 3), (10, 2), (11, 3)]
length: 16 76
Estimated difference between T3^fnT3 - (T2^WT3 + h.c.) is: -1.6350939526018113e-06 2.6735322338350142e-12
total cost: -7.784452925474983
singles alt: [(4, 0), (5, 1), (6, 0), (7, 1), (8, 0), (9, 1), (10, 0), (11, 1), (4, 2), (5, 3), (6, 2), (7, 3), (8, 2), (9, 3), (10, 2), (11, 3)]
length: 16 76
Estimated difference between T3^fnT3 - (T2^WT3 + h.c.) is: -1.6350937582377806e-06 2.6735315982281496e-12
total cost: -7.784452925503671
singles alt: [(4, 0), (5, 1), (6, 0), (7, 1), (8, 0), (9, 1), (10, 0), (11, 1), (4, 2), (5, 3), (6, 2), (7, 3), (8, 2), (9, 3), (10, 2), (11, 3)]
length: 16 76
Estimated difference between T3^fnT3 - (T2^WT3 + h.c.) is: -1.635093581147586e-06 2.673531019110038e-12
total cost: -7.7844529254907835
singles alt: [(4, 0), (5, 1), (6, 0), (7, 1), (8, 0), (9, 1), (10, 0), (11, 1), (4, 2), (5, 3), (6, 2), (7, 3), (8, 2), (9, 3), (10, 2), (11, 3)]
length: 16 76
Estimated difference between T3^fnT3 - (T2^WT3 + h.c.) is: -1.6350935811476422e-06 2.6735310191102212e-12
total cost: -7.784452925490781
singles alt: [(4, 0), (5, 1), (6, 0), (7, 1), (8, 0), (9, 1), (10, 0), (11, 1), (4, 2), (5, 3), (6, 2), (7, 3), (8, 2), (9, 3), (10, 2), (11, 3)]
length: 16 76
Estimated difference between T3^fnT3 - (T2^WT3 + h.c.) is: -1.6350935811466779e-06 2.6735310191070676e-12
total cost: -7.784452925490782
singles alt: [(4, 0), (5, 1), (6, 0), (7, 1), (8, 0), (9, 1), (10, 0), (11, 1), (4, 2), (5, 3), (6, 2), (7, 3), (8, 2), (9, 3), (10, 2), (11, 3)]
length: 16 76
Estimated difference between T3^fnT3 - (T2^WT3 + h.c.) is: -1.6350935811482525e-06 2.673531019112217e-12
total cost: -7.7844529254907755
singles alt: [(4, 0), (5, 1), (6, 0), (7, 1), (8, 0), (9, 1), (10, 0), (11, 1), (4, 2), (5, 3), (6, 2), (7, 3), (8, 2), (9, 3), (10, 2), (11, 3)]
length: 16 76
Estimated difference between T3^fnT3 - (T2^WT3 + h.c.) is: -1.6350936446403413e-06 2.6735312267432348e-12
total cost: -7.784452925491547
singles alt: [(4, 0), (5, 1), (6, 0), (7, 1), (8, 0), (9, 1), (10, 0), (11, 1), (4, 2), (5, 3), (6, 2), (7, 3), (8, 2), (9, 3), (10, 2), (11, 3)]
length: 16 76
Estimated difference between T3^fnT3 - (T2^WT3 + h.c.) is: -1.6350935466806252e-06 2.673530906396626e-12
total cost: -7.784452925488593
singles alt: [(4, 0), (5, 1), (6, 0), (7, 1), (8, 0), (9, 1), (10, 0), (11, 1), (4, 2), (5, 3), (6, 2), (7, 3), (8, 2), (9, 3), (10, 2), (11, 3)]
length: 16 76
Estimated difference between T3^fnT3 - (T2^WT3 + h.c.) is: -1.6350934045313074e-06 2.6735304415417814e-12
total cost: -7.784452925473853
singles alt: [(4, 0), (5, 1), (6, 0), (7, 1), (8, 0), (9, 1), (10, 0), (11, 1), (4, 2), (5, 3), (6, 2), (7, 3), (8, 2), (9, 3), (10, 2), (11, 3)]
length: 16 76
Estimated difference between T3^fnT3 - (T2^WT3 + h.c.) is: -1.6350934319813252e-06 2.6735305313084684e-12
total cost: -7.784452925502308
singles alt: [(4, 0), (5, 1), (6, 0), (7, 1), (8, 0), (9, 1), (10, 0), (11, 1), (4, 2), (5, 3), (6, 2), (7, 3), (8, 2), (9, 3), (10, 2), (11, 3)]
length: 16 76
Estimated difference between T3^fnT3 - (T2^WT3 + h.c.) is: -1.6350935811477926e-06 2.6735310191107127e-12
total cost: -7.784452925490777
singles alt: [(4, 0), (5, 1), (6, 0), (7, 1), (8, 0), (9, 1), (10, 0), (11, 1), (4, 2), (5, 3), (6, 2), (7, 3), (8, 2), (9, 3), (10, 2), (11, 3)]
length: 16 76
Estimated difference between T3^fnT3 - (T2^WT3 + h.c.) is: -1.6350935811477055e-06 2.6735310191104284e-12
total cost: -7.78445292549078
singles alt: [(4, 0), (5, 1), (6, 0), (7, 1), (8, 0), (9, 1), (10, 0), (11, 1), (4, 2), (5, 3), (6, 2), (7, 3), (8, 2), (9, 3), (10, 2), (11, 3)]
length: 16 76
Estimated difference between T3^fnT3 - (T2^WT3 + h.c.) is: -1.6350935811479448e-06 2.6735310191112108e-12
total cost: -7.78445292549078
singles alt: [(4, 0), (5, 1), (6, 0), (7, 1), (8, 0), (9, 1), (10, 0), (11, 1), (4, 2), (5, 3), (6, 2), (7, 3), (8, 2), (9, 3), (10, 2), (11, 3)]
length: 16 76
Estimated difference between T3^fnT3 - (T2^WT3 + h.c.) is: -1.6350935811477299e-06 2.673531019110508e-12
total cost: -7.784452925490779
singles alt: [(4, 0), (5, 1), (6, 0), (7, 1), (8, 0), (9, 1), (10, 0), (11, 1), (4, 2), (5, 3), (6, 2), (7, 3), (8, 2), (9, 3), (10, 2), (11, 3)]
length: 16 76
Estimated difference between T3^fnT3 - (T2^WT3 + h.c.) is: -1.635093581147441e-06 2.6735310191095633e-12
total cost: -7.784452925490781
singles alt: [(4, 0), (5, 1), (6, 0), (7, 1), (8, 0), (9, 1), (10, 0), (11, 1), (4, 2), (5, 3), (6, 2), (7, 3), (8, 2), (9, 3), (10, 2), (11, 3)]
length: 16 76
Estimated difference between T3^fnT3 - (T2^WT3 + h.c.) is: -1.6350935811480268e-06 2.673531019111479e-12
total cost: -7.784452925490778
singles alt: [(4, 0), (5, 1), (6, 0), (7, 1), (8, 0), (9, 1), (10, 0), (11, 1), (4, 2), (5, 3), (6, 2), (7, 3), (8, 2), (9, 3), (10, 2), (11, 3)]
length: 16 76
Estimated difference between T3^fnT3 - (T2^WT3 + h.c.) is: -1.6350935811476367e-06 2.6735310191102034e-12
total cost: -7.78445292549078
singles alt: [(4, 0), (5, 1), (6, 0), (7, 1), (8, 0), (9, 1), (10, 0), (11, 1), (4, 2), (5, 3), (6, 2), (7, 3), (8, 2), (9, 3), (10, 2), (11, 3)]
length: 16 76
Estimated difference between T3^fnT3 - (T2^WT3 + h.c.) is: -1.6350935811480424e-06 2.6735310191115302e-12
total cost: -7.784452925490778
singles alt: [(4, 0), (5, 1), (6, 0), (7, 1), (8, 0), (9, 1), (10, 0), (11, 1), (4, 2), (5, 3), (6, 2), (7, 3), (8, 2), (9, 3), (10, 2), (11, 3)]
length: 16 76
Estimated difference between T3^fnT3 - (T2^WT3 + h.c.) is: -1.63509376534988e-06 2.6735316214860487e-12
total cost: -7.7844529255045884
singles alt: [(4, 0), (5, 1), (6, 0), (7, 1), (8, 0), (9, 1), (10, 0), (11, 1), (4, 2), (5, 3), (6, 2), (7, 3), (8, 2), (9, 3), (10, 2), (11, 3)]
length: 16 76
Estimated difference between T3^fnT3 - (T2^WT3 + h.c.) is: -1.6350936129723425e-06 2.6735311231829484e-12
total cost: -7.784452925499772
singles alt: [(4, 0), (5, 1), (6, 0), (7, 1), (8, 0), (9, 1), (10, 0), (11, 1), (4, 2), (5, 3), (6, 2), (7, 3), (8, 2), (9, 3), (10, 2), (11, 3)]
length: 16 76
Estimated difference between T3^fnT3 - (T2^WT3 + h.c.) is: -1.6350936128911025e-06 2.6735311229172784e-12
total cost: -7.784452925499757
singles alt: [(4, 0), (5, 1), (6, 0), (7, 1), (8, 0), (9, 1), (10, 0), (11, 1), (4, 2), (5, 3), (6, 2), (7, 3), (8, 2), (9, 3), (10, 2), (11, 3)]
length: 16 76
Estimated difference between T3^fnT3 - (T2^WT3 + h.c.) is: -1.635093712952097e-06 2.673531450135475e-12
total cost: -7.784452925486767
singles alt: [(4, 0), (5, 1), (6, 0), (7, 1), (8, 0), (9, 1), (10, 0), (11, 1), (4, 2), (5, 3), (6, 2), (7, 3), (8, 2), (9, 3), (10, 2), (11, 3)]
length: 16 76
Estimated difference between T3^fnT3 - (T2^WT3 + h.c.) is: -1.6350935811486625e-06 2.6735310191135578e-12
total cost: -7.784452925490779
singles alt: [(4, 0), (5, 1), (6, 0), (7, 1), (8, 0), (9, 1), (10, 0), (11, 1), (4, 2), (5, 3), (6, 2), (7, 3), (8, 2), (9, 3), (10, 2), (11, 3)]
length: 16 76
Estimated difference between T3^fnT3 - (T2^WT3 + h.c.) is: -1.6350935811486925e-06 2.673531019113656e-12
total cost: -7.78445292549078
singles alt: [(4, 0), (5, 1), (6, 0), (7, 1), (8, 0), (9, 1), (10, 0), (11, 1), (4, 2), (5, 3), (6, 2), (7, 3), (8, 2), (9, 3), (10, 2), (11, 3)]
length: 16 76
Estimated difference between T3^fnT3 - (T2^WT3 + h.c.) is: -1.6350935811465021e-06 2.673531019106493e-12
total cost: -7.784452925490781
singles alt: [(4, 0), (5, 1), (6, 0), (7, 1), (8, 0), (9, 1), (10, 0), (11, 1), (4, 2), (5, 3), (6, 2), (7, 3), (8, 2), (9, 3), (10, 2), (11, 3)]
length: 16 76
Estimated difference between T3^fnT3 - (T2^WT3 + h.c.) is: -1.6350935811488082e-06 2.673531019114034e-12
total cost: -7.784452925490778
singles alt: [(4, 0), (5, 1), (6, 0), (7, 1), (8, 0), (9, 1), (10, 0), (11, 1), (4, 2), (5, 3), (6, 2), (7, 3), (8, 2), (9, 3), (10, 2), (11, 3)]
length: 16 76
Estimated difference between T3^fnT3 - (T2^WT3 + h.c.) is: -1.635093443049865e-06 2.6735305675046626e-12
total cost: -7.784452925478744
singles alt: [(4, 0), (5, 1), (6, 0), (7, 1), (8, 0), (9, 1), (10, 0), (11, 1), (4, 2), (5, 3), (6, 2), (7, 3), (8, 2), (9, 3), (10, 2), (11, 3)]
length: 16 76
Estimated difference between T3^fnT3 - (T2^WT3 + h.c.) is: -1.635093443634403e-06 2.6735305694162103e-12
total cost: -7.784452925478792
singles alt: [(4, 0), (5, 1), (6, 0), (7, 1), (8, 0), (9, 1), (10, 0), (11, 1), (4, 2), (5, 3), (6, 2), (7, 3), (8, 2), (9, 3), (10, 2), (11, 3)]
length: 16 76
Estimated difference between T3^fnT3 - (T2^WT3 + h.c.) is: -1.6350933014679893e-06 2.6735301045054887e-12
total cost: -7.7844529254907675
singles alt: [(4, 0), (5, 1), (6, 0), (7, 1), (8, 0), (9, 1), (10, 0), (11, 1), (4, 2), (5, 3), (6, 2), (7, 3), (8, 2), (9, 3), (10, 2), (11, 3)]
length: 16 76
Estimated difference between T3^fnT3 - (T2^WT3 + h.c.) is: -1.6350938605655838e-06 2.673531932859265e-12
total cost: -7.784452925490786
singles alt: [(4, 0), (5, 1), (6, 0), (7, 1), (8, 0), (9, 1), (10, 0), (11, 1), (4, 2), (5, 3), (6, 2), (7, 3), (8, 2), (9, 3), (10, 2), (11, 3)]
length: 16 76
Estimated difference between T3^fnT3 - (T2^WT3 + h.c.) is: -1.6350935811474368e-06 2.6735310191095495e-12
total cost: -7.784452925490783
singles alt: [(4, 0), (5, 1), (6, 0), (7, 1), (8, 0), (9, 1), (10, 0), (11, 1), (4, 2), (5, 3), (6, 2), (7, 3), (8, 2), (9, 3), (10, 2), (11, 3)]
length: 16 76
Estimated difference between T3^fnT3 - (T2^WT3 + h.c.) is: -1.6350935811474872e-06 2.6735310191097143e-12
total cost: -7.78445292549078
singles alt: [(4, 0), (5, 1), (6, 0), (7, 1), (8, 0), (9, 1), (10, 0), (11, 1), (4, 2), (5, 3), (6, 2), (7, 3), (8, 2), (9, 3), (10, 2), (11, 3)]
length: 16 76
Estimated difference between T3^fnT3 - (T2^WT3 + h.c.) is: -1.6350935811485282e-06 2.6735310191131188e-12
total cost: -7.78445292549078
singles alt: [(4, 0), (5, 1), (6, 0), (7, 1), (8, 0), (9, 1), (10, 0), (11, 1), (4, 2), (5, 3), (6, 2), (7, 3), (8, 2), (9, 3), (10, 2), (11, 3)]
length: 16 76
Estimated difference between T3^fnT3 - (T2^WT3 + h.c.) is: -1.6350935811480526e-06 2.6735310191115634e-12
total cost: -7.784452925490779
singles alt: [(4, 0), (5, 1), (6, 0), (7, 1), (8, 0), (9, 1), (10, 0), (11, 1), (4, 2), (5, 3), (6, 2), (7, 3), (8, 2), (9, 3), (10, 2), (11, 3)]
length: 16 76
Estimated difference between T3^fnT3 - (T2^WT3 + h.c.) is: -1.6350935811477193e-06 2.6735310191104732e-12
total cost: -7.784452925492352
singles alt: [(4, 0), (5, 1), (6, 0), (7, 1), (8, 0), (9, 1), (10, 0), (11, 1), (4, 2), (5, 3), (6, 2), (7, 3), (8, 2), (9, 3), (10, 2), (11, 3)]
length: 16 76
Estimated difference between T3^fnT3 - (T2^WT3 + h.c.) is: -1.6350935811477193e-06 2.6735310191104732e-12
total cost: -7.784452925492441
singles alt: [(4, 0), (5, 1), (6, 0), (7, 1), (8, 0), (9, 1), (10, 0), (11, 1), (4, 2), (5, 3), (6, 2), (7, 3), (8, 2), (9, 3), (10, 2), (11, 3)]
length: 16 76
Estimated difference between T3^fnT3 - (T2^WT3 + h.c.) is: -1.6350935811477193e-06 2.6735310191104732e-12
total cost: -7.7844529254907835
singles alt: [(4, 0), (5, 1), (6, 0), (7, 1), (8, 0), (9, 1), (10, 0), (11, 1), (4, 2), (5, 3), (6, 2), (7, 3), (8, 2), (9, 3), (10, 2), (11, 3)]
length: 16 76
Estimated difference between T3^fnT3 - (T2^WT3 + h.c.) is: -1.6350935811477193e-06 2.6735310191104732e-12
total cost: -7.784452925490782
singles alt: [(4, 0), (5, 1), (6, 0), (7, 1), (8, 0), (9, 1), (10, 0), (11, 1), (4, 2), (5, 3), (6, 2), (7, 3), (8, 2), (9, 3), (10, 2), (11, 3)]
length: 16 76
Estimated difference between T3^fnT3 - (T2^WT3 + h.c.) is: -1.6350935811477193e-06 2.6735310191104732e-12
total cost: -7.784452925490783
singles alt: [(4, 0), (5, 1), (6, 0), (7, 1), (8, 0), (9, 1), (10, 0), (11, 1), (4, 2), (5, 3), (6, 2), (7, 3), (8, 2), (9, 3), (10, 2), (11, 3)]
length: 16 76
Estimated difference between T3^fnT3 - (T2^WT3 + h.c.) is: -1.6350935811477193e-06 2.6735310191104732e-12
total cost: -7.784452925490779
singles alt: [(4, 0), (5, 1), (6, 0), (7, 1), (8, 0), (9, 1), (10, 0), (11, 1), (4, 2), (5, 3), (6, 2), (7, 3), (8, 2), (9, 3), (10, 2), (11, 3)]
length: 16 76
Estimated difference between T3^fnT3 - (T2^WT3 + h.c.) is: -1.6350935811477193e-06 2.6735310191104732e-12
total cost: -7.7844529254819586
singles alt: [(4, 0), (5, 1), (6, 0), (7, 1), (8, 0), (9, 1), (10, 0), (11, 1), (4, 2), (5, 3), (6, 2), (7, 3), (8, 2), (9, 3), (10, 2), (11, 3)]
length: 16 76
Estimated difference between T3^fnT3 - (T2^WT3 + h.c.) is: -1.6350935811477193e-06 2.6735310191104732e-12
total cost: -7.784452925481985
singles alt: [(4, 0), (5, 1), (6, 0), (7, 1), (8, 0), (9, 1), (10, 0), (11, 1), (4, 2), (5, 3), (6, 2), (7, 3), (8, 2), (9, 3), (10, 2), (11, 3)]
length: 16 76
Estimated difference between T3^fnT3 - (T2^WT3 + h.c.) is: -1.6350935811477193e-06 2.6735310191104732e-12
total cost: -7.784452925485529
singles alt: [(4, 0), (5, 1), (6, 0), (7, 1), (8, 0), (9, 1), (10, 0), (11, 1), (4, 2), (5, 3), (6, 2), (7, 3), (8, 2), (9, 3), (10, 2), (11, 3)]
length: 16 76
Estimated difference between T3^fnT3 - (T2^WT3 + h.c.) is: -1.6350935811477193e-06 2.6735310191104732e-12
total cost: -7.784452925485436
singles alt: [(4, 0), (5, 1), (6, 0), (7, 1), (8, 0), (9, 1), (10, 0), (11, 1), (4, 2), (5, 3), (6, 2), (7, 3), (8, 2), (9, 3), (10, 2), (11, 3)]
length: 16 76
Estimated difference between T3^fnT3 - (T2^WT3 + h.c.) is: -1.6350935811477193e-06 2.6735310191104732e-12
total cost: -7.784452925490779
singles alt: [(4, 0), (5, 1), (6, 0), (7, 1), (8, 0), (9, 1), (10, 0), (11, 1), (4, 2), (5, 3), (6, 2), (7, 3), (8, 2), (9, 3), (10, 2), (11, 3)]
length: 16 76
Estimated difference between T3^fnT3 - (T2^WT3 + h.c.) is: -1.6350935811477193e-06 2.6735310191104732e-12
total cost: -7.784452925490779
singles alt: [(4, 0), (5, 1), (6, 0), (7, 1), (8, 0), (9, 1), (10, 0), (11, 1), (4, 2), (5, 3), (6, 2), (7, 3), (8, 2), (9, 3), (10, 2), (11, 3)]
length: 16 76
Estimated difference between T3^fnT3 - (T2^WT3 + h.c.) is: -1.6350935811477193e-06 2.6735310191104732e-12
total cost: -7.784452925490781
singles alt: [(4, 0), (5, 1), (6, 0), (7, 1), (8, 0), (9, 1), (10, 0), (11, 1), (4, 2), (5, 3), (6, 2), (7, 3), (8, 2), (9, 3), (10, 2), (11, 3)]
length: 16 76
Estimated difference between T3^fnT3 - (T2^WT3 + h.c.) is: -1.6350935811477193e-06 2.6735310191104732e-12
total cost: -7.784452925490782
singles alt: [(4, 0), (5, 1), (6, 0), (7, 1), (8, 0), (9, 1), (10, 0), (11, 1), (4, 2), (5, 3), (6, 2), (7, 3), (8, 2), (9, 3), (10, 2), (11, 3)]
length: 16 76
Estimated difference between T3^fnT3 - (T2^WT3 + h.c.) is: -1.6350935811477193e-06 2.6735310191104732e-12
total cost: -7.7844529254881305
singles alt: [(4, 0), (5, 1), (6, 0), (7, 1), (8, 0), (9, 1), (10, 0), (11, 1), (4, 2), (5, 3), (6, 2), (7, 3), (8, 2), (9, 3), (10, 2), (11, 3)]
length: 16 76
Estimated difference between T3^fnT3 - (T2^WT3 + h.c.) is: -1.6350935811477193e-06 2.6735310191104732e-12
total cost: -7.784452925488047
singles alt: [(4, 0), (5, 1), (6, 0), (7, 1), (8, 0), (9, 1), (10, 0), (11, 1), (4, 2), (5, 3), (6, 2), (7, 3), (8, 2), (9, 3), (10, 2), (11, 3)]
callback: energy=-7.784451290397
singles alt: [(4, 0), (5, 1), (6, 0), (7, 1), (8, 0), (9, 1), (10, 0), (11, 1), (4, 2), (5, 3), (6, 2), (7, 3), (8, 2), (9, 3), (10, 2), (11, 3)]
length: 16 76
Estimated difference between T3^fnT3 - (T2^WT3 + h.c.) is: -1.6328203562235695e-06 2.6661023156980643e-12
total cost: -7.7844549183842435
singles alt: [(4, 0), (5, 1), (6, 0), (7, 1), (8, 0), (9, 1), (10, 0), (11, 1), (4, 2), (5, 3), (6, 2), (7, 3), (8, 2), (9, 3), (10, 2), (11, 3)]
length: 16 76
Estimated difference between T3^fnT3 - (T2^WT3 + h.c.) is: -1.6328206889102965e-06 2.666103402133495e-12
total cost: -7.78445491839427
singles alt: [(4, 0), (5, 1), (6, 0), (7, 1), (8, 0), (9, 1), (10, 0), (11, 1), (4, 2), (5, 3), (6, 2), (7, 3), (8, 2), (9, 3), (10, 2), (11, 3)]
length: 16 76
Estimated difference between T3^fnT3 - (T2^WT3 + h.c.) is: -1.632820411837018e-06 2.666102497311609e-12
total cost: -7.784454918396303
singles alt: [(4, 0), (5, 1), (6, 0), (7, 1), (8, 0), (9, 1), (10, 0), (11, 1), (4, 2), (5, 3), (6, 2), (7, 3), (8, 2), (9, 3), (10, 2), (11, 3)]
length: 16 76
Estimated difference between T3^fnT3 - (T2^WT3 + h.c.) is: -1.6328204120226516e-06 2.6661024979178216e-12
total cost: -7.784454918396238
singles alt: [(4, 0), (5, 1), (6, 0), (7, 1), (8, 0), (9, 1), (10, 0), (11, 1), (4, 2), (5, 3), (6, 2), (7, 3), (8, 2), (9, 3), (10, 2), (11, 3)]
length: 16 76
Estimated difference between T3^fnT3 - (T2^WT3 + h.c.) is: -1.6328204235619123e-06 2.6661025356009027e-12
total cost: -7.7844549183732115
singles alt: [(4, 0), (5, 1), (6, 0), (7, 1), (8, 0), (9, 1), (10, 0), (11, 1), (4, 2), (5, 3), (6, 2), (7, 3), (8, 2), (9, 3), (10, 2), (11, 3)]
length: 16 76
Estimated difference between T3^fnT3 - (T2^WT3 + h.c.) is: -1.6328203562164334e-06 2.6661023156747606e-12
total cost: -7.78445491838427
singles alt: [(4, 0), (5, 1), (6, 0), (7, 1), (8, 0), (9, 1), (10, 0), (11, 1), (4, 2), (5, 3), (6, 2), (7, 3), (8, 2), (9, 3), (10, 2), (11, 3)]
length: 16 76
Estimated difference between T3^fnT3 - (T2^WT3 + h.c.) is: -1.6328203562168675e-06 2.6661023156761783e-12
total cost: -7.784454918384247
singles alt: [(4, 0), (5, 1), (6, 0), (7, 1), (8, 0), (9, 1), (10, 0), (11, 1), (4, 2), (5, 3), (6, 2), (7, 3), (8, 2), (9, 3), (10, 2), (11, 3)]
length: 16 76
Estimated difference between T3^fnT3 - (T2^WT3 + h.c.) is: -1.632820356220505e-06 2.6661023156880565e-12
total cost: -7.784454918384244
singles alt: [(4, 0), (5, 1), (6, 0), (7, 1), (8, 0), (9, 1), (10, 0), (11, 1), (4, 2), (5, 3), (6, 2), (7, 3), (8, 2), (9, 3), (10, 2), (11, 3)]
length: 16 76
Estimated difference between T3^fnT3 - (T2^WT3 + h.c.) is: -1.632820356222419e-06 2.6661023156943072e-12
total cost: -7.784454918384245
singles alt: [(4, 0), (5, 1), (6, 0), (7, 1), (8, 0), (9, 1), (10, 0), (11, 1), (4, 2), (5, 3), (6, 2), (7, 3), (8, 2), (9, 3), (10, 2), (11, 3)]
length: 16 76
Estimated difference between T3^fnT3 - (T2^WT3 + h.c.) is: -1.6328203562389353e-06 2.6661023157482436e-12
total cost: -7.784454918384184
singles alt: [(4, 0), (5, 1), (6, 0), (7, 1), (8, 0), (9, 1), (10, 0), (11, 1), (4, 2), (5, 3), (6, 2), (7, 3), (8, 2), (9, 3), (10, 2), (11, 3)]
length: 16 76
Estimated difference between T3^fnT3 - (T2^WT3 + h.c.) is: -1.6328203562110366e-06 2.666102315657136e-12
total cost: -7.784454918384249
singles alt: [(4, 0), (5, 1), (6, 0), (7, 1), (8, 0), (9, 1), (10, 0), (11, 1), (4, 2), (5, 3), (6, 2), (7, 3), (8, 2), (9, 3), (10, 2), (11, 3)]
length: 16 76
Estimated difference between T3^fnT3 - (T2^WT3 + h.c.) is: -1.632820356222545e-06 2.6661023156947188e-12
total cost: -7.784454918384245
singles alt: [(4, 0), (5, 1), (6, 0), (7, 1), (8, 0), (9, 1), (10, 0), (11, 1), (4, 2), (5, 3), (6, 2), (7, 3), (8, 2), (9, 3), (10, 2), (11, 3)]
length: 16 76
Estimated difference between T3^fnT3 - (T2^WT3 + h.c.) is: -1.632820356225229e-06 2.6661023157034838e-12
total cost: -7.784454918384242
singles alt: [(4, 0), (5, 1), (6, 0), (7, 1), (8, 0), (9, 1), (10, 0), (11, 1), (4, 2), (5, 3), (6, 2), (7, 3), (8, 2), (9, 3), (10, 2), (11, 3)]
length: 16 76
Estimated difference between T3^fnT3 - (T2^WT3 + h.c.) is: -1.6328204184799676e-06 2.6661025190050965e-12
total cost: -7.784454918390514
singles alt: [(4, 0), (5, 1), (6, 0), (7, 1), (8, 0), (9, 1), (10, 0), (11, 1), (4, 2), (5, 3), (6, 2), (7, 3), (8, 2), (9, 3), (10, 2), (11, 3)]
length: 16 76
Estimated difference between T3^fnT3 - (T2^WT3 + h.c.) is: -1.6328201617541075e-06 2.66610168063071e-12
total cost: -7.784454918398434
singles alt: [(4, 0), (5, 1), (6, 0), (7, 1), (8, 0), (9, 1), (10, 0), (11, 1), (4, 2), (5, 3), (6, 2), (7, 3), (8, 2), (9, 3), (10, 2), (11, 3)]
length: 16 76
Estimated difference between T3^fnT3 - (T2^WT3 + h.c.) is: -1.6328203189015718e-06 2.6661021938178304e-12
total cost: -7.784454918383657
singles alt: [(4, 0), (5, 1), (6, 0), (7, 1), (8, 0), (9, 1), (10, 0), (11, 1), (4, 2), (5, 3), (6, 2), (7, 3), (8, 2), (9, 3), (10, 2), (11, 3)]
length: 16 76
Estimated difference between T3^fnT3 - (T2^WT3 + h.c.) is: -1.6328202097826675e-06 2.6661018374747144e-12
total cost: -7.784454918379152
singles alt: [(4, 0), (5, 1), (6, 0), (7, 1), (8, 0), (9, 1), (10, 0), (11, 1), (4, 2), (5, 3), (6, 2), (7, 3), (8, 2), (9, 3), (10, 2), (11, 3)]
length: 16 76
Estimated difference between T3^fnT3 - (T2^WT3 + h.c.) is: -1.6328203562115342e-06 2.6661023156587615e-12
total cost: -7.78445491838429
singles alt: [(4, 0), (5, 1), (6, 0), (7, 1), (8, 0), (9, 1), (10, 0), (11, 1), (4, 2), (5, 3), (6, 2), (7, 3), (8, 2), (9, 3), (10, 2), (11, 3)]
length: 16 76
Estimated difference between T3^fnT3 - (T2^WT3 + h.c.) is: -1.6328203562300296e-06 2.6661023157191606e-12
total cost: -7.784454918384236
singles alt: [(4, 0), (5, 1), (6, 0), (7, 1), (8, 0), (9, 1), (10, 0), (11, 1), (4, 2), (5, 3), (6, 2), (7, 3), (8, 2), (9, 3), (10, 2), (11, 3)]
length: 16 76
Estimated difference between T3^fnT3 - (T2^WT3 + h.c.) is: -1.6328203562222936e-06 2.666102315693898e-12
total cost: -7.784454918384243
singles alt: [(4, 0), (5, 1), (6, 0), (7, 1), (8, 0), (9, 1), (10, 0), (11, 1), (4, 2), (5, 3), (6, 2), (7, 3), (8, 2), (9, 3), (10, 2), (11, 3)]
length: 16 76
Estimated difference between T3^fnT3 - (T2^WT3 + h.c.) is: -1.6328203562222542e-06 2.6661023156937692e-12
total cost: -7.7844549183842435
singles alt: [(4, 0), (5, 1), (6, 0), (7, 1), (8, 0), (9, 1), (10, 0), (11, 1), (4, 2), (5, 3), (6, 2), (7, 3), (8, 2), (9, 3), (10, 2), (11, 3)]
length: 16 76
Estimated difference between T3^fnT3 - (T2^WT3 + h.c.) is: -1.6328205578430479e-06 2.666102974114882e-12
total cost: -7.784454918374632
singles alt: [(4, 0), (5, 1), (6, 0), (7, 1), (8, 0), (9, 1), (10, 0), (11, 1), (4, 2), (5, 3), (6, 2), (7, 3), (8, 2), (9, 3), (10, 2), (11, 3)]
length: 16 76
Estimated difference between T3^fnT3 - (T2^WT3 + h.c.) is: -1.632820690062478e-06 2.6661034058961067e-12
total cost: -7.784454918392708
singles alt: [(4, 0), (5, 1), (6, 0), (7, 1), (8, 0), (9, 1), (10, 0), (11, 1), (4, 2), (5, 3), (6, 2), (7, 3), (8, 2), (9, 3), (10, 2), (11, 3)]
length: 16 76
Estimated difference between T3^fnT3 - (T2^WT3 + h.c.) is: -1.6328205879433149e-06 2.6661030724115522e-12
total cost: -7.784454918392936
singles alt: [(4, 0), (5, 1), (6, 0), (7, 1), (8, 0), (9, 1), (10, 0), (11, 1), (4, 2), (5, 3), (6, 2), (7, 3), (8, 2), (9, 3), (10, 2), (11, 3)]
length: 16 76
Estimated difference between T3^fnT3 - (T2^WT3 + h.c.) is: -1.6328205380894245e-06 2.6661029096066375e-12
total cost: -7.784454918378599
singles alt: [(4, 0), (5, 1), (6, 0), (7, 1), (8, 0), (9, 1), (10, 0), (11, 1), (4, 2), (5, 3), (6, 2), (7, 3), (8, 2), (9, 3), (10, 2), (11, 3)]
length: 16 76
Estimated difference between T3^fnT3 - (T2^WT3 + h.c.) is: -1.6328203774930608e-06 2.6661023851565815e-12
total cost: -7.784454918384317
singles alt: [(4, 0), (5, 1), (6, 0), (7, 1), (8, 0), (9, 1), (10, 0), (11, 1), (4, 2), (5, 3), (6, 2), (7, 3), (8, 2), (9, 3), (10, 2), (11, 3)]
length: 16 76
Estimated difference between T3^fnT3 - (T2^WT3 + h.c.) is: -1.6328204827079265e-06 2.666102728750546e-12
total cost: -7.784454918384255
singles alt: [(4, 0), (5, 1), (6, 0), (7, 1), (8, 0), (9, 1), (10, 0), (11, 1), (4, 2), (5, 3), (6, 2), (7, 3), (8, 2), (9, 3), (10, 2), (11, 3)]
length: 16 76
Estimated difference between T3^fnT3 - (T2^WT3 + h.c.) is: -1.6328204826330778e-06 2.666102728506117e-12
total cost: -7.784454918384258
singles alt: [(4, 0), (5, 1), (6, 0), (7, 1), (8, 0), (9, 1), (10, 0), (11, 1), (4, 2), (5, 3), (6, 2), (7, 3), (8, 2), (9, 3), (10, 2), (11, 3)]
length: 16 76
Estimated difference between T3^fnT3 - (T2^WT3 + h.c.) is: -1.6328203750323043e-06 2.666102377120635e-12
total cost: -7.7844549183842435
singles alt: [(4, 0), (5, 1), (6, 0), (7, 1), (8, 0), (9, 1), (10, 0), (11, 1), (4, 2), (5, 3), (6, 2), (7, 3), (8, 2), (9, 3), (10, 2), (11, 3)]
length: 16 76
Estimated difference between T3^fnT3 - (T2^WT3 + h.c.) is: -1.6328203562203463e-06 2.6661023156875387e-12
total cost: -7.7844549183843155
singles alt: [(4, 0), (5, 1), (6, 0), (7, 1), (8, 0), (9, 1), (10, 0), (11, 1), (4, 2), (5, 3), (6, 2), (7, 3), (8, 2), (9, 3), (10, 2), (11, 3)]
length: 16 76
Estimated difference between T3^fnT3 - (T2^WT3 + h.c.) is: -1.6328203562227453e-06 2.666102315695373e-12
total cost: -7.784454918384236
singles alt: [(4, 0), (5, 1), (6, 0), (7, 1), (8, 0), (9, 1), (10, 0), (11, 1), (4, 2), (5, 3), (6, 2), (7, 3), (8, 2), (9, 3), (10, 2), (11, 3)]
length: 16 76
Estimated difference between T3^fnT3 - (T2^WT3 + h.c.) is: -1.632820356225706e-06 2.666102315705041e-12
total cost: -7.784454918384233
singles alt: [(4, 0), (5, 1), (6, 0), (7, 1), (8, 0), (9, 1), (10, 0), (11, 1), (4, 2), (5, 3), (6, 2), (7, 3), (8, 2), (9, 3), (10, 2), (11, 3)]
length: 16 76
Estimated difference between T3^fnT3 - (T2^WT3 + h.c.) is: -1.6328203562232436e-06 2.666102315697e-12
total cost: -7.78445491838425
singles alt: [(4, 0), (5, 1), (6, 0), (7, 1), (8, 0), (9, 1), (10, 0), (11, 1), (4, 2), (5, 3), (6, 2), (7, 3), (8, 2), (9, 3), (10, 2), (11, 3)]
length: 16 76
Estimated difference between T3^fnT3 - (T2^WT3 + h.c.) is: -1.632820356232536e-06 2.6661023157273456e-12
total cost: -7.784454918384203
singles alt: [(4, 0), (5, 1), (6, 0), (7, 1), (8, 0), (9, 1), (10, 0), (11, 1), (4, 2), (5, 3), (6, 2), (7, 3), (8, 2), (9, 3), (10, 2), (11, 3)]
length: 16 76
Estimated difference between T3^fnT3 - (T2^WT3 + h.c.) is: -1.6328203562233573e-06 2.6661023156973716e-12
total cost: -7.784454918384244
singles alt: [(4, 0), (5, 1), (6, 0), (7, 1), (8, 0), (9, 1), (10, 0), (11, 1), (4, 2), (5, 3), (6, 2), (7, 3), (8, 2), (9, 3), (10, 2), (11, 3)]
length: 16 76
Estimated difference between T3^fnT3 - (T2^WT3 + h.c.) is: -1.6328203562224512e-06 2.6661023156944122e-12
total cost: -7.784454918384245
singles alt: [(4, 0), (5, 1), (6, 0), (7, 1), (8, 0), (9, 1), (10, 0), (11, 1), (4, 2), (5, 3), (6, 2), (7, 3), (8, 2), (9, 3), (10, 2), (11, 3)]
length: 16 76
Estimated difference between T3^fnT3 - (T2^WT3 + h.c.) is: -1.6328203562248123e-06 2.666102315702123e-12
total cost: -7.7844549183842435
singles alt: [(4, 0), (5, 1), (6, 0), (7, 1), (8, 0), (9, 1), (10, 0), (11, 1), (4, 2), (5, 3), (6, 2), (7, 3), (8, 2), (9, 3), (10, 2), (11, 3)]
length: 16 76
Estimated difference between T3^fnT3 - (T2^WT3 + h.c.) is: -1.6328203774910438e-06 2.6661023851499947e-12
total cost: -7.7844549183843315
singles alt: [(4, 0), (5, 1), (6, 0), (7, 1), (8, 0), (9, 1), (10, 0), (11, 1), (4, 2), (5, 3), (6, 2), (7, 3), (8, 2), (9, 3), (10, 2), (11, 3)]
length: 16 76
Estimated difference between T3^fnT3 - (T2^WT3 + h.c.) is: -1.632820482696693e-06 2.6661027287138617e-12
total cost: -7.784454918384256
singles alt: [(4, 0), (5, 1), (6, 0), (7, 1), (8, 0), (9, 1), (10, 0), (11, 1), (4, 2), (5, 3), (6, 2), (7, 3), (8, 2), (9, 3), (10, 2), (11, 3)]
length: 16 76
Estimated difference between T3^fnT3 - (T2^WT3 + h.c.) is: -1.6328204826277925e-06 2.6661027284888573e-12
total cost: -7.784454918384258
singles alt: [(4, 0), (5, 1), (6, 0), (7, 1), (8, 0), (9, 1), (10, 0), (11, 1), (4, 2), (5, 3), (6, 2), (7, 3), (8, 2), (9, 3), (10, 2), (11, 3)]
length: 16 76
Estimated difference between T3^fnT3 - (T2^WT3 + h.c.) is: -1.6328203750330813e-06 2.666102377123172e-12
total cost: -7.784454918384242
singles alt: [(4, 0), (5, 1), (6, 0), (7, 1), (8, 0), (9, 1), (10, 0), (11, 1), (4, 2), (5, 3), (6, 2), (7, 3), (8, 2), (9, 3), (10, 2), (11, 3)]
length: 16 76
Estimated difference between T3^fnT3 - (T2^WT3 + h.c.) is: -1.6328205579076477e-06 2.666102974325842e-12
total cost: -7.78445491837453
singles alt: [(4, 0), (5, 1), (6, 0), (7, 1), (8, 0), (9, 1), (10, 0), (11, 1), (4, 2), (5, 3), (6, 2), (7, 3), (8, 2), (9, 3), (10, 2), (11, 3)]
length: 16 76
Estimated difference between T3^fnT3 - (T2^WT3 + h.c.) is: -1.6328205886403103e-06 2.6661030746876895e-12
total cost: -7.784454918392479
singles alt: [(4, 0), (5, 1), (6, 0), (7, 1), (8, 0), (9, 1), (10, 0), (11, 1), (4, 2), (5, 3), (6, 2), (7, 3), (8, 2), (9, 3), (10, 2), (11, 3)]
length: 16 76
Estimated difference between T3^fnT3 - (T2^WT3 + h.c.) is: -1.632820690859343e-06 2.666103408498382e-12
total cost: -7.784454918392353
singles alt: [(4, 0), (5, 1), (6, 0), (7, 1), (8, 0), (9, 1), (10, 0), (11, 1), (4, 2), (5, 3), (6, 2), (7, 3), (8, 2), (9, 3), (10, 2), (11, 3)]
length: 16 76
Estimated difference between T3^fnT3 - (T2^WT3 + h.c.) is: -1.632820538192157e-06 2.6661029099421255e-12
total cost: -7.784454918378636
singles alt: [(4, 0), (5, 1), (6, 0), (7, 1), (8, 0), (9, 1), (10, 0), (11, 1), (4, 2), (5, 3), (6, 2), (7, 3), (8, 2), (9, 3), (10, 2), (11, 3)]
length: 16 76
Estimated difference between T3^fnT3 - (T2^WT3 + h.c.) is: -1.6328203562213882e-06 2.6661023156909407e-12
total cost: -7.784454918384368
singles alt: [(4, 0), (5, 1), (6, 0), (7, 1), (8, 0), (9, 1), (10, 0), (11, 1), (4, 2), (5, 3), (6, 2), (7, 3), (8, 2), (9, 3), (10, 2), (11, 3)]
length: 16 76
Estimated difference between T3^fnT3 - (T2^WT3 + h.c.) is: -1.6328203562246069e-06 2.666102315701452e-12
total cost: -7.784454918384235
singles alt: [(4, 0), (5, 1), (6, 0), (7, 1), (8, 0), (9, 1), (10, 0), (11, 1), (4, 2), (5, 3), (6, 2), (7, 3), (8, 2), (9, 3), (10, 2), (11, 3)]
length: 16 76
Estimated difference between T3^fnT3 - (T2^WT3 + h.c.) is: -1.632820356225132e-06 2.666102315703167e-12
total cost: -7.784454918384231
singles alt: [(4, 0), (5, 1), (6, 0), (7, 1), (8, 0), (9, 1), (10, 0), (11, 1), (4, 2), (5, 3), (6, 2), (7, 3), (8, 2), (9, 3), (10, 2), (11, 3)]
length: 16 76
Estimated difference between T3^fnT3 - (T2^WT3 + h.c.) is: -1.6328203562227767e-06 2.6661023156954753e-12
total cost: -7.784454918384244
singles alt: [(4, 0), (5, 1), (6, 0), (7, 1), (8, 0), (9, 1), (10, 0), (11, 1), (4, 2), (5, 3), (6, 2), (7, 3), (8, 2), (9, 3), (10, 2), (11, 3)]
length: 16 76
Estimated difference between T3^fnT3 - (T2^WT3 + h.c.) is: -1.6328204184106162e-06 2.6661025187786195e-12
total cost: -7.78445491839105
singles alt: [(4, 0), (5, 1), (6, 0), (7, 1), (8, 0), (9, 1), (10, 0), (11, 1), (4, 2), (5, 3), (6, 2), (7, 3), (8, 2), (9, 3), (10, 2), (11, 3)]
length: 16 76
Estimated difference between T3^fnT3 - (T2^WT3 + h.c.) is: -1.6328203188158889e-06 2.6661021935380212e-12
total cost: -7.7844549183833935
singles alt: [(4, 0), (5, 1), (6, 0), (7, 1), (8, 0), (9, 1), (10, 0), (11, 1), (4, 2), (5, 3), (6, 2), (7, 3), (8, 2), (9, 3), (10, 2), (11, 3)]
length: 16 76
Estimated difference between T3^fnT3 - (T2^WT3 + h.c.) is: -1.632820162044236e-06 2.666101681578165e-12
total cost: -7.784454918396473
singles alt: [(4, 0), (5, 1), (6, 0), (7, 1), (8, 0), (9, 1), (10, 0), (11, 1), (4, 2), (5, 3), (6, 2), (7, 3), (8, 2), (9, 3), (10, 2), (11, 3)]
length: 16 76
Estimated difference between T3^fnT3 - (T2^WT3 + h.c.) is: -1.6328202094379844e-06 2.6661018363491034e-12
total cost: -7.784454918379459
singles alt: [(4, 0), (5, 1), (6, 0), (7, 1), (8, 0), (9, 1), (10, 0), (11, 1), (4, 2), (5, 3), (6, 2), (7, 3), (8, 2), (9, 3), (10, 2), (11, 3)]
length: 16 76
Estimated difference between T3^fnT3 - (T2^WT3 + h.c.) is: -1.6328203562230344e-06 2.666102315696317e-12
total cost: -7.784454918384253
singles alt: [(4, 0), (5, 1), (6, 0), (7, 1), (8, 0), (9, 1), (10, 0), (11, 1), (4, 2), (5, 3), (6, 2), (7, 3), (8, 2), (9, 3), (10, 2), (11, 3)]
length: 16 76
Estimated difference between T3^fnT3 - (T2^WT3 + h.c.) is: -1.632820356222535e-06 2.666102315694686e-12
total cost: -7.784454918384248
singles alt: [(4, 0), (5, 1), (6, 0), (7, 1), (8, 0), (9, 1), (10, 0), (11, 1), (4, 2), (5, 3), (6, 2), (7, 3), (8, 2), (9, 3), (10, 2), (11, 3)]
length: 16 76
Estimated difference between T3^fnT3 - (T2^WT3 + h.c.) is: -1.6328203562223677e-06 2.66610231569414e-12
total cost: -7.784454918384248
singles alt: [(4, 0), (5, 1), (6, 0), (7, 1), (8, 0), (9, 1), (10, 0), (11, 1), (4, 2), (5, 3), (6, 2), (7, 3), (8, 2), (9, 3), (10, 2), (11, 3)]
length: 16 76
Estimated difference between T3^fnT3 - (T2^WT3 + h.c.) is: -1.6328203562236502e-06 2.6661023156983276e-12
total cost: -7.784454918384243
singles alt: [(4, 0), (5, 1), (6, 0), (7, 1), (8, 0), (9, 1), (10, 0), (11, 1), (4, 2), (5, 3), (6, 2), (7, 3), (8, 2), (9, 3), (10, 2), (11, 3)]
length: 16 76
Estimated difference between T3^fnT3 - (T2^WT3 + h.c.) is: -1.6328203562256818e-06 2.6661023157049624e-12
total cost: -7.7844549183842116
singles alt: [(4, 0), (5, 1), (6, 0), (7, 1), (8, 0), (9, 1), (10, 0), (11, 1), (4, 2), (5, 3), (6, 2), (7, 3), (8, 2), (9, 3), (10, 2), (11, 3)]
length: 16 76
Estimated difference between T3^fnT3 - (T2^WT3 + h.c.) is: -1.6328203562183045e-06 2.6661023156808708e-12
total cost: -7.784454918384251
singles alt: [(4, 0), (5, 1), (6, 0), (7, 1), (8, 0), (9, 1), (10, 0), (11, 1), (4, 2), (5, 3), (6, 2), (7, 3), (8, 2), (9, 3), (10, 2), (11, 3)]
length: 16 76
Estimated difference between T3^fnT3 - (T2^WT3 + h.c.) is: -1.632820356223032e-06 2.6661023156963093e-12
total cost: -7.784454918384243
singles alt: [(4, 0), (5, 1), (6, 0), (7, 1), (8, 0), (9, 1), (10, 0), (11, 1), (4, 2), (5, 3), (6, 2), (7, 3), (8, 2), (9, 3), (10, 2), (11, 3)]
length: 16 76
Estimated difference between T3^fnT3 - (T2^WT3 + h.c.) is: -1.6328203562230992e-06 2.6661023156965282e-12
total cost: -7.784454918384244
singles alt: [(4, 0), (5, 1), (6, 0), (7, 1), (8, 0), (9, 1), (10, 0), (11, 1), (4, 2), (5, 3), (6, 2), (7, 3), (8, 2), (9, 3), (10, 2), (11, 3)]
length: 16 76
Estimated difference between T3^fnT3 - (T2^WT3 + h.c.) is: -1.6328205404175146e-06 2.6661029172093446e-12
total cost: -7.784454918374316
singles alt: [(4, 0), (5, 1), (6, 0), (7, 1), (8, 0), (9, 1), (10, 0), (11, 1), (4, 2), (5, 3), (6, 2), (7, 3), (8, 2), (9, 3), (10, 2), (11, 3)]
length: 16 76
Estimated difference between T3^fnT3 - (T2^WT3 + h.c.) is: -1.6328203850125206e-06 2.666102409712436e-12
total cost: -7.784454918387231
singles alt: [(4, 0), (5, 1), (6, 0), (7, 1), (8, 0), (9, 1), (10, 0), (11, 1), (4, 2), (5, 3), (6, 2), (7, 3), (8, 2), (9, 3), (10, 2), (11, 3)]
length: 16 76
Estimated difference between T3^fnT3 - (T2^WT3 + h.c.) is: -1.6328203849626742e-06 2.6661024095496555e-12
total cost: -7.7844549183872624
singles alt: [(4, 0), (5, 1), (6, 0), (7, 1), (8, 0), (9, 1), (10, 0), (11, 1), (4, 2), (5, 3), (6, 2), (7, 3), (8, 2), (9, 3), (10, 2), (11, 3)]
length: 16 76
Estimated difference between T3^fnT3 - (T2^WT3 + h.c.) is: -1.6328204883702631e-06 2.6661027472417045e-12
total cost: -7.784454918386708
singles alt: [(4, 0), (5, 1), (6, 0), (7, 1), (8, 0), (9, 1), (10, 0), (11, 1), (4, 2), (5, 3), (6, 2), (7, 3), (8, 2), (9, 3), (10, 2), (11, 3)]
length: 16 76
Estimated difference between T3^fnT3 - (T2^WT3 + h.c.) is: -1.632820356225216e-06 2.666102315703441e-12
total cost: -7.784454918384242
singles alt: [(4, 0), (5, 1), (6, 0), (7, 1), (8, 0), (9, 1), (10, 0), (11, 1), (4, 2), (5, 3), (6, 2), (7, 3), (8, 2), (9, 3), (10, 2), (11, 3)]
length: 16 76
Estimated difference between T3^fnT3 - (T2^WT3 + h.c.) is: -1.6328203562267969e-06 2.666102315708604e-12
total cost: -7.784454918384239
singles alt: [(4, 0), (5, 1), (6, 0), (7, 1), (8, 0), (9, 1), (10, 0), (11, 1), (4, 2), (5, 3), (6, 2), (7, 3), (8, 2), (9, 3), (10, 2), (11, 3)]
length: 16 76
Estimated difference between T3^fnT3 - (T2^WT3 + h.c.) is: -1.6328203562252002e-06 2.6661023157033896e-12
total cost: -7.784454918384242
singles alt: [(4, 0), (5, 1), (6, 0), (7, 1), (8, 0), (9, 1), (10, 0), (11, 1), (4, 2), (5, 3), (6, 2), (7, 3), (8, 2), (9, 3), (10, 2), (11, 3)]
length: 16 76
Estimated difference between T3^fnT3 - (T2^WT3 + h.c.) is: -1.632820356204041e-06 2.666102315634291e-12
total cost: -7.784454918384253
singles alt: [(4, 0), (5, 1), (6, 0), (7, 1), (8, 0), (9, 1), (10, 0), (11, 1), (4, 2), (5, 3), (6, 2), (7, 3), (8, 2), (9, 3), (10, 2), (11, 3)]
length: 16 76
Estimated difference between T3^fnT3 - (T2^WT3 + h.c.) is: -1.6328202054877936e-06 2.6661018234492003e-12
total cost: -7.784454918395224
singles alt: [(4, 0), (5, 1), (6, 0), (7, 1), (8, 0), (9, 1), (10, 0), (11, 1), (4, 2), (5, 3), (6, 2), (7, 3), (8, 2), (9, 3), (10, 2), (11, 3)]
length: 16 76
Estimated difference between T3^fnT3 - (T2^WT3 + h.c.) is: -1.6328202053172413e-06 2.6661018228922383e-12
total cost: -7.784454918394847
singles alt: [(4, 0), (5, 1), (6, 0), (7, 1), (8, 0), (9, 1), (10, 0), (11, 1), (4, 2), (5, 3), (6, 2), (7, 3), (8, 2), (9, 3), (10, 2), (11, 3)]
length: 16 76
Estimated difference between T3^fnT3 - (T2^WT3 + h.c.) is: -1.6328200763091914e-06 2.6661014015983538e-12
total cost: -7.784454918384246
singles alt: [(4, 0), (5, 1), (6, 0), (7, 1), (8, 0), (9, 1), (10, 0), (11, 1), (4, 2), (5, 3), (6, 2), (7, 3), (8, 2), (9, 3), (10, 2), (11, 3)]
length: 16 76
Estimated difference between T3^fnT3 - (T2^WT3 + h.c.) is: -1.632820635722341e-06 2.6661032284407102e-12
total cost: -7.784454918384273
singles alt: [(4, 0), (5, 1), (6, 0), (7, 1), (8, 0), (9, 1), (10, 0), (11, 1), (4, 2), (5, 3), (6, 2), (7, 3), (8, 2), (9, 3), (10, 2), (11, 3)]
length: 16 76
Estimated difference between T3^fnT3 - (T2^WT3 + h.c.) is: -1.6328203562264848e-06 2.6661023157075845e-12
total cost: -7.784454918384233
singles alt: [(4, 0), (5, 1), (6, 0), (7, 1), (8, 0), (9, 1), (10, 0), (11, 1), (4, 2), (5, 3), (6, 2), (7, 3), (8, 2), (9, 3), (10, 2), (11, 3)]
length: 16 76
Estimated difference between T3^fnT3 - (T2^WT3 + h.c.) is: -1.632820356225407e-06 2.6661023157040646e-12
total cost: -7.7844549183842435
singles alt: [(4, 0), (5, 1), (6, 0), (7, 1), (8, 0), (9, 1), (10, 0), (11, 1), (4, 2), (5, 3), (6, 2), (7, 3), (8, 2), (9, 3), (10, 2), (11, 3)]
length: 16 76
Estimated difference between T3^fnT3 - (T2^WT3 + h.c.) is: -1.6328203562230505e-06 2.6661023156963695e-12
total cost: -7.784454918384237
singles alt: [(4, 0), (5, 1), (6, 0), (7, 1), (8, 0), (9, 1), (10, 0), (11, 1), (4, 2), (5, 3), (6, 2), (7, 3), (8, 2), (9, 3), (10, 2), (11, 3)]
length: 16 76
Estimated difference between T3^fnT3 - (T2^WT3 + h.c.) is: -1.6328203562272424e-06 2.6661023157100588e-12
total cost: -7.7844549183842435
singles alt: [(4, 0), (5, 1), (6, 0), (7, 1), (8, 0), (9, 1), (10, 0), (11, 1), (4, 2), (5, 3), (6, 2), (7, 3), (8, 2), (9, 3), (10, 2), (11, 3)]
length: 16 76
Estimated difference between T3^fnT3 - (T2^WT3 + h.c.) is: -1.6328203562235695e-06 2.6661023156980643e-12
total cost: -7.784454918358947
singles alt: [(4, 0), (5, 1), (6, 0), (7, 1), (8, 0), (9, 1), (10, 0), (11, 1), (4, 2), (5, 3), (6, 2), (7, 3), (8, 2), (9, 3), (10, 2), (11, 3)]
length: 16 76
Estimated difference between T3^fnT3 - (T2^WT3 + h.c.) is: -1.6328203562235695e-06 2.6661023156980643e-12
total cost: -7.784454918358712
singles alt: [(4, 0), (5, 1), (6, 0), (7, 1), (8, 0), (9, 1), (10, 0), (11, 1), (4, 2), (5, 3), (6, 2), (7, 3), (8, 2), (9, 3), (10, 2), (11, 3)]
length: 16 76
Estimated difference between T3^fnT3 - (T2^WT3 + h.c.) is: -1.6328203562235695e-06 2.6661023156980643e-12
total cost: -7.784454918384237
singles alt: [(4, 0), (5, 1), (6, 0), (7, 1), (8, 0), (9, 1), (10, 0), (11, 1), (4, 2), (5, 3), (6, 2), (7, 3), (8, 2), (9, 3), (10, 2), (11, 3)]
length: 16 76
Estimated difference between T3^fnT3 - (T2^WT3 + h.c.) is: -1.6328203562235695e-06 2.6661023156980643e-12
total cost: -7.784454918384243
singles alt: [(4, 0), (5, 1), (6, 0), (7, 1), (8, 0), (9, 1), (10, 0), (11, 1), (4, 2), (5, 3), (6, 2), (7, 3), (8, 2), (9, 3), (10, 2), (11, 3)]
length: 16 76
Estimated difference between T3^fnT3 - (T2^WT3 + h.c.) is: -1.6328203562235695e-06 2.6661023156980643e-12
total cost: -7.784454918384235
singles alt: [(4, 0), (5, 1), (6, 0), (7, 1), (8, 0), (9, 1), (10, 0), (11, 1), (4, 2), (5, 3), (6, 2), (7, 3), (8, 2), (9, 3), (10, 2), (11, 3)]
length: 16 76
Estimated difference between T3^fnT3 - (T2^WT3 + h.c.) is: -1.6328203562235695e-06 2.6661023156980643e-12
total cost: -7.78445491838425
singles alt: [(4, 0), (5, 1), (6, 0), (7, 1), (8, 0), (9, 1), (10, 0), (11, 1), (4, 2), (5, 3), (6, 2), (7, 3), (8, 2), (9, 3), (10, 2), (11, 3)]
length: 16 76
Estimated difference between T3^fnT3 - (T2^WT3 + h.c.) is: -1.6328203562235695e-06 2.6661023156980643e-12
total cost: -7.784454918399563
singles alt: [(4, 0), (5, 1), (6, 0), (7, 1), (8, 0), (9, 1), (10, 0), (11, 1), (4, 2), (5, 3), (6, 2), (7, 3), (8, 2), (9, 3), (10, 2), (11, 3)]
length: 16 76
Estimated difference between T3^fnT3 - (T2^WT3 + h.c.) is: -1.6328203562235695e-06 2.6661023156980643e-12
total cost: -7.7844549183995
singles alt: [(4, 0), (5, 1), (6, 0), (7, 1), (8, 0), (9, 1), (10, 0), (11, 1), (4, 2), (5, 3), (6, 2), (7, 3), (8, 2), (9, 3), (10, 2), (11, 3)]
length: 16 76
Estimated difference between T3^fnT3 - (T2^WT3 + h.c.) is: -1.6328203562235695e-06 2.6661023156980643e-12
total cost: -7.7844549183846095
singles alt: [(4, 0), (5, 1), (6, 0), (7, 1), (8, 0), (9, 1), (10, 0), (11, 1), (4, 2), (5, 3), (6, 2), (7, 3), (8, 2), (9, 3), (10, 2), (11, 3)]
length: 16 76
Estimated difference between T3^fnT3 - (T2^WT3 + h.c.) is: -1.6328203562235695e-06 2.6661023156980643e-12
total cost: -7.784454918384675
singles alt: [(4, 0), (5, 1), (6, 0), (7, 1), (8, 0), (9, 1), (10, 0), (11, 1), (4, 2), (5, 3), (6, 2), (7, 3), (8, 2), (9, 3), (10, 2), (11, 3)]
length: 16 76
Estimated difference between T3^fnT3 - (T2^WT3 + h.c.) is: -1.6328203562235695e-06 2.6661023156980643e-12
total cost: -7.784454918384246
singles alt: [(4, 0), (5, 1), (6, 0), (7, 1), (8, 0), (9, 1), (10, 0), (11, 1), (4, 2), (5, 3), (6, 2), (7, 3), (8, 2), (9, 3), (10, 2), (11, 3)]
length: 16 76
Estimated difference between T3^fnT3 - (T2^WT3 + h.c.) is: -1.6328203562235695e-06 2.6661023156980643e-12
total cost: -7.7844549183842435
singles alt: [(4, 0), (5, 1), (6, 0), (7, 1), (8, 0), (9, 1), (10, 0), (11, 1), (4, 2), (5, 3), (6, 2), (7, 3), (8, 2), (9, 3), (10, 2), (11, 3)]
length: 16 76
Estimated difference between T3^fnT3 - (T2^WT3 + h.c.) is: -1.6328203562235695e-06 2.6661023156980643e-12
total cost: -7.784454918384244
singles alt: [(4, 0), (5, 1), (6, 0), (7, 1), (8, 0), (9, 1), (10, 0), (11, 1), (4, 2), (5, 3), (6, 2), (7, 3), (8, 2), (9, 3), (10, 2), (11, 3)]
length: 16 76
Estimated difference between T3^fnT3 - (T2^WT3 + h.c.) is: -1.6328203562235695e-06 2.6661023156980643e-12
total cost: -7.784454918384243
singles alt: [(4, 0), (5, 1), (6, 0), (7, 1), (8, 0), (9, 1), (10, 0), (11, 1), (4, 2), (5, 3), (6, 2), (7, 3), (8, 2), (9, 3), (10, 2), (11, 3)]
length: 16 76
Estimated difference between T3^fnT3 - (T2^WT3 + h.c.) is: -1.6328203562235695e-06 2.6661023156980643e-12
total cost: -7.784454918384582
singles alt: [(4, 0), (5, 1), (6, 0), (7, 1), (8, 0), (9, 1), (10, 0), (11, 1), (4, 2), (5, 3), (6, 2), (7, 3), (8, 2), (9, 3), (10, 2), (11, 3)]
length: 16 76
Estimated difference between T3^fnT3 - (T2^WT3 + h.c.) is: -1.6328203562235695e-06 2.6661023156980643e-12
total cost: -7.784454918384606
singles alt: [(4, 0), (5, 1), (6, 0), (7, 1), (8, 0), (9, 1), (10, 0), (11, 1), (4, 2), (5, 3), (6, 2), (7, 3), (8, 2), (9, 3), (10, 2), (11, 3)]
callback: energy=-7.784453285564
singles alt: [(4, 0), (5, 1), (6, 0), (7, 1), (8, 0), (9, 1), (10, 0), (11, 1), (4, 2), (5, 3), (6, 2), (7, 3), (8, 2), (9, 3), (10, 2), (11, 3)]
length: 16 76
Estimated difference between T3^fnT3 - (T2^WT3 + h.c.) is: -1.6320545338001862e-06 2.6636020012977434e-12
total cost: -7.784455612892165
singles alt: [(4, 0), (5, 1), (6, 0), (7, 1), (8, 0), (9, 1), (10, 0), (11, 1), (4, 2), (5, 3), (6, 2), (7, 3), (8, 2), (9, 3), (10, 2), (11, 3)]
length: 16 76
Estimated difference between T3^fnT3 - (T2^WT3 + h.c.) is: -1.6320548632296699e-06 2.6636030765916165e-12
total cost: -7.784455612909272
singles alt: [(4, 0), (5, 1), (6, 0), (7, 1), (8, 0), (9, 1), (10, 0), (11, 1), (4, 2), (5, 3), (6, 2), (7, 3), (8, 2), (9, 3), (10, 2), (11, 3)]
length: 16 76
Estimated difference between T3^fnT3 - (T2^WT3 + h.c.) is: -1.6320546180203365e-06 2.6636022762015067e-12
total cost: -7.784455612882502
singles alt: [(4, 0), (5, 1), (6, 0), (7, 1), (8, 0), (9, 1), (10, 0), (11, 1), (4, 2), (5, 3), (6, 2), (7, 3), (8, 2), (9, 3), (10, 2), (11, 3)]
length: 16 76
Estimated difference between T3^fnT3 - (T2^WT3 + h.c.) is: -1.6320546178753715e-06 2.663602275728325e-12
total cost: -7.784455612882558
singles alt: [(4, 0), (5, 1), (6, 0), (7, 1), (8, 0), (9, 1), (10, 0), (11, 1), (4, 2), (5, 3), (6, 2), (7, 3), (8, 2), (9, 3), (10, 2), (11, 3)]
length: 16 76
Estimated difference between T3^fnT3 - (T2^WT3 + h.c.) is: -1.6320546009249207e-06 2.663602220400202e-12
total cost: -7.784455612878138
singles alt: [(4, 0), (5, 1), (6, 0), (7, 1), (8, 0), (9, 1), (10, 0), (11, 1), (4, 2), (5, 3), (6, 2), (7, 3), (8, 2), (9, 3), (10, 2), (11, 3)]
length: 16 76
Estimated difference between T3^fnT3 - (T2^WT3 + h.c.) is: -1.63205453382324e-06 2.663602001372993e-12
total cost: -7.784455612892077
singles alt: [(4, 0), (5, 1), (6, 0), (7, 1), (8, 0), (9, 1), (10, 0), (11, 1), (4, 2), (5, 3), (6, 2), (7, 3), (8, 2), (9, 3), (10, 2), (11, 3)]
length: 16 76
Estimated difference between T3^fnT3 - (T2^WT3 + h.c.) is: -1.6320545337961126e-06 2.6636020012844467e-12
total cost: -7.784455612892167
singles alt: [(4, 0), (5, 1), (6, 0), (7, 1), (8, 0), (9, 1), (10, 0), (11, 1), (4, 2), (5, 3), (6, 2), (7, 3), (8, 2), (9, 3), (10, 2), (11, 3)]
length: 16 76
Estimated difference between T3^fnT3 - (T2^WT3 + h.c.) is: -1.632054533799776e-06 2.6636020012964045e-12
total cost: -7.784455612892168
singles alt: [(4, 0), (5, 1), (6, 0), (7, 1), (8, 0), (9, 1), (10, 0), (11, 1), (4, 2), (5, 3), (6, 2), (7, 3), (8, 2), (9, 3), (10, 2), (11, 3)]
length: 16 76
Estimated difference between T3^fnT3 - (T2^WT3 + h.c.) is: -1.6320545338022716e-06 2.6636020013045503e-12
total cost: -7.784455612892167
singles alt: [(4, 0), (5, 1), (6, 0), (7, 1), (8, 0), (9, 1), (10, 0), (11, 1), (4, 2), (5, 3), (6, 2), (7, 3), (8, 2), (9, 3), (10, 2), (11, 3)]
length: 16 76
Estimated difference between T3^fnT3 - (T2^WT3 + h.c.) is: -1.6320545337506759e-06 2.6636020011361362e-12
total cost: -7.784455612892352
singles alt: [(4, 0), (5, 1), (6, 0), (7, 1), (8, 0), (9, 1), (10, 0), (11, 1), (4, 2), (5, 3), (6, 2), (7, 3), (8, 2), (9, 3), (10, 2), (11, 3)]
length: 16 76
Estimated difference between T3^fnT3 - (T2^WT3 + h.c.) is: -1.6320545338123035e-06 2.6636020013372954e-12
total cost: -7.784455612892156
singles alt: [(4, 0), (5, 1), (6, 0), (7, 1), (8, 0), (9, 1), (10, 0), (11, 1), (4, 2), (5, 3), (6, 2), (7, 3), (8, 2), (9, 3), (10, 2), (11, 3)]
length: 16 76
Estimated difference between T3^fnT3 - (T2^WT3 + h.c.) is: -1.6320545338044985e-06 2.663602001311819e-12
total cost: -7.784455612892156
singles alt: [(4, 0), (5, 1), (6, 0), (7, 1), (8, 0), (9, 1), (10, 0), (11, 1), (4, 2), (5, 3), (6, 2), (7, 3), (8, 2), (9, 3), (10, 2), (11, 3)]
length: 16 76
Estimated difference between T3^fnT3 - (T2^WT3 + h.c.) is: -1.6320545337953594e-06 2.663602001281988e-12
total cost: -7.784455612892165
singles alt: [(4, 0), (5, 1), (6, 0), (7, 1), (8, 0), (9, 1), (10, 0), (11, 1), (4, 2), (5, 3), (6, 2), (7, 3), (8, 2), (9, 3), (10, 2), (11, 3)]
length: 16 76
Estimated difference between T3^fnT3 - (T2^WT3 + h.c.) is: -1.6320545958403492e-06 2.6636022038036056e-12
total cost: -7.784455612895332
singles alt: [(4, 0), (5, 1), (6, 0), (7, 1), (8, 0), (9, 1), (10, 0), (11, 1), (4, 2), (5, 3), (6, 2), (7, 3), (8, 2), (9, 3), (10, 2), (11, 3)]
length: 16 76
Estimated difference between T3^fnT3 - (T2^WT3 + h.c.) is: -1.6320543489704776e-06 2.6636013979934497e-12
total cost: -7.7844556128906826
singles alt: [(4, 0), (5, 1), (6, 0), (7, 1), (8, 0), (9, 1), (10, 0), (11, 1), (4, 2), (5, 3), (6, 2), (7, 3), (8, 2), (9, 3), (10, 2), (11, 3)]
length: 16 76
Estimated difference between T3^fnT3 - (T2^WT3 + h.c.) is: -1.6320544979146639e-06 2.6636018841634858e-12
total cost: -7.784455612893169
singles alt: [(4, 0), (5, 1), (6, 0), (7, 1), (8, 0), (9, 1), (10, 0), (11, 1), (4, 2), (5, 3), (6, 2), (7, 3), (8, 2), (9, 3), (10, 2), (11, 3)]
length: 16 76
Estimated difference between T3^fnT3 - (T2^WT3 + h.c.) is: -1.6320543877604287e-06 2.663601524608068e-12
total cost: -7.784455612885549
singles alt: [(4, 0), (5, 1), (6, 0), (7, 1), (8, 0), (9, 1), (10, 0), (11, 1), (4, 2), (5, 3), (6, 2), (7, 3), (8, 2), (9, 3), (10, 2), (11, 3)]
length: 16 76
Estimated difference between T3^fnT3 - (T2^WT3 + h.c.) is: -1.6320545338422507e-06 2.6636020014350465e-12
total cost: -7.784455612892021
singles alt: [(4, 0), (5, 1), (6, 0), (7, 1), (8, 0), (9, 1), (10, 0), (11, 1), (4, 2), (5, 3), (6, 2), (7, 3), (8, 2), (9, 3), (10, 2), (11, 3)]
length: 16 76
Estimated difference between T3^fnT3 - (T2^WT3 + h.c.) is: -1.6320545337825781e-06 2.6636020012402685e-12
total cost: -7.78445561289218
singles alt: [(4, 0), (5, 1), (6, 0), (7, 1), (8, 0), (9, 1), (10, 0), (11, 1), (4, 2), (5, 3), (6, 2), (7, 3), (8, 2), (9, 3), (10, 2), (11, 3)]
length: 16 76
Estimated difference between T3^fnT3 - (T2^WT3 + h.c.) is: -1.6320545337955123e-06 2.663602001282487e-12
total cost: -7.784455612892171
singles alt: [(4, 0), (5, 1), (6, 0), (7, 1), (8, 0), (9, 1), (10, 0), (11, 1), (4, 2), (5, 3), (6, 2), (7, 3), (8, 2), (9, 3), (10, 2), (11, 3)]
length: 16 76
Estimated difference between T3^fnT3 - (T2^WT3 + h.c.) is: -1.6320545338049868e-06 2.663602001313413e-12
total cost: -7.784455612892162
singles alt: [(4, 0), (5, 1), (6, 0), (7, 1), (8, 0), (9, 1), (10, 0), (11, 1), (4, 2), (5, 3), (6, 2), (7, 3), (8, 2), (9, 3), (10, 2), (11, 3)]
length: 16 76
Estimated difference between T3^fnT3 - (T2^WT3 + h.c.) is: -1.6320547361165104e-06 2.6636026616803323e-12
total cost: -7.78445561287937
singles alt: [(4, 0), (5, 1), (6, 0), (7, 1), (8, 0), (9, 1), (10, 0), (11, 1), (4, 2), (5, 3), (6, 2), (7, 3), (8, 2), (9, 3), (10, 2), (11, 3)]
length: 16 76
Estimated difference between T3^fnT3 - (T2^WT3 + h.c.) is: -1.632054875535381e-06 2.6636031167588083e-12
total cost: -7.7844556128945745
singles alt: [(4, 0), (5, 1), (6, 0), (7, 1), (8, 0), (9, 1), (10, 0), (11, 1), (4, 2), (5, 3), (6, 2), (7, 3), (8, 2), (9, 3), (10, 2), (11, 3)]
length: 16 76
Estimated difference between T3^fnT3 - (T2^WT3 + h.c.) is: -1.632054771502754e-06 2.6636027771849068e-12
total cost: -7.78445561289435
singles alt: [(4, 0), (5, 1), (6, 0), (7, 1), (8, 0), (9, 1), (10, 0), (11, 1), (4, 2), (5, 3), (6, 2), (7, 3), (8, 2), (9, 3), (10, 2), (11, 3)]
length: 16 76
Estimated difference between T3^fnT3 - (T2^WT3 + h.c.) is: -1.6320547157991055e-06 2.663602595362099e-12
total cost: -7.784455612885948
singles alt: [(4, 0), (5, 1), (6, 0), (7, 1), (8, 0), (9, 1), (10, 0), (11, 1), (4, 2), (5, 3), (6, 2), (7, 3), (8, 2), (9, 3), (10, 2), (11, 3)]
length: 16 76
Estimated difference between T3^fnT3 - (T2^WT3 + h.c.) is: -1.632054555603373e-06 2.663602072465723e-12
total cost: -7.784455612891899
singles alt: [(4, 0), (5, 1), (6, 0), (7, 1), (8, 0), (9, 1), (10, 0), (11, 1), (4, 2), (5, 3), (6, 2), (7, 3), (8, 2), (9, 3), (10, 2), (11, 3)]
length: 16 76
Estimated difference between T3^fnT3 - (T2^WT3 + h.c.) is: -1.6320546604137278e-06 2.6636024145781684e-12
total cost: -7.784455612892163
singles alt: [(4, 0), (5, 1), (6, 0), (7, 1), (8, 0), (9, 1), (10, 0), (11, 1), (4, 2), (5, 3), (6, 2), (7, 3), (8, 2), (9, 3), (10, 2), (11, 3)]
length: 16 76
Estimated difference between T3^fnT3 - (T2^WT3 + h.c.) is: -1.6320546603556038e-06 2.663602414388445e-12
total cost: -7.784455612892162
singles alt: [(4, 0), (5, 1), (6, 0), (7, 1), (8, 0), (9, 1), (10, 0), (11, 1), (4, 2), (5, 3), (6, 2), (7, 3), (8, 2), (9, 3), (10, 2), (11, 3)]
length: 16 76
Estimated difference between T3^fnT3 - (T2^WT3 + h.c.) is: -1.6320545530295994e-06 2.6636020640646453e-12
total cost: -7.784455612892166
singles alt: [(4, 0), (5, 1), (6, 0), (7, 1), (8, 0), (9, 1), (10, 0), (11, 1), (4, 2), (5, 3), (6, 2), (7, 3), (8, 2), (9, 3), (10, 2), (11, 3)]
length: 16 76
Estimated difference between T3^fnT3 - (T2^WT3 + h.c.) is: -1.6320545338121544e-06 2.6636020013368087e-12
total cost: -7.784455612891881
singles alt: [(4, 0), (5, 1), (6, 0), (7, 1), (8, 0), (9, 1), (10, 0), (11, 1), (4, 2), (5, 3), (6, 2), (7, 3), (8, 2), (9, 3), (10, 2), (11, 3)]
length: 16 76
Estimated difference between T3^fnT3 - (T2^WT3 + h.c.) is: -1.6320545338027873e-06 2.6636020013062333e-12
total cost: -7.784455612892187
singles alt: [(4, 0), (5, 1), (6, 0), (7, 1), (8, 0), (9, 1), (10, 0), (11, 1), (4, 2), (5, 3), (6, 2), (7, 3), (8, 2), (9, 3), (10, 2), (11, 3)]
length: 16 76
Estimated difference between T3^fnT3 - (T2^WT3 + h.c.) is: -1.6320545337949698e-06 2.6636020012807163e-12
total cost: -7.78445561289219
singles alt: [(4, 0), (5, 1), (6, 0), (7, 1), (8, 0), (9, 1), (10, 0), (11, 1), (4, 2), (5, 3), (6, 2), (7, 3), (8, 2), (9, 3), (10, 2), (11, 3)]
length: 16 76
Estimated difference between T3^fnT3 - (T2^WT3 + h.c.) is: -1.6320545337996217e-06 2.6636020012959004e-12
total cost: -7.784455612892167
singles alt: [(4, 0), (5, 1), (6, 0), (7, 1), (8, 0), (9, 1), (10, 0), (11, 1), (4, 2), (5, 3), (6, 2), (7, 3), (8, 2), (9, 3), (10, 2), (11, 3)]
length: 16 76
Estimated difference between T3^fnT3 - (T2^WT3 + h.c.) is: -1.6320545337738918e-06 2.6636020012119153e-12
total cost: -7.784455612892295
singles alt: [(4, 0), (5, 1), (6, 0), (7, 1), (8, 0), (9, 1), (10, 0), (11, 1), (4, 2), (5, 3), (6, 2), (7, 3), (8, 2), (9, 3), (10, 2), (11, 3)]
length: 16 76
Estimated difference between T3^fnT3 - (T2^WT3 + h.c.) is: -1.6320545338046546e-06 2.663602001312328e-12
total cost: -7.784455612892157
singles alt: [(4, 0), (5, 1), (6, 0), (7, 1), (8, 0), (9, 1), (10, 0), (11, 1), (4, 2), (5, 3), (6, 2), (7, 3), (8, 2), (9, 3), (10, 2), (11, 3)]
length: 16 76
Estimated difference between T3^fnT3 - (T2^WT3 + h.c.) is: -1.6320545338071685e-06 2.663602001320534e-12
total cost: -7.784455612892158
singles alt: [(4, 0), (5, 1), (6, 0), (7, 1), (8, 0), (9, 1), (10, 0), (11, 1), (4, 2), (5, 3), (6, 2), (7, 3), (8, 2), (9, 3), (10, 2), (11, 3)]
length: 16 76
Estimated difference between T3^fnT3 - (T2^WT3 + h.c.) is: -1.6320545337973843e-06 2.663602001288597e-12
total cost: -7.784455612892165
singles alt: [(4, 0), (5, 1), (6, 0), (7, 1), (8, 0), (9, 1), (10, 0), (11, 1), (4, 2), (5, 3), (6, 2), (7, 3), (8, 2), (9, 3), (10, 2), (11, 3)]
length: 16 76
Estimated difference between T3^fnT3 - (T2^WT3 + h.c.) is: -1.632054555604984e-06 2.6636020724709818e-12
total cost: -7.7844556128918905
singles alt: [(4, 0), (5, 1), (6, 0), (7, 1), (8, 0), (9, 1), (10, 0), (11, 1), (4, 2), (5, 3), (6, 2), (7, 3), (8, 2), (9, 3), (10, 2), (11, 3)]
length: 16 76
Estimated difference between T3^fnT3 - (T2^WT3 + h.c.) is: -1.6320546604044179e-06 2.6636024145477796e-12
total cost: -7.784455612892165
singles alt: [(4, 0), (5, 1), (6, 0), (7, 1), (8, 0), (9, 1), (10, 0), (11, 1), (4, 2), (5, 3), (6, 2), (7, 3), (8, 2), (9, 3), (10, 2), (11, 3)]
length: 16 76
Estimated difference between T3^fnT3 - (T2^WT3 + h.c.) is: -1.6320546603478428e-06 2.6636024143631127e-12
total cost: -7.784455612892161
singles alt: [(4, 0), (5, 1), (6, 0), (7, 1), (8, 0), (9, 1), (10, 0), (11, 1), (4, 2), (5, 3), (6, 2), (7, 3), (8, 2), (9, 3), (10, 2), (11, 3)]
length: 16 76
Estimated difference between T3^fnT3 - (T2^WT3 + h.c.) is: -1.6320545530308021e-06 2.663602064068571e-12
total cost: -7.784455612892165
singles alt: [(4, 0), (5, 1), (6, 0), (7, 1), (8, 0), (9, 1), (10, 0), (11, 1), (4, 2), (5, 3), (6, 2), (7, 3), (8, 2), (9, 3), (10, 2), (11, 3)]
length: 16 76
Estimated difference between T3^fnT3 - (T2^WT3 + h.c.) is: -1.63205473607421e-06 2.6636026615422594e-12
total cost: -7.784455612879748
singles alt: [(4, 0), (5, 1), (6, 0), (7, 1), (8, 0), (9, 1), (10, 0), (11, 1), (4, 2), (5, 3), (6, 2), (7, 3), (8, 2), (9, 3), (10, 2), (11, 3)]
length: 16 76
Estimated difference between T3^fnT3 - (T2^WT3 + h.c.) is: -1.6320547712039884e-06 2.663602776209703e-12
total cost: -7.784455612894789
singles alt: [(4, 0), (5, 1), (6, 0), (7, 1), (8, 0), (9, 1), (10, 0), (11, 1), (4, 2), (5, 3), (6, 2), (7, 3), (8, 2), (9, 3), (10, 2), (11, 3)]
length: 16 76
Estimated difference between T3^fnT3 - (T2^WT3 + h.c.) is: -1.6320548752262572e-06 2.663603115749794e-12
total cost: -7.784455612894899
singles alt: [(4, 0), (5, 1), (6, 0), (7, 1), (8, 0), (9, 1), (10, 0), (11, 1), (4, 2), (5, 3), (6, 2), (7, 3), (8, 2), (9, 3), (10, 2), (11, 3)]
length: 16 76
Estimated difference between T3^fnT3 - (T2^WT3 + h.c.) is: -1.6320547158928466e-06 2.66360259566808e-12
total cost: -7.784455612885992
singles alt: [(4, 0), (5, 1), (6, 0), (7, 1), (8, 0), (9, 1), (10, 0), (11, 1), (4, 2), (5, 3), (6, 2), (7, 3), (8, 2), (9, 3), (10, 2), (11, 3)]
length: 16 76
Estimated difference between T3^fnT3 - (T2^WT3 + h.c.) is: -1.632054533808135e-06 2.663602001323689e-12
total cost: -7.784455612891692
singles alt: [(4, 0), (5, 1), (6, 0), (7, 1), (8, 0), (9, 1), (10, 0), (11, 1), (4, 2), (5, 3), (6, 2), (7, 3), (8, 2), (9, 3), (10, 2), (11, 3)]
length: 16 76
Estimated difference between T3^fnT3 - (T2^WT3 + h.c.) is: -1.6320545337966374e-06 2.6636020012861592e-12
total cost: -7.784455612892194
singles alt: [(4, 0), (5, 1), (6, 0), (7, 1), (8, 0), (9, 1), (10, 0), (11, 1), (4, 2), (5, 3), (6, 2), (7, 3), (8, 2), (9, 3), (10, 2), (11, 3)]
length: 16 76
Estimated difference between T3^fnT3 - (T2^WT3 + h.c.) is: -1.632054533798872e-06 2.6636020012934536e-12
total cost: -7.784455612892198
singles alt: [(4, 0), (5, 1), (6, 0), (7, 1), (8, 0), (9, 1), (10, 0), (11, 1), (4, 2), (5, 3), (6, 2), (7, 3), (8, 2), (9, 3), (10, 2), (11, 3)]
length: 16 76
Estimated difference between T3^fnT3 - (T2^WT3 + h.c.) is: -1.6320545338024785e-06 2.6636020013052256e-12
total cost: -7.784455612892167
singles alt: [(4, 0), (5, 1), (6, 0), (7, 1), (8, 0), (9, 1), (10, 0), (11, 1), (4, 2), (5, 3), (6, 2), (7, 3), (8, 2), (9, 3), (10, 2), (11, 3)]
length: 16 76
Estimated difference between T3^fnT3 - (T2^WT3 + h.c.) is: -1.6320545958178532e-06 2.6636022037301764e-12
total cost: -7.78445561289282
singles alt: [(4, 0), (5, 1), (6, 0), (7, 1), (8, 0), (9, 1), (10, 0), (11, 1), (4, 2), (5, 3), (6, 2), (7, 3), (8, 2), (9, 3), (10, 2), (11, 3)]
length: 16 76
Estimated difference between T3^fnT3 - (T2^WT3 + h.c.) is: -1.632054497943242e-06 2.6636018842567674e-12
total cost: -7.78445561289334
singles alt: [(4, 0), (5, 1), (6, 0), (7, 1), (8, 0), (9, 1), (10, 0), (11, 1), (4, 2), (5, 3), (6, 2), (7, 3), (8, 2), (9, 3), (10, 2), (11, 3)]
length: 16 76
Estimated difference between T3^fnT3 - (T2^WT3 + h.c.) is: -1.6320543483165216e-06 2.663601395858866e-12
total cost: -7.78445561289232
singles alt: [(4, 0), (5, 1), (6, 0), (7, 1), (8, 0), (9, 1), (10, 0), (11, 1), (4, 2), (5, 3), (6, 2), (7, 3), (8, 2), (9, 3), (10, 2), (11, 3)]
length: 16 76
Estimated difference between T3^fnT3 - (T2^WT3 + h.c.) is: -1.6320543874304063e-06 2.6636015235308385e-12
total cost: -7.784455612885848
singles alt: [(4, 0), (5, 1), (6, 0), (7, 1), (8, 0), (9, 1), (10, 0), (11, 1), (4, 2), (5, 3), (6, 2), (7, 3), (8, 2), (9, 3), (10, 2), (11, 3)]
length: 16 76
Estimated difference between T3^fnT3 - (T2^WT3 + h.c.) is: -1.632054533801804e-06 2.663602001303024e-12
total cost: -7.784455612892134
singles alt: [(4, 0), (5, 1), (6, 0), (7, 1), (8, 0), (9, 1), (10, 0), (11, 1), (4, 2), (5, 3), (6, 2), (7, 3), (8, 2), (9, 3), (10, 2), (11, 3)]
length: 16 76
Estimated difference between T3^fnT3 - (T2^WT3 + h.c.) is: -1.6320545337983342e-06 2.663602001291698e-12
total cost: -7.78445561289216
singles alt: [(4, 0), (5, 1), (6, 0), (7, 1), (8, 0), (9, 1), (10, 0), (11, 1), (4, 2), (5, 3), (6, 2), (7, 3), (8, 2), (9, 3), (10, 2), (11, 3)]
length: 16 76
Estimated difference between T3^fnT3 - (T2^WT3 + h.c.) is: -1.6320545338011472e-06 2.66360200130088e-12
total cost: -7.7844556128921605
singles alt: [(4, 0), (5, 1), (6, 0), (7, 1), (8, 0), (9, 1), (10, 0), (11, 1), (4, 2), (5, 3), (6, 2), (7, 3), (8, 2), (9, 3), (10, 2), (11, 3)]
length: 16 76
Estimated difference between T3^fnT3 - (T2^WT3 + h.c.) is: -1.6320545337997496e-06 2.663602001296318e-12
total cost: -7.784455612892166
singles alt: [(4, 0), (5, 1), (6, 0), (7, 1), (8, 0), (9, 1), (10, 0), (11, 1), (4, 2), (5, 3), (6, 2), (7, 3), (8, 2), (9, 3), (10, 2), (11, 3)]
length: 16 76
Estimated difference between T3^fnT3 - (T2^WT3 + h.c.) is: -1.632054533792322e-06 2.6636020012720733e-12
total cost: -7.784455612892287
singles alt: [(4, 0), (5, 1), (6, 0), (7, 1), (8, 0), (9, 1), (10, 0), (11, 1), (4, 2), (5, 3), (6, 2), (7, 3), (8, 2), (9, 3), (10, 2), (11, 3)]
length: 16 76
Estimated difference between T3^fnT3 - (T2^WT3 + h.c.) is: -1.6320545338057292e-06 2.663602001315836e-12
total cost: -7.784455612892155
singles alt: [(4, 0), (5, 1), (6, 0), (7, 1), (8, 0), (9, 1), (10, 0), (11, 1), (4, 2), (5, 3), (6, 2), (7, 3), (8, 2), (9, 3), (10, 2), (11, 3)]
length: 16 76
Estimated difference between T3^fnT3 - (T2^WT3 + h.c.) is: -1.6320545338021874e-06 2.6636020013042752e-12
total cost: -7.784455612892163
singles alt: [(4, 0), (5, 1), (6, 0), (7, 1), (8, 0), (9, 1), (10, 0), (11, 1), (4, 2), (5, 3), (6, 2), (7, 3), (8, 2), (9, 3), (10, 2), (11, 3)]
length: 16 76
Estimated difference between T3^fnT3 - (T2^WT3 + h.c.) is: -1.6320545338013073e-06 2.6636020013014023e-12
total cost: -7.784455612892165
singles alt: [(4, 0), (5, 1), (6, 0), (7, 1), (8, 0), (9, 1), (10, 0), (11, 1), (4, 2), (5, 3), (6, 2), (7, 3), (8, 2), (9, 3), (10, 2), (11, 3)]
length: 16 76
Estimated difference between T3^fnT3 - (T2^WT3 + h.c.) is: -1.6320547179735068e-06 2.6636026024595827e-12
total cost: -7.784455612884021
singles alt: [(4, 0), (5, 1), (6, 0), (7, 1), (8, 0), (9, 1), (10, 0), (11, 1), (4, 2), (5, 3), (6, 2), (7, 3), (8, 2), (9, 3), (10, 2), (11, 3)]
length: 16 76
Estimated difference between T3^fnT3 - (T2^WT3 + h.c.) is: -1.632054567668907e-06 2.663602111848943e-12
total cost: -7.784455612883984
singles alt: [(4, 0), (5, 1), (6, 0), (7, 1), (8, 0), (9, 1), (10, 0), (11, 1), (4, 2), (5, 3), (6, 2), (7, 3), (8, 2), (9, 3), (10, 2), (11, 3)]
length: 16 76
Estimated difference between T3^fnT3 - (T2^WT3 + h.c.) is: -1.6320545676845818e-06 2.663602111900107e-12
total cost: -7.78445561288396
singles alt: [(4, 0), (5, 1), (6, 0), (7, 1), (8, 0), (9, 1), (10, 0), (11, 1), (4, 2), (5, 3), (6, 2), (7, 3), (8, 2), (9, 3), (10, 2), (11, 3)]
length: 16 76
Estimated difference between T3^fnT3 - (T2^WT3 + h.c.) is: -1.6320546660791485e-06 2.663602433070721e-12
total cost: -7.784455612893266
singles alt: [(4, 0), (5, 1), (6, 0), (7, 1), (8, 0), (9, 1), (10, 0), (11, 1), (4, 2), (5, 3), (6, 2), (7, 3), (8, 2), (9, 3), (10, 2), (11, 3)]
length: 16 76
Estimated difference between T3^fnT3 - (T2^WT3 + h.c.) is: -1.632054533794971e-06 2.6636020012807204e-12
total cost: -7.7844556128921685
singles alt: [(4, 0), (5, 1), (6, 0), (7, 1), (8, 0), (9, 1), (10, 0), (11, 1), (4, 2), (5, 3), (6, 2), (7, 3), (8, 2), (9, 3), (10, 2), (11, 3)]
length: 16 76
Estimated difference between T3^fnT3 - (T2^WT3 + h.c.) is: -1.6320545337868565e-06 2.6636020012542336e-12
total cost: -7.784455612892172
singles alt: [(4, 0), (5, 1), (6, 0), (7, 1), (8, 0), (9, 1), (10, 0), (11, 1), (4, 2), (5, 3), (6, 2), (7, 3), (8, 2), (9, 3), (10, 2), (11, 3)]
length: 16 76
Estimated difference between T3^fnT3 - (T2^WT3 + h.c.) is: -1.6320545338057447e-06 2.6636020013158865e-12
total cost: -7.784455612892167
singles alt: [(4, 0), (5, 1), (6, 0), (7, 1), (8, 0), (9, 1), (10, 0), (11, 1), (4, 2), (5, 3), (6, 2), (7, 3), (8, 2), (9, 3), (10, 2), (11, 3)]
length: 16 76
Estimated difference between T3^fnT3 - (T2^WT3 + h.c.) is: -1.6320545338126694e-06 2.6636020013384897e-12
total cost: -7.784455612892161
singles alt: [(4, 0), (5, 1), (6, 0), (7, 1), (8, 0), (9, 1), (10, 0), (11, 1), (4, 2), (5, 3), (6, 2), (7, 3), (8, 2), (9, 3), (10, 2), (11, 3)]
length: 16 76
Estimated difference between T3^fnT3 - (T2^WT3 + h.c.) is: -1.6320543888133585e-06 2.663601528044945e-12
total cost: -7.78445561289109
singles alt: [(4, 0), (5, 1), (6, 0), (7, 1), (8, 0), (9, 1), (10, 0), (11, 1), (4, 2), (5, 3), (6, 2), (7, 3), (8, 2), (9, 3), (10, 2), (11, 3)]
length: 16 76
Estimated difference between T3^fnT3 - (T2^WT3 + h.c.) is: -1.6320543893203998e-06 2.663601529699983e-12
total cost: -7.784455612891638
singles alt: [(4, 0), (5, 1), (6, 0), (7, 1), (8, 0), (9, 1), (10, 0), (11, 1), (4, 2), (5, 3), (6, 2), (7, 3), (8, 2), (9, 3), (10, 2), (11, 3)]
length: 16 76
Estimated difference between T3^fnT3 - (T2^WT3 + h.c.) is: -1.6320542539436571e-06 2.6636010878155875e-12
total cost: -7.784455612892172
singles alt: [(4, 0), (5, 1), (6, 0), (7, 1), (8, 0), (9, 1), (10, 0), (11, 1), (4, 2), (5, 3), (6, 2), (7, 3), (8, 2), (9, 3), (10, 2), (11, 3)]
length: 16 76
Estimated difference between T3^fnT3 - (T2^WT3 + h.c.) is: -1.6320548132434346e-06 2.6636029134310622e-12
total cost: -7.784455612892131
singles alt: [(4, 0), (5, 1), (6, 0), (7, 1), (8, 0), (9, 1), (10, 0), (11, 1), (4, 2), (5, 3), (6, 2), (7, 3), (8, 2), (9, 3), (10, 2), (11, 3)]
length: 16 76
Estimated difference between T3^fnT3 - (T2^WT3 + h.c.) is: -1.6320545337985667e-06 2.663602001292457e-12
total cost: -7.784455612892179
singles alt: [(4, 0), (5, 1), (6, 0), (7, 1), (8, 0), (9, 1), (10, 0), (11, 1), (4, 2), (5, 3), (6, 2), (7, 3), (8, 2), (9, 3), (10, 2), (11, 3)]
length: 16 76
Estimated difference between T3^fnT3 - (T2^WT3 + h.c.) is: -1.6320545337975922e-06 2.663602001289276e-12
total cost: -7.784455612892167
singles alt: [(4, 0), (5, 1), (6, 0), (7, 1), (8, 0), (9, 1), (10, 0), (11, 1), (4, 2), (5, 3), (6, 2), (7, 3), (8, 2), (9, 3), (10, 2), (11, 3)]
length: 16 76
Estimated difference between T3^fnT3 - (T2^WT3 + h.c.) is: -1.6320545338031792e-06 2.663602001307513e-12
total cost: -7.784455612892175
singles alt: [(4, 0), (5, 1), (6, 0), (7, 1), (8, 0), (9, 1), (10, 0), (11, 1), (4, 2), (5, 3), (6, 2), (7, 3), (8, 2), (9, 3), (10, 2), (11, 3)]
length: 16 76
Estimated difference between T3^fnT3 - (T2^WT3 + h.c.) is: -1.6320545337972015e-06 2.6636020012880006e-12
total cost: -7.784455612892167
singles alt: [(4, 0), (5, 1), (6, 0), (7, 1), (8, 0), (9, 1), (10, 0), (11, 1), (4, 2), (5, 3), (6, 2), (7, 3), (8, 2), (9, 3), (10, 2), (11, 3)]
length: 16 76
Estimated difference between T3^fnT3 - (T2^WT3 + h.c.) is: -1.6320545338001862e-06 2.6636020012977434e-12
total cost: -7.784455612907662
singles alt: [(4, 0), (5, 1), (6, 0), (7, 1), (8, 0), (9, 1), (10, 0), (11, 1), (4, 2), (5, 3), (6, 2), (7, 3), (8, 2), (9, 3), (10, 2), (11, 3)]
length: 16 76
Estimated difference between T3^fnT3 - (T2^WT3 + h.c.) is: -1.6320545338001862e-06 2.6636020012977434e-12
total cost: -7.78445561290789
singles alt: [(4, 0), (5, 1), (6, 0), (7, 1), (8, 0), (9, 1), (10, 0), (11, 1), (4, 2), (5, 3), (6, 2), (7, 3), (8, 2), (9, 3), (10, 2), (11, 3)]
length: 16 76
Estimated difference between T3^fnT3 - (T2^WT3 + h.c.) is: -1.6320545338001862e-06 2.6636020012977434e-12
total cost: -7.7844556128921765
singles alt: [(4, 0), (5, 1), (6, 0), (7, 1), (8, 0), (9, 1), (10, 0), (11, 1), (4, 2), (5, 3), (6, 2), (7, 3), (8, 2), (9, 3), (10, 2), (11, 3)]
length: 16 76
Estimated difference between T3^fnT3 - (T2^WT3 + h.c.) is: -1.6320545338001862e-06 2.6636020012977434e-12
total cost: -7.784455612892168
singles alt: [(4, 0), (5, 1), (6, 0), (7, 1), (8, 0), (9, 1), (10, 0), (11, 1), (4, 2), (5, 3), (6, 2), (7, 3), (8, 2), (9, 3), (10, 2), (11, 3)]
length: 16 76
Estimated difference between T3^fnT3 - (T2^WT3 + h.c.) is: -1.6320545338001862e-06 2.6636020012977434e-12
total cost: -7.784455612892174
singles alt: [(4, 0), (5, 1), (6, 0), (7, 1), (8, 0), (9, 1), (10, 0), (11, 1), (4, 2), (5, 3), (6, 2), (7, 3), (8, 2), (9, 3), (10, 2), (11, 3)]
length: 16 76
Estimated difference between T3^fnT3 - (T2^WT3 + h.c.) is: -1.6320545338001862e-06 2.6636020012977434e-12
total cost: -7.784455612892153
singles alt: [(4, 0), (5, 1), (6, 0), (7, 1), (8, 0), (9, 1), (10, 0), (11, 1), (4, 2), (5, 3), (6, 2), (7, 3), (8, 2), (9, 3), (10, 2), (11, 3)]
length: 16 76
Estimated difference between T3^fnT3 - (T2^WT3 + h.c.) is: -1.6320545338001862e-06 2.6636020012977434e-12
total cost: -7.784455612882108
singles alt: [(4, 0), (5, 1), (6, 0), (7, 1), (8, 0), (9, 1), (10, 0), (11, 1), (4, 2), (5, 3), (6, 2), (7, 3), (8, 2), (9, 3), (10, 2), (11, 3)]
length: 16 76
Estimated difference between T3^fnT3 - (T2^WT3 + h.c.) is: -1.6320545338001862e-06 2.6636020012977434e-12
total cost: -7.784455612882122
singles alt: [(4, 0), (5, 1), (6, 0), (7, 1), (8, 0), (9, 1), (10, 0), (11, 1), (4, 2), (5, 3), (6, 2), (7, 3), (8, 2), (9, 3), (10, 2), (11, 3)]
length: 16 76
Estimated difference between T3^fnT3 - (T2^WT3 + h.c.) is: -1.6320545338001862e-06 2.6636020012977434e-12
total cost: -7.784455612894309
singles alt: [(4, 0), (5, 1), (6, 0), (7, 1), (8, 0), (9, 1), (10, 0), (11, 1), (4, 2), (5, 3), (6, 2), (7, 3), (8, 2), (9, 3), (10, 2), (11, 3)]
length: 16 76
Estimated difference between T3^fnT3 - (T2^WT3 + h.c.) is: -1.6320545338001862e-06 2.6636020012977434e-12
total cost: -7.784455612894394
singles alt: [(4, 0), (5, 1), (6, 0), (7, 1), (8, 0), (9, 1), (10, 0), (11, 1), (4, 2), (5, 3), (6, 2), (7, 3), (8, 2), (9, 3), (10, 2), (11, 3)]
length: 16 76
Estimated difference between T3^fnT3 - (T2^WT3 + h.c.) is: -1.6320545338001862e-06 2.6636020012977434e-12
total cost: -7.784455612892166
singles alt: [(4, 0), (5, 1), (6, 0), (7, 1), (8, 0), (9, 1), (10, 0), (11, 1), (4, 2), (5, 3), (6, 2), (7, 3), (8, 2), (9, 3), (10, 2), (11, 3)]
length: 16 76
Estimated difference between T3^fnT3 - (T2^WT3 + h.c.) is: -1.6320545338001862e-06 2.6636020012977434e-12
total cost: -7.784455612892167
singles alt: [(4, 0), (5, 1), (6, 0), (7, 1), (8, 0), (9, 1), (10, 0), (11, 1), (4, 2), (5, 3), (6, 2), (7, 3), (8, 2), (9, 3), (10, 2), (11, 3)]
length: 16 76
Estimated difference between T3^fnT3 - (T2^WT3 + h.c.) is: -1.6320545338001862e-06 2.6636020012977434e-12
total cost: -7.784455612892168
singles alt: [(4, 0), (5, 1), (6, 0), (7, 1), (8, 0), (9, 1), (10, 0), (11, 1), (4, 2), (5, 3), (6, 2), (7, 3), (8, 2), (9, 3), (10, 2), (11, 3)]
length: 16 76
Estimated difference between T3^fnT3 - (T2^WT3 + h.c.) is: -1.6320545338001862e-06 2.6636020012977434e-12
total cost: -7.784455612892165
singles alt: [(4, 0), (5, 1), (6, 0), (7, 1), (8, 0), (9, 1), (10, 0), (11, 1), (4, 2), (5, 3), (6, 2), (7, 3), (8, 2), (9, 3), (10, 2), (11, 3)]
length: 16 76
Estimated difference between T3^fnT3 - (T2^WT3 + h.c.) is: -1.6320545338001862e-06 2.6636020012977434e-12
total cost: -7.784455612892472
singles alt: [(4, 0), (5, 1), (6, 0), (7, 1), (8, 0), (9, 1), (10, 0), (11, 1), (4, 2), (5, 3), (6, 2), (7, 3), (8, 2), (9, 3), (10, 2), (11, 3)]
length: 16 76
Estimated difference between T3^fnT3 - (T2^WT3 + h.c.) is: -1.6320545338001862e-06 2.6636020012977434e-12
total cost: -7.784455612892525
singles alt: [(4, 0), (5, 1), (6, 0), (7, 1), (8, 0), (9, 1), (10, 0), (11, 1), (4, 2), (5, 3), (6, 2), (7, 3), (8, 2), (9, 3), (10, 2), (11, 3)]
callback: energy=-7.784453980838
singles alt: [(4, 0), (5, 1), (6, 0), (7, 1), (8, 0), (9, 1), (10, 0), (11, 1), (4, 2), (5, 3), (6, 2), (7, 3), (8, 2), (9, 3), (10, 2), (11, 3)]
length: 16 76
Estimated difference between T3^fnT3 - (T2^WT3 + h.c.) is: -1.6309838984926417e-06 2.660108477142256e-12
total cost: -7.784456544477976
singles alt: [(4, 0), (5, 1), (6, 0), (7, 1), (8, 0), (9, 1), (10, 0), (11, 1), (4, 2), (5, 3), (6, 2), (7, 3), (8, 2), (9, 3), (10, 2), (11, 3)]
length: 16 76
Estimated difference between T3^fnT3 - (T2^WT3 + h.c.) is: -1.630984230727873e-06 2.660109560882992e-12
total cost: -7.784456544484366
singles alt: [(4, 0), (5, 1), (6, 0), (7, 1), (8, 0), (9, 1), (10, 0), (11, 1), (4, 2), (5, 3), (6, 2), (7, 3), (8, 2), (9, 3), (10, 2), (11, 3)]
length: 16 76
Estimated difference between T3^fnT3 - (T2^WT3 + h.c.) is: -1.6309839742814928e-06 2.6601087243630533e-12
total cost: -7.78445654447479
singles alt: [(4, 0), (5, 1), (6, 0), (7, 1), (8, 0), (9, 1), (10, 0), (11, 1), (4, 2), (5, 3), (6, 2), (7, 3), (8, 2), (9, 3), (10, 2), (11, 3)]
length: 16 76
Estimated difference between T3^fnT3 - (T2^WT3 + h.c.) is: -1.6309839743458603e-06 2.660108724573018e-12
total cost: -7.784456544474777
singles alt: [(4, 0), (5, 1), (6, 0), (7, 1), (8, 0), (9, 1), (10, 0), (11, 1), (4, 2), (5, 3), (6, 2), (7, 3), (8, 2), (9, 3), (10, 2), (11, 3)]
length: 16 76
Estimated difference between T3^fnT3 - (T2^WT3 + h.c.) is: -1.630983965458769e-06 2.660108695583611e-12
total cost: -7.784456544473812
singles alt: [(4, 0), (5, 1), (6, 0), (7, 1), (8, 0), (9, 1), (10, 0), (11, 1), (4, 2), (5, 3), (6, 2), (7, 3), (8, 2), (9, 3), (10, 2), (11, 3)]
length: 16 76
Estimated difference between T3^fnT3 - (T2^WT3 + h.c.) is: -1.6309838984569708e-06 2.6601084770258986e-12
total cost: -7.784456544478115
singles alt: [(4, 0), (5, 1), (6, 0), (7, 1), (8, 0), (9, 1), (10, 0), (11, 1), (4, 2), (5, 3), (6, 2), (7, 3), (8, 2), (9, 3), (10, 2), (11, 3)]
length: 16 76
Estimated difference between T3^fnT3 - (T2^WT3 + h.c.) is: -1.6309838985096258e-06 2.6601084771976573e-12
total cost: -7.784456544477968
singles alt: [(4, 0), (5, 1), (6, 0), (7, 1), (8, 0), (9, 1), (10, 0), (11, 1), (4, 2), (5, 3), (6, 2), (7, 3), (8, 2), (9, 3), (10, 2), (11, 3)]
length: 16 76
Estimated difference between T3^fnT3 - (T2^WT3 + h.c.) is: -1.6309838984984098e-06 2.660108477161071e-12
total cost: -7.784456544477969
singles alt: [(4, 0), (5, 1), (6, 0), (7, 1), (8, 0), (9, 1), (10, 0), (11, 1), (4, 2), (5, 3), (6, 2), (7, 3), (8, 2), (9, 3), (10, 2), (11, 3)]
length: 16 76
Estimated difference between T3^fnT3 - (T2^WT3 + h.c.) is: -1.6309838984886903e-06 2.6601084771293665e-12
total cost: -7.784456544477978
singles alt: [(4, 0), (5, 1), (6, 0), (7, 1), (8, 0), (9, 1), (10, 0), (11, 1), (4, 2), (5, 3), (6, 2), (7, 3), (8, 2), (9, 3), (10, 2), (11, 3)]
length: 16 76
Estimated difference between T3^fnT3 - (T2^WT3 + h.c.) is: -1.630983898578637e-06 2.6601084774227696e-12
total cost: -7.78445654447766
singles alt: [(4, 0), (5, 1), (6, 0), (7, 1), (8, 0), (9, 1), (10, 0), (11, 1), (4, 2), (5, 3), (6, 2), (7, 3), (8, 2), (9, 3), (10, 2), (11, 3)]
length: 16 76
Estimated difference between T3^fnT3 - (T2^WT3 + h.c.) is: -1.6309838984889836e-06 2.6601084771303233e-12
total cost: -7.784456544477985
singles alt: [(4, 0), (5, 1), (6, 0), (7, 1), (8, 0), (9, 1), (10, 0), (11, 1), (4, 2), (5, 3), (6, 2), (7, 3), (8, 2), (9, 3), (10, 2), (11, 3)]
length: 16 76
Estimated difference between T3^fnT3 - (T2^WT3 + h.c.) is: -1.6309838984830523e-06 2.6601084771109754e-12
total cost: -7.784456544477989
singles alt: [(4, 0), (5, 1), (6, 0), (7, 1), (8, 0), (9, 1), (10, 0), (11, 1), (4, 2), (5, 3), (6, 2), (7, 3), (8, 2), (9, 3), (10, 2), (11, 3)]
length: 16 76
Estimated difference between T3^fnT3 - (T2^WT3 + h.c.) is: -1.6309838985018759e-06 2.6601084771723774e-12
total cost: -7.784456544477976
singles alt: [(4, 0), (5, 1), (6, 0), (7, 1), (8, 0), (9, 1), (10, 0), (11, 1), (4, 2), (5, 3), (6, 2), (7, 3), (8, 2), (9, 3), (10, 2), (11, 3)]
length: 16 76
Estimated difference between T3^fnT3 - (T2^WT3 + h.c.) is: -1.6309839608212603e-06 2.6601086804562062e-12
total cost: -7.784456544475658
singles alt: [(4, 0), (5, 1), (6, 0), (7, 1), (8, 0), (9, 1), (10, 0), (11, 1), (4, 2), (5, 3), (6, 2), (7, 3), (8, 2), (9, 3), (10, 2), (11, 3)]
length: 16 76
Estimated difference between T3^fnT3 - (T2^WT3 + h.c.) is: -1.6309837140456633e-06 2.6601078754821858e-12
total cost: -7.7844565444766
singles alt: [(4, 0), (5, 1), (6, 0), (7, 1), (8, 0), (9, 1), (10, 0), (11, 1), (4, 2), (5, 3), (6, 2), (7, 3), (8, 2), (9, 3), (10, 2), (11, 3)]
length: 16 76
Estimated difference between T3^fnT3 - (T2^WT3 + h.c.) is: -1.6309838619946745e-06 2.6601083580870637e-12
total cost: -7.78445654447937
singles alt: [(4, 0), (5, 1), (6, 0), (7, 1), (8, 0), (9, 1), (10, 0), (11, 1), (4, 2), (5, 3), (6, 2), (7, 3), (8, 2), (9, 3), (10, 2), (11, 3)]
length: 16 76
Estimated difference between T3^fnT3 - (T2^WT3 + h.c.) is: -1.630983751878718e-06 2.66010799889238e-12
total cost: -7.784456544475934
singles alt: [(4, 0), (5, 1), (6, 0), (7, 1), (8, 0), (9, 1), (10, 0), (11, 1), (4, 2), (5, 3), (6, 2), (7, 3), (8, 2), (9, 3), (10, 2), (11, 3)]
length: 16 76
Estimated difference between T3^fnT3 - (T2^WT3 + h.c.) is: -1.6309838984224661e-06 2.660108476913345e-12
total cost: -7.784456544478213
singles alt: [(4, 0), (5, 1), (6, 0), (7, 1), (8, 0), (9, 1), (10, 0), (11, 1), (4, 2), (5, 3), (6, 2), (7, 3), (8, 2), (9, 3), (10, 2), (11, 3)]
length: 16 76
Estimated difference between T3^fnT3 - (T2^WT3 + h.c.) is: -1.6309838985072029e-06 2.660108477189754e-12
total cost: -7.784456544477966
singles alt: [(4, 0), (5, 1), (6, 0), (7, 1), (8, 0), (9, 1), (10, 0), (11, 1), (4, 2), (5, 3), (6, 2), (7, 3), (8, 2), (9, 3), (10, 2), (11, 3)]
length: 16 76
Estimated difference between T3^fnT3 - (T2^WT3 + h.c.) is: -1.6309838985038224e-06 2.6601084771787267e-12
total cost: -7.784456544477966
singles alt: [(4, 0), (5, 1), (6, 0), (7, 1), (8, 0), (9, 1), (10, 0), (11, 1), (4, 2), (5, 3), (6, 2), (7, 3), (8, 2), (9, 3), (10, 2), (11, 3)]
length: 16 76
Estimated difference between T3^fnT3 - (T2^WT3 + h.c.) is: -1.6309838984847285e-06 2.6601084771164434e-12
total cost: -7.784456544477976
singles alt: [(4, 0), (5, 1), (6, 0), (7, 1), (8, 0), (9, 1), (10, 0), (11, 1), (4, 2), (5, 3), (6, 2), (7, 3), (8, 2), (9, 3), (10, 2), (11, 3)]
length: 16 76
Estimated difference between T3^fnT3 - (T2^WT3 + h.c.) is: -1.630984098448668e-06 2.660109129392414e-12
total cost: -7.784456544473904
singles alt: [(4, 0), (5, 1), (6, 0), (7, 1), (8, 0), (9, 1), (10, 0), (11, 1), (4, 2), (5, 3), (6, 2), (7, 3), (8, 2), (9, 3), (10, 2), (11, 3)]
length: 16 76
Estimated difference between T3^fnT3 - (T2^WT3 + h.c.) is: -1.6309842455998967e-06 2.6601096093950643e-12
total cost: -7.78445654447723
singles alt: [(4, 0), (5, 1), (6, 0), (7, 1), (8, 0), (9, 1), (10, 0), (11, 1), (4, 2), (5, 3), (6, 2), (7, 3), (8, 2), (9, 3), (10, 2), (11, 3)]
length: 16 76
Estimated difference between T3^fnT3 - (T2^WT3 + h.c.) is: -1.6309841397624003e-06 2.6601092641564967e-12
total cost: -7.784456544477175
singles alt: [(4, 0), (5, 1), (6, 0), (7, 1), (8, 0), (9, 1), (10, 0), (11, 1), (4, 2), (5, 3), (6, 2), (7, 3), (8, 2), (9, 3), (10, 2), (11, 3)]
length: 16 76
Estimated difference between T3^fnT3 - (T2^WT3 + h.c.) is: -1.630984079347935e-06 2.660109067086431e-12
total cost: -7.784456544476191
singles alt: [(4, 0), (5, 1), (6, 0), (7, 1), (8, 0), (9, 1), (10, 0), (11, 1), (4, 2), (5, 3), (6, 2), (7, 3), (8, 2), (9, 3), (10, 2), (11, 3)]
length: 16 76
Estimated difference between T3^fnT3 - (T2^WT3 + h.c.) is: -1.6309839205177957e-06 2.6601085489875992e-12
total cost: -7.784456544478396
singles alt: [(4, 0), (5, 1), (6, 0), (7, 1), (8, 0), (9, 1), (10, 0), (11, 1), (4, 2), (5, 3), (6, 2), (7, 3), (8, 2), (9, 3), (10, 2), (11, 3)]
length: 16 76
Estimated difference between T3^fnT3 - (T2^WT3 + h.c.) is: -1.6309840243025057e-06 2.660108887529997e-12
total cost: -7.784456544477951
singles alt: [(4, 0), (5, 1), (6, 0), (7, 1), (8, 0), (9, 1), (10, 0), (11, 1), (4, 2), (5, 3), (6, 2), (7, 3), (8, 2), (9, 3), (10, 2), (11, 3)]
length: 16 76
Estimated difference between T3^fnT3 - (T2^WT3 + h.c.) is: -1.630984024221158e-06 2.6601088872646427e-12
total cost: -7.784456544477947
singles alt: [(4, 0), (5, 1), (6, 0), (7, 1), (8, 0), (9, 1), (10, 0), (11, 1), (4, 2), (5, 3), (6, 2), (7, 3), (8, 2), (9, 3), (10, 2), (11, 3)]
length: 16 76
Estimated difference between T3^fnT3 - (T2^WT3 + h.c.) is: -1.6309839180198608e-06 2.6601085408394162e-12
total cost: -7.7844565444779805
singles alt: [(4, 0), (5, 1), (6, 0), (7, 1), (8, 0), (9, 1), (10, 0), (11, 1), (4, 2), (5, 3), (6, 2), (7, 3), (8, 2), (9, 3), (10, 2), (11, 3)]
length: 16 76
Estimated difference between T3^fnT3 - (T2^WT3 + h.c.) is: -1.630983898470006e-06 2.660108477068419e-12
total cost: -7.784456544478508
singles alt: [(4, 0), (5, 1), (6, 0), (7, 1), (8, 0), (9, 1), (10, 0), (11, 1), (4, 2), (5, 3), (6, 2), (7, 3), (8, 2), (9, 3), (10, 2), (11, 3)]
length: 16 76
Estimated difference between T3^fnT3 - (T2^WT3 + h.c.) is: -1.6309838984843287e-06 2.660108477115139e-12
total cost: -7.784456544477941
singles alt: [(4, 0), (5, 1), (6, 0), (7, 1), (8, 0), (9, 1), (10, 0), (11, 1), (4, 2), (5, 3), (6, 2), (7, 3), (8, 2), (9, 3), (10, 2), (11, 3)]
length: 16 76
Estimated difference between T3^fnT3 - (T2^WT3 + h.c.) is: -1.6309838985004806e-06 2.660108477167826e-12
total cost: -7.784456544477944
singles alt: [(4, 0), (5, 1), (6, 0), (7, 1), (8, 0), (9, 1), (10, 0), (11, 1), (4, 2), (5, 3), (6, 2), (7, 3), (8, 2), (9, 3), (10, 2), (11, 3)]
length: 16 76
Estimated difference between T3^fnT3 - (T2^WT3 + h.c.) is: -1.6309838984929448e-06 2.6601084771432443e-12
total cost: -7.78445654447798
singles alt: [(4, 0), (5, 1), (6, 0), (7, 1), (8, 0), (9, 1), (10, 0), (11, 1), (4, 2), (5, 3), (6, 2), (7, 3), (8, 2), (9, 3), (10, 2), (11, 3)]
length: 16 76
Estimated difference between T3^fnT3 - (T2^WT3 + h.c.) is: -1.6309838985405345e-06 2.6601084772984805e-12
total cost: -7.784456544477745
singles alt: [(4, 0), (5, 1), (6, 0), (7, 1), (8, 0), (9, 1), (10, 0), (11, 1), (4, 2), (5, 3), (6, 2), (7, 3), (8, 2), (9, 3), (10, 2), (11, 3)]
length: 16 76
Estimated difference between T3^fnT3 - (T2^WT3 + h.c.) is: -1.6309838984837737e-06 2.6601084771133285e-12
total cost: -7.7844565444779885
singles alt: [(4, 0), (5, 1), (6, 0), (7, 1), (8, 0), (9, 1), (10, 0), (11, 1), (4, 2), (5, 3), (6, 2), (7, 3), (8, 2), (9, 3), (10, 2), (11, 3)]
length: 16 76
Estimated difference between T3^fnT3 - (T2^WT3 + h.c.) is: -1.6309838984810315e-06 2.6601084771043834e-12
total cost: -7.784456544477988
singles alt: [(4, 0), (5, 1), (6, 0), (7, 1), (8, 0), (9, 1), (10, 0), (11, 1), (4, 2), (5, 3), (6, 2), (7, 3), (8, 2), (9, 3), (10, 2), (11, 3)]
length: 16 76
Estimated difference between T3^fnT3 - (T2^WT3 + h.c.) is: -1.6309838984975941e-06 2.6601084771584103e-12
total cost: -7.784456544477973
singles alt: [(4, 0), (5, 1), (6, 0), (7, 1), (8, 0), (9, 1), (10, 0), (11, 1), (4, 2), (5, 3), (6, 2), (7, 3), (8, 2), (9, 3), (10, 2), (11, 3)]
length: 16 76
Estimated difference between T3^fnT3 - (T2^WT3 + h.c.) is: -1.63098392051133e-06 2.660108548966508e-12
total cost: -7.784456544478434
singles alt: [(4, 0), (5, 1), (6, 0), (7, 1), (8, 0), (9, 1), (10, 0), (11, 1), (4, 2), (5, 3), (6, 2), (7, 3), (8, 2), (9, 3), (10, 2), (11, 3)]
length: 16 76
Estimated difference between T3^fnT3 - (T2^WT3 + h.c.) is: -1.6309840242983805e-06 2.6601088875165402e-12
total cost: -7.784456544477949
singles alt: [(4, 0), (5, 1), (6, 0), (7, 1), (8, 0), (9, 1), (10, 0), (11, 1), (4, 2), (5, 3), (6, 2), (7, 3), (8, 2), (9, 3), (10, 2), (11, 3)]
length: 16 76
Estimated difference between T3^fnT3 - (T2^WT3 + h.c.) is: -1.6309840242109794e-06 2.6601088872314408e-12
total cost: -7.78445654447795
singles alt: [(4, 0), (5, 1), (6, 0), (7, 1), (8, 0), (9, 1), (10, 0), (11, 1), (4, 2), (5, 3), (6, 2), (7, 3), (8, 2), (9, 3), (10, 2), (11, 3)]
length: 16 76
Estimated difference between T3^fnT3 - (T2^WT3 + h.c.) is: -1.6309839180197952e-06 2.660108540839202e-12
total cost: -7.784456544477979
singles alt: [(4, 0), (5, 1), (6, 0), (7, 1), (8, 0), (9, 1), (10, 0), (11, 1), (4, 2), (5, 3), (6, 2), (7, 3), (8, 2), (9, 3), (10, 2), (11, 3)]
length: 16 76
Estimated difference between T3^fnT3 - (T2^WT3 + h.c.) is: -1.6309840985863116e-06 2.6601091298414033e-12
total cost: -7.784456544473418
singles alt: [(4, 0), (5, 1), (6, 0), (7, 1), (8, 0), (9, 1), (10, 0), (11, 1), (4, 2), (5, 3), (6, 2), (7, 3), (8, 2), (9, 3), (10, 2), (11, 3)]
length: 16 76
Estimated difference between T3^fnT3 - (T2^WT3 + h.c.) is: -1.6309841398313263e-06 2.6601092643813315e-12
total cost: -7.7844565444772975
singles alt: [(4, 0), (5, 1), (6, 0), (7, 1), (8, 0), (9, 1), (10, 0), (11, 1), (4, 2), (5, 3), (6, 2), (7, 3), (8, 2), (9, 3), (10, 2), (11, 3)]
length: 16 76
Estimated difference between T3^fnT3 - (T2^WT3 + h.c.) is: -1.63098424565939e-06 2.6601096095891295e-12
total cost: -7.784456544477349
singles alt: [(4, 0), (5, 1), (6, 0), (7, 1), (8, 0), (9, 1), (10, 0), (11, 1), (4, 2), (5, 3), (6, 2), (7, 3), (8, 2), (9, 3), (10, 2), (11, 3)]
length: 16 76
Estimated difference between T3^fnT3 - (T2^WT3 + h.c.) is: -1.630984079470058e-06 2.6601090674847926e-12
total cost: -7.78445654447619
singles alt: [(4, 0), (5, 1), (6, 0), (7, 1), (8, 0), (9, 1), (10, 0), (11, 1), (4, 2), (5, 3), (6, 2), (7, 3), (8, 2), (9, 3), (10, 2), (11, 3)]
length: 16 76
Estimated difference between T3^fnT3 - (T2^WT3 + h.c.) is: -1.6309838984771938e-06 2.660108477091865e-12
total cost: -7.784456544478873
singles alt: [(4, 0), (5, 1), (6, 0), (7, 1), (8, 0), (9, 1), (10, 0), (11, 1), (4, 2), (5, 3), (6, 2), (7, 3), (8, 2), (9, 3), (10, 2), (11, 3)]
length: 16 76
Estimated difference between T3^fnT3 - (T2^WT3 + h.c.) is: -1.630983898498901e-06 2.660108477162674e-12
total cost: -7.784456544477925
singles alt: [(4, 0), (5, 1), (6, 0), (7, 1), (8, 0), (9, 1), (10, 0), (11, 1), (4, 2), (5, 3), (6, 2), (7, 3), (8, 2), (9, 3), (10, 2), (11, 3)]
length: 16 76
Estimated difference between T3^fnT3 - (T2^WT3 + h.c.) is: -1.6309838984928042e-06 2.6601084771427855e-12
total cost: -7.784456544477925
singles alt: [(4, 0), (5, 1), (6, 0), (7, 1), (8, 0), (9, 1), (10, 0), (11, 1), (4, 2), (5, 3), (6, 2), (7, 3), (8, 2), (9, 3), (10, 2), (11, 3)]
length: 16 76
Estimated difference between T3^fnT3 - (T2^WT3 + h.c.) is: -1.6309838984868546e-06 2.6601084771233783e-12
total cost: -7.7844565444779805
singles alt: [(4, 0), (5, 1), (6, 0), (7, 1), (8, 0), (9, 1), (10, 0), (11, 1), (4, 2), (5, 3), (6, 2), (7, 3), (8, 2), (9, 3), (10, 2), (11, 3)]
length: 16 76
Estimated difference between T3^fnT3 - (T2^WT3 + h.c.) is: -1.6309839606800018e-06 2.660108679995426e-12
total cost: -7.784456544480336
singles alt: [(4, 0), (5, 1), (6, 0), (7, 1), (8, 0), (9, 1), (10, 0), (11, 1), (4, 2), (5, 3), (6, 2), (7, 3), (8, 2), (9, 3), (10, 2), (11, 3)]
length: 16 76
Estimated difference between T3^fnT3 - (T2^WT3 + h.c.) is: -1.630983861938822e-06 2.6601083579048743e-12
total cost: -7.7844565444791725
singles alt: [(4, 0), (5, 1), (6, 0), (7, 1), (8, 0), (9, 1), (10, 0), (11, 1), (4, 2), (5, 3), (6, 2), (7, 3), (8, 2), (9, 3), (10, 2), (11, 3)]
length: 16 76
Estimated difference between T3^fnT3 - (T2^WT3 + h.c.) is: -1.630983713780311e-06 2.660107874616615e-12
total cost: -7.784456544476365
singles alt: [(4, 0), (5, 1), (6, 0), (7, 1), (8, 0), (9, 1), (10, 0), (11, 1), (4, 2), (5, 3), (6, 2), (7, 3), (8, 2), (9, 3), (10, 2), (11, 3)]
length: 16 76
Estimated difference between T3^fnT3 - (T2^WT3 + h.c.) is: -1.630983751550268e-06 2.6601079978209863e-12
total cost: -7.784456544476037
singles alt: [(4, 0), (5, 1), (6, 0), (7, 1), (8, 0), (9, 1), (10, 0), (11, 1), (4, 2), (5, 3), (6, 2), (7, 3), (8, 2), (9, 3), (10, 2), (11, 3)]
length: 16 76
Estimated difference between T3^fnT3 - (T2^WT3 + h.c.) is: -1.6309838984896295e-06 2.66010847713243e-12
total cost: -7.784456544478036
singles alt: [(4, 0), (5, 1), (6, 0), (7, 1), (8, 0), (9, 1), (10, 0), (11, 1), (4, 2), (5, 3), (6, 2), (7, 3), (8, 2), (9, 3), (10, 2), (11, 3)]
length: 16 76
Estimated difference between T3^fnT3 - (T2^WT3 + h.c.) is: -1.6309838985020936e-06 2.6601084771730875e-12
total cost: -7.784456544477973
singles alt: [(4, 0), (5, 1), (6, 0), (7, 1), (8, 0), (9, 1), (10, 0), (11, 1), (4, 2), (5, 3), (6, 2), (7, 3), (8, 2), (9, 3), (10, 2), (11, 3)]
length: 16 76
Estimated difference between T3^fnT3 - (T2^WT3 + h.c.) is: -1.630983898492412e-06 2.6601084771415064e-12
total cost: -7.784456544477973
singles alt: [(4, 0), (5, 1), (6, 0), (7, 1), (8, 0), (9, 1), (10, 0), (11, 1), (4, 2), (5, 3), (6, 2), (7, 3), (8, 2), (9, 3), (10, 2), (11, 3)]
length: 16 76
Estimated difference between T3^fnT3 - (T2^WT3 + h.c.) is: -1.6309838984928207e-06 2.6601084771428396e-12
total cost: -7.784456544477976
singles alt: [(4, 0), (5, 1), (6, 0), (7, 1), (8, 0), (9, 1), (10, 0), (11, 1), (4, 2), (5, 3), (6, 2), (7, 3), (8, 2), (9, 3), (10, 2), (11, 3)]
length: 16 76
Estimated difference between T3^fnT3 - (T2^WT3 + h.c.) is: -1.6309838985070826e-06 2.6601084771893613e-12
total cost: -7.784456544477746
singles alt: [(4, 0), (5, 1), (6, 0), (7, 1), (8, 0), (9, 1), (10, 0), (11, 1), (4, 2), (5, 3), (6, 2), (7, 3), (8, 2), (9, 3), (10, 2), (11, 3)]
length: 16 76
Estimated difference between T3^fnT3 - (T2^WT3 + h.c.) is: -1.6309838984919355e-06 2.660108477139952e-12
total cost: -7.784456544477984
singles alt: [(4, 0), (5, 1), (6, 0), (7, 1), (8, 0), (9, 1), (10, 0), (11, 1), (4, 2), (5, 3), (6, 2), (7, 3), (8, 2), (9, 3), (10, 2), (11, 3)]
length: 16 76
Estimated difference between T3^fnT3 - (T2^WT3 + h.c.) is: -1.6309838984871684e-06 2.660108477124402e-12
total cost: -7.784456544477988
singles alt: [(4, 0), (5, 1), (6, 0), (7, 1), (8, 0), (9, 1), (10, 0), (11, 1), (4, 2), (5, 3), (6, 2), (7, 3), (8, 2), (9, 3), (10, 2), (11, 3)]
length: 16 76
Estimated difference between T3^fnT3 - (T2^WT3 + h.c.) is: -1.630983898491032e-06 2.660108477137005e-12
total cost: -7.784456544477974
singles alt: [(4, 0), (5, 1), (6, 0), (7, 1), (8, 0), (9, 1), (10, 0), (11, 1), (4, 2), (5, 3), (6, 2), (7, 3), (8, 2), (9, 3), (10, 2), (11, 3)]
length: 16 76
Estimated difference between T3^fnT3 - (T2^WT3 + h.c.) is: -1.6309840826143007e-06 2.660109077741212e-12
total cost: -7.784456544476372
singles alt: [(4, 0), (5, 1), (6, 0), (7, 1), (8, 0), (9, 1), (10, 0), (11, 1), (4, 2), (5, 3), (6, 2), (7, 3), (8, 2), (9, 3), (10, 2), (11, 3)]
length: 16 76
Estimated difference between T3^fnT3 - (T2^WT3 + h.c.) is: -1.630983931464104e-06 2.660108584694105e-12
total cost: -7.7844565444748
singles alt: [(4, 0), (5, 1), (6, 0), (7, 1), (8, 0), (9, 1), (10, 0), (11, 1), (4, 2), (5, 3), (6, 2), (7, 3), (8, 2), (9, 3), (10, 2), (11, 3)]
length: 16 76
Estimated difference between T3^fnT3 - (T2^WT3 + h.c.) is: -1.6309839314099438e-06 2.6601085845174364e-12
total cost: -7.7844565444748115
singles alt: [(4, 0), (5, 1), (6, 0), (7, 1), (8, 0), (9, 1), (10, 0), (11, 1), (4, 2), (5, 3), (6, 2), (7, 3), (8, 2), (9, 3), (10, 2), (11, 3)]
length: 16 76
Estimated difference between T3^fnT3 - (T2^WT3 + h.c.) is: -1.6309840306633537e-06 2.6601089082788794e-12
total cost: -7.784456544478168
singles alt: [(4, 0), (5, 1), (6, 0), (7, 1), (8, 0), (9, 1), (10, 0), (11, 1), (4, 2), (5, 3), (6, 2), (7, 3), (8, 2), (9, 3), (10, 2), (11, 3)]
length: 16 76
Estimated difference between T3^fnT3 - (T2^WT3 + h.c.) is: -1.630983898498145e-06 2.660108477160207e-12
total cost: -7.784456544477974
singles alt: [(4, 0), (5, 1), (6, 0), (7, 1), (8, 0), (9, 1), (10, 0), (11, 1), (4, 2), (5, 3), (6, 2), (7, 3), (8, 2), (9, 3), (10, 2), (11, 3)]
length: 16 76
Estimated difference between T3^fnT3 - (T2^WT3 + h.c.) is: -1.6309838985052486e-06 2.6601084771833788e-12
total cost: -7.784456544477974
singles alt: [(4, 0), (5, 1), (6, 0), (7, 1), (8, 0), (9, 1), (10, 0), (11, 1), (4, 2), (5, 3), (6, 2), (7, 3), (8, 2), (9, 3), (10, 2), (11, 3)]
length: 16 76
Estimated difference between T3^fnT3 - (T2^WT3 + h.c.) is: -1.6309838984844981e-06 2.6601084771156917e-12
total cost: -7.784456544477974
singles alt: [(4, 0), (5, 1), (6, 0), (7, 1), (8, 0), (9, 1), (10, 0), (11, 1), (4, 2), (5, 3), (6, 2), (7, 3), (8, 2), (9, 3), (10, 2), (11, 3)]
length: 16 76
Estimated difference between T3^fnT3 - (T2^WT3 + h.c.) is: -1.630983898500663e-06 2.660108477168421e-12
total cost: -7.78445654447797
singles alt: [(4, 0), (5, 1), (6, 0), (7, 1), (8, 0), (9, 1), (10, 0), (11, 1), (4, 2), (5, 3), (6, 2), (7, 3), (8, 2), (9, 3), (10, 2), (11, 3)]
length: 16 76
Estimated difference between T3^fnT3 - (T2^WT3 + h.c.) is: -1.6309837549643441e-06 2.660108008957592e-12
total cost: -7.784456544475729
singles alt: [(4, 0), (5, 1), (6, 0), (7, 1), (8, 0), (9, 1), (10, 0), (11, 1), (4, 2), (5, 3), (6, 2), (7, 3), (8, 2), (9, 3), (10, 2), (11, 3)]
length: 16 76
Estimated difference between T3^fnT3 - (T2^WT3 + h.c.) is: -1.630983755236723e-06 2.660108009846083e-12
total cost: -7.784456544475613
singles alt: [(4, 0), (5, 1), (6, 0), (7, 1), (8, 0), (9, 1), (10, 0), (11, 1), (4, 2), (5, 3), (6, 2), (7, 3), (8, 2), (9, 3), (10, 2), (11, 3)]
length: 16 76
Estimated difference between T3^fnT3 - (T2^WT3 + h.c.) is: -1.6309836187904065e-06 2.66010756476265e-12
total cost: -7.784456544477973
singles alt: [(4, 0), (5, 1), (6, 0), (7, 1), (8, 0), (9, 1), (10, 0), (11, 1), (4, 2), (5, 3), (6, 2), (7, 3), (8, 2), (9, 3), (10, 2), (11, 3)]
length: 16 76
Estimated difference between T3^fnT3 - (T2^WT3 + h.c.) is: -1.6309841779702826e-06 2.6601093887893986e-12
total cost: -7.784456544477969
singles alt: [(4, 0), (5, 1), (6, 0), (7, 1), (8, 0), (9, 1), (10, 0), (11, 1), (4, 2), (5, 3), (6, 2), (7, 3), (8, 2), (9, 3), (10, 2), (11, 3)]
length: 16 76
Estimated difference between T3^fnT3 - (T2^WT3 + h.c.) is: -1.630983898491006e-06 2.6601084771369197e-12
total cost: -7.7844565444779725
singles alt: [(4, 0), (5, 1), (6, 0), (7, 1), (8, 0), (9, 1), (10, 0), (11, 1), (4, 2), (5, 3), (6, 2), (7, 3), (8, 2), (9, 3), (10, 2), (11, 3)]
length: 16 76
Estimated difference between T3^fnT3 - (T2^WT3 + h.c.) is: -1.6309838984982565e-06 2.660108477160571e-12
total cost: -7.7844565444779725
singles alt: [(4, 0), (5, 1), (6, 0), (7, 1), (8, 0), (9, 1), (10, 0), (11, 1), (4, 2), (5, 3), (6, 2), (7, 3), (8, 2), (9, 3), (10, 2), (11, 3)]
length: 16 76
Estimated difference between T3^fnT3 - (T2^WT3 + h.c.) is: -1.6309838984832164e-06 2.6601084771115106e-12
total cost: -7.784456544477975
singles alt: [(4, 0), (5, 1), (6, 0), (7, 1), (8, 0), (9, 1), (10, 0), (11, 1), (4, 2), (5, 3), (6, 2), (7, 3), (8, 2), (9, 3), (10, 2), (11, 3)]
length: 16 76
Estimated difference between T3^fnT3 - (T2^WT3 + h.c.) is: -1.6309838984935125e-06 2.6601084771450962e-12
total cost: -7.784456544477974
singles alt: [(4, 0), (5, 1), (6, 0), (7, 1), (8, 0), (9, 1), (10, 0), (11, 1), (4, 2), (5, 3), (6, 2), (7, 3), (8, 2), (9, 3), (10, 2), (11, 3)]
length: 16 76
Estimated difference between T3^fnT3 - (T2^WT3 + h.c.) is: -1.6309838984926417e-06 2.660108477142256e-12
total cost: -7.784456544488646
singles alt: [(4, 0), (5, 1), (6, 0), (7, 1), (8, 0), (9, 1), (10, 0), (11, 1), (4, 2), (5, 3), (6, 2), (7, 3), (8, 2), (9, 3), (10, 2), (11, 3)]
length: 16 76
Estimated difference between T3^fnT3 - (T2^WT3 + h.c.) is: -1.6309838984926417e-06 2.660108477142256e-12
total cost: -7.784456544488569
singles alt: [(4, 0), (5, 1), (6, 0), (7, 1), (8, 0), (9, 1), (10, 0), (11, 1), (4, 2), (5, 3), (6, 2), (7, 3), (8, 2), (9, 3), (10, 2), (11, 3)]
length: 16 76
Estimated difference between T3^fnT3 - (T2^WT3 + h.c.) is: -1.6309838984926417e-06 2.660108477142256e-12
total cost: -7.784456544477958
singles alt: [(4, 0), (5, 1), (6, 0), (7, 1), (8, 0), (9, 1), (10, 0), (11, 1), (4, 2), (5, 3), (6, 2), (7, 3), (8, 2), (9, 3), (10, 2), (11, 3)]
length: 16 76
Estimated difference between T3^fnT3 - (T2^WT3 + h.c.) is: -1.6309838984926417e-06 2.660108477142256e-12
total cost: -7.784456544477968
singles alt: [(4, 0), (5, 1), (6, 0), (7, 1), (8, 0), (9, 1), (10, 0), (11, 1), (4, 2), (5, 3), (6, 2), (7, 3), (8, 2), (9, 3), (10, 2), (11, 3)]
length: 16 76
Estimated difference between T3^fnT3 - (T2^WT3 + h.c.) is: -1.6309838984926417e-06 2.660108477142256e-12
total cost: -7.784456544477972
singles alt: [(4, 0), (5, 1), (6, 0), (7, 1), (8, 0), (9, 1), (10, 0), (11, 1), (4, 2), (5, 3), (6, 2), (7, 3), (8, 2), (9, 3), (10, 2), (11, 3)]
length: 16 76
Estimated difference between T3^fnT3 - (T2^WT3 + h.c.) is: -1.6309838984926417e-06 2.660108477142256e-12
total cost: -7.78445654447799
singles alt: [(4, 0), (5, 1), (6, 0), (7, 1), (8, 0), (9, 1), (10, 0), (11, 1), (4, 2), (5, 3), (6, 2), (7, 3), (8, 2), (9, 3), (10, 2), (11, 3)]
length: 16 76
Estimated difference between T3^fnT3 - (T2^WT3 + h.c.) is: -1.6309838984926417e-06 2.660108477142256e-12
total cost: -7.784456544475697
singles alt: [(4, 0), (5, 1), (6, 0), (7, 1), (8, 0), (9, 1), (10, 0), (11, 1), (4, 2), (5, 3), (6, 2), (7, 3), (8, 2), (9, 3), (10, 2), (11, 3)]
length: 16 76
Estimated difference between T3^fnT3 - (T2^WT3 + h.c.) is: -1.6309838984926417e-06 2.660108477142256e-12
total cost: -7.784456544475838
singles alt: [(4, 0), (5, 1), (6, 0), (7, 1), (8, 0), (9, 1), (10, 0), (11, 1), (4, 2), (5, 3), (6, 2), (7, 3), (8, 2), (9, 3), (10, 2), (11, 3)]
length: 16 76
Estimated difference between T3^fnT3 - (T2^WT3 + h.c.) is: -1.6309838984926417e-06 2.660108477142256e-12
total cost: -7.784456544478835
singles alt: [(4, 0), (5, 1), (6, 0), (7, 1), (8, 0), (9, 1), (10, 0), (11, 1), (4, 2), (5, 3), (6, 2), (7, 3), (8, 2), (9, 3), (10, 2), (11, 3)]
length: 16 76
Estimated difference between T3^fnT3 - (T2^WT3 + h.c.) is: -1.6309838984926417e-06 2.660108477142256e-12
total cost: -7.784456544478874
singles alt: [(4, 0), (5, 1), (6, 0), (7, 1), (8, 0), (9, 1), (10, 0), (11, 1), (4, 2), (5, 3), (6, 2), (7, 3), (8, 2), (9, 3), (10, 2), (11, 3)]
length: 16 76
Estimated difference between T3^fnT3 - (T2^WT3 + h.c.) is: -1.6309838984926417e-06 2.660108477142256e-12
total cost: -7.784456544477975
singles alt: [(4, 0), (5, 1), (6, 0), (7, 1), (8, 0), (9, 1), (10, 0), (11, 1), (4, 2), (5, 3), (6, 2), (7, 3), (8, 2), (9, 3), (10, 2), (11, 3)]
length: 16 76
Estimated difference between T3^fnT3 - (T2^WT3 + h.c.) is: -1.6309838984926417e-06 2.660108477142256e-12
total cost: -7.784456544477976
singles alt: [(4, 0), (5, 1), (6, 0), (7, 1), (8, 0), (9, 1), (10, 0), (11, 1), (4, 2), (5, 3), (6, 2), (7, 3), (8, 2), (9, 3), (10, 2), (11, 3)]
length: 16 76
Estimated difference between T3^fnT3 - (T2^WT3 + h.c.) is: -1.6309838984926417e-06 2.660108477142256e-12
total cost: -7.784456544477978
singles alt: [(4, 0), (5, 1), (6, 0), (7, 1), (8, 0), (9, 1), (10, 0), (11, 1), (4, 2), (5, 3), (6, 2), (7, 3), (8, 2), (9, 3), (10, 2), (11, 3)]
length: 16 76
Estimated difference between T3^fnT3 - (T2^WT3 + h.c.) is: -1.6309838984926417e-06 2.660108477142256e-12
total cost: -7.784456544477976
singles alt: [(4, 0), (5, 1), (6, 0), (7, 1), (8, 0), (9, 1), (10, 0), (11, 1), (4, 2), (5, 3), (6, 2), (7, 3), (8, 2), (9, 3), (10, 2), (11, 3)]
length: 16 76
Estimated difference between T3^fnT3 - (T2^WT3 + h.c.) is: -1.6309838984926417e-06 2.660108477142256e-12
total cost: -7.784456544478395
singles alt: [(4, 0), (5, 1), (6, 0), (7, 1), (8, 0), (9, 1), (10, 0), (11, 1), (4, 2), (5, 3), (6, 2), (7, 3), (8, 2), (9, 3), (10, 2), (11, 3)]
length: 16 76
Estimated difference between T3^fnT3 - (T2^WT3 + h.c.) is: -1.6309838984926417e-06 2.660108477142256e-12
total cost: -7.784456544478387
singles alt: [(4, 0), (5, 1), (6, 0), (7, 1), (8, 0), (9, 1), (10, 0), (11, 1), (4, 2), (5, 3), (6, 2), (7, 3), (8, 2), (9, 3), (10, 2), (11, 3)]
callback: energy=-7.784454913494
singles alt: [(4, 0), (5, 1), (6, 0), (7, 1), (8, 0), (9, 1), (10, 0), (11, 1), (4, 2), (5, 3), (6, 2), (7, 3), (8, 2), (9, 3), (10, 2), (11, 3)]
length: 16 76
Estimated difference between T3^fnT3 - (T2^WT3 + h.c.) is: -1.627479770226585e-06 2.6486904024967784e-12
total cost: -7.78445526004136
singles alt: [(4, 0), (5, 1), (6, 0), (7, 1), (8, 0), (9, 1), (10, 0), (11, 1), (4, 2), (5, 3), (6, 2), (7, 3), (8, 2), (9, 3), (10, 2), (11, 3)]
length: 16 76
Estimated difference between T3^fnT3 - (T2^WT3 + h.c.) is: -1.6274801078754763e-06 2.648691501530372e-12
total cost: -7.78445526003384
singles alt: [(4, 0), (5, 1), (6, 0), (7, 1), (8, 0), (9, 1), (10, 0), (11, 1), (4, 2), (5, 3), (6, 2), (7, 3), (8, 2), (9, 3), (10, 2), (11, 3)]
length: 16 76
Estimated difference between T3^fnT3 - (T2^WT3 + h.c.) is: -1.6274798545430219e-06 2.6486906769433757e-12
total cost: -7.784455260035269
singles alt: [(4, 0), (5, 1), (6, 0), (7, 1), (8, 0), (9, 1), (10, 0), (11, 1), (4, 2), (5, 3), (6, 2), (7, 3), (8, 2), (9, 3), (10, 2), (11, 3)]
length: 16 76
Estimated difference between T3^fnT3 - (T2^WT3 + h.c.) is: -1.6274798540275248e-06 2.6486906752654536e-12
total cost: -7.784455260035548
singles alt: [(4, 0), (5, 1), (6, 0), (7, 1), (8, 0), (9, 1), (10, 0), (11, 1), (4, 2), (5, 3), (6, 2), (7, 3), (8, 2), (9, 3), (10, 2), (11, 3)]
length: 16 76
Estimated difference between T3^fnT3 - (T2^WT3 + h.c.) is: -1.627479837296906e-06 2.6486906208079634e-12
total cost: -7.784455260045837
singles alt: [(4, 0), (5, 1), (6, 0), (7, 1), (8, 0), (9, 1), (10, 0), (11, 1), (4, 2), (5, 3), (6, 2), (7, 3), (8, 2), (9, 3), (10, 2), (11, 3)]
length: 16 76
Estimated difference between T3^fnT3 - (T2^WT3 + h.c.) is: -1.627479770862932e-06 2.6486904045680616e-12
total cost: -7.784455260038908
singles alt: [(4, 0), (5, 1), (6, 0), (7, 1), (8, 0), (9, 1), (10, 0), (11, 1), (4, 2), (5, 3), (6, 2), (7, 3), (8, 2), (9, 3), (10, 2), (11, 3)]
length: 16 76
Estimated difference between T3^fnT3 - (T2^WT3 + h.c.) is: -1.6274797699852379e-06 2.6486904017112028e-12
total cost: -7.78445526004147
singles alt: [(4, 0), (5, 1), (6, 0), (7, 1), (8, 0), (9, 1), (10, 0), (11, 1), (4, 2), (5, 3), (6, 2), (7, 3), (8, 2), (9, 3), (10, 2), (11, 3)]
length: 16 76
Estimated difference between T3^fnT3 - (T2^WT3 + h.c.) is: -1.6274797701726494e-06 2.6486904023212198e-12
total cost: -7.784455260041472
singles alt: [(4, 0), (5, 1), (6, 0), (7, 1), (8, 0), (9, 1), (10, 0), (11, 1), (4, 2), (5, 3), (6, 2), (7, 3), (8, 2), (9, 3), (10, 2), (11, 3)]
length: 16 76
Estimated difference between T3^fnT3 - (T2^WT3 + h.c.) is: -1.627479770295082e-06 2.6486904027197326e-12
total cost: -7.784455260041344
singles alt: [(4, 0), (5, 1), (6, 0), (7, 1), (8, 0), (9, 1), (10, 0), (11, 1), (4, 2), (5, 3), (6, 2), (7, 3), (8, 2), (9, 3), (10, 2), (11, 3)]
length: 16 76
Estimated difference between T3^fnT3 - (T2^WT3 + h.c.) is: -1.6274797687210626e-06 2.6486903975963633e-12
total cost: -7.78445526004691
singles alt: [(4, 0), (5, 1), (6, 0), (7, 1), (8, 0), (9, 1), (10, 0), (11, 1), (4, 2), (5, 3), (6, 2), (7, 3), (8, 2), (9, 3), (10, 2), (11, 3)]
length: 16 76
Estimated difference between T3^fnT3 - (T2^WT3 + h.c.) is: -1.6274797703542497e-06 2.6486904029123215e-12
total cost: -7.784455260041145
singles alt: [(4, 0), (5, 1), (6, 0), (7, 1), (8, 0), (9, 1), (10, 0), (11, 1), (4, 2), (5, 3), (6, 2), (7, 3), (8, 2), (9, 3), (10, 2), (11, 3)]
length: 16 76
Estimated difference between T3^fnT3 - (T2^WT3 + h.c.) is: -1.6274797703652164e-06 2.6486904029480175e-12
total cost: -7.784455260041113
singles alt: [(4, 0), (5, 1), (6, 0), (7, 1), (8, 0), (9, 1), (10, 0), (11, 1), (4, 2), (5, 3), (6, 2), (7, 3), (8, 2), (9, 3), (10, 2), (11, 3)]
length: 16 76
Estimated difference between T3^fnT3 - (T2^WT3 + h.c.) is: -1.6274797700666248e-06 2.6486904019761142e-12
total cost: -7.7844552600413905
singles alt: [(4, 0), (5, 1), (6, 0), (7, 1), (8, 0), (9, 1), (10, 0), (11, 1), (4, 2), (5, 3), (6, 2), (7, 3), (8, 2), (9, 3), (10, 2), (11, 3)]
length: 16 76
Estimated difference between T3^fnT3 - (T2^WT3 + h.c.) is: -1.6274798322235142e-06 2.648690604294278e-12
total cost: -7.7844552600830035
singles alt: [(4, 0), (5, 1), (6, 0), (7, 1), (8, 0), (9, 1), (10, 0), (11, 1), (4, 2), (5, 3), (6, 2), (7, 3), (8, 2), (9, 3), (10, 2), (11, 3)]
length: 16 76
Estimated difference between T3^fnT3 - (T2^WT3 + h.c.) is: -1.6274795840571046e-06 2.648689796522686e-12
total cost: -7.784455260035867
singles alt: [(4, 0), (5, 1), (6, 0), (7, 1), (8, 0), (9, 1), (10, 0), (11, 1), (4, 2), (5, 3), (6, 2), (7, 3), (8, 2), (9, 3), (10, 2), (11, 3)]
length: 16 76
Estimated difference between T3^fnT3 - (T2^WT3 + h.c.) is: -1.6274797375023898e-06 2.6486902959808476e-12
total cost: -7.784455260033186
singles alt: [(4, 0), (5, 1), (6, 0), (7, 1), (8, 0), (9, 1), (10, 0), (11, 1), (4, 2), (5, 3), (6, 2), (7, 3), (8, 2), (9, 3), (10, 2), (11, 3)]
length: 16 76
Estimated difference between T3^fnT3 - (T2^WT3 + h.c.) is: -1.6274796227687028e-06 2.6486899225273593e-12
total cost: -7.784455260043771
singles alt: [(4, 0), (5, 1), (6, 0), (7, 1), (8, 0), (9, 1), (10, 0), (11, 1), (4, 2), (5, 3), (6, 2), (7, 3), (8, 2), (9, 3), (10, 2), (11, 3)]
length: 16 76
Estimated difference between T3^fnT3 - (T2^WT3 + h.c.) is: -1.62747977146646e-06 2.648690406532521e-12
total cost: -7.784455260037242
singles alt: [(4, 0), (5, 1), (6, 0), (7, 1), (8, 0), (9, 1), (10, 0), (11, 1), (4, 2), (5, 3), (6, 2), (7, 3), (8, 2), (9, 3), (10, 2), (11, 3)]
length: 16 76
Estimated difference between T3^fnT3 - (T2^WT3 + h.c.) is: -1.6274797699713385e-06 2.6486904016659607e-12
total cost: -7.784455260041551
singles alt: [(4, 0), (5, 1), (6, 0), (7, 1), (8, 0), (9, 1), (10, 0), (11, 1), (4, 2), (5, 3), (6, 2), (7, 3), (8, 2), (9, 3), (10, 2), (11, 3)]
length: 16 76
Estimated difference between T3^fnT3 - (T2^WT3 + h.c.) is: -1.6274797700656105e-06 2.6486904019728124e-12
total cost: -7.784455260041525
singles alt: [(4, 0), (5, 1), (6, 0), (7, 1), (8, 0), (9, 1), (10, 0), (11, 1), (4, 2), (5, 3), (6, 2), (7, 3), (8, 2), (9, 3), (10, 2), (11, 3)]
length: 16 76
Estimated difference between T3^fnT3 - (T2^WT3 + h.c.) is: -1.62747977036681e-06 2.6486904029532043e-12
total cost: -7.78445526004134
singles alt: [(4, 0), (5, 1), (6, 0), (7, 1), (8, 0), (9, 1), (10, 0), (11, 1), (4, 2), (5, 3), (6, 2), (7, 3), (8, 2), (9, 3), (10, 2), (11, 3)]
length: 16 76
Estimated difference between T3^fnT3 - (T2^WT3 + h.c.) is: -1.6274799685839486e-06 2.6486910481420105e-12
total cost: -7.784455260041656
singles alt: [(4, 0), (5, 1), (6, 0), (7, 1), (8, 0), (9, 1), (10, 0), (11, 1), (4, 2), (5, 3), (6, 2), (7, 3), (8, 2), (9, 3), (10, 2), (11, 3)]
length: 16 76
Estimated difference between T3^fnT3 - (T2^WT3 + h.c.) is: -1.6274801103228556e-06 2.6486915094964944e-12
total cost: -7.784455260045613
singles alt: [(4, 0), (5, 1), (6, 0), (7, 1), (8, 0), (9, 1), (10, 0), (11, 1), (4, 2), (5, 3), (6, 2), (7, 3), (8, 2), (9, 3), (10, 2), (11, 3)]
length: 16 76
Estimated difference between T3^fnT3 - (T2^WT3 + h.c.) is: -1.6274800065317624e-06 2.6486911716606254e-12
total cost: -7.784455260045367
singles alt: [(4, 0), (5, 1), (6, 0), (7, 1), (8, 0), (9, 1), (10, 0), (11, 1), (4, 2), (5, 3), (6, 2), (7, 3), (8, 2), (9, 3), (10, 2), (11, 3)]
length: 16 76
Estimated difference between T3^fnT3 - (T2^WT3 + h.c.) is: -1.627479950127631e-06 2.648690988067436e-12
total cost: -7.7844552600436225
singles alt: [(4, 0), (5, 1), (6, 0), (7, 1), (8, 0), (9, 1), (10, 0), (11, 1), (4, 2), (5, 3), (6, 2), (7, 3), (8, 2), (9, 3), (10, 2), (11, 3)]
length: 16 76
Estimated difference between T3^fnT3 - (T2^WT3 + h.c.) is: -1.627479793331178e-06 2.648690477701294e-12
total cost: -7.78445526003386
singles alt: [(4, 0), (5, 1), (6, 0), (7, 1), (8, 0), (9, 1), (10, 0), (11, 1), (4, 2), (5, 3), (6, 2), (7, 3), (8, 2), (9, 3), (10, 2), (11, 3)]
length: 16 76
Estimated difference between T3^fnT3 - (T2^WT3 + h.c.) is: -1.627479894919219e-06 2.648690808366272e-12
total cost: -7.784455260041716
singles alt: [(4, 0), (5, 1), (6, 0), (7, 1), (8, 0), (9, 1), (10, 0), (11, 1), (4, 2), (5, 3), (6, 2), (7, 3), (8, 2), (9, 3), (10, 2), (11, 3)]
length: 16 76
Estimated difference between T3^fnT3 - (T2^WT3 + h.c.) is: -1.6274798950195522e-06 2.6486908086928525e-12
total cost: -7.784455260041741
singles alt: [(4, 0), (5, 1), (6, 0), (7, 1), (8, 0), (9, 1), (10, 0), (11, 1), (4, 2), (5, 3), (6, 2), (7, 3), (8, 2), (9, 3), (10, 2), (11, 3)]
length: 16 76
Estimated difference between T3^fnT3 - (T2^WT3 + h.c.) is: -1.6274797895350342e-06 2.6486904653449992e-12
total cost: -7.784455260041314
singles alt: [(4, 0), (5, 1), (6, 0), (7, 1), (8, 0), (9, 1), (10, 0), (11, 1), (4, 2), (5, 3), (6, 2), (7, 3), (8, 2), (9, 3), (10, 2), (11, 3)]
length: 16 76
Estimated difference between T3^fnT3 - (T2^WT3 + h.c.) is: -1.627479770647169e-06 2.6486904038657615e-12
total cost: -7.784455260031302
singles alt: [(4, 0), (5, 1), (6, 0), (7, 1), (8, 0), (9, 1), (10, 0), (11, 1), (4, 2), (5, 3), (6, 2), (7, 3), (8, 2), (9, 3), (10, 2), (11, 3)]
length: 16 76
Estimated difference between T3^fnT3 - (T2^WT3 + h.c.) is: -1.6274797703891186e-06 2.6486904030258185e-12
total cost: -7.784455260041974
singles alt: [(4, 0), (5, 1), (6, 0), (7, 1), (8, 0), (9, 1), (10, 0), (11, 1), (4, 2), (5, 3), (6, 2), (7, 3), (8, 2), (9, 3), (10, 2), (11, 3)]
length: 16 76
Estimated difference between T3^fnT3 - (T2^WT3 + h.c.) is: -1.6274797700953308e-06 2.648690402069551e-12
total cost: -7.784455260041935
singles alt: [(4, 0), (5, 1), (6, 0), (7, 1), (8, 0), (9, 1), (10, 0), (11, 1), (4, 2), (5, 3), (6, 2), (7, 3), (8, 2), (9, 3), (10, 2), (11, 3)]
length: 16 76
Estimated difference between T3^fnT3 - (T2^WT3 + h.c.) is: -1.6274797702240849e-06 2.6486904024886402e-12
total cost: -7.784455260041299
singles alt: [(4, 0), (5, 1), (6, 0), (7, 1), (8, 0), (9, 1), (10, 0), (11, 1), (4, 2), (5, 3), (6, 2), (7, 3), (8, 2), (9, 3), (10, 2), (11, 3)]
length: 16 76
Estimated difference between T3^fnT3 - (T2^WT3 + h.c.) is: -1.6274797693868258e-06 2.648690399763396e-12
total cost: -7.78445526004546
singles alt: [(4, 0), (5, 1), (6, 0), (7, 1), (8, 0), (9, 1), (10, 0), (11, 1), (4, 2), (5, 3), (6, 2), (7, 3), (8, 2), (9, 3), (10, 2), (11, 3)]
length: 16 76
Estimated difference between T3^fnT3 - (T2^WT3 + h.c.) is: -1.6274797703618908e-06 2.6486904029371927e-12
total cost: -7.784455260041137
singles alt: [(4, 0), (5, 1), (6, 0), (7, 1), (8, 0), (9, 1), (10, 0), (11, 1), (4, 2), (5, 3), (6, 2), (7, 3), (8, 2), (9, 3), (10, 2), (11, 3)]
length: 16 76
Estimated difference between T3^fnT3 - (T2^WT3 + h.c.) is: -1.627479770408951e-06 2.648690403090372e-12
total cost: -7.784455260041144
singles alt: [(4, 0), (5, 1), (6, 0), (7, 1), (8, 0), (9, 1), (10, 0), (11, 1), (4, 2), (5, 3), (6, 2), (7, 3), (8, 2), (9, 3), (10, 2), (11, 3)]
length: 16 76
Estimated difference between T3^fnT3 - (T2^WT3 + h.c.) is: -1.6274797701418356e-06 2.648690402220922e-12
total cost: -7.784455260041392
singles alt: [(4, 0), (5, 1), (6, 0), (7, 1), (8, 0), (9, 1), (10, 0), (11, 1), (4, 2), (5, 3), (6, 2), (7, 3), (8, 2), (9, 3), (10, 2), (11, 3)]
length: 16 76
Estimated difference between T3^fnT3 - (T2^WT3 + h.c.) is: -1.6274797934366929e-06 2.6486904780447403e-12
total cost: -7.784455260033255
singles alt: [(4, 0), (5, 1), (6, 0), (7, 1), (8, 0), (9, 1), (10, 0), (11, 1), (4, 2), (5, 3), (6, 2), (7, 3), (8, 2), (9, 3), (10, 2), (11, 3)]
length: 16 76
Estimated difference between T3^fnT3 - (T2^WT3 + h.c.) is: -1.6274798948968412e-06 2.6486908082934333e-12
total cost: -7.784455260041743
singles alt: [(4, 0), (5, 1), (6, 0), (7, 1), (8, 0), (9, 1), (10, 0), (11, 1), (4, 2), (5, 3), (6, 2), (7, 3), (8, 2), (9, 3), (10, 2), (11, 3)]
length: 16 76
Estimated difference between T3^fnT3 - (T2^WT3 + h.c.) is: -1.627479895044765e-06 2.648690808774919e-12
total cost: -7.784455260041734
singles alt: [(4, 0), (5, 1), (6, 0), (7, 1), (8, 0), (9, 1), (10, 0), (11, 1), (4, 2), (5, 3), (6, 2), (7, 3), (8, 2), (9, 3), (10, 2), (11, 3)]
length: 16 76
Estimated difference between T3^fnT3 - (T2^WT3 + h.c.) is: -1.6274797895501135e-06 2.648690465394082e-12
total cost: -7.784455260041312
singles alt: [(4, 0), (5, 1), (6, 0), (7, 1), (8, 0), (9, 1), (10, 0), (11, 1), (4, 2), (5, 3), (6, 2), (7, 3), (8, 2), (9, 3), (10, 2), (11, 3)]
length: 16 76
Estimated difference between T3^fnT3 - (T2^WT3 + h.c.) is: -1.627479966870544e-06 2.648691042564947e-12
total cost: -7.784455260050665
singles alt: [(4, 0), (5, 1), (6, 0), (7, 1), (8, 0), (9, 1), (10, 0), (11, 1), (4, 2), (5, 3), (6, 2), (7, 3), (8, 2), (9, 3), (10, 2), (11, 3)]
length: 16 76
Estimated difference between T3^fnT3 - (T2^WT3 + h.c.) is: -1.6274800063743043e-06 2.6486911711481054e-12
total cost: -7.784455260045477
singles alt: [(4, 0), (5, 1), (6, 0), (7, 1), (8, 0), (9, 1), (10, 0), (11, 1), (4, 2), (5, 3), (6, 2), (7, 3), (8, 2), (9, 3), (10, 2), (11, 3)]
length: 16 76
Estimated difference between T3^fnT3 - (T2^WT3 + h.c.) is: -1.627480110439274e-06 2.6486915098754316e-12
total cost: -7.784455260045406
singles alt: [(4, 0), (5, 1), (6, 0), (7, 1), (8, 0), (9, 1), (10, 0), (11, 1), (4, 2), (5, 3), (6, 2), (7, 3), (8, 2), (9, 3), (10, 2), (11, 3)]
length: 16 76
Estimated difference between T3^fnT3 - (T2^WT3 + h.c.) is: -1.6274799500156271e-06 2.648690987702868e-12
total cost: -7.784455260043685
singles alt: [(4, 0), (5, 1), (6, 0), (7, 1), (8, 0), (9, 1), (10, 0), (11, 1), (4, 2), (5, 3), (6, 2), (7, 3), (8, 2), (9, 3), (10, 2), (11, 3)]
length: 16 76
Estimated difference between T3^fnT3 - (T2^WT3 + h.c.) is: -1.62747977052141e-06 2.6486904034564214e-12
total cost: -7.784455260024382
singles alt: [(4, 0), (5, 1), (6, 0), (7, 1), (8, 0), (9, 1), (10, 0), (11, 1), (4, 2), (5, 3), (6, 2), (7, 3), (8, 2), (9, 3), (10, 2), (11, 3)]
length: 16 76
Estimated difference between T3^fnT3 - (T2^WT3 + h.c.) is: -1.6274797701131058e-06 2.6486904021274075e-12
total cost: -7.7844552600423125
singles alt: [(4, 0), (5, 1), (6, 0), (7, 1), (8, 0), (9, 1), (10, 0), (11, 1), (4, 2), (5, 3), (6, 2), (7, 3), (8, 2), (9, 3), (10, 2), (11, 3)]
length: 16 76
Estimated difference between T3^fnT3 - (T2^WT3 + h.c.) is: -1.6274797702144948e-06 2.6486904024574247e-12
total cost: -7.7844552600423125
singles alt: [(4, 0), (5, 1), (6, 0), (7, 1), (8, 0), (9, 1), (10, 0), (11, 1), (4, 2), (5, 3), (6, 2), (7, 3), (8, 2), (9, 3), (10, 2), (11, 3)]
length: 16 76
Estimated difference between T3^fnT3 - (T2^WT3 + h.c.) is: -1.627479770333585e-06 2.6486904028450586e-12
total cost: -7.784455260041263
singles alt: [(4, 0), (5, 1), (6, 0), (7, 1), (8, 0), (9, 1), (10, 0), (11, 1), (4, 2), (5, 3), (6, 2), (7, 3), (8, 2), (9, 3), (10, 2), (11, 3)]
length: 16 76
Estimated difference between T3^fnT3 - (T2^WT3 + h.c.) is: -1.6274798336930255e-06 2.648690609077478e-12
total cost: -7.784455259995928
singles alt: [(4, 0), (5, 1), (6, 0), (7, 1), (8, 0), (9, 1), (10, 0), (11, 1), (4, 2), (5, 3), (6, 2), (7, 3), (8, 2), (9, 3), (10, 2), (11, 3)]
length: 16 76
Estimated difference between T3^fnT3 - (T2^WT3 + h.c.) is: -1.6274797374168365e-06 2.6486902957023753e-12
total cost: -7.7844552600376815
singles alt: [(4, 0), (5, 1), (6, 0), (7, 1), (8, 0), (9, 1), (10, 0), (11, 1), (4, 2), (5, 3), (6, 2), (7, 3), (8, 2), (9, 3), (10, 2), (11, 3)]
length: 16 76
Estimated difference between T3^fnT3 - (T2^WT3 + h.c.) is: -1.627479582211126e-06 2.6486897905141015e-12
total cost: -7.784455260044794
singles alt: [(4, 0), (5, 1), (6, 0), (7, 1), (8, 0), (9, 1), (10, 0), (11, 1), (4, 2), (5, 3), (6, 2), (7, 3), (8, 2), (9, 3), (10, 2), (11, 3)]
length: 16 76
Estimated difference between T3^fnT3 - (T2^WT3 + h.c.) is: -1.627479622782593e-06 2.6486899225725715e-12
total cost: -7.784455260043165
singles alt: [(4, 0), (5, 1), (6, 0), (7, 1), (8, 0), (9, 1), (10, 0), (11, 1), (4, 2), (5, 3), (6, 2), (7, 3), (8, 2), (9, 3), (10, 2), (11, 3)]
length: 16 76
Estimated difference between T3^fnT3 - (T2^WT3 + h.c.) is: -1.6274797702819118e-06 2.6486904026768642e-12
total cost: -7.7844552600402315
singles alt: [(4, 0), (5, 1), (6, 0), (7, 1), (8, 0), (9, 1), (10, 0), (11, 1), (4, 2), (5, 3), (6, 2), (7, 3), (8, 2), (9, 3), (10, 2), (11, 3)]
length: 16 76
Estimated difference between T3^fnT3 - (T2^WT3 + h.c.) is: -1.6274797700729121e-06 2.648690401996579e-12
total cost: -7.784455260041397
singles alt: [(4, 0), (5, 1), (6, 0), (7, 1), (8, 0), (9, 1), (10, 0), (11, 1), (4, 2), (5, 3), (6, 2), (7, 3), (8, 2), (9, 3), (10, 2), (11, 3)]
length: 16 76
Estimated difference between T3^fnT3 - (T2^WT3 + h.c.) is: -1.6274797702277663e-06 2.648690402500623e-12
total cost: -7.784455260041409
singles alt: [(4, 0), (5, 1), (6, 0), (7, 1), (8, 0), (9, 1), (10, 0), (11, 1), (4, 2), (5, 3), (6, 2), (7, 3), (8, 2), (9, 3), (10, 2), (11, 3)]
length: 16 76
Estimated difference between T3^fnT3 - (T2^WT3 + h.c.) is: -1.627479770221318e-06 2.648690402479634e-12
total cost: -7.784455260041357
singles alt: [(4, 0), (5, 1), (6, 0), (7, 1), (8, 0), (9, 1), (10, 0), (11, 1), (4, 2), (5, 3), (6, 2), (7, 3), (8, 2), (9, 3), (10, 2), (11, 3)]
length: 16 76
Estimated difference between T3^fnT3 - (T2^WT3 + h.c.) is: -1.6274797699650783e-06 2.648690401645584e-12
total cost: -7.7844552600456245
singles alt: [(4, 0), (5, 1), (6, 0), (7, 1), (8, 0), (9, 1), (10, 0), (11, 1), (4, 2), (5, 3), (6, 2), (7, 3), (8, 2), (9, 3), (10, 2), (11, 3)]
length: 16 76
Estimated difference between T3^fnT3 - (T2^WT3 + h.c.) is: -1.6274797702746904e-06 2.648690402653359e-12
total cost: -7.784455260041165
singles alt: [(4, 0), (5, 1), (6, 0), (7, 1), (8, 0), (9, 1), (10, 0), (11, 1), (4, 2), (5, 3), (6, 2), (7, 3), (8, 2), (9, 3), (10, 2), (11, 3)]
length: 16 76
Estimated difference between T3^fnT3 - (T2^WT3 + h.c.) is: -1.6274797703263493e-06 2.6486904028215065e-12
total cost: -7.784455260041142
singles alt: [(4, 0), (5, 1), (6, 0), (7, 1), (8, 0), (9, 1), (10, 0), (11, 1), (4, 2), (5, 3), (6, 2), (7, 3), (8, 2), (9, 3), (10, 2), (11, 3)]
length: 16 76
Estimated difference between T3^fnT3 - (T2^WT3 + h.c.) is: -1.6274797702538284e-06 2.6486904025854543e-12
total cost: -7.784455260041387
singles alt: [(4, 0), (5, 1), (6, 0), (7, 1), (8, 0), (9, 1), (10, 0), (11, 1), (4, 2), (5, 3), (6, 2), (7, 3), (8, 2), (9, 3), (10, 2), (11, 3)]
length: 16 76
Estimated difference between T3^fnT3 - (T2^WT3 + h.c.) is: -1.627479954364713e-06 2.648691001858968e-12
total cost: -7.784455260043126
singles alt: [(4, 0), (5, 1), (6, 0), (7, 1), (8, 0), (9, 1), (10, 0), (11, 1), (4, 2), (5, 3), (6, 2), (7, 3), (8, 2), (9, 3), (10, 2), (11, 3)]
length: 16 76
Estimated difference between T3^fnT3 - (T2^WT3 + h.c.) is: -1.6274798004074865e-06 2.6486905007343918e-12
total cost: -7.784455260041598
singles alt: [(4, 0), (5, 1), (6, 0), (7, 1), (8, 0), (9, 1), (10, 0), (11, 1), (4, 2), (5, 3), (6, 2), (7, 3), (8, 2), (9, 3), (10, 2), (11, 3)]
length: 16 76
Estimated difference between T3^fnT3 - (T2^WT3 + h.c.) is: -1.6274798004283707e-06 2.6486905008023692e-12
total cost: -7.784455260041304
singles alt: [(4, 0), (5, 1), (6, 0), (7, 1), (8, 0), (9, 1), (10, 0), (11, 1), (4, 2), (5, 3), (6, 2), (7, 3), (8, 2), (9, 3), (10, 2), (11, 3)]
length: 16 76
Estimated difference between T3^fnT3 - (T2^WT3 + h.c.) is: -1.6274799022952363e-06 2.648690832374912e-12
total cost: -7.784455260040496
singles alt: [(4, 0), (5, 1), (6, 0), (7, 1), (8, 0), (9, 1), (10, 0), (11, 1), (4, 2), (5, 3), (6, 2), (7, 3), (8, 2), (9, 3), (10, 2), (11, 3)]
length: 16 76
Estimated difference between T3^fnT3 - (T2^WT3 + h.c.) is: -1.6274797701322102e-06 2.648690402189592e-12
total cost: -7.784455260041373
singles alt: [(4, 0), (5, 1), (6, 0), (7, 1), (8, 0), (9, 1), (10, 0), (11, 1), (4, 2), (5, 3), (6, 2), (7, 3), (8, 2), (9, 3), (10, 2), (11, 3)]
length: 16 76
Estimated difference between T3^fnT3 - (T2^WT3 + h.c.) is: -1.6274797700063622e-06 2.6486904017799617e-12
total cost: -7.784455260041378
singles alt: [(4, 0), (5, 1), (6, 0), (7, 1), (8, 0), (9, 1), (10, 0), (11, 1), (4, 2), (5, 3), (6, 2), (7, 3), (8, 2), (9, 3), (10, 2), (11, 3)]
length: 16 76
Estimated difference between T3^fnT3 - (T2^WT3 + h.c.) is: -1.627479770371966e-06 2.648690402969987e-12
total cost: -7.784455260041378
singles alt: [(4, 0), (5, 1), (6, 0), (7, 1), (8, 0), (9, 1), (10, 0), (11, 1), (4, 2), (5, 3), (6, 2), (7, 3), (8, 2), (9, 3), (10, 2), (11, 3)]
length: 16 76
Estimated difference between T3^fnT3 - (T2^WT3 + h.c.) is: -1.6274797702380853e-06 2.6486904025342107e-12
total cost: -7.7844552600413905
singles alt: [(4, 0), (5, 1), (6, 0), (7, 1), (8, 0), (9, 1), (10, 0), (11, 1), (4, 2), (5, 3), (6, 2), (7, 3), (8, 2), (9, 3), (10, 2), (11, 3)]
length: 16 76
Estimated difference between T3^fnT3 - (T2^WT3 + h.c.) is: -1.6274796205086427e-06 2.6486899151709557e-12
total cost: -7.784455260045776
singles alt: [(4, 0), (5, 1), (6, 0), (7, 1), (8, 0), (9, 1), (10, 0), (11, 1), (4, 2), (5, 3), (6, 2), (7, 3), (8, 2), (9, 3), (10, 2), (11, 3)]
length: 16 76
Estimated difference between T3^fnT3 - (T2^WT3 + h.c.) is: -1.6274796219471825e-06 2.648689919853344e-12
total cost: -7.784455260047993
singles alt: [(4, 0), (5, 1), (6, 0), (7, 1), (8, 0), (9, 1), (10, 0), (11, 1), (4, 2), (5, 3), (6, 2), (7, 3), (8, 2), (9, 3), (10, 2), (11, 3)]
length: 16 76
Estimated difference between T3^fnT3 - (T2^WT3 + h.c.) is: -1.6274794893777503e-06 2.648689488345263e-12
total cost: -7.784455260041388
singles alt: [(4, 0), (5, 1), (6, 0), (7, 1), (8, 0), (9, 1), (10, 0), (11, 1), (4, 2), (5, 3), (6, 2), (7, 3), (8, 2), (9, 3), (10, 2), (11, 3)]
length: 16 76
Estimated difference between T3^fnT3 - (T2^WT3 + h.c.) is: -1.627480048551527e-06 2.648691308433281e-12
total cost: -7.784455260041324
singles alt: [(4, 0), (5, 1), (6, 0), (7, 1), (8, 0), (9, 1), (10, 0), (11, 1), (4, 2), (5, 3), (6, 2), (7, 3), (8, 2), (9, 3), (10, 2), (11, 3)]
length: 16 76
Estimated difference between T3^fnT3 - (T2^WT3 + h.c.) is: -1.6274797702556894e-06 2.6486904025915115e-12
total cost: -7.784455260041431
singles alt: [(4, 0), (5, 1), (6, 0), (7, 1), (8, 0), (9, 1), (10, 0), (11, 1), (4, 2), (5, 3), (6, 2), (7, 3), (8, 2), (9, 3), (10, 2), (11, 3)]
length: 16 76
Estimated difference between T3^fnT3 - (T2^WT3 + h.c.) is: -1.627479770126612e-06 2.6486904021713696e-12
total cost: -7.7844552600414065
singles alt: [(4, 0), (5, 1), (6, 0), (7, 1), (8, 0), (9, 1), (10, 0), (11, 1), (4, 2), (5, 3), (6, 2), (7, 3), (8, 2), (9, 3), (10, 2), (11, 3)]
length: 16 76
Estimated difference between T3^fnT3 - (T2^WT3 + h.c.) is: -1.627479770408586e-06 2.648690403089184e-12
total cost: -7.784455260041373
singles alt: [(4, 0), (5, 1), (6, 0), (7, 1), (8, 0), (9, 1), (10, 0), (11, 1), (4, 2), (5, 3), (6, 2), (7, 3), (8, 2), (9, 3), (10, 2), (11, 3)]
length: 16 76
Estimated difference between T3^fnT3 - (T2^WT3 + h.c.) is: -1.6274797701973525e-06 2.648690402401627e-12
total cost: -7.784455260041385
singles alt: [(4, 0), (5, 1), (6, 0), (7, 1), (8, 0), (9, 1), (10, 0), (11, 1), (4, 2), (5, 3), (6, 2), (7, 3), (8, 2), (9, 3), (10, 2), (11, 3)]
length: 16 76
Estimated difference between T3^fnT3 - (T2^WT3 + h.c.) is: -1.627479770226585e-06 2.6486904024967784e-12
total cost: -7.784455260025619
singles alt: [(4, 0), (5, 1), (6, 0), (7, 1), (8, 0), (9, 1), (10, 0), (11, 1), (4, 2), (5, 3), (6, 2), (7, 3), (8, 2), (9, 3), (10, 2), (11, 3)]
length: 16 76
Estimated difference between T3^fnT3 - (T2^WT3 + h.c.) is: -1.627479770226585e-06 2.6486904024967784e-12
total cost: -7.784455260027684
singles alt: [(4, 0), (5, 1), (6, 0), (7, 1), (8, 0), (9, 1), (10, 0), (11, 1), (4, 2), (5, 3), (6, 2), (7, 3), (8, 2), (9, 3), (10, 2), (11, 3)]
length: 16 76
Estimated difference between T3^fnT3 - (T2^WT3 + h.c.) is: -1.627479770226585e-06 2.6486904024967784e-12
total cost: -7.7844552600417085
singles alt: [(4, 0), (5, 1), (6, 0), (7, 1), (8, 0), (9, 1), (10, 0), (11, 1), (4, 2), (5, 3), (6, 2), (7, 3), (8, 2), (9, 3), (10, 2), (11, 3)]
length: 16 76
Estimated difference between T3^fnT3 - (T2^WT3 + h.c.) is: -1.627479770226585e-06 2.6486904024967784e-12
total cost: -7.784455260041486
singles alt: [(4, 0), (5, 1), (6, 0), (7, 1), (8, 0), (9, 1), (10, 0), (11, 1), (4, 2), (5, 3), (6, 2), (7, 3), (8, 2), (9, 3), (10, 2), (11, 3)]
length: 16 76
Estimated difference between T3^fnT3 - (T2^WT3 + h.c.) is: -1.627479770226585e-06 2.6486904024967784e-12
total cost: -7.784455260041511
singles alt: [(4, 0), (5, 1), (6, 0), (7, 1), (8, 0), (9, 1), (10, 0), (11, 1), (4, 2), (5, 3), (6, 2), (7, 3), (8, 2), (9, 3), (10, 2), (11, 3)]
length: 16 76
Estimated difference between T3^fnT3 - (T2^WT3 + h.c.) is: -1.627479770226585e-06 2.6486904024967784e-12
total cost: -7.784455260041068
singles alt: [(4, 0), (5, 1), (6, 0), (7, 1), (8, 0), (9, 1), (10, 0), (11, 1), (4, 2), (5, 3), (6, 2), (7, 3), (8, 2), (9, 3), (10, 2), (11, 3)]
length: 16 76
Estimated difference between T3^fnT3 - (T2^WT3 + h.c.) is: -1.627479770226585e-06 2.6486904024967784e-12
total cost: -7.784455260027943
singles alt: [(4, 0), (5, 1), (6, 0), (7, 1), (8, 0), (9, 1), (10, 0), (11, 1), (4, 2), (5, 3), (6, 2), (7, 3), (8, 2), (9, 3), (10, 2), (11, 3)]
length: 16 76
Estimated difference between T3^fnT3 - (T2^WT3 + h.c.) is: -1.627479770226585e-06 2.6486904024967784e-12
total cost: -7.7844552600253785
singles alt: [(4, 0), (5, 1), (6, 0), (7, 1), (8, 0), (9, 1), (10, 0), (11, 1), (4, 2), (5, 3), (6, 2), (7, 3), (8, 2), (9, 3), (10, 2), (11, 3)]
length: 16 76
Estimated difference between T3^fnT3 - (T2^WT3 + h.c.) is: -1.627479770226585e-06 2.6486904024967784e-12
total cost: -7.784455260040601
singles alt: [(4, 0), (5, 1), (6, 0), (7, 1), (8, 0), (9, 1), (10, 0), (11, 1), (4, 2), (5, 3), (6, 2), (7, 3), (8, 2), (9, 3), (10, 2), (11, 3)]
length: 16 76
Estimated difference between T3^fnT3 - (T2^WT3 + h.c.) is: -1.627479770226585e-06 2.6486904024967784e-12
total cost: -7.784455260040462
singles alt: [(4, 0), (5, 1), (6, 0), (7, 1), (8, 0), (9, 1), (10, 0), (11, 1), (4, 2), (5, 3), (6, 2), (7, 3), (8, 2), (9, 3), (10, 2), (11, 3)]
length: 16 76
Estimated difference between T3^fnT3 - (T2^WT3 + h.c.) is: -1.627479770226585e-06 2.6486904024967784e-12
total cost: -7.784455260041331
singles alt: [(4, 0), (5, 1), (6, 0), (7, 1), (8, 0), (9, 1), (10, 0), (11, 1), (4, 2), (5, 3), (6, 2), (7, 3), (8, 2), (9, 3), (10, 2), (11, 3)]
length: 16 76
Estimated difference between T3^fnT3 - (T2^WT3 + h.c.) is: -1.627479770226585e-06 2.6486904024967784e-12
total cost: -7.784455260041354
singles alt: [(4, 0), (5, 1), (6, 0), (7, 1), (8, 0), (9, 1), (10, 0), (11, 1), (4, 2), (5, 3), (6, 2), (7, 3), (8, 2), (9, 3), (10, 2), (11, 3)]
length: 16 76
Estimated difference between T3^fnT3 - (T2^WT3 + h.c.) is: -1.627479770226585e-06 2.6486904024967784e-12
total cost: -7.7844552600413435
singles alt: [(4, 0), (5, 1), (6, 0), (7, 1), (8, 0), (9, 1), (10, 0), (11, 1), (4, 2), (5, 3), (6, 2), (7, 3), (8, 2), (9, 3), (10, 2), (11, 3)]
length: 16 76
Estimated difference between T3^fnT3 - (T2^WT3 + h.c.) is: -1.627479770226585e-06 2.6486904024967784e-12
total cost: -7.784455260041384
singles alt: [(4, 0), (5, 1), (6, 0), (7, 1), (8, 0), (9, 1), (10, 0), (11, 1), (4, 2), (5, 3), (6, 2), (7, 3), (8, 2), (9, 3), (10, 2), (11, 3)]
length: 16 76
Estimated difference between T3^fnT3 - (T2^WT3 + h.c.) is: -1.627479770226585e-06 2.6486904024967784e-12
total cost: -7.784455260041027
singles alt: [(4, 0), (5, 1), (6, 0), (7, 1), (8, 0), (9, 1), (10, 0), (11, 1), (4, 2), (5, 3), (6, 2), (7, 3), (8, 2), (9, 3), (10, 2), (11, 3)]
length: 16 76
Estimated difference between T3^fnT3 - (T2^WT3 + h.c.) is: -1.627479770226585e-06 2.6486904024967784e-12
total cost: -7.7844552600412635
singles alt: [(4, 0), (5, 1), (6, 0), (7, 1), (8, 0), (9, 1), (10, 0), (11, 1), (4, 2), (5, 3), (6, 2), (7, 3), (8, 2), (9, 3), (10, 2), (11, 3)]
length: 16 76
Estimated difference between T3^fnT3 - (T2^WT3 + h.c.) is: -1.630187393559652e-06 2.6575109381208118e-12
total cost: -7.784456650469549
singles alt: [(4, 0), (5, 1), (6, 0), (7, 1), (8, 0), (9, 1), (10, 0), (11, 1), (4, 2), (5, 3), (6, 2), (7, 3), (8, 2), (9, 3), (10, 2), (11, 3)]
length: 16 76
Estimated difference between T3^fnT3 - (T2^WT3 + h.c.) is: -1.6301877269661682e-06 2.657512025151122e-12
total cost: -7.7844566504729205
singles alt: [(4, 0), (5, 1), (6, 0), (7, 1), (8, 0), (9, 1), (10, 0), (11, 1), (4, 2), (5, 3), (6, 2), (7, 3), (8, 2), (9, 3), (10, 2), (11, 3)]
length: 16 76
Estimated difference between T3^fnT3 - (T2^WT3 + h.c.) is: -1.6301874711935077e-06 2.6575111912362835e-12
total cost: -7.7844566504657315
singles alt: [(4, 0), (5, 1), (6, 0), (7, 1), (8, 0), (9, 1), (10, 0), (11, 1), (4, 2), (5, 3), (6, 2), (7, 3), (8, 2), (9, 3), (10, 2), (11, 3)]
length: 16 76
Estimated difference between T3^fnT3 - (T2^WT3 + h.c.) is: -1.6301874711324178e-06 2.6575111910371074e-12
total cost: -7.784456650465782
singles alt: [(4, 0), (5, 1), (6, 0), (7, 1), (8, 0), (9, 1), (10, 0), (11, 1), (4, 2), (5, 3), (6, 2), (7, 3), (8, 2), (9, 3), (10, 2), (11, 3)]
length: 16 76
Estimated difference between T3^fnT3 - (T2^WT3 + h.c.) is: -1.6301874605483224e-06 2.657511156528988e-12
total cost: -7.78445665046726
singles alt: [(4, 0), (5, 1), (6, 0), (7, 1), (8, 0), (9, 1), (10, 0), (11, 1), (4, 2), (5, 3), (6, 2), (7, 3), (8, 2), (9, 3), (10, 2), (11, 3)]
length: 16 76
Estimated difference between T3^fnT3 - (T2^WT3 + h.c.) is: -1.630187393669377e-06 2.6575109384785565e-12
total cost: -7.784456650469126
singles alt: [(4, 0), (5, 1), (6, 0), (7, 1), (8, 0), (9, 1), (10, 0), (11, 1), (4, 2), (5, 3), (6, 2), (7, 3), (8, 2), (9, 3), (10, 2), (11, 3)]
length: 16 76
Estimated difference between T3^fnT3 - (T2^WT3 + h.c.) is: -1.6301873935207452e-06 2.657510937993961e-12
total cost: -7.784456650469567
singles alt: [(4, 0), (5, 1), (6, 0), (7, 1), (8, 0), (9, 1), (10, 0), (11, 1), (4, 2), (5, 3), (6, 2), (7, 3), (8, 2), (9, 3), (10, 2), (11, 3)]
length: 16 76
Estimated difference between T3^fnT3 - (T2^WT3 + h.c.) is: -1.630187393552503e-06 2.6575109380975033e-12
total cost: -7.7844566504695685
singles alt: [(4, 0), (5, 1), (6, 0), (7, 1), (8, 0), (9, 1), (10, 0), (11, 1), (4, 2), (5, 3), (6, 2), (7, 3), (8, 2), (9, 3), (10, 2), (11, 3)]
length: 16 76
Estimated difference between T3^fnT3 - (T2^WT3 + h.c.) is: -1.630187393571376e-06 2.6575109381590366e-12
total cost: -7.784456650469546
singles alt: [(4, 0), (5, 1), (6, 0), (7, 1), (8, 0), (9, 1), (10, 0), (11, 1), (4, 2), (5, 3), (6, 2), (7, 3), (8, 2), (9, 3), (10, 2), (11, 3)]
length: 16 76
Estimated difference between T3^fnT3 - (T2^WT3 + h.c.) is: -1.6301873933013112e-06 2.6575109372785238e-12
total cost: -7.7844566504704975
singles alt: [(4, 0), (5, 1), (6, 0), (7, 1), (8, 0), (9, 1), (10, 0), (11, 1), (4, 2), (5, 3), (6, 2), (7, 3), (8, 2), (9, 3), (10, 2), (11, 3)]
length: 16 76
Estimated difference between T3^fnT3 - (T2^WT3 + h.c.) is: -1.630187393584407e-06 2.657510938201522e-12
total cost: -7.7844566504695125
singles alt: [(4, 0), (5, 1), (6, 0), (7, 1), (8, 0), (9, 1), (10, 0), (11, 1), (4, 2), (5, 3), (6, 2), (7, 3), (8, 2), (9, 3), (10, 2), (11, 3)]
length: 16 76
Estimated difference between T3^fnT3 - (T2^WT3 + h.c.) is: -1.6301873935821314e-06 2.657510938194103e-12
total cost: -7.784456650469506
singles alt: [(4, 0), (5, 1), (6, 0), (7, 1), (8, 0), (9, 1), (10, 0), (11, 1), (4, 2), (5, 3), (6, 2), (7, 3), (8, 2), (9, 3), (10, 2), (11, 3)]
length: 16 76
Estimated difference between T3^fnT3 - (T2^WT3 + h.c.) is: -1.6301873935322801e-06 2.657510938031569e-12
total cost: -7.784456650469554
singles alt: [(4, 0), (5, 1), (6, 0), (7, 1), (8, 0), (9, 1), (10, 0), (11, 1), (4, 2), (5, 3), (6, 2), (7, 3), (8, 2), (9, 3), (10, 2), (11, 3)]
length: 16 76
Estimated difference between T3^fnT3 - (T2^WT3 + h.c.) is: -1.6301874558165076e-06 2.657511141101498e-12
total cost: -7.784456650476741
singles alt: [(4, 0), (5, 1), (6, 0), (7, 1), (8, 0), (9, 1), (10, 0), (11, 1), (4, 2), (5, 3), (6, 2), (7, 3), (8, 2), (9, 3), (10, 2), (11, 3)]
length: 16 76
Estimated difference between T3^fnT3 - (T2^WT3 + h.c.) is: -1.630187208739998e-06 2.6575103355395063e-12
total cost: -7.784456650467288
singles alt: [(4, 0), (5, 1), (6, 0), (7, 1), (8, 0), (9, 1), (10, 0), (11, 1), (4, 2), (5, 3), (6, 2), (7, 3), (8, 2), (9, 3), (10, 2), (11, 3)]
length: 16 76
Estimated difference between T3^fnT3 - (T2^WT3 + h.c.) is: -1.6301873578781676e-06 2.657510821785801e-12
total cost: -7.784456650468873
singles alt: [(4, 0), (5, 1), (6, 0), (7, 1), (8, 0), (9, 1), (10, 0), (11, 1), (4, 2), (5, 3), (6, 2), (7, 3), (8, 2), (9, 3), (10, 2), (11, 3)]
length: 16 76
Estimated difference between T3^fnT3 - (T2^WT3 + h.c.) is: -1.630187246763132e-06 2.6575104595091604e-12
total cost: -7.784456650468462
singles alt: [(4, 0), (5, 1), (6, 0), (7, 1), (8, 0), (9, 1), (10, 0), (11, 1), (4, 2), (5, 3), (6, 2), (7, 3), (8, 2), (9, 3), (10, 2), (11, 3)]
length: 16 76
Estimated difference between T3^fnT3 - (T2^WT3 + h.c.) is: -1.6301873937729154e-06 2.6575109388161306e-12
total cost: -7.784456650468843
singles alt: [(4, 0), (5, 1), (6, 0), (7, 1), (8, 0), (9, 1), (10, 0), (11, 1), (4, 2), (5, 3), (6, 2), (7, 3), (8, 2), (9, 3), (10, 2), (11, 3)]
length: 16 76
Estimated difference between T3^fnT3 - (T2^WT3 + h.c.) is: -1.6301873935158382e-06 2.6575109379779624e-12
total cost: -7.784456650469581
singles alt: [(4, 0), (5, 1), (6, 0), (7, 1), (8, 0), (9, 1), (10, 0), (11, 1), (4, 2), (5, 3), (6, 2), (7, 3), (8, 2), (9, 3), (10, 2), (11, 3)]
length: 16 76
Estimated difference between T3^fnT3 - (T2^WT3 + h.c.) is: -1.6301873935335858e-06 2.6575109380358262e-12
total cost: -7.784456650469576
singles alt: [(4, 0), (5, 1), (6, 0), (7, 1), (8, 0), (9, 1), (10, 0), (11, 1), (4, 2), (5, 3), (6, 2), (7, 3), (8, 2), (9, 3), (10, 2), (11, 3)]
length: 16 76
Estimated difference between T3^fnT3 - (T2^WT3 + h.c.) is: -1.6301873935837901e-06 2.657510938199511e-12
total cost: -7.784456650469543
singles alt: [(4, 0), (5, 1), (6, 0), (7, 1), (8, 0), (9, 1), (10, 0), (11, 1), (4, 2), (5, 3), (6, 2), (7, 3), (8, 2), (9, 3), (10, 2), (11, 3)]
length: 16 76
Estimated difference between T3^fnT3 - (T2^WT3 + h.c.) is: -1.6301875931697965e-06 2.657511588924734e-12
total cost: -7.784456650466422
singles alt: [(4, 0), (5, 1), (6, 0), (7, 1), (8, 0), (9, 1), (10, 0), (11, 1), (4, 2), (5, 3), (6, 2), (7, 3), (8, 2), (9, 3), (10, 2), (11, 3)]
length: 16 76
Estimated difference between T3^fnT3 - (T2^WT3 + h.c.) is: -1.63018773915003e-06 2.6575120648750864e-12
total cost: -7.784456650469883
singles alt: [(4, 0), (5, 1), (6, 0), (7, 1), (8, 0), (9, 1), (10, 0), (11, 1), (4, 2), (5, 3), (6, 2), (7, 3), (8, 2), (9, 3), (10, 2), (11, 3)]
length: 16 76
Estimated difference between T3^fnT3 - (T2^WT3 + h.c.) is: -1.6301876337552883e-06 2.657511721248666e-12
total cost: -7.784456650469785
singles alt: [(4, 0), (5, 1), (6, 0), (7, 1), (8, 0), (9, 1), (10, 0), (11, 1), (4, 2), (5, 3), (6, 2), (7, 3), (8, 2), (9, 3), (10, 2), (11, 3)]
length: 16 76
Estimated difference between T3^fnT3 - (T2^WT3 + h.c.) is: -1.6301875742084867e-06 2.6575115271037502e-12
total cost: -7.784456650468634
singles alt: [(4, 0), (5, 1), (6, 0), (7, 1), (8, 0), (9, 1), (10, 0), (11, 1), (4, 2), (5, 3), (6, 2), (7, 3), (8, 2), (9, 3), (10, 2), (11, 3)]
length: 16 76
Estimated difference between T3^fnT3 - (T2^WT3 + h.c.) is: -1.6301874158183501e-06 2.6575110106925104e-12
total cost: -7.784456650468255
singles alt: [(4, 0), (5, 1), (6, 0), (7, 1), (8, 0), (9, 1), (10, 0), (11, 1), (4, 2), (5, 3), (6, 2), (7, 3), (8, 2), (9, 3), (10, 2), (11, 3)]
length: 16 76
Estimated difference between T3^fnT3 - (T2^WT3 + h.c.) is: -1.6301875191277953e-06 2.657511347520036e-12
total cost: -7.7844566504696076
singles alt: [(4, 0), (5, 1), (6, 0), (7, 1), (8, 0), (9, 1), (10, 0), (11, 1), (4, 2), (5, 3), (6, 2), (7, 3), (8, 2), (9, 3), (10, 2), (11, 3)]
length: 16 76
Estimated difference between T3^fnT3 - (T2^WT3 + h.c.) is: -1.6301875190857564e-06 2.6575113473829734e-12
total cost: -7.78445665046961
singles alt: [(4, 0), (5, 1), (6, 0), (7, 1), (8, 0), (9, 1), (10, 0), (11, 1), (4, 2), (5, 3), (6, 2), (7, 3), (8, 2), (9, 3), (10, 2), (11, 3)]
length: 16 76
Estimated difference between T3^fnT3 - (T2^WT3 + h.c.) is: -1.630187413039538e-06 2.6575110016325413e-12
total cost: -7.784456650469542
singles alt: [(4, 0), (5, 1), (6, 0), (7, 1), (8, 0), (9, 1), (10, 0), (11, 1), (4, 2), (5, 3), (6, 2), (7, 3), (8, 2), (9, 3), (10, 2), (11, 3)]
length: 16 76
Estimated difference between T3^fnT3 - (T2^WT3 + h.c.) is: -1.6301873936329098e-06 2.6575109383596594e-12
total cost: -7.784456650467788
singles alt: [(4, 0), (5, 1), (6, 0), (7, 1), (8, 0), (9, 1), (10, 0), (11, 1), (4, 2), (5, 3), (6, 2), (7, 3), (8, 2), (9, 3), (10, 2), (11, 3)]
length: 16 76
Estimated difference between T3^fnT3 - (T2^WT3 + h.c.) is: -1.6301873935883033e-06 2.657510938214226e-12
total cost: -7.784456650469656
singles alt: [(4, 0), (5, 1), (6, 0), (7, 1), (8, 0), (9, 1), (10, 0), (11, 1), (4, 2), (5, 3), (6, 2), (7, 3), (8, 2), (9, 3), (10, 2), (11, 3)]
length: 16 76
Estimated difference between T3^fnT3 - (T2^WT3 + h.c.) is: -1.6301873935373973e-06 2.657510938048253e-12
total cost: -7.784456650469648
singles alt: [(4, 0), (5, 1), (6, 0), (7, 1), (8, 0), (9, 1), (10, 0), (11, 1), (4, 2), (5, 3), (6, 2), (7, 3), (8, 2), (9, 3), (10, 2), (11, 3)]
length: 16 76
Estimated difference between T3^fnT3 - (T2^WT3 + h.c.) is: -1.6301873935593488e-06 2.657510938119823e-12
total cost: -7.7844566504695365
singles alt: [(4, 0), (5, 1), (6, 0), (7, 1), (8, 0), (9, 1), (10, 0), (11, 1), (4, 2), (5, 3), (6, 2), (7, 3), (8, 2), (9, 3), (10, 2), (11, 3)]
length: 16 76
Estimated difference between T3^fnT3 - (T2^WT3 + h.c.) is: -1.630187393415495e-06 2.657510937650806e-12
total cost: -7.784456650470253
singles alt: [(4, 0), (5, 1), (6, 0), (7, 1), (8, 0), (9, 1), (10, 0), (11, 1), (4, 2), (5, 3), (6, 2), (7, 3), (8, 2), (9, 3), (10, 2), (11, 3)]
length: 16 76
Estimated difference between T3^fnT3 - (T2^WT3 + h.c.) is: -1.6301873935819773e-06 2.6575109381936004e-12
total cost: -7.7844566504695125
singles alt: [(4, 0), (5, 1), (6, 0), (7, 1), (8, 0), (9, 1), (10, 0), (11, 1), (4, 2), (5, 3), (6, 2), (7, 3), (8, 2), (9, 3), (10, 2), (11, 3)]
length: 16 76
Estimated difference between T3^fnT3 - (T2^WT3 + h.c.) is: -1.63018739359001e-06 2.6575109382197903e-12
total cost: -7.7844566504695125
singles alt: [(4, 0), (5, 1), (6, 0), (7, 1), (8, 0), (9, 1), (10, 0), (11, 1), (4, 2), (5, 3), (6, 2), (7, 3), (8, 2), (9, 3), (10, 2), (11, 3)]
length: 16 76
Estimated difference between T3^fnT3 - (T2^WT3 + h.c.) is: -1.6301873935451965e-06 2.6575109380736814e-12
total cost: -7.784456650469554
singles alt: [(4, 0), (5, 1), (6, 0), (7, 1), (8, 0), (9, 1), (10, 0), (11, 1), (4, 2), (5, 3), (6, 2), (7, 3), (8, 2), (9, 3), (10, 2), (11, 3)]
length: 16 76
Estimated difference between T3^fnT3 - (T2^WT3 + h.c.) is: -1.6301874158361124e-06 2.657511010750422e-12
total cost: -7.784456650468155
singles alt: [(4, 0), (5, 1), (6, 0), (7, 1), (8, 0), (9, 1), (10, 0), (11, 1), (4, 2), (5, 3), (6, 2), (7, 3), (8, 2), (9, 3), (10, 2), (11, 3)]
length: 16 76
Estimated difference between T3^fnT3 - (T2^WT3 + h.c.) is: -1.6301875191197211e-06 2.657511347493711e-12
total cost: -7.784456650469611
singles alt: [(4, 0), (5, 1), (6, 0), (7, 1), (8, 0), (9, 1), (10, 0), (11, 1), (4, 2), (5, 3), (6, 2), (7, 3), (8, 2), (9, 3), (10, 2), (11, 3)]
length: 16 76
Estimated difference between T3^fnT3 - (T2^WT3 + h.c.) is: -1.6301875190832346e-06 2.6575113473747513e-12
total cost: -7.784456650469609
singles alt: [(4, 0), (5, 1), (6, 0), (7, 1), (8, 0), (9, 1), (10, 0), (11, 1), (4, 2), (5, 3), (6, 2), (7, 3), (8, 2), (9, 3), (10, 2), (11, 3)]
length: 16 76
Estimated difference between T3^fnT3 - (T2^WT3 + h.c.) is: -1.6301874130427504e-06 2.657511001643015e-12
total cost: -7.784456650469541
singles alt: [(4, 0), (5, 1), (6, 0), (7, 1), (8, 0), (9, 1), (10, 0), (11, 1), (4, 2), (5, 3), (6, 2), (7, 3), (8, 2), (9, 3), (10, 2), (11, 3)]
length: 16 76
Estimated difference between T3^fnT3 - (T2^WT3 + h.c.) is: -1.6301875929069527e-06 2.6575115880677643e-12
total cost: -7.784456650467991
singles alt: [(4, 0), (5, 1), (6, 0), (7, 1), (8, 0), (9, 1), (10, 0), (11, 1), (4, 2), (5, 3), (6, 2), (7, 3), (8, 2), (9, 3), (10, 2), (11, 3)]
length: 16 76
Estimated difference between T3^fnT3 - (T2^WT3 + h.c.) is: -1.6301876337752342e-06 2.6575117213136973e-12
total cost: -7.784456650469908
singles alt: [(4, 0), (5, 1), (6, 0), (7, 1), (8, 0), (9, 1), (10, 0), (11, 1), (4, 2), (5, 3), (6, 2), (7, 3), (8, 2), (9, 3), (10, 2), (11, 3)]
length: 16 76
Estimated difference between T3^fnT3 - (T2^WT3 + h.c.) is: -1.6301877392218394e-06 2.6575120651092116e-12
total cost: -7.78445665046993
singles alt: [(4, 0), (5, 1), (6, 0), (7, 1), (8, 0), (9, 1), (10, 0), (11, 1), (4, 2), (5, 3), (6, 2), (7, 3), (8, 2), (9, 3), (10, 2), (11, 3)]
length: 16 76
Estimated difference between T3^fnT3 - (T2^WT3 + h.c.) is: -1.6301875742799555e-06 2.6575115273367656e-12
total cost: -7.784456650468649
singles alt: [(4, 0), (5, 1), (6, 0), (7, 1), (8, 0), (9, 1), (10, 0), (11, 1), (4, 2), (5, 3), (6, 2), (7, 3), (8, 2), (9, 3), (10, 2), (11, 3)]
length: 16 76
Estimated difference between T3^fnT3 - (T2^WT3 + h.c.) is: -1.6301873936113335e-06 2.6575109382893127e-12
total cost: -7.784456650466577
singles alt: [(4, 0), (5, 1), (6, 0), (7, 1), (8, 0), (9, 1), (10, 0), (11, 1), (4, 2), (5, 3), (6, 2), (7, 3), (8, 2), (9, 3), (10, 2), (11, 3)]
length: 16 76
Estimated difference between T3^fnT3 - (T2^WT3 + h.c.) is: -1.630187393540005e-06 2.6575109380567553e-12
total cost: -7.784456650469715
singles alt: [(4, 0), (5, 1), (6, 0), (7, 1), (8, 0), (9, 1), (10, 0), (11, 1), (4, 2), (5, 3), (6, 2), (7, 3), (8, 2), (9, 3), (10, 2), (11, 3)]
length: 16 76
Estimated difference between T3^fnT3 - (T2^WT3 + h.c.) is: -1.6301873935571639e-06 2.6575109381126995e-12
total cost: -7.784456650469714
singles alt: [(4, 0), (5, 1), (6, 0), (7, 1), (8, 0), (9, 1), (10, 0), (11, 1), (4, 2), (5, 3), (6, 2), (7, 3), (8, 2), (9, 3), (10, 2), (11, 3)]
length: 16 76
Estimated difference between T3^fnT3 - (T2^WT3 + h.c.) is: -1.6301873935782677e-06 2.6575109381815057e-12
total cost: -7.784456650469533
singles alt: [(4, 0), (5, 1), (6, 0), (7, 1), (8, 0), (9, 1), (10, 0), (11, 1), (4, 2), (5, 3), (6, 2), (7, 3), (8, 2), (9, 3), (10, 2), (11, 3)]
length: 16 76
Estimated difference between T3^fnT3 - (T2^WT3 + h.c.) is: -1.6301874560237507e-06 2.657511141777188e-12
total cost: -7.7844566504615695
singles alt: [(4, 0), (5, 1), (6, 0), (7, 1), (8, 0), (9, 1), (10, 0), (11, 1), (4, 2), (5, 3), (6, 2), (7, 3), (8, 2), (9, 3), (10, 2), (11, 3)]
length: 16 76
Estimated difference between T3^fnT3 - (T2^WT3 + h.c.) is: -1.630187357815889e-06 2.65751082158275e-12
total cost: -7.784456650469686
singles alt: [(4, 0), (5, 1), (6, 0), (7, 1), (8, 0), (9, 1), (10, 0), (11, 1), (4, 2), (5, 3), (6, 2), (7, 3), (8, 2), (9, 3), (10, 2), (11, 3)]
length: 16 76
Estimated difference between T3^fnT3 - (T2^WT3 + h.c.) is: -1.6301872081326655e-06 2.6575103335593744e-12
total cost: -7.784456650469029
singles alt: [(4, 0), (5, 1), (6, 0), (7, 1), (8, 0), (9, 1), (10, 0), (11, 1), (4, 2), (5, 3), (6, 2), (7, 3), (8, 2), (9, 3), (10, 2), (11, 3)]
length: 16 76
Estimated difference between T3^fnT3 - (T2^WT3 + h.c.) is: -1.6301872465087494e-06 2.6575104586797777e-12
total cost: -7.784456650468414
singles alt: [(4, 0), (5, 1), (6, 0), (7, 1), (8, 0), (9, 1), (10, 0), (11, 1), (4, 2), (5, 3), (6, 2), (7, 3), (8, 2), (9, 3), (10, 2), (11, 3)]
length: 16 76
Estimated difference between T3^fnT3 - (T2^WT3 + h.c.) is: -1.6301873935692616e-06 2.6575109381521424e-12
total cost: -7.784456650469352
singles alt: [(4, 0), (5, 1), (6, 0), (7, 1), (8, 0), (9, 1), (10, 0), (11, 1), (4, 2), (5, 3), (6, 2), (7, 3), (8, 2), (9, 3), (10, 2), (11, 3)]
length: 16 76
Estimated difference between T3^fnT3 - (T2^WT3 + h.c.) is: -1.6301873935338116e-06 2.657510938036562e-12
total cost: -7.784456650469554
singles alt: [(4, 0), (5, 1), (6, 0), (7, 1), (8, 0), (9, 1), (10, 0), (11, 1), (4, 2), (5, 3), (6, 2), (7, 3), (8, 2), (9, 3), (10, 2), (11, 3)]
length: 16 76
Estimated difference between T3^fnT3 - (T2^WT3 + h.c.) is: -1.6301873935597278e-06 2.657510938121059e-12
total cost: -7.784456650469558
singles alt: [(4, 0), (5, 1), (6, 0), (7, 1), (8, 0), (9, 1), (10, 0), (11, 1), (4, 2), (5, 3), (6, 2), (7, 3), (8, 2), (9, 3), (10, 2), (11, 3)]
length: 16 76
Estimated difference between T3^fnT3 - (T2^WT3 + h.c.) is: -1.6301873935586525e-06 2.657510938117553e-12
total cost: -7.78445665046955
singles alt: [(4, 0), (5, 1), (6, 0), (7, 1), (8, 0), (9, 1), (10, 0), (11, 1), (4, 2), (5, 3), (6, 2), (7, 3), (8, 2), (9, 3), (10, 2), (11, 3)]
length: 16 76
Estimated difference between T3^fnT3 - (T2^WT3 + h.c.) is: -1.6301873935143904e-06 2.657510937973242e-12
total cost: -7.78445665047029
singles alt: [(4, 0), (5, 1), (6, 0), (7, 1), (8, 0), (9, 1), (10, 0), (11, 1), (4, 2), (5, 3), (6, 2), (7, 3), (8, 2), (9, 3), (10, 2), (11, 3)]
length: 16 76
Estimated difference between T3^fnT3 - (T2^WT3 + h.c.) is: -1.6301873935695072e-06 2.6575109381529434e-12
total cost: -7.7844566504695125
singles alt: [(4, 0), (5, 1), (6, 0), (7, 1), (8, 0), (9, 1), (10, 0), (11, 1), (4, 2), (5, 3), (6, 2), (7, 3), (8, 2), (9, 3), (10, 2), (11, 3)]
length: 16 76
Estimated difference between T3^fnT3 - (T2^WT3 + h.c.) is: -1.6301873935769476e-06 2.657510938177202e-12
total cost: -7.784456650469511
singles alt: [(4, 0), (5, 1), (6, 0), (7, 1), (8, 0), (9, 1), (10, 0), (11, 1), (4, 2), (5, 3), (6, 2), (7, 3), (8, 2), (9, 3), (10, 2), (11, 3)]
length: 16 76
Estimated difference between T3^fnT3 - (T2^WT3 + h.c.) is: -1.6301873935642846e-06 2.657510938135916e-12
total cost: -7.784456650469554
singles alt: [(4, 0), (5, 1), (6, 0), (7, 1), (8, 0), (9, 1), (10, 0), (11, 1), (4, 2), (5, 3), (6, 2), (7, 3), (8, 2), (9, 3), (10, 2), (11, 3)]
length: 16 76
Estimated difference between T3^fnT3 - (T2^WT3 + h.c.) is: -1.6301875776848742e-06 2.657511538438078e-12
total cost: -7.784456650468675
singles alt: [(4, 0), (5, 1), (6, 0), (7, 1), (8, 0), (9, 1), (10, 0), (11, 1), (4, 2), (5, 3), (6, 2), (7, 3), (8, 2), (9, 3), (10, 2), (11, 3)]
length: 16 76
Estimated difference between T3^fnT3 - (T2^WT3 + h.c.) is: -1.6301874259273568e-06 2.6575110436516613e-12
total cost: -7.784456650467113
singles alt: [(4, 0), (5, 1), (6, 0), (7, 1), (8, 0), (9, 1), (10, 0), (11, 1), (4, 2), (5, 3), (6, 2), (7, 3), (8, 2), (9, 3), (10, 2), (11, 3)]
length: 16 76
Estimated difference between T3^fnT3 - (T2^WT3 + h.c.) is: -1.6301874258894325e-06 2.6575110435280143e-12
total cost: -7.784456650467053
singles alt: [(4, 0), (5, 1), (6, 0), (7, 1), (8, 0), (9, 1), (10, 0), (11, 1), (4, 2), (5, 3), (6, 2), (7, 3), (8, 2), (9, 3), (10, 2), (11, 3)]
length: 16 76
Estimated difference between T3^fnT3 - (T2^WT3 + h.c.) is: -1.6301875257082826e-06 2.6575113689748928e-12
total cost: -7.784456650469507
singles alt: [(4, 0), (5, 1), (6, 0), (7, 1), (8, 0), (9, 1), (10, 0), (11, 1), (4, 2), (5, 3), (6, 2), (7, 3), (8, 2), (9, 3), (10, 2), (11, 3)]
length: 16 76
Estimated difference between T3^fnT3 - (T2^WT3 + h.c.) is: -1.6301873935435465e-06 2.657510938068302e-12
total cost: -7.7844566504695525
singles alt: [(4, 0), (5, 1), (6, 0), (7, 1), (8, 0), (9, 1), (10, 0), (11, 1), (4, 2), (5, 3), (6, 2), (7, 3), (8, 2), (9, 3), (10, 2), (11, 3)]
length: 16 76
Estimated difference between T3^fnT3 - (T2^WT3 + h.c.) is: -1.630187393521885e-06 2.657510937997677e-12
total cost: -7.784456650469554
singles alt: [(4, 0), (5, 1), (6, 0), (7, 1), (8, 0), (9, 1), (10, 0), (11, 1), (4, 2), (5, 3), (6, 2), (7, 3), (8, 2), (9, 3), (10, 2), (11, 3)]
length: 16 76
Estimated difference between T3^fnT3 - (T2^WT3 + h.c.) is: -1.6301873935847255e-06 2.6575109382025605e-12
total cost: -7.784456650469551
singles alt: [(4, 0), (5, 1), (6, 0), (7, 1), (8, 0), (9, 1), (10, 0), (11, 1), (4, 2), (5, 3), (6, 2), (7, 3), (8, 2), (9, 3), (10, 2), (11, 3)]
length: 16 76
Estimated difference between T3^fnT3 - (T2^WT3 + h.c.) is: -1.630187393568426e-06 2.657510938149418e-12
total cost: -7.784456650469547
singles alt: [(4, 0), (5, 1), (6, 0), (7, 1), (8, 0), (9, 1), (10, 0), (11, 1), (4, 2), (5, 3), (6, 2), (7, 3), (8, 2), (9, 3), (10, 2), (11, 3)]
length: 16 76
Estimated difference between T3^fnT3 - (T2^WT3 + h.c.) is: -1.63018724869218e-06 2.6575104657985797e-12
total cost: -7.784456650468742
singles alt: [(4, 0), (5, 1), (6, 0), (7, 1), (8, 0), (9, 1), (10, 0), (11, 1), (4, 2), (5, 3), (6, 2), (7, 3), (8, 2), (9, 3), (10, 2), (11, 3)]
length: 16 76
Estimated difference between T3^fnT3 - (T2^WT3 + h.c.) is: -1.630187249216867e-06 2.6575104675092555e-12
total cost: -7.784456650469131
singles alt: [(4, 0), (5, 1), (6, 0), (7, 1), (8, 0), (9, 1), (10, 0), (11, 1), (4, 2), (5, 3), (6, 2), (7, 3), (8, 2), (9, 3), (10, 2), (11, 3)]
length: 16 76
Estimated difference between T3^fnT3 - (T2^WT3 + h.c.) is: -1.6301871136093426e-06 2.65751002537796e-12
total cost: -7.784456650469551
singles alt: [(4, 0), (5, 1), (6, 0), (7, 1), (8, 0), (9, 1), (10, 0), (11, 1), (4, 2), (5, 3), (6, 2), (7, 3), (8, 2), (9, 3), (10, 2), (11, 3)]
length: 16 76
Estimated difference between T3^fnT3 - (T2^WT3 + h.c.) is: -1.630187672787898e-06 2.6575118485096228e-12
total cost: -7.784456650469533
singles alt: [(4, 0), (5, 1), (6, 0), (7, 1), (8, 0), (9, 1), (10, 0), (11, 1), (4, 2), (5, 3), (6, 2), (7, 3), (8, 2), (9, 3), (10, 2), (11, 3)]
length: 16 76
Estimated difference between T3^fnT3 - (T2^WT3 + h.c.) is: -1.6301873935646673e-06 2.6575109381371635e-12
total cost: -7.784456650469562
singles alt: [(4, 0), (5, 1), (6, 0), (7, 1), (8, 0), (9, 1), (10, 0), (11, 1), (4, 2), (5, 3), (6, 2), (7, 3), (8, 2), (9, 3), (10, 2), (11, 3)]
length: 16 76
Estimated difference between T3^fnT3 - (T2^WT3 + h.c.) is: -1.6301873935424225e-06 2.657510938064637e-12
total cost: -7.784456650469556
singles alt: [(4, 0), (5, 1), (6, 0), (7, 1), (8, 0), (9, 1), (10, 0), (11, 1), (4, 2), (5, 3), (6, 2), (7, 3), (8, 2), (9, 3), (10, 2), (11, 3)]
length: 16 76
Estimated difference between T3^fnT3 - (T2^WT3 + h.c.) is: -1.6301873935916436e-06 2.6575109382251165e-12
total cost: -7.784456650469548
singles alt: [(4, 0), (5, 1), (6, 0), (7, 1), (8, 0), (9, 1), (10, 0), (11, 1), (4, 2), (5, 3), (6, 2), (7, 3), (8, 2), (9, 3), (10, 2), (11, 3)]
length: 16 76
Estimated difference between T3^fnT3 - (T2^WT3 + h.c.) is: -1.63018739355401e-06 2.6575109381024163e-12
total cost: -7.784456650469554
singles alt: [(4, 0), (5, 1), (6, 0), (7, 1), (8, 0), (9, 1), (10, 0), (11, 1), (4, 2), (5, 3), (6, 2), (7, 3), (8, 2), (9, 3), (10, 2), (11, 3)]
length: 16 76
Estimated difference between T3^fnT3 - (T2^WT3 + h.c.) is: -1.630187393559652e-06 2.6575109381208118e-12
total cost: -7.784456650474502
singles alt: [(4, 0), (5, 1), (6, 0), (7, 1), (8, 0), (9, 1), (10, 0), (11, 1), (4, 2), (5, 3), (6, 2), (7, 3), (8, 2), (9, 3), (10, 2), (11, 3)]
length: 16 76
Estimated difference between T3^fnT3 - (T2^WT3 + h.c.) is: -1.630187393559652e-06 2.6575109381208118e-12
total cost: -7.784456650474893
singles alt: [(4, 0), (5, 1), (6, 0), (7, 1), (8, 0), (9, 1), (10, 0), (11, 1), (4, 2), (5, 3), (6, 2), (7, 3), (8, 2), (9, 3), (10, 2), (11, 3)]
length: 16 76
Estimated difference between T3^fnT3 - (T2^WT3 + h.c.) is: -1.630187393559652e-06 2.6575109381208118e-12
total cost: -7.78445665046961
singles alt: [(4, 0), (5, 1), (6, 0), (7, 1), (8, 0), (9, 1), (10, 0), (11, 1), (4, 2), (5, 3), (6, 2), (7, 3), (8, 2), (9, 3), (10, 2), (11, 3)]
length: 16 76
Estimated difference between T3^fnT3 - (T2^WT3 + h.c.) is: -1.630187393559652e-06 2.6575109381208118e-12
total cost: -7.78445665046957
singles alt: [(4, 0), (5, 1), (6, 0), (7, 1), (8, 0), (9, 1), (10, 0), (11, 1), (4, 2), (5, 3), (6, 2), (7, 3), (8, 2), (9, 3), (10, 2), (11, 3)]
length: 16 76
Estimated difference between T3^fnT3 - (T2^WT3 + h.c.) is: -1.630187393559652e-06 2.6575109381208118e-12
total cost: -7.784456650469576
singles alt: [(4, 0), (5, 1), (6, 0), (7, 1), (8, 0), (9, 1), (10, 0), (11, 1), (4, 2), (5, 3), (6, 2), (7, 3), (8, 2), (9, 3), (10, 2), (11, 3)]
length: 16 76
Estimated difference between T3^fnT3 - (T2^WT3 + h.c.) is: -1.630187393559652e-06 2.6575109381208118e-12
total cost: -7.784456650469499
singles alt: [(4, 0), (5, 1), (6, 0), (7, 1), (8, 0), (9, 1), (10, 0), (11, 1), (4, 2), (5, 3), (6, 2), (7, 3), (8, 2), (9, 3), (10, 2), (11, 3)]
length: 16 76
Estimated difference between T3^fnT3 - (T2^WT3 + h.c.) is: -1.630187393559652e-06 2.6575109381208118e-12
total cost: -7.784456650464859
singles alt: [(4, 0), (5, 1), (6, 0), (7, 1), (8, 0), (9, 1), (10, 0), (11, 1), (4, 2), (5, 3), (6, 2), (7, 3), (8, 2), (9, 3), (10, 2), (11, 3)]
length: 16 76
Estimated difference between T3^fnT3 - (T2^WT3 + h.c.) is: -1.630187393559652e-06 2.6575109381208118e-12
total cost: -7.784456650464414
singles alt: [(4, 0), (5, 1), (6, 0), (7, 1), (8, 0), (9, 1), (10, 0), (11, 1), (4, 2), (5, 3), (6, 2), (7, 3), (8, 2), (9, 3), (10, 2), (11, 3)]
length: 16 76
Estimated difference between T3^fnT3 - (T2^WT3 + h.c.) is: -1.630187393559652e-06 2.6575109381208118e-12
total cost: -7.78445665047006
singles alt: [(4, 0), (5, 1), (6, 0), (7, 1), (8, 0), (9, 1), (10, 0), (11, 1), (4, 2), (5, 3), (6, 2), (7, 3), (8, 2), (9, 3), (10, 2), (11, 3)]
length: 16 76
Estimated difference between T3^fnT3 - (T2^WT3 + h.c.) is: -1.630187393559652e-06 2.6575109381208118e-12
total cost: -7.784456650470059
singles alt: [(4, 0), (5, 1), (6, 0), (7, 1), (8, 0), (9, 1), (10, 0), (11, 1), (4, 2), (5, 3), (6, 2), (7, 3), (8, 2), (9, 3), (10, 2), (11, 3)]
length: 16 76
Estimated difference between T3^fnT3 - (T2^WT3 + h.c.) is: -1.630187393559652e-06 2.6575109381208118e-12
total cost: -7.784456650469545
singles alt: [(4, 0), (5, 1), (6, 0), (7, 1), (8, 0), (9, 1), (10, 0), (11, 1), (4, 2), (5, 3), (6, 2), (7, 3), (8, 2), (9, 3), (10, 2), (11, 3)]
length: 16 76
Estimated difference between T3^fnT3 - (T2^WT3 + h.c.) is: -1.630187393559652e-06 2.6575109381208118e-12
total cost: -7.784456650469545
singles alt: [(4, 0), (5, 1), (6, 0), (7, 1), (8, 0), (9, 1), (10, 0), (11, 1), (4, 2), (5, 3), (6, 2), (7, 3), (8, 2), (9, 3), (10, 2), (11, 3)]
length: 16 76
Estimated difference between T3^fnT3 - (T2^WT3 + h.c.) is: -1.630187393559652e-06 2.6575109381208118e-12
total cost: -7.784456650469545
singles alt: [(4, 0), (5, 1), (6, 0), (7, 1), (8, 0), (9, 1), (10, 0), (11, 1), (4, 2), (5, 3), (6, 2), (7, 3), (8, 2), (9, 3), (10, 2), (11, 3)]
length: 16 76
Estimated difference between T3^fnT3 - (T2^WT3 + h.c.) is: -1.630187393559652e-06 2.6575109381208118e-12
total cost: -7.784456650469553
singles alt: [(4, 0), (5, 1), (6, 0), (7, 1), (8, 0), (9, 1), (10, 0), (11, 1), (4, 2), (5, 3), (6, 2), (7, 3), (8, 2), (9, 3), (10, 2), (11, 3)]
length: 16 76
Estimated difference between T3^fnT3 - (T2^WT3 + h.c.) is: -1.630187393559652e-06 2.6575109381208118e-12
total cost: -7.784456650469806
singles alt: [(4, 0), (5, 1), (6, 0), (7, 1), (8, 0), (9, 1), (10, 0), (11, 1), (4, 2), (5, 3), (6, 2), (7, 3), (8, 2), (9, 3), (10, 2), (11, 3)]
length: 16 76
Estimated difference between T3^fnT3 - (T2^WT3 + h.c.) is: -1.630187393559652e-06 2.6575109381208118e-12
total cost: -7.784456650469854
singles alt: [(4, 0), (5, 1), (6, 0), (7, 1), (8, 0), (9, 1), (10, 0), (11, 1), (4, 2), (5, 3), (6, 2), (7, 3), (8, 2), (9, 3), (10, 2), (11, 3)]
callback: energy=-7.784455020282
singles alt: [(4, 0), (5, 1), (6, 0), (7, 1), (8, 0), (9, 1), (10, 0), (11, 1), (4, 2), (5, 3), (6, 2), (7, 3), (8, 2), (9, 3), (10, 2), (11, 3)]
length: 16 76
Estimated difference between T3^fnT3 - (T2^WT3 + h.c.) is: -1.6295751417169757e-06 2.6555151425019014e-12
total cost: -7.7844566734887035
singles alt: [(4, 0), (5, 1), (6, 0), (7, 1), (8, 0), (9, 1), (10, 0), (11, 1), (4, 2), (5, 3), (6, 2), (7, 3), (8, 2), (9, 3), (10, 2), (11, 3)]
length: 16 76
Estimated difference between T3^fnT3 - (T2^WT3 + h.c.) is: -1.629575476529507e-06 2.65551623370637e-12
total cost: -7.784456673488566
singles alt: [(4, 0), (5, 1), (6, 0), (7, 1), (8, 0), (9, 1), (10, 0), (11, 1), (4, 2), (5, 3), (6, 2), (7, 3), (8, 2), (9, 3), (10, 2), (11, 3)]
length: 16 76
Estimated difference between T3^fnT3 - (T2^WT3 + h.c.) is: -1.6295752204885493e-06 2.655515399230304e-12
total cost: -7.784456673484801
singles alt: [(4, 0), (5, 1), (6, 0), (7, 1), (8, 0), (9, 1), (10, 0), (11, 1), (4, 2), (5, 3), (6, 2), (7, 3), (8, 2), (9, 3), (10, 2), (11, 3)]
length: 16 76
Estimated difference between T3^fnT3 - (T2^WT3 + h.c.) is: -1.62957522019817e-06 2.6555153982839146e-12
total cost: -7.784456673484864
singles alt: [(4, 0), (5, 1), (6, 0), (7, 1), (8, 0), (9, 1), (10, 0), (11, 1), (4, 2), (5, 3), (6, 2), (7, 3), (8, 2), (9, 3), (10, 2), (11, 3)]
length: 16 76
Estimated difference between T3^fnT3 - (T2^WT3 + h.c.) is: -1.6295752087494258e-06 2.6555153609707346e-12
total cost: -7.784456673488303
singles alt: [(4, 0), (5, 1), (6, 0), (7, 1), (8, 0), (9, 1), (10, 0), (11, 1), (4, 2), (5, 3), (6, 2), (7, 3), (8, 2), (9, 3), (10, 2), (11, 3)]
length: 16 76
Estimated difference between T3^fnT3 - (T2^WT3 + h.c.) is: -1.6295751416413936e-06 2.655515142255568e-12
total cost: -7.784456673488988
singles alt: [(4, 0), (5, 1), (6, 0), (7, 1), (8, 0), (9, 1), (10, 0), (11, 1), (4, 2), (5, 3), (6, 2), (7, 3), (8, 2), (9, 3), (10, 2), (11, 3)]
length: 16 76
Estimated difference between T3^fnT3 - (T2^WT3 + h.c.) is: -1.6295751417414697e-06 2.655515142581731e-12
total cost: -7.784456673488695
singles alt: [(4, 0), (5, 1), (6, 0), (7, 1), (8, 0), (9, 1), (10, 0), (11, 1), (4, 2), (5, 3), (6, 2), (7, 3), (8, 2), (9, 3), (10, 2), (11, 3)]
length: 16 76
Estimated difference between T3^fnT3 - (T2^WT3 + h.c.) is: -1.6295751417261137e-06 2.6555151425316835e-12
total cost: -7.784456673488688
singles alt: [(4, 0), (5, 1), (6, 0), (7, 1), (8, 0), (9, 1), (10, 0), (11, 1), (4, 2), (5, 3), (6, 2), (7, 3), (8, 2), (9, 3), (10, 2), (11, 3)]
length: 16 76
Estimated difference between T3^fnT3 - (T2^WT3 + h.c.) is: -1.6295751417086438e-06 2.6555151424747466e-12
total cost: -7.784456673488704
singles alt: [(4, 0), (5, 1), (6, 0), (7, 1), (8, 0), (9, 1), (10, 0), (11, 1), (4, 2), (5, 3), (6, 2), (7, 3), (8, 2), (9, 3), (10, 2), (11, 3)]
length: 16 76
Estimated difference between T3^fnT3 - (T2^WT3 + h.c.) is: -1.629575141895438e-06 2.655515143083537e-12
total cost: -7.784456673488059
singles alt: [(4, 0), (5, 1), (6, 0), (7, 1), (8, 0), (9, 1), (10, 0), (11, 1), (4, 2), (5, 3), (6, 2), (7, 3), (8, 2), (9, 3), (10, 2), (11, 3)]
length: 16 76
Estimated difference between T3^fnT3 - (T2^WT3 + h.c.) is: -1.6295751416825683e-06 2.6555151423897627e-12
total cost: -7.784456673488736
singles alt: [(4, 0), (5, 1), (6, 0), (7, 1), (8, 0), (9, 1), (10, 0), (11, 1), (4, 2), (5, 3), (6, 2), (7, 3), (8, 2), (9, 3), (10, 2), (11, 3)]
length: 16 76
Estimated difference between T3^fnT3 - (T2^WT3 + h.c.) is: -1.629575141694578e-06 2.655515142428904e-12
total cost: -7.784456673488736
singles alt: [(4, 0), (5, 1), (6, 0), (7, 1), (8, 0), (9, 1), (10, 0), (11, 1), (4, 2), (5, 3), (6, 2), (7, 3), (8, 2), (9, 3), (10, 2), (11, 3)]
length: 16 76
Estimated difference between T3^fnT3 - (T2^WT3 + h.c.) is: -1.629575141737e-06 2.6555151425671634e-12
total cost: -7.784456673488696
singles alt: [(4, 0), (5, 1), (6, 0), (7, 1), (8, 0), (9, 1), (10, 0), (11, 1), (4, 2), (5, 3), (6, 2), (7, 3), (8, 2), (9, 3), (10, 2), (11, 3)]
length: 16 76
Estimated difference between T3^fnT3 - (T2^WT3 + h.c.) is: -1.6295752043587099e-06 2.655515346660731e-12
total cost: -7.7844566734805225
singles alt: [(4, 0), (5, 1), (6, 0), (7, 1), (8, 0), (9, 1), (10, 0), (11, 1), (4, 2), (5, 3), (6, 2), (7, 3), (8, 2), (9, 3), (10, 2), (11, 3)]
length: 16 76
Estimated difference between T3^fnT3 - (T2^WT3 + h.c.) is: -1.629574955957937e-06 2.6555145370853124e-12
total cost: -7.784456673487732
singles alt: [(4, 0), (5, 1), (6, 0), (7, 1), (8, 0), (9, 1), (10, 0), (11, 1), (4, 2), (5, 3), (6, 2), (7, 3), (8, 2), (9, 3), (10, 2), (11, 3)]
length: 16 76
Estimated difference between T3^fnT3 - (T2^WT3 + h.c.) is: -1.6295751065962681e-06 2.6555150280382388e-12
total cost: -7.784456673487716
singles alt: [(4, 0), (5, 1), (6, 0), (7, 1), (8, 0), (9, 1), (10, 0), (11, 1), (4, 2), (5, 3), (6, 2), (7, 3), (8, 2), (9, 3), (10, 2), (11, 3)]
length: 16 76
Estimated difference between T3^fnT3 - (T2^WT3 + h.c.) is: -1.6295749948041294e-06 2.6555146636908785e-12
total cost: -7.784456673488478
singles alt: [(4, 0), (5, 1), (6, 0), (7, 1), (8, 0), (9, 1), (10, 0), (11, 1), (4, 2), (5, 3), (6, 2), (7, 3), (8, 2), (9, 3), (10, 2), (11, 3)]
length: 16 76
Estimated difference between T3^fnT3 - (T2^WT3 + h.c.) is: -1.6295751415675957e-06 2.6555151420150495e-12
total cost: -7.784456673489143
singles alt: [(4, 0), (5, 1), (6, 0), (7, 1), (8, 0), (9, 1), (10, 0), (11, 1), (4, 2), (5, 3), (6, 2), (7, 3), (8, 2), (9, 3), (10, 2), (11, 3)]
length: 16 76
Estimated difference between T3^fnT3 - (T2^WT3 + h.c.) is: -1.6295751417396234e-06 2.655515142575714e-12
total cost: -7.784456673488693
singles alt: [(4, 0), (5, 1), (6, 0), (7, 1), (8, 0), (9, 1), (10, 0), (11, 1), (4, 2), (5, 3), (6, 2), (7, 3), (8, 2), (9, 3), (10, 2), (11, 3)]
length: 16 76
Estimated difference between T3^fnT3 - (T2^WT3 + h.c.) is: -1.6295751417307726e-06 2.6555151425468676e-12
total cost: -7.784456673488691
singles alt: [(4, 0), (5, 1), (6, 0), (7, 1), (8, 0), (9, 1), (10, 0), (11, 1), (4, 2), (5, 3), (6, 2), (7, 3), (8, 2), (9, 3), (10, 2), (11, 3)]
length: 16 76
Estimated difference between T3^fnT3 - (T2^WT3 + h.c.) is: -1.6295751416989957e-06 2.655515142443302e-12
total cost: -7.784456673488708
singles alt: [(4, 0), (5, 1), (6, 0), (7, 1), (8, 0), (9, 1), (10, 0), (11, 1), (4, 2), (5, 3), (6, 2), (7, 3), (8, 2), (9, 3), (10, 2), (11, 3)]
length: 16 76
Estimated difference between T3^fnT3 - (T2^WT3 + h.c.) is: -1.6295753405038024e-06 2.6555157903780836e-12
total cost: -7.784456673489066
singles alt: [(4, 0), (5, 1), (6, 0), (7, 1), (8, 0), (9, 1), (10, 0), (11, 1), (4, 2), (5, 3), (6, 2), (7, 3), (8, 2), (9, 3), (10, 2), (11, 3)]
length: 16 76
Estimated difference between T3^fnT3 - (T2^WT3 + h.c.) is: -1.6295754854165818e-06 2.6555162626706882e-12
total cost: -7.784456673490203
singles alt: [(4, 0), (5, 1), (6, 0), (7, 1), (8, 0), (9, 1), (10, 0), (11, 1), (4, 2), (5, 3), (6, 2), (7, 3), (8, 2), (9, 3), (10, 2), (11, 3)]
length: 16 76
Estimated difference between T3^fnT3 - (T2^WT3 + h.c.) is: -1.6295753806820441e-06 2.6555159213250292e-12
total cost: -7.784456673490103
singles alt: [(4, 0), (5, 1), (6, 0), (7, 1), (8, 0), (9, 1), (10, 0), (11, 1), (4, 2), (5, 3), (6, 2), (7, 3), (8, 2), (9, 3), (10, 2), (11, 3)]
length: 16 76
Estimated difference between T3^fnT3 - (T2^WT3 + h.c.) is: -1.6295753221152624e-06 2.6555157304470614e-12
total cost: -7.784456673488637
singles alt: [(4, 0), (5, 1), (6, 0), (7, 1), (8, 0), (9, 1), (10, 0), (11, 1), (4, 2), (5, 3), (6, 2), (7, 3), (8, 2), (9, 3), (10, 2), (11, 3)]
length: 16 76
Estimated difference between T3^fnT3 - (T2^WT3 + h.c.) is: -1.6295751634240518e-06 2.6555152132485254e-12
total cost: -7.7844566734896254
singles alt: [(4, 0), (5, 1), (6, 0), (7, 1), (8, 0), (9, 1), (10, 0), (11, 1), (4, 2), (5, 3), (6, 2), (7, 3), (8, 2), (9, 3), (10, 2), (11, 3)]
length: 16 76
Estimated difference between T3^fnT3 - (T2^WT3 + h.c.) is: -1.6295752672176949e-06 2.6555155515276215e-12
total cost: -7.784456673488657
singles alt: [(4, 0), (5, 1), (6, 0), (7, 1), (8, 0), (9, 1), (10, 0), (11, 1), (4, 2), (5, 3), (6, 2), (7, 3), (8, 2), (9, 3), (10, 2), (11, 3)]
length: 16 76
Estimated difference between T3^fnT3 - (T2^WT3 + h.c.) is: -1.6295752671110375e-06 2.6555155511800093e-12
total cost: -7.784456673488661
singles alt: [(4, 0), (5, 1), (6, 0), (7, 1), (8, 0), (9, 1), (10, 0), (11, 1), (4, 2), (5, 3), (6, 2), (7, 3), (8, 2), (9, 3), (10, 2), (11, 3)]
length: 16 76
Estimated difference between T3^fnT3 - (T2^WT3 + h.c.) is: -1.6295751610376197e-06 2.6555152054707844e-12
total cost: -7.784456673488711
singles alt: [(4, 0), (5, 1), (6, 0), (7, 1), (8, 0), (9, 1), (10, 0), (11, 1), (4, 2), (5, 3), (6, 2), (7, 3), (8, 2), (9, 3), (10, 2), (11, 3)]
length: 16 76
Estimated difference between T3^fnT3 - (T2^WT3 + h.c.) is: -1.6295751416411088e-06 2.65551514225464e-12
total cost: -7.7844566734906415
singles alt: [(4, 0), (5, 1), (6, 0), (7, 1), (8, 0), (9, 1), (10, 0), (11, 1), (4, 2), (5, 3), (6, 2), (7, 3), (8, 2), (9, 3), (10, 2), (11, 3)]
length: 16 76
Estimated difference between T3^fnT3 - (T2^WT3 + h.c.) is: -1.6295751416726521e-06 2.655515142357444e-12
total cost: -7.784456673488611
singles alt: [(4, 0), (5, 1), (6, 0), (7, 1), (8, 0), (9, 1), (10, 0), (11, 1), (4, 2), (5, 3), (6, 2), (7, 3), (8, 2), (9, 3), (10, 2), (11, 3)]
length: 16 76
Estimated difference between T3^fnT3 - (T2^WT3 + h.c.) is: -1.6295751417299732e-06 2.655515142544262e-12
total cost: -7.784456673488623
singles alt: [(4, 0), (5, 1), (6, 0), (7, 1), (8, 0), (9, 1), (10, 0), (11, 1), (4, 2), (5, 3), (6, 2), (7, 3), (8, 2), (9, 3), (10, 2), (11, 3)]
length: 16 76
Estimated difference between T3^fnT3 - (T2^WT3 + h.c.) is: -1.6295751417144083e-06 2.655515142493534e-12
total cost: -7.784456673488717
singles alt: [(4, 0), (5, 1), (6, 0), (7, 1), (8, 0), (9, 1), (10, 0), (11, 1), (4, 2), (5, 3), (6, 2), (7, 3), (8, 2), (9, 3), (10, 2), (11, 3)]
length: 16 76
Estimated difference between T3^fnT3 - (T2^WT3 + h.c.) is: -1.6295751418162318e-06 2.655515142825392e-12
total cost: -7.784456673488161
singles alt: [(4, 0), (5, 1), (6, 0), (7, 1), (8, 0), (9, 1), (10, 0), (11, 1), (4, 2), (5, 3), (6, 2), (7, 3), (8, 2), (9, 3), (10, 2), (11, 3)]
length: 16 76
Estimated difference between T3^fnT3 - (T2^WT3 + h.c.) is: -1.629575141700652e-06 2.6555151424487e-12
total cost: -7.784456673488731
singles alt: [(4, 0), (5, 1), (6, 0), (7, 1), (8, 0), (9, 1), (10, 0), (11, 1), (4, 2), (5, 3), (6, 2), (7, 3), (8, 2), (9, 3), (10, 2), (11, 3)]
length: 16 76
Estimated difference between T3^fnT3 - (T2^WT3 + h.c.) is: -1.6295751416933316e-06 2.6555151424248415e-12
total cost: -7.784456673488735
singles alt: [(4, 0), (5, 1), (6, 0), (7, 1), (8, 0), (9, 1), (10, 0), (11, 1), (4, 2), (5, 3), (6, 2), (7, 3), (8, 2), (9, 3), (10, 2), (11, 3)]
length: 16 76
Estimated difference between T3^fnT3 - (T2^WT3 + h.c.) is: -1.6295751417259805e-06 2.6555151425312493e-12
total cost: -7.7844566734887
singles alt: [(4, 0), (5, 1), (6, 0), (7, 1), (8, 0), (9, 1), (10, 0), (11, 1), (4, 2), (5, 3), (6, 2), (7, 3), (8, 2), (9, 3), (10, 2), (11, 3)]
length: 16 76
Estimated difference between T3^fnT3 - (T2^WT3 + h.c.) is: -1.6295751634126078e-06 2.6555152132112275e-12
total cost: -7.784456673489693
singles alt: [(4, 0), (5, 1), (6, 0), (7, 1), (8, 0), (9, 1), (10, 0), (11, 1), (4, 2), (5, 3), (6, 2), (7, 3), (8, 2), (9, 3), (10, 2), (11, 3)]
length: 16 76
Estimated difference between T3^fnT3 - (T2^WT3 + h.c.) is: -1.629575267210778e-06 2.6555155515050784e-12
total cost: -7.784456673488656
singles alt: [(4, 0), (5, 1), (6, 0), (7, 1), (8, 0), (9, 1), (10, 0), (11, 1), (4, 2), (5, 3), (6, 2), (7, 3), (8, 2), (9, 3), (10, 2), (11, 3)]
length: 16 76
Estimated difference between T3^fnT3 - (T2^WT3 + h.c.) is: -1.6295752671181761e-06 2.655515551203275e-12
total cost: -7.784456673488649
singles alt: [(4, 0), (5, 1), (6, 0), (7, 1), (8, 0), (9, 1), (10, 0), (11, 1), (4, 2), (5, 3), (6, 2), (7, 3), (8, 2), (9, 3), (10, 2), (11, 3)]
length: 16 76
Estimated difference between T3^fnT3 - (T2^WT3 + h.c.) is: -1.629575161036481e-06 2.6555152054670726e-12
total cost: -7.784456673488711
singles alt: [(4, 0), (5, 1), (6, 0), (7, 1), (8, 0), (9, 1), (10, 0), (11, 1), (4, 2), (5, 3), (6, 2), (7, 3), (8, 2), (9, 3), (10, 2), (11, 3)]
length: 16 76
Estimated difference between T3^fnT3 - (T2^WT3 + h.c.) is: -1.629575340757139e-06 2.6555157912037456e-12
total cost: -7.784456673487966
singles alt: [(4, 0), (5, 1), (6, 0), (7, 1), (8, 0), (9, 1), (10, 0), (11, 1), (4, 2), (5, 3), (6, 2), (7, 3), (8, 2), (9, 3), (10, 2), (11, 3)]
length: 16 76
Estimated difference between T3^fnT3 - (T2^WT3 + h.c.) is: -1.629575380582929e-06 2.655515921001998e-12
total cost: -7.78445667349039
singles alt: [(4, 0), (5, 1), (6, 0), (7, 1), (8, 0), (9, 1), (10, 0), (11, 1), (4, 2), (5, 3), (6, 2), (7, 3), (8, 2), (9, 3), (10, 2), (11, 3)]
length: 16 76
Estimated difference between T3^fnT3 - (T2^WT3 + h.c.) is: -1.629575485332582e-06 2.6555162623969197e-12
total cost: -7.784456673490419
singles alt: [(4, 0), (5, 1), (6, 0), (7, 1), (8, 0), (9, 1), (10, 0), (11, 1), (4, 2), (5, 3), (6, 2), (7, 3), (8, 2), (9, 3), (10, 2), (11, 3)]
length: 16 76
Estimated difference between T3^fnT3 - (T2^WT3 + h.c.) is: -1.6295753222511153e-06 2.6555157308898264e-12
total cost: -7.784456673488641
singles alt: [(4, 0), (5, 1), (6, 0), (7, 1), (8, 0), (9, 1), (10, 0), (11, 1), (4, 2), (5, 3), (6, 2), (7, 3), (8, 2), (9, 3), (10, 2), (11, 3)]
length: 16 76
Estimated difference between T3^fnT3 - (T2^WT3 + h.c.) is: -1.6295751416557021e-06 2.655515142302202e-12
total cost: -7.784456673492006
singles alt: [(4, 0), (5, 1), (6, 0), (7, 1), (8, 0), (9, 1), (10, 0), (11, 1), (4, 2), (5, 3), (6, 2), (7, 3), (8, 2), (9, 3), (10, 2), (11, 3)]
length: 16 76
Estimated difference between T3^fnT3 - (T2^WT3 + h.c.) is: -1.6295751417354499e-06 2.6555151425621115e-12
total cost: -7.784456673488534
singles alt: [(4, 0), (5, 1), (6, 0), (7, 1), (8, 0), (9, 1), (10, 0), (11, 1), (4, 2), (5, 3), (6, 2), (7, 3), (8, 2), (9, 3), (10, 2), (11, 3)]
length: 16 76
Estimated difference between T3^fnT3 - (T2^WT3 + h.c.) is: -1.6295751417153786e-06 2.6555151424966964e-12
total cost: -7.7844566734885445
singles alt: [(4, 0), (5, 1), (6, 0), (7, 1), (8, 0), (9, 1), (10, 0), (11, 1), (4, 2), (5, 3), (6, 2), (7, 3), (8, 2), (9, 3), (10, 2), (11, 3)]
length: 16 76
Estimated difference between T3^fnT3 - (T2^WT3 + h.c.) is: -1.6295751416961164e-06 2.655515142433918e-12
total cost: -7.784456673488725
singles alt: [(4, 0), (5, 1), (6, 0), (7, 1), (8, 0), (9, 1), (10, 0), (11, 1), (4, 2), (5, 3), (6, 2), (7, 3), (8, 2), (9, 3), (10, 2), (11, 3)]
length: 16 76
Estimated difference between T3^fnT3 - (T2^WT3 + h.c.) is: -1.6295752040274245e-06 2.655515345581022e-12
total cost: -7.784456673496058
singles alt: [(4, 0), (5, 1), (6, 0), (7, 1), (8, 0), (9, 1), (10, 0), (11, 1), (4, 2), (5, 3), (6, 2), (7, 3), (8, 2), (9, 3), (10, 2), (11, 3)]
length: 16 76
Estimated difference between T3^fnT3 - (T2^WT3 + h.c.) is: -1.6295751067524496e-06 2.6555150285472574e-12
total cost: -7.784456673486905
singles alt: [(4, 0), (5, 1), (6, 0), (7, 1), (8, 0), (9, 1), (10, 0), (11, 1), (4, 2), (5, 3), (6, 2), (7, 3), (8, 2), (9, 3), (10, 2), (11, 3)]
length: 16 76
Estimated difference between T3^fnT3 - (T2^WT3 + h.c.) is: -1.6295749554890386e-06 2.6555145355571022e-12
total cost: -7.784456673488431
singles alt: [(4, 0), (5, 1), (6, 0), (7, 1), (8, 0), (9, 1), (10, 0), (11, 1), (4, 2), (5, 3), (6, 2), (7, 3), (8, 2), (9, 3), (10, 2), (11, 3)]
length: 16 76
Estimated difference between T3^fnT3 - (T2^WT3 + h.c.) is: -1.6295749944440155e-06 2.655514662517213e-12
total cost: -7.784456673488583
singles alt: [(4, 0), (5, 1), (6, 0), (7, 1), (8, 0), (9, 1), (10, 0), (11, 1), (4, 2), (5, 3), (6, 2), (7, 3), (8, 2), (9, 3), (10, 2), (11, 3)]
length: 16 76
Estimated difference between T3^fnT3 - (T2^WT3 + h.c.) is: -1.6295751417080257e-06 2.655515142472732e-12
total cost: -7.784456673488925
singles alt: [(4, 0), (5, 1), (6, 0), (7, 1), (8, 0), (9, 1), (10, 0), (11, 1), (4, 2), (5, 3), (6, 2), (7, 3), (8, 2), (9, 3), (10, 2), (11, 3)]
length: 16 76
Estimated difference between T3^fnT3 - (T2^WT3 + h.c.) is: -1.6295751417410712e-06 2.6555151425804322e-12
total cost: -7.784456673488687
singles alt: [(4, 0), (5, 1), (6, 0), (7, 1), (8, 0), (9, 1), (10, 0), (11, 1), (4, 2), (5, 3), (6, 2), (7, 3), (8, 2), (9, 3), (10, 2), (11, 3)]
length: 16 76
Estimated difference between T3^fnT3 - (T2^WT3 + h.c.) is: -1.6295751417200622e-06 2.655515142511961e-12
total cost: -7.784456673488681
singles alt: [(4, 0), (5, 1), (6, 0), (7, 1), (8, 0), (9, 1), (10, 0), (11, 1), (4, 2), (5, 3), (6, 2), (7, 3), (8, 2), (9, 3), (10, 2), (11, 3)]
length: 16 76
Estimated difference between T3^fnT3 - (T2^WT3 + h.c.) is: -1.6295751417165572e-06 2.6555151425005374e-12
total cost: -7.784456673488706
singles alt: [(4, 0), (5, 1), (6, 0), (7, 1), (8, 0), (9, 1), (10, 0), (11, 1), (4, 2), (5, 3), (6, 2), (7, 3), (8, 2), (9, 3), (10, 2), (11, 3)]
length: 16 76
Estimated difference between T3^fnT3 - (T2^WT3 + h.c.) is: -1.6295751417561124e-06 2.6555151426294536e-12
total cost: -7.784456673487952
singles alt: [(4, 0), (5, 1), (6, 0), (7, 1), (8, 0), (9, 1), (10, 0), (11, 1), (4, 2), (5, 3), (6, 2), (7, 3), (8, 2), (9, 3), (10, 2), (11, 3)]
length: 16 76
Estimated difference between T3^fnT3 - (T2^WT3 + h.c.) is: -1.6295751417037304e-06 2.655515142458733e-12
total cost: -7.784456673488742
singles alt: [(4, 0), (5, 1), (6, 0), (7, 1), (8, 0), (9, 1), (10, 0), (11, 1), (4, 2), (5, 3), (6, 2), (7, 3), (8, 2), (9, 3), (10, 2), (11, 3)]
length: 16 76
Estimated difference between T3^fnT3 - (T2^WT3 + h.c.) is: -1.6295751416982626e-06 2.6555151424409126e-12
total cost: -7.784456673488753
singles alt: [(4, 0), (5, 1), (6, 0), (7, 1), (8, 0), (9, 1), (10, 0), (11, 1), (4, 2), (5, 3), (6, 2), (7, 3), (8, 2), (9, 3), (10, 2), (11, 3)]
length: 16 76
Estimated difference between T3^fnT3 - (T2^WT3 + h.c.) is: -1.629575141715008e-06 2.6555151424954883e-12
total cost: -7.784456673488698
singles alt: [(4, 0), (5, 1), (6, 0), (7, 1), (8, 0), (9, 1), (10, 0), (11, 1), (4, 2), (5, 3), (6, 2), (7, 3), (8, 2), (9, 3), (10, 2), (11, 3)]
length: 16 76
Estimated difference between T3^fnT3 - (T2^WT3 + h.c.) is: -1.6295753258506085e-06 2.6555157426211167e-12
total cost: -7.784456673488324
singles alt: [(4, 0), (5, 1), (6, 0), (7, 1), (8, 0), (9, 1), (10, 0), (11, 1), (4, 2), (5, 3), (6, 2), (7, 3), (8, 2), (9, 3), (10, 2), (11, 3)]
length: 16 76
Estimated difference between T3^fnT3 - (T2^WT3 + h.c.) is: -1.6295751733218472e-06 2.6555152455069282e-12
total cost: -7.784456673487469
singles alt: [(4, 0), (5, 1), (6, 0), (7, 1), (8, 0), (9, 1), (10, 0), (11, 1), (4, 2), (5, 3), (6, 2), (7, 3), (8, 2), (9, 3), (10, 2), (11, 3)]
length: 16 76
Estimated difference between T3^fnT3 - (T2^WT3 + h.c.) is: -1.6295751734207694e-06 2.6555152458293308e-12
total cost: -7.784456673487504
singles alt: [(4, 0), (5, 1), (6, 0), (7, 1), (8, 0), (9, 1), (10, 0), (11, 1), (4, 2), (5, 3), (6, 2), (7, 3), (8, 2), (9, 3), (10, 2), (11, 3)]
length: 16 76
Estimated difference between T3^fnT3 - (T2^WT3 + h.c.) is: -1.6295752738358627e-06 2.655515573097227e-12
total cost: -7.784456673488535
singles alt: [(4, 0), (5, 1), (6, 0), (7, 1), (8, 0), (9, 1), (10, 0), (11, 1), (4, 2), (5, 3), (6, 2), (7, 3), (8, 2), (9, 3), (10, 2), (11, 3)]
length: 16 76
Estimated difference between T3^fnT3 - (T2^WT3 + h.c.) is: -1.6295751417169034e-06 2.655515142501666e-12
total cost: -7.78445667348871
singles alt: [(4, 0), (5, 1), (6, 0), (7, 1), (8, 0), (9, 1), (10, 0), (11, 1), (4, 2), (5, 3), (6, 2), (7, 3), (8, 2), (9, 3), (10, 2), (11, 3)]
length: 16 76
Estimated difference between T3^fnT3 - (T2^WT3 + h.c.) is: -1.6295751417294745e-06 2.655515142542637e-12
total cost: -7.7844566734887115
singles alt: [(4, 0), (5, 1), (6, 0), (7, 1), (8, 0), (9, 1), (10, 0), (11, 1), (4, 2), (5, 3), (6, 2), (7, 3), (8, 2), (9, 3), (10, 2), (11, 3)]
length: 16 76
Estimated difference between T3^fnT3 - (T2^WT3 + h.c.) is: -1.6295751416860162e-06 2.655515142401e-12
total cost: -7.784456673488711
singles alt: [(4, 0), (5, 1), (6, 0), (7, 1), (8, 0), (9, 1), (10, 0), (11, 1), (4, 2), (5, 3), (6, 2), (7, 3), (8, 2), (9, 3), (10, 2), (11, 3)]
length: 16 76
Estimated difference between T3^fnT3 - (T2^WT3 + h.c.) is: -1.6295751416925252e-06 2.6555151424222138e-12
total cost: -7.784456673488713
singles alt: [(4, 0), (5, 1), (6, 0), (7, 1), (8, 0), (9, 1), (10, 0), (11, 1), (4, 2), (5, 3), (6, 2), (7, 3), (8, 2), (9, 3), (10, 2), (11, 3)]
length: 16 76
Estimated difference between T3^fnT3 - (T2^WT3 + h.c.) is: -1.6295749955692596e-06 2.655514666184552e-12
total cost: -7.784456673489589
singles alt: [(4, 0), (5, 1), (6, 0), (7, 1), (8, 0), (9, 1), (10, 0), (11, 1), (4, 2), (5, 3), (6, 2), (7, 3), (8, 2), (9, 3), (10, 2), (11, 3)]
length: 16 76
Estimated difference between T3^fnT3 - (T2^WT3 + h.c.) is: -1.6295749958326402e-06 2.6555146670429496e-12
total cost: -7.78445667349031
singles alt: [(4, 0), (5, 1), (6, 0), (7, 1), (8, 0), (9, 1), (10, 0), (11, 1), (4, 2), (5, 3), (6, 2), (7, 3), (8, 2), (9, 3), (10, 2), (11, 3)]
length: 16 76
Estimated difference between T3^fnT3 - (T2^WT3 + h.c.) is: -1.62957486214704e-06 2.655514231341544e-12
total cost: -7.784456673488719
singles alt: [(4, 0), (5, 1), (6, 0), (7, 1), (8, 0), (9, 1), (10, 0), (11, 1), (4, 2), (5, 3), (6, 2), (7, 3), (8, 2), (9, 3), (10, 2), (11, 3)]
length: 16 76
Estimated difference between T3^fnT3 - (T2^WT3 + h.c.) is: -1.6295754213364871e-06 2.6555160538239894e-12
total cost: -7.78445667348869
singles alt: [(4, 0), (5, 1), (6, 0), (7, 1), (8, 0), (9, 1), (10, 0), (11, 1), (4, 2), (5, 3), (6, 2), (7, 3), (8, 2), (9, 3), (10, 2), (11, 3)]
length: 16 76
Estimated difference between T3^fnT3 - (T2^WT3 + h.c.) is: -1.6295751417089106e-06 2.655515142475616e-12
total cost: -7.784456673488717
singles alt: [(4, 0), (5, 1), (6, 0), (7, 1), (8, 0), (9, 1), (10, 0), (11, 1), (4, 2), (5, 3), (6, 2), (7, 3), (8, 2), (9, 3), (10, 2), (11, 3)]
length: 16 76
Estimated difference between T3^fnT3 - (T2^WT3 + h.c.) is: -1.629575141732013e-06 2.6555151425509102e-12
total cost: -7.784456673488702
singles alt: [(4, 0), (5, 1), (6, 0), (7, 1), (8, 0), (9, 1), (10, 0), (11, 1), (4, 2), (5, 3), (6, 2), (7, 3), (8, 2), (9, 3), (10, 2), (11, 3)]
length: 16 76
Estimated difference between T3^fnT3 - (T2^WT3 + h.c.) is: -1.6295751416794042e-06 2.6555151423794504e-12
total cost: -7.784456673488731
singles alt: [(4, 0), (5, 1), (6, 0), (7, 1), (8, 0), (9, 1), (10, 0), (11, 1), (4, 2), (5, 3), (6, 2), (7, 3), (8, 2), (9, 3), (10, 2), (11, 3)]
length: 16 76
Estimated difference between T3^fnT3 - (T2^WT3 + h.c.) is: -1.6295751417252501e-06 2.655515142528869e-12
total cost: -7.784456673488699
singles alt: [(4, 0), (5, 1), (6, 0), (7, 1), (8, 0), (9, 1), (10, 0), (11, 1), (4, 2), (5, 3), (6, 2), (7, 3), (8, 2), (9, 3), (10, 2), (11, 3)]
length: 16 76
Estimated difference between T3^fnT3 - (T2^WT3 + h.c.) is: -1.6295751417169757e-06 2.6555151425019014e-12
total cost: -7.784456673486701
singles alt: [(4, 0), (5, 1), (6, 0), (7, 1), (8, 0), (9, 1), (10, 0), (11, 1), (4, 2), (5, 3), (6, 2), (7, 3), (8, 2), (9, 3), (10, 2), (11, 3)]
length: 16 76
Estimated difference between T3^fnT3 - (T2^WT3 + h.c.) is: -1.6295751417169757e-06 2.6555151425019014e-12
total cost: -7.784456673486593
singles alt: [(4, 0), (5, 1), (6, 0), (7, 1), (8, 0), (9, 1), (10, 0), (11, 1), (4, 2), (5, 3), (6, 2), (7, 3), (8, 2), (9, 3), (10, 2), (11, 3)]
length: 16 76
Estimated difference between T3^fnT3 - (T2^WT3 + h.c.) is: -1.6295751417169757e-06 2.6555151425019014e-12
total cost: -7.784456673488648
singles alt: [(4, 0), (5, 1), (6, 0), (7, 1), (8, 0), (9, 1), (10, 0), (11, 1), (4, 2), (5, 3), (6, 2), (7, 3), (8, 2), (9, 3), (10, 2), (11, 3)]
length: 16 76
Estimated difference between T3^fnT3 - (T2^WT3 + h.c.) is: -1.6295751417169757e-06 2.6555151425019014e-12
total cost: -7.784456673488689
singles alt: [(4, 0), (5, 1), (6, 0), (7, 1), (8, 0), (9, 1), (10, 0), (11, 1), (4, 2), (5, 3), (6, 2), (7, 3), (8, 2), (9, 3), (10, 2), (11, 3)]
length: 16 76
Estimated difference between T3^fnT3 - (T2^WT3 + h.c.) is: -1.6295751417169757e-06 2.6555151425019014e-12
total cost: -7.784456673488665
singles alt: [(4, 0), (5, 1), (6, 0), (7, 1), (8, 0), (9, 1), (10, 0), (11, 1), (4, 2), (5, 3), (6, 2), (7, 3), (8, 2), (9, 3), (10, 2), (11, 3)]
length: 16 76
Estimated difference between T3^fnT3 - (T2^WT3 + h.c.) is: -1.6295751417169757e-06 2.6555151425019014e-12
total cost: -7.784456673488746
singles alt: [(4, 0), (5, 1), (6, 0), (7, 1), (8, 0), (9, 1), (10, 0), (11, 1), (4, 2), (5, 3), (6, 2), (7, 3), (8, 2), (9, 3), (10, 2), (11, 3)]
length: 16 76
Estimated difference between T3^fnT3 - (T2^WT3 + h.c.) is: -1.6295751417169757e-06 2.6555151425019014e-12
total cost: -7.78445667348179
singles alt: [(4, 0), (5, 1), (6, 0), (7, 1), (8, 0), (9, 1), (10, 0), (11, 1), (4, 2), (5, 3), (6, 2), (7, 3), (8, 2), (9, 3), (10, 2), (11, 3)]
length: 16 76
Estimated difference between T3^fnT3 - (T2^WT3 + h.c.) is: -1.6295751417169757e-06 2.6555151425019014e-12
total cost: -7.78445667348243
singles alt: [(4, 0), (5, 1), (6, 0), (7, 1), (8, 0), (9, 1), (10, 0), (11, 1), (4, 2), (5, 3), (6, 2), (7, 3), (8, 2), (9, 3), (10, 2), (11, 3)]
length: 16 76
Estimated difference between T3^fnT3 - (T2^WT3 + h.c.) is: -1.6295751417169757e-06 2.6555151425019014e-12
total cost: -7.784456673488736
singles alt: [(4, 0), (5, 1), (6, 0), (7, 1), (8, 0), (9, 1), (10, 0), (11, 1), (4, 2), (5, 3), (6, 2), (7, 3), (8, 2), (9, 3), (10, 2), (11, 3)]
length: 16 76
Estimated difference between T3^fnT3 - (T2^WT3 + h.c.) is: -1.6295751417169757e-06 2.6555151425019014e-12
total cost: -7.784456673488789
singles alt: [(4, 0), (5, 1), (6, 0), (7, 1), (8, 0), (9, 1), (10, 0), (11, 1), (4, 2), (5, 3), (6, 2), (7, 3), (8, 2), (9, 3), (10, 2), (11, 3)]
length: 16 76
Estimated difference between T3^fnT3 - (T2^WT3 + h.c.) is: -1.6295751417169757e-06 2.6555151425019014e-12
total cost: -7.784456673488711
singles alt: [(4, 0), (5, 1), (6, 0), (7, 1), (8, 0), (9, 1), (10, 0), (11, 1), (4, 2), (5, 3), (6, 2), (7, 3), (8, 2), (9, 3), (10, 2), (11, 3)]
length: 16 76
Estimated difference between T3^fnT3 - (T2^WT3 + h.c.) is: -1.6295751417169757e-06 2.6555151425019014e-12
total cost: -7.784456673488704
singles alt: [(4, 0), (5, 1), (6, 0), (7, 1), (8, 0), (9, 1), (10, 0), (11, 1), (4, 2), (5, 3), (6, 2), (7, 3), (8, 2), (9, 3), (10, 2), (11, 3)]
length: 16 76
Estimated difference between T3^fnT3 - (T2^WT3 + h.c.) is: -1.6295751417169757e-06 2.6555151425019014e-12
total cost: -7.784456673488706
singles alt: [(4, 0), (5, 1), (6, 0), (7, 1), (8, 0), (9, 1), (10, 0), (11, 1), (4, 2), (5, 3), (6, 2), (7, 3), (8, 2), (9, 3), (10, 2), (11, 3)]
length: 16 76
Estimated difference between T3^fnT3 - (T2^WT3 + h.c.) is: -1.6295751417169757e-06 2.6555151425019014e-12
total cost: -7.784456673488699
singles alt: [(4, 0), (5, 1), (6, 0), (7, 1), (8, 0), (9, 1), (10, 0), (11, 1), (4, 2), (5, 3), (6, 2), (7, 3), (8, 2), (9, 3), (10, 2), (11, 3)]
length: 16 76
Estimated difference between T3^fnT3 - (T2^WT3 + h.c.) is: -1.6295751417169757e-06 2.6555151425019014e-12
total cost: -7.784456673488641
singles alt: [(4, 0), (5, 1), (6, 0), (7, 1), (8, 0), (9, 1), (10, 0), (11, 1), (4, 2), (5, 3), (6, 2), (7, 3), (8, 2), (9, 3), (10, 2), (11, 3)]
length: 16 76
Estimated difference between T3^fnT3 - (T2^WT3 + h.c.) is: -1.6295751417169757e-06 2.6555151425019014e-12
total cost: -7.7844566734886085
singles alt: [(4, 0), (5, 1), (6, 0), (7, 1), (8, 0), (9, 1), (10, 0), (11, 1), (4, 2), (5, 3), (6, 2), (7, 3), (8, 2), (9, 3), (10, 2), (11, 3)]
callback: energy=-7.784455043914
singles alt: [(4, 0), (5, 1), (6, 0), (7, 1), (8, 0), (9, 1), (10, 0), (11, 1), (4, 2), (5, 3), (6, 2), (7, 3), (8, 2), (9, 3), (10, 2), (11, 3)]
length: 16 76
Estimated difference between T3^fnT3 - (T2^WT3 + h.c.) is: -1.6298424205976226e-06 2.6563863159795175e-12
total cost: -7.784456713207311
singles alt: [(4, 0), (5, 1), (6, 0), (7, 1), (8, 0), (9, 1), (10, 0), (11, 1), (4, 2), (5, 3), (6, 2), (7, 3), (8, 2), (9, 3), (10, 2), (11, 3)]
length: 16 76
Estimated difference between T3^fnT3 - (T2^WT3 + h.c.) is: -1.6298427554302409e-06 2.65638740742844e-12
total cost: -7.784456713206962
singles alt: [(4, 0), (5, 1), (6, 0), (7, 1), (8, 0), (9, 1), (10, 0), (11, 1), (4, 2), (5, 3), (6, 2), (7, 3), (8, 2), (9, 3), (10, 2), (11, 3)]
length: 16 76
Estimated difference between T3^fnT3 - (T2^WT3 + h.c.) is: -1.6298424975387163e-06 2.6563865667832404e-12
total cost: -7.784456713204554
singles alt: [(4, 0), (5, 1), (6, 0), (7, 1), (8, 0), (9, 1), (10, 0), (11, 1), (4, 2), (5, 3), (6, 2), (7, 3), (8, 2), (9, 3), (10, 2), (11, 3)]
length: 16 76
Estimated difference between T3^fnT3 - (T2^WT3 + h.c.) is: -1.6298424973585911e-06 2.656386566196089e-12
total cost: -7.784456713204595
singles alt: [(4, 0), (5, 1), (6, 0), (7, 1), (8, 0), (9, 1), (10, 0), (11, 1), (4, 2), (5, 3), (6, 2), (7, 3), (8, 2), (9, 3), (10, 2), (11, 3)]
length: 16 76
Estimated difference between T3^fnT3 - (T2^WT3 + h.c.) is: -1.629842487626583e-06 2.6563865344728083e-12
total cost: -7.784456713207115
singles alt: [(4, 0), (5, 1), (6, 0), (7, 1), (8, 0), (9, 1), (10, 0), (11, 1), (4, 2), (5, 3), (6, 2), (7, 3), (8, 2), (9, 3), (10, 2), (11, 3)]
length: 16 76
Estimated difference between T3^fnT3 - (T2^WT3 + h.c.) is: -1.6298424205142339e-06 2.656386315707697e-12
total cost: -7.78445671320763
singles alt: [(4, 0), (5, 1), (6, 0), (7, 1), (8, 0), (9, 1), (10, 0), (11, 1), (4, 2), (5, 3), (6, 2), (7, 3), (8, 2), (9, 3), (10, 2), (11, 3)]
length: 16 76
Estimated difference between T3^fnT3 - (T2^WT3 + h.c.) is: -1.6298424206266707e-06 2.6563863160742055e-12
total cost: -7.784456713207297
singles alt: [(4, 0), (5, 1), (6, 0), (7, 1), (8, 0), (9, 1), (10, 0), (11, 1), (4, 2), (5, 3), (6, 2), (7, 3), (8, 2), (9, 3), (10, 2), (11, 3)]
length: 16 76
Estimated difference between T3^fnT3 - (T2^WT3 + h.c.) is: -1.6298424206072417e-06 2.656386316010873e-12
total cost: -7.784456713207294
singles alt: [(4, 0), (5, 1), (6, 0), (7, 1), (8, 0), (9, 1), (10, 0), (11, 1), (4, 2), (5, 3), (6, 2), (7, 3), (8, 2), (9, 3), (10, 2), (11, 3)]
length: 16 76
Estimated difference between T3^fnT3 - (T2^WT3 + h.c.) is: -1.629842420588509e-06 2.65638631594981e-12
total cost: -7.784456713207313
singles alt: [(4, 0), (5, 1), (6, 0), (7, 1), (8, 0), (9, 1), (10, 0), (11, 1), (4, 2), (5, 3), (6, 2), (7, 3), (8, 2), (9, 3), (10, 2), (11, 3)]
length: 16 76
Estimated difference between T3^fnT3 - (T2^WT3 + h.c.) is: -1.62984242079222e-06 2.656386316613844e-12
total cost: -7.784456713206596
singles alt: [(4, 0), (5, 1), (6, 0), (7, 1), (8, 0), (9, 1), (10, 0), (11, 1), (4, 2), (5, 3), (6, 2), (7, 3), (8, 2), (9, 3), (10, 2), (11, 3)]
length: 16 76
Estimated difference between T3^fnT3 - (T2^WT3 + h.c.) is: -1.6298424205663095e-06 2.6563863158774467e-12
total cost: -7.784456713207343
singles alt: [(4, 0), (5, 1), (6, 0), (7, 1), (8, 0), (9, 1), (10, 0), (11, 1), (4, 2), (5, 3), (6, 2), (7, 3), (8, 2), (9, 3), (10, 2), (11, 3)]
length: 16 76
Estimated difference between T3^fnT3 - (T2^WT3 + h.c.) is: -1.6298424205747392e-06 2.656386315904925e-12
total cost: -7.784456713207347
singles alt: [(4, 0), (5, 1), (6, 0), (7, 1), (8, 0), (9, 1), (10, 0), (11, 1), (4, 2), (5, 3), (6, 2), (7, 3), (8, 2), (9, 3), (10, 2), (11, 3)]
length: 16 76
Estimated difference between T3^fnT3 - (T2^WT3 + h.c.) is: -1.6298424206190729e-06 2.656386316049439e-12
total cost: -7.784456713207306
singles alt: [(4, 0), (5, 1), (6, 0), (7, 1), (8, 0), (9, 1), (10, 0), (11, 1), (4, 2), (5, 3), (6, 2), (7, 3), (8, 2), (9, 3), (10, 2), (11, 3)]
length: 16 76
Estimated difference between T3^fnT3 - (T2^WT3 + h.c.) is: -1.6298424832123762e-06 2.656386520083885e-12
total cost: -7.784456713200646
singles alt: [(4, 0), (5, 1), (6, 0), (7, 1), (8, 0), (9, 1), (10, 0), (11, 1), (4, 2), (5, 3), (6, 2), (7, 3), (8, 2), (9, 3), (10, 2), (11, 3)]
length: 16 76
Estimated difference between T3^fnT3 - (T2^WT3 + h.c.) is: -1.6298422347244852e-06 2.656385710091704e-12
total cost: -7.784456713206914
singles alt: [(4, 0), (5, 1), (6, 0), (7, 1), (8, 0), (9, 1), (10, 0), (11, 1), (4, 2), (5, 3), (6, 2), (7, 3), (8, 2), (9, 3), (10, 2), (11, 3)]
length: 16 76
Estimated difference between T3^fnT3 - (T2^WT3 + h.c.) is: -1.6298423851673665e-06 2.6563862004880503e-12
total cost: -7.784456713206835
singles alt: [(4, 0), (5, 1), (6, 0), (7, 1), (8, 0), (9, 1), (10, 0), (11, 1), (4, 2), (5, 3), (6, 2), (7, 3), (8, 2), (9, 3), (10, 2), (11, 3)]
length: 16 76
Estimated difference between T3^fnT3 - (T2^WT3 + h.c.) is: -1.6298422736653676e-06 2.6563858370266953e-12
total cost: -7.784456713207202
singles alt: [(4, 0), (5, 1), (6, 0), (7, 1), (8, 0), (9, 1), (10, 0), (11, 1), (4, 2), (5, 3), (6, 2), (7, 3), (8, 2), (9, 3), (10, 2), (11, 3)]
length: 16 76
Estimated difference between T3^fnT3 - (T2^WT3 + h.c.) is: -1.6298424204345963e-06 2.6563863154481033e-12
total cost: -7.784456713207831
singles alt: [(4, 0), (5, 1), (6, 0), (7, 1), (8, 0), (9, 1), (10, 0), (11, 1), (4, 2), (5, 3), (6, 2), (7, 3), (8, 2), (9, 3), (10, 2), (11, 3)]
length: 16 76
Estimated difference between T3^fnT3 - (T2^WT3 + h.c.) is: -1.6298424206191302e-06 2.656386316049626e-12
total cost: -7.784456713207297
singles alt: [(4, 0), (5, 1), (6, 0), (7, 1), (8, 0), (9, 1), (10, 0), (11, 1), (4, 2), (5, 3), (6, 2), (7, 3), (8, 2), (9, 3), (10, 2), (11, 3)]
length: 16 76
Estimated difference between T3^fnT3 - (T2^WT3 + h.c.) is: -1.6298424206141736e-06 2.656386316033469e-12
total cost: -7.784456713207292
singles alt: [(4, 0), (5, 1), (6, 0), (7, 1), (8, 0), (9, 1), (10, 0), (11, 1), (4, 2), (5, 3), (6, 2), (7, 3), (8, 2), (9, 3), (10, 2), (11, 3)]
length: 16 76
Estimated difference between T3^fnT3 - (T2^WT3 + h.c.) is: -1.6298424205786596e-06 2.6563863159177043e-12
total cost: -7.784456713207314
singles alt: [(4, 0), (5, 1), (6, 0), (7, 1), (8, 0), (9, 1), (10, 0), (11, 1), (4, 2), (5, 3), (6, 2), (7, 3), (8, 2), (9, 3), (10, 2), (11, 3)]
length: 16 76
Estimated difference between T3^fnT3 - (T2^WT3 + h.c.) is: -1.6298426193410677e-06 2.6563869638205527e-12
total cost: -7.7844567132079066
singles alt: [(4, 0), (5, 1), (6, 0), (7, 1), (8, 0), (9, 1), (10, 0), (11, 1), (4, 2), (5, 3), (6, 2), (7, 3), (8, 2), (9, 3), (10, 2), (11, 3)]
length: 16 76
Estimated difference between T3^fnT3 - (T2^WT3 + h.c.) is: -1.6298427649065855e-06 2.6563874383183432e-12
total cost: -7.784456713208462
singles alt: [(4, 0), (5, 1), (6, 0), (7, 1), (8, 0), (9, 1), (10, 0), (11, 1), (4, 2), (5, 3), (6, 2), (7, 3), (8, 2), (9, 3), (10, 2), (11, 3)]
length: 16 76
Estimated difference between T3^fnT3 - (T2^WT3 + h.c.) is: -1.6298426599549266e-06 2.6563870962089506e-12
total cost: -7.7844567132083915
singles alt: [(4, 0), (5, 1), (6, 0), (7, 1), (8, 0), (9, 1), (10, 0), (11, 1), (4, 2), (5, 3), (6, 2), (7, 3), (8, 2), (9, 3), (10, 2), (11, 3)]
length: 16 76
Estimated difference between T3^fnT3 - (T2^WT3 + h.c.) is: -1.629842600982668e-06 2.656386903977948e-12
total cost: -7.784456713207302
singles alt: [(4, 0), (5, 1), (6, 0), (7, 1), (8, 0), (9, 1), (10, 0), (11, 1), (4, 2), (5, 3), (6, 2), (7, 3), (8, 2), (9, 3), (10, 2), (11, 3)]
length: 16 76
Estimated difference between T3^fnT3 - (T2^WT3 + h.c.) is: -1.6298424423324853e-06 2.6563863868283205e-12
total cost: -7.784456713208302
singles alt: [(4, 0), (5, 1), (6, 0), (7, 1), (8, 0), (9, 1), (10, 0), (11, 1), (4, 2), (5, 3), (6, 2), (7, 3), (8, 2), (9, 3), (10, 2), (11, 3)]
length: 16 76
Estimated difference between T3^fnT3 - (T2^WT3 + h.c.) is: -1.6298425460927133e-06 2.6563867250539783e-12
total cost: -7.784456713207257
singles alt: [(4, 0), (5, 1), (6, 0), (7, 1), (8, 0), (9, 1), (10, 0), (11, 1), (4, 2), (5, 3), (6, 2), (7, 3), (8, 2), (9, 3), (10, 2), (11, 3)]
length: 16 76
Estimated difference between T3^fnT3 - (T2^WT3 + h.c.) is: -1.629842545985816e-06 2.656386724705527e-12
total cost: -7.78445671320726
singles alt: [(4, 0), (5, 1), (6, 0), (7, 1), (8, 0), (9, 1), (10, 0), (11, 1), (4, 2), (5, 3), (6, 2), (7, 3), (8, 2), (9, 3), (10, 2), (11, 3)]
length: 16 76
Estimated difference between T3^fnT3 - (T2^WT3 + h.c.) is: -1.6298424399529078e-06 2.6563863790716476e-12
total cost: -7.784456713207316
singles alt: [(4, 0), (5, 1), (6, 0), (7, 1), (8, 0), (9, 1), (10, 0), (11, 1), (4, 2), (5, 3), (6, 2), (7, 3), (8, 2), (9, 3), (10, 2), (11, 3)]
length: 16 76
Estimated difference between T3^fnT3 - (T2^WT3 + h.c.) is: -1.629842420534874e-06 2.656386315774977e-12
total cost: -7.784456713208828
singles alt: [(4, 0), (5, 1), (6, 0), (7, 1), (8, 0), (9, 1), (10, 0), (11, 1), (4, 2), (5, 3), (6, 2), (7, 3), (8, 2), (9, 3), (10, 2), (11, 3)]
length: 16 76
Estimated difference between T3^fnT3 - (T2^WT3 + h.c.) is: -1.6298424205670314e-06 2.6563863158798e-12
total cost: -7.7844567132072315
singles alt: [(4, 0), (5, 1), (6, 0), (7, 1), (8, 0), (9, 1), (10, 0), (11, 1), (4, 2), (5, 3), (6, 2), (7, 3), (8, 2), (9, 3), (10, 2), (11, 3)]
length: 16 76
Estimated difference between T3^fnT3 - (T2^WT3 + h.c.) is: -1.6298424206095831e-06 2.6563863160185053e-12
total cost: -7.784456713207245
singles alt: [(4, 0), (5, 1), (6, 0), (7, 1), (8, 0), (9, 1), (10, 0), (11, 1), (4, 2), (5, 3), (6, 2), (7, 3), (8, 2), (9, 3), (10, 2), (11, 3)]
length: 16 76
Estimated difference between T3^fnT3 - (T2^WT3 + h.c.) is: -1.6298424205969526e-06 2.6563863159773337e-12
total cost: -7.784456713207323
singles alt: [(4, 0), (5, 1), (6, 0), (7, 1), (8, 0), (9, 1), (10, 0), (11, 1), (4, 2), (5, 3), (6, 2), (7, 3), (8, 2), (9, 3), (10, 2), (11, 3)]
length: 16 76
Estimated difference between T3^fnT3 - (T2^WT3 + h.c.) is: -1.629842420707304e-06 2.6563863163370445e-12
total cost: -7.784456713206757
singles alt: [(4, 0), (5, 1), (6, 0), (7, 1), (8, 0), (9, 1), (10, 0), (11, 1), (4, 2), (5, 3), (6, 2), (7, 3), (8, 2), (9, 3), (10, 2), (11, 3)]
length: 16 76
Estimated difference between T3^fnT3 - (T2^WT3 + h.c.) is: -1.6298424205821956e-06 2.6563863159292304e-12
total cost: -7.784456713207341
singles alt: [(4, 0), (5, 1), (6, 0), (7, 1), (8, 0), (9, 1), (10, 0), (11, 1), (4, 2), (5, 3), (6, 2), (7, 3), (8, 2), (9, 3), (10, 2), (11, 3)]
length: 16 76
Estimated difference between T3^fnT3 - (T2^WT3 + h.c.) is: -1.6298424205712845e-06 2.656386315893664e-12
total cost: -7.784456713207342
singles alt: [(4, 0), (5, 1), (6, 0), (7, 1), (8, 0), (9, 1), (10, 0), (11, 1), (4, 2), (5, 3), (6, 2), (7, 3), (8, 2), (9, 3), (10, 2), (11, 3)]
length: 16 76
Estimated difference between T3^fnT3 - (T2^WT3 + h.c.) is: -1.6298424206079604e-06 2.656386316013216e-12
total cost: -7.784456713207306
singles alt: [(4, 0), (5, 1), (6, 0), (7, 1), (8, 0), (9, 1), (10, 0), (11, 1), (4, 2), (5, 3), (6, 2), (7, 3), (8, 2), (9, 3), (10, 2), (11, 3)]
length: 16 76
Estimated difference between T3^fnT3 - (T2^WT3 + h.c.) is: -1.6298424423195123e-06 2.656386386786033e-12
total cost: -7.784456713208377
singles alt: [(4, 0), (5, 1), (6, 0), (7, 1), (8, 0), (9, 1), (10, 0), (11, 1), (4, 2), (5, 3), (6, 2), (7, 3), (8, 2), (9, 3), (10, 2), (11, 3)]
length: 16 76
Estimated difference between T3^fnT3 - (T2^WT3 + h.c.) is: -1.6298425460861352e-06 2.6563867250325358e-12
total cost: -7.784456713207253
singles alt: [(4, 0), (5, 1), (6, 0), (7, 1), (8, 0), (9, 1), (10, 0), (11, 1), (4, 2), (5, 3), (6, 2), (7, 3), (8, 2), (9, 3), (10, 2), (11, 3)]
length: 16 76
Estimated difference between T3^fnT3 - (T2^WT3 + h.c.) is: -1.6298425459889882e-06 2.656386724715867e-12
total cost: -7.78445671320725
singles alt: [(4, 0), (5, 1), (6, 0), (7, 1), (8, 0), (9, 1), (10, 0), (11, 1), (4, 2), (5, 3), (6, 2), (7, 3), (8, 2), (9, 3), (10, 2), (11, 3)]
length: 16 76
Estimated difference between T3^fnT3 - (T2^WT3 + h.c.) is: -1.629842439951506e-06 2.6563863790670783e-12
total cost: -7.784456713207318
singles alt: [(4, 0), (5, 1), (6, 0), (7, 1), (8, 0), (9, 1), (10, 0), (11, 1), (4, 2), (5, 3), (6, 2), (7, 3), (8, 2), (9, 3), (10, 2), (11, 3)]
length: 16 76
Estimated difference between T3^fnT3 - (T2^WT3 + h.c.) is: -1.629842619610469e-06 2.6563869646987164e-12
total cost: -7.784456713206736
singles alt: [(4, 0), (5, 1), (6, 0), (7, 1), (8, 0), (9, 1), (10, 0), (11, 1), (4, 2), (5, 3), (6, 2), (7, 3), (8, 2), (9, 3), (10, 2), (11, 3)]
length: 16 76
Estimated difference between T3^fnT3 - (T2^WT3 + h.c.) is: -1.6298426599292365e-06 2.656387096125209e-12
total cost: -7.7844567132086215
singles alt: [(4, 0), (5, 1), (6, 0), (7, 1), (8, 0), (9, 1), (10, 0), (11, 1), (4, 2), (5, 3), (6, 2), (7, 3), (8, 2), (9, 3), (10, 2), (11, 3)]
length: 16 76
Estimated difference between T3^fnT3 - (T2^WT3 + h.c.) is: -1.6298427648858122e-06 2.6563874382506287e-12
total cost: -7.7844567132086455
singles alt: [(4, 0), (5, 1), (6, 0), (7, 1), (8, 0), (9, 1), (10, 0), (11, 1), (4, 2), (5, 3), (6, 2), (7, 3), (8, 2), (9, 3), (10, 2), (11, 3)]
length: 16 76
Estimated difference between T3^fnT3 - (T2^WT3 + h.c.) is: -1.629842601120512e-06 2.6563869044272762e-12
total cost: -7.784456713207298
singles alt: [(4, 0), (5, 1), (6, 0), (7, 1), (8, 0), (9, 1), (10, 0), (11, 1), (4, 2), (5, 3), (6, 2), (7, 3), (8, 2), (9, 3), (10, 2), (11, 3)]
length: 16 76
Estimated difference between T3^fnT3 - (T2^WT3 + h.c.) is: -1.629842420551676e-06 2.656386315829746e-12
total cost: -7.7844567132098765
singles alt: [(4, 0), (5, 1), (6, 0), (7, 1), (8, 0), (9, 1), (10, 0), (11, 1), (4, 2), (5, 3), (6, 2), (7, 3), (8, 2), (9, 3), (10, 2), (11, 3)]
length: 16 76
Estimated difference between T3^fnT3 - (T2^WT3 + h.c.) is: -1.6298424206126892e-06 2.65638631602863e-12
total cost: -7.7844567132071765
singles alt: [(4, 0), (5, 1), (6, 0), (7, 1), (8, 0), (9, 1), (10, 0), (11, 1), (4, 2), (5, 3), (6, 2), (7, 3), (8, 2), (9, 3), (10, 2), (11, 3)]
length: 16 76
Estimated difference between T3^fnT3 - (T2^WT3 + h.c.) is: -1.6298424205942764e-06 2.6563863159686103e-12
total cost: -7.784456713207183
singles alt: [(4, 0), (5, 1), (6, 0), (7, 1), (8, 0), (9, 1), (10, 0), (11, 1), (4, 2), (5, 3), (6, 2), (7, 3), (8, 2), (9, 3), (10, 2), (11, 3)]
length: 16 76
Estimated difference between T3^fnT3 - (T2^WT3 + h.c.) is: -1.6298424205805987e-06 2.6563863159240253e-12
total cost: -7.784456713207329
singles alt: [(4, 0), (5, 1), (6, 0), (7, 1), (8, 0), (9, 1), (10, 0), (11, 1), (4, 2), (5, 3), (6, 2), (7, 3), (8, 2), (9, 3), (10, 2), (11, 3)]
length: 16 76
Estimated difference between T3^fnT3 - (T2^WT3 + h.c.) is: -1.6298424829278359e-06 2.656386519156373e-12
total cost: -7.784456713213549
singles alt: [(4, 0), (5, 1), (6, 0), (7, 1), (8, 0), (9, 1), (10, 0), (11, 1), (4, 2), (5, 3), (6, 2), (7, 3), (8, 2), (9, 3), (10, 2), (11, 3)]
length: 16 76
Estimated difference between T3^fnT3 - (T2^WT3 + h.c.) is: -1.6298423852610237e-06 2.6563862007933433e-12
total cost: -7.784456713206158
singles alt: [(4, 0), (5, 1), (6, 0), (7, 1), (8, 0), (9, 1), (10, 0), (11, 1), (4, 2), (5, 3), (6, 2), (7, 3), (8, 2), (9, 3), (10, 2), (11, 3)]
length: 16 76
Estimated difference between T3^fnT3 - (T2^WT3 + h.c.) is: -1.629842234346409e-06 2.656385708859295e-12
total cost: -7.784456713207206
singles alt: [(4, 0), (5, 1), (6, 0), (7, 1), (8, 0), (9, 1), (10, 0), (11, 1), (4, 2), (5, 3), (6, 2), (7, 3), (8, 2), (9, 3), (10, 2), (11, 3)]
length: 16 76
Estimated difference between T3^fnT3 - (T2^WT3 + h.c.) is: -1.629842273314657e-06 2.6563858358834893e-12
total cost: -7.784456713207278
singles alt: [(4, 0), (5, 1), (6, 0), (7, 1), (8, 0), (9, 1), (10, 0), (11, 1), (4, 2), (5, 3), (6, 2), (7, 3), (8, 2), (9, 3), (10, 2), (11, 3)]
length: 16 76
Estimated difference between T3^fnT3 - (T2^WT3 + h.c.) is: -1.6298424205895974e-06 2.656386315953358e-12
total cost: -7.784456713207481
singles alt: [(4, 0), (5, 1), (6, 0), (7, 1), (8, 0), (9, 1), (10, 0), (11, 1), (4, 2), (5, 3), (6, 2), (7, 3), (8, 2), (9, 3), (10, 2), (11, 3)]
length: 16 76
Estimated difference between T3^fnT3 - (T2^WT3 + h.c.) is: -1.6298424206202883e-06 2.6563863160534007e-12
total cost: -7.784456713207298
singles alt: [(4, 0), (5, 1), (6, 0), (7, 1), (8, 0), (9, 1), (10, 0), (11, 1), (4, 2), (5, 3), (6, 2), (7, 3), (8, 2), (9, 3), (10, 2), (11, 3)]
length: 16 76
Estimated difference between T3^fnT3 - (T2^WT3 + h.c.) is: -1.629842420599751e-06 2.6563863159864557e-12
total cost: -7.784456713207294
singles alt: [(4, 0), (5, 1), (6, 0), (7, 1), (8, 0), (9, 1), (10, 0), (11, 1), (4, 2), (5, 3), (6, 2), (7, 3), (8, 2), (9, 3), (10, 2), (11, 3)]
length: 16 76
Estimated difference between T3^fnT3 - (T2^WT3 + h.c.) is: -1.6298424205978216e-06 2.6563863159801666e-12
total cost: -7.784456713207313
singles alt: [(4, 0), (5, 1), (6, 0), (7, 1), (8, 0), (9, 1), (10, 0), (11, 1), (4, 2), (5, 3), (6, 2), (7, 3), (8, 2), (9, 3), (10, 2), (11, 3)]
length: 16 76
Estimated difference between T3^fnT3 - (T2^WT3 + h.c.) is: -1.629842420633669e-06 2.6563863160970176e-12
total cost: -7.784456713206686
singles alt: [(4, 0), (5, 1), (6, 0), (7, 1), (8, 0), (9, 1), (10, 0), (11, 1), (4, 2), (5, 3), (6, 2), (7, 3), (8, 2), (9, 3), (10, 2), (11, 3)]
length: 16 76
Estimated difference between T3^fnT3 - (T2^WT3 + h.c.) is: -1.629842420586346e-06 2.6563863159427597e-12
total cost: -7.7844567132073434
singles alt: [(4, 0), (5, 1), (6, 0), (7, 1), (8, 0), (9, 1), (10, 0), (11, 1), (4, 2), (5, 3), (6, 2), (7, 3), (8, 2), (9, 3), (10, 2), (11, 3)]
length: 16 76
Estimated difference between T3^fnT3 - (T2^WT3 + h.c.) is: -1.6298424205811558e-06 2.6563863159258413e-12
total cost: -7.7844567132073506
singles alt: [(4, 0), (5, 1), (6, 0), (7, 1), (8, 0), (9, 1), (10, 0), (11, 1), (4, 2), (5, 3), (6, 2), (7, 3), (8, 2), (9, 3), (10, 2), (11, 3)]
length: 16 76
Estimated difference between T3^fnT3 - (T2^WT3 + h.c.) is: -1.6298424205946177e-06 2.656386315969723e-12
total cost: -7.784456713207308
singles alt: [(4, 0), (5, 1), (6, 0), (7, 1), (8, 0), (9, 1), (10, 0), (11, 1), (4, 2), (5, 3), (6, 2), (7, 3), (8, 2), (9, 3), (10, 2), (11, 3)]
length: 16 76
Estimated difference between T3^fnT3 - (T2^WT3 + h.c.) is: -1.6298426047296287e-06 2.6563869161918605e-12
total cost: -7.784456713207019
singles alt: [(4, 0), (5, 1), (6, 0), (7, 1), (8, 0), (9, 1), (10, 0), (11, 1), (4, 2), (5, 3), (6, 2), (7, 3), (8, 2), (9, 3), (10, 2), (11, 3)]
length: 16 76
Estimated difference between T3^fnT3 - (T2^WT3 + h.c.) is: -1.629842452208965e-06 2.6563864190225325e-12
total cost: -7.784456713206611
singles alt: [(4, 0), (5, 1), (6, 0), (7, 1), (8, 0), (9, 1), (10, 0), (11, 1), (4, 2), (5, 3), (6, 2), (7, 3), (8, 2), (9, 3), (10, 2), (11, 3)]
length: 16 76
Estimated difference between T3^fnT3 - (T2^WT3 + h.c.) is: -1.6298424522613095e-06 2.656386419193159e-12
total cost: -7.784456713206645
singles alt: [(4, 0), (5, 1), (6, 0), (7, 1), (8, 0), (9, 1), (10, 0), (11, 1), (4, 2), (5, 3), (6, 2), (7, 3), (8, 2), (9, 3), (10, 2), (11, 3)]
length: 16 76
Estimated difference between T3^fnT3 - (T2^WT3 + h.c.) is: -1.629842552710337e-06 2.6563867466253474e-12
total cost: -7.784456713207218
singles alt: [(4, 0), (5, 1), (6, 0), (7, 1), (8, 0), (9, 1), (10, 0), (11, 1), (4, 2), (5, 3), (6, 2), (7, 3), (8, 2), (9, 3), (10, 2), (11, 3)]
length: 16 76
Estimated difference between T3^fnT3 - (T2^WT3 + h.c.) is: -1.629842420600452e-06 2.6563863159887405e-12
total cost: -7.784456713207313
singles alt: [(4, 0), (5, 1), (6, 0), (7, 1), (8, 0), (9, 1), (10, 0), (11, 1), (4, 2), (5, 3), (6, 2), (7, 3), (8, 2), (9, 3), (10, 2), (11, 3)]
length: 16 76
Estimated difference between T3^fnT3 - (T2^WT3 + h.c.) is: -1.6298424206140084e-06 2.6563863160329304e-12
total cost: -7.784456713207316
singles alt: [(4, 0), (5, 1), (6, 0), (7, 1), (8, 0), (9, 1), (10, 0), (11, 1), (4, 2), (5, 3), (6, 2), (7, 3), (8, 2), (9, 3), (10, 2), (11, 3)]
length: 16 76
Estimated difference between T3^fnT3 - (T2^WT3 + h.c.) is: -1.6298424205702755e-06 2.6563863158903747e-12
total cost: -7.784456713207313
singles alt: [(4, 0), (5, 1), (6, 0), (7, 1), (8, 0), (9, 1), (10, 0), (11, 1), (4, 2), (5, 3), (6, 2), (7, 3), (8, 2), (9, 3), (10, 2), (11, 3)]
length: 16 76
Estimated difference between T3^fnT3 - (T2^WT3 + h.c.) is: -1.629842420576887e-06 2.656386315911926e-12
total cost: -7.784456713207316
singles alt: [(4, 0), (5, 1), (6, 0), (7, 1), (8, 0), (9, 1), (10, 0), (11, 1), (4, 2), (5, 3), (6, 2), (7, 3), (8, 2), (9, 3), (10, 2), (11, 3)]
length: 16 76
Estimated difference between T3^fnT3 - (T2^WT3 + h.c.) is: -1.6298422747205467e-06 2.656385840466246e-12
total cost: -7.78445671320801
singles alt: [(4, 0), (5, 1), (6, 0), (7, 1), (8, 0), (9, 1), (10, 0), (11, 1), (4, 2), (5, 3), (6, 2), (7, 3), (8, 2), (9, 3), (10, 2), (11, 3)]
length: 16 76
Estimated difference between T3^fnT3 - (T2^WT3 + h.c.) is: -1.6298422749628794e-06 2.656385841256174e-12
total cost: -7.784456713208448
singles alt: [(4, 0), (5, 1), (6, 0), (7, 1), (8, 0), (9, 1), (10, 0), (11, 1), (4, 2), (5, 3), (6, 2), (7, 3), (8, 2), (9, 3), (10, 2), (11, 3)]
length: 16 76
Estimated difference between T3^fnT3 - (T2^WT3 + h.c.) is: -1.6298421409932256e-06 2.6563854045573814e-12
total cost: -7.784456713207323
singles alt: [(4, 0), (5, 1), (6, 0), (7, 1), (8, 0), (9, 1), (10, 0), (11, 1), (4, 2), (5, 3), (6, 2), (7, 3), (8, 2), (9, 3), (10, 2), (11, 3)]
length: 16 76
Estimated difference between T3^fnT3 - (T2^WT3 + h.c.) is: -1.6298427001833356e-06 2.6563872273409064e-12
total cost: -7.784456713207299
singles alt: [(4, 0), (5, 1), (6, 0), (7, 1), (8, 0), (9, 1), (10, 0), (11, 1), (4, 2), (5, 3), (6, 2), (7, 3), (8, 2), (9, 3), (10, 2), (11, 3)]
length: 16 76
Estimated difference between T3^fnT3 - (T2^WT3 + h.c.) is: -1.6298424205911703e-06 2.6563863159584854e-12
total cost: -7.7844567132073195
singles alt: [(4, 0), (5, 1), (6, 0), (7, 1), (8, 0), (9, 1), (10, 0), (11, 1), (4, 2), (5, 3), (6, 2), (7, 3), (8, 2), (9, 3), (10, 2), (11, 3)]
length: 16 76
Estimated difference between T3^fnT3 - (T2^WT3 + h.c.) is: -1.6298424206116365e-06 2.6563863160251987e-12
total cost: -7.784456713207306
singles alt: [(4, 0), (5, 1), (6, 0), (7, 1), (8, 0), (9, 1), (10, 0), (11, 1), (4, 2), (5, 3), (6, 2), (7, 3), (8, 2), (9, 3), (10, 2), (11, 3)]
length: 16 76
Estimated difference between T3^fnT3 - (T2^WT3 + h.c.) is: -1.6298424205672078e-06 2.656386315880375e-12
total cost: -7.784456713207331
singles alt: [(4, 0), (5, 1), (6, 0), (7, 1), (8, 0), (9, 1), (10, 0), (11, 1), (4, 2), (5, 3), (6, 2), (7, 3), (8, 2), (9, 3), (10, 2), (11, 3)]
length: 16 76
Estimated difference between T3^fnT3 - (T2^WT3 + h.c.) is: -1.629842420604885e-06 2.656386316003191e-12
total cost: -7.784456713207308
singles alt: [(4, 0), (5, 1), (6, 0), (7, 1), (8, 0), (9, 1), (10, 0), (11, 1), (4, 2), (5, 3), (6, 2), (7, 3), (8, 2), (9, 3), (10, 2), (11, 3)]
length: 16 76
Estimated difference between T3^fnT3 - (T2^WT3 + h.c.) is: -1.6298424205976226e-06 2.6563863159795175e-12
total cost: -7.78445671320528
singles alt: [(4, 0), (5, 1), (6, 0), (7, 1), (8, 0), (9, 1), (10, 0), (11, 1), (4, 2), (5, 3), (6, 2), (7, 3), (8, 2), (9, 3), (10, 2), (11, 3)]
length: 16 76
Estimated difference between T3^fnT3 - (T2^WT3 + h.c.) is: -1.6298424205976226e-06 2.6563863159795175e-12
total cost: -7.784456713205147
singles alt: [(4, 0), (5, 1), (6, 0), (7, 1), (8, 0), (9, 1), (10, 0), (11, 1), (4, 2), (5, 3), (6, 2), (7, 3), (8, 2), (9, 3), (10, 2), (11, 3)]
length: 16 76
Estimated difference between T3^fnT3 - (T2^WT3 + h.c.) is: -1.6298424205976226e-06 2.6563863159795175e-12
total cost: -7.78445671320726
singles alt: [(4, 0), (5, 1), (6, 0), (7, 1), (8, 0), (9, 1), (10, 0), (11, 1), (4, 2), (5, 3), (6, 2), (7, 3), (8, 2), (9, 3), (10, 2), (11, 3)]
length: 16 76
Estimated difference between T3^fnT3 - (T2^WT3 + h.c.) is: -1.6298424205976226e-06 2.6563863159795175e-12
total cost: -7.784456713207298
singles alt: [(4, 0), (5, 1), (6, 0), (7, 1), (8, 0), (9, 1), (10, 0), (11, 1), (4, 2), (5, 3), (6, 2), (7, 3), (8, 2), (9, 3), (10, 2), (11, 3)]
length: 16 76
Estimated difference between T3^fnT3 - (T2^WT3 + h.c.) is: -1.6298424205976226e-06 2.6563863159795175e-12
total cost: -7.784456713207288
singles alt: [(4, 0), (5, 1), (6, 0), (7, 1), (8, 0), (9, 1), (10, 0), (11, 1), (4, 2), (5, 3), (6, 2), (7, 3), (8, 2), (9, 3), (10, 2), (11, 3)]
length: 16 76
Estimated difference between T3^fnT3 - (T2^WT3 + h.c.) is: -1.6298424205976226e-06 2.6563863159795175e-12
total cost: -7.784456713207354
singles alt: [(4, 0), (5, 1), (6, 0), (7, 1), (8, 0), (9, 1), (10, 0), (11, 1), (4, 2), (5, 3), (6, 2), (7, 3), (8, 2), (9, 3), (10, 2), (11, 3)]
length: 16 76
Estimated difference between T3^fnT3 - (T2^WT3 + h.c.) is: -1.6298424205976226e-06 2.6563863159795175e-12
total cost: -7.78445671320251
singles alt: [(4, 0), (5, 1), (6, 0), (7, 1), (8, 0), (9, 1), (10, 0), (11, 1), (4, 2), (5, 3), (6, 2), (7, 3), (8, 2), (9, 3), (10, 2), (11, 3)]
length: 16 76
Estimated difference between T3^fnT3 - (T2^WT3 + h.c.) is: -1.6298424205976226e-06 2.6563863159795175e-12
total cost: -7.784456713203023
singles alt: [(4, 0), (5, 1), (6, 0), (7, 1), (8, 0), (9, 1), (10, 0), (11, 1), (4, 2), (5, 3), (6, 2), (7, 3), (8, 2), (9, 3), (10, 2), (11, 3)]
length: 16 76
Estimated difference between T3^fnT3 - (T2^WT3 + h.c.) is: -1.6298424205976226e-06 2.6563863159795175e-12
total cost: -7.784456713207306
singles alt: [(4, 0), (5, 1), (6, 0), (7, 1), (8, 0), (9, 1), (10, 0), (11, 1), (4, 2), (5, 3), (6, 2), (7, 3), (8, 2), (9, 3), (10, 2), (11, 3)]
length: 16 76
Estimated difference between T3^fnT3 - (T2^WT3 + h.c.) is: -1.6298424205976226e-06 2.6563863159795175e-12
total cost: -7.784456713207343
singles alt: [(4, 0), (5, 1), (6, 0), (7, 1), (8, 0), (9, 1), (10, 0), (11, 1), (4, 2), (5, 3), (6, 2), (7, 3), (8, 2), (9, 3), (10, 2), (11, 3)]
length: 16 76
Estimated difference between T3^fnT3 - (T2^WT3 + h.c.) is: -1.6298424205976226e-06 2.6563863159795175e-12
total cost: -7.784456713207318
singles alt: [(4, 0), (5, 1), (6, 0), (7, 1), (8, 0), (9, 1), (10, 0), (11, 1), (4, 2), (5, 3), (6, 2), (7, 3), (8, 2), (9, 3), (10, 2), (11, 3)]
length: 16 76
Estimated difference between T3^fnT3 - (T2^WT3 + h.c.) is: -1.6298424205976226e-06 2.6563863159795175e-12
total cost: -7.784456713207314
singles alt: [(4, 0), (5, 1), (6, 0), (7, 1), (8, 0), (9, 1), (10, 0), (11, 1), (4, 2), (5, 3), (6, 2), (7, 3), (8, 2), (9, 3), (10, 2), (11, 3)]
length: 16 76
Estimated difference between T3^fnT3 - (T2^WT3 + h.c.) is: -1.6298424205976226e-06 2.6563863159795175e-12
total cost: -7.784456713207315
singles alt: [(4, 0), (5, 1), (6, 0), (7, 1), (8, 0), (9, 1), (10, 0), (11, 1), (4, 2), (5, 3), (6, 2), (7, 3), (8, 2), (9, 3), (10, 2), (11, 3)]
length: 16 76
Estimated difference between T3^fnT3 - (T2^WT3 + h.c.) is: -1.6298424205976226e-06 2.6563863159795175e-12
total cost: -7.784456713207306
singles alt: [(4, 0), (5, 1), (6, 0), (7, 1), (8, 0), (9, 1), (10, 0), (11, 1), (4, 2), (5, 3), (6, 2), (7, 3), (8, 2), (9, 3), (10, 2), (11, 3)]
length: 16 76
Estimated difference between T3^fnT3 - (T2^WT3 + h.c.) is: -1.6298424205976226e-06 2.6563863159795175e-12
total cost: -7.784456713207167
singles alt: [(4, 0), (5, 1), (6, 0), (7, 1), (8, 0), (9, 1), (10, 0), (11, 1), (4, 2), (5, 3), (6, 2), (7, 3), (8, 2), (9, 3), (10, 2), (11, 3)]
length: 16 76
Estimated difference between T3^fnT3 - (T2^WT3 + h.c.) is: -1.6298424205976226e-06 2.6563863159795175e-12
total cost: -7.784456713207133
singles alt: [(4, 0), (5, 1), (6, 0), (7, 1), (8, 0), (9, 1), (10, 0), (11, 1), (4, 2), (5, 3), (6, 2), (7, 3), (8, 2), (9, 3), (10, 2), (11, 3)]
callback: energy=-7.784455083365
singles alt: [(4, 0), (5, 1), (6, 0), (7, 1), (8, 0), (9, 1), (10, 0), (11, 1), (4, 2), (5, 3), (6, 2), (7, 3), (8, 2), (9, 3), (10, 2), (11, 3)]
length: 16 76
Estimated difference between T3^fnT3 - (T2^WT3 + h.c.) is: -1.6303138764007582e-06 2.657923335584867e-12
total cost: -7.784456739150679
singles alt: [(4, 0), (5, 1), (6, 0), (7, 1), (8, 0), (9, 1), (10, 0), (11, 1), (4, 2), (5, 3), (6, 2), (7, 3), (8, 2), (9, 3), (10, 2), (11, 3)]
length: 16 76
Estimated difference between T3^fnT3 - (T2^WT3 + h.c.) is: -1.6303142108686558e-06 2.6579244261602878e-12
total cost: -7.784456739150734
singles alt: [(4, 0), (5, 1), (6, 0), (7, 1), (8, 0), (9, 1), (10, 0), (11, 1), (4, 2), (5, 3), (6, 2), (7, 3), (8, 2), (9, 3), (10, 2), (11, 3)]
length: 16 76
Estimated difference between T3^fnT3 - (T2^WT3 + h.c.) is: -1.6303139491264866e-06 2.6579235727164e-12
total cost: -7.784456739150986
singles alt: [(4, 0), (5, 1), (6, 0), (7, 1), (8, 0), (9, 1), (10, 0), (11, 1), (4, 2), (5, 3), (6, 2), (7, 3), (8, 2), (9, 3), (10, 2), (11, 3)]
length: 16 76
Estimated difference between T3^fnT3 - (T2^WT3 + h.c.) is: -1.6303139489280852e-06 2.657923572069487e-12
total cost: -7.784456739151007
singles alt: [(4, 0), (5, 1), (6, 0), (7, 1), (8, 0), (9, 1), (10, 0), (11, 1), (4, 2), (5, 3), (6, 2), (7, 3), (8, 2), (9, 3), (10, 2), (11, 3)]
length: 16 76
Estimated difference between T3^fnT3 - (T2^WT3 + h.c.) is: -1.6303139433985518e-06 2.6579235540397365e-12
total cost: -7.78445673915063
singles alt: [(4, 0), (5, 1), (6, 0), (7, 1), (8, 0), (9, 1), (10, 0), (11, 1), (4, 2), (5, 3), (6, 2), (7, 3), (8, 2), (9, 3), (10, 2), (11, 3)]
length: 16 76
Estimated difference between T3^fnT3 - (T2^WT3 + h.c.) is: -1.6303138767493915e-06 2.65792333672163e-12
total cost: -7.7844567391492685
singles alt: [(4, 0), (5, 1), (6, 0), (7, 1), (8, 0), (9, 1), (10, 0), (11, 1), (4, 2), (5, 3), (6, 2), (7, 3), (8, 2), (9, 3), (10, 2), (11, 3)]
length: 16 76
Estimated difference between T3^fnT3 - (T2^WT3 + h.c.) is: -1.6303138762541326e-06 2.657923335106775e-12
total cost: -7.784456739150761
singles alt: [(4, 0), (5, 1), (6, 0), (7, 1), (8, 0), (9, 1), (10, 0), (11, 1), (4, 2), (5, 3), (6, 2), (7, 3), (8, 2), (9, 3), (10, 2), (11, 3)]
length: 16 76
Estimated difference between T3^fnT3 - (T2^WT3 + h.c.) is: -1.630313876362557e-06 2.6579233354603067e-12
total cost: -7.784456739150748
singles alt: [(4, 0), (5, 1), (6, 0), (7, 1), (8, 0), (9, 1), (10, 0), (11, 1), (4, 2), (5, 3), (6, 2), (7, 3), (8, 2), (9, 3), (10, 2), (11, 3)]
length: 16 76
Estimated difference between T3^fnT3 - (T2^WT3 + h.c.) is: -1.630313876439521e-06 2.657923335711258e-12
total cost: -7.784456739150669
singles alt: [(4, 0), (5, 1), (6, 0), (7, 1), (8, 0), (9, 1), (10, 0), (11, 1), (4, 2), (5, 3), (6, 2), (7, 3), (8, 2), (9, 3), (10, 2), (11, 3)]
length: 16 76
Estimated difference between T3^fnT3 - (T2^WT3 + h.c.) is: -1.6303138756420149e-06 2.657923333110887e-12
total cost: -7.784456739153627
singles alt: [(4, 0), (5, 1), (6, 0), (7, 1), (8, 0), (9, 1), (10, 0), (11, 1), (4, 2), (5, 3), (6, 2), (7, 3), (8, 2), (9, 3), (10, 2), (11, 3)]
length: 16 76
Estimated difference between T3^fnT3 - (T2^WT3 + h.c.) is: -1.6303138764407284e-06 2.6579233357151946e-12
total cost: -7.7844567391505715
singles alt: [(4, 0), (5, 1), (6, 0), (7, 1), (8, 0), (9, 1), (10, 0), (11, 1), (4, 2), (5, 3), (6, 2), (7, 3), (8, 2), (9, 3), (10, 2), (11, 3)]
length: 16 76
Estimated difference between T3^fnT3 - (T2^WT3 + h.c.) is: -1.6303138765020172e-06 2.6579233359150347e-12
total cost: -7.784456739150527
singles alt: [(4, 0), (5, 1), (6, 0), (7, 1), (8, 0), (9, 1), (10, 0), (11, 1), (4, 2), (5, 3), (6, 2), (7, 3), (8, 2), (9, 3), (10, 2), (11, 3)]
length: 16 76
Estimated difference between T3^fnT3 - (T2^WT3 + h.c.) is: -1.6303138763237775e-06 2.6579233353338615e-12
total cost: -7.78445673915069
singles alt: [(4, 0), (5, 1), (6, 0), (7, 1), (8, 0), (9, 1), (10, 0), (11, 1), (4, 2), (5, 3), (6, 2), (7, 3), (8, 2), (9, 3), (10, 2), (11, 3)]
length: 16 76
Estimated difference between T3^fnT3 - (T2^WT3 + h.c.) is: -1.6303139389100353e-06 2.6579235394043544e-12
total cost: -7.784456739148175
singles alt: [(4, 0), (5, 1), (6, 0), (7, 1), (8, 0), (9, 1), (10, 0), (11, 1), (4, 2), (5, 3), (6, 2), (7, 3), (8, 2), (9, 3), (10, 2), (11, 3)]
length: 16 76
Estimated difference between T3^fnT3 - (T2^WT3 + h.c.) is: -1.6303136905372975e-06 2.6579227295533433e-12
total cost: -7.784456739149648
singles alt: [(4, 0), (5, 1), (6, 0), (7, 1), (8, 0), (9, 1), (10, 0), (11, 1), (4, 2), (5, 3), (6, 2), (7, 3), (8, 2), (9, 3), (10, 2), (11, 3)]
length: 16 76
Estimated difference between T3^fnT3 - (T2^WT3 + h.c.) is: -1.6303138407690836e-06 2.657923219403241e-12
total cost: -7.784456739148628
singles alt: [(4, 0), (5, 1), (6, 0), (7, 1), (8, 0), (9, 1), (10, 0), (11, 1), (4, 2), (5, 3), (6, 2), (7, 3), (8, 2), (9, 3), (10, 2), (11, 3)]
length: 16 76
Estimated difference between T3^fnT3 - (T2^WT3 + h.c.) is: -1.6303137294646628e-06 2.657922856480978e-12
total cost: -7.784456739150582
singles alt: [(4, 0), (5, 1), (6, 0), (7, 1), (8, 0), (9, 1), (10, 0), (11, 1), (4, 2), (5, 3), (6, 2), (7, 3), (8, 2), (9, 3), (10, 2), (11, 3)]
length: 16 76
Estimated difference between T3^fnT3 - (T2^WT3 + h.c.) is: -1.6303138770245236e-06 2.6579233376187335e-12
total cost: -7.78445673914809
singles alt: [(4, 0), (5, 1), (6, 0), (7, 1), (8, 0), (9, 1), (10, 0), (11, 1), (4, 2), (5, 3), (6, 2), (7, 3), (8, 2), (9, 3), (10, 2), (11, 3)]
length: 16 76
Estimated difference between T3^fnT3 - (T2^WT3 + h.c.) is: -1.6303138763962384e-06 2.6579233355701294e-12
total cost: -7.784456739150779
singles alt: [(4, 0), (5, 1), (6, 0), (7, 1), (8, 0), (9, 1), (10, 0), (11, 1), (4, 2), (5, 3), (6, 2), (7, 3), (8, 2), (9, 3), (10, 2), (11, 3)]
length: 16 76
Estimated difference between T3^fnT3 - (T2^WT3 + h.c.) is: -1.6303138763038614e-06 2.6579233352689226e-12
total cost: -7.7844567391508095
singles alt: [(4, 0), (5, 1), (6, 0), (7, 1), (8, 0), (9, 1), (10, 0), (11, 1), (4, 2), (5, 3), (6, 2), (7, 3), (8, 2), (9, 3), (10, 2), (11, 3)]
length: 16 76
Estimated difference between T3^fnT3 - (T2^WT3 + h.c.) is: -1.630313876463096e-06 2.657923335788127e-12
total cost: -7.784456739150667
singles alt: [(4, 0), (5, 1), (6, 0), (7, 1), (8, 0), (9, 1), (10, 0), (11, 1), (4, 2), (5, 3), (6, 2), (7, 3), (8, 2), (9, 3), (10, 2), (11, 3)]
length: 16 76
Estimated difference between T3^fnT3 - (T2^WT3 + h.c.) is: -1.6303140756778955e-06 2.6579239853534707e-12
total cost: -7.784456739148572
singles alt: [(4, 0), (5, 1), (6, 0), (7, 1), (8, 0), (9, 1), (10, 0), (11, 1), (4, 2), (5, 3), (6, 2), (7, 3), (8, 2), (9, 3), (10, 2), (11, 3)]
length: 16 76
Estimated difference between T3^fnT3 - (T2^WT3 + h.c.) is: -1.6303142224949364e-06 2.657924464069269e-12
total cost: -7.78445673915097
singles alt: [(4, 0), (5, 1), (6, 0), (7, 1), (8, 0), (9, 1), (10, 0), (11, 1), (4, 2), (5, 3), (6, 2), (7, 3), (8, 2), (9, 3), (10, 2), (11, 3)]
length: 16 76
Estimated difference between T3^fnT3 - (T2^WT3 + h.c.) is: -1.6303141167527826e-06 2.6579241192834057e-12
total cost: -7.784456739150979
singles alt: [(4, 0), (5, 1), (6, 0), (7, 1), (8, 0), (9, 1), (10, 0), (11, 1), (4, 2), (5, 3), (6, 2), (7, 3), (8, 2), (9, 3), (10, 2), (11, 3)]
length: 16 76
Estimated difference between T3^fnT3 - (T2^WT3 + h.c.) is: -1.6303140568425983e-06 2.657923923938571e-12
total cost: -7.784456739150627
singles alt: [(4, 0), (5, 1), (6, 0), (7, 1), (8, 0), (9, 1), (10, 0), (11, 1), (4, 2), (5, 3), (6, 2), (7, 3), (8, 2), (9, 3), (10, 2), (11, 3)]
length: 16 76
Estimated difference between T3^fnT3 - (T2^WT3 + h.c.) is: -1.6303138991740767e-06 2.6579234098401814e-12
total cost: -7.784456739146944
singles alt: [(4, 0), (5, 1), (6, 0), (7, 1), (8, 0), (9, 1), (10, 0), (11, 1), (4, 2), (5, 3), (6, 2), (7, 3), (8, 2), (9, 3), (10, 2), (11, 3)]
length: 16 76
Estimated difference between T3^fnT3 - (T2^WT3 + h.c.) is: -1.6303140016357122e-06 2.657923743929449e-12
total cost: -7.784456739150897
singles alt: [(4, 0), (5, 1), (6, 0), (7, 1), (8, 0), (9, 1), (10, 0), (11, 1), (4, 2), (5, 3), (6, 2), (7, 3), (8, 2), (9, 3), (10, 2), (11, 3)]
length: 16 76
Estimated difference between T3^fnT3 - (T2^WT3 + h.c.) is: -1.6303140016589257e-06 2.6579237440051396e-12
total cost: -7.7844567391509
singles alt: [(4, 0), (5, 1), (6, 0), (7, 1), (8, 0), (9, 1), (10, 0), (11, 1), (4, 2), (5, 3), (6, 2), (7, 3), (8, 2), (9, 3), (10, 2), (11, 3)]
length: 16 76
Estimated difference between T3^fnT3 - (T2^WT3 + h.c.) is: -1.630313895974253e-06 2.6579233994067475e-12
total cost: -7.784456739150664
singles alt: [(4, 0), (5, 1), (6, 0), (7, 1), (8, 0), (9, 1), (10, 0), (11, 1), (4, 2), (5, 3), (6, 2), (7, 3), (8, 2), (9, 3), (10, 2), (11, 3)]
length: 16 76
Estimated difference between T3^fnT3 - (T2^WT3 + h.c.) is: -1.6303138763661163e-06 2.6579233354719122e-12
total cost: -7.784456739153145
singles alt: [(4, 0), (5, 1), (6, 0), (7, 1), (8, 0), (9, 1), (10, 0), (11, 1), (4, 2), (5, 3), (6, 2), (7, 3), (8, 2), (9, 3), (10, 2), (11, 3)]
length: 16 76
Estimated difference between T3^fnT3 - (T2^WT3 + h.c.) is: -1.6303138762811334e-06 2.657923335194815e-12
total cost: -7.784456739150606
singles alt: [(4, 0), (5, 1), (6, 0), (7, 1), (8, 0), (9, 1), (10, 0), (11, 1), (4, 2), (5, 3), (6, 2), (7, 3), (8, 2), (9, 3), (10, 2), (11, 3)]
length: 16 76
Estimated difference between T3^fnT3 - (T2^WT3 + h.c.) is: -1.6303138764029876e-06 2.6579233355921357e-12
total cost: -7.784456739150563
singles alt: [(4, 0), (5, 1), (6, 0), (7, 1), (8, 0), (9, 1), (10, 0), (11, 1), (4, 2), (5, 3), (6, 2), (7, 3), (8, 2), (9, 3), (10, 2), (11, 3)]
length: 16 76
Estimated difference between T3^fnT3 - (T2^WT3 + h.c.) is: -1.6303138763741186e-06 2.6579233354980048e-12
total cost: -7.7844567391506905
singles alt: [(4, 0), (5, 1), (6, 0), (7, 1), (8, 0), (9, 1), (10, 0), (11, 1), (4, 2), (5, 3), (6, 2), (7, 3), (8, 2), (9, 3), (10, 2), (11, 3)]
length: 16 76
Estimated difference between T3^fnT3 - (T2^WT3 + h.c.) is: -1.630313875930281e-06 2.6579233340508155e-12
total cost: -7.784456739152342
singles alt: [(4, 0), (5, 1), (6, 0), (7, 1), (8, 0), (9, 1), (10, 0), (11, 1), (4, 2), (5, 3), (6, 2), (7, 3), (8, 2), (9, 3), (10, 2), (11, 3)]
length: 16 76
Estimated difference between T3^fnT3 - (T2^WT3 + h.c.) is: -1.6303138764636123e-06 2.6579233357898105e-12
total cost: -7.784456739150582
singles alt: [(4, 0), (5, 1), (6, 0), (7, 1), (8, 0), (9, 1), (10, 0), (11, 1), (4, 2), (5, 3), (6, 2), (7, 3), (8, 2), (9, 3), (10, 2), (11, 3)]
length: 16 76
Estimated difference between T3^fnT3 - (T2^WT3 + h.c.) is: -1.6303138765378194e-06 2.657923336031772e-12
total cost: -7.784456739150603
singles alt: [(4, 0), (5, 1), (6, 0), (7, 1), (8, 0), (9, 1), (10, 0), (11, 1), (4, 2), (5, 3), (6, 2), (7, 3), (8, 2), (9, 3), (10, 2), (11, 3)]
length: 16 76
Estimated difference between T3^fnT3 - (T2^WT3 + h.c.) is: -1.630313876351626e-06 2.657923335424665e-12
total cost: -7.78445673915069
singles alt: [(4, 0), (5, 1), (6, 0), (7, 1), (8, 0), (9, 1), (10, 0), (11, 1), (4, 2), (5, 3), (6, 2), (7, 3), (8, 2), (9, 3), (10, 2), (11, 3)]
length: 16 76
Estimated difference between T3^fnT3 - (T2^WT3 + h.c.) is: -1.6303138992313239e-06 2.657923410026843e-12
total cost: -7.784456739146616
singles alt: [(4, 0), (5, 1), (6, 0), (7, 1), (8, 0), (9, 1), (10, 0), (11, 1), (4, 2), (5, 3), (6, 2), (7, 3), (8, 2), (9, 3), (10, 2), (11, 3)]
length: 16 76
Estimated difference between T3^fnT3 - (T2^WT3 + h.c.) is: -1.6303140015817047e-06 2.6579237437533507e-12
total cost: -7.784456739150945
singles alt: [(4, 0), (5, 1), (6, 0), (7, 1), (8, 0), (9, 1), (10, 0), (11, 1), (4, 2), (5, 3), (6, 2), (7, 3), (8, 2), (9, 3), (10, 2), (11, 3)]
length: 16 76
Estimated difference between T3^fnT3 - (T2^WT3 + h.c.) is: -1.6303140016389086e-06 2.6579237439398715e-12
total cost: -7.784456739150921
singles alt: [(4, 0), (5, 1), (6, 0), (7, 1), (8, 0), (9, 1), (10, 0), (11, 1), (4, 2), (5, 3), (6, 2), (7, 3), (8, 2), (9, 3), (10, 2), (11, 3)]
length: 16 76
Estimated difference between T3^fnT3 - (T2^WT3 + h.c.) is: -1.6303138959834808e-06 2.657923399436836e-12
total cost: -7.784456739150659
singles alt: [(4, 0), (5, 1), (6, 0), (7, 1), (8, 0), (9, 1), (10, 0), (11, 1), (4, 2), (5, 3), (6, 2), (7, 3), (8, 2), (9, 3), (10, 2), (11, 3)]
length: 16 76
Estimated difference between T3^fnT3 - (T2^WT3 + h.c.) is: -1.6303140749096243e-06 2.657923982848424e-12
total cost: -7.78445673915275
singles alt: [(4, 0), (5, 1), (6, 0), (7, 1), (8, 0), (9, 1), (10, 0), (11, 1), (4, 2), (5, 3), (6, 2), (7, 3), (8, 2), (9, 3), (10, 2), (11, 3)]
length: 16 76
Estimated difference between T3^fnT3 - (T2^WT3 + h.c.) is: -1.6303141171362793e-06 2.657924120533846e-12
total cost: -7.784456739150701
singles alt: [(4, 0), (5, 1), (6, 0), (7, 1), (8, 0), (9, 1), (10, 0), (11, 1), (4, 2), (5, 3), (6, 2), (7, 3), (8, 2), (9, 3), (10, 2), (11, 3)]
length: 16 76
Estimated difference between T3^fnT3 - (T2^WT3 + h.c.) is: -1.630314223016193e-06 2.657924465768893e-12
total cost: -7.784456739150674
singles alt: [(4, 0), (5, 1), (6, 0), (7, 1), (8, 0), (9, 1), (10, 0), (11, 1), (4, 2), (5, 3), (6, 2), (7, 3), (8, 2), (9, 3), (10, 2), (11, 3)]
length: 16 76
Estimated difference between T3^fnT3 - (T2^WT3 + h.c.) is: -1.6303140568455005e-06 2.6579239239480338e-12
total cost: -7.784456739150667
singles alt: [(4, 0), (5, 1), (6, 0), (7, 1), (8, 0), (9, 1), (10, 0), (11, 1), (4, 2), (5, 3), (6, 2), (7, 3), (8, 2), (9, 3), (10, 2), (11, 3)]
length: 16 76
Estimated difference between T3^fnT3 - (T2^WT3 + h.c.) is: -1.6303138762859941e-06 2.6579233352106637e-12
total cost: -7.784456739155216
singles alt: [(4, 0), (5, 1), (6, 0), (7, 1), (8, 0), (9, 1), (10, 0), (11, 1), (4, 2), (5, 3), (6, 2), (7, 3), (8, 2), (9, 3), (10, 2), (11, 3)]
length: 16 76
Estimated difference between T3^fnT3 - (T2^WT3 + h.c.) is: -1.6303138764197046e-06 2.657923335646644e-12
total cost: -7.784456739150448
singles alt: [(4, 0), (5, 1), (6, 0), (7, 1), (8, 0), (9, 1), (10, 0), (11, 1), (4, 2), (5, 3), (6, 2), (7, 3), (8, 2), (9, 3), (10, 2), (11, 3)]
length: 16 76
Estimated difference between T3^fnT3 - (T2^WT3 + h.c.) is: -1.630313876449264e-06 2.657923335743026e-12
total cost: -7.784456739150481
singles alt: [(4, 0), (5, 1), (6, 0), (7, 1), (8, 0), (9, 1), (10, 0), (11, 1), (4, 2), (5, 3), (6, 2), (7, 3), (8, 2), (9, 3), (10, 2), (11, 3)]
length: 16 76
Estimated difference between T3^fnT3 - (T2^WT3 + h.c.) is: -1.6303138763890423e-06 2.6579233355466654e-12
total cost: -7.784456739150697
singles alt: [(4, 0), (5, 1), (6, 0), (7, 1), (8, 0), (9, 1), (10, 0), (11, 1), (4, 2), (5, 3), (6, 2), (7, 3), (8, 2), (9, 3), (10, 2), (11, 3)]
length: 16 76
Estimated difference between T3^fnT3 - (T2^WT3 + h.c.) is: -1.6303139387701258e-06 2.6579235389481615e-12
total cost: -7.784456739152836
singles alt: [(4, 0), (5, 1), (6, 0), (7, 1), (8, 0), (9, 1), (10, 0), (11, 1), (4, 2), (5, 3), (6, 2), (7, 3), (8, 2), (9, 3), (10, 2), (11, 3)]
length: 16 76
Estimated difference between T3^fnT3 - (T2^WT3 + h.c.) is: -1.6303138408636531e-06 2.6579232197115967e-12
total cost: -7.784456739148413
singles alt: [(4, 0), (5, 1), (6, 0), (7, 1), (8, 0), (9, 1), (10, 0), (11, 1), (4, 2), (5, 3), (6, 2), (7, 3), (8, 2), (9, 3), (10, 2), (11, 3)]
length: 16 76
Estimated difference between T3^fnT3 - (T2^WT3 + h.c.) is: -1.6303136901497018e-06 2.657922728289538e-12
total cost: -7.784456739150568
singles alt: [(4, 0), (5, 1), (6, 0), (7, 1), (8, 0), (9, 1), (10, 0), (11, 1), (4, 2), (5, 3), (6, 2), (7, 3), (8, 2), (9, 3), (10, 2), (11, 3)]
length: 16 76
Estimated difference between T3^fnT3 - (T2^WT3 + h.c.) is: -1.6303137291381642e-06 2.6579228554163876e-12
total cost: -7.78445673915065
singles alt: [(4, 0), (5, 1), (6, 0), (7, 1), (8, 0), (9, 1), (10, 0), (11, 1), (4, 2), (5, 3), (6, 2), (7, 3), (8, 2), (9, 3), (10, 2), (11, 3)]
length: 16 76
Estimated difference between T3^fnT3 - (T2^WT3 + h.c.) is: -1.6303138764091159e-06 2.657923335612118e-12
total cost: -7.784456739151029
singles alt: [(4, 0), (5, 1), (6, 0), (7, 1), (8, 0), (9, 1), (10, 0), (11, 1), (4, 2), (5, 3), (6, 2), (7, 3), (8, 2), (9, 3), (10, 2), (11, 3)]
length: 16 76
Estimated difference between T3^fnT3 - (T2^WT3 + h.c.) is: -1.6303138763562386e-06 2.6579233354397047e-12
total cost: -7.7844567391506585
singles alt: [(4, 0), (5, 1), (6, 0), (7, 1), (8, 0), (9, 1), (10, 0), (11, 1), (4, 2), (5, 3), (6, 2), (7, 3), (8, 2), (9, 3), (10, 2), (11, 3)]
length: 16 76
Estimated difference between T3^fnT3 - (T2^WT3 + h.c.) is: -1.6303138764052356e-06 2.657923335599466e-12
total cost: -7.784456739150661
singles alt: [(4, 0), (5, 1), (6, 0), (7, 1), (8, 0), (9, 1), (10, 0), (11, 1), (4, 2), (5, 3), (6, 2), (7, 3), (8, 2), (9, 3), (10, 2), (11, 3)]
length: 16 76
Estimated difference between T3^fnT3 - (T2^WT3 + h.c.) is: -1.630313876393306e-06 2.657923335560568e-12
total cost: -7.784456739150678
singles alt: [(4, 0), (5, 1), (6, 0), (7, 1), (8, 0), (9, 1), (10, 0), (11, 1), (4, 2), (5, 3), (6, 2), (7, 3), (8, 2), (9, 3), (10, 2), (11, 3)]
length: 16 76
Estimated difference between T3^fnT3 - (T2^WT3 + h.c.) is: -1.6303138763513584e-06 2.6579233354237924e-12
total cost: -7.784456739150434
singles alt: [(4, 0), (5, 1), (6, 0), (7, 1), (8, 0), (9, 1), (10, 0), (11, 1), (4, 2), (5, 3), (6, 2), (7, 3), (8, 2), (9, 3), (10, 2), (11, 3)]
length: 16 76
Estimated difference between T3^fnT3 - (T2^WT3 + h.c.) is: -1.6303138764050827e-06 2.6579233355989673e-12
total cost: -7.784456739150681
singles alt: [(4, 0), (5, 1), (6, 0), (7, 1), (8, 0), (9, 1), (10, 0), (11, 1), (4, 2), (5, 3), (6, 2), (7, 3), (8, 2), (9, 3), (10, 2), (11, 3)]
length: 16 76
Estimated difference between T3^fnT3 - (T2^WT3 + h.c.) is: -1.6303138764191843e-06 2.6579233356449477e-12
total cost: -7.784456739150697
singles alt: [(4, 0), (5, 1), (6, 0), (7, 1), (8, 0), (9, 1), (10, 0), (11, 1), (4, 2), (5, 3), (6, 2), (7, 3), (8, 2), (9, 3), (10, 2), (11, 3)]
length: 16 76
Estimated difference between T3^fnT3 - (T2^WT3 + h.c.) is: -1.6303138764253908e-06 2.6579233356651845e-12
total cost: -7.784456739150672
singles alt: [(4, 0), (5, 1), (6, 0), (7, 1), (8, 0), (9, 1), (10, 0), (11, 1), (4, 2), (5, 3), (6, 2), (7, 3), (8, 2), (9, 3), (10, 2), (11, 3)]
length: 16 76
Estimated difference between T3^fnT3 - (T2^WT3 + h.c.) is: -1.6303140605279974e-06 2.657923935955287e-12
total cost: -7.78445673915056
singles alt: [(4, 0), (5, 1), (6, 0), (7, 1), (8, 0), (9, 1), (10, 0), (11, 1), (4, 2), (5, 3), (6, 2), (7, 3), (8, 2), (9, 3), (10, 2), (11, 3)]
length: 16 76
Estimated difference between T3^fnT3 - (T2^WT3 + h.c.) is: -1.6303139076254403e-06 2.6579234373969324e-12
total cost: -7.784456739150262
singles alt: [(4, 0), (5, 1), (6, 0), (7, 1), (8, 0), (9, 1), (10, 0), (11, 1), (4, 2), (5, 3), (6, 2), (7, 3), (8, 2), (9, 3), (10, 2), (11, 3)]
length: 16 76
Estimated difference between T3^fnT3 - (T2^WT3 + h.c.) is: -1.6303139077221536e-06 2.657923437712279e-12
total cost: -7.78445673915024
singles alt: [(4, 0), (5, 1), (6, 0), (7, 1), (8, 0), (9, 1), (10, 0), (11, 1), (4, 2), (5, 3), (6, 2), (7, 3), (8, 2), (9, 3), (10, 2), (11, 3)]
length: 16 76
Estimated difference between T3^fnT3 - (T2^WT3 + h.c.) is: -1.6303140085139367e-06 2.6579237663567803e-12
total cost: -7.784456739150586
singles alt: [(4, 0), (5, 1), (6, 0), (7, 1), (8, 0), (9, 1), (10, 0), (11, 1), (4, 2), (5, 3), (6, 2), (7, 3), (8, 2), (9, 3), (10, 2), (11, 3)]
length: 16 76
Estimated difference between T3^fnT3 - (T2^WT3 + h.c.) is: -1.6303138763559718e-06 2.6579233354388347e-12
total cost: -7.784456739150695
singles alt: [(4, 0), (5, 1), (6, 0), (7, 1), (8, 0), (9, 1), (10, 0), (11, 1), (4, 2), (5, 3), (6, 2), (7, 3), (8, 2), (9, 3), (10, 2), (11, 3)]
length: 16 76
Estimated difference between T3^fnT3 - (T2^WT3 + h.c.) is: -1.630313876327623e-06 2.6579233353464e-12
total cost: -7.784456739150677
singles alt: [(4, 0), (5, 1), (6, 0), (7, 1), (8, 0), (9, 1), (10, 0), (11, 1), (4, 2), (5, 3), (6, 2), (7, 3), (8, 2), (9, 3), (10, 2), (11, 3)]
length: 16 76
Estimated difference between T3^fnT3 - (T2^WT3 + h.c.) is: -1.6303138764109489e-06 2.6579233356180946e-12
total cost: -7.78445673915071
singles alt: [(4, 0), (5, 1), (6, 0), (7, 1), (8, 0), (9, 1), (10, 0), (11, 1), (4, 2), (5, 3), (6, 2), (7, 3), (8, 2), (9, 3), (10, 2), (11, 3)]
length: 16 76
Estimated difference between T3^fnT3 - (T2^WT3 + h.c.) is: -1.630313876375653e-06 2.657923335503008e-12
total cost: -7.7844567391507065
singles alt: [(4, 0), (5, 1), (6, 0), (7, 1), (8, 0), (9, 1), (10, 0), (11, 1), (4, 2), (5, 3), (6, 2), (7, 3), (8, 2), (9, 3), (10, 2), (11, 3)]
length: 16 76
Estimated difference between T3^fnT3 - (T2^WT3 + h.c.) is: -1.6303137310343716e-06 2.6579228615992133e-12
total cost: -7.784456739151492
singles alt: [(4, 0), (5, 1), (6, 0), (7, 1), (8, 0), (9, 1), (10, 0), (11, 1), (4, 2), (5, 3), (6, 2), (7, 3), (8, 2), (9, 3), (10, 2), (11, 3)]
length: 16 76
Estimated difference between T3^fnT3 - (T2^WT3 + h.c.) is: -1.6303137312511108e-06 2.657922862305919e-12
total cost: -7.784456739152334
singles alt: [(4, 0), (5, 1), (6, 0), (7, 1), (8, 0), (9, 1), (10, 0), (11, 1), (4, 2), (5, 3), (6, 2), (7, 3), (8, 2), (9, 3), (10, 2), (11, 3)]
length: 16 76
Estimated difference between T3^fnT3 - (T2^WT3 + h.c.) is: -1.6303135966967637e-06 2.657922423574338e-12
total cost: -7.784456739150672
singles alt: [(4, 0), (5, 1), (6, 0), (7, 1), (8, 0), (9, 1), (10, 0), (11, 1), (4, 2), (5, 3), (6, 2), (7, 3), (8, 2), (9, 3), (10, 2), (11, 3)]
length: 16 76
Estimated difference between T3^fnT3 - (T2^WT3 + h.c.) is: -1.6303141558523698e-06 2.657924246772625e-12
total cost: -7.784456739150706
singles alt: [(4, 0), (5, 1), (6, 0), (7, 1), (8, 0), (9, 1), (10, 0), (11, 1), (4, 2), (5, 3), (6, 2), (7, 3), (8, 2), (9, 3), (10, 2), (11, 3)]
length: 16 76
Estimated difference between T3^fnT3 - (T2^WT3 + h.c.) is: -1.6303138764141155e-06 2.65792333562842e-12
total cost: -7.784456739150686
singles alt: [(4, 0), (5, 1), (6, 0), (7, 1), (8, 0), (9, 1), (10, 0), (11, 1), (4, 2), (5, 3), (6, 2), (7, 3), (8, 2), (9, 3), (10, 2), (11, 3)]
length: 16 76
Estimated difference between T3^fnT3 - (T2^WT3 + h.c.) is: -1.630313876371323e-06 2.6579233354888892e-12
total cost: -7.784456739150708
singles alt: [(4, 0), (5, 1), (6, 0), (7, 1), (8, 0), (9, 1), (10, 0), (11, 1), (4, 2), (5, 3), (6, 2), (7, 3), (8, 2), (9, 3), (10, 2), (11, 3)]
length: 16 76
Estimated difference between T3^fnT3 - (T2^WT3 + h.c.) is: -1.6303138763880942e-06 2.657923335543574e-12
total cost: -7.784456739150685
singles alt: [(4, 0), (5, 1), (6, 0), (7, 1), (8, 0), (9, 1), (10, 0), (11, 1), (4, 2), (5, 3), (6, 2), (7, 3), (8, 2), (9, 3), (10, 2), (11, 3)]
length: 16 76
Estimated difference between T3^fnT3 - (T2^WT3 + h.c.) is: -1.630313876400856e-06 2.657923335585186e-12
total cost: -7.784456739150653
singles alt: [(4, 0), (5, 1), (6, 0), (7, 1), (8, 0), (9, 1), (10, 0), (11, 1), (4, 2), (5, 3), (6, 2), (7, 3), (8, 2), (9, 3), (10, 2), (11, 3)]
length: 16 76
Estimated difference between T3^fnT3 - (T2^WT3 + h.c.) is: -1.6303138764007582e-06 2.657923335584867e-12
total cost: -7.784456739150543
singles alt: [(4, 0), (5, 1), (6, 0), (7, 1), (8, 0), (9, 1), (10, 0), (11, 1), (4, 2), (5, 3), (6, 2), (7, 3), (8, 2), (9, 3), (10, 2), (11, 3)]
length: 16 76
Estimated difference between T3^fnT3 - (T2^WT3 + h.c.) is: -1.6303138764007582e-06 2.657923335584867e-12
total cost: -7.784456739150679
singles alt: [(4, 0), (5, 1), (6, 0), (7, 1), (8, 0), (9, 1), (10, 0), (11, 1), (4, 2), (5, 3), (6, 2), (7, 3), (8, 2), (9, 3), (10, 2), (11, 3)]
length: 16 76
Estimated difference between T3^fnT3 - (T2^WT3 + h.c.) is: -1.6303138764007582e-06 2.657923335584867e-12
total cost: -7.784456739150733
singles alt: [(4, 0), (5, 1), (6, 0), (7, 1), (8, 0), (9, 1), (10, 0), (11, 1), (4, 2), (5, 3), (6, 2), (7, 3), (8, 2), (9, 3), (10, 2), (11, 3)]
length: 16 76
Estimated difference between T3^fnT3 - (T2^WT3 + h.c.) is: -1.6303138764007582e-06 2.657923335584867e-12
total cost: -7.784456739150706
singles alt: [(4, 0), (5, 1), (6, 0), (7, 1), (8, 0), (9, 1), (10, 0), (11, 1), (4, 2), (5, 3), (6, 2), (7, 3), (8, 2), (9, 3), (10, 2), (11, 3)]
length: 16 76
Estimated difference between T3^fnT3 - (T2^WT3 + h.c.) is: -1.6303138764007582e-06 2.657923335584867e-12
total cost: -7.78445673915051
singles alt: [(4, 0), (5, 1), (6, 0), (7, 1), (8, 0), (9, 1), (10, 0), (11, 1), (4, 2), (5, 3), (6, 2), (7, 3), (8, 2), (9, 3), (10, 2), (11, 3)]
length: 16 76
Estimated difference between T3^fnT3 - (T2^WT3 + h.c.) is: -1.6303138764007582e-06 2.657923335584867e-12
total cost: -7.784456739150556
singles alt: [(4, 0), (5, 1), (6, 0), (7, 1), (8, 0), (9, 1), (10, 0), (11, 1), (4, 2), (5, 3), (6, 2), (7, 3), (8, 2), (9, 3), (10, 2), (11, 3)]
length: 16 76
Estimated difference between T3^fnT3 - (T2^WT3 + h.c.) is: -1.6303138764007582e-06 2.657923335584867e-12
total cost: -7.78445673914928
singles alt: [(4, 0), (5, 1), (6, 0), (7, 1), (8, 0), (9, 1), (10, 0), (11, 1), (4, 2), (5, 3), (6, 2), (7, 3), (8, 2), (9, 3), (10, 2), (11, 3)]
length: 16 76
Estimated difference between T3^fnT3 - (T2^WT3 + h.c.) is: -1.6303138764007582e-06 2.657923335584867e-12
total cost: -7.784456739149498
singles alt: [(4, 0), (5, 1), (6, 0), (7, 1), (8, 0), (9, 1), (10, 0), (11, 1), (4, 2), (5, 3), (6, 2), (7, 3), (8, 2), (9, 3), (10, 2), (11, 3)]
length: 16 76
Estimated difference between T3^fnT3 - (T2^WT3 + h.c.) is: -1.6303138764007582e-06 2.657923335584867e-12
total cost: -7.78445673915063
singles alt: [(4, 0), (5, 1), (6, 0), (7, 1), (8, 0), (9, 1), (10, 0), (11, 1), (4, 2), (5, 3), (6, 2), (7, 3), (8, 2), (9, 3), (10, 2), (11, 3)]
length: 16 76
Estimated difference between T3^fnT3 - (T2^WT3 + h.c.) is: -1.6303138764007582e-06 2.657923335584867e-12
total cost: -7.784456739150666
singles alt: [(4, 0), (5, 1), (6, 0), (7, 1), (8, 0), (9, 1), (10, 0), (11, 1), (4, 2), (5, 3), (6, 2), (7, 3), (8, 2), (9, 3), (10, 2), (11, 3)]
length: 16 76
Estimated difference between T3^fnT3 - (T2^WT3 + h.c.) is: -1.6303138764007582e-06 2.657923335584867e-12
total cost: -7.784456739150674
singles alt: [(4, 0), (5, 1), (6, 0), (7, 1), (8, 0), (9, 1), (10, 0), (11, 1), (4, 2), (5, 3), (6, 2), (7, 3), (8, 2), (9, 3), (10, 2), (11, 3)]
length: 16 76
Estimated difference between T3^fnT3 - (T2^WT3 + h.c.) is: -1.6303138764007582e-06 2.657923335584867e-12
total cost: -7.784456739150672
singles alt: [(4, 0), (5, 1), (6, 0), (7, 1), (8, 0), (9, 1), (10, 0), (11, 1), (4, 2), (5, 3), (6, 2), (7, 3), (8, 2), (9, 3), (10, 2), (11, 3)]
length: 16 76
Estimated difference between T3^fnT3 - (T2^WT3 + h.c.) is: -1.6303138764007582e-06 2.657923335584867e-12
total cost: -7.784456739150689
singles alt: [(4, 0), (5, 1), (6, 0), (7, 1), (8, 0), (9, 1), (10, 0), (11, 1), (4, 2), (5, 3), (6, 2), (7, 3), (8, 2), (9, 3), (10, 2), (11, 3)]
length: 16 76
Estimated difference between T3^fnT3 - (T2^WT3 + h.c.) is: -1.6303138764007582e-06 2.657923335584867e-12
total cost: -7.7844567391506825
singles alt: [(4, 0), (5, 1), (6, 0), (7, 1), (8, 0), (9, 1), (10, 0), (11, 1), (4, 2), (5, 3), (6, 2), (7, 3), (8, 2), (9, 3), (10, 2), (11, 3)]
length: 16 76
Estimated difference between T3^fnT3 - (T2^WT3 + h.c.) is: -1.6303138764007582e-06 2.657923335584867e-12
total cost: -7.784456739150738
singles alt: [(4, 0), (5, 1), (6, 0), (7, 1), (8, 0), (9, 1), (10, 0), (11, 1), (4, 2), (5, 3), (6, 2), (7, 3), (8, 2), (9, 3), (10, 2), (11, 3)]
length: 16 76
Estimated difference between T3^fnT3 - (T2^WT3 + h.c.) is: -1.6303138764007582e-06 2.657923335584867e-12
total cost: -7.78445673915074
singles alt: [(4, 0), (5, 1), (6, 0), (7, 1), (8, 0), (9, 1), (10, 0), (11, 1), (4, 2), (5, 3), (6, 2), (7, 3), (8, 2), (9, 3), (10, 2), (11, 3)]
callback: energy=-7.784455108837
singles alt: [(4, 0), (5, 1), (6, 0), (7, 1), (8, 0), (9, 1), (10, 0), (11, 1), (4, 2), (5, 3), (6, 2), (7, 3), (8, 2), (9, 3), (10, 2), (11, 3)]
length: 16 76
Estimated difference between T3^fnT3 - (T2^WT3 + h.c.) is: -1.6305175220433936e-06 2.6585873896905285e-12
total cost: -7.784456758636312
singles alt: [(4, 0), (5, 1), (6, 0), (7, 1), (8, 0), (9, 1), (10, 0), (11, 1), (4, 2), (5, 3), (6, 2), (7, 3), (8, 2), (9, 3), (10, 2), (11, 3)]
length: 16 76
Estimated difference between T3^fnT3 - (T2^WT3 + h.c.) is: -1.6305178563401158e-06 2.6585884798439662e-12
total cost: -7.7844567586365825
singles alt: [(4, 0), (5, 1), (6, 0), (7, 1), (8, 0), (9, 1), (10, 0), (11, 1), (4, 2), (5, 3), (6, 2), (7, 3), (8, 2), (9, 3), (10, 2), (11, 3)]
length: 16 76
Estimated difference between T3^fnT3 - (T2^WT3 + h.c.) is: -1.6305175930022034e-06 2.6585876210896993e-12
total cost: -7.784456758637671
singles alt: [(4, 0), (5, 1), (6, 0), (7, 1), (8, 0), (9, 1), (10, 0), (11, 1), (4, 2), (5, 3), (6, 2), (7, 3), (8, 2), (9, 3), (10, 2), (11, 3)]
length: 16 76
Estimated difference between T3^fnT3 - (T2^WT3 + h.c.) is: -1.6305175929134594e-06 2.6585876208003016e-12
total cost: -7.784456758637679
singles alt: [(4, 0), (5, 1), (6, 0), (7, 1), (8, 0), (9, 1), (10, 0), (11, 1), (4, 2), (5, 3), (6, 2), (7, 3), (8, 2), (9, 3), (10, 2), (11, 3)]
length: 16 76
Estimated difference between T3^fnT3 - (T2^WT3 + h.c.) is: -1.6305175890263036e-06 2.65858760812415e-12
total cost: -7.784456758636315
singles alt: [(4, 0), (5, 1), (6, 0), (7, 1), (8, 0), (9, 1), (10, 0), (11, 1), (4, 2), (5, 3), (6, 2), (7, 3), (8, 2), (9, 3), (10, 2), (11, 3)]
length: 16 76
Estimated difference between T3^fnT3 - (T2^WT3 + h.c.) is: -1.6305175220175335e-06 2.6585873896061977e-12
total cost: -7.784456758636427
singles alt: [(4, 0), (5, 1), (6, 0), (7, 1), (8, 0), (9, 1), (10, 0), (11, 1), (4, 2), (5, 3), (6, 2), (7, 3), (8, 2), (9, 3), (10, 2), (11, 3)]
length: 16 76
Estimated difference between T3^fnT3 - (T2^WT3 + h.c.) is: -1.630517522020392e-06 2.6585873896155197e-12
total cost: -7.784456758636325
singles alt: [(4, 0), (5, 1), (6, 0), (7, 1), (8, 0), (9, 1), (10, 0), (11, 1), (4, 2), (5, 3), (6, 2), (7, 3), (8, 2), (9, 3), (10, 2), (11, 3)]
length: 16 76
Estimated difference between T3^fnT3 - (T2^WT3 + h.c.) is: -1.630517522039304e-06 2.658587389677192e-12
total cost: -7.784456758636312
singles alt: [(4, 0), (5, 1), (6, 0), (7, 1), (8, 0), (9, 1), (10, 0), (11, 1), (4, 2), (5, 3), (6, 2), (7, 3), (8, 2), (9, 3), (10, 2), (11, 3)]
length: 16 76
Estimated difference between T3^fnT3 - (T2^WT3 + h.c.) is: -1.6305175220427224e-06 2.6585873896883394e-12
total cost: -7.784456758636306
singles alt: [(4, 0), (5, 1), (6, 0), (7, 1), (8, 0), (9, 1), (10, 0), (11, 1), (4, 2), (5, 3), (6, 2), (7, 3), (8, 2), (9, 3), (10, 2), (11, 3)]
length: 16 76
Estimated difference between T3^fnT3 - (T2^WT3 + h.c.) is: -1.6305175220784396e-06 2.6585873898048148e-12
total cost: -7.784456758636167
singles alt: [(4, 0), (5, 1), (6, 0), (7, 1), (8, 0), (9, 1), (10, 0), (11, 1), (4, 2), (5, 3), (6, 2), (7, 3), (8, 2), (9, 3), (10, 2), (11, 3)]
length: 16 76
Estimated difference between T3^fnT3 - (T2^WT3 + h.c.) is: -1.630517522000535e-06 2.6585873895507653e-12
total cost: -7.78445675863634
singles alt: [(4, 0), (5, 1), (6, 0), (7, 1), (8, 0), (9, 1), (10, 0), (11, 1), (4, 2), (5, 3), (6, 2), (7, 3), (8, 2), (9, 3), (10, 2), (11, 3)]
length: 16 76
Estimated difference between T3^fnT3 - (T2^WT3 + h.c.) is: -1.6305175220504717e-06 2.6585873897136104e-12
total cost: -7.78445675863631
singles alt: [(4, 0), (5, 1), (6, 0), (7, 1), (8, 0), (9, 1), (10, 0), (11, 1), (4, 2), (5, 3), (6, 2), (7, 3), (8, 2), (9, 3), (10, 2), (11, 3)]
length: 16 76
Estimated difference between T3^fnT3 - (T2^WT3 + h.c.) is: -1.6305175220486321e-06 2.6585873897076114e-12
total cost: -7.784456758636298
singles alt: [(4, 0), (5, 1), (6, 0), (7, 1), (8, 0), (9, 1), (10, 0), (11, 1), (4, 2), (5, 3), (6, 2), (7, 3), (8, 2), (9, 3), (10, 2), (11, 3)]
length: 16 76
Estimated difference between T3^fnT3 - (T2^WT3 + h.c.) is: -1.6305175844762906e-06 2.6585875932863975e-12
total cost: -7.784456758637246
singles alt: [(4, 0), (5, 1), (6, 0), (7, 1), (8, 0), (9, 1), (10, 0), (11, 1), (4, 2), (5, 3), (6, 2), (7, 3), (8, 2), (9, 3), (10, 2), (11, 3)]
length: 16 76
Estimated difference between T3^fnT3 - (T2^WT3 + h.c.) is: -1.6305173362558422e-06 2.658586783830847e-12
total cost: -7.784456758635412
singles alt: [(4, 0), (5, 1), (6, 0), (7, 1), (8, 0), (9, 1), (10, 0), (11, 1), (4, 2), (5, 3), (6, 2), (7, 3), (8, 2), (9, 3), (10, 2), (11, 3)]
length: 16 76
Estimated difference between T3^fnT3 - (T2^WT3 + h.c.) is: -1.6305174860988648e-06 2.658587272474162e-12
total cost: -7.784456758634555
singles alt: [(4, 0), (5, 1), (6, 0), (7, 1), (8, 0), (9, 1), (10, 0), (11, 1), (4, 2), (5, 3), (6, 2), (7, 3), (8, 2), (9, 3), (10, 2), (11, 3)]
length: 16 76
Estimated difference between T3^fnT3 - (T2^WT3 + h.c.) is: -1.6305173751006943e-06 2.6585869105052585e-12
total cost: -7.784456758636259
singles alt: [(4, 0), (5, 1), (6, 0), (7, 1), (8, 0), (9, 1), (10, 0), (11, 1), (4, 2), (5, 3), (6, 2), (7, 3), (8, 2), (9, 3), (10, 2), (11, 3)]
length: 16 76
Estimated difference between T3^fnT3 - (T2^WT3 + h.c.) is: -1.6305175220141386e-06 2.658587389595127e-12
total cost: -7.784456758636471
singles alt: [(4, 0), (5, 1), (6, 0), (7, 1), (8, 0), (9, 1), (10, 0), (11, 1), (4, 2), (5, 3), (6, 2), (7, 3), (8, 2), (9, 3), (10, 2), (11, 3)]
length: 16 76
Estimated difference between T3^fnT3 - (T2^WT3 + h.c.) is: -1.630517522089451e-06 2.6585873898407236e-12
total cost: -7.784456758636264
singles alt: [(4, 0), (5, 1), (6, 0), (7, 1), (8, 0), (9, 1), (10, 0), (11, 1), (4, 2), (5, 3), (6, 2), (7, 3), (8, 2), (9, 3), (10, 2), (11, 3)]
length: 16 76
Estimated difference between T3^fnT3 - (T2^WT3 + h.c.) is: -1.6305175220187738e-06 2.6585873896102423e-12
total cost: -7.784456758636315
singles alt: [(4, 0), (5, 1), (6, 0), (7, 1), (8, 0), (9, 1), (10, 0), (11, 1), (4, 2), (5, 3), (6, 2), (7, 3), (8, 2), (9, 3), (10, 2), (11, 3)]
length: 16 76
Estimated difference between T3^fnT3 - (T2^WT3 + h.c.) is: -1.6305175220411935e-06 2.6585873896833537e-12
total cost: -7.784456758636315
singles alt: [(4, 0), (5, 1), (6, 0), (7, 1), (8, 0), (9, 1), (10, 0), (11, 1), (4, 2), (5, 3), (6, 2), (7, 3), (8, 2), (9, 3), (10, 2), (11, 3)]
length: 16 76
Estimated difference between T3^fnT3 - (T2^WT3 + h.c.) is: -1.630517720915874e-06 2.658588038220696e-12
total cost: -7.784456758636387
singles alt: [(4, 0), (5, 1), (6, 0), (7, 1), (8, 0), (9, 1), (10, 0), (11, 1), (4, 2), (5, 3), (6, 2), (7, 3), (8, 2), (9, 3), (10, 2), (11, 3)]
length: 16 76
Estimated difference between T3^fnT3 - (T2^WT3 + h.c.) is: -1.6305178688356966e-06 2.658588520592502e-12
total cost: -7.784456758636008
singles alt: [(4, 0), (5, 1), (6, 0), (7, 1), (8, 0), (9, 1), (10, 0), (11, 1), (4, 2), (5, 3), (6, 2), (7, 3), (8, 2), (9, 3), (10, 2), (11, 3)]
length: 16 76
Estimated difference between T3^fnT3 - (T2^WT3 + h.c.) is: -1.6305177629848534e-06 2.6585881754091305e-12
total cost: -7.784456758636035
singles alt: [(4, 0), (5, 1), (6, 0), (7, 1), (8, 0), (9, 1), (10, 0), (11, 1), (4, 2), (5, 3), (6, 2), (7, 3), (8, 2), (9, 3), (10, 2), (11, 3)]
length: 16 76
Estimated difference between T3^fnT3 - (T2^WT3 + h.c.) is: -1.6305177024404969e-06 2.658587977971837e-12
total cost: -7.784456758636277
singles alt: [(4, 0), (5, 1), (6, 0), (7, 1), (8, 0), (9, 1), (10, 0), (11, 1), (4, 2), (5, 3), (6, 2), (7, 3), (8, 2), (9, 3), (10, 2), (11, 3)]
length: 16 76
Estimated difference between T3^fnT3 - (T2^WT3 + h.c.) is: -1.630517544090104e-06 2.658587461585624e-12
total cost: -7.784456758636568
singles alt: [(4, 0), (5, 1), (6, 0), (7, 1), (8, 0), (9, 1), (10, 0), (11, 1), (4, 2), (5, 3), (6, 2), (7, 3), (8, 2), (9, 3), (10, 2), (11, 3)]
length: 16 76
Estimated difference between T3^fnT3 - (T2^WT3 + h.c.) is: -1.6305176474448169e-06 2.6585877986289803e-12
total cost: -7.78445675863634
singles alt: [(4, 0), (5, 1), (6, 0), (7, 1), (8, 0), (9, 1), (10, 0), (11, 1), (4, 2), (5, 3), (6, 2), (7, 3), (8, 2), (9, 3), (10, 2), (11, 3)]
length: 16 76
Estimated difference between T3^fnT3 - (T2^WT3 + h.c.) is: -1.6305176473726266e-06 2.658587798393565e-12
total cost: -7.7844567586363365
singles alt: [(4, 0), (5, 1), (6, 0), (7, 1), (8, 0), (9, 1), (10, 0), (11, 1), (4, 2), (5, 3), (6, 2), (7, 3), (8, 2), (9, 3), (10, 2), (11, 3)]
length: 16 76
Estimated difference between T3^fnT3 - (T2^WT3 + h.c.) is: -1.6305175415659687e-06 2.6585874533543305e-12
total cost: -7.7844567586363205
singles alt: [(4, 0), (5, 1), (6, 0), (7, 1), (8, 0), (9, 1), (10, 0), (11, 1), (4, 2), (5, 3), (6, 2), (7, 3), (8, 2), (9, 3), (10, 2), (11, 3)]
length: 16 76
Estimated difference between T3^fnT3 - (T2^WT3 + h.c.) is: -1.6305175220660162e-06 2.6585873897643015e-12
total cost: -7.784456758635516
singles alt: [(4, 0), (5, 1), (6, 0), (7, 1), (8, 0), (9, 1), (10, 0), (11, 1), (4, 2), (5, 3), (6, 2), (7, 3), (8, 2), (9, 3), (10, 2), (11, 3)]
length: 16 76
Estimated difference between T3^fnT3 - (T2^WT3 + h.c.) is: -1.6305175220546443e-06 2.6585873897272177e-12
total cost: -7.784456758636398
singles alt: [(4, 0), (5, 1), (6, 0), (7, 1), (8, 0), (9, 1), (10, 0), (11, 1), (4, 2), (5, 3), (6, 2), (7, 3), (8, 2), (9, 3), (10, 2), (11, 3)]
length: 16 76
Estimated difference between T3^fnT3 - (T2^WT3 + h.c.) is: -1.6305175220263484e-06 2.6585873896349435e-12
total cost: -7.784456758636364
singles alt: [(4, 0), (5, 1), (6, 0), (7, 1), (8, 0), (9, 1), (10, 0), (11, 1), (4, 2), (5, 3), (6, 2), (7, 3), (8, 2), (9, 3), (10, 2), (11, 3)]
length: 16 76
Estimated difference between T3^fnT3 - (T2^WT3 + h.c.) is: -1.6305175220476178e-06 2.658587389704304e-12
total cost: -7.784456758636297
singles alt: [(4, 0), (5, 1), (6, 0), (7, 1), (8, 0), (9, 1), (10, 0), (11, 1), (4, 2), (5, 3), (6, 2), (7, 3), (8, 2), (9, 3), (10, 2), (11, 3)]
length: 16 76
Estimated difference between T3^fnT3 - (T2^WT3 + h.c.) is: -1.6305175220760963e-06 2.658587389797173e-12
total cost: -7.784456758636236
singles alt: [(4, 0), (5, 1), (6, 0), (7, 1), (8, 0), (9, 1), (10, 0), (11, 1), (4, 2), (5, 3), (6, 2), (7, 3), (8, 2), (9, 3), (10, 2), (11, 3)]
length: 16 76
Estimated difference between T3^fnT3 - (T2^WT3 + h.c.) is: -1.6305175220765624e-06 2.658587389798693e-12
total cost: -7.784456758636287
singles alt: [(4, 0), (5, 1), (6, 0), (7, 1), (8, 0), (9, 1), (10, 0), (11, 1), (4, 2), (5, 3), (6, 2), (7, 3), (8, 2), (9, 3), (10, 2), (11, 3)]
length: 16 76
Estimated difference between T3^fnT3 - (T2^WT3 + h.c.) is: -1.6305175220429604e-06 2.6585873896891157e-12
total cost: -7.7844567586363
singles alt: [(4, 0), (5, 1), (6, 0), (7, 1), (8, 0), (9, 1), (10, 0), (11, 1), (4, 2), (5, 3), (6, 2), (7, 3), (8, 2), (9, 3), (10, 2), (11, 3)]
length: 16 76
Estimated difference between T3^fnT3 - (T2^WT3 + h.c.) is: -1.6305175220481442e-06 2.6585873897060204e-12
total cost: -7.784456758636314
singles alt: [(4, 0), (5, 1), (6, 0), (7, 1), (8, 0), (9, 1), (10, 0), (11, 1), (4, 2), (5, 3), (6, 2), (7, 3), (8, 2), (9, 3), (10, 2), (11, 3)]
length: 16 76
Estimated difference between T3^fnT3 - (T2^WT3 + h.c.) is: -1.630517544086391e-06 2.658587461573516e-12
total cost: -7.784456758636595
singles alt: [(4, 0), (5, 1), (6, 0), (7, 1), (8, 0), (9, 1), (10, 0), (11, 1), (4, 2), (5, 3), (6, 2), (7, 3), (8, 2), (9, 3), (10, 2), (11, 3)]
length: 16 76
Estimated difference between T3^fnT3 - (T2^WT3 + h.c.) is: -1.6305176474091708e-06 2.6585877985127368e-12
total cost: -7.784456758636364
singles alt: [(4, 0), (5, 1), (6, 0), (7, 1), (8, 0), (9, 1), (10, 0), (11, 1), (4, 2), (5, 3), (6, 2), (7, 3), (8, 2), (9, 3), (10, 2), (11, 3)]
length: 16 76
Estimated difference between T3^fnT3 - (T2^WT3 + h.c.) is: -1.6305176473634335e-06 2.658587798363586e-12
total cost: -7.78445675863634
singles alt: [(4, 0), (5, 1), (6, 0), (7, 1), (8, 0), (9, 1), (10, 0), (11, 1), (4, 2), (5, 3), (6, 2), (7, 3), (8, 2), (9, 3), (10, 2), (11, 3)]
length: 16 76
Estimated difference between T3^fnT3 - (T2^WT3 + h.c.) is: -1.6305175415670224e-06 2.6585874533577665e-12
total cost: -7.784456758636315
singles alt: [(4, 0), (5, 1), (6, 0), (7, 1), (8, 0), (9, 1), (10, 0), (11, 1), (4, 2), (5, 3), (6, 2), (7, 3), (8, 2), (9, 3), (10, 2), (11, 3)]
length: 16 76
Estimated difference between T3^fnT3 - (T2^WT3 + h.c.) is: -1.630517721016469e-06 2.6585880385487398e-12
total cost: -7.784456758636091
singles alt: [(4, 0), (5, 1), (6, 0), (7, 1), (8, 0), (9, 1), (10, 0), (11, 1), (4, 2), (5, 3), (6, 2), (7, 3), (8, 2), (9, 3), (10, 2), (11, 3)]
length: 16 76
Estimated difference between T3^fnT3 - (T2^WT3 + h.c.) is: -1.6305177633277755e-06 2.658588176527412e-12
total cost: -7.784456758635915
singles alt: [(4, 0), (5, 1), (6, 0), (7, 1), (8, 0), (9, 1), (10, 0), (11, 1), (4, 2), (5, 3), (6, 2), (7, 3), (8, 2), (9, 3), (10, 2), (11, 3)]
length: 16 76
Estimated difference between T3^fnT3 - (T2^WT3 + h.c.) is: -1.6305178692726703e-06 2.6585885220174887e-12
total cost: -7.784456758635873
singles alt: [(4, 0), (5, 1), (6, 0), (7, 1), (8, 0), (9, 1), (10, 0), (11, 1), (4, 2), (5, 3), (6, 2), (7, 3), (8, 2), (9, 3), (10, 2), (11, 3)]
length: 16 76
Estimated difference between T3^fnT3 - (T2^WT3 + h.c.) is: -1.6305177025517894e-06 2.6585879783347656e-12
total cost: -7.784456758636285
singles alt: [(4, 0), (5, 1), (6, 0), (7, 1), (8, 0), (9, 1), (10, 0), (11, 1), (4, 2), (5, 3), (6, 2), (7, 3), (8, 2), (9, 3), (10, 2), (11, 3)]
length: 16 76
Estimated difference between T3^fnT3 - (T2^WT3 + h.c.) is: -1.6305175220696373e-06 2.65858738977611e-12
total cost: -7.7844567586349545
singles alt: [(4, 0), (5, 1), (6, 0), (7, 1), (8, 0), (9, 1), (10, 0), (11, 1), (4, 2), (5, 3), (6, 2), (7, 3), (8, 2), (9, 3), (10, 2), (11, 3)]
length: 16 76
Estimated difference between T3^fnT3 - (T2^WT3 + h.c.) is: -1.6305175220300486e-06 2.6585873896470103e-12
total cost: -7.7844567586364
singles alt: [(4, 0), (5, 1), (6, 0), (7, 1), (8, 0), (9, 1), (10, 0), (11, 1), (4, 2), (5, 3), (6, 2), (7, 3), (8, 2), (9, 3), (10, 2), (11, 3)]
length: 16 76
Estimated difference between T3^fnT3 - (T2^WT3 + h.c.) is: -1.630517522023488e-06 2.6585873896256155e-12
total cost: -7.784456758636405
singles alt: [(4, 0), (5, 1), (6, 0), (7, 1), (8, 0), (9, 1), (10, 0), (11, 1), (4, 2), (5, 3), (6, 2), (7, 3), (8, 2), (9, 3), (10, 2), (11, 3)]
length: 16 76
Estimated difference between T3^fnT3 - (T2^WT3 + h.c.) is: -1.6305175220523197e-06 2.6585873897196366e-12
total cost: -7.784456758636295
singles alt: [(4, 0), (5, 1), (6, 0), (7, 1), (8, 0), (9, 1), (10, 0), (11, 1), (4, 2), (5, 3), (6, 2), (7, 3), (8, 2), (9, 3), (10, 2), (11, 3)]
length: 16 76
Estimated difference between T3^fnT3 - (T2^WT3 + h.c.) is: -1.6305175844555554e-06 2.6585875932187795e-12
total cost: -7.784456758635127
singles alt: [(4, 0), (5, 1), (6, 0), (7, 1), (8, 0), (9, 1), (10, 0), (11, 1), (4, 2), (5, 3), (6, 2), (7, 3), (8, 2), (9, 3), (10, 2), (11, 3)]
length: 16 76
Estimated difference between T3^fnT3 - (T2^WT3 + h.c.) is: -1.630517486115257e-06 2.6585872725276177e-12
total cost: -7.784456758634684
singles alt: [(4, 0), (5, 1), (6, 0), (7, 1), (8, 0), (9, 1), (10, 0), (11, 1), (4, 2), (5, 3), (6, 2), (7, 3), (8, 2), (9, 3), (10, 2), (11, 3)]
length: 16 76
Estimated difference between T3^fnT3 - (T2^WT3 + h.c.) is: -1.6305173359078006e-06 2.658586782695871e-12
total cost: -7.784456758636193
singles alt: [(4, 0), (5, 1), (6, 0), (7, 1), (8, 0), (9, 1), (10, 0), (11, 1), (4, 2), (5, 3), (6, 2), (7, 3), (8, 2), (9, 3), (10, 2), (11, 3)]
length: 16 76
Estimated difference between T3^fnT3 - (T2^WT3 + h.c.) is: -1.6305173747968547e-06 2.658586909514427e-12
total cost: -7.784456758636292
singles alt: [(4, 0), (5, 1), (6, 0), (7, 1), (8, 0), (9, 1), (10, 0), (11, 1), (4, 2), (5, 3), (6, 2), (7, 3), (8, 2), (9, 3), (10, 2), (11, 3)]
length: 16 76
Estimated difference between T3^fnT3 - (T2^WT3 + h.c.) is: -1.6305175220450176e-06 2.6585873896958244e-12
total cost: -7.7844567586361695
singles alt: [(4, 0), (5, 1), (6, 0), (7, 1), (8, 0), (9, 1), (10, 0), (11, 1), (4, 2), (5, 3), (6, 2), (7, 3), (8, 2), (9, 3), (10, 2), (11, 3)]
length: 16 76
Estimated difference between T3^fnT3 - (T2^WT3 + h.c.) is: -1.6305175220399068e-06 2.658587389679158e-12
total cost: -7.7844567586363205
singles alt: [(4, 0), (5, 1), (6, 0), (7, 1), (8, 0), (9, 1), (10, 0), (11, 1), (4, 2), (5, 3), (6, 2), (7, 3), (8, 2), (9, 3), (10, 2), (11, 3)]
length: 16 76
Estimated difference between T3^fnT3 - (T2^WT3 + h.c.) is: -1.630517522043046e-06 2.658587389689395e-12
total cost: -7.784456758636319
singles alt: [(4, 0), (5, 1), (6, 0), (7, 1), (8, 0), (9, 1), (10, 0), (11, 1), (4, 2), (5, 3), (6, 2), (7, 3), (8, 2), (9, 3), (10, 2), (11, 3)]
length: 16 76
Estimated difference between T3^fnT3 - (T2^WT3 + h.c.) is: -1.6305175220459434e-06 2.6585873896988436e-12
total cost: -7.784456758636306
singles alt: [(4, 0), (5, 1), (6, 0), (7, 1), (8, 0), (9, 1), (10, 0), (11, 1), (4, 2), (5, 3), (6, 2), (7, 3), (8, 2), (9, 3), (10, 2), (11, 3)]
length: 16 76
Estimated difference between T3^fnT3 - (T2^WT3 + h.c.) is: -1.6305175220412528e-06 2.658587389683547e-12
total cost: -7.784456758636437
singles alt: [(4, 0), (5, 1), (6, 0), (7, 1), (8, 0), (9, 1), (10, 0), (11, 1), (4, 2), (5, 3), (6, 2), (7, 3), (8, 2), (9, 3), (10, 2), (11, 3)]
length: 16 76
Estimated difference between T3^fnT3 - (T2^WT3 + h.c.) is: -1.630517522042286e-06 2.6585873896869165e-12
total cost: -7.784456758636291
singles alt: [(4, 0), (5, 1), (6, 0), (7, 1), (8, 0), (9, 1), (10, 0), (11, 1), (4, 2), (5, 3), (6, 2), (7, 3), (8, 2), (9, 3), (10, 2), (11, 3)]
length: 16 76
Estimated difference between T3^fnT3 - (T2^WT3 + h.c.) is: -1.6305175220440374e-06 2.658587389692628e-12
total cost: -7.78445675863631
singles alt: [(4, 0), (5, 1), (6, 0), (7, 1), (8, 0), (9, 1), (10, 0), (11, 1), (4, 2), (5, 3), (6, 2), (7, 3), (8, 2), (9, 3), (10, 2), (11, 3)]
length: 16 76
Estimated difference between T3^fnT3 - (T2^WT3 + h.c.) is: -1.630517522043079e-06 2.6585873896895026e-12
total cost: -7.784456758636303
singles alt: [(4, 0), (5, 1), (6, 0), (7, 1), (8, 0), (9, 1), (10, 0), (11, 1), (4, 2), (5, 3), (6, 2), (7, 3), (8, 2), (9, 3), (10, 2), (11, 3)]
length: 16 76
Estimated difference between T3^fnT3 - (T2^WT3 + h.c.) is: -1.6305177061678573e-06 2.6585879901268913e-12
total cost: -7.784456758636336
singles alt: [(4, 0), (5, 1), (6, 0), (7, 1), (8, 0), (9, 1), (10, 0), (11, 1), (4, 2), (5, 3), (6, 2), (7, 3), (8, 2), (9, 3), (10, 2), (11, 3)]
length: 16 76
Estimated difference between T3^fnT3 - (T2^WT3 + h.c.) is: -1.6305175533589323e-06 2.6585874918115986e-12
total cost: -7.784456758636113
singles alt: [(4, 0), (5, 1), (6, 0), (7, 1), (8, 0), (9, 1), (10, 0), (11, 1), (4, 2), (5, 3), (6, 2), (7, 3), (8, 2), (9, 3), (10, 2), (11, 3)]
length: 16 76
Estimated difference between T3^fnT3 - (T2^WT3 + h.c.) is: -1.6305175533983714e-06 2.658587491940211e-12
total cost: -7.784456758636073
singles alt: [(4, 0), (5, 1), (6, 0), (7, 1), (8, 0), (9, 1), (10, 0), (11, 1), (4, 2), (5, 3), (6, 2), (7, 3), (8, 2), (9, 3), (10, 2), (11, 3)]
length: 16 76
Estimated difference between T3^fnT3 - (T2^WT3 + h.c.) is: -1.6305176541561507e-06 2.6585878205148767e-12
total cost: -7.784456758636239
singles alt: [(4, 0), (5, 1), (6, 0), (7, 1), (8, 0), (9, 1), (10, 0), (11, 1), (4, 2), (5, 3), (6, 2), (7, 3), (8, 2), (9, 3), (10, 2), (11, 3)]
length: 16 76
Estimated difference between T3^fnT3 - (T2^WT3 + h.c.) is: -1.6305175220104585e-06 2.658587389583126e-12
total cost: -7.78445675863633
singles alt: [(4, 0), (5, 1), (6, 0), (7, 1), (8, 0), (9, 1), (10, 0), (11, 1), (4, 2), (5, 3), (6, 2), (7, 3), (8, 2), (9, 3), (10, 2), (11, 3)]
length: 16 76
Estimated difference between T3^fnT3 - (T2^WT3 + h.c.) is: -1.6305175220317118e-06 2.658587389652434e-12
total cost: -7.784456758636319
singles alt: [(4, 0), (5, 1), (6, 0), (7, 1), (8, 0), (9, 1), (10, 0), (11, 1), (4, 2), (5, 3), (6, 2), (7, 3), (8, 2), (9, 3), (10, 2), (11, 3)]
length: 16 76
Estimated difference between T3^fnT3 - (T2^WT3 + h.c.) is: -1.6305175220157628e-06 2.6585873896004236e-12
total cost: -7.784456758636331
singles alt: [(4, 0), (5, 1), (6, 0), (7, 1), (8, 0), (9, 1), (10, 0), (11, 1), (4, 2), (5, 3), (6, 2), (7, 3), (8, 2), (9, 3), (10, 2), (11, 3)]
length: 16 76
Estimated difference between T3^fnT3 - (T2^WT3 + h.c.) is: -1.6305175220081626e-06 2.658587389575639e-12
total cost: -7.784456758636331
singles alt: [(4, 0), (5, 1), (6, 0), (7, 1), (8, 0), (9, 1), (10, 0), (11, 1), (4, 2), (5, 3), (6, 2), (7, 3), (8, 2), (9, 3), (10, 2), (11, 3)]
length: 16 76
Estimated difference between T3^fnT3 - (T2^WT3 + h.c.) is: -1.630517377101679e-06 2.658586917030539e-12
total cost: -7.784456758636785
singles alt: [(4, 0), (5, 1), (6, 0), (7, 1), (8, 0), (9, 1), (10, 0), (11, 1), (4, 2), (5, 3), (6, 2), (7, 3), (8, 2), (9, 3), (10, 2), (11, 3)]
length: 16 76
Estimated difference between T3^fnT3 - (T2^WT3 + h.c.) is: -1.6305173773482025e-06 2.6585869178344604e-12
total cost: -7.78445675863735
singles alt: [(4, 0), (5, 1), (6, 0), (7, 1), (8, 0), (9, 1), (10, 0), (11, 1), (4, 2), (5, 3), (6, 2), (7, 3), (8, 2), (9, 3), (10, 2), (11, 3)]
length: 16 76
Estimated difference between T3^fnT3 - (T2^WT3 + h.c.) is: -1.630517242252656e-06 2.658586477283206e-12
total cost: -7.784456758636297
singles alt: [(4, 0), (5, 1), (6, 0), (7, 1), (8, 0), (9, 1), (10, 0), (11, 1), (4, 2), (5, 3), (6, 2), (7, 3), (8, 2), (9, 3), (10, 2), (11, 3)]
length: 16 76
Estimated difference between T3^fnT3 - (T2^WT3 + h.c.) is: -1.6305178014117147e-06 2.658588300720492e-12
total cost: -7.784456758636338
singles alt: [(4, 0), (5, 1), (6, 0), (7, 1), (8, 0), (9, 1), (10, 0), (11, 1), (4, 2), (5, 3), (6, 2), (7, 3), (8, 2), (9, 3), (10, 2), (11, 3)]
length: 16 76
Estimated difference between T3^fnT3 - (T2^WT3 + h.c.) is: -1.6305175220543047e-06 2.65858738972611e-12
total cost: -7.7844567586363045
singles alt: [(4, 0), (5, 1), (6, 0), (7, 1), (8, 0), (9, 1), (10, 0), (11, 1), (4, 2), (5, 3), (6, 2), (7, 3), (8, 2), (9, 3), (10, 2), (11, 3)]
length: 16 76
Estimated difference between T3^fnT3 - (T2^WT3 + h.c.) is: -1.63051752204071e-06 2.6585873896817773e-12
total cost: -7.784456758636336
singles alt: [(4, 0), (5, 1), (6, 0), (7, 1), (8, 0), (9, 1), (10, 0), (11, 1), (4, 2), (5, 3), (6, 2), (7, 3), (8, 2), (9, 3), (10, 2), (11, 3)]
length: 16 76
Estimated difference between T3^fnT3 - (T2^WT3 + h.c.) is: -1.6305175220585102e-06 2.658587389739824e-12
total cost: -7.784456758636313
singles alt: [(4, 0), (5, 1), (6, 0), (7, 1), (8, 0), (9, 1), (10, 0), (11, 1), (4, 2), (5, 3), (6, 2), (7, 3), (8, 2), (9, 3), (10, 2), (11, 3)]
length: 16 76
Estimated difference between T3^fnT3 - (T2^WT3 + h.c.) is: -1.6305175220499162e-06 2.658587389711799e-12
total cost: -7.784456758636314
singles alt: [(4, 0), (5, 1), (6, 0), (7, 1), (8, 0), (9, 1), (10, 0), (11, 1), (4, 2), (5, 3), (6, 2), (7, 3), (8, 2), (9, 3), (10, 2), (11, 3)]
length: 16 76
Estimated difference between T3^fnT3 - (T2^WT3 + h.c.) is: -1.6305175220433936e-06 2.6585873896905285e-12
total cost: -7.7844567586371705
singles alt: [(4, 0), (5, 1), (6, 0), (7, 1), (8, 0), (9, 1), (10, 0), (11, 1), (4, 2), (5, 3), (6, 2), (7, 3), (8, 2), (9, 3), (10, 2), (11, 3)]
length: 16 76
Estimated difference between T3^fnT3 - (T2^WT3 + h.c.) is: -1.6305175220433936e-06 2.6585873896905285e-12
total cost: -7.78445675863737
singles alt: [(4, 0), (5, 1), (6, 0), (7, 1), (8, 0), (9, 1), (10, 0), (11, 1), (4, 2), (5, 3), (6, 2), (7, 3), (8, 2), (9, 3), (10, 2), (11, 3)]
length: 16 76
Estimated difference between T3^fnT3 - (T2^WT3 + h.c.) is: -1.6305175220433936e-06 2.6585873896905285e-12
total cost: -7.784456758636319
singles alt: [(4, 0), (5, 1), (6, 0), (7, 1), (8, 0), (9, 1), (10, 0), (11, 1), (4, 2), (5, 3), (6, 2), (7, 3), (8, 2), (9, 3), (10, 2), (11, 3)]
length: 16 76
Estimated difference between T3^fnT3 - (T2^WT3 + h.c.) is: -1.6305175220433936e-06 2.6585873896905285e-12
total cost: -7.784456758636282
singles alt: [(4, 0), (5, 1), (6, 0), (7, 1), (8, 0), (9, 1), (10, 0), (11, 1), (4, 2), (5, 3), (6, 2), (7, 3), (8, 2), (9, 3), (10, 2), (11, 3)]
length: 16 76
Estimated difference between T3^fnT3 - (T2^WT3 + h.c.) is: -1.6305175220433936e-06 2.6585873896905285e-12
total cost: -7.784456758636322
singles alt: [(4, 0), (5, 1), (6, 0), (7, 1), (8, 0), (9, 1), (10, 0), (11, 1), (4, 2), (5, 3), (6, 2), (7, 3), (8, 2), (9, 3), (10, 2), (11, 3)]
length: 16 76
Estimated difference between T3^fnT3 - (T2^WT3 + h.c.) is: -1.6305175220433936e-06 2.6585873896905285e-12
total cost: -7.784456758636301
singles alt: [(4, 0), (5, 1), (6, 0), (7, 1), (8, 0), (9, 1), (10, 0), (11, 1), (4, 2), (5, 3), (6, 2), (7, 3), (8, 2), (9, 3), (10, 2), (11, 3)]
length: 16 76
Estimated difference between T3^fnT3 - (T2^WT3 + h.c.) is: -1.6305175220433936e-06 2.6585873896905285e-12
total cost: -7.784456758636723
singles alt: [(4, 0), (5, 1), (6, 0), (7, 1), (8, 0), (9, 1), (10, 0), (11, 1), (4, 2), (5, 3), (6, 2), (7, 3), (8, 2), (9, 3), (10, 2), (11, 3)]
length: 16 76
Estimated difference between T3^fnT3 - (T2^WT3 + h.c.) is: -1.6305175220433936e-06 2.6585873896905285e-12
total cost: -7.784456758636673
singles alt: [(4, 0), (5, 1), (6, 0), (7, 1), (8, 0), (9, 1), (10, 0), (11, 1), (4, 2), (5, 3), (6, 2), (7, 3), (8, 2), (9, 3), (10, 2), (11, 3)]
length: 16 76
Estimated difference between T3^fnT3 - (T2^WT3 + h.c.) is: -1.6305175220433936e-06 2.6585873896905285e-12
total cost: -7.784456758636265
singles alt: [(4, 0), (5, 1), (6, 0), (7, 1), (8, 0), (9, 1), (10, 0), (11, 1), (4, 2), (5, 3), (6, 2), (7, 3), (8, 2), (9, 3), (10, 2), (11, 3)]
length: 16 76
Estimated difference between T3^fnT3 - (T2^WT3 + h.c.) is: -1.6305175220433936e-06 2.6585873896905285e-12
total cost: -7.7844567586362885
singles alt: [(4, 0), (5, 1), (6, 0), (7, 1), (8, 0), (9, 1), (10, 0), (11, 1), (4, 2), (5, 3), (6, 2), (7, 3), (8, 2), (9, 3), (10, 2), (11, 3)]
length: 16 76
Estimated difference between T3^fnT3 - (T2^WT3 + h.c.) is: -1.6305175220433936e-06 2.6585873896905285e-12
total cost: -7.784456758636307
singles alt: [(4, 0), (5, 1), (6, 0), (7, 1), (8, 0), (9, 1), (10, 0), (11, 1), (4, 2), (5, 3), (6, 2), (7, 3), (8, 2), (9, 3), (10, 2), (11, 3)]
length: 16 76
Estimated difference between T3^fnT3 - (T2^WT3 + h.c.) is: -1.6305175220433936e-06 2.6585873896905285e-12
total cost: -7.784456758636308
singles alt: [(4, 0), (5, 1), (6, 0), (7, 1), (8, 0), (9, 1), (10, 0), (11, 1), (4, 2), (5, 3), (6, 2), (7, 3), (8, 2), (9, 3), (10, 2), (11, 3)]
length: 16 76
Estimated difference between T3^fnT3 - (T2^WT3 + h.c.) is: -1.6305175220433936e-06 2.6585873896905285e-12
total cost: -7.7844567586363045
singles alt: [(4, 0), (5, 1), (6, 0), (7, 1), (8, 0), (9, 1), (10, 0), (11, 1), (4, 2), (5, 3), (6, 2), (7, 3), (8, 2), (9, 3), (10, 2), (11, 3)]
length: 16 76
Estimated difference between T3^fnT3 - (T2^WT3 + h.c.) is: -1.6305175220433936e-06 2.6585873896905285e-12
total cost: -7.784456758636311
singles alt: [(4, 0), (5, 1), (6, 0), (7, 1), (8, 0), (9, 1), (10, 0), (11, 1), (4, 2), (5, 3), (6, 2), (7, 3), (8, 2), (9, 3), (10, 2), (11, 3)]
length: 16 76
Estimated difference between T3^fnT3 - (T2^WT3 + h.c.) is: -1.6305175220433936e-06 2.6585873896905285e-12
total cost: -7.784456758636529
singles alt: [(4, 0), (5, 1), (6, 0), (7, 1), (8, 0), (9, 1), (10, 0), (11, 1), (4, 2), (5, 3), (6, 2), (7, 3), (8, 2), (9, 3), (10, 2), (11, 3)]
length: 16 76
Estimated difference between T3^fnT3 - (T2^WT3 + h.c.) is: -1.6305175220433936e-06 2.6585873896905285e-12
total cost: -7.784456758636557
singles alt: [(4, 0), (5, 1), (6, 0), (7, 1), (8, 0), (9, 1), (10, 0), (11, 1), (4, 2), (5, 3), (6, 2), (7, 3), (8, 2), (9, 3), (10, 2), (11, 3)]
callback: energy=-7.784455128119
singles alt: [(4, 0), (5, 1), (6, 0), (7, 1), (8, 0), (9, 1), (10, 0), (11, 1), (4, 2), (5, 3), (6, 2), (7, 3), (8, 2), (9, 3), (10, 2), (11, 3)]
length: 16 76
Estimated difference between T3^fnT3 - (T2^WT3 + h.c.) is: -1.6307164205073077e-06 2.6592360441121664e-12
total cost: -7.784456727708347
singles alt: [(4, 0), (5, 1), (6, 0), (7, 1), (8, 0), (9, 1), (10, 0), (11, 1), (4, 2), (5, 3), (6, 2), (7, 3), (8, 2), (9, 3), (10, 2), (11, 3)]
length: 16 76
Estimated difference between T3^fnT3 - (T2^WT3 + h.c.) is: -1.630716755113531e-06 2.659237135408004e-12
total cost: -7.784456727708147
singles alt: [(4, 0), (5, 1), (6, 0), (7, 1), (8, 0), (9, 1), (10, 0), (11, 1), (4, 2), (5, 3), (6, 2), (7, 3), (8, 2), (9, 3), (10, 2), (11, 3)]
length: 16 76
Estimated difference between T3^fnT3 - (T2^WT3 + h.c.) is: -1.6307164939805602e-06 2.6592362837402502e-12
total cost: -7.784456727706721
singles alt: [(4, 0), (5, 1), (6, 0), (7, 1), (8, 0), (9, 1), (10, 0), (11, 1), (4, 2), (5, 3), (6, 2), (7, 3), (8, 2), (9, 3), (10, 2), (11, 3)]
length: 16 76
Estimated difference between T3^fnT3 - (T2^WT3 + h.c.) is: -1.6307164945035825e-06 2.6592362854460525e-12
total cost: -7.7844567277066785
singles alt: [(4, 0), (5, 1), (6, 0), (7, 1), (8, 0), (9, 1), (10, 0), (11, 1), (4, 2), (5, 3), (6, 2), (7, 3), (8, 2), (9, 3), (10, 2), (11, 3)]
length: 16 76
Estimated difference between T3^fnT3 - (T2^WT3 + h.c.) is: -1.6307164875119426e-06 2.6592362626432874e-12
total cost: -7.784456727708293
singles alt: [(4, 0), (5, 1), (6, 0), (7, 1), (8, 0), (9, 1), (10, 0), (11, 1), (4, 2), (5, 3), (6, 2), (7, 3), (8, 2), (9, 3), (10, 2), (11, 3)]
length: 16 76
Estimated difference between T3^fnT3 - (T2^WT3 + h.c.) is: -1.6307164205801614e-06 2.659236044349774e-12
total cost: -7.784456727708038
singles alt: [(4, 0), (5, 1), (6, 0), (7, 1), (8, 0), (9, 1), (10, 0), (11, 1), (4, 2), (5, 3), (6, 2), (7, 3), (8, 2), (9, 3), (10, 2), (11, 3)]
length: 16 76
Estimated difference between T3^fnT3 - (T2^WT3 + h.c.) is: -1.6307164205655897e-06 2.659236044302249e-12
total cost: -7.7844567277083225
singles alt: [(4, 0), (5, 1), (6, 0), (7, 1), (8, 0), (9, 1), (10, 0), (11, 1), (4, 2), (5, 3), (6, 2), (7, 3), (8, 2), (9, 3), (10, 2), (11, 3)]
length: 16 76
Estimated difference between T3^fnT3 - (T2^WT3 + h.c.) is: -1.6307164205108402e-06 2.6592360441236876e-12
total cost: -7.7844567277083545
singles alt: [(4, 0), (5, 1), (6, 0), (7, 1), (8, 0), (9, 1), (10, 0), (11, 1), (4, 2), (5, 3), (6, 2), (7, 3), (8, 2), (9, 3), (10, 2), (11, 3)]
length: 16 76
Estimated difference between T3^fnT3 - (T2^WT3 + h.c.) is: -1.6307164205140871e-06 2.659236044134277e-12
total cost: -7.784456727708341
singles alt: [(4, 0), (5, 1), (6, 0), (7, 1), (8, 0), (9, 1), (10, 0), (11, 1), (4, 2), (5, 3), (6, 2), (7, 3), (8, 2), (9, 3), (10, 2), (11, 3)]
length: 16 76
Estimated difference between T3^fnT3 - (T2^WT3 + h.c.) is: -1.6307164204791117e-06 2.6592360440202068e-12
total cost: -7.784456727708458
singles alt: [(4, 0), (5, 1), (6, 0), (7, 1), (8, 0), (9, 1), (10, 0), (11, 1), (4, 2), (5, 3), (6, 2), (7, 3), (8, 2), (9, 3), (10, 2), (11, 3)]
length: 16 76
Estimated difference between T3^fnT3 - (T2^WT3 + h.c.) is: -1.630716420599173e-06 2.659236044411779e-12
total cost: -7.784456727708297
singles alt: [(4, 0), (5, 1), (6, 0), (7, 1), (8, 0), (9, 1), (10, 0), (11, 1), (4, 2), (5, 3), (6, 2), (7, 3), (8, 2), (9, 3), (10, 2), (11, 3)]
length: 16 76
Estimated difference between T3^fnT3 - (T2^WT3 + h.c.) is: -1.6307164204879526e-06 2.659236044049041e-12
total cost: -7.784456727708363
singles alt: [(4, 0), (5, 1), (6, 0), (7, 1), (8, 0), (9, 1), (10, 0), (11, 1), (4, 2), (5, 3), (6, 2), (7, 3), (8, 2), (9, 3), (10, 2), (11, 3)]
length: 16 76
Estimated difference between T3^fnT3 - (T2^WT3 + h.c.) is: -1.630716420505023e-06 2.659236044104715e-12
total cost: -7.784456727708346
singles alt: [(4, 0), (5, 1), (6, 0), (7, 1), (8, 0), (9, 1), (10, 0), (11, 1), (4, 2), (5, 3), (6, 2), (7, 3), (8, 2), (9, 3), (10, 2), (11, 3)]
length: 16 76
Estimated difference between T3^fnT3 - (T2^WT3 + h.c.) is: -1.6307164829182294e-06 2.6592362476612e-12
total cost: -7.784456727711787
singles alt: [(4, 0), (5, 1), (6, 0), (7, 1), (8, 0), (9, 1), (10, 0), (11, 1), (4, 2), (5, 3), (6, 2), (7, 3), (8, 2), (9, 3), (10, 2), (11, 3)]
length: 16 76
Estimated difference between T3^fnT3 - (T2^WT3 + h.c.) is: -1.6307162348829947e-06 2.6592354387109703e-12
total cost: -7.7844567277105465
singles alt: [(4, 0), (5, 1), (6, 0), (7, 1), (8, 0), (9, 1), (10, 0), (11, 1), (4, 2), (5, 3), (6, 2), (7, 3), (8, 2), (9, 3), (10, 2), (11, 3)]
length: 16 76
Estimated difference between T3^fnT3 - (T2^WT3 + h.c.) is: -1.6307163834593796e-06 2.6592359232828384e-12
total cost: -7.784456727712948
singles alt: [(4, 0), (5, 1), (6, 0), (7, 1), (8, 0), (9, 1), (10, 0), (11, 1), (4, 2), (5, 3), (6, 2), (7, 3), (8, 2), (9, 3), (10, 2), (11, 3)]
length: 16 76
Estimated difference between T3^fnT3 - (T2^WT3 + h.c.) is: -1.6307162735385397e-06 2.6592355647834213e-12
total cost: -7.784456727708454
singles alt: [(4, 0), (5, 1), (6, 0), (7, 1), (8, 0), (9, 1), (10, 0), (11, 1), (4, 2), (5, 3), (6, 2), (7, 3), (8, 2), (9, 3), (10, 2), (11, 3)]
length: 16 76
Estimated difference between T3^fnT3 - (T2^WT3 + h.c.) is: -1.6307164205239246e-06 2.6592360441663613e-12
total cost: -7.784456727708172
singles alt: [(4, 0), (5, 1), (6, 0), (7, 1), (8, 0), (9, 1), (10, 0), (11, 1), (4, 2), (5, 3), (6, 2), (7, 3), (8, 2), (9, 3), (10, 2), (11, 3)]
length: 16 76
Estimated difference between T3^fnT3 - (T2^WT3 + h.c.) is: -1.6307164204165024e-06 2.659236043816011e-12
total cost: -7.78445672770844
singles alt: [(4, 0), (5, 1), (6, 0), (7, 1), (8, 0), (9, 1), (10, 0), (11, 1), (4, 2), (5, 3), (6, 2), (7, 3), (8, 2), (9, 3), (10, 2), (11, 3)]
length: 16 76
Estimated difference between T3^fnT3 - (T2^WT3 + h.c.) is: -1.6307164205787596e-06 2.659236044345202e-12
total cost: -7.7844567277083305
singles alt: [(4, 0), (5, 1), (6, 0), (7, 1), (8, 0), (9, 1), (10, 0), (11, 1), (4, 2), (5, 3), (6, 2), (7, 3), (8, 2), (9, 3), (10, 2), (11, 3)]
length: 16 76
Estimated difference between T3^fnT3 - (T2^WT3 + h.c.) is: -1.6307164205047158e-06 2.659236044103713e-12
total cost: -7.784456727708351
singles alt: [(4, 0), (5, 1), (6, 0), (7, 1), (8, 0), (9, 1), (10, 0), (11, 1), (4, 2), (5, 3), (6, 2), (7, 3), (8, 2), (9, 3), (10, 2), (11, 3)]
length: 16 76
Estimated difference between T3^fnT3 - (T2^WT3 + h.c.) is: -1.630716619483429e-06 2.6592366930594623e-12
total cost: -7.784456727707885
singles alt: [(4, 0), (5, 1), (6, 0), (7, 1), (8, 0), (9, 1), (10, 0), (11, 1), (4, 2), (5, 3), (6, 2), (7, 3), (8, 2), (9, 3), (10, 2), (11, 3)]
length: 16 76
Estimated difference between T3^fnT3 - (T2^WT3 + h.c.) is: -1.6307167669575635e-06 2.6592371740365283e-12
total cost: -7.784456727708228
singles alt: [(4, 0), (5, 1), (6, 0), (7, 1), (8, 0), (9, 1), (10, 0), (11, 1), (4, 2), (5, 3), (6, 2), (7, 3), (8, 2), (9, 3), (10, 2), (11, 3)]
length: 16 76
Estimated difference between T3^fnT3 - (T2^WT3 + h.c.) is: -1.6307166612469835e-06 2.659236829268509e-12
total cost: -7.784456727708215
singles alt: [(4, 0), (5, 1), (6, 0), (7, 1), (8, 0), (9, 1), (10, 0), (11, 1), (4, 2), (5, 3), (6, 2), (7, 3), (8, 2), (9, 3), (10, 2), (11, 3)]
length: 16 76
Estimated difference between T3^fnT3 - (T2^WT3 + h.c.) is: -1.6307166009178538e-06 2.659236632509079e-12
total cost: -7.7844567277083385
singles alt: [(4, 0), (5, 1), (6, 0), (7, 1), (8, 0), (9, 1), (10, 0), (11, 1), (4, 2), (5, 3), (6, 2), (7, 3), (8, 2), (9, 3), (10, 2), (11, 3)]
length: 16 76
Estimated difference between T3^fnT3 - (T2^WT3 + h.c.) is: -1.6307164426962347e-06 2.659236116479862e-12
total cost: -7.784456727707666
singles alt: [(4, 0), (5, 1), (6, 0), (7, 1), (8, 0), (9, 1), (10, 0), (11, 1), (4, 2), (5, 3), (6, 2), (7, 3), (8, 2), (9, 3), (10, 2), (11, 3)]
length: 16 76
Estimated difference between T3^fnT3 - (T2^WT3 + h.c.) is: -1.6307165460398563e-06 2.6592364535281586e-12
total cost: -7.78445672770829
singles alt: [(4, 0), (5, 1), (6, 0), (7, 1), (8, 0), (9, 1), (10, 0), (11, 1), (4, 2), (5, 3), (6, 2), (7, 3), (8, 2), (9, 3), (10, 2), (11, 3)]
length: 16 76
Estimated difference between T3^fnT3 - (T2^WT3 + h.c.) is: -1.6307165459809174e-06 2.6592364533359336e-12
total cost: -7.7844567277083
singles alt: [(4, 0), (5, 1), (6, 0), (7, 1), (8, 0), (9, 1), (10, 0), (11, 1), (4, 2), (5, 3), (6, 2), (7, 3), (8, 2), (9, 3), (10, 2), (11, 3)]
length: 16 76
Estimated difference between T3^fnT3 - (T2^WT3 + h.c.) is: -1.6307164400144229e-06 2.659236107733313e-12
total cost: -7.784456727708342
singles alt: [(4, 0), (5, 1), (6, 0), (7, 1), (8, 0), (9, 1), (10, 0), (11, 1), (4, 2), (5, 3), (6, 2), (7, 3), (8, 2), (9, 3), (10, 2), (11, 3)]
length: 16 76
Estimated difference between T3^fnT3 - (T2^WT3 + h.c.) is: -1.6307164204567347e-06 2.6592360439472263e-12
total cost: -7.784456727710039
singles alt: [(4, 0), (5, 1), (6, 0), (7, 1), (8, 0), (9, 1), (10, 0), (11, 1), (4, 2), (5, 3), (6, 2), (7, 3), (8, 2), (9, 3), (10, 2), (11, 3)]
length: 16 76
Estimated difference between T3^fnT3 - (T2^WT3 + h.c.) is: -1.630716420497471e-06 2.659236044080085e-12
total cost: -7.784456727708131
singles alt: [(4, 0), (5, 1), (6, 0), (7, 1), (8, 0), (9, 1), (10, 0), (11, 1), (4, 2), (5, 3), (6, 2), (7, 3), (8, 2), (9, 3), (10, 2), (11, 3)]
length: 16 76
Estimated difference between T3^fnT3 - (T2^WT3 + h.c.) is: -1.630716420551622e-06 2.6592360442566944e-12
total cost: -7.784456727708227
singles alt: [(4, 0), (5, 1), (6, 0), (7, 1), (8, 0), (9, 1), (10, 0), (11, 1), (4, 2), (5, 3), (6, 2), (7, 3), (8, 2), (9, 3), (10, 2), (11, 3)]
length: 16 76
Estimated difference between T3^fnT3 - (T2^WT3 + h.c.) is: -1.6307164205016641e-06 2.6592360440937604e-12
total cost: -7.784456727708355
singles alt: [(4, 0), (5, 1), (6, 0), (7, 1), (8, 0), (9, 1), (10, 0), (11, 1), (4, 2), (5, 3), (6, 2), (7, 3), (8, 2), (9, 3), (10, 2), (11, 3)]
length: 16 76
Estimated difference between T3^fnT3 - (T2^WT3 + h.c.) is: -1.6307164204311857e-06 2.6592360438638995e-12
total cost: -7.784456727708533
singles alt: [(4, 0), (5, 1), (6, 0), (7, 1), (8, 0), (9, 1), (10, 0), (11, 1), (4, 2), (5, 3), (6, 2), (7, 3), (8, 2), (9, 3), (10, 2), (11, 3)]
length: 16 76
Estimated difference between T3^fnT3 - (T2^WT3 + h.c.) is: -1.6307164204374461e-06 2.6592360438843173e-12
total cost: -7.7844567277084025
singles alt: [(4, 0), (5, 1), (6, 0), (7, 1), (8, 0), (9, 1), (10, 0), (11, 1), (4, 2), (5, 3), (6, 2), (7, 3), (8, 2), (9, 3), (10, 2), (11, 3)]
length: 16 76
Estimated difference between T3^fnT3 - (T2^WT3 + h.c.) is: -1.6307164205062315e-06 2.6592360441086565e-12
total cost: -7.7844567277083705
singles alt: [(4, 0), (5, 1), (6, 0), (7, 1), (8, 0), (9, 1), (10, 0), (11, 1), (4, 2), (5, 3), (6, 2), (7, 3), (8, 2), (9, 3), (10, 2), (11, 3)]
length: 16 76
Estimated difference between T3^fnT3 - (T2^WT3 + h.c.) is: -1.6307164204950435e-06 2.6592360440721677e-12
total cost: -7.784456727708352
singles alt: [(4, 0), (5, 1), (6, 0), (7, 1), (8, 0), (9, 1), (10, 0), (11, 1), (4, 2), (5, 3), (6, 2), (7, 3), (8, 2), (9, 3), (10, 2), (11, 3)]
length: 16 76
Estimated difference between T3^fnT3 - (T2^WT3 + h.c.) is: -1.6307164427088057e-06 2.6592361165208616e-12
total cost: -7.7844567277076
singles alt: [(4, 0), (5, 1), (6, 0), (7, 1), (8, 0), (9, 1), (10, 0), (11, 1), (4, 2), (5, 3), (6, 2), (7, 3), (8, 2), (9, 3), (10, 2), (11, 3)]
length: 16 76
Estimated difference between T3^fnT3 - (T2^WT3 + h.c.) is: -1.6307165461150542e-06 2.6592364537734116e-12
total cost: -7.784456727708232
singles alt: [(4, 0), (5, 1), (6, 0), (7, 1), (8, 0), (9, 1), (10, 0), (11, 1), (4, 2), (5, 3), (6, 2), (7, 3), (8, 2), (9, 3), (10, 2), (11, 3)]
length: 16 76
Estimated difference between T3^fnT3 - (T2^WT3 + h.c.) is: -1.6307165459885689e-06 2.6592364533608884e-12
total cost: -7.784456727708288
singles alt: [(4, 0), (5, 1), (6, 0), (7, 1), (8, 0), (9, 1), (10, 0), (11, 1), (4, 2), (5, 3), (6, 2), (7, 3), (8, 2), (9, 3), (10, 2), (11, 3)]
length: 16 76
Estimated difference between T3^fnT3 - (T2^WT3 + h.c.) is: -1.6307164400172124e-06 2.6592361077424106e-12
total cost: -7.78445672770834
singles alt: [(4, 0), (5, 1), (6, 0), (7, 1), (8, 0), (9, 1), (10, 0), (11, 1), (4, 2), (5, 3), (6, 2), (7, 3), (8, 2), (9, 3), (10, 2), (11, 3)]
length: 16 76
Estimated difference between T3^fnT3 - (T2^WT3 + h.c.) is: -1.6307166193531005e-06 2.6592366926344046e-12
total cost: -7.784456727708764
singles alt: [(4, 0), (5, 1), (6, 0), (7, 1), (8, 0), (9, 1), (10, 0), (11, 1), (4, 2), (5, 3), (6, 2), (7, 3), (8, 2), (9, 3), (10, 2), (11, 3)]
length: 16 76
Estimated difference between T3^fnT3 - (T2^WT3 + h.c.) is: -1.6307166612069273e-06 2.6592368291378685e-12
total cost: -7.784456727708393
singles alt: [(4, 0), (5, 1), (6, 0), (7, 1), (8, 0), (9, 1), (10, 0), (11, 1), (4, 2), (5, 3), (6, 2), (7, 3), (8, 2), (9, 3), (10, 2), (11, 3)]
length: 16 76
Estimated difference between T3^fnT3 - (T2^WT3 + h.c.) is: -1.6307167667443755e-06 2.6592371733412297e-12
total cost: -7.784456727708494
singles alt: [(4, 0), (5, 1), (6, 0), (7, 1), (8, 0), (9, 1), (10, 0), (11, 1), (4, 2), (5, 3), (6, 2), (7, 3), (8, 2), (9, 3), (10, 2), (11, 3)]
length: 16 76
Estimated difference between T3^fnT3 - (T2^WT3 + h.c.) is: -1.6307166010048284e-06 2.659236632792741e-12
total cost: -7.7844567277083705
singles alt: [(4, 0), (5, 1), (6, 0), (7, 1), (8, 0), (9, 1), (10, 0), (11, 1), (4, 2), (5, 3), (6, 2), (7, 3), (8, 2), (9, 3), (10, 2), (11, 3)]
length: 16 76
Estimated difference between T3^fnT3 - (T2^WT3 + h.c.) is: -1.6307164204571515e-06 2.6592360439485854e-12
total cost: -7.784456727711031
singles alt: [(4, 0), (5, 1), (6, 0), (7, 1), (8, 0), (9, 1), (10, 0), (11, 1), (4, 2), (5, 3), (6, 2), (7, 3), (8, 2), (9, 3), (10, 2), (11, 3)]
length: 16 76
Estimated difference between T3^fnT3 - (T2^WT3 + h.c.) is: -1.6307164205369606e-06 2.6592360442088775e-12
total cost: -7.784456727708161
singles alt: [(4, 0), (5, 1), (6, 0), (7, 1), (8, 0), (9, 1), (10, 0), (11, 1), (4, 2), (5, 3), (6, 2), (7, 3), (8, 2), (9, 3), (10, 2), (11, 3)]
length: 16 76
Estimated difference between T3^fnT3 - (T2^WT3 + h.c.) is: -1.6307164205517532e-06 2.6592360442571225e-12
total cost: -7.784456727708142
singles alt: [(4, 0), (5, 1), (6, 0), (7, 1), (8, 0), (9, 1), (10, 0), (11, 1), (4, 2), (5, 3), (6, 2), (7, 3), (8, 2), (9, 3), (10, 2), (11, 3)]
length: 16 76
Estimated difference between T3^fnT3 - (T2^WT3 + h.c.) is: -1.6307164204919484e-06 2.659236044062073e-12
total cost: -7.78445672770836
singles alt: [(4, 0), (5, 1), (6, 0), (7, 1), (8, 0), (9, 1), (10, 0), (11, 1), (4, 2), (5, 3), (6, 2), (7, 3), (8, 2), (9, 3), (10, 2), (11, 3)]
length: 16 76
Estimated difference between T3^fnT3 - (T2^WT3 + h.c.) is: -1.6307164829731496e-06 2.6592362478403184e-12
total cost: -7.784456727705438
singles alt: [(4, 0), (5, 1), (6, 0), (7, 1), (8, 0), (9, 1), (10, 0), (11, 1), (4, 2), (5, 3), (6, 2), (7, 3), (8, 2), (9, 3), (10, 2), (11, 3)]
length: 16 76
Estimated difference between T3^fnT3 - (T2^WT3 + h.c.) is: -1.6307163831058765e-06 2.659235922129912e-12
total cost: -7.7844567277132075
singles alt: [(4, 0), (5, 1), (6, 0), (7, 1), (8, 0), (9, 1), (10, 0), (11, 1), (4, 2), (5, 3), (6, 2), (7, 3), (8, 2), (9, 3), (10, 2), (11, 3)]
length: 16 76
Estimated difference between T3^fnT3 - (T2^WT3 + h.c.) is: -1.6307162348652612e-06 2.659235438653134e-12
total cost: -7.784456727708432
singles alt: [(4, 0), (5, 1), (6, 0), (7, 1), (8, 0), (9, 1), (10, 0), (11, 1), (4, 2), (5, 3), (6, 2), (7, 3), (8, 2), (9, 3), (10, 2), (11, 3)]
length: 16 76
Estimated difference between T3^fnT3 - (T2^WT3 + h.c.) is: -1.6307162732581021e-06 2.659235563868793e-12
total cost: -7.784456727708404
singles alt: [(4, 0), (5, 1), (6, 0), (7, 1), (8, 0), (9, 1), (10, 0), (11, 1), (4, 2), (5, 3), (6, 2), (7, 3), (8, 2), (9, 3), (10, 2), (11, 3)]
length: 16 76
Estimated difference between T3^fnT3 - (T2^WT3 + h.c.) is: -1.630716420501779e-06 2.6592360440941352e-12
total cost: -7.784456727708848
singles alt: [(4, 0), (5, 1), (6, 0), (7, 1), (8, 0), (9, 1), (10, 0), (11, 1), (4, 2), (5, 3), (6, 2), (7, 3), (8, 2), (9, 3), (10, 2), (11, 3)]
length: 16 76
Estimated difference between T3^fnT3 - (T2^WT3 + h.c.) is: -1.6307164205148204e-06 2.6592360441366688e-12
total cost: -7.784456727708316
singles alt: [(4, 0), (5, 1), (6, 0), (7, 1), (8, 0), (9, 1), (10, 0), (11, 1), (4, 2), (5, 3), (6, 2), (7, 3), (8, 2), (9, 3), (10, 2), (11, 3)]
length: 16 76
Estimated difference between T3^fnT3 - (T2^WT3 + h.c.) is: -1.6307164205089816e-06 2.659236044117626e-12
total cost: -7.7844567277083225
singles alt: [(4, 0), (5, 1), (6, 0), (7, 1), (8, 0), (9, 1), (10, 0), (11, 1), (4, 2), (5, 3), (6, 2), (7, 3), (8, 2), (9, 3), (10, 2), (11, 3)]
length: 16 76
Estimated difference between T3^fnT3 - (T2^WT3 + h.c.) is: -1.630716420501639e-06 2.659236044093678e-12
total cost: -7.784456727708349
singles alt: [(4, 0), (5, 1), (6, 0), (7, 1), (8, 0), (9, 1), (10, 0), (11, 1), (4, 2), (5, 3), (6, 2), (7, 3), (8, 2), (9, 3), (10, 2), (11, 3)]
length: 16 76
Estimated difference between T3^fnT3 - (T2^WT3 + h.c.) is: -1.6307164205012434e-06 2.659236044092388e-12
total cost: -7.784456727708534
singles alt: [(4, 0), (5, 1), (6, 0), (7, 1), (8, 0), (9, 1), (10, 0), (11, 1), (4, 2), (5, 3), (6, 2), (7, 3), (8, 2), (9, 3), (10, 2), (11, 3)]
length: 16 76
Estimated difference between T3^fnT3 - (T2^WT3 + h.c.) is: -1.630716420513306e-06 2.659236044131729e-12
total cost: -7.784456727708374
singles alt: [(4, 0), (5, 1), (6, 0), (7, 1), (8, 0), (9, 1), (10, 0), (11, 1), (4, 2), (5, 3), (6, 2), (7, 3), (8, 2), (9, 3), (10, 2), (11, 3)]
length: 16 76
Estimated difference between T3^fnT3 - (T2^WT3 + h.c.) is: -1.6307164205084008e-06 2.6592360441157316e-12
total cost: -7.78445672770832
singles alt: [(4, 0), (5, 1), (6, 0), (7, 1), (8, 0), (9, 1), (10, 0), (11, 1), (4, 2), (5, 3), (6, 2), (7, 3), (8, 2), (9, 3), (10, 2), (11, 3)]
length: 16 76
Estimated difference between T3^fnT3 - (T2^WT3 + h.c.) is: -1.6307164205079934e-06 2.6592360441144028e-12
total cost: -7.784456727708348
singles alt: [(4, 0), (5, 1), (6, 0), (7, 1), (8, 0), (9, 1), (10, 0), (11, 1), (4, 2), (5, 3), (6, 2), (7, 3), (8, 2), (9, 3), (10, 2), (11, 3)]
length: 16 76
Estimated difference between T3^fnT3 - (T2^WT3 + h.c.) is: -1.6307166046296693e-06 2.659236644614917e-12
total cost: -7.784456727708519
singles alt: [(4, 0), (5, 1), (6, 0), (7, 1), (8, 0), (9, 1), (10, 0), (11, 1), (4, 2), (5, 3), (6, 2), (7, 3), (8, 2), (9, 3), (10, 2), (11, 3)]
length: 16 76
Estimated difference between T3^fnT3 - (T2^WT3 + h.c.) is: -1.6307164532904215e-06 2.6592361510320917e-12
total cost: -7.784456727708918
singles alt: [(4, 0), (5, 1), (6, 0), (7, 1), (8, 0), (9, 1), (10, 0), (11, 1), (4, 2), (5, 3), (6, 2), (7, 3), (8, 2), (9, 3), (10, 2), (11, 3)]
length: 16 76
Estimated difference between T3^fnT3 - (T2^WT3 + h.c.) is: -1.630716452946792e-06 2.6592361499113666e-12
total cost: -7.784456727708988
singles alt: [(4, 0), (5, 1), (6, 0), (7, 1), (8, 0), (9, 1), (10, 0), (11, 1), (4, 2), (5, 3), (6, 2), (7, 3), (8, 2), (9, 3), (10, 2), (11, 3)]
length: 16 76
Estimated difference between T3^fnT3 - (T2^WT3 + h.c.) is: -1.6307165526090525e-06 2.6592364749531527e-12
total cost: -7.784456727708451
singles alt: [(4, 0), (5, 1), (6, 0), (7, 1), (8, 0), (9, 1), (10, 0), (11, 1), (4, 2), (5, 3), (6, 2), (7, 3), (8, 2), (9, 3), (10, 2), (11, 3)]
length: 16 76
Estimated difference between T3^fnT3 - (T2^WT3 + h.c.) is: -1.630716420595522e-06 2.6592360443998714e-12
total cost: -7.784456727708304
singles alt: [(4, 0), (5, 1), (6, 0), (7, 1), (8, 0), (9, 1), (10, 0), (11, 1), (4, 2), (5, 3), (6, 2), (7, 3), (8, 2), (9, 3), (10, 2), (11, 3)]
length: 16 76
Estimated difference between T3^fnT3 - (T2^WT3 + h.c.) is: -1.6307164205299762e-06 2.659236044186098e-12
total cost: -7.784456727708332
singles alt: [(4, 0), (5, 1), (6, 0), (7, 1), (8, 0), (9, 1), (10, 0), (11, 1), (4, 2), (5, 3), (6, 2), (7, 3), (8, 2), (9, 3), (10, 2), (11, 3)]
length: 16 76
Estimated difference between T3^fnT3 - (T2^WT3 + h.c.) is: -1.6307164205777038e-06 2.6592360443417583e-12
total cost: -7.784456727708304
singles alt: [(4, 0), (5, 1), (6, 0), (7, 1), (8, 0), (9, 1), (10, 0), (11, 1), (4, 2), (5, 3), (6, 2), (7, 3), (8, 2), (9, 3), (10, 2), (11, 3)]
length: 16 76
Estimated difference between T3^fnT3 - (T2^WT3 + h.c.) is: -1.630716420596393e-06 2.659236044402712e-12
total cost: -7.784456727708299
singles alt: [(4, 0), (5, 1), (6, 0), (7, 1), (8, 0), (9, 1), (10, 0), (11, 1), (4, 2), (5, 3), (6, 2), (7, 3), (8, 2), (9, 3), (10, 2), (11, 3)]
length: 16 76
Estimated difference between T3^fnT3 - (T2^WT3 + h.c.) is: -1.6307162762454524e-06 2.6592355736118348e-12
total cost: -7.784456727706674
singles alt: [(4, 0), (5, 1), (6, 0), (7, 1), (8, 0), (9, 1), (10, 0), (11, 1), (4, 2), (5, 3), (6, 2), (7, 3), (8, 2), (9, 3), (10, 2), (11, 3)]
length: 16 76
Estimated difference between T3^fnT3 - (T2^WT3 + h.c.) is: -1.630716276606224e-06 2.6592355747884673e-12
total cost: -7.784456727704812
singles alt: [(4, 0), (5, 1), (6, 0), (7, 1), (8, 0), (9, 1), (10, 0), (11, 1), (4, 2), (5, 3), (6, 2), (7, 3), (8, 2), (9, 3), (10, 2), (11, 3)]
length: 16 76
Estimated difference between T3^fnT3 - (T2^WT3 + h.c.) is: -1.6307161406403328e-06 2.6592351313449017e-12
total cost: -7.784456727708375
singles alt: [(4, 0), (5, 1), (6, 0), (7, 1), (8, 0), (9, 1), (10, 0), (11, 1), (4, 2), (5, 3), (6, 2), (7, 3), (8, 2), (9, 3), (10, 2), (11, 3)]
length: 16 76
Estimated difference between T3^fnT3 - (T2^WT3 + h.c.) is: -1.630716699902467e-06 2.6592369553407927e-12
total cost: -7.784456727708295
singles alt: [(4, 0), (5, 1), (6, 0), (7, 1), (8, 0), (9, 1), (10, 0), (11, 1), (4, 2), (5, 3), (6, 2), (7, 3), (8, 2), (9, 3), (10, 2), (11, 3)]
length: 16 76
Estimated difference between T3^fnT3 - (T2^WT3 + h.c.) is: -1.6307164204834396e-06 2.659236044034322e-12
total cost: -7.784456727708353
singles alt: [(4, 0), (5, 1), (6, 0), (7, 1), (8, 0), (9, 1), (10, 0), (11, 1), (4, 2), (5, 3), (6, 2), (7, 3), (8, 2), (9, 3), (10, 2), (11, 3)]
length: 16 76
Estimated difference between T3^fnT3 - (T2^WT3 + h.c.) is: -1.6307164205154996e-06 2.6592360441388838e-12
total cost: -7.784456727708282
singles alt: [(4, 0), (5, 1), (6, 0), (7, 1), (8, 0), (9, 1), (10, 0), (11, 1), (4, 2), (5, 3), (6, 2), (7, 3), (8, 2), (9, 3), (10, 2), (11, 3)]
length: 16 76
Estimated difference between T3^fnT3 - (T2^WT3 + h.c.) is: -1.630716420474694e-06 2.659236044005799e-12
total cost: -7.78445672770833
singles alt: [(4, 0), (5, 1), (6, 0), (7, 1), (8, 0), (9, 1), (10, 0), (11, 1), (4, 2), (5, 3), (6, 2), (7, 3), (8, 2), (9, 3), (10, 2), (11, 3)]
length: 16 76
Estimated difference between T3^fnT3 - (T2^WT3 + h.c.) is: -1.6307164204910595e-06 2.659236044059174e-12
total cost: -7.784456727708346
singles alt: [(4, 0), (5, 1), (6, 0), (7, 1), (8, 0), (9, 1), (10, 0), (11, 1), (4, 2), (5, 3), (6, 2), (7, 3), (8, 2), (9, 3), (10, 2), (11, 3)]
length: 16 76
Estimated difference between T3^fnT3 - (T2^WT3 + h.c.) is: -1.6307164205073077e-06 2.6592360441121664e-12
total cost: -7.784456727708247
singles alt: [(4, 0), (5, 1), (6, 0), (7, 1), (8, 0), (9, 1), (10, 0), (11, 1), (4, 2), (5, 3), (6, 2), (7, 3), (8, 2), (9, 3), (10, 2), (11, 3)]
length: 16 76
Estimated difference between T3^fnT3 - (T2^WT3 + h.c.) is: -1.6307164205073077e-06 2.6592360441121664e-12
total cost: -7.784456727707925
singles alt: [(4, 0), (5, 1), (6, 0), (7, 1), (8, 0), (9, 1), (10, 0), (11, 1), (4, 2), (5, 3), (6, 2), (7, 3), (8, 2), (9, 3), (10, 2), (11, 3)]
length: 16 76
Estimated difference between T3^fnT3 - (T2^WT3 + h.c.) is: -1.6307164205073077e-06 2.6592360441121664e-12
total cost: -7.7844567277083225
singles alt: [(4, 0), (5, 1), (6, 0), (7, 1), (8, 0), (9, 1), (10, 0), (11, 1), (4, 2), (5, 3), (6, 2), (7, 3), (8, 2), (9, 3), (10, 2), (11, 3)]
length: 16 76
Estimated difference between T3^fnT3 - (T2^WT3 + h.c.) is: -1.6307164205073077e-06 2.6592360441121664e-12
total cost: -7.784456727708403
singles alt: [(4, 0), (5, 1), (6, 0), (7, 1), (8, 0), (9, 1), (10, 0), (11, 1), (4, 2), (5, 3), (6, 2), (7, 3), (8, 2), (9, 3), (10, 2), (11, 3)]
length: 16 76
Estimated difference between T3^fnT3 - (T2^WT3 + h.c.) is: -1.6307164205073077e-06 2.6592360441121664e-12
total cost: -7.784456727708322
singles alt: [(4, 0), (5, 1), (6, 0), (7, 1), (8, 0), (9, 1), (10, 0), (11, 1), (4, 2), (5, 3), (6, 2), (7, 3), (8, 2), (9, 3), (10, 2), (11, 3)]
length: 16 76
Estimated difference between T3^fnT3 - (T2^WT3 + h.c.) is: -1.6307164205073077e-06 2.6592360441121664e-12
total cost: -7.784456727708362
singles alt: [(4, 0), (5, 1), (6, 0), (7, 1), (8, 0), (9, 1), (10, 0), (11, 1), (4, 2), (5, 3), (6, 2), (7, 3), (8, 2), (9, 3), (10, 2), (11, 3)]
length: 16 76
Estimated difference between T3^fnT3 - (T2^WT3 + h.c.) is: -1.6307164205073077e-06 2.6592360441121664e-12
total cost: -7.784456727709708
singles alt: [(4, 0), (5, 1), (6, 0), (7, 1), (8, 0), (9, 1), (10, 0), (11, 1), (4, 2), (5, 3), (6, 2), (7, 3), (8, 2), (9, 3), (10, 2), (11, 3)]
length: 16 76
Estimated difference between T3^fnT3 - (T2^WT3 + h.c.) is: -1.6307164205073077e-06 2.6592360441121664e-12
total cost: -7.784456727709381
singles alt: [(4, 0), (5, 1), (6, 0), (7, 1), (8, 0), (9, 1), (10, 0), (11, 1), (4, 2), (5, 3), (6, 2), (7, 3), (8, 2), (9, 3), (10, 2), (11, 3)]
length: 16 76
Estimated difference between T3^fnT3 - (T2^WT3 + h.c.) is: -1.6307164205073077e-06 2.6592360441121664e-12
total cost: -7.784456727708418
singles alt: [(4, 0), (5, 1), (6, 0), (7, 1), (8, 0), (9, 1), (10, 0), (11, 1), (4, 2), (5, 3), (6, 2), (7, 3), (8, 2), (9, 3), (10, 2), (11, 3)]
length: 16 76
Estimated difference between T3^fnT3 - (T2^WT3 + h.c.) is: -1.6307164205073077e-06 2.6592360441121664e-12
total cost: -7.784456727708392
singles alt: [(4, 0), (5, 1), (6, 0), (7, 1), (8, 0), (9, 1), (10, 0), (11, 1), (4, 2), (5, 3), (6, 2), (7, 3), (8, 2), (9, 3), (10, 2), (11, 3)]
length: 16 76
Estimated difference between T3^fnT3 - (T2^WT3 + h.c.) is: -1.6307164205073077e-06 2.6592360441121664e-12
total cost: -7.784456727708347
singles alt: [(4, 0), (5, 1), (6, 0), (7, 1), (8, 0), (9, 1), (10, 0), (11, 1), (4, 2), (5, 3), (6, 2), (7, 3), (8, 2), (9, 3), (10, 2), (11, 3)]
length: 16 76
Estimated difference between T3^fnT3 - (T2^WT3 + h.c.) is: -1.6307164205073077e-06 2.6592360441121664e-12
total cost: -7.784456727708345
singles alt: [(4, 0), (5, 1), (6, 0), (7, 1), (8, 0), (9, 1), (10, 0), (11, 1), (4, 2), (5, 3), (6, 2), (7, 3), (8, 2), (9, 3), (10, 2), (11, 3)]
length: 16 76
Estimated difference between T3^fnT3 - (T2^WT3 + h.c.) is: -1.6307164205073077e-06 2.6592360441121664e-12
total cost: -7.784456727708348
singles alt: [(4, 0), (5, 1), (6, 0), (7, 1), (8, 0), (9, 1), (10, 0), (11, 1), (4, 2), (5, 3), (6, 2), (7, 3), (8, 2), (9, 3), (10, 2), (11, 3)]
length: 16 76
Estimated difference between T3^fnT3 - (T2^WT3 + h.c.) is: -1.6307164205073077e-06 2.6592360441121664e-12
total cost: -7.784456727708348
singles alt: [(4, 0), (5, 1), (6, 0), (7, 1), (8, 0), (9, 1), (10, 0), (11, 1), (4, 2), (5, 3), (6, 2), (7, 3), (8, 2), (9, 3), (10, 2), (11, 3)]
length: 16 76
Estimated difference between T3^fnT3 - (T2^WT3 + h.c.) is: -1.6307164205073077e-06 2.6592360441121664e-12
total cost: -7.78445672770845
singles alt: [(4, 0), (5, 1), (6, 0), (7, 1), (8, 0), (9, 1), (10, 0), (11, 1), (4, 2), (5, 3), (6, 2), (7, 3), (8, 2), (9, 3), (10, 2), (11, 3)]
length: 16 76
Estimated difference between T3^fnT3 - (T2^WT3 + h.c.) is: -1.6307164205073077e-06 2.6592360441121664e-12
total cost: -7.78445672770846
singles alt: [(4, 0), (5, 1), (6, 0), (7, 1), (8, 0), (9, 1), (10, 0), (11, 1), (4, 2), (5, 3), (6, 2), (7, 3), (8, 2), (9, 3), (10, 2), (11, 3)]
length: 16 76
Estimated difference between T3^fnT3 - (T2^WT3 + h.c.) is: -1.63056963850907e-06 2.6587573460275996e-12
total cost: -7.784456764146921
singles alt: [(4, 0), (5, 1), (6, 0), (7, 1), (8, 0), (9, 1), (10, 0), (11, 1), (4, 2), (5, 3), (6, 2), (7, 3), (8, 2), (9, 3), (10, 2), (11, 3)]
length: 16 76
Estimated difference between T3^fnT3 - (T2^WT3 + h.c.) is: -1.6305699728924435e-06 2.6587584364984638e-12
total cost: -7.784456764147055
singles alt: [(4, 0), (5, 1), (6, 0), (7, 1), (8, 0), (9, 1), (10, 0), (11, 1), (4, 2), (5, 3), (6, 2), (7, 3), (8, 2), (9, 3), (10, 2), (11, 3)]
length: 16 76
Estimated difference between T3^fnT3 - (T2^WT3 + h.c.) is: -1.6305697101718506e-06 2.658757579729913e-12
total cost: -7.784456764147445
singles alt: [(4, 0), (5, 1), (6, 0), (7, 1), (8, 0), (9, 1), (10, 0), (11, 1), (4, 2), (5, 3), (6, 2), (7, 3), (8, 2), (9, 3), (10, 2), (11, 3)]
length: 16 76
Estimated difference between T3^fnT3 - (T2^WT3 + h.c.) is: -1.6305697102543832e-06 2.6587575799990633e-12
total cost: -7.7844567641474365
singles alt: [(4, 0), (5, 1), (6, 0), (7, 1), (8, 0), (9, 1), (10, 0), (11, 1), (4, 2), (5, 3), (6, 2), (7, 3), (8, 2), (9, 3), (10, 2), (11, 3)]
length: 16 76
Estimated difference between T3^fnT3 - (T2^WT3 + h.c.) is: -1.6305697054980628e-06 2.6587575644880394e-12
total cost: -7.784456764146917
singles alt: [(4, 0), (5, 1), (6, 0), (7, 1), (8, 0), (9, 1), (10, 0), (11, 1), (4, 2), (5, 3), (6, 2), (7, 3), (8, 2), (9, 3), (10, 2), (11, 3)]
length: 16 76
Estimated difference between T3^fnT3 - (T2^WT3 + h.c.) is: -1.6305696385108467e-06 2.6587573460333935e-12
total cost: -7.784456764146914
singles alt: [(4, 0), (5, 1), (6, 0), (7, 1), (8, 0), (9, 1), (10, 0), (11, 1), (4, 2), (5, 3), (6, 2), (7, 3), (8, 2), (9, 3), (10, 2), (11, 3)]
length: 16 76
Estimated difference between T3^fnT3 - (T2^WT3 + h.c.) is: -1.6305696385088257e-06 2.6587573460268027e-12
total cost: -7.784456764146922
singles alt: [(4, 0), (5, 1), (6, 0), (7, 1), (8, 0), (9, 1), (10, 0), (11, 1), (4, 2), (5, 3), (6, 2), (7, 3), (8, 2), (9, 3), (10, 2), (11, 3)]
length: 16 76
Estimated difference between T3^fnT3 - (T2^WT3 + h.c.) is: -1.6305696385071143e-06 2.6587573460212212e-12
total cost: -7.784456764146925
singles alt: [(4, 0), (5, 1), (6, 0), (7, 1), (8, 0), (9, 1), (10, 0), (11, 1), (4, 2), (5, 3), (6, 2), (7, 3), (8, 2), (9, 3), (10, 2), (11, 3)]
length: 16 76
Estimated difference between T3^fnT3 - (T2^WT3 + h.c.) is: -1.6305696385104846e-06 2.6587573460322125e-12
total cost: -7.784456764146916
singles alt: [(4, 0), (5, 1), (6, 0), (7, 1), (8, 0), (9, 1), (10, 0), (11, 1), (4, 2), (5, 3), (6, 2), (7, 3), (8, 2), (9, 3), (10, 2), (11, 3)]
length: 16 76
Estimated difference between T3^fnT3 - (T2^WT3 + h.c.) is: -1.63056963852641e-06 2.6587573460841475e-12
total cost: -7.78445676414685
singles alt: [(4, 0), (5, 1), (6, 0), (7, 1), (8, 0), (9, 1), (10, 0), (11, 1), (4, 2), (5, 3), (6, 2), (7, 3), (8, 2), (9, 3), (10, 2), (11, 3)]
length: 16 76
Estimated difference between T3^fnT3 - (T2^WT3 + h.c.) is: -1.6305696385039305e-06 2.6587573460108387e-12
total cost: -7.784456764146926
singles alt: [(4, 0), (5, 1), (6, 0), (7, 1), (8, 0), (9, 1), (10, 0), (11, 1), (4, 2), (5, 3), (6, 2), (7, 3), (8, 2), (9, 3), (10, 2), (11, 3)]
length: 16 76
Estimated difference between T3^fnT3 - (T2^WT3 + h.c.) is: -1.6305696385087473e-06 2.658757346026547e-12
total cost: -7.784456764146925
singles alt: [(4, 0), (5, 1), (6, 0), (7, 1), (8, 0), (9, 1), (10, 0), (11, 1), (4, 2), (5, 3), (6, 2), (7, 3), (8, 2), (9, 3), (10, 2), (11, 3)]
length: 16 76
Estimated difference between T3^fnT3 - (T2^WT3 + h.c.) is: -1.630569638512202e-06 2.658757346037813e-12
total cost: -7.7844567641469125
singles alt: [(4, 0), (5, 1), (6, 0), (7, 1), (8, 0), (9, 1), (10, 0), (11, 1), (4, 2), (5, 3), (6, 2), (7, 3), (8, 2), (9, 3), (10, 2), (11, 3)]
length: 16 76
Estimated difference between T3^fnT3 - (T2^WT3 + h.c.) is: -1.6305697009358146e-06 2.6587575496099117e-12
total cost: -7.784456764148559
singles alt: [(4, 0), (5, 1), (6, 0), (7, 1), (8, 0), (9, 1), (10, 0), (11, 1), (4, 2), (5, 3), (6, 2), (7, 3), (8, 2), (9, 3), (10, 2), (11, 3)]
length: 16 76
Estimated difference between T3^fnT3 - (T2^WT3 + h.c.) is: -1.6305694527672203e-06 2.6587567402975923e-12
total cost: -7.7844567641468965
singles alt: [(4, 0), (5, 1), (6, 0), (7, 1), (8, 0), (9, 1), (10, 0), (11, 1), (4, 2), (5, 3), (6, 2), (7, 3), (8, 2), (9, 3), (10, 2), (11, 3)]
length: 16 76
Estimated difference between T3^fnT3 - (T2^WT3 + h.c.) is: -1.630569602255622e-06 2.658757227800057e-12
total cost: -7.784456764146939
singles alt: [(4, 0), (5, 1), (6, 0), (7, 1), (8, 0), (9, 1), (10, 0), (11, 1), (4, 2), (5, 3), (6, 2), (7, 3), (8, 2), (9, 3), (10, 2), (11, 3)]
length: 16 76
Estimated difference between T3^fnT3 - (T2^WT3 + h.c.) is: -1.6305694915590732e-06 2.6587568668032146e-12
total cost: -7.784456764146916
singles alt: [(4, 0), (5, 1), (6, 0), (7, 1), (8, 0), (9, 1), (10, 0), (11, 1), (4, 2), (5, 3), (6, 2), (7, 3), (8, 2), (9, 3), (10, 2), (11, 3)]
length: 16 76
Estimated difference between T3^fnT3 - (T2^WT3 + h.c.) is: -1.6305696384926577e-06 2.6587573459740764e-12
total cost: -7.784456764146985
singles alt: [(4, 0), (5, 1), (6, 0), (7, 1), (8, 0), (9, 1), (10, 0), (11, 1), (4, 2), (5, 3), (6, 2), (7, 3), (8, 2), (9, 3), (10, 2), (11, 3)]
length: 16 76
Estimated difference between T3^fnT3 - (T2^WT3 + h.c.) is: -1.6305696385168098e-06 2.65875734605284e-12
total cost: -7.784456764146913
singles alt: [(4, 0), (5, 1), (6, 0), (7, 1), (8, 0), (9, 1), (10, 0), (11, 1), (4, 2), (5, 3), (6, 2), (7, 3), (8, 2), (9, 3), (10, 2), (11, 3)]
length: 16 76
Estimated difference between T3^fnT3 - (T2^WT3 + h.c.) is: -1.630569638511348e-06 2.658757346035028e-12
total cost: -7.784456764146919
singles alt: [(4, 0), (5, 1), (6, 0), (7, 1), (8, 0), (9, 1), (10, 0), (11, 1), (4, 2), (5, 3), (6, 2), (7, 3), (8, 2), (9, 3), (10, 2), (11, 3)]
length: 16 76
Estimated difference between T3^fnT3 - (T2^WT3 + h.c.) is: -1.6305696385067602e-06 2.6587573460200665e-12
total cost: -7.784456764146927
singles alt: [(4, 0), (5, 1), (6, 0), (7, 1), (8, 0), (9, 1), (10, 0), (11, 1), (4, 2), (5, 3), (6, 2), (7, 3), (8, 2), (9, 3), (10, 2), (11, 3)]
length: 16 76
Estimated difference between T3^fnT3 - (T2^WT3 + h.c.) is: -1.6305698374105673e-06 2.658757994673124e-12
total cost: -7.784456764146847
singles alt: [(4, 0), (5, 1), (6, 0), (7, 1), (8, 0), (9, 1), (10, 0), (11, 1), (4, 2), (5, 3), (6, 2), (7, 3), (8, 2), (9, 3), (10, 2), (11, 3)]
length: 16 76
Estimated difference between T3^fnT3 - (T2^WT3 + h.c.) is: -1.63056998520561e-06 2.658758476653423e-12
total cost: -7.784456764146673
singles alt: [(4, 0), (5, 1), (6, 0), (7, 1), (8, 0), (9, 1), (10, 0), (11, 1), (4, 2), (5, 3), (6, 2), (7, 3), (8, 2), (9, 3), (10, 2), (11, 3)]
length: 16 76
Estimated difference between T3^fnT3 - (T2^WT3 + h.c.) is: -1.6305698793940363e-06 2.6587581315870824e-12
total cost: -7.784456764146694
singles alt: [(4, 0), (5, 1), (6, 0), (7, 1), (8, 0), (9, 1), (10, 0), (11, 1), (4, 2), (5, 3), (6, 2), (7, 3), (8, 2), (9, 3), (10, 2), (11, 3)]
length: 16 76
Estimated difference between T3^fnT3 - (T2^WT3 + h.c.) is: -1.6305698189099365e-06 2.658757934339983e-12
total cost: -7.784456764146898
singles alt: [(4, 0), (5, 1), (6, 0), (7, 1), (8, 0), (9, 1), (10, 0), (11, 1), (4, 2), (5, 3), (6, 2), (7, 3), (8, 2), (9, 3), (10, 2), (11, 3)]
length: 16 76
Estimated difference between T3^fnT3 - (T2^WT3 + h.c.) is: -1.6305696605955965e-06 2.6587574180548385e-12
total cost: -7.784456764146913
singles alt: [(4, 0), (5, 1), (6, 0), (7, 1), (8, 0), (9, 1), (10, 0), (11, 1), (4, 2), (5, 3), (6, 2), (7, 3), (8, 2), (9, 3), (10, 2), (11, 3)]
length: 16 76
Estimated difference between T3^fnT3 - (T2^WT3 + h.c.) is: -1.6305697639472037e-06 2.6587577550988396e-12
total cost: -7.784456764146928
singles alt: [(4, 0), (5, 1), (6, 0), (7, 1), (8, 0), (9, 1), (10, 0), (11, 1), (4, 2), (5, 3), (6, 2), (7, 3), (8, 2), (9, 3), (10, 2), (11, 3)]
length: 16 76
Estimated difference between T3^fnT3 - (T2^WT3 + h.c.) is: -1.6305697638787238e-06 2.6587577548755174e-12
total cost: -7.7844567641469276
singles alt: [(4, 0), (5, 1), (6, 0), (7, 1), (8, 0), (9, 1), (10, 0), (11, 1), (4, 2), (5, 3), (6, 2), (7, 3), (8, 2), (9, 3), (10, 2), (11, 3)]
length: 16 76
Estimated difference between T3^fnT3 - (T2^WT3 + h.c.) is: -1.6305696580273168e-06 2.6587574096793206e-12
total cost: -7.784456764146925
singles alt: [(4, 0), (5, 1), (6, 0), (7, 1), (8, 0), (9, 1), (10, 0), (11, 1), (4, 2), (5, 3), (6, 2), (7, 3), (8, 2), (9, 3), (10, 2), (11, 3)]
length: 16 76
Estimated difference between T3^fnT3 - (T2^WT3 + h.c.) is: -1.6305696385112e-06 2.6587573460345454e-12
total cost: -7.784456764146822
singles alt: [(4, 0), (5, 1), (6, 0), (7, 1), (8, 0), (9, 1), (10, 0), (11, 1), (4, 2), (5, 3), (6, 2), (7, 3), (8, 2), (9, 3), (10, 2), (11, 3)]
length: 16 76
Estimated difference between T3^fnT3 - (T2^WT3 + h.c.) is: -1.6305696385144172e-06 2.658757346045037e-12
total cost: -7.784456764146922
singles alt: [(4, 0), (5, 1), (6, 0), (7, 1), (8, 0), (9, 1), (10, 0), (11, 1), (4, 2), (5, 3), (6, 2), (7, 3), (8, 2), (9, 3), (10, 2), (11, 3)]
length: 16 76
Estimated difference between T3^fnT3 - (T2^WT3 + h.c.) is: -1.630569638509204e-06 2.6587573460280358e-12
total cost: -7.784456764146923
singles alt: [(4, 0), (5, 1), (6, 0), (7, 1), (8, 0), (9, 1), (10, 0), (11, 1), (4, 2), (5, 3), (6, 2), (7, 3), (8, 2), (9, 3), (10, 2), (11, 3)]
length: 16 76
Estimated difference between T3^fnT3 - (T2^WT3 + h.c.) is: -1.6305696385105312e-06 2.6587573460323643e-12
total cost: -7.784456764146915
singles alt: [(4, 0), (5, 1), (6, 0), (7, 1), (8, 0), (9, 1), (10, 0), (11, 1), (4, 2), (5, 3), (6, 2), (7, 3), (8, 2), (9, 3), (10, 2), (11, 3)]
length: 16 76
Estimated difference between T3^fnT3 - (T2^WT3 + h.c.) is: -1.6305696385113045e-06 2.6587573460348863e-12
total cost: -7.784456764146917
singles alt: [(4, 0), (5, 1), (6, 0), (7, 1), (8, 0), (9, 1), (10, 0), (11, 1), (4, 2), (5, 3), (6, 2), (7, 3), (8, 2), (9, 3), (10, 2), (11, 3)]
length: 16 76
Estimated difference between T3^fnT3 - (T2^WT3 + h.c.) is: -1.630569638513393e-06 2.6587573460416968e-12
total cost: -7.784456764146915
singles alt: [(4, 0), (5, 1), (6, 0), (7, 1), (8, 0), (9, 1), (10, 0), (11, 1), (4, 2), (5, 3), (6, 2), (7, 3), (8, 2), (9, 3), (10, 2), (11, 3)]
length: 16 76
Estimated difference between T3^fnT3 - (T2^WT3 + h.c.) is: -1.630569638508456e-06 2.6587573460255966e-12
total cost: -7.78445676414692
singles alt: [(4, 0), (5, 1), (6, 0), (7, 1), (8, 0), (9, 1), (10, 0), (11, 1), (4, 2), (5, 3), (6, 2), (7, 3), (8, 2), (9, 3), (10, 2), (11, 3)]
length: 16 76
Estimated difference between T3^fnT3 - (T2^WT3 + h.c.) is: -1.6305696385090565e-06 2.658757346027555e-12
total cost: -7.784456764146926
singles alt: [(4, 0), (5, 1), (6, 0), (7, 1), (8, 0), (9, 1), (10, 0), (11, 1), (4, 2), (5, 3), (6, 2), (7, 3), (8, 2), (9, 3), (10, 2), (11, 3)]
length: 16 76
Estimated difference between T3^fnT3 - (T2^WT3 + h.c.) is: -1.6305696605964427e-06 2.6587574180575983e-12
total cost: -7.784456764146915
singles alt: [(4, 0), (5, 1), (6, 0), (7, 1), (8, 0), (9, 1), (10, 0), (11, 1), (4, 2), (5, 3), (6, 2), (7, 3), (8, 2), (9, 3), (10, 2), (11, 3)]
length: 16 76
Estimated difference between T3^fnT3 - (T2^WT3 + h.c.) is: -1.6305697639425912e-06 2.6587577550837977e-12
total cost: -7.7844567641469276
singles alt: [(4, 0), (5, 1), (6, 0), (7, 1), (8, 0), (9, 1), (10, 0), (11, 1), (4, 2), (5, 3), (6, 2), (7, 3), (8, 2), (9, 3), (10, 2), (11, 3)]
length: 16 76
Estimated difference between T3^fnT3 - (T2^WT3 + h.c.) is: -1.630569763874247e-06 2.6587577548609178e-12
total cost: -7.784456764146924
singles alt: [(4, 0), (5, 1), (6, 0), (7, 1), (8, 0), (9, 1), (10, 0), (11, 1), (4, 2), (5, 3), (6, 2), (7, 3), (8, 2), (9, 3), (10, 2), (11, 3)]
length: 16 76
Estimated difference between T3^fnT3 - (T2^WT3 + h.c.) is: -1.6305696580288567e-06 2.6587574096843426e-12
total cost: -7.784456764146923
singles alt: [(4, 0), (5, 1), (6, 0), (7, 1), (8, 0), (9, 1), (10, 0), (11, 1), (4, 2), (5, 3), (6, 2), (7, 3), (8, 2), (9, 3), (10, 2), (11, 3)]
length: 16 76
Estimated difference between T3^fnT3 - (T2^WT3 + h.c.) is: -1.6305698374465099e-06 2.6587579947903377e-12
total cost: -7.784456764146879
singles alt: [(4, 0), (5, 1), (6, 0), (7, 1), (8, 0), (9, 1), (10, 0), (11, 1), (4, 2), (5, 3), (6, 2), (7, 3), (8, 2), (9, 3), (10, 2), (11, 3)]
length: 16 76
Estimated difference between T3^fnT3 - (T2^WT3 + h.c.) is: -1.630569879629736e-06 2.6587581323557315e-12
total cost: -7.784456764146653
singles alt: [(4, 0), (5, 1), (6, 0), (7, 1), (8, 0), (9, 1), (10, 0), (11, 1), (4, 2), (5, 3), (6, 2), (7, 3), (8, 2), (9, 3), (10, 2), (11, 3)]
length: 16 76
Estimated difference between T3^fnT3 - (T2^WT3 + h.c.) is: -1.6305699854605572e-06 2.658758477484842e-12
total cost: -7.784456764146652
singles alt: [(4, 0), (5, 1), (6, 0), (7, 1), (8, 0), (9, 1), (10, 0), (11, 1), (4, 2), (5, 3), (6, 2), (7, 3), (8, 2), (9, 3), (10, 2), (11, 3)]
length: 16 76
Estimated difference between T3^fnT3 - (T2^WT3 + h.c.) is: -1.6305698190144212e-06 2.658757934680722e-12
total cost: -7.784456764146917
singles alt: [(4, 0), (5, 1), (6, 0), (7, 1), (8, 0), (9, 1), (10, 0), (11, 1), (4, 2), (5, 3), (6, 2), (7, 3), (8, 2), (9, 3), (10, 2), (11, 3)]
length: 16 76
Estimated difference between T3^fnT3 - (T2^WT3 + h.c.) is: -1.630569638513924e-06 2.6587573460434287e-12
total cost: -7.784456764146699
singles alt: [(4, 0), (5, 1), (6, 0), (7, 1), (8, 0), (9, 1), (10, 0), (11, 1), (4, 2), (5, 3), (6, 2), (7, 3), (8, 2), (9, 3), (10, 2), (11, 3)]
length: 16 76
Estimated difference between T3^fnT3 - (T2^WT3 + h.c.) is: -1.6305696385077635e-06 2.6587573460233385e-12
total cost: -7.784456764146932
singles alt: [(4, 0), (5, 1), (6, 0), (7, 1), (8, 0), (9, 1), (10, 0), (11, 1), (4, 2), (5, 3), (6, 2), (7, 3), (8, 2), (9, 3), (10, 2), (11, 3)]
length: 16 76
Estimated difference between T3^fnT3 - (T2^WT3 + h.c.) is: -1.6305696385071795e-06 2.658757346021434e-12
total cost: -7.784456764146932
singles alt: [(4, 0), (5, 1), (6, 0), (7, 1), (8, 0), (9, 1), (10, 0), (11, 1), (4, 2), (5, 3), (6, 2), (7, 3), (8, 2), (9, 3), (10, 2), (11, 3)]
length: 16 76
Estimated difference between T3^fnT3 - (T2^WT3 + h.c.) is: -1.6305696385111963e-06 2.6587573460345337e-12
total cost: -7.784456764146914
singles alt: [(4, 0), (5, 1), (6, 0), (7, 1), (8, 0), (9, 1), (10, 0), (11, 1), (4, 2), (5, 3), (6, 2), (7, 3), (8, 2), (9, 3), (10, 2), (11, 3)]
length: 16 76
Estimated difference between T3^fnT3 - (T2^WT3 + h.c.) is: -1.6305697009362614e-06 2.658757549611369e-12
total cost: -7.784456764145255
singles alt: [(4, 0), (5, 1), (6, 0), (7, 1), (8, 0), (9, 1), (10, 0), (11, 1), (4, 2), (5, 3), (6, 2), (7, 3), (8, 2), (9, 3), (10, 2), (11, 3)]
length: 16 76
Estimated difference between T3^fnT3 - (T2^WT3 + h.c.) is: -1.6305696021684547e-06 2.6587572275157926e-12
total cost: -7.784456764147108
singles alt: [(4, 0), (5, 1), (6, 0), (7, 1), (8, 0), (9, 1), (10, 0), (11, 1), (4, 2), (5, 3), (6, 2), (7, 3), (8, 2), (9, 3), (10, 2), (11, 3)]
length: 16 76
Estimated difference between T3^fnT3 - (T2^WT3 + h.c.) is: -1.630569452511655e-06 2.658756739464158e-12
total cost: -7.784456764146863
singles alt: [(4, 0), (5, 1), (6, 0), (7, 1), (8, 0), (9, 1), (10, 0), (11, 1), (4, 2), (5, 3), (6, 2), (7, 3), (8, 2), (9, 3), (10, 2), (11, 3)]
length: 16 76
Estimated difference between T3^fnT3 - (T2^WT3 + h.c.) is: -1.6305694912617847e-06 2.6587568658337153e-12
total cost: -7.784456764146923
singles alt: [(4, 0), (5, 1), (6, 0), (7, 1), (8, 0), (9, 1), (10, 0), (11, 1), (4, 2), (5, 3), (6, 2), (7, 3), (8, 2), (9, 3), (10, 2), (11, 3)]
length: 16 76
Estimated difference between T3^fnT3 - (T2^WT3 + h.c.) is: -1.630569638508691e-06 2.6587573460263632e-12
total cost: -7.784456764146958
singles alt: [(4, 0), (5, 1), (6, 0), (7, 1), (8, 0), (9, 1), (10, 0), (11, 1), (4, 2), (5, 3), (6, 2), (7, 3), (8, 2), (9, 3), (10, 2), (11, 3)]
length: 16 76
Estimated difference between T3^fnT3 - (T2^WT3 + h.c.) is: -1.630569638508663e-06 2.658757346026272e-12
total cost: -7.784456764146919
singles alt: [(4, 0), (5, 1), (6, 0), (7, 1), (8, 0), (9, 1), (10, 0), (11, 1), (4, 2), (5, 3), (6, 2), (7, 3), (8, 2), (9, 3), (10, 2), (11, 3)]
length: 16 76
Estimated difference between T3^fnT3 - (T2^WT3 + h.c.) is: -1.6305696385092886e-06 2.658757346028312e-12
total cost: -7.78445676414692
singles alt: [(4, 0), (5, 1), (6, 0), (7, 1), (8, 0), (9, 1), (10, 0), (11, 1), (4, 2), (5, 3), (6, 2), (7, 3), (8, 2), (9, 3), (10, 2), (11, 3)]
length: 16 76
Estimated difference between T3^fnT3 - (T2^WT3 + h.c.) is: -1.6305696385093185e-06 2.6587573460284094e-12
total cost: -7.784456764146919
singles alt: [(4, 0), (5, 1), (6, 0), (7, 1), (8, 0), (9, 1), (10, 0), (11, 1), (4, 2), (5, 3), (6, 2), (7, 3), (8, 2), (9, 3), (10, 2), (11, 3)]
length: 16 76
Estimated difference between T3^fnT3 - (T2^WT3 + h.c.) is: -1.630569638505831e-06 2.6587573460170365e-12
total cost: -7.784456764147065
singles alt: [(4, 0), (5, 1), (6, 0), (7, 1), (8, 0), (9, 1), (10, 0), (11, 1), (4, 2), (5, 3), (6, 2), (7, 3), (8, 2), (9, 3), (10, 2), (11, 3)]
length: 16 76
Estimated difference between T3^fnT3 - (T2^WT3 + h.c.) is: -1.630569638509951e-06 2.658757346030472e-12
total cost: -7.784456764146913
singles alt: [(4, 0), (5, 1), (6, 0), (7, 1), (8, 0), (9, 1), (10, 0), (11, 1), (4, 2), (5, 3), (6, 2), (7, 3), (8, 2), (9, 3), (10, 2), (11, 3)]
length: 16 76
Estimated difference between T3^fnT3 - (T2^WT3 + h.c.) is: -1.6305696385098396e-06 2.658757346030109e-12
total cost: -7.7844567641469125
singles alt: [(4, 0), (5, 1), (6, 0), (7, 1), (8, 0), (9, 1), (10, 0), (11, 1), (4, 2), (5, 3), (6, 2), (7, 3), (8, 2), (9, 3), (10, 2), (11, 3)]
length: 16 76
Estimated difference between T3^fnT3 - (T2^WT3 + h.c.) is: -1.6305696385090362e-06 2.658757346027489e-12
total cost: -7.784456764146914
singles alt: [(4, 0), (5, 1), (6, 0), (7, 1), (8, 0), (9, 1), (10, 0), (11, 1), (4, 2), (5, 3), (6, 2), (7, 3), (8, 2), (9, 3), (10, 2), (11, 3)]
length: 16 76
Estimated difference between T3^fnT3 - (T2^WT3 + h.c.) is: -1.6305698226329453e-06 2.6587579464812346e-12
total cost: -7.784456764146984
singles alt: [(4, 0), (5, 1), (6, 0), (7, 1), (8, 0), (9, 1), (10, 0), (11, 1), (4, 2), (5, 3), (6, 2), (7, 3), (8, 2), (9, 3), (10, 2), (11, 3)]
length: 16 76
Estimated difference between T3^fnT3 - (T2^WT3 + h.c.) is: -1.6305696702354874e-06 2.6587574494918664e-12
total cost: -7.78445676414694
singles alt: [(4, 0), (5, 1), (6, 0), (7, 1), (8, 0), (9, 1), (10, 0), (11, 1), (4, 2), (5, 3), (6, 2), (7, 3), (8, 2), (9, 3), (10, 2), (11, 3)]
length: 16 76
Estimated difference between T3^fnT3 - (T2^WT3 + h.c.) is: -1.6305696701676774e-06 2.658757449270728e-12
total cost: -7.784456764146933
singles alt: [(4, 0), (5, 1), (6, 0), (7, 1), (8, 0), (9, 1), (10, 0), (11, 1), (4, 2), (5, 3), (6, 2), (7, 3), (8, 2), (9, 3), (10, 2), (11, 3)]
length: 16 76
Estimated difference between T3^fnT3 - (T2^WT3 + h.c.) is: -1.6305697706187452e-06 2.6587577768556672e-12
total cost: -7.784456764146899
singles alt: [(4, 0), (5, 1), (6, 0), (7, 1), (8, 0), (9, 1), (10, 0), (11, 1), (4, 2), (5, 3), (6, 2), (7, 3), (8, 2), (9, 3), (10, 2), (11, 3)]
length: 16 76
Estimated difference between T3^fnT3 - (T2^WT3 + h.c.) is: -1.630569638510053e-06 2.658757346030805e-12
total cost: -7.7844567641469204
singles alt: [(4, 0), (5, 1), (6, 0), (7, 1), (8, 0), (9, 1), (10, 0), (11, 1), (4, 2), (5, 3), (6, 2), (7, 3), (8, 2), (9, 3), (10, 2), (11, 3)]
length: 16 76
Estimated difference between T3^fnT3 - (T2^WT3 + h.c.) is: -1.630569638507005e-06 2.658757346020865e-12
total cost: -7.7844567641469204
singles alt: [(4, 0), (5, 1), (6, 0), (7, 1), (8, 0), (9, 1), (10, 0), (11, 1), (4, 2), (5, 3), (6, 2), (7, 3), (8, 2), (9, 3), (10, 2), (11, 3)]
length: 16 76
Estimated difference between T3^fnT3 - (T2^WT3 + h.c.) is: -1.6305696385088833e-06 2.6587573460269905e-12
total cost: -7.7844567641469204
singles alt: [(4, 0), (5, 1), (6, 0), (7, 1), (8, 0), (9, 1), (10, 0), (11, 1), (4, 2), (5, 3), (6, 2), (7, 3), (8, 2), (9, 3), (10, 2), (11, 3)]
length: 16 76
Estimated difference between T3^fnT3 - (T2^WT3 + h.c.) is: -1.630569638508644e-06 2.65875734602621e-12
total cost: -7.78445676414692
singles alt: [(4, 0), (5, 1), (6, 0), (7, 1), (8, 0), (9, 1), (10, 0), (11, 1), (4, 2), (5, 3), (6, 2), (7, 3), (8, 2), (9, 3), (10, 2), (11, 3)]
length: 16 76
Estimated difference between T3^fnT3 - (T2^WT3 + h.c.) is: -1.6305694937576963e-06 2.65875687397323e-12
total cost: -7.784456764146793
singles alt: [(4, 0), (5, 1), (6, 0), (7, 1), (8, 0), (9, 1), (10, 0), (11, 1), (4, 2), (5, 3), (6, 2), (7, 3), (8, 2), (9, 3), (10, 2), (11, 3)]
length: 16 76
Estimated difference between T3^fnT3 - (T2^WT3 + h.c.) is: -1.6305694940362058e-06 2.6587568748814883e-12
total cost: -7.78445676414668
singles alt: [(4, 0), (5, 1), (6, 0), (7, 1), (8, 0), (9, 1), (10, 0), (11, 1), (4, 2), (5, 3), (6, 2), (7, 3), (8, 2), (9, 3), (10, 2), (11, 3)]
length: 16 76
Estimated difference between T3^fnT3 - (T2^WT3 + h.c.) is: -1.630569358696988e-06 2.6587564335215067e-12
total cost: -7.78445676414692
singles alt: [(4, 0), (5, 1), (6, 0), (7, 1), (8, 0), (9, 1), (10, 0), (11, 1), (4, 2), (5, 3), (6, 2), (7, 3), (8, 2), (9, 3), (10, 2), (11, 3)]
length: 16 76
Estimated difference between T3^fnT3 - (T2^WT3 + h.c.) is: -1.6305699178849054e-06 2.6587582571111874e-12
total cost: -7.784456764146925
singles alt: [(4, 0), (5, 1), (6, 0), (7, 1), (8, 0), (9, 1), (10, 0), (11, 1), (4, 2), (5, 3), (6, 2), (7, 3), (8, 2), (9, 3), (10, 2), (11, 3)]
length: 16 76
Estimated difference between T3^fnT3 - (T2^WT3 + h.c.) is: -1.6305696385102436e-06 2.6587573460314265e-12
total cost: -7.784456764146915
singles alt: [(4, 0), (5, 1), (6, 0), (7, 1), (8, 0), (9, 1), (10, 0), (11, 1), (4, 2), (5, 3), (6, 2), (7, 3), (8, 2), (9, 3), (10, 2), (11, 3)]
length: 16 76
Estimated difference between T3^fnT3 - (T2^WT3 + h.c.) is: -1.6305696385094313e-06 2.6587573460287777e-12
total cost: -7.7844567641469204
singles alt: [(4, 0), (5, 1), (6, 0), (7, 1), (8, 0), (9, 1), (10, 0), (11, 1), (4, 2), (5, 3), (6, 2), (7, 3), (8, 2), (9, 3), (10, 2), (11, 3)]
length: 16 76
Estimated difference between T3^fnT3 - (T2^WT3 + h.c.) is: -1.6305696385108234e-06 2.6587573460333175e-12
total cost: -7.784456764146917
singles alt: [(4, 0), (5, 1), (6, 0), (7, 1), (8, 0), (9, 1), (10, 0), (11, 1), (4, 2), (5, 3), (6, 2), (7, 3), (8, 2), (9, 3), (10, 2), (11, 3)]
length: 16 76
Estimated difference between T3^fnT3 - (T2^WT3 + h.c.) is: -1.6305696385092174e-06 2.65875734602808e-12
total cost: -7.784456764146922
singles alt: [(4, 0), (5, 1), (6, 0), (7, 1), (8, 0), (9, 1), (10, 0), (11, 1), (4, 2), (5, 3), (6, 2), (7, 3), (8, 2), (9, 3), (10, 2), (11, 3)]
length: 16 76
Estimated difference between T3^fnT3 - (T2^WT3 + h.c.) is: -1.63056963850907e-06 2.6587573460275996e-12
total cost: -7.784456764147514
singles alt: [(4, 0), (5, 1), (6, 0), (7, 1), (8, 0), (9, 1), (10, 0), (11, 1), (4, 2), (5, 3), (6, 2), (7, 3), (8, 2), (9, 3), (10, 2), (11, 3)]
length: 16 76
Estimated difference between T3^fnT3 - (T2^WT3 + h.c.) is: -1.63056963850907e-06 2.6587573460275996e-12
total cost: -7.78445676414757
singles alt: [(4, 0), (5, 1), (6, 0), (7, 1), (8, 0), (9, 1), (10, 0), (11, 1), (4, 2), (5, 3), (6, 2), (7, 3), (8, 2), (9, 3), (10, 2), (11, 3)]
length: 16 76
Estimated difference between T3^fnT3 - (T2^WT3 + h.c.) is: -1.63056963850907e-06 2.6587573460275996e-12
total cost: -7.784456764146918
singles alt: [(4, 0), (5, 1), (6, 0), (7, 1), (8, 0), (9, 1), (10, 0), (11, 1), (4, 2), (5, 3), (6, 2), (7, 3), (8, 2), (9, 3), (10, 2), (11, 3)]
length: 16 76
Estimated difference between T3^fnT3 - (T2^WT3 + h.c.) is: -1.63056963850907e-06 2.6587573460275996e-12
total cost: -7.784456764146917
singles alt: [(4, 0), (5, 1), (6, 0), (7, 1), (8, 0), (9, 1), (10, 0), (11, 1), (4, 2), (5, 3), (6, 2), (7, 3), (8, 2), (9, 3), (10, 2), (11, 3)]
length: 16 76
Estimated difference between T3^fnT3 - (T2^WT3 + h.c.) is: -1.63056963850907e-06 2.6587573460275996e-12
total cost: -7.784456764146917
singles alt: [(4, 0), (5, 1), (6, 0), (7, 1), (8, 0), (9, 1), (10, 0), (11, 1), (4, 2), (5, 3), (6, 2), (7, 3), (8, 2), (9, 3), (10, 2), (11, 3)]
length: 16 76
Estimated difference between T3^fnT3 - (T2^WT3 + h.c.) is: -1.63056963850907e-06 2.6587573460275996e-12
total cost: -7.784456764146913
singles alt: [(4, 0), (5, 1), (6, 0), (7, 1), (8, 0), (9, 1), (10, 0), (11, 1), (4, 2), (5, 3), (6, 2), (7, 3), (8, 2), (9, 3), (10, 2), (11, 3)]
length: 16 76
Estimated difference between T3^fnT3 - (T2^WT3 + h.c.) is: -1.63056963850907e-06 2.6587573460275996e-12
total cost: -7.7844567641476035
singles alt: [(4, 0), (5, 1), (6, 0), (7, 1), (8, 0), (9, 1), (10, 0), (11, 1), (4, 2), (5, 3), (6, 2), (7, 3), (8, 2), (9, 3), (10, 2), (11, 3)]
length: 16 76
Estimated difference between T3^fnT3 - (T2^WT3 + h.c.) is: -1.63056963850907e-06 2.6587573460275996e-12
total cost: -7.784456764147477
singles alt: [(4, 0), (5, 1), (6, 0), (7, 1), (8, 0), (9, 1), (10, 0), (11, 1), (4, 2), (5, 3), (6, 2), (7, 3), (8, 2), (9, 3), (10, 2), (11, 3)]
length: 16 76
Estimated difference between T3^fnT3 - (T2^WT3 + h.c.) is: -1.63056963850907e-06 2.6587573460275996e-12
total cost: -7.784456764146908
singles alt: [(4, 0), (5, 1), (6, 0), (7, 1), (8, 0), (9, 1), (10, 0), (11, 1), (4, 2), (5, 3), (6, 2), (7, 3), (8, 2), (9, 3), (10, 2), (11, 3)]
length: 16 76
Estimated difference between T3^fnT3 - (T2^WT3 + h.c.) is: -1.63056963850907e-06 2.6587573460275996e-12
total cost: -7.784456764146916
singles alt: [(4, 0), (5, 1), (6, 0), (7, 1), (8, 0), (9, 1), (10, 0), (11, 1), (4, 2), (5, 3), (6, 2), (7, 3), (8, 2), (9, 3), (10, 2), (11, 3)]
length: 16 76
Estimated difference between T3^fnT3 - (T2^WT3 + h.c.) is: -1.63056963850907e-06 2.6587573460275996e-12
total cost: -7.784456764146918
singles alt: [(4, 0), (5, 1), (6, 0), (7, 1), (8, 0), (9, 1), (10, 0), (11, 1), (4, 2), (5, 3), (6, 2), (7, 3), (8, 2), (9, 3), (10, 2), (11, 3)]
length: 16 76
Estimated difference between T3^fnT3 - (T2^WT3 + h.c.) is: -1.63056963850907e-06 2.6587573460275996e-12
total cost: -7.784456764146917
singles alt: [(4, 0), (5, 1), (6, 0), (7, 1), (8, 0), (9, 1), (10, 0), (11, 1), (4, 2), (5, 3), (6, 2), (7, 3), (8, 2), (9, 3), (10, 2), (11, 3)]
length: 16 76
Estimated difference between T3^fnT3 - (T2^WT3 + h.c.) is: -1.63056963850907e-06 2.6587573460275996e-12
total cost: -7.7844567641469125
singles alt: [(4, 0), (5, 1), (6, 0), (7, 1), (8, 0), (9, 1), (10, 0), (11, 1), (4, 2), (5, 3), (6, 2), (7, 3), (8, 2), (9, 3), (10, 2), (11, 3)]
length: 16 76
Estimated difference between T3^fnT3 - (T2^WT3 + h.c.) is: -1.63056963850907e-06 2.6587573460275996e-12
total cost: -7.784456764146921
singles alt: [(4, 0), (5, 1), (6, 0), (7, 1), (8, 0), (9, 1), (10, 0), (11, 1), (4, 2), (5, 3), (6, 2), (7, 3), (8, 2), (9, 3), (10, 2), (11, 3)]
length: 16 76
Estimated difference between T3^fnT3 - (T2^WT3 + h.c.) is: -1.63056963850907e-06 2.6587573460275996e-12
total cost: -7.784456764147108
singles alt: [(4, 0), (5, 1), (6, 0), (7, 1), (8, 0), (9, 1), (10, 0), (11, 1), (4, 2), (5, 3), (6, 2), (7, 3), (8, 2), (9, 3), (10, 2), (11, 3)]
length: 16 76
Estimated difference between T3^fnT3 - (T2^WT3 + h.c.) is: -1.63056963850907e-06 2.6587573460275996e-12
total cost: -7.784456764147132
singles alt: [(4, 0), (5, 1), (6, 0), (7, 1), (8, 0), (9, 1), (10, 0), (11, 1), (4, 2), (5, 3), (6, 2), (7, 3), (8, 2), (9, 3), (10, 2), (11, 3)]
callback: energy=-7.784455133577
singles alt: [(4, 0), (5, 1), (6, 0), (7, 1), (8, 0), (9, 1), (10, 0), (11, 1), (4, 2), (5, 3), (6, 2), (7, 3), (8, 2), (9, 3), (10, 2), (11, 3)]
length: 16 76
Estimated difference between T3^fnT3 - (T2^WT3 + h.c.) is: -1.630523562040473e-06 2.658607086369152e-12
total cost: -7.784456755616135
singles alt: [(4, 0), (5, 1), (6, 0), (7, 1), (8, 0), (9, 1), (10, 0), (11, 1), (4, 2), (5, 3), (6, 2), (7, 3), (8, 2), (9, 3), (10, 2), (11, 3)]
length: 16 76
Estimated difference between T3^fnT3 - (T2^WT3 + h.c.) is: -1.6305238965910763e-06 2.658608177354547e-12
total cost: -7.7844567556160165
singles alt: [(4, 0), (5, 1), (6, 0), (7, 1), (8, 0), (9, 1), (10, 0), (11, 1), (4, 2), (5, 3), (6, 2), (7, 3), (8, 2), (9, 3), (10, 2), (11, 3)]
length: 16 76
Estimated difference between T3^fnT3 - (T2^WT3 + h.c.) is: -1.630523635464688e-06 2.658607325808983e-12
total cost: -7.78445675561545
singles alt: [(4, 0), (5, 1), (6, 0), (7, 1), (8, 0), (9, 1), (10, 0), (11, 1), (4, 2), (5, 3), (6, 2), (7, 3), (8, 2), (9, 3), (10, 2), (11, 3)]
length: 16 76
Estimated difference between T3^fnT3 - (T2^WT3 + h.c.) is: -1.630523635443962e-06 2.658607325741394e-12
total cost: -7.784456755615451
singles alt: [(4, 0), (5, 1), (6, 0), (7, 1), (8, 0), (9, 1), (10, 0), (11, 1), (4, 2), (5, 3), (6, 2), (7, 3), (8, 2), (9, 3), (10, 2), (11, 3)]
length: 16 76
Estimated difference between T3^fnT3 - (T2^WT3 + h.c.) is: -1.6305236290416397e-06 2.6586073048631186e-12
total cost: -7.784456755616101
singles alt: [(4, 0), (5, 1), (6, 0), (7, 1), (8, 0), (9, 1), (10, 0), (11, 1), (4, 2), (5, 3), (6, 2), (7, 3), (8, 2), (9, 3), (10, 2), (11, 3)]
length: 16 76
Estimated difference between T3^fnT3 - (T2^WT3 + h.c.) is: -1.6305235621355045e-06 2.6586070866790544e-12
total cost: -7.784456755615794
singles alt: [(4, 0), (5, 1), (6, 0), (7, 1), (8, 0), (9, 1), (10, 0), (11, 1), (4, 2), (5, 3), (6, 2), (7, 3), (8, 2), (9, 3), (10, 2), (11, 3)]
length: 16 76
Estimated difference between T3^fnT3 - (T2^WT3 + h.c.) is: -1.6305235619904891e-06 2.6586070862061523e-12
total cost: -7.784456755616141
singles alt: [(4, 0), (5, 1), (6, 0), (7, 1), (8, 0), (9, 1), (10, 0), (11, 1), (4, 2), (5, 3), (6, 2), (7, 3), (8, 2), (9, 3), (10, 2), (11, 3)]
length: 16 76
Estimated difference between T3^fnT3 - (T2^WT3 + h.c.) is: -1.6305235620491572e-06 2.6586070863974717e-12
total cost: -7.784456755616132
singles alt: [(4, 0), (5, 1), (6, 0), (7, 1), (8, 0), (9, 1), (10, 0), (11, 1), (4, 2), (5, 3), (6, 2), (7, 3), (8, 2), (9, 3), (10, 2), (11, 3)]
length: 16 76
Estimated difference between T3^fnT3 - (T2^WT3 + h.c.) is: -1.6305235620510621e-06 2.658607086403684e-12
total cost: -7.784456755616134
singles alt: [(4, 0), (5, 1), (6, 0), (7, 1), (8, 0), (9, 1), (10, 0), (11, 1), (4, 2), (5, 3), (6, 2), (7, 3), (8, 2), (9, 3), (10, 2), (11, 3)]
length: 16 76
Estimated difference between T3^fnT3 - (T2^WT3 + h.c.) is: -1.6305235616099153e-06 2.6586070849650833e-12
total cost: -7.784456755617805
singles alt: [(4, 0), (5, 1), (6, 0), (7, 1), (8, 0), (9, 1), (10, 0), (11, 1), (4, 2), (5, 3), (6, 2), (7, 3), (8, 2), (9, 3), (10, 2), (11, 3)]
length: 16 76
Estimated difference between T3^fnT3 - (T2^WT3 + h.c.) is: -1.6305235620981944e-06 2.6586070865573845e-12
total cost: -7.784456755616051
singles alt: [(4, 0), (5, 1), (6, 0), (7, 1), (8, 0), (9, 1), (10, 0), (11, 1), (4, 2), (5, 3), (6, 2), (7, 3), (8, 2), (9, 3), (10, 2), (11, 3)]
length: 16 76
Estimated difference between T3^fnT3 - (T2^WT3 + h.c.) is: -1.630523562082584e-06 2.658607086506478e-12
total cost: -7.784456755616052
singles alt: [(4, 0), (5, 1), (6, 0), (7, 1), (8, 0), (9, 1), (10, 0), (11, 1), (4, 2), (5, 3), (6, 2), (7, 3), (8, 2), (9, 3), (10, 2), (11, 3)]
length: 16 76
Estimated difference between T3^fnT3 - (T2^WT3 + h.c.) is: -1.6305235619953845e-06 2.6586070862221167e-12
total cost: -7.784456755616148
singles alt: [(4, 0), (5, 1), (6, 0), (7, 1), (8, 0), (9, 1), (10, 0), (11, 1), (4, 2), (5, 3), (6, 2), (7, 3), (8, 2), (9, 3), (10, 2), (11, 3)]
length: 16 76
Estimated difference between T3^fnT3 - (T2^WT3 + h.c.) is: -1.630523624545615e-06 2.6586072902013697e-12
total cost: -7.784456755614123
singles alt: [(4, 0), (5, 1), (6, 0), (7, 1), (8, 0), (9, 1), (10, 0), (11, 1), (4, 2), (5, 3), (6, 2), (7, 3), (8, 2), (9, 3), (10, 2), (11, 3)]
length: 16 76
Estimated difference between T3^fnT3 - (T2^WT3 + h.c.) is: -1.6305233762676154e-06 2.6586064805551436e-12
total cost: -7.784456755616291
singles alt: [(4, 0), (5, 1), (6, 0), (7, 1), (8, 0), (9, 1), (10, 0), (11, 1), (4, 2), (5, 3), (6, 2), (7, 3), (8, 2), (9, 3), (10, 2), (11, 3)]
length: 16 76
Estimated difference between T3^fnT3 - (T2^WT3 + h.c.) is: -1.630523525914126e-06 2.6586069685594336e-12
total cost: -7.784456755616657
singles alt: [(4, 0), (5, 1), (6, 0), (7, 1), (8, 0), (9, 1), (10, 0), (11, 1), (4, 2), (5, 3), (6, 2), (7, 3), (8, 2), (9, 3), (10, 2), (11, 3)]
length: 16 76
Estimated difference between T3^fnT3 - (T2^WT3 + h.c.) is: -1.6305234150946977e-06 2.6586066071720757e-12
total cost: -7.784456755616123
singles alt: [(4, 0), (5, 1), (6, 0), (7, 1), (8, 0), (9, 1), (10, 0), (11, 1), (4, 2), (5, 3), (6, 2), (7, 3), (8, 2), (9, 3), (10, 2), (11, 3)]
length: 16 76
Estimated difference between T3^fnT3 - (T2^WT3 + h.c.) is: -1.6305235624136011e-06 2.658607087585941e-12
total cost: -7.784456755614903
singles alt: [(4, 0), (5, 1), (6, 0), (7, 1), (8, 0), (9, 1), (10, 0), (11, 1), (4, 2), (5, 3), (6, 2), (7, 3), (8, 2), (9, 3), (10, 2), (11, 3)]
length: 16 76
Estimated difference between T3^fnT3 - (T2^WT3 + h.c.) is: -1.6305235619509064e-06 2.6586070860770713e-12
total cost: -7.784456755616203
singles alt: [(4, 0), (5, 1), (6, 0), (7, 1), (8, 0), (9, 1), (10, 0), (11, 1), (4, 2), (5, 3), (6, 2), (7, 3), (8, 2), (9, 3), (10, 2), (11, 3)]
length: 16 76
Estimated difference between T3^fnT3 - (T2^WT3 + h.c.) is: -1.6305235620050786e-06 2.6586070862537293e-12
total cost: -7.784456755616177
singles alt: [(4, 0), (5, 1), (6, 0), (7, 1), (8, 0), (9, 1), (10, 0), (11, 1), (4, 2), (5, 3), (6, 2), (7, 3), (8, 2), (9, 3), (10, 2), (11, 3)]
length: 16 76
Estimated difference between T3^fnT3 - (T2^WT3 + h.c.) is: -1.6305235620827045e-06 2.658607086506871e-12
total cost: -7.784456755616126
singles alt: [(4, 0), (5, 1), (6, 0), (7, 1), (8, 0), (9, 1), (10, 0), (11, 1), (4, 2), (5, 3), (6, 2), (7, 3), (8, 2), (9, 3), (10, 2), (11, 3)]
length: 16 76
Estimated difference between T3^fnT3 - (T2^WT3 + h.c.) is: -1.6305237610499396e-06 2.6586077353484406e-12
total cost: -7.784456755615441
singles alt: [(4, 0), (5, 1), (6, 0), (7, 1), (8, 0), (9, 1), (10, 0), (11, 1), (4, 2), (5, 3), (6, 2), (7, 3), (8, 2), (9, 3), (10, 2), (11, 3)]
length: 16 76
Estimated difference between T3^fnT3 - (T2^WT3 + h.c.) is: -1.6305239082716407e-06 2.6586082154454257e-12
total cost: -7.784456755616216
singles alt: [(4, 0), (5, 1), (6, 0), (7, 1), (8, 0), (9, 1), (10, 0), (11, 1), (4, 2), (5, 3), (6, 2), (7, 3), (8, 2), (9, 3), (10, 2), (11, 3)]
length: 16 76
Estimated difference between T3^fnT3 - (T2^WT3 + h.c.) is: -1.6305238026355784e-06 2.6586078709611866e-12
total cost: -7.78445675561617
singles alt: [(4, 0), (5, 1), (6, 0), (7, 1), (8, 0), (9, 1), (10, 0), (11, 1), (4, 2), (5, 3), (6, 2), (7, 3), (8, 2), (9, 3), (10, 2), (11, 3)]
length: 16 76
Estimated difference between T3^fnT3 - (T2^WT3 + h.c.) is: -1.6305237424491276e-06 2.658607674690309e-12
total cost: -7.784456755616111
singles alt: [(4, 0), (5, 1), (6, 0), (7, 1), (8, 0), (9, 1), (10, 0), (11, 1), (4, 2), (5, 3), (6, 2), (7, 3), (8, 2), (9, 3), (10, 2), (11, 3)]
length: 16 76
Estimated difference between T3^fnT3 - (T2^WT3 + h.c.) is: -1.630523584354119e-06 2.6586071591350035e-12
total cost: -7.784456755614799
singles alt: [(4, 0), (5, 1), (6, 0), (7, 1), (8, 0), (9, 1), (10, 0), (11, 1), (4, 2), (5, 3), (6, 2), (7, 3), (8, 2), (9, 3), (10, 2), (11, 3)]
length: 16 76
Estimated difference between T3^fnT3 - (T2^WT3 + h.c.) is: -1.6305236874695893e-06 2.658607495399427e-12
total cost: -7.784456755616166
singles alt: [(4, 0), (5, 1), (6, 0), (7, 1), (8, 0), (9, 1), (10, 0), (11, 1), (4, 2), (5, 3), (6, 2), (7, 3), (8, 2), (9, 3), (10, 2), (11, 3)]
length: 16 76
Estimated difference between T3^fnT3 - (T2^WT3 + h.c.) is: -1.6305236874234626e-06 2.6586074952490056e-12
total cost: -7.784456755616169
singles alt: [(4, 0), (5, 1), (6, 0), (7, 1), (8, 0), (9, 1), (10, 0), (11, 1), (4, 2), (5, 3), (6, 2), (7, 3), (8, 2), (9, 3), (10, 2), (11, 3)]
length: 16 76
Estimated difference between T3^fnT3 - (T2^WT3 + h.c.) is: -1.630523581562744e-06 2.658607150032198e-12
total cost: -7.784456755616124
singles alt: [(4, 0), (5, 1), (6, 0), (7, 1), (8, 0), (9, 1), (10, 0), (11, 1), (4, 2), (5, 3), (6, 2), (7, 3), (8, 2), (9, 3), (10, 2), (11, 3)]
length: 16 76
Estimated difference between T3^fnT3 - (T2^WT3 + h.c.) is: -1.630523562169908e-06 2.658607086791246e-12
total cost: -7.784456755613045
singles alt: [(4, 0), (5, 1), (6, 0), (7, 1), (8, 0), (9, 1), (10, 0), (11, 1), (4, 2), (5, 3), (6, 2), (7, 3), (8, 2), (9, 3), (10, 2), (11, 3)]
length: 16 76
Estimated difference between T3^fnT3 - (T2^WT3 + h.c.) is: -1.6305235620875413e-06 2.658607086522644e-12
total cost: -7.784456755616315
singles alt: [(4, 0), (5, 1), (6, 0), (7, 1), (8, 0), (9, 1), (10, 0), (11, 1), (4, 2), (5, 3), (6, 2), (7, 3), (8, 2), (9, 3), (10, 2), (11, 3)]
length: 16 76
Estimated difference between T3^fnT3 - (T2^WT3 + h.c.) is: -1.63052356200781e-06 2.658607086262637e-12
total cost: -7.7844567556163
singles alt: [(4, 0), (5, 1), (6, 0), (7, 1), (8, 0), (9, 1), (10, 0), (11, 1), (4, 2), (5, 3), (6, 2), (7, 3), (8, 2), (9, 3), (10, 2), (11, 3)]
length: 16 76
Estimated difference between T3^fnT3 - (T2^WT3 + h.c.) is: -1.6305235620399965e-06 2.6586070863675983e-12
total cost: -7.784456755616119
singles alt: [(4, 0), (5, 1), (6, 0), (7, 1), (8, 0), (9, 1), (10, 0), (11, 1), (4, 2), (5, 3), (6, 2), (7, 3), (8, 2), (9, 3), (10, 2), (11, 3)]
length: 16 76
Estimated difference between T3^fnT3 - (T2^WT3 + h.c.) is: -1.6305235618585877e-06 2.6586070857760155e-12
total cost: -7.78445675561707
singles alt: [(4, 0), (5, 1), (6, 0), (7, 1), (8, 0), (9, 1), (10, 0), (11, 1), (4, 2), (5, 3), (6, 2), (7, 3), (8, 2), (9, 3), (10, 2), (11, 3)]
length: 16 76
Estimated difference between T3^fnT3 - (T2^WT3 + h.c.) is: -1.6305235620397509e-06 2.6586070863667973e-12
total cost: -7.78445675561611
singles alt: [(4, 0), (5, 1), (6, 0), (7, 1), (8, 0), (9, 1), (10, 0), (11, 1), (4, 2), (5, 3), (6, 2), (7, 3), (8, 2), (9, 3), (10, 2), (11, 3)]
length: 16 76
Estimated difference between T3^fnT3 - (T2^WT3 + h.c.) is: -1.6305235620823517e-06 2.658607086505721e-12
total cost: -7.784456755616089
singles alt: [(4, 0), (5, 1), (6, 0), (7, 1), (8, 0), (9, 1), (10, 0), (11, 1), (4, 2), (5, 3), (6, 2), (7, 3), (8, 2), (9, 3), (10, 2), (11, 3)]
length: 16 76
Estimated difference between T3^fnT3 - (T2^WT3 + h.c.) is: -1.630523562022105e-06 2.6586070863092534e-12
total cost: -7.7844567556161355
singles alt: [(4, 0), (5, 1), (6, 0), (7, 1), (8, 0), (9, 1), (10, 0), (11, 1), (4, 2), (5, 3), (6, 2), (7, 3), (8, 2), (9, 3), (10, 2), (11, 3)]
length: 16 76
Estimated difference between T3^fnT3 - (T2^WT3 + h.c.) is: -1.6305235843750426e-06 2.6586071592032366e-12
total cost: -7.78445675561468
singles alt: [(4, 0), (5, 1), (6, 0), (7, 1), (8, 0), (9, 1), (10, 0), (11, 1), (4, 2), (5, 3), (6, 2), (7, 3), (8, 2), (9, 3), (10, 2), (11, 3)]
length: 16 76
Estimated difference between T3^fnT3 - (T2^WT3 + h.c.) is: -1.6305236874600695e-06 2.658607495368382e-12
total cost: -7.784456755616171
singles alt: [(4, 0), (5, 1), (6, 0), (7, 1), (8, 0), (9, 1), (10, 0), (11, 1), (4, 2), (5, 3), (6, 2), (7, 3), (8, 2), (9, 3), (10, 2), (11, 3)]
length: 16 76
Estimated difference between T3^fnT3 - (T2^WT3 + h.c.) is: -1.630523687389062e-06 2.6586074951368237e-12
total cost: -7.784456755616194
singles alt: [(4, 0), (5, 1), (6, 0), (7, 1), (8, 0), (9, 1), (10, 0), (11, 1), (4, 2), (5, 3), (6, 2), (7, 3), (8, 2), (9, 3), (10, 2), (11, 3)]
length: 16 76
Estimated difference between T3^fnT3 - (T2^WT3 + h.c.) is: -1.6305235815666142e-06 2.6586071500448193e-12
total cost: -7.784456755616122
singles alt: [(4, 0), (5, 1), (6, 0), (7, 1), (8, 0), (9, 1), (10, 0), (11, 1), (4, 2), (5, 3), (6, 2), (7, 3), (8, 2), (9, 3), (10, 2), (11, 3)]
length: 16 76
Estimated difference between T3^fnT3 - (T2^WT3 + h.c.) is: -1.630523760822892e-06 2.6586077346080276e-12
total cost: -7.7844567556168505
singles alt: [(4, 0), (5, 1), (6, 0), (7, 1), (8, 0), (9, 1), (10, 0), (11, 1), (4, 2), (5, 3), (6, 2), (7, 3), (8, 2), (9, 3), (10, 2), (11, 3)]
length: 16 76
Estimated difference between T3^fnT3 - (T2^WT3 + h.c.) is: -1.6305238027829943e-06 2.658607871441917e-12
total cost: -7.784456755616167
singles alt: [(4, 0), (5, 1), (6, 0), (7, 1), (8, 0), (9, 1), (10, 0), (11, 1), (4, 2), (5, 3), (6, 2), (7, 3), (8, 2), (9, 3), (10, 2), (11, 3)]
length: 16 76
Estimated difference between T3^fnT3 - (T2^WT3 + h.c.) is: -1.6305239085220658e-06 2.658608216262074e-12
total cost: -7.784456755616162
singles alt: [(4, 0), (5, 1), (6, 0), (7, 1), (8, 0), (9, 1), (10, 0), (11, 1), (4, 2), (5, 3), (6, 2), (7, 3), (8, 2), (9, 3), (10, 2), (11, 3)]
length: 16 76
Estimated difference between T3^fnT3 - (T2^WT3 + h.c.) is: -1.6305237425274155e-06 2.6586076749456096e-12
total cost: -7.784456755616111
singles alt: [(4, 0), (5, 1), (6, 0), (7, 1), (8, 0), (9, 1), (10, 0), (11, 1), (4, 2), (5, 3), (6, 2), (7, 3), (8, 2), (9, 3), (10, 2), (11, 3)]
length: 16 76
Estimated difference between T3^fnT3 - (T2^WT3 + h.c.) is: -1.6305235621250807e-06 2.658607086645062e-12
total cost: -7.784456755611398
singles alt: [(4, 0), (5, 1), (6, 0), (7, 1), (8, 0), (9, 1), (10, 0), (11, 1), (4, 2), (5, 3), (6, 2), (7, 3), (8, 2), (9, 3), (10, 2), (11, 3)]
length: 16 76
Estimated difference between T3^fnT3 - (T2^WT3 + h.c.) is: -1.6305235620128758e-06 2.658607086279156e-12
total cost: -7.784456755616391
singles alt: [(4, 0), (5, 1), (6, 0), (7, 1), (8, 0), (9, 1), (10, 0), (11, 1), (4, 2), (5, 3), (6, 2), (7, 3), (8, 2), (9, 3), (10, 2), (11, 3)]
length: 16 76
Estimated difference between T3^fnT3 - (T2^WT3 + h.c.) is: -1.6305235620489873e-06 2.658607086396918e-12
total cost: -7.784456755616381
singles alt: [(4, 0), (5, 1), (6, 0), (7, 1), (8, 0), (9, 1), (10, 0), (11, 1), (4, 2), (5, 3), (6, 2), (7, 3), (8, 2), (9, 3), (10, 2), (11, 3)]
length: 16 76
Estimated difference between T3^fnT3 - (T2^WT3 + h.c.) is: -1.630523562067594e-06 2.6586070864575954e-12
total cost: -7.784456755616111
singles alt: [(4, 0), (5, 1), (6, 0), (7, 1), (8, 0), (9, 1), (10, 0), (11, 1), (4, 2), (5, 3), (6, 2), (7, 3), (8, 2), (9, 3), (10, 2), (11, 3)]
length: 16 76
Estimated difference between T3^fnT3 - (T2^WT3 + h.c.) is: -1.630523624416108e-06 2.658607289779041e-12
total cost: -7.784456755618213
singles alt: [(4, 0), (5, 1), (6, 0), (7, 1), (8, 0), (9, 1), (10, 0), (11, 1), (4, 2), (5, 3), (6, 2), (7, 3), (8, 2), (9, 3), (10, 2), (11, 3)]
length: 16 76
Estimated difference between T3^fnT3 - (T2^WT3 + h.c.) is: -1.6305235258973755e-06 2.6586069685048094e-12
total cost: -7.784456755616458
singles alt: [(4, 0), (5, 1), (6, 0), (7, 1), (8, 0), (9, 1), (10, 0), (11, 1), (4, 2), (5, 3), (6, 2), (7, 3), (8, 2), (9, 3), (10, 2), (11, 3)]
length: 16 76
Estimated difference between T3^fnT3 - (T2^WT3 + h.c.) is: -1.6305233760101284e-06 2.6586064797154664e-12
total cost: -7.784456755616233
singles alt: [(4, 0), (5, 1), (6, 0), (7, 1), (8, 0), (9, 1), (10, 0), (11, 1), (4, 2), (5, 3), (6, 2), (7, 3), (8, 2), (9, 3), (10, 2), (11, 3)]
length: 16 76
Estimated difference between T3^fnT3 - (T2^WT3 + h.c.) is: -1.630523414778109e-06 2.658606606139665e-12
total cost: -7.784456755616124
singles alt: [(4, 0), (5, 1), (6, 0), (7, 1), (8, 0), (9, 1), (10, 0), (11, 1), (4, 2), (5, 3), (6, 2), (7, 3), (8, 2), (9, 3), (10, 2), (11, 3)]
length: 16 76
Estimated difference between T3^fnT3 - (T2^WT3 + h.c.) is: -1.630523562062331e-06 2.658607086440432e-12
total cost: -7.784456755615246
singles alt: [(4, 0), (5, 1), (6, 0), (7, 1), (8, 0), (9, 1), (10, 0), (11, 1), (4, 2), (5, 3), (6, 2), (7, 3), (8, 2), (9, 3), (10, 2), (11, 3)]
length: 16 76
Estimated difference between T3^fnT3 - (T2^WT3 + h.c.) is: -1.6305235620020346e-06 2.6586070862438027e-12
total cost: -7.784456755616186
singles alt: [(4, 0), (5, 1), (6, 0), (7, 1), (8, 0), (9, 1), (10, 0), (11, 1), (4, 2), (5, 3), (6, 2), (7, 3), (8, 2), (9, 3), (10, 2), (11, 3)]
length: 16 76
Estimated difference between T3^fnT3 - (T2^WT3 + h.c.) is: -1.6305235620335861e-06 2.6586070863466938e-12
total cost: -7.78445675561619
singles alt: [(4, 0), (5, 1), (6, 0), (7, 1), (8, 0), (9, 1), (10, 0), (11, 1), (4, 2), (5, 3), (6, 2), (7, 3), (8, 2), (9, 3), (10, 2), (11, 3)]
length: 16 76
Estimated difference between T3^fnT3 - (T2^WT3 + h.c.) is: -1.6305235620444508e-06 2.658607086382124e-12
total cost: -7.784456755616128
singles alt: [(4, 0), (5, 1), (6, 0), (7, 1), (8, 0), (9, 1), (10, 0), (11, 1), (4, 2), (5, 3), (6, 2), (7, 3), (8, 2), (9, 3), (10, 2), (11, 3)]
length: 16 76
Estimated difference between T3^fnT3 - (T2^WT3 + h.c.) is: -1.6305235620076979e-06 2.658607086262271e-12
total cost: -7.784456755616087
singles alt: [(4, 0), (5, 1), (6, 0), (7, 1), (8, 0), (9, 1), (10, 0), (11, 1), (4, 2), (5, 3), (6, 2), (7, 3), (8, 2), (9, 3), (10, 2), (11, 3)]
length: 16 76
Estimated difference between T3^fnT3 - (T2^WT3 + h.c.) is: -1.6305235620463135e-06 2.6586070863881982e-12
total cost: -7.784456755616143
singles alt: [(4, 0), (5, 1), (6, 0), (7, 1), (8, 0), (9, 1), (10, 0), (11, 1), (4, 2), (5, 3), (6, 2), (7, 3), (8, 2), (9, 3), (10, 2), (11, 3)]
length: 16 76
Estimated difference between T3^fnT3 - (T2^WT3 + h.c.) is: -1.6305235620655229e-06 2.658607086450841e-12
total cost: -7.784456755616137
singles alt: [(4, 0), (5, 1), (6, 0), (7, 1), (8, 0), (9, 1), (10, 0), (11, 1), (4, 2), (5, 3), (6, 2), (7, 3), (8, 2), (9, 3), (10, 2), (11, 3)]
length: 16 76
Estimated difference between T3^fnT3 - (T2^WT3 + h.c.) is: -1.6305235620522158e-06 2.658607086407446e-12
total cost: -7.784456755616143
singles alt: [(4, 0), (5, 1), (6, 0), (7, 1), (8, 0), (9, 1), (10, 0), (11, 1), (4, 2), (5, 3), (6, 2), (7, 3), (8, 2), (9, 3), (10, 2), (11, 3)]
length: 16 76
Estimated difference between T3^fnT3 - (T2^WT3 + h.c.) is: -1.6305237461629584e-06 2.6586076868012876e-12
total cost: -7.7844567556161515
singles alt: [(4, 0), (5, 1), (6, 0), (7, 1), (8, 0), (9, 1), (10, 0), (11, 1), (4, 2), (5, 3), (6, 2), (7, 3), (8, 2), (9, 3), (10, 2), (11, 3)]
length: 16 76
Estimated difference between T3^fnT3 - (T2^WT3 + h.c.) is: -1.6305235938054314e-06 2.6586071899561793e-12
total cost: -7.784456755616229
singles alt: [(4, 0), (5, 1), (6, 0), (7, 1), (8, 0), (9, 1), (10, 0), (11, 1), (4, 2), (5, 3), (6, 2), (7, 3), (8, 2), (9, 3), (10, 2), (11, 3)]
length: 16 76
Estimated difference between T3^fnT3 - (T2^WT3 + h.c.) is: -1.6305235937895417e-06 2.658607189904362e-12
total cost: -7.78445675561623
singles alt: [(4, 0), (5, 1), (6, 0), (7, 1), (8, 0), (9, 1), (10, 0), (11, 1), (4, 2), (5, 3), (6, 2), (7, 3), (8, 2), (9, 3), (10, 2), (11, 3)]
length: 16 76
Estimated difference between T3^fnT3 - (T2^WT3 + h.c.) is: -1.6305236941465986e-06 2.6586075171734706e-12
total cost: -7.78445675561615
singles alt: [(4, 0), (5, 1), (6, 0), (7, 1), (8, 0), (9, 1), (10, 0), (11, 1), (4, 2), (5, 3), (6, 2), (7, 3), (8, 2), (9, 3), (10, 2), (11, 3)]
length: 16 76
Estimated difference between T3^fnT3 - (T2^WT3 + h.c.) is: -1.6305235620242751e-06 2.65860708631633e-12
total cost: -7.784456755616129
singles alt: [(4, 0), (5, 1), (6, 0), (7, 1), (8, 0), (9, 1), (10, 0), (11, 1), (4, 2), (5, 3), (6, 2), (7, 3), (8, 2), (9, 3), (10, 2), (11, 3)]
length: 16 76
Estimated difference between T3^fnT3 - (T2^WT3 + h.c.) is: -1.630523562001445e-06 2.65860708624188e-12
total cost: -7.784456755616134
singles alt: [(4, 0), (5, 1), (6, 0), (7, 1), (8, 0), (9, 1), (10, 0), (11, 1), (4, 2), (5, 3), (6, 2), (7, 3), (8, 2), (9, 3), (10, 2), (11, 3)]
length: 16 76
Estimated difference between T3^fnT3 - (T2^WT3 + h.c.) is: -1.6305235620926392e-06 2.6586070865392685e-12
total cost: -7.784456755616131
singles alt: [(4, 0), (5, 1), (6, 0), (7, 1), (8, 0), (9, 1), (10, 0), (11, 1), (4, 2), (5, 3), (6, 2), (7, 3), (8, 2), (9, 3), (10, 2), (11, 3)]
length: 16 76
Estimated difference between T3^fnT3 - (T2^WT3 + h.c.) is: -1.6305235620532284e-06 2.658607086410748e-12
total cost: -7.784456755616134
singles alt: [(4, 0), (5, 1), (6, 0), (7, 1), (8, 0), (9, 1), (10, 0), (11, 1), (4, 2), (5, 3), (6, 2), (7, 3), (8, 2), (9, 3), (10, 2), (11, 3)]
length: 16 76
Estimated difference between T3^fnT3 - (T2^WT3 + h.c.) is: -1.6305234170299363e-06 2.6586066134829795e-12
total cost: -7.784456755615837
singles alt: [(4, 0), (5, 1), (6, 0), (7, 1), (8, 0), (9, 1), (10, 0), (11, 1), (4, 2), (5, 3), (6, 2), (7, 3), (8, 2), (9, 3), (10, 2), (11, 3)]
length: 16 76
Estimated difference between T3^fnT3 - (T2^WT3 + h.c.) is: -1.6305234172525713e-06 2.6586066142090026e-12
total cost: -7.7844567556159525
singles alt: [(4, 0), (5, 1), (6, 0), (7, 1), (8, 0), (9, 1), (10, 0), (11, 1), (4, 2), (5, 3), (6, 2), (7, 3), (8, 2), (9, 3), (10, 2), (11, 3)]
length: 16 76
Estimated difference between T3^fnT3 - (T2^WT3 + h.c.) is: -1.6305232823352407e-06 2.658606174237287e-12
total cost: -7.784456755616132
singles alt: [(4, 0), (5, 1), (6, 0), (7, 1), (8, 0), (9, 1), (10, 0), (11, 1), (4, 2), (5, 3), (6, 2), (7, 3), (8, 2), (9, 3), (10, 2), (11, 3)]
length: 16 76
Estimated difference between T3^fnT3 - (T2^WT3 + h.c.) is: -1.6305238415217281e-06 2.6586079977707735e-12
total cost: -7.784456755616122
singles alt: [(4, 0), (5, 1), (6, 0), (7, 1), (8, 0), (9, 1), (10, 0), (11, 1), (4, 2), (5, 3), (6, 2), (7, 3), (8, 2), (9, 3), (10, 2), (11, 3)]
length: 16 76
Estimated difference between T3^fnT3 - (T2^WT3 + h.c.) is: -1.630523562044101e-06 2.6586070863809834e-12
total cost: -7.784456755616164
singles alt: [(4, 0), (5, 1), (6, 0), (7, 1), (8, 0), (9, 1), (10, 0), (11, 1), (4, 2), (5, 3), (6, 2), (7, 3), (8, 2), (9, 3), (10, 2), (11, 3)]
length: 16 76
Estimated difference between T3^fnT3 - (T2^WT3 + h.c.) is: -1.6305235620253405e-06 2.6586070863198044e-12
total cost: -7.784456755616143
singles alt: [(4, 0), (5, 1), (6, 0), (7, 1), (8, 0), (9, 1), (10, 0), (11, 1), (4, 2), (5, 3), (6, 2), (7, 3), (8, 2), (9, 3), (10, 2), (11, 3)]
length: 16 76
Estimated difference between T3^fnT3 - (T2^WT3 + h.c.) is: -1.6305235620961054e-06 2.6586070865505724e-12
total cost: -7.784456755616134
singles alt: [(4, 0), (5, 1), (6, 0), (7, 1), (8, 0), (9, 1), (10, 0), (11, 1), (4, 2), (5, 3), (6, 2), (7, 3), (8, 2), (9, 3), (10, 2), (11, 3)]
length: 16 76
Estimated difference between T3^fnT3 - (T2^WT3 + h.c.) is: -1.6305235620315613e-06 2.658607086340091e-12
total cost: -7.784456755616139
singles alt: [(4, 0), (5, 1), (6, 0), (7, 1), (8, 0), (9, 1), (10, 0), (11, 1), (4, 2), (5, 3), (6, 2), (7, 3), (8, 2), (9, 3), (10, 2), (11, 3)]
length: 16 76
Estimated difference between T3^fnT3 - (T2^WT3 + h.c.) is: -1.630523562040473e-06 2.658607086369152e-12
total cost: -7.784456755615939
singles alt: [(4, 0), (5, 1), (6, 0), (7, 1), (8, 0), (9, 1), (10, 0), (11, 1), (4, 2), (5, 3), (6, 2), (7, 3), (8, 2), (9, 3), (10, 2), (11, 3)]
length: 16 76
Estimated difference between T3^fnT3 - (T2^WT3 + h.c.) is: -1.630523562040473e-06 2.658607086369152e-12
total cost: -7.784456755615814
singles alt: [(4, 0), (5, 1), (6, 0), (7, 1), (8, 0), (9, 1), (10, 0), (11, 1), (4, 2), (5, 3), (6, 2), (7, 3), (8, 2), (9, 3), (10, 2), (11, 3)]
length: 16 76
Estimated difference between T3^fnT3 - (T2^WT3 + h.c.) is: -1.630523562040473e-06 2.658607086369152e-12
total cost: -7.784456755616249
singles alt: [(4, 0), (5, 1), (6, 0), (7, 1), (8, 0), (9, 1), (10, 0), (11, 1), (4, 2), (5, 3), (6, 2), (7, 3), (8, 2), (9, 3), (10, 2), (11, 3)]
length: 16 76
Estimated difference between T3^fnT3 - (T2^WT3 + h.c.) is: -1.630523562040473e-06 2.658607086369152e-12
total cost: -7.784456755616176
singles alt: [(4, 0), (5, 1), (6, 0), (7, 1), (8, 0), (9, 1), (10, 0), (11, 1), (4, 2), (5, 3), (6, 2), (7, 3), (8, 2), (9, 3), (10, 2), (11, 3)]
length: 16 76
Estimated difference between T3^fnT3 - (T2^WT3 + h.c.) is: -1.630523562040473e-06 2.658607086369152e-12
total cost: -7.784456755616216
singles alt: [(4, 0), (5, 1), (6, 0), (7, 1), (8, 0), (9, 1), (10, 0), (11, 1), (4, 2), (5, 3), (6, 2), (7, 3), (8, 2), (9, 3), (10, 2), (11, 3)]
length: 16 76
Estimated difference between T3^fnT3 - (T2^WT3 + h.c.) is: -1.630523562040473e-06 2.658607086369152e-12
total cost: -7.784456755616096
singles alt: [(4, 0), (5, 1), (6, 0), (7, 1), (8, 0), (9, 1), (10, 0), (11, 1), (4, 2), (5, 3), (6, 2), (7, 3), (8, 2), (9, 3), (10, 2), (11, 3)]
length: 16 76
Estimated difference between T3^fnT3 - (T2^WT3 + h.c.) is: -1.630523562040473e-06 2.658607086369152e-12
total cost: -7.78445675561629
singles alt: [(4, 0), (5, 1), (6, 0), (7, 1), (8, 0), (9, 1), (10, 0), (11, 1), (4, 2), (5, 3), (6, 2), (7, 3), (8, 2), (9, 3), (10, 2), (11, 3)]
length: 16 76
Estimated difference between T3^fnT3 - (T2^WT3 + h.c.) is: -1.630523562040473e-06 2.658607086369152e-12
total cost: -7.784456755616437
singles alt: [(4, 0), (5, 1), (6, 0), (7, 1), (8, 0), (9, 1), (10, 0), (11, 1), (4, 2), (5, 3), (6, 2), (7, 3), (8, 2), (9, 3), (10, 2), (11, 3)]
length: 16 76
Estimated difference between T3^fnT3 - (T2^WT3 + h.c.) is: -1.630523562040473e-06 2.658607086369152e-12
total cost: -7.784456755616152
singles alt: [(4, 0), (5, 1), (6, 0), (7, 1), (8, 0), (9, 1), (10, 0), (11, 1), (4, 2), (5, 3), (6, 2), (7, 3), (8, 2), (9, 3), (10, 2), (11, 3)]
length: 16 76
Estimated difference between T3^fnT3 - (T2^WT3 + h.c.) is: -1.630523562040473e-06 2.658607086369152e-12
total cost: -7.784456755616161
singles alt: [(4, 0), (5, 1), (6, 0), (7, 1), (8, 0), (9, 1), (10, 0), (11, 1), (4, 2), (5, 3), (6, 2), (7, 3), (8, 2), (9, 3), (10, 2), (11, 3)]
length: 16 76
Estimated difference between T3^fnT3 - (T2^WT3 + h.c.) is: -1.630523562040473e-06 2.658607086369152e-12
total cost: -7.784456755616126
singles alt: [(4, 0), (5, 1), (6, 0), (7, 1), (8, 0), (9, 1), (10, 0), (11, 1), (4, 2), (5, 3), (6, 2), (7, 3), (8, 2), (9, 3), (10, 2), (11, 3)]
length: 16 76
Estimated difference between T3^fnT3 - (T2^WT3 + h.c.) is: -1.630523562040473e-06 2.658607086369152e-12
total cost: -7.784456755616128
singles alt: [(4, 0), (5, 1), (6, 0), (7, 1), (8, 0), (9, 1), (10, 0), (11, 1), (4, 2), (5, 3), (6, 2), (7, 3), (8, 2), (9, 3), (10, 2), (11, 3)]
length: 16 76
Estimated difference between T3^fnT3 - (T2^WT3 + h.c.) is: -1.630523562040473e-06 2.658607086369152e-12
total cost: -7.78445675561613
singles alt: [(4, 0), (5, 1), (6, 0), (7, 1), (8, 0), (9, 1), (10, 0), (11, 1), (4, 2), (5, 3), (6, 2), (7, 3), (8, 2), (9, 3), (10, 2), (11, 3)]
length: 16 76
Estimated difference between T3^fnT3 - (T2^WT3 + h.c.) is: -1.630523562040473e-06 2.658607086369152e-12
total cost: -7.784456755616141
singles alt: [(4, 0), (5, 1), (6, 0), (7, 1), (8, 0), (9, 1), (10, 0), (11, 1), (4, 2), (5, 3), (6, 2), (7, 3), (8, 2), (9, 3), (10, 2), (11, 3)]
length: 16 76
Estimated difference between T3^fnT3 - (T2^WT3 + h.c.) is: -1.630523562040473e-06 2.658607086369152e-12
total cost: -7.784456755615992
singles alt: [(4, 0), (5, 1), (6, 0), (7, 1), (8, 0), (9, 1), (10, 0), (11, 1), (4, 2), (5, 3), (6, 2), (7, 3), (8, 2), (9, 3), (10, 2), (11, 3)]
length: 16 76
Estimated difference between T3^fnT3 - (T2^WT3 + h.c.) is: -1.630523562040473e-06 2.658607086369152e-12
total cost: -7.784456755615974
singles alt: [(4, 0), (5, 1), (6, 0), (7, 1), (8, 0), (9, 1), (10, 0), (11, 1), (4, 2), (5, 3), (6, 2), (7, 3), (8, 2), (9, 3), (10, 2), (11, 3)]
length: 16 76
Estimated difference between T3^fnT3 - (T2^WT3 + h.c.) is: -1.6305580819327683e-06 2.6587196585562686e-12
total cost: -7.784456765085378
singles alt: [(4, 0), (5, 1), (6, 0), (7, 1), (8, 0), (9, 1), (10, 0), (11, 1), (4, 2), (5, 3), (6, 2), (7, 3), (8, 2), (9, 3), (10, 2), (11, 3)]
length: 16 76
Estimated difference between T3^fnT3 - (T2^WT3 + h.c.) is: -1.6305584163561812e-06 2.6587207491499776e-12
total cost: -7.78445676508545
singles alt: [(4, 0), (5, 1), (6, 0), (7, 1), (8, 0), (9, 1), (10, 0), (11, 1), (4, 2), (5, 3), (6, 2), (7, 3), (8, 2), (9, 3), (10, 2), (11, 3)]
length: 16 76
Estimated difference between T3^fnT3 - (T2^WT3 + h.c.) is: -1.6305581540172845e-06 2.6587198936322543e-12
total cost: -7.784456765085611
singles alt: [(4, 0), (5, 1), (6, 0), (7, 1), (8, 0), (9, 1), (10, 0), (11, 1), (4, 2), (5, 3), (6, 2), (7, 3), (8, 2), (9, 3), (10, 2), (11, 3)]
length: 16 76
Estimated difference between T3^fnT3 - (T2^WT3 + h.c.) is: -1.6305581540750934e-06 2.658719893820776e-12
total cost: -7.784456765085605
singles alt: [(4, 0), (5, 1), (6, 0), (7, 1), (8, 0), (9, 1), (10, 0), (11, 1), (4, 2), (5, 3), (6, 2), (7, 3), (8, 2), (9, 3), (10, 2), (11, 3)]
length: 16 76
Estimated difference between T3^fnT3 - (T2^WT3 + h.c.) is: -1.6305581489246753e-06 2.6587198770246636e-12
total cost: -7.784456765085357
singles alt: [(4, 0), (5, 1), (6, 0), (7, 1), (8, 0), (9, 1), (10, 0), (11, 1), (4, 2), (5, 3), (6, 2), (7, 3), (8, 2), (9, 3), (10, 2), (11, 3)]
length: 16 76
Estimated difference between T3^fnT3 - (T2^WT3 + h.c.) is: -1.6305580819568728e-06 2.658719658634876e-12
total cost: -7.7844567650852925
singles alt: [(4, 0), (5, 1), (6, 0), (7, 1), (8, 0), (9, 1), (10, 0), (11, 1), (4, 2), (5, 3), (6, 2), (7, 3), (8, 2), (9, 3), (10, 2), (11, 3)]
length: 16 76
Estimated difference between T3^fnT3 - (T2^WT3 + h.c.) is: -1.6305580819206147e-06 2.658719658516634e-12
total cost: -7.784456765085382
singles alt: [(4, 0), (5, 1), (6, 0), (7, 1), (8, 0), (9, 1), (10, 0), (11, 1), (4, 2), (5, 3), (6, 2), (7, 3), (8, 2), (9, 3), (10, 2), (11, 3)]
length: 16 76
Estimated difference between T3^fnT3 - (T2^WT3 + h.c.) is: -1.6305580819333602e-06 2.6587196585581984e-12
total cost: -7.784456765085382
singles alt: [(4, 0), (5, 1), (6, 0), (7, 1), (8, 0), (9, 1), (10, 0), (11, 1), (4, 2), (5, 3), (6, 2), (7, 3), (8, 2), (9, 3), (10, 2), (11, 3)]
length: 16 76
Estimated difference between T3^fnT3 - (T2^WT3 + h.c.) is: -1.6305580819363797e-06 2.6587196585680454e-12
total cost: -7.784456765085375
singles alt: [(4, 0), (5, 1), (6, 0), (7, 1), (8, 0), (9, 1), (10, 0), (11, 1), (4, 2), (5, 3), (6, 2), (7, 3), (8, 2), (9, 3), (10, 2), (11, 3)]
length: 16 76
Estimated difference between T3^fnT3 - (T2^WT3 + h.c.) is: -1.6305580818428698e-06 2.658719658263099e-12
total cost: -7.7844567650857215
singles alt: [(4, 0), (5, 1), (6, 0), (7, 1), (8, 0), (9, 1), (10, 0), (11, 1), (4, 2), (5, 3), (6, 2), (7, 3), (8, 2), (9, 3), (10, 2), (11, 3)]
length: 16 76
Estimated difference between T3^fnT3 - (T2^WT3 + h.c.) is: -1.6305580819426797e-06 2.6587196585885905e-12
total cost: -7.784456765085363
singles alt: [(4, 0), (5, 1), (6, 0), (7, 1), (8, 0), (9, 1), (10, 0), (11, 1), (4, 2), (5, 3), (6, 2), (7, 3), (8, 2), (9, 3), (10, 2), (11, 3)]
length: 16 76
Estimated difference between T3^fnT3 - (T2^WT3 + h.c.) is: -1.6305580819426054e-06 2.658719658588348e-12
total cost: -7.784456765085361
singles alt: [(4, 0), (5, 1), (6, 0), (7, 1), (8, 0), (9, 1), (10, 0), (11, 1), (4, 2), (5, 3), (6, 2), (7, 3), (8, 2), (9, 3), (10, 2), (11, 3)]
length: 16 76
Estimated difference between T3^fnT3 - (T2^WT3 + h.c.) is: -1.630558081924355e-06 2.6587196585288315e-12
total cost: -7.784456765085374
singles alt: [(4, 0), (5, 1), (6, 0), (7, 1), (8, 0), (9, 1), (10, 0), (11, 1), (4, 2), (5, 3), (6, 2), (7, 3), (8, 2), (9, 3), (10, 2), (11, 3)]
length: 16 76
Estimated difference between T3^fnT3 - (T2^WT3 + h.c.) is: -1.6305581443782833e-06 2.6587198621983506e-12
total cost: -7.784456765086138
singles alt: [(4, 0), (5, 1), (6, 0), (7, 1), (8, 0), (9, 1), (10, 0), (11, 1), (4, 2), (5, 3), (6, 2), (7, 3), (8, 2), (9, 3), (10, 2), (11, 3)]
length: 16 76
Estimated difference between T3^fnT3 - (T2^WT3 + h.c.) is: -1.630557896183494e-06 2.6587190528063424e-12
total cost: -7.784456765085389
singles alt: [(4, 0), (5, 1), (6, 0), (7, 1), (8, 0), (9, 1), (10, 0), (11, 1), (4, 2), (5, 3), (6, 2), (7, 3), (8, 2), (9, 3), (10, 2), (11, 3)]
length: 16 76
Estimated difference between T3^fnT3 - (T2^WT3 + h.c.) is: -1.6305580457097516e-06 2.6587195404288046e-12
total cost: -7.784456765085516
singles alt: [(4, 0), (5, 1), (6, 0), (7, 1), (8, 0), (9, 1), (10, 0), (11, 1), (4, 2), (5, 3), (6, 2), (7, 3), (8, 2), (9, 3), (10, 2), (11, 3)]
length: 16 76
Estimated difference between T3^fnT3 - (T2^WT3 + h.c.) is: -1.6305579349837824e-06 2.6587191793385766e-12
total cost: -7.784456765085364
singles alt: [(4, 0), (5, 1), (6, 0), (7, 1), (8, 0), (9, 1), (10, 0), (11, 1), (4, 2), (5, 3), (6, 2), (7, 3), (8, 2), (9, 3), (10, 2), (11, 3)]
length: 16 76
Estimated difference between T3^fnT3 - (T2^WT3 + h.c.) is: -1.6305580820096226e-06 2.658719658806899e-12
total cost: -7.7844567650851335
singles alt: [(4, 0), (5, 1), (6, 0), (7, 1), (8, 0), (9, 1), (10, 0), (11, 1), (4, 2), (5, 3), (6, 2), (7, 3), (8, 2), (9, 3), (10, 2), (11, 3)]
length: 16 76
Estimated difference between T3^fnT3 - (T2^WT3 + h.c.) is: -1.63055808191721e-06 2.658719658505531e-12
total cost: -7.784456765085389
singles alt: [(4, 0), (5, 1), (6, 0), (7, 1), (8, 0), (9, 1), (10, 0), (11, 1), (4, 2), (5, 3), (6, 2), (7, 3), (8, 2), (9, 3), (10, 2), (11, 3)]
length: 16 76
Estimated difference between T3^fnT3 - (T2^WT3 + h.c.) is: -1.630558081926026e-06 2.658719658534281e-12
total cost: -7.784456765085386
singles alt: [(4, 0), (5, 1), (6, 0), (7, 1), (8, 0), (9, 1), (10, 0), (11, 1), (4, 2), (5, 3), (6, 2), (7, 3), (8, 2), (9, 3), (10, 2), (11, 3)]
length: 16 76
Estimated difference between T3^fnT3 - (T2^WT3 + h.c.) is: -1.6305580819411226e-06 2.6587196585835127e-12
total cost: -7.78445676508538
singles alt: [(4, 0), (5, 1), (6, 0), (7, 1), (8, 0), (9, 1), (10, 0), (11, 1), (4, 2), (5, 3), (6, 2), (7, 3), (8, 2), (9, 3), (10, 2), (11, 3)]
length: 16 76
Estimated difference between T3^fnT3 - (T2^WT3 + h.c.) is: -1.6305582808601158e-06 2.658720307281496e-12
total cost: -7.784456765085156
singles alt: [(4, 0), (5, 1), (6, 0), (7, 1), (8, 0), (9, 1), (10, 0), (11, 1), (4, 2), (5, 3), (6, 2), (7, 3), (8, 2), (9, 3), (10, 2), (11, 3)]
length: 16 76
Estimated difference between T3^fnT3 - (T2^WT3 + h.c.) is: -1.6305584285178853e-06 2.6587207888107156e-12
total cost: -7.7844567650852055
singles alt: [(4, 0), (5, 1), (6, 0), (7, 1), (8, 0), (9, 1), (10, 0), (11, 1), (4, 2), (5, 3), (6, 2), (7, 3), (8, 2), (9, 3), (10, 2), (11, 3)]
length: 16 76
Estimated difference between T3^fnT3 - (T2^WT3 + h.c.) is: -1.6305583227483338e-06 2.6587204438838597e-12
total cost: -7.784456765085209
singles alt: [(4, 0), (5, 1), (6, 0), (7, 1), (8, 0), (9, 1), (10, 0), (11, 1), (4, 2), (5, 3), (6, 2), (7, 3), (8, 2), (9, 3), (10, 2), (11, 3)]
length: 16 76
Estimated difference between T3^fnT3 - (T2^WT3 + h.c.) is: -1.6305582623354997e-06 2.6587202468705645e-12
total cost: -7.784456765085347
singles alt: [(4, 0), (5, 1), (6, 0), (7, 1), (8, 0), (9, 1), (10, 0), (11, 1), (4, 2), (5, 3), (6, 2), (7, 3), (8, 2), (9, 3), (10, 2), (11, 3)]
length: 16 76
Estimated difference between T3^fnT3 - (T2^WT3 + h.c.) is: -1.6305581040736738e-06 2.6587197307603336e-12
total cost: -7.784456765085051
singles alt: [(4, 0), (5, 1), (6, 0), (7, 1), (8, 0), (9, 1), (10, 0), (11, 1), (4, 2), (5, 3), (6, 2), (7, 3), (8, 2), (9, 3), (10, 2), (11, 3)]
length: 16 76
Estimated difference between T3^fnT3 - (T2^WT3 + h.c.) is: -1.6305582073687442e-06 2.6587200676175724e-12
total cost: -7.784456765085389
singles alt: [(4, 0), (5, 1), (6, 0), (7, 1), (8, 0), (9, 1), (10, 0), (11, 1), (4, 2), (5, 3), (6, 2), (7, 3), (8, 2), (9, 3), (10, 2), (11, 3)]
length: 16 76
Estimated difference between T3^fnT3 - (T2^WT3 + h.c.) is: -1.6305582073056152e-06 2.6587200674117018e-12
total cost: -7.784456765085389
singles alt: [(4, 0), (5, 1), (6, 0), (7, 1), (8, 0), (9, 1), (10, 0), (11, 1), (4, 2), (5, 3), (6, 2), (7, 3), (8, 2), (9, 3), (10, 2), (11, 3)]
length: 16 76
Estimated difference between T3^fnT3 - (T2^WT3 + h.c.) is: -1.6305581014519783e-06 2.65871972221068e-12
total cost: -7.784456765085378
singles alt: [(4, 0), (5, 1), (6, 0), (7, 1), (8, 0), (9, 1), (10, 0), (11, 1), (4, 2), (5, 3), (6, 2), (7, 3), (8, 2), (9, 3), (10, 2), (11, 3)]
length: 16 76
Estimated difference between T3^fnT3 - (T2^WT3 + h.c.) is: -1.6305580819653787e-06 2.6587196586626146e-12
total cost: -7.7844567650845615
singles alt: [(4, 0), (5, 1), (6, 0), (7, 1), (8, 0), (9, 1), (10, 0), (11, 1), (4, 2), (5, 3), (6, 2), (7, 3), (8, 2), (9, 3), (10, 2), (11, 3)]
length: 16 76
Estimated difference between T3^fnT3 - (T2^WT3 + h.c.) is: -1.6305580819481043e-06 2.6587196586062807e-12
total cost: -7.784456765085423
singles alt: [(4, 0), (5, 1), (6, 0), (7, 1), (8, 0), (9, 1), (10, 0), (11, 1), (4, 2), (5, 3), (6, 2), (7, 3), (8, 2), (9, 3), (10, 2), (11, 3)]
length: 16 76
Estimated difference between T3^fnT3 - (T2^WT3 + h.c.) is: -1.6305580819250493e-06 2.6587196585310957e-12
total cost: -7.78445676508542
singles alt: [(4, 0), (5, 1), (6, 0), (7, 1), (8, 0), (9, 1), (10, 0), (11, 1), (4, 2), (5, 3), (6, 2), (7, 3), (8, 2), (9, 3), (10, 2), (11, 3)]
length: 16 76
Estimated difference between T3^fnT3 - (T2^WT3 + h.c.) is: -1.6305580819337657e-06 2.658719658559521e-12
total cost: -7.784456765085368
singles alt: [(4, 0), (5, 1), (6, 0), (7, 1), (8, 0), (9, 1), (10, 0), (11, 1), (4, 2), (5, 3), (6, 2), (7, 3), (8, 2), (9, 3), (10, 2), (11, 3)]
length: 16 76
Estimated difference between T3^fnT3 - (T2^WT3 + h.c.) is: -1.6305580818909196e-06 2.6587196584197947e-12
total cost: -7.7844567650856
singles alt: [(4, 0), (5, 1), (6, 0), (7, 1), (8, 0), (9, 1), (10, 0), (11, 1), (4, 2), (5, 3), (6, 2), (7, 3), (8, 2), (9, 3), (10, 2), (11, 3)]
length: 16 76
Estimated difference between T3^fnT3 - (T2^WT3 + h.c.) is: -1.6305580819358833e-06 2.6587196585664266e-12
total cost: -7.784456765085369
singles alt: [(4, 0), (5, 1), (6, 0), (7, 1), (8, 0), (9, 1), (10, 0), (11, 1), (4, 2), (5, 3), (6, 2), (7, 3), (8, 2), (9, 3), (10, 2), (11, 3)]
length: 16 76
Estimated difference between T3^fnT3 - (T2^WT3 + h.c.) is: -1.6305580819423288e-06 2.6587196585874462e-12
total cost: -7.784456765085365
singles alt: [(4, 0), (5, 1), (6, 0), (7, 1), (8, 0), (9, 1), (10, 0), (11, 1), (4, 2), (5, 3), (6, 2), (7, 3), (8, 2), (9, 3), (10, 2), (11, 3)]
length: 16 76
Estimated difference between T3^fnT3 - (T2^WT3 + h.c.) is: -1.63055808192836e-06 2.6587196585418923e-12
total cost: -7.7844567650853795
singles alt: [(4, 0), (5, 1), (6, 0), (7, 1), (8, 0), (9, 1), (10, 0), (11, 1), (4, 2), (5, 3), (6, 2), (7, 3), (8, 2), (9, 3), (10, 2), (11, 3)]
length: 16 76
Estimated difference between T3^fnT3 - (T2^WT3 + h.c.) is: -1.6305581040793271e-06 2.65871973077877e-12
total cost: -7.784456765085021
singles alt: [(4, 0), (5, 1), (6, 0), (7, 1), (8, 0), (9, 1), (10, 0), (11, 1), (4, 2), (5, 3), (6, 2), (7, 3), (8, 2), (9, 3), (10, 2), (11, 3)]
length: 16 76
Estimated difference between T3^fnT3 - (T2^WT3 + h.c.) is: -1.6305582073629562e-06 2.658720067598697e-12
total cost: -7.7844567650853875
singles alt: [(4, 0), (5, 1), (6, 0), (7, 1), (8, 0), (9, 1), (10, 0), (11, 1), (4, 2), (5, 3), (6, 2), (7, 3), (8, 2), (9, 3), (10, 2), (11, 3)]
length: 16 76
Estimated difference between T3^fnT3 - (T2^WT3 + h.c.) is: -1.630558207293974e-06 2.6587200673737383e-12
total cost: -7.784456765085393
singles alt: [(4, 0), (5, 1), (6, 0), (7, 1), (8, 0), (9, 1), (10, 0), (11, 1), (4, 2), (5, 3), (6, 2), (7, 3), (8, 2), (9, 3), (10, 2), (11, 3)]
length: 16 76
Estimated difference between T3^fnT3 - (T2^WT3 + h.c.) is: -1.6305581014540762e-06 2.6587197222175216e-12
total cost: -7.784456765085374
singles alt: [(4, 0), (5, 1), (6, 0), (7, 1), (8, 0), (9, 1), (10, 0), (11, 1), (4, 2), (5, 3), (6, 2), (7, 3), (8, 2), (9, 3), (10, 2), (11, 3)]
length: 16 76
Estimated difference between T3^fnT3 - (T2^WT3 + h.c.) is: -1.6305582808330924e-06 2.6587203071933698e-12
total cost: -7.7844567650855145
singles alt: [(4, 0), (5, 1), (6, 0), (7, 1), (8, 0), (9, 1), (10, 0), (11, 1), (4, 2), (5, 3), (6, 2), (7, 3), (8, 2), (9, 3), (10, 2), (11, 3)]
length: 16 76
Estimated difference between T3^fnT3 - (T2^WT3 + h.c.) is: -1.6305583229628962e-06 2.6587204445835725e-12
total cost: -7.784456765085175
singles alt: [(4, 0), (5, 1), (6, 0), (7, 1), (8, 0), (9, 1), (10, 0), (11, 1), (4, 2), (5, 3), (6, 2), (7, 3), (8, 2), (9, 3), (10, 2), (11, 3)]
length: 16 76
Estimated difference between T3^fnT3 - (T2^WT3 + h.c.) is: -1.6305584287717496e-06 2.6587207896385966e-12
total cost: -7.784456765085179
singles alt: [(4, 0), (5, 1), (6, 0), (7, 1), (8, 0), (9, 1), (10, 0), (11, 1), (4, 2), (5, 3), (6, 2), (7, 3), (8, 2), (9, 3), (10, 2), (11, 3)]
length: 16 76
Estimated difference between T3^fnT3 - (T2^WT3 + h.c.) is: -1.630558262433712e-06 2.6587202471908457e-12
total cost: -7.784456765085362
singles alt: [(4, 0), (5, 1), (6, 0), (7, 1), (8, 0), (9, 1), (10, 0), (11, 1), (4, 2), (5, 3), (6, 2), (7, 3), (8, 2), (9, 3), (10, 2), (11, 3)]
length: 16 76
Estimated difference between T3^fnT3 - (T2^WT3 + h.c.) is: -1.6305580819567178e-06 2.6587196586343705e-12
total cost: -7.784456765084074
singles alt: [(4, 0), (5, 1), (6, 0), (7, 1), (8, 0), (9, 1), (10, 0), (11, 1), (4, 2), (5, 3), (6, 2), (7, 3), (8, 2), (9, 3), (10, 2), (11, 3)]
length: 16 76
Estimated difference between T3^fnT3 - (T2^WT3 + h.c.) is: -1.630558081925167e-06 2.65871965853148e-12
total cost: -7.784456765085449
singles alt: [(4, 0), (5, 1), (6, 0), (7, 1), (8, 0), (9, 1), (10, 0), (11, 1), (4, 2), (5, 3), (6, 2), (7, 3), (8, 2), (9, 3), (10, 2), (11, 3)]
length: 16 76
Estimated difference between T3^fnT3 - (T2^WT3 + h.c.) is: -1.6305580819333697e-06 2.6587196585582295e-12
total cost: -7.784456765085446
singles alt: [(4, 0), (5, 1), (6, 0), (7, 1), (8, 0), (9, 1), (10, 0), (11, 1), (4, 2), (5, 3), (6, 2), (7, 3), (8, 2), (9, 3), (10, 2), (11, 3)]
length: 16 76
Estimated difference between T3^fnT3 - (T2^WT3 + h.c.) is: -1.6305580819408789e-06 2.6587196585827178e-12
total cost: -7.784456765085365
singles alt: [(4, 0), (5, 1), (6, 0), (7, 1), (8, 0), (9, 1), (10, 0), (11, 1), (4, 2), (5, 3), (6, 2), (7, 3), (8, 2), (9, 3), (10, 2), (11, 3)]
length: 16 76
Estimated difference between T3^fnT3 - (T2^WT3 + h.c.) is: -1.6305581443476154e-06 2.658719862098339e-12
total cost: -7.784456765084606
singles alt: [(4, 0), (5, 1), (6, 0), (7, 1), (8, 0), (9, 1), (10, 0), (11, 1), (4, 2), (5, 3), (6, 2), (7, 3), (8, 2), (9, 3), (10, 2), (11, 3)]
length: 16 76
Estimated difference between T3^fnT3 - (T2^WT3 + h.c.) is: -1.630558045639444e-06 2.6587195401995233e-12
total cost: -7.784456765085596
singles alt: [(4, 0), (5, 1), (6, 0), (7, 1), (8, 0), (9, 1), (10, 0), (11, 1), (4, 2), (5, 3), (6, 2), (7, 3), (8, 2), (9, 3), (10, 2), (11, 3)]
length: 16 76
Estimated difference between T3^fnT3 - (T2^WT3 + h.c.) is: -1.6305578959274693e-06 2.658719051971416e-12
total cost: -7.784456765085351
singles alt: [(4, 0), (5, 1), (6, 0), (7, 1), (8, 0), (9, 1), (10, 0), (11, 1), (4, 2), (5, 3), (6, 2), (7, 3), (8, 2), (9, 3), (10, 2), (11, 3)]
length: 16 76
Estimated difference between T3^fnT3 - (T2^WT3 + h.c.) is: -1.6305579346818727e-06 2.6587191783540144e-12
total cost: -7.784456765085376
singles alt: [(4, 0), (5, 1), (6, 0), (7, 1), (8, 0), (9, 1), (10, 0), (11, 1), (4, 2), (5, 3), (6, 2), (7, 3), (8, 2), (9, 3), (10, 2), (11, 3)]
length: 16 76
Estimated difference between T3^fnT3 - (T2^WT3 + h.c.) is: -1.630558081937714e-06 2.6587196585723966e-12
total cost: -7.784456765085193
singles alt: [(4, 0), (5, 1), (6, 0), (7, 1), (8, 0), (9, 1), (10, 0), (11, 1), (4, 2), (5, 3), (6, 2), (7, 3), (8, 2), (9, 3), (10, 2), (11, 3)]
length: 16 76
Estimated difference between T3^fnT3 - (T2^WT3 + h.c.) is: -1.6305580819232562e-06 2.658719658525248e-12
total cost: -7.78445676508539
singles alt: [(4, 0), (5, 1), (6, 0), (7, 1), (8, 0), (9, 1), (10, 0), (11, 1), (4, 2), (5, 3), (6, 2), (7, 3), (8, 2), (9, 3), (10, 2), (11, 3)]
length: 16 76
Estimated difference between T3^fnT3 - (T2^WT3 + h.c.) is: -1.6305580819312856e-06 2.658719658551433e-12
total cost: -7.784456765085389
singles alt: [(4, 0), (5, 1), (6, 0), (7, 1), (8, 0), (9, 1), (10, 0), (11, 1), (4, 2), (5, 3), (6, 2), (7, 3), (8, 2), (9, 3), (10, 2), (11, 3)]
length: 16 76
Estimated difference between T3^fnT3 - (T2^WT3 + h.c.) is: -1.6305580819339101e-06 2.658719658559992e-12
total cost: -7.784456765085372
singles alt: [(4, 0), (5, 1), (6, 0), (7, 1), (8, 0), (9, 1), (10, 0), (11, 1), (4, 2), (5, 3), (6, 2), (7, 3), (8, 2), (9, 3), (10, 2), (11, 3)]
length: 16 76
Estimated difference between T3^fnT3 - (T2^WT3 + h.c.) is: -1.6305580819224572e-06 2.6587196585226426e-12
total cost: -7.784456765085477
singles alt: [(4, 0), (5, 1), (6, 0), (7, 1), (8, 0), (9, 1), (10, 0), (11, 1), (4, 2), (5, 3), (6, 2), (7, 3), (8, 2), (9, 3), (10, 2), (11, 3)]
length: 16 76
Estimated difference between T3^fnT3 - (T2^WT3 + h.c.) is: -1.6305580819348374e-06 2.658719658563016e-12
total cost: -7.784456765085375
singles alt: [(4, 0), (5, 1), (6, 0), (7, 1), (8, 0), (9, 1), (10, 0), (11, 1), (4, 2), (5, 3), (6, 2), (7, 3), (8, 2), (9, 3), (10, 2), (11, 3)]
length: 16 76
Estimated difference between T3^fnT3 - (T2^WT3 + h.c.) is: -1.6305580819393515e-06 2.658719658577737e-12
total cost: -7.784456765085372
singles alt: [(4, 0), (5, 1), (6, 0), (7, 1), (8, 0), (9, 1), (10, 0), (11, 1), (4, 2), (5, 3), (6, 2), (7, 3), (8, 2), (9, 3), (10, 2), (11, 3)]
length: 16 76
Estimated difference between T3^fnT3 - (T2^WT3 + h.c.) is: -1.6305580819355538e-06 2.6587196585653523e-12
total cost: -7.784456765085374
singles alt: [(4, 0), (5, 1), (6, 0), (7, 1), (8, 0), (9, 1), (10, 0), (11, 1), (4, 2), (5, 3), (6, 2), (7, 3), (8, 2), (9, 3), (10, 2), (11, 3)]
length: 16 76
Estimated difference between T3^fnT3 - (T2^WT3 + h.c.) is: -1.6305582660563109e-06 2.658720259004563e-12
total cost: -7.784456765085428
singles alt: [(4, 0), (5, 1), (6, 0), (7, 1), (8, 0), (9, 1), (10, 0), (11, 1), (4, 2), (5, 3), (6, 2), (7, 3), (8, 2), (9, 3), (10, 2), (11, 3)]
length: 16 76
Estimated difference between T3^fnT3 - (T2^WT3 + h.c.) is: -1.6305581136684135e-06 2.6587197620498947e-12
total cost: -7.784456765085416
singles alt: [(4, 0), (5, 1), (6, 0), (7, 1), (8, 0), (9, 1), (10, 0), (11, 1), (4, 2), (5, 3), (6, 2), (7, 3), (8, 2), (9, 3), (10, 2), (11, 3)]
length: 16 76
Estimated difference between T3^fnT3 - (T2^WT3 + h.c.) is: -1.6305581136130353e-06 2.6587197618693003e-12
total cost: -7.784456765085411
singles alt: [(4, 0), (5, 1), (6, 0), (7, 1), (8, 0), (9, 1), (10, 0), (11, 1), (4, 2), (5, 3), (6, 2), (7, 3), (8, 2), (9, 3), (10, 2), (11, 3)]
length: 16 76
Estimated difference between T3^fnT3 - (T2^WT3 + h.c.) is: -1.6305582140415935e-06 2.658720089378511e-12
total cost: -7.784456765085355
singles alt: [(4, 0), (5, 1), (6, 0), (7, 1), (8, 0), (9, 1), (10, 0), (11, 1), (4, 2), (5, 3), (6, 2), (7, 3), (8, 2), (9, 3), (10, 2), (11, 3)]
length: 16 76
Estimated difference between T3^fnT3 - (T2^WT3 + h.c.) is: -1.630558081929638e-06 2.6587196585460597e-12
total cost: -7.784456765085377
singles alt: [(4, 0), (5, 1), (6, 0), (7, 1), (8, 0), (9, 1), (10, 0), (11, 1), (4, 2), (5, 3), (6, 2), (7, 3), (8, 2), (9, 3), (10, 2), (11, 3)]
length: 16 76
Estimated difference between T3^fnT3 - (T2^WT3 + h.c.) is: -1.630558081921853e-06 2.6587196585206724e-12
total cost: -7.784456765085379
singles alt: [(4, 0), (5, 1), (6, 0), (7, 1), (8, 0), (9, 1), (10, 0), (11, 1), (4, 2), (5, 3), (6, 2), (7, 3), (8, 2), (9, 3), (10, 2), (11, 3)]
length: 16 76
Estimated difference between T3^fnT3 - (T2^WT3 + h.c.) is: -1.6305580819451164e-06 2.6587196585965367e-12
total cost: -7.784456765085378
singles alt: [(4, 0), (5, 1), (6, 0), (7, 1), (8, 0), (9, 1), (10, 0), (11, 1), (4, 2), (5, 3), (6, 2), (7, 3), (8, 2), (9, 3), (10, 2), (11, 3)]
length: 16 76
Estimated difference between T3^fnT3 - (T2^WT3 + h.c.) is: -1.6305580819354983e-06 2.6587196585651713e-12
total cost: -7.784456765085378
singles alt: [(4, 0), (5, 1), (6, 0), (7, 1), (8, 0), (9, 1), (10, 0), (11, 1), (4, 2), (5, 3), (6, 2), (7, 3), (8, 2), (9, 3), (10, 2), (11, 3)]
length: 16 76
Estimated difference between T3^fnT3 - (T2^WT3 + h.c.) is: -1.630557937119344e-06 2.658719186302891e-12
total cost: -7.784456765085212
singles alt: [(4, 0), (5, 1), (6, 0), (7, 1), (8, 0), (9, 1), (10, 0), (11, 1), (4, 2), (5, 3), (6, 2), (7, 3), (8, 2), (9, 3), (10, 2), (11, 3)]
length: 16 76
Estimated difference between T3^fnT3 - (T2^WT3 + h.c.) is: -1.6305579373844758e-06 2.658719187167516e-12
total cost: -7.78445676508515
singles alt: [(4, 0), (5, 1), (6, 0), (7, 1), (8, 0), (9, 1), (10, 0), (11, 1), (4, 2), (5, 3), (6, 2), (7, 3), (8, 2), (9, 3), (10, 2), (11, 3)]
length: 16 76
Estimated difference between T3^fnT3 - (T2^WT3 + h.c.) is: -1.6305578021462692e-06 2.658718746140072e-12
total cost: -7.784456765085376
singles alt: [(4, 0), (5, 1), (6, 0), (7, 1), (8, 0), (9, 1), (10, 0), (11, 1), (4, 2), (5, 3), (6, 2), (7, 3), (8, 2), (9, 3), (10, 2), (11, 3)]
length: 16 76
Estimated difference between T3^fnT3 - (T2^WT3 + h.c.) is: -1.630558361333844e-06 2.6587205697157107e-12
total cost: -7.784456765085377
singles alt: [(4, 0), (5, 1), (6, 0), (7, 1), (8, 0), (9, 1), (10, 0), (11, 1), (4, 2), (5, 3), (6, 2), (7, 3), (8, 2), (9, 3), (10, 2), (11, 3)]
length: 16 76
Estimated difference between T3^fnT3 - (T2^WT3 + h.c.) is: -1.6305580819345297e-06 2.6587196585620124e-12
total cost: -7.784456765085382
singles alt: [(4, 0), (5, 1), (6, 0), (7, 1), (8, 0), (9, 1), (10, 0), (11, 1), (4, 2), (5, 3), (6, 2), (7, 3), (8, 2), (9, 3), (10, 2), (11, 3)]
length: 16 76
Estimated difference between T3^fnT3 - (T2^WT3 + h.c.) is: -1.63055808192942e-06 2.6587196585453493e-12
total cost: -7.784456765085378
singles alt: [(4, 0), (5, 1), (6, 0), (7, 1), (8, 0), (9, 1), (10, 0), (11, 1), (4, 2), (5, 3), (6, 2), (7, 3), (8, 2), (9, 3), (10, 2), (11, 3)]
length: 16 76
Estimated difference between T3^fnT3 - (T2^WT3 + h.c.) is: -1.6305580819474224e-06 2.6587196586040573e-12
total cost: -7.784456765085373
singles alt: [(4, 0), (5, 1), (6, 0), (7, 1), (8, 0), (9, 1), (10, 0), (11, 1), (4, 2), (5, 3), (6, 2), (7, 3), (8, 2), (9, 3), (10, 2), (11, 3)]
length: 16 76
Estimated difference between T3^fnT3 - (T2^WT3 + h.c.) is: -1.6305580819307473e-06 2.658719658549678e-12
total cost: -7.784456765085381
singles alt: [(4, 0), (5, 1), (6, 0), (7, 1), (8, 0), (9, 1), (10, 0), (11, 1), (4, 2), (5, 3), (6, 2), (7, 3), (8, 2), (9, 3), (10, 2), (11, 3)]
length: 16 76
Estimated difference between T3^fnT3 - (T2^WT3 + h.c.) is: -1.6305580819327683e-06 2.6587196585562686e-12
total cost: -7.784456765085781
singles alt: [(4, 0), (5, 1), (6, 0), (7, 1), (8, 0), (9, 1), (10, 0), (11, 1), (4, 2), (5, 3), (6, 2), (7, 3), (8, 2), (9, 3), (10, 2), (11, 3)]
length: 16 76
Estimated difference between T3^fnT3 - (T2^WT3 + h.c.) is: -1.6305580819327683e-06 2.6587196585562686e-12
total cost: -7.784456765085797
singles alt: [(4, 0), (5, 1), (6, 0), (7, 1), (8, 0), (9, 1), (10, 0), (11, 1), (4, 2), (5, 3), (6, 2), (7, 3), (8, 2), (9, 3), (10, 2), (11, 3)]
length: 16 76
Estimated difference between T3^fnT3 - (T2^WT3 + h.c.) is: -1.6305580819327683e-06 2.6587196585562686e-12
total cost: -7.784456765085404
singles alt: [(4, 0), (5, 1), (6, 0), (7, 1), (8, 0), (9, 1), (10, 0), (11, 1), (4, 2), (5, 3), (6, 2), (7, 3), (8, 2), (9, 3), (10, 2), (11, 3)]
length: 16 76
Estimated difference between T3^fnT3 - (T2^WT3 + h.c.) is: -1.6305580819327683e-06 2.6587196585562686e-12
total cost: -7.784456765085385
singles alt: [(4, 0), (5, 1), (6, 0), (7, 1), (8, 0), (9, 1), (10, 0), (11, 1), (4, 2), (5, 3), (6, 2), (7, 3), (8, 2), (9, 3), (10, 2), (11, 3)]
length: 16 76
Estimated difference between T3^fnT3 - (T2^WT3 + h.c.) is: -1.6305580819327683e-06 2.6587196585562686e-12
total cost: -7.784456765085396
singles alt: [(4, 0), (5, 1), (6, 0), (7, 1), (8, 0), (9, 1), (10, 0), (11, 1), (4, 2), (5, 3), (6, 2), (7, 3), (8, 2), (9, 3), (10, 2), (11, 3)]
length: 16 76
Estimated difference between T3^fnT3 - (T2^WT3 + h.c.) is: -1.6305580819327683e-06 2.6587196585562686e-12
total cost: -7.7844567650853635
singles alt: [(4, 0), (5, 1), (6, 0), (7, 1), (8, 0), (9, 1), (10, 0), (11, 1), (4, 2), (5, 3), (6, 2), (7, 3), (8, 2), (9, 3), (10, 2), (11, 3)]
length: 16 76
Estimated difference between T3^fnT3 - (T2^WT3 + h.c.) is: -1.6305580819327683e-06 2.6587196585562686e-12
total cost: -7.78445676508593
singles alt: [(4, 0), (5, 1), (6, 0), (7, 1), (8, 0), (9, 1), (10, 0), (11, 1), (4, 2), (5, 3), (6, 2), (7, 3), (8, 2), (9, 3), (10, 2), (11, 3)]
length: 16 76
Estimated difference between T3^fnT3 - (T2^WT3 + h.c.) is: -1.6305580819327683e-06 2.6587196585562686e-12
total cost: -7.784456765085871
singles alt: [(4, 0), (5, 1), (6, 0), (7, 1), (8, 0), (9, 1), (10, 0), (11, 1), (4, 2), (5, 3), (6, 2), (7, 3), (8, 2), (9, 3), (10, 2), (11, 3)]
length: 16 76
Estimated difference between T3^fnT3 - (T2^WT3 + h.c.) is: -1.6305580819327683e-06 2.6587196585562686e-12
total cost: -7.7844567650853715
singles alt: [(4, 0), (5, 1), (6, 0), (7, 1), (8, 0), (9, 1), (10, 0), (11, 1), (4, 2), (5, 3), (6, 2), (7, 3), (8, 2), (9, 3), (10, 2), (11, 3)]
length: 16 76
Estimated difference between T3^fnT3 - (T2^WT3 + h.c.) is: -1.6305580819327683e-06 2.6587196585562686e-12
total cost: -7.7844567650853795
singles alt: [(4, 0), (5, 1), (6, 0), (7, 1), (8, 0), (9, 1), (10, 0), (11, 1), (4, 2), (5, 3), (6, 2), (7, 3), (8, 2), (9, 3), (10, 2), (11, 3)]
length: 16 76
Estimated difference between T3^fnT3 - (T2^WT3 + h.c.) is: -1.6305580819327683e-06 2.6587196585562686e-12
total cost: -7.784456765085375
singles alt: [(4, 0), (5, 1), (6, 0), (7, 1), (8, 0), (9, 1), (10, 0), (11, 1), (4, 2), (5, 3), (6, 2), (7, 3), (8, 2), (9, 3), (10, 2), (11, 3)]
length: 16 76
Estimated difference between T3^fnT3 - (T2^WT3 + h.c.) is: -1.6305580819327683e-06 2.6587196585562686e-12
total cost: -7.784456765085376
singles alt: [(4, 0), (5, 1), (6, 0), (7, 1), (8, 0), (9, 1), (10, 0), (11, 1), (4, 2), (5, 3), (6, 2), (7, 3), (8, 2), (9, 3), (10, 2), (11, 3)]
length: 16 76
Estimated difference between T3^fnT3 - (T2^WT3 + h.c.) is: -1.6305580819327683e-06 2.6587196585562686e-12
total cost: -7.7844567650853715
singles alt: [(4, 0), (5, 1), (6, 0), (7, 1), (8, 0), (9, 1), (10, 0), (11, 1), (4, 2), (5, 3), (6, 2), (7, 3), (8, 2), (9, 3), (10, 2), (11, 3)]
length: 16 76
Estimated difference between T3^fnT3 - (T2^WT3 + h.c.) is: -1.6305580819327683e-06 2.6587196585562686e-12
total cost: -7.784456765085378
singles alt: [(4, 0), (5, 1), (6, 0), (7, 1), (8, 0), (9, 1), (10, 0), (11, 1), (4, 2), (5, 3), (6, 2), (7, 3), (8, 2), (9, 3), (10, 2), (11, 3)]
length: 16 76
Estimated difference between T3^fnT3 - (T2^WT3 + h.c.) is: -1.6305580819327683e-06 2.6587196585562686e-12
total cost: -7.784456765085484
singles alt: [(4, 0), (5, 1), (6, 0), (7, 1), (8, 0), (9, 1), (10, 0), (11, 1), (4, 2), (5, 3), (6, 2), (7, 3), (8, 2), (9, 3), (10, 2), (11, 3)]
length: 16 76
Estimated difference between T3^fnT3 - (T2^WT3 + h.c.) is: -1.6305580819327683e-06 2.6587196585562686e-12
total cost: -7.7844567650855
singles alt: [(4, 0), (5, 1), (6, 0), (7, 1), (8, 0), (9, 1), (10, 0), (11, 1), (4, 2), (5, 3), (6, 2), (7, 3), (8, 2), (9, 3), (10, 2), (11, 3)]
callback: energy=-7.784455134527
Optimization terminated successfully.
         Current function value: -7.784457
         Iterations: 21
         Function evaluations: 2883
         Gradient evaluations: 31
Optimization finished in 1099.20 s
Success: True
Final energy: -7.784456765085378
(4, 5, 0, 1) | 0.0033699187094368
(4, 5, 0, 3) | 0.0005189258997521
(4, 5, 2, 1) | 0.0005189680429618
(4, 5, 2, 3) | 0.0223657569202519
(4, 7, 0, 1) | 0.0000005205382471
(4, 7, 0, 3) | -0.0000000291288258
(4, 7, 2, 1) | -0.0000000052618086
(4, 7, 2, 3) | 0.0000001648762445
(4, 9, 0, 1) | -0.0000021475659785
(4, 9, 0, 3) | 0.0000000792816523
(4, 9, 2, 1) | 0.0000000951761005
(4, 9, 2, 3) | 0.0000002615104422
(4, 11, 0, 1) | 0.0015962033255484
(4, 11, 0, 3) | -0.0042068357713445
(4, 11, 2, 1) | -0.0014635771116398
(4, 11, 2, 3) | -0.0433050097530060
(6, 5, 0, 1) | 0.0000015420469326
(6, 5, 0, 3) | -0.0000000741954001
(6, 5, 2, 1) | -0.0000000440902915
(6, 5, 2, 3) | -0.0000001930671015
(6, 7, 0, 1) | 0.0017358640431893
(6, 7, 0, 3) | 0.0029851838208041
(6, 7, 2, 1) | 0.0029834180809539
(6, 7, 2, 3) | 0.0363706046001894
(6, 9, 0, 1) | 0.0000022323750607
(6, 9, 0, 3) | 0.0000016847771506
(6, 9, 2, 1) | 0.0000016878744744
(6, 9, 2, 3) | 0.0000005797435518
(6, 11, 0, 1) | 0.0000046272271457
(6, 11, 0, 3) | -0.0000002620570505
(6, 11, 2, 1) | -0.0000002341938907
(6, 11, 2, 3) | 0.0000002241317942
(8, 5, 0, 1) | -0.0000013556012048
(8, 5, 0, 3) | 0.0000000071003024
(8, 5, 2, 1) | 0.0000000618505650
(8, 5, 2, 3) | -0.0000000935784657
(8, 7, 0, 1) | 0.0000023756928125
(8, 7, 0, 3) | 0.0000016241219818
(8, 7, 2, 1) | 0.0000015658748049
(8, 7, 2, 3) | 0.0000009877630273
(8, 9, 0, 1) | 0.0017320181849135
(8, 9, 0, 3) | 0.0029860762516675
(8, 9, 2, 1) | 0.0029873705345507
(8, 9, 2, 3) | 0.0363943485507167
(8, 11, 0, 1) | 0.0000073972747300
(8, 11, 0, 3) | -0.0000004027891913
(8, 11, 2, 1) | -0.0000003773935720
(8, 11, 2, 3) | 0.0000002018912717
(10, 5, 0, 1) | 0.0016055241996614
(10, 5, 0, 3) | -0.0014677392237697
(10, 5, 2, 1) | -0.0042155781448382
(10, 5, 2, 3) | -0.0434046030838258
(10, 7, 0, 1) | 0.0000010268944311
(10, 7, 0, 3) | -0.0000000800724108
(10, 7, 2, 1) | -0.0000000862369048
(10, 7, 2, 3) | 0.0000001039338300
(10, 9, 0, 1) | -0.0000005964920188
(10, 9, 0, 3) | 0.0000000162452279
(10, 9, 2, 1) | 0.0000000309853979
(10, 9, 2, 3) | 0.0000001373629009
(10, 11, 0, 1) | 0.0007893367867694
(10, 11, 0, 3) | 0.0029533259939528
(10, 11, 2, 1) | 0.0029533856337762
(10, 11, 2, 3) | 0.0969070542699818
(4, 6, 0, 2) | -0.0000000023206442
(5, 7, 1, 3) | -0.0000000111489409
(4, 8, 0, 2) | -0.0000000012117810
(5, 9, 1, 3) | -0.0000000078000608
(4, 10, 0, 2) | -0.0027656655182224
(5, 11, 1, 3) | -0.0027650038937674
(6, 8, 0, 2) | -0.0000039562731246
(7, 9, 1, 3) | 0.0000039587350796
(6, 10, 0, 2) | -0.0000000401896590
(7, 11, 1, 3) | -0.0000000004713230
(8, 10, 0, 2) | 0.0000000100660760
(9, 11, 1, 3) | -0.0000000298563619
(4, 0)         | 0.0004628984208771
(5, 1)         | 0.0004629092235081
(6, 0)         | -0.0000001889194008
(7, 1)         | -0.0000000543464337
(8, 0)         | -0.0000001519171726
(9, 1)         | 0.0000000448472245
(10, 0)        | -0.0005101113151750
(11, 1)        | -0.0005096677264366
(4, 2)         | 0.0298880482139485
(5, 3)         | 0.0298863263427920
(6, 2)         | 0.0000000453453393
(7, 3)         | 0.0000003230387976
(8, 2)         | 0.0000003875755945
(9, 3)         | -0.0000000526122818
(10, 2)        | 0.0009935752347476
(11, 3)        | 0.0009932186801481
singles alt: [(4, 0), (5, 1), (6, 0), (7, 1), (8, 0), (9, 1), (10, 0), (11, 1), (4, 2), (5, 3), (6, 2), (7, 3), (8, 2), (9, 3), (10, 2), (11, 3)]
Final evaluation of (unbiased) <H>: -7.784455134527295
