converged SCF energy = -7.76736213574856
[[ 4.00395861e-02  5.46147101e-01 -1.39247677e-01  3.83509025e-17
  -2.69961253e-17  1.47241090e+00]
 [ 9.85307204e-01 -2.55706373e-01 -1.91866701e-01  9.14455502e-17
  -6.89296048e-17 -1.29627147e-01]
 [ 1.84864012e-02  3.87975058e-01  8.35681602e-01 -3.64799404e-16
   2.72794795e-16 -9.27776802e-01]
 [-0.00000000e+00  0.00000000e+00  2.22044605e-16  8.26051459e-01
  -5.63594701e-01  0.00000000e+00]
 [-0.00000000e+00  0.00000000e+00 -0.00000000e+00  5.63594701e-01
   8.26051459e-01  0.00000000e+00]
 [ 1.66252758e-02 -3.79135465e-01  5.87901598e-01 -2.69700362e-16
   2.03156542e-16  1.12079023e+00]]
<class 'pyscf.gto.mole.Mole'> <class 'pyscf.scf.hf.RHF'>
 ecore:   0.27849071
h1!!! [[ 7.22854815e-01 -5.25480058e-02 -6.54284215e-02  2.08873726e-17
  -1.52831259e-17 -1.56579337e-03]
 [-5.25480058e-02  2.11116909e+00 -8.05212764e-02 -4.20540615e-18
   5.08242375e-18  3.05681850e-01]
 [-6.54284215e-02 -8.05212764e-02  1.92372024e+00 -4.34532389e-16
   3.49446778e-16  1.92419121e-02]
 [ 2.08873726e-17 -4.20540615e-18 -4.34532389e-16  2.06518172e+00
   1.30324900e-16 -2.92472910e-17]
 [-1.52831259e-17  5.08242375e-18  3.49446778e-16  2.39202138e-17
   2.06518172e+00  2.39668566e-17]
 [-1.56579337e-03  3.05681850e-01  1.92419121e-02 -2.92472910e-17
   2.39668566e-17  2.57357566e+00]]
SCF energy pycc: -7.767362135748564 -7.767362135748564
dropcore: 0
calctype: None
dropcore: 0
n_mo=6, n_spin_orbitals=12, n_electrons=4
[-2.37089933 -2.37089933 -0.31665704 -0.31665704  0.07684843  0.07684843
  0.15793876  0.15793876  0.15793876  0.15793876  0.61299931  0.61299931]
geo: [['H', [0, 0, 0]], ['Li', [0, 0, 1]]]
Original Hamiltonian shape: (4096, 4096)
Restricted Hamiltonian shape: (225, 225)
hf_index: 3840
restrict sz: (225,)
e cmp: -7.7844602800312135
<1100|H|1100> = (-7.767362135748567+0j)

nelectrons: 4
singles alt: [(4, 0), (5, 1), (6, 0), (7, 1), (8, 0), (9, 1), (10, 0), (11, 1), (4, 2), (5, 3), (6, 2), (7, 3), (8, 2), (9, 3), (10, 2), (11, 3)]
singles alt: [(4, 0), (5, 1), (6, 0), (7, 1), (8, 0), (9, 1), (10, 0), (11, 1), (4, 2), (5, 3), (6, 2), (7, 3), (8, 2), (9, 3), (10, 2), (11, 3)]
singles alt: [(4, 0), (5, 1), (6, 0), (7, 1), (8, 0), (9, 1), (10, 0), (11, 1), (4, 2), (5, 3), (6, 2), (7, 3), (8, 2), (9, 3), (10, 2), (11, 3)]
Energy at theta=0 (should be HF energy): -7.767362135749  PySCF RHF energy: -7.767362135749,-7.767362135749
Starting optimization... (this may take some time for larger ansatz sizes)
singles alt: [(4, 0), (5, 1), (6, 0), (7, 1), (8, 0), (9, 1), (10, 0), (11, 1), (4, 2), (5, 3), (6, 2), (7, 3), (8, 2), (9, 3), (10, 2), (11, 3)]
length: 16 76
Estimated difference between T3^fnT3 - (T2^WT3 + h.c.) is: 0.0 0.0
total cost: -7.767362135748567
singles alt: [(4, 0), (5, 1), (6, 0), (7, 1), (8, 0), (9, 1), (10, 0), (11, 1), (4, 2), (5, 3), (6, 2), (7, 3), (8, 2), (9, 3), (10, 2), (11, 3)]
length: 16 76
Estimated difference between T3^fnT3 - (T2^WT3 + h.c.) is: -4.1172572793180765e-19 1.6951807504097689e-37
total cost: -7.767362136328493
singles alt: [(4, 0), (5, 1), (6, 0), (7, 1), (8, 0), (9, 1), (10, 0), (11, 1), (4, 2), (5, 3), (6, 2), (7, 3), (8, 2), (9, 3), (10, 2), (11, 3)]
length: 16 76
Estimated difference between T3^fnT3 - (T2^WT3 + h.c.) is: -7.878878695521977e-19 6.207672949875009e-37
total cost: -7.767362135767053
singles alt: [(4, 0), (5, 1), (6, 0), (7, 1), (8, 0), (9, 1), (10, 0), (11, 1), (4, 2), (5, 3), (6, 2), (7, 3), (8, 2), (9, 3), (10, 2), (11, 3)]
length: 16 76
Estimated difference between T3^fnT3 - (T2^WT3 + h.c.) is: -7.878878695521976e-19 6.207672949875007e-37
total cost: -7.767362135767053
singles alt: [(4, 0), (5, 1), (6, 0), (7, 1), (8, 0), (9, 1), (10, 0), (11, 1), (4, 2), (5, 3), (6, 2), (7, 3), (8, 2), (9, 3), (10, 2), (11, 3)]
length: 16 76
Estimated difference between T3^fnT3 - (T2^WT3 + h.c.) is: -9.730481157083508e-21 9.468226354835719e-41
total cost: -7.767362136030673
singles alt: [(4, 0), (5, 1), (6, 0), (7, 1), (8, 0), (9, 1), (10, 0), (11, 1), (4, 2), (5, 3), (6, 2), (7, 3), (8, 2), (9, 3), (10, 2), (11, 3)]
length: 16 76
Estimated difference between T3^fnT3 - (T2^WT3 + h.c.) is: -3.0289273455800995e-19 9.174400864802908e-38
total cost: -7.7673621357485665
singles alt: [(4, 0), (5, 1), (6, 0), (7, 1), (8, 0), (9, 1), (10, 0), (11, 1), (4, 2), (5, 3), (6, 2), (7, 3), (8, 2), (9, 3), (10, 2), (11, 3)]
length: 16 76
Estimated difference between T3^fnT3 - (T2^WT3 + h.c.) is: -9.500318704989519e-19 9.025605549637373e-37
total cost: -7.7673621357485665
singles alt: [(4, 0), (5, 1), (6, 0), (7, 1), (8, 0), (9, 1), (10, 0), (11, 1), (4, 2), (5, 3), (6, 2), (7, 3), (8, 2), (9, 3), (10, 2), (11, 3)]
length: 16 76
Estimated difference between T3^fnT3 - (T2^WT3 + h.c.) is: -6.033396041818864e-19 3.6401867797435535e-37
total cost: -7.7673621357485665
singles alt: [(4, 0), (5, 1), (6, 0), (7, 1), (8, 0), (9, 1), (10, 0), (11, 1), (4, 2), (5, 3), (6, 2), (7, 3), (8, 2), (9, 3), (10, 2), (11, 3)]
length: 16 76
Estimated difference between T3^fnT3 - (T2^WT3 + h.c.) is: -3.8741886646934437e-20 1.500933780963917e-39
total cost: -7.767362135748567
singles alt: [(4, 0), (5, 1), (6, 0), (7, 1), (8, 0), (9, 1), (10, 0), (11, 1), (4, 2), (5, 3), (6, 2), (7, 3), (8, 2), (9, 3), (10, 2), (11, 3)]
length: 16 76
Estimated difference between T3^fnT3 - (T2^WT3 + h.c.) is: -3.0289273455800995e-19 9.174400864802908e-38
total cost: -7.7673621357485665
singles alt: [(4, 0), (5, 1), (6, 0), (7, 1), (8, 0), (9, 1), (10, 0), (11, 1), (4, 2), (5, 3), (6, 2), (7, 3), (8, 2), (9, 3), (10, 2), (11, 3)]
length: 16 76
Estimated difference between T3^fnT3 - (T2^WT3 + h.c.) is: -9.500318704989523e-19 9.02560554963738e-37
total cost: -7.7673621357485665
singles alt: [(4, 0), (5, 1), (6, 0), (7, 1), (8, 0), (9, 1), (10, 0), (11, 1), (4, 2), (5, 3), (6, 2), (7, 3), (8, 2), (9, 3), (10, 2), (11, 3)]
length: 16 76
Estimated difference between T3^fnT3 - (T2^WT3 + h.c.) is: -6.033396041818864e-19 3.6401867797435535e-37
total cost: -7.7673621357485665
singles alt: [(4, 0), (5, 1), (6, 0), (7, 1), (8, 0), (9, 1), (10, 0), (11, 1), (4, 2), (5, 3), (6, 2), (7, 3), (8, 2), (9, 3), (10, 2), (11, 3)]
length: 16 76
Estimated difference between T3^fnT3 - (T2^WT3 + h.c.) is: -3.8741886646934437e-20 1.500933780963917e-39
total cost: -7.767362135748567
singles alt: [(4, 0), (5, 1), (6, 0), (7, 1), (8, 0), (9, 1), (10, 0), (11, 1), (4, 2), (5, 3), (6, 2), (7, 3), (8, 2), (9, 3), (10, 2), (11, 3)]
length: 16 76
Estimated difference between T3^fnT3 - (T2^WT3 + h.c.) is: -2.3275733638623736e-20 5.417597764161606e-40
total cost: -7.767362136022308
singles alt: [(4, 0), (5, 1), (6, 0), (7, 1), (8, 0), (9, 1), (10, 0), (11, 1), (4, 2), (5, 3), (6, 2), (7, 3), (8, 2), (9, 3), (10, 2), (11, 3)]
length: 16 76
Estimated difference between T3^fnT3 - (T2^WT3 + h.c.) is: -2.127208464738877e-19 4.5250158524567305e-38
total cost: -7.767362135362282
singles alt: [(4, 0), (5, 1), (6, 0), (7, 1), (8, 0), (9, 1), (10, 0), (11, 1), (4, 2), (5, 3), (6, 2), (7, 3), (8, 2), (9, 3), (10, 2), (11, 3)]
length: 16 76
Estimated difference between T3^fnT3 - (T2^WT3 + h.c.) is: -1.493539606450074e-19 2.2306605560350422e-38
total cost: -7.767362135625994
singles alt: [(4, 0), (5, 1), (6, 0), (7, 1), (8, 0), (9, 1), (10, 0), (11, 1), (4, 2), (5, 3), (6, 2), (7, 3), (8, 2), (9, 3), (10, 2), (11, 3)]
length: 16 76
Estimated difference between T3^fnT3 - (T2^WT3 + h.c.) is: -2.3730788015547596e-20 5.631502998388574e-40
total cost: -7.767362134885839
singles alt: [(4, 0), (5, 1), (6, 0), (7, 1), (8, 0), (9, 1), (10, 0), (11, 1), (4, 2), (5, 3), (6, 2), (7, 3), (8, 2), (9, 3), (10, 2), (11, 3)]
length: 16 76
Estimated difference between T3^fnT3 - (T2^WT3 + h.c.) is: -3.0289273455800995e-19 9.174400864802908e-38
total cost: -7.7673621357485665
singles alt: [(4, 0), (5, 1), (6, 0), (7, 1), (8, 0), (9, 1), (10, 0), (11, 1), (4, 2), (5, 3), (6, 2), (7, 3), (8, 2), (9, 3), (10, 2), (11, 3)]
length: 16 76
Estimated difference between T3^fnT3 - (T2^WT3 + h.c.) is: -6.033396041818864e-19 3.6401867797435535e-37
total cost: -7.7673621357485665
singles alt: [(4, 0), (5, 1), (6, 0), (7, 1), (8, 0), (9, 1), (10, 0), (11, 1), (4, 2), (5, 3), (6, 2), (7, 3), (8, 2), (9, 3), (10, 2), (11, 3)]
length: 16 76
Estimated difference between T3^fnT3 - (T2^WT3 + h.c.) is: -9.500318704989519e-19 9.025605549637373e-37
total cost: -7.7673621357485665
singles alt: [(4, 0), (5, 1), (6, 0), (7, 1), (8, 0), (9, 1), (10, 0), (11, 1), (4, 2), (5, 3), (6, 2), (7, 3), (8, 2), (9, 3), (10, 2), (11, 3)]
length: 16 76
Estimated difference between T3^fnT3 - (T2^WT3 + h.c.) is: -3.8741886646934437e-20 1.500933780963917e-39
total cost: -7.767362135748567
singles alt: [(4, 0), (5, 1), (6, 0), (7, 1), (8, 0), (9, 1), (10, 0), (11, 1), (4, 2), (5, 3), (6, 2), (7, 3), (8, 2), (9, 3), (10, 2), (11, 3)]
length: 16 76
Estimated difference between T3^fnT3 - (T2^WT3 + h.c.) is: -2.09833896380809e-19 4.403026407035209e-38
total cost: -7.767362136043336
singles alt: [(4, 0), (5, 1), (6, 0), (7, 1), (8, 0), (9, 1), (10, 0), (11, 1), (4, 2), (5, 3), (6, 2), (7, 3), (8, 2), (9, 3), (10, 2), (11, 3)]
length: 16 76
Estimated difference between T3^fnT3 - (T2^WT3 + h.c.) is: -7.1095380672767425e-19 5.054553153005712e-37
total cost: -7.767362135996271
singles alt: [(4, 0), (5, 1), (6, 0), (7, 1), (8, 0), (9, 1), (10, 0), (11, 1), (4, 2), (5, 3), (6, 2), (7, 3), (8, 2), (9, 3), (10, 2), (11, 3)]
length: 16 76
Estimated difference between T3^fnT3 - (T2^WT3 + h.c.) is: -7.1095380672767425e-19 5.054553153005712e-37
total cost: -7.767362135996271
singles alt: [(4, 0), (5, 1), (6, 0), (7, 1), (8, 0), (9, 1), (10, 0), (11, 1), (4, 2), (5, 3), (6, 2), (7, 3), (8, 2), (9, 3), (10, 2), (11, 3)]
length: 16 76
Estimated difference between T3^fnT3 - (T2^WT3 + h.c.) is: -2.7931839253859073e-20 7.801876441034226e-40
total cost: -7.767362136558657
singles alt: [(4, 0), (5, 1), (6, 0), (7, 1), (8, 0), (9, 1), (10, 0), (11, 1), (4, 2), (5, 3), (6, 2), (7, 3), (8, 2), (9, 3), (10, 2), (11, 3)]
length: 16 76
Estimated difference between T3^fnT3 - (T2^WT3 + h.c.) is: -2.2244696989941965e-19 4.948265441743331e-38
total cost: -7.7673621357485665
singles alt: [(4, 0), (5, 1), (6, 0), (7, 1), (8, 0), (9, 1), (10, 0), (11, 1), (4, 2), (5, 3), (6, 2), (7, 3), (8, 2), (9, 3), (10, 2), (11, 3)]
length: 16 76
Estimated difference between T3^fnT3 - (T2^WT3 + h.c.) is: -7.220675703774378e-19 5.213815761907761e-37
total cost: -7.7673621357485665
singles alt: [(4, 0), (5, 1), (6, 0), (7, 1), (8, 0), (9, 1), (10, 0), (11, 1), (4, 2), (5, 3), (6, 2), (7, 3), (8, 2), (9, 3), (10, 2), (11, 3)]
length: 16 76
Estimated difference between T3^fnT3 - (T2^WT3 + h.c.) is: -7.220675703774378e-19 5.213815761907761e-37
total cost: -7.7673621357485665
singles alt: [(4, 0), (5, 1), (6, 0), (7, 1), (8, 0), (9, 1), (10, 0), (11, 1), (4, 2), (5, 3), (6, 2), (7, 3), (8, 2), (9, 3), (10, 2), (11, 3)]
length: 16 76
Estimated difference between T3^fnT3 - (T2^WT3 + h.c.) is: -3.1738056051571914e-20 1.0073042019327206e-39
total cost: -7.767362135748567
singles alt: [(4, 0), (5, 1), (6, 0), (7, 1), (8, 0), (9, 1), (10, 0), (11, 1), (4, 2), (5, 3), (6, 2), (7, 3), (8, 2), (9, 3), (10, 2), (11, 3)]
length: 16 76
Estimated difference between T3^fnT3 - (T2^WT3 + h.c.) is: -2.7418518946809814e-20 7.517751812365687e-40
total cost: -7.767362135748566
singles alt: [(4, 0), (5, 1), (6, 0), (7, 1), (8, 0), (9, 1), (10, 0), (11, 1), (4, 2), (5, 3), (6, 2), (7, 3), (8, 2), (9, 3), (10, 2), (11, 3)]
length: 16 76
Estimated difference between T3^fnT3 - (T2^WT3 + h.c.) is: -1.4260947170833525e-19 2.0337461420930472e-38
total cost: -7.7673621357485665
singles alt: [(4, 0), (5, 1), (6, 0), (7, 1), (8, 0), (9, 1), (10, 0), (11, 1), (4, 2), (5, 3), (6, 2), (7, 3), (8, 2), (9, 3), (10, 2), (11, 3)]
length: 16 76
Estimated difference between T3^fnT3 - (T2^WT3 + h.c.) is: -2.8993502404806055e-19 8.406231816974945e-38
total cost: -7.7673621357485665
singles alt: [(4, 0), (5, 1), (6, 0), (7, 1), (8, 0), (9, 1), (10, 0), (11, 1), (4, 2), (5, 3), (6, 2), (7, 3), (8, 2), (9, 3), (10, 2), (11, 3)]
length: 16 76
Estimated difference between T3^fnT3 - (T2^WT3 + h.c.) is: -1.9778659930613586e-20 3.911953886508594e-40
total cost: -7.767362135748567
singles alt: [(4, 0), (5, 1), (6, 0), (7, 1), (8, 0), (9, 1), (10, 0), (11, 1), (4, 2), (5, 3), (6, 2), (7, 3), (8, 2), (9, 3), (10, 2), (11, 3)]
length: 16 76
Estimated difference between T3^fnT3 - (T2^WT3 + h.c.) is: -3.0289273455800995e-19 9.174400864802908e-38
total cost: -7.7673621357485665
singles alt: [(4, 0), (5, 1), (6, 0), (7, 1), (8, 0), (9, 1), (10, 0), (11, 1), (4, 2), (5, 3), (6, 2), (7, 3), (8, 2), (9, 3), (10, 2), (11, 3)]
length: 16 76
Estimated difference between T3^fnT3 - (T2^WT3 + h.c.) is: -6.033396041818864e-19 3.6401867797435535e-37
total cost: -7.7673621357485665
singles alt: [(4, 0), (5, 1), (6, 0), (7, 1), (8, 0), (9, 1), (10, 0), (11, 1), (4, 2), (5, 3), (6, 2), (7, 3), (8, 2), (9, 3), (10, 2), (11, 3)]
length: 16 76
Estimated difference between T3^fnT3 - (T2^WT3 + h.c.) is: -9.500318704989519e-19 9.025605549637373e-37
total cost: -7.7673621357485665
singles alt: [(4, 0), (5, 1), (6, 0), (7, 1), (8, 0), (9, 1), (10, 0), (11, 1), (4, 2), (5, 3), (6, 2), (7, 3), (8, 2), (9, 3), (10, 2), (11, 3)]
length: 16 76
Estimated difference between T3^fnT3 - (T2^WT3 + h.c.) is: -3.874188664693444e-20 1.5009337809639173e-39
total cost: -7.767362135748567
singles alt: [(4, 0), (5, 1), (6, 0), (7, 1), (8, 0), (9, 1), (10, 0), (11, 1), (4, 2), (5, 3), (6, 2), (7, 3), (8, 2), (9, 3), (10, 2), (11, 3)]
length: 16 76
Estimated difference between T3^fnT3 - (T2^WT3 + h.c.) is: -2.2244696989941965e-19 4.948265441743331e-38
total cost: -7.7673621357485665
singles alt: [(4, 0), (5, 1), (6, 0), (7, 1), (8, 0), (9, 1), (10, 0), (11, 1), (4, 2), (5, 3), (6, 2), (7, 3), (8, 2), (9, 3), (10, 2), (11, 3)]
length: 16 76
Estimated difference between T3^fnT3 - (T2^WT3 + h.c.) is: -7.220675703774379e-19 5.213815761907763e-37
total cost: -7.7673621357485665
singles alt: [(4, 0), (5, 1), (6, 0), (7, 1), (8, 0), (9, 1), (10, 0), (11, 1), (4, 2), (5, 3), (6, 2), (7, 3), (8, 2), (9, 3), (10, 2), (11, 3)]
length: 16 76
Estimated difference between T3^fnT3 - (T2^WT3 + h.c.) is: -7.220675703774378e-19 5.213815761907761e-37
total cost: -7.7673621357485665
singles alt: [(4, 0), (5, 1), (6, 0), (7, 1), (8, 0), (9, 1), (10, 0), (11, 1), (4, 2), (5, 3), (6, 2), (7, 3), (8, 2), (9, 3), (10, 2), (11, 3)]
length: 16 76
Estimated difference between T3^fnT3 - (T2^WT3 + h.c.) is: -3.1738056051571914e-20 1.0073042019327206e-39
total cost: -7.767362135748567
singles alt: [(4, 0), (5, 1), (6, 0), (7, 1), (8, 0), (9, 1), (10, 0), (11, 1), (4, 2), (5, 3), (6, 2), (7, 3), (8, 2), (9, 3), (10, 2), (11, 3)]
length: 16 76
Estimated difference between T3^fnT3 - (T2^WT3 + h.c.) is: -2.0983389638080893e-19 4.403026407035206e-38
total cost: -7.767362136043336
singles alt: [(4, 0), (5, 1), (6, 0), (7, 1), (8, 0), (9, 1), (10, 0), (11, 1), (4, 2), (5, 3), (6, 2), (7, 3), (8, 2), (9, 3), (10, 2), (11, 3)]
length: 16 76
Estimated difference between T3^fnT3 - (T2^WT3 + h.c.) is: -7.1095380672767425e-19 5.054553153005712e-37
total cost: -7.767362135996271
singles alt: [(4, 0), (5, 1), (6, 0), (7, 1), (8, 0), (9, 1), (10, 0), (11, 1), (4, 2), (5, 3), (6, 2), (7, 3), (8, 2), (9, 3), (10, 2), (11, 3)]
length: 16 76
Estimated difference between T3^fnT3 - (T2^WT3 + h.c.) is: -7.1095380672767425e-19 5.054553153005712e-37
total cost: -7.767362135996271
singles alt: [(4, 0), (5, 1), (6, 0), (7, 1), (8, 0), (9, 1), (10, 0), (11, 1), (4, 2), (5, 3), (6, 2), (7, 3), (8, 2), (9, 3), (10, 2), (11, 3)]
length: 16 76
Estimated difference between T3^fnT3 - (T2^WT3 + h.c.) is: -2.7931839253859073e-20 7.801876441034226e-40
total cost: -7.767362136558657
singles alt: [(4, 0), (5, 1), (6, 0), (7, 1), (8, 0), (9, 1), (10, 0), (11, 1), (4, 2), (5, 3), (6, 2), (7, 3), (8, 2), (9, 3), (10, 2), (11, 3)]
length: 16 76
Estimated difference between T3^fnT3 - (T2^WT3 + h.c.) is: -2.7418518946809826e-20 7.517751812365694e-40
total cost: -7.767362135748566
singles alt: [(4, 0), (5, 1), (6, 0), (7, 1), (8, 0), (9, 1), (10, 0), (11, 1), (4, 2), (5, 3), (6, 2), (7, 3), (8, 2), (9, 3), (10, 2), (11, 3)]
length: 16 76
Estimated difference between T3^fnT3 - (T2^WT3 + h.c.) is: -1.4260947170833523e-19 2.0337461420930467e-38
total cost: -7.7673621357485665
singles alt: [(4, 0), (5, 1), (6, 0), (7, 1), (8, 0), (9, 1), (10, 0), (11, 1), (4, 2), (5, 3), (6, 2), (7, 3), (8, 2), (9, 3), (10, 2), (11, 3)]
length: 16 76
Estimated difference between T3^fnT3 - (T2^WT3 + h.c.) is: -2.8993502404806055e-19 8.406231816974945e-38
total cost: -7.7673621357485665
singles alt: [(4, 0), (5, 1), (6, 0), (7, 1), (8, 0), (9, 1), (10, 0), (11, 1), (4, 2), (5, 3), (6, 2), (7, 3), (8, 2), (9, 3), (10, 2), (11, 3)]
length: 16 76
Estimated difference between T3^fnT3 - (T2^WT3 + h.c.) is: -1.9778659930613586e-20 3.911953886508594e-40
total cost: -7.767362135748567
singles alt: [(4, 0), (5, 1), (6, 0), (7, 1), (8, 0), (9, 1), (10, 0), (11, 1), (4, 2), (5, 3), (6, 2), (7, 3), (8, 2), (9, 3), (10, 2), (11, 3)]
length: 16 76
Estimated difference between T3^fnT3 - (T2^WT3 + h.c.) is: -2.3275733638623742e-20 5.417597764161608e-40
total cost: -7.767362136022308
singles alt: [(4, 0), (5, 1), (6, 0), (7, 1), (8, 0), (9, 1), (10, 0), (11, 1), (4, 2), (5, 3), (6, 2), (7, 3), (8, 2), (9, 3), (10, 2), (11, 3)]
length: 16 76
Estimated difference between T3^fnT3 - (T2^WT3 + h.c.) is: -1.493539606450074e-19 2.2306605560350422e-38
total cost: -7.767362135625994
singles alt: [(4, 0), (5, 1), (6, 0), (7, 1), (8, 0), (9, 1), (10, 0), (11, 1), (4, 2), (5, 3), (6, 2), (7, 3), (8, 2), (9, 3), (10, 2), (11, 3)]
length: 16 76
Estimated difference between T3^fnT3 - (T2^WT3 + h.c.) is: -2.1272084647388775e-19 4.5250158524567326e-38
total cost: -7.767362135362282
singles alt: [(4, 0), (5, 1), (6, 0), (7, 1), (8, 0), (9, 1), (10, 0), (11, 1), (4, 2), (5, 3), (6, 2), (7, 3), (8, 2), (9, 3), (10, 2), (11, 3)]
length: 16 76
Estimated difference between T3^fnT3 - (T2^WT3 + h.c.) is: -2.3730788015547602e-20 5.631502998388577e-40
total cost: -7.767362134885839
singles alt: [(4, 0), (5, 1), (6, 0), (7, 1), (8, 0), (9, 1), (10, 0), (11, 1), (4, 2), (5, 3), (6, 2), (7, 3), (8, 2), (9, 3), (10, 2), (11, 3)]
length: 16 76
Estimated difference between T3^fnT3 - (T2^WT3 + h.c.) is: -2.7418518946809814e-20 7.517751812365687e-40
total cost: -7.767362135748566
singles alt: [(4, 0), (5, 1), (6, 0), (7, 1), (8, 0), (9, 1), (10, 0), (11, 1), (4, 2), (5, 3), (6, 2), (7, 3), (8, 2), (9, 3), (10, 2), (11, 3)]
length: 16 76
Estimated difference between T3^fnT3 - (T2^WT3 + h.c.) is: -2.8993502404806055e-19 8.406231816974945e-38
total cost: -7.7673621357485665
singles alt: [(4, 0), (5, 1), (6, 0), (7, 1), (8, 0), (9, 1), (10, 0), (11, 1), (4, 2), (5, 3), (6, 2), (7, 3), (8, 2), (9, 3), (10, 2), (11, 3)]
length: 16 76
Estimated difference between T3^fnT3 - (T2^WT3 + h.c.) is: -1.4260947170833525e-19 2.0337461420930472e-38
total cost: -7.7673621357485665
singles alt: [(4, 0), (5, 1), (6, 0), (7, 1), (8, 0), (9, 1), (10, 0), (11, 1), (4, 2), (5, 3), (6, 2), (7, 3), (8, 2), (9, 3), (10, 2), (11, 3)]
length: 16 76
Estimated difference between T3^fnT3 - (T2^WT3 + h.c.) is: -1.9778659930613592e-20 3.9119538865085964e-40
total cost: -7.767362135748567
singles alt: [(4, 0), (5, 1), (6, 0), (7, 1), (8, 0), (9, 1), (10, 0), (11, 1), (4, 2), (5, 3), (6, 2), (7, 3), (8, 2), (9, 3), (10, 2), (11, 3)]
length: 16 76
Estimated difference between T3^fnT3 - (T2^WT3 + h.c.) is: -2.7418518946809826e-20 7.517751812365694e-40
total cost: -7.767362135748566
singles alt: [(4, 0), (5, 1), (6, 0), (7, 1), (8, 0), (9, 1), (10, 0), (11, 1), (4, 2), (5, 3), (6, 2), (7, 3), (8, 2), (9, 3), (10, 2), (11, 3)]
length: 16 76
Estimated difference between T3^fnT3 - (T2^WT3 + h.c.) is: -2.899350240480605e-19 8.406231816974942e-38
total cost: -7.7673621357485665
singles alt: [(4, 0), (5, 1), (6, 0), (7, 1), (8, 0), (9, 1), (10, 0), (11, 1), (4, 2), (5, 3), (6, 2), (7, 3), (8, 2), (9, 3), (10, 2), (11, 3)]
length: 16 76
Estimated difference between T3^fnT3 - (T2^WT3 + h.c.) is: -1.4260947170833523e-19 2.0337461420930467e-38
total cost: -7.7673621357485665
singles alt: [(4, 0), (5, 1), (6, 0), (7, 1), (8, 0), (9, 1), (10, 0), (11, 1), (4, 2), (5, 3), (6, 2), (7, 3), (8, 2), (9, 3), (10, 2), (11, 3)]
length: 16 76
Estimated difference between T3^fnT3 - (T2^WT3 + h.c.) is: -1.9778659930613586e-20 3.911953886508594e-40
total cost: -7.767362135748567
singles alt: [(4, 0), (5, 1), (6, 0), (7, 1), (8, 0), (9, 1), (10, 0), (11, 1), (4, 2), (5, 3), (6, 2), (7, 3), (8, 2), (9, 3), (10, 2), (11, 3)]
length: 16 76
Estimated difference between T3^fnT3 - (T2^WT3 + h.c.) is: -3.0800738129462875e-20 9.486854693197483e-40
total cost: -7.767362135960095
singles alt: [(4, 0), (5, 1), (6, 0), (7, 1), (8, 0), (9, 1), (10, 0), (11, 1), (4, 2), (5, 3), (6, 2), (7, 3), (8, 2), (9, 3), (10, 2), (11, 3)]
length: 16 76
Estimated difference between T3^fnT3 - (T2^WT3 + h.c.) is: -1.363436249543525e-19 1.8589584065693136e-38
total cost: -7.767362135999248
singles alt: [(4, 0), (5, 1), (6, 0), (7, 1), (8, 0), (9, 1), (10, 0), (11, 1), (4, 2), (5, 3), (6, 2), (7, 3), (8, 2), (9, 3), (10, 2), (11, 3)]
length: 16 76
Estimated difference between T3^fnT3 - (T2^WT3 + h.c.) is: -1.363436249543525e-19 1.8589584065693136e-38
total cost: -7.767362135999248
singles alt: [(4, 0), (5, 1), (6, 0), (7, 1), (8, 0), (9, 1), (10, 0), (11, 1), (4, 2), (5, 3), (6, 2), (7, 3), (8, 2), (9, 3), (10, 2), (11, 3)]
length: 16 76
Estimated difference between T3^fnT3 - (T2^WT3 + h.c.) is: -9.993612146956797e-21 9.987228374380245e-41
total cost: -7.7673621393968375
singles alt: [(4, 0), (5, 1), (6, 0), (7, 1), (8, 0), (9, 1), (10, 0), (11, 1), (4, 2), (5, 3), (6, 2), (7, 3), (8, 2), (9, 3), (10, 2), (11, 3)]
length: 16 76
Estimated difference between T3^fnT3 - (T2^WT3 + h.c.) is: -8.581891525965921e-19 7.364886216344568e-37
total cost: -7.7673621357485665
singles alt: [(4, 0), (5, 1), (6, 0), (7, 1), (8, 0), (9, 1), (10, 0), (11, 1), (4, 2), (5, 3), (6, 2), (7, 3), (8, 2), (9, 3), (10, 2), (11, 3)]
length: 16 76
Estimated difference between T3^fnT3 - (T2^WT3 + h.c.) is: -8.581891525965921e-19 7.364886216344568e-37
total cost: -7.7673621357485665
singles alt: [(4, 0), (5, 1), (6, 0), (7, 1), (8, 0), (9, 1), (10, 0), (11, 1), (4, 2), (5, 3), (6, 2), (7, 3), (8, 2), (9, 3), (10, 2), (11, 3)]
length: 16 76
Estimated difference between T3^fnT3 - (T2^WT3 + h.c.) is: -8.581891525965921e-19 7.364886216344568e-37
total cost: -7.7673621357485665
singles alt: [(4, 0), (5, 1), (6, 0), (7, 1), (8, 0), (9, 1), (10, 0), (11, 1), (4, 2), (5, 3), (6, 2), (7, 3), (8, 2), (9, 3), (10, 2), (11, 3)]
length: 16 76
Estimated difference between T3^fnT3 - (T2^WT3 + h.c.) is: -8.581891525965921e-19 7.364886216344568e-37
total cost: -7.7673621357485665
singles alt: [(4, 0), (5, 1), (6, 0), (7, 1), (8, 0), (9, 1), (10, 0), (11, 1), (4, 2), (5, 3), (6, 2), (7, 3), (8, 2), (9, 3), (10, 2), (11, 3)]
length: 16 76
Estimated difference between T3^fnT3 - (T2^WT3 + h.c.) is: -2.3747706524200613e-19 5.639535651595603e-38
total cost: -7.767362135484855
singles alt: [(4, 0), (5, 1), (6, 0), (7, 1), (8, 0), (9, 1), (10, 0), (11, 1), (4, 2), (5, 3), (6, 2), (7, 3), (8, 2), (9, 3), (10, 2), (11, 3)]
length: 16 76
Estimated difference between T3^fnT3 - (T2^WT3 + h.c.) is: -2.374770652420062e-19 5.639535651595607e-38
total cost: -7.767362135484855
singles alt: [(4, 0), (5, 1), (6, 0), (7, 1), (8, 0), (9, 1), (10, 0), (11, 1), (4, 2), (5, 3), (6, 2), (7, 3), (8, 2), (9, 3), (10, 2), (11, 3)]
length: 16 76
Estimated difference between T3^fnT3 - (T2^WT3 + h.c.) is: -7.816609893084927e-19 6.109939022067315e-37
total cost: -7.7673621357485665
singles alt: [(4, 0), (5, 1), (6, 0), (7, 1), (8, 0), (9, 1), (10, 0), (11, 1), (4, 2), (5, 3), (6, 2), (7, 3), (8, 2), (9, 3), (10, 2), (11, 3)]
length: 16 76
Estimated difference between T3^fnT3 - (T2^WT3 + h.c.) is: -7.816609893084927e-19 6.109939022067315e-37
total cost: -7.7673621357485665
singles alt: [(4, 0), (5, 1), (6, 0), (7, 1), (8, 0), (9, 1), (10, 0), (11, 1), (4, 2), (5, 3), (6, 2), (7, 3), (8, 2), (9, 3), (10, 2), (11, 3)]
length: 16 76
Estimated difference between T3^fnT3 - (T2^WT3 + h.c.) is: -2.294245607991885e-19 5.263562909790054e-38
total cost: -7.7673621357485665
singles alt: [(4, 0), (5, 1), (6, 0), (7, 1), (8, 0), (9, 1), (10, 0), (11, 1), (4, 2), (5, 3), (6, 2), (7, 3), (8, 2), (9, 3), (10, 2), (11, 3)]
length: 16 76
Estimated difference between T3^fnT3 - (T2^WT3 + h.c.) is: -2.2942456079918855e-19 5.263562909790056e-38
total cost: -7.7673621357485665
singles alt: [(4, 0), (5, 1), (6, 0), (7, 1), (8, 0), (9, 1), (10, 0), (11, 1), (4, 2), (5, 3), (6, 2), (7, 3), (8, 2), (9, 3), (10, 2), (11, 3)]
length: 16 76
Estimated difference between T3^fnT3 - (T2^WT3 + h.c.) is: -2.294245607991885e-19 5.263562909790054e-38
total cost: -7.7673621357485665
singles alt: [(4, 0), (5, 1), (6, 0), (7, 1), (8, 0), (9, 1), (10, 0), (11, 1), (4, 2), (5, 3), (6, 2), (7, 3), (8, 2), (9, 3), (10, 2), (11, 3)]
length: 16 76
Estimated difference between T3^fnT3 - (T2^WT3 + h.c.) is: -2.294245607991885e-19 5.263562909790054e-38
total cost: -7.7673621357485665
singles alt: [(4, 0), (5, 1), (6, 0), (7, 1), (8, 0), (9, 1), (10, 0), (11, 1), (4, 2), (5, 3), (6, 2), (7, 3), (8, 2), (9, 3), (10, 2), (11, 3)]
length: 16 76
Estimated difference between T3^fnT3 - (T2^WT3 + h.c.) is: 0.0 0.0
total cost: -7.7673621357485665
singles alt: [(4, 0), (5, 1), (6, 0), (7, 1), (8, 0), (9, 1), (10, 0), (11, 1), (4, 2), (5, 3), (6, 2), (7, 3), (8, 2), (9, 3), (10, 2), (11, 3)]
length: 16 76
Estimated difference between T3^fnT3 - (T2^WT3 + h.c.) is: 0.0 0.0
total cost: -7.7673621357485665
singles alt: [(4, 0), (5, 1), (6, 0), (7, 1), (8, 0), (9, 1), (10, 0), (11, 1), (4, 2), (5, 3), (6, 2), (7, 3), (8, 2), (9, 3), (10, 2), (11, 3)]
length: 16 76
Estimated difference between T3^fnT3 - (T2^WT3 + h.c.) is: 0.0 0.0
total cost: -7.7673621357485665
singles alt: [(4, 0), (5, 1), (6, 0), (7, 1), (8, 0), (9, 1), (10, 0), (11, 1), (4, 2), (5, 3), (6, 2), (7, 3), (8, 2), (9, 3), (10, 2), (11, 3)]
length: 16 76
Estimated difference between T3^fnT3 - (T2^WT3 + h.c.) is: 0.0 0.0
total cost: -7.7673621357485665
singles alt: [(4, 0), (5, 1), (6, 0), (7, 1), (8, 0), (9, 1), (10, 0), (11, 1), (4, 2), (5, 3), (6, 2), (7, 3), (8, 2), (9, 3), (10, 2), (11, 3)]
length: 16 76
Estimated difference between T3^fnT3 - (T2^WT3 + h.c.) is: 0.0 0.0
total cost: -7.7673621357485665
singles alt: [(4, 0), (5, 1), (6, 0), (7, 1), (8, 0), (9, 1), (10, 0), (11, 1), (4, 2), (5, 3), (6, 2), (7, 3), (8, 2), (9, 3), (10, 2), (11, 3)]
length: 16 76
Estimated difference between T3^fnT3 - (T2^WT3 + h.c.) is: 0.0 0.0
total cost: -7.7673621357485665
singles alt: [(4, 0), (5, 1), (6, 0), (7, 1), (8, 0), (9, 1), (10, 0), (11, 1), (4, 2), (5, 3), (6, 2), (7, 3), (8, 2), (9, 3), (10, 2), (11, 3)]
length: 16 76
Estimated difference between T3^fnT3 - (T2^WT3 + h.c.) is: 0.0 0.0
total cost: -7.7673621357485665
singles alt: [(4, 0), (5, 1), (6, 0), (7, 1), (8, 0), (9, 1), (10, 0), (11, 1), (4, 2), (5, 3), (6, 2), (7, 3), (8, 2), (9, 3), (10, 2), (11, 3)]
length: 16 76
Estimated difference between T3^fnT3 - (T2^WT3 + h.c.) is: 0.0 0.0
total cost: -7.7673621357485665
singles alt: [(4, 0), (5, 1), (6, 0), (7, 1), (8, 0), (9, 1), (10, 0), (11, 1), (4, 2), (5, 3), (6, 2), (7, 3), (8, 2), (9, 3), (10, 2), (11, 3)]
length: 16 76
Estimated difference between T3^fnT3 - (T2^WT3 + h.c.) is: 0.0 0.0
total cost: -7.767362135748569
singles alt: [(4, 0), (5, 1), (6, 0), (7, 1), (8, 0), (9, 1), (10, 0), (11, 1), (4, 2), (5, 3), (6, 2), (7, 3), (8, 2), (9, 3), (10, 2), (11, 3)]
length: 16 76
Estimated difference between T3^fnT3 - (T2^WT3 + h.c.) is: 0.0 0.0
total cost: -7.767362135748569
singles alt: [(4, 0), (5, 1), (6, 0), (7, 1), (8, 0), (9, 1), (10, 0), (11, 1), (4, 2), (5, 3), (6, 2), (7, 3), (8, 2), (9, 3), (10, 2), (11, 3)]
length: 16 76
Estimated difference between T3^fnT3 - (T2^WT3 + h.c.) is: 0.0 0.0
total cost: -7.767362135748567
singles alt: [(4, 0), (5, 1), (6, 0), (7, 1), (8, 0), (9, 1), (10, 0), (11, 1), (4, 2), (5, 3), (6, 2), (7, 3), (8, 2), (9, 3), (10, 2), (11, 3)]
length: 16 76
Estimated difference between T3^fnT3 - (T2^WT3 + h.c.) is: 0.0 0.0
total cost: -7.767362135748567
singles alt: [(4, 0), (5, 1), (6, 0), (7, 1), (8, 0), (9, 1), (10, 0), (11, 1), (4, 2), (5, 3), (6, 2), (7, 3), (8, 2), (9, 3), (10, 2), (11, 3)]
length: 16 76
Estimated difference between T3^fnT3 - (T2^WT3 + h.c.) is: 0.0 0.0
total cost: -7.767362135748567
singles alt: [(4, 0), (5, 1), (6, 0), (7, 1), (8, 0), (9, 1), (10, 0), (11, 1), (4, 2), (5, 3), (6, 2), (7, 3), (8, 2), (9, 3), (10, 2), (11, 3)]
length: 16 76
Estimated difference between T3^fnT3 - (T2^WT3 + h.c.) is: 0.0 0.0
total cost: -7.767362135748567
singles alt: [(4, 0), (5, 1), (6, 0), (7, 1), (8, 0), (9, 1), (10, 0), (11, 1), (4, 2), (5, 3), (6, 2), (7, 3), (8, 2), (9, 3), (10, 2), (11, 3)]
length: 16 76
Estimated difference between T3^fnT3 - (T2^WT3 + h.c.) is: 0.0 0.0
total cost: -7.767362135748567
singles alt: [(4, 0), (5, 1), (6, 0), (7, 1), (8, 0), (9, 1), (10, 0), (11, 1), (4, 2), (5, 3), (6, 2), (7, 3), (8, 2), (9, 3), (10, 2), (11, 3)]
length: 16 76
Estimated difference between T3^fnT3 - (T2^WT3 + h.c.) is: 0.0 0.0
total cost: -7.767362135748567
singles alt: [(4, 0), (5, 1), (6, 0), (7, 1), (8, 0), (9, 1), (10, 0), (11, 1), (4, 2), (5, 3), (6, 2), (7, 3), (8, 2), (9, 3), (10, 2), (11, 3)]
length: 16 76
Estimated difference between T3^fnT3 - (T2^WT3 + h.c.) is: -1.7962732892905905e-05 3.226597729818837e-10
total cost: -7.734247266230053
singles alt: [(4, 0), (5, 1), (6, 0), (7, 1), (8, 0), (9, 1), (10, 0), (11, 1), (4, 2), (5, 3), (6, 2), (7, 3), (8, 2), (9, 3), (10, 2), (11, 3)]
length: 16 76
Estimated difference between T3^fnT3 - (T2^WT3 + h.c.) is: -1.7962735174180622e-05 3.2265985493774574e-10
total cost: -7.734247260530107
singles alt: [(4, 0), (5, 1), (6, 0), (7, 1), (8, 0), (9, 1), (10, 0), (11, 1), (4, 2), (5, 3), (6, 2), (7, 3), (8, 2), (9, 3), (10, 2), (11, 3)]
length: 16 76
Estimated difference between T3^fnT3 - (T2^WT3 + h.c.) is: -1.796273323962381e-05 3.22659785437886e-10
total cost: -7.734247266258706
singles alt: [(4, 0), (5, 1), (6, 0), (7, 1), (8, 0), (9, 1), (10, 0), (11, 1), (4, 2), (5, 3), (6, 2), (7, 3), (8, 2), (9, 3), (10, 2), (11, 3)]
length: 16 76
Estimated difference between T3^fnT3 - (T2^WT3 + h.c.) is: -1.796273323962381e-05 3.22659785437886e-10
total cost: -7.734247266258426
singles alt: [(4, 0), (5, 1), (6, 0), (7, 1), (8, 0), (9, 1), (10, 0), (11, 1), (4, 2), (5, 3), (6, 2), (7, 3), (8, 2), (9, 3), (10, 2), (11, 3)]
length: 16 76
Estimated difference between T3^fnT3 - (T2^WT3 + h.c.) is: -1.7962733286743055e-05 3.2265978713066694e-10
total cost: -7.734247266136592
singles alt: [(4, 0), (5, 1), (6, 0), (7, 1), (8, 0), (9, 1), (10, 0), (11, 1), (4, 2), (5, 3), (6, 2), (7, 3), (8, 2), (9, 3), (10, 2), (11, 3)]
length: 16 76
Estimated difference between T3^fnT3 - (T2^WT3 + h.c.) is: -1.7962732892903546e-05 3.22659772981799e-10
total cost: -7.73424726623006
singles alt: [(4, 0), (5, 1), (6, 0), (7, 1), (8, 0), (9, 1), (10, 0), (11, 1), (4, 2), (5, 3), (6, 2), (7, 3), (8, 2), (9, 3), (10, 2), (11, 3)]
length: 16 76
Estimated difference between T3^fnT3 - (T2^WT3 + h.c.) is: -1.7962732892896777e-05 3.2265977298155583e-10
total cost: -7.734247266230057
singles alt: [(4, 0), (5, 1), (6, 0), (7, 1), (8, 0), (9, 1), (10, 0), (11, 1), (4, 2), (5, 3), (6, 2), (7, 3), (8, 2), (9, 3), (10, 2), (11, 3)]
length: 16 76
Estimated difference between T3^fnT3 - (T2^WT3 + h.c.) is: -1.7962732892901964e-05 3.2265977298174215e-10
total cost: -7.7342472662300565
singles alt: [(4, 0), (5, 1), (6, 0), (7, 1), (8, 0), (9, 1), (10, 0), (11, 1), (4, 2), (5, 3), (6, 2), (7, 3), (8, 2), (9, 3), (10, 2), (11, 3)]
length: 16 76
Estimated difference between T3^fnT3 - (T2^WT3 + h.c.) is: -1.7962732892905667e-05 3.226597729818752e-10
total cost: -7.734247266230053
singles alt: [(4, 0), (5, 1), (6, 0), (7, 1), (8, 0), (9, 1), (10, 0), (11, 1), (4, 2), (5, 3), (6, 2), (7, 3), (8, 2), (9, 3), (10, 2), (11, 3)]
length: 16 76
Estimated difference between T3^fnT3 - (T2^WT3 + h.c.) is: -1.7962732892903546e-05 3.22659772981799e-10
total cost: -7.734247266230061
singles alt: [(4, 0), (5, 1), (6, 0), (7, 1), (8, 0), (9, 1), (10, 0), (11, 1), (4, 2), (5, 3), (6, 2), (7, 3), (8, 2), (9, 3), (10, 2), (11, 3)]
length: 16 76
Estimated difference between T3^fnT3 - (T2^WT3 + h.c.) is: -1.796273289289677e-05 3.2265977298155557e-10
total cost: -7.734247266230057
singles alt: [(4, 0), (5, 1), (6, 0), (7, 1), (8, 0), (9, 1), (10, 0), (11, 1), (4, 2), (5, 3), (6, 2), (7, 3), (8, 2), (9, 3), (10, 2), (11, 3)]
length: 16 76
Estimated difference between T3^fnT3 - (T2^WT3 + h.c.) is: -1.7962732892901964e-05 3.2265977298174215e-10
total cost: -7.734247266230057
singles alt: [(4, 0), (5, 1), (6, 0), (7, 1), (8, 0), (9, 1), (10, 0), (11, 1), (4, 2), (5, 3), (6, 2), (7, 3), (8, 2), (9, 3), (10, 2), (11, 3)]
length: 16 76
Estimated difference between T3^fnT3 - (T2^WT3 + h.c.) is: -1.7962732892905667e-05 3.226597729818752e-10
total cost: -7.734247266230053
singles alt: [(4, 0), (5, 1), (6, 0), (7, 1), (8, 0), (9, 1), (10, 0), (11, 1), (4, 2), (5, 3), (6, 2), (7, 3), (8, 2), (9, 3), (10, 2), (11, 3)]
length: 16 76
Estimated difference between T3^fnT3 - (T2^WT3 + h.c.) is: -1.796273312717273e-05 3.226597813980286e-10
total cost: -7.734247263255164
singles alt: [(4, 0), (5, 1), (6, 0), (7, 1), (8, 0), (9, 1), (10, 0), (11, 1), (4, 2), (5, 3), (6, 2), (7, 3), (8, 2), (9, 3), (10, 2), (11, 3)]
length: 16 76
Estimated difference between T3^fnT3 - (T2^WT3 + h.c.) is: -1.7962731524880105e-05 3.2265972383492155e-10
total cost: -7.7342472681801375
singles alt: [(4, 0), (5, 1), (6, 0), (7, 1), (8, 0), (9, 1), (10, 0), (11, 1), (4, 2), (5, 3), (6, 2), (7, 3), (8, 2), (9, 3), (10, 2), (11, 3)]
length: 16 76
Estimated difference between T3^fnT3 - (T2^WT3 + h.c.) is: -1.796273263191606e-05 3.2265976360570207e-10
total cost: -7.734247266847987
singles alt: [(4, 0), (5, 1), (6, 0), (7, 1), (8, 0), (9, 1), (10, 0), (11, 1), (4, 2), (5, 3), (6, 2), (7, 3), (8, 2), (9, 3), (10, 2), (11, 3)]
length: 16 76
Estimated difference between T3^fnT3 - (T2^WT3 + h.c.) is: -1.7962732613168774e-05 3.226597629321971e-10
total cost: -7.734247266584854
singles alt: [(4, 0), (5, 1), (6, 0), (7, 1), (8, 0), (9, 1), (10, 0), (11, 1), (4, 2), (5, 3), (6, 2), (7, 3), (8, 2), (9, 3), (10, 2), (11, 3)]
length: 16 76
Estimated difference between T3^fnT3 - (T2^WT3 + h.c.) is: -1.796273289290355e-05 3.226597729817991e-10
total cost: -7.734247266230059
singles alt: [(4, 0), (5, 1), (6, 0), (7, 1), (8, 0), (9, 1), (10, 0), (11, 1), (4, 2), (5, 3), (6, 2), (7, 3), (8, 2), (9, 3), (10, 2), (11, 3)]
length: 16 76
Estimated difference between T3^fnT3 - (T2^WT3 + h.c.) is: -1.796273289290196e-05 3.2265977298174205e-10
total cost: -7.734247266230057
singles alt: [(4, 0), (5, 1), (6, 0), (7, 1), (8, 0), (9, 1), (10, 0), (11, 1), (4, 2), (5, 3), (6, 2), (7, 3), (8, 2), (9, 3), (10, 2), (11, 3)]
length: 16 76
Estimated difference between T3^fnT3 - (T2^WT3 + h.c.) is: -1.796273289289677e-05 3.2265977298155557e-10
total cost: -7.7342472662300565
singles alt: [(4, 0), (5, 1), (6, 0), (7, 1), (8, 0), (9, 1), (10, 0), (11, 1), (4, 2), (5, 3), (6, 2), (7, 3), (8, 2), (9, 3), (10, 2), (11, 3)]
length: 16 76
Estimated difference between T3^fnT3 - (T2^WT3 + h.c.) is: -1.7962732892905667e-05 3.226597729818752e-10
total cost: -7.734247266230053
singles alt: [(4, 0), (5, 1), (6, 0), (7, 1), (8, 0), (9, 1), (10, 0), (11, 1), (4, 2), (5, 3), (6, 2), (7, 3), (8, 2), (9, 3), (10, 2), (11, 3)]
length: 16 76
Estimated difference between T3^fnT3 - (T2^WT3 + h.c.) is: -1.7962733703299574e-05 3.226598020956544e-10
total cost: -7.734247263350763
singles alt: [(4, 0), (5, 1), (6, 0), (7, 1), (8, 0), (9, 1), (10, 0), (11, 1), (4, 2), (5, 3), (6, 2), (7, 3), (8, 2), (9, 3), (10, 2), (11, 3)]
length: 16 76
Estimated difference between T3^fnT3 - (T2^WT3 + h.c.) is: -1.7962734718560217e-05 3.226598385693686e-10
total cost: -7.734247265261666
singles alt: [(4, 0), (5, 1), (6, 0), (7, 1), (8, 0), (9, 1), (10, 0), (11, 1), (4, 2), (5, 3), (6, 2), (7, 3), (8, 2), (9, 3), (10, 2), (11, 3)]
length: 16 76
Estimated difference between T3^fnT3 - (T2^WT3 + h.c.) is: -1.796273471856022e-05 3.2265983856936876e-10
total cost: -7.73424726526468
singles alt: [(4, 0), (5, 1), (6, 0), (7, 1), (8, 0), (9, 1), (10, 0), (11, 1), (4, 2), (5, 3), (6, 2), (7, 3), (8, 2), (9, 3), (10, 2), (11, 3)]
length: 16 76
Estimated difference between T3^fnT3 - (T2^WT3 + h.c.) is: -1.7962733206896295e-05 3.2265978426213486e-10
total cost: -7.734247265745018
singles alt: [(4, 0), (5, 1), (6, 0), (7, 1), (8, 0), (9, 1), (10, 0), (11, 1), (4, 2), (5, 3), (6, 2), (7, 3), (8, 2), (9, 3), (10, 2), (11, 3)]
length: 16 76
Estimated difference between T3^fnT3 - (T2^WT3 + h.c.) is: -1.7962732892904438e-05 3.22659772981831e-10
total cost: -7.734247266230061
singles alt: [(4, 0), (5, 1), (6, 0), (7, 1), (8, 0), (9, 1), (10, 0), (11, 1), (4, 2), (5, 3), (6, 2), (7, 3), (8, 2), (9, 3), (10, 2), (11, 3)]
length: 16 76
Estimated difference between T3^fnT3 - (T2^WT3 + h.c.) is: -1.7962732892900057e-05 3.2265977298167365e-10
total cost: -7.734247266230057
singles alt: [(4, 0), (5, 1), (6, 0), (7, 1), (8, 0), (9, 1), (10, 0), (11, 1), (4, 2), (5, 3), (6, 2), (7, 3), (8, 2), (9, 3), (10, 2), (11, 3)]
length: 16 76
Estimated difference between T3^fnT3 - (T2^WT3 + h.c.) is: -1.796273289290182e-05 3.2265977298173693e-10
total cost: -7.7342472662300565
singles alt: [(4, 0), (5, 1), (6, 0), (7, 1), (8, 0), (9, 1), (10, 0), (11, 1), (4, 2), (5, 3), (6, 2), (7, 3), (8, 2), (9, 3), (10, 2), (11, 3)]
length: 16 76
Estimated difference between T3^fnT3 - (T2^WT3 + h.c.) is: -1.7962732892905688e-05 3.2265977298187595e-10
total cost: -7.734247266230053
singles alt: [(4, 0), (5, 1), (6, 0), (7, 1), (8, 0), (9, 1), (10, 0), (11, 1), (4, 2), (5, 3), (6, 2), (7, 3), (8, 2), (9, 3), (10, 2), (11, 3)]
length: 16 76
Estimated difference between T3^fnT3 - (T2^WT3 + h.c.) is: -1.7962732892905376e-05 3.2265977298186473e-10
total cost: -7.734247266230072
singles alt: [(4, 0), (5, 1), (6, 0), (7, 1), (8, 0), (9, 1), (10, 0), (11, 1), (4, 2), (5, 3), (6, 2), (7, 3), (8, 2), (9, 3), (10, 2), (11, 3)]
length: 16 76
Estimated difference between T3^fnT3 - (T2^WT3 + h.c.) is: -1.7962732892905186e-05 3.226597729818579e-10
total cost: -7.7342472662300565
singles alt: [(4, 0), (5, 1), (6, 0), (7, 1), (8, 0), (9, 1), (10, 0), (11, 1), (4, 2), (5, 3), (6, 2), (7, 3), (8, 2), (9, 3), (10, 2), (11, 3)]
length: 16 76
Estimated difference between T3^fnT3 - (T2^WT3 + h.c.) is: -1.7962732892902256e-05 3.2265977298175265e-10
total cost: -7.7342472662300565
singles alt: [(4, 0), (5, 1), (6, 0), (7, 1), (8, 0), (9, 1), (10, 0), (11, 1), (4, 2), (5, 3), (6, 2), (7, 3), (8, 2), (9, 3), (10, 2), (11, 3)]
length: 16 76
Estimated difference between T3^fnT3 - (T2^WT3 + h.c.) is: -1.796273289290589e-05 3.2265977298188324e-10
total cost: -7.734247266230053
singles alt: [(4, 0), (5, 1), (6, 0), (7, 1), (8, 0), (9, 1), (10, 0), (11, 1), (4, 2), (5, 3), (6, 2), (7, 3), (8, 2), (9, 3), (10, 2), (11, 3)]
length: 16 76
Estimated difference between T3^fnT3 - (T2^WT3 + h.c.) is: -1.7962732892903553e-05 3.226597729817993e-10
total cost: -7.734247266230059
singles alt: [(4, 0), (5, 1), (6, 0), (7, 1), (8, 0), (9, 1), (10, 0), (11, 1), (4, 2), (5, 3), (6, 2), (7, 3), (8, 2), (9, 3), (10, 2), (11, 3)]
length: 16 76
Estimated difference between T3^fnT3 - (T2^WT3 + h.c.) is: -1.796273289290196e-05 3.2265977298174205e-10
total cost: -7.7342472662300565
singles alt: [(4, 0), (5, 1), (6, 0), (7, 1), (8, 0), (9, 1), (10, 0), (11, 1), (4, 2), (5, 3), (6, 2), (7, 3), (8, 2), (9, 3), (10, 2), (11, 3)]
length: 16 76
Estimated difference between T3^fnT3 - (T2^WT3 + h.c.) is: -1.796273289289677e-05 3.2265977298155557e-10
total cost: -7.7342472662300565
singles alt: [(4, 0), (5, 1), (6, 0), (7, 1), (8, 0), (9, 1), (10, 0), (11, 1), (4, 2), (5, 3), (6, 2), (7, 3), (8, 2), (9, 3), (10, 2), (11, 3)]
length: 16 76
Estimated difference between T3^fnT3 - (T2^WT3 + h.c.) is: -1.7962732892905667e-05 3.226597729818752e-10
total cost: -7.734247266230053
singles alt: [(4, 0), (5, 1), (6, 0), (7, 1), (8, 0), (9, 1), (10, 0), (11, 1), (4, 2), (5, 3), (6, 2), (7, 3), (8, 2), (9, 3), (10, 2), (11, 3)]
length: 16 76
Estimated difference between T3^fnT3 - (T2^WT3 + h.c.) is: -1.7962732892904434e-05 3.226597729818309e-10
total cost: -7.734247266230061
singles alt: [(4, 0), (5, 1), (6, 0), (7, 1), (8, 0), (9, 1), (10, 0), (11, 1), (4, 2), (5, 3), (6, 2), (7, 3), (8, 2), (9, 3), (10, 2), (11, 3)]
length: 16 76
Estimated difference between T3^fnT3 - (T2^WT3 + h.c.) is: -1.796273289290182e-05 3.2265977298173693e-10
total cost: -7.734247266230057
singles alt: [(4, 0), (5, 1), (6, 0), (7, 1), (8, 0), (9, 1), (10, 0), (11, 1), (4, 2), (5, 3), (6, 2), (7, 3), (8, 2), (9, 3), (10, 2), (11, 3)]
length: 16 76
Estimated difference between T3^fnT3 - (T2^WT3 + h.c.) is: -1.7962732892900057e-05 3.2265977298167365e-10
total cost: -7.7342472662300565
singles alt: [(4, 0), (5, 1), (6, 0), (7, 1), (8, 0), (9, 1), (10, 0), (11, 1), (4, 2), (5, 3), (6, 2), (7, 3), (8, 2), (9, 3), (10, 2), (11, 3)]
length: 16 76
Estimated difference between T3^fnT3 - (T2^WT3 + h.c.) is: -1.796273289290569e-05 3.2265977298187605e-10
total cost: -7.734247266230054
singles alt: [(4, 0), (5, 1), (6, 0), (7, 1), (8, 0), (9, 1), (10, 0), (11, 1), (4, 2), (5, 3), (6, 2), (7, 3), (8, 2), (9, 3), (10, 2), (11, 3)]
length: 16 76
Estimated difference between T3^fnT3 - (T2^WT3 + h.c.) is: -1.7962733703299574e-05 3.226598020956544e-10
total cost: -7.734247263353732
singles alt: [(4, 0), (5, 1), (6, 0), (7, 1), (8, 0), (9, 1), (10, 0), (11, 1), (4, 2), (5, 3), (6, 2), (7, 3), (8, 2), (9, 3), (10, 2), (11, 3)]
length: 16 76
Estimated difference between T3^fnT3 - (T2^WT3 + h.c.) is: -1.796273471856022e-05 3.2265983856936876e-10
total cost: -7.734247265264301
singles alt: [(4, 0), (5, 1), (6, 0), (7, 1), (8, 0), (9, 1), (10, 0), (11, 1), (4, 2), (5, 3), (6, 2), (7, 3), (8, 2), (9, 3), (10, 2), (11, 3)]
length: 16 76
Estimated difference between T3^fnT3 - (T2^WT3 + h.c.) is: -1.796273471856022e-05 3.2265983856936876e-10
total cost: -7.734247265267353
singles alt: [(4, 0), (5, 1), (6, 0), (7, 1), (8, 0), (9, 1), (10, 0), (11, 1), (4, 2), (5, 3), (6, 2), (7, 3), (8, 2), (9, 3), (10, 2), (11, 3)]
length: 16 76
Estimated difference between T3^fnT3 - (T2^WT3 + h.c.) is: -1.7962733206896295e-05 3.2265978426213486e-10
total cost: -7.734247265743532
singles alt: [(4, 0), (5, 1), (6, 0), (7, 1), (8, 0), (9, 1), (10, 0), (11, 1), (4, 2), (5, 3), (6, 2), (7, 3), (8, 2), (9, 3), (10, 2), (11, 3)]
length: 16 76
Estimated difference between T3^fnT3 - (T2^WT3 + h.c.) is: -1.7962732892905376e-05 3.2265977298186473e-10
total cost: -7.734247266230072
singles alt: [(4, 0), (5, 1), (6, 0), (7, 1), (8, 0), (9, 1), (10, 0), (11, 1), (4, 2), (5, 3), (6, 2), (7, 3), (8, 2), (9, 3), (10, 2), (11, 3)]
length: 16 76
Estimated difference between T3^fnT3 - (T2^WT3 + h.c.) is: -1.7962732892905186e-05 3.226597729818579e-10
total cost: -7.734247266230056
singles alt: [(4, 0), (5, 1), (6, 0), (7, 1), (8, 0), (9, 1), (10, 0), (11, 1), (4, 2), (5, 3), (6, 2), (7, 3), (8, 2), (9, 3), (10, 2), (11, 3)]
length: 16 76
Estimated difference between T3^fnT3 - (T2^WT3 + h.c.) is: -1.796273289290226e-05 3.2265977298175275e-10
total cost: -7.7342472662300565
singles alt: [(4, 0), (5, 1), (6, 0), (7, 1), (8, 0), (9, 1), (10, 0), (11, 1), (4, 2), (5, 3), (6, 2), (7, 3), (8, 2), (9, 3), (10, 2), (11, 3)]
length: 16 76
Estimated difference between T3^fnT3 - (T2^WT3 + h.c.) is: -1.7962732892905888e-05 3.2265977298188313e-10
total cost: -7.734247266230053
singles alt: [(4, 0), (5, 1), (6, 0), (7, 1), (8, 0), (9, 1), (10, 0), (11, 1), (4, 2), (5, 3), (6, 2), (7, 3), (8, 2), (9, 3), (10, 2), (11, 3)]
length: 16 76
Estimated difference between T3^fnT3 - (T2^WT3 + h.c.) is: -1.7962733127172734e-05 3.2265978139802876e-10
total cost: -7.734247263251118
singles alt: [(4, 0), (5, 1), (6, 0), (7, 1), (8, 0), (9, 1), (10, 0), (11, 1), (4, 2), (5, 3), (6, 2), (7, 3), (8, 2), (9, 3), (10, 2), (11, 3)]
length: 16 76
Estimated difference between T3^fnT3 - (T2^WT3 + h.c.) is: -1.796273263191606e-05 3.2265976360570207e-10
total cost: -7.734247266849483
singles alt: [(4, 0), (5, 1), (6, 0), (7, 1), (8, 0), (9, 1), (10, 0), (11, 1), (4, 2), (5, 3), (6, 2), (7, 3), (8, 2), (9, 3), (10, 2), (11, 3)]
length: 16 76
Estimated difference between T3^fnT3 - (T2^WT3 + h.c.) is: -1.79627315248801e-05 3.226597238349214e-10
total cost: -7.734247268171231
singles alt: [(4, 0), (5, 1), (6, 0), (7, 1), (8, 0), (9, 1), (10, 0), (11, 1), (4, 2), (5, 3), (6, 2), (7, 3), (8, 2), (9, 3), (10, 2), (11, 3)]
length: 16 76
Estimated difference between T3^fnT3 - (T2^WT3 + h.c.) is: -1.7962732613168774e-05 3.226597629321971e-10
total cost: -7.734247266586348
singles alt: [(4, 0), (5, 1), (6, 0), (7, 1), (8, 0), (9, 1), (10, 0), (11, 1), (4, 2), (5, 3), (6, 2), (7, 3), (8, 2), (9, 3), (10, 2), (11, 3)]
length: 16 76
Estimated difference between T3^fnT3 - (T2^WT3 + h.c.) is: -1.796273289290537e-05 3.2265977298186447e-10
total cost: -7.734247266230069
singles alt: [(4, 0), (5, 1), (6, 0), (7, 1), (8, 0), (9, 1), (10, 0), (11, 1), (4, 2), (5, 3), (6, 2), (7, 3), (8, 2), (9, 3), (10, 2), (11, 3)]
length: 16 76
Estimated difference between T3^fnT3 - (T2^WT3 + h.c.) is: -1.796273289290226e-05 3.2265977298175275e-10
total cost: -7.7342472662300565
singles alt: [(4, 0), (5, 1), (6, 0), (7, 1), (8, 0), (9, 1), (10, 0), (11, 1), (4, 2), (5, 3), (6, 2), (7, 3), (8, 2), (9, 3), (10, 2), (11, 3)]
length: 16 76
Estimated difference between T3^fnT3 - (T2^WT3 + h.c.) is: -1.7962732892905186e-05 3.226597729818579e-10
total cost: -7.734247266230056
singles alt: [(4, 0), (5, 1), (6, 0), (7, 1), (8, 0), (9, 1), (10, 0), (11, 1), (4, 2), (5, 3), (6, 2), (7, 3), (8, 2), (9, 3), (10, 2), (11, 3)]
length: 16 76
Estimated difference between T3^fnT3 - (T2^WT3 + h.c.) is: -1.796273289290589e-05 3.2265977298188324e-10
total cost: -7.734247266230053
singles alt: [(4, 0), (5, 1), (6, 0), (7, 1), (8, 0), (9, 1), (10, 0), (11, 1), (4, 2), (5, 3), (6, 2), (7, 3), (8, 2), (9, 3), (10, 2), (11, 3)]
length: 16 76
Estimated difference between T3^fnT3 - (T2^WT3 + h.c.) is: -1.7962732892905373e-05 3.2265977298186463e-10
total cost: -7.73424726623007
singles alt: [(4, 0), (5, 1), (6, 0), (7, 1), (8, 0), (9, 1), (10, 0), (11, 1), (4, 2), (5, 3), (6, 2), (7, 3), (8, 2), (9, 3), (10, 2), (11, 3)]
length: 16 76
Estimated difference between T3^fnT3 - (T2^WT3 + h.c.) is: -1.796273289290226e-05 3.2265977298175275e-10
total cost: -7.7342472662300565
singles alt: [(4, 0), (5, 1), (6, 0), (7, 1), (8, 0), (9, 1), (10, 0), (11, 1), (4, 2), (5, 3), (6, 2), (7, 3), (8, 2), (9, 3), (10, 2), (11, 3)]
length: 16 76
Estimated difference between T3^fnT3 - (T2^WT3 + h.c.) is: -1.7962732892905186e-05 3.226597729818579e-10
total cost: -7.7342472662300565
singles alt: [(4, 0), (5, 1), (6, 0), (7, 1), (8, 0), (9, 1), (10, 0), (11, 1), (4, 2), (5, 3), (6, 2), (7, 3), (8, 2), (9, 3), (10, 2), (11, 3)]
length: 16 76
Estimated difference between T3^fnT3 - (T2^WT3 + h.c.) is: -1.7962732892905888e-05 3.2265977298188313e-10
total cost: -7.734247266230053
singles alt: [(4, 0), (5, 1), (6, 0), (7, 1), (8, 0), (9, 1), (10, 0), (11, 1), (4, 2), (5, 3), (6, 2), (7, 3), (8, 2), (9, 3), (10, 2), (11, 3)]
length: 16 76
Estimated difference between T3^fnT3 - (T2^WT3 + h.c.) is: -1.796273352626855e-05 3.226597957357322e-10
total cost: -7.734247263707239
singles alt: [(4, 0), (5, 1), (6, 0), (7, 1), (8, 0), (9, 1), (10, 0), (11, 1), (4, 2), (5, 3), (6, 2), (7, 3), (8, 2), (9, 3), (10, 2), (11, 3)]
length: 16 76
Estimated difference between T3^fnT3 - (T2^WT3 + h.c.) is: -1.7962733223583437e-05 3.226597848616282e-10
total cost: -7.734247264993497
singles alt: [(4, 0), (5, 1), (6, 0), (7, 1), (8, 0), (9, 1), (10, 0), (11, 1), (4, 2), (5, 3), (6, 2), (7, 3), (8, 2), (9, 3), (10, 2), (11, 3)]
length: 16 76
Estimated difference between T3^fnT3 - (T2^WT3 + h.c.) is: -1.7962733223583434e-05 3.226597848616281e-10
total cost: -7.7342472649934635
singles alt: [(4, 0), (5, 1), (6, 0), (7, 1), (8, 0), (9, 1), (10, 0), (11, 1), (4, 2), (5, 3), (6, 2), (7, 3), (8, 2), (9, 3), (10, 2), (11, 3)]
length: 16 76
Estimated difference between T3^fnT3 - (T2^WT3 + h.c.) is: -1.796273323575547e-05 3.226597852989142e-10
total cost: -7.734247260872133
singles alt: [(4, 0), (5, 1), (6, 0), (7, 1), (8, 0), (9, 1), (10, 0), (11, 1), (4, 2), (5, 3), (6, 2), (7, 3), (8, 2), (9, 3), (10, 2), (11, 3)]
length: 16 76
Estimated difference between T3^fnT3 - (T2^WT3 + h.c.) is: -1.7962732892897245e-05 3.2265977298157263e-10
total cost: -7.734247266230055
singles alt: [(4, 0), (5, 1), (6, 0), (7, 1), (8, 0), (9, 1), (10, 0), (11, 1), (4, 2), (5, 3), (6, 2), (7, 3), (8, 2), (9, 3), (10, 2), (11, 3)]
length: 16 76
Estimated difference between T3^fnT3 - (T2^WT3 + h.c.) is: -1.7962732892897245e-05 3.2265977298157263e-10
total cost: -7.734247266230055
singles alt: [(4, 0), (5, 1), (6, 0), (7, 1), (8, 0), (9, 1), (10, 0), (11, 1), (4, 2), (5, 3), (6, 2), (7, 3), (8, 2), (9, 3), (10, 2), (11, 3)]
length: 16 76
Estimated difference between T3^fnT3 - (T2^WT3 + h.c.) is: -1.7962732892897245e-05 3.2265977298157263e-10
total cost: -7.734247266230055
singles alt: [(4, 0), (5, 1), (6, 0), (7, 1), (8, 0), (9, 1), (10, 0), (11, 1), (4, 2), (5, 3), (6, 2), (7, 3), (8, 2), (9, 3), (10, 2), (11, 3)]
length: 16 76
Estimated difference between T3^fnT3 - (T2^WT3 + h.c.) is: -1.7962732892897245e-05 3.2265977298157263e-10
total cost: -7.734247266230055
singles alt: [(4, 0), (5, 1), (6, 0), (7, 1), (8, 0), (9, 1), (10, 0), (11, 1), (4, 2), (5, 3), (6, 2), (7, 3), (8, 2), (9, 3), (10, 2), (11, 3)]
length: 16 76
Estimated difference between T3^fnT3 - (T2^WT3 + h.c.) is: -1.7962732035105383e-05 3.226597421650012e-10
total cost: -7.734247267489689
singles alt: [(4, 0), (5, 1), (6, 0), (7, 1), (8, 0), (9, 1), (10, 0), (11, 1), (4, 2), (5, 3), (6, 2), (7, 3), (8, 2), (9, 3), (10, 2), (11, 3)]
length: 16 76
Estimated difference between T3^fnT3 - (T2^WT3 + h.c.) is: -1.7962732035105386e-05 3.226597421650013e-10
total cost: -7.734247267489327
singles alt: [(4, 0), (5, 1), (6, 0), (7, 1), (8, 0), (9, 1), (10, 0), (11, 1), (4, 2), (5, 3), (6, 2), (7, 3), (8, 2), (9, 3), (10, 2), (11, 3)]
length: 16 76
Estimated difference between T3^fnT3 - (T2^WT3 + h.c.) is: -1.796273289290043e-05 3.2265977298168704e-10
total cost: -7.734247266230055
singles alt: [(4, 0), (5, 1), (6, 0), (7, 1), (8, 0), (9, 1), (10, 0), (11, 1), (4, 2), (5, 3), (6, 2), (7, 3), (8, 2), (9, 3), (10, 2), (11, 3)]
length: 16 76
Estimated difference between T3^fnT3 - (T2^WT3 + h.c.) is: -1.7962732892900433e-05 3.2265977298168714e-10
total cost: -7.734247266230055
singles alt: [(4, 0), (5, 1), (6, 0), (7, 1), (8, 0), (9, 1), (10, 0), (11, 1), (4, 2), (5, 3), (6, 2), (7, 3), (8, 2), (9, 3), (10, 2), (11, 3)]
length: 16 76
Estimated difference between T3^fnT3 - (T2^WT3 + h.c.) is: -1.79627328929072e-05 3.2265977298193023e-10
total cost: -7.734247266230056
singles alt: [(4, 0), (5, 1), (6, 0), (7, 1), (8, 0), (9, 1), (10, 0), (11, 1), (4, 2), (5, 3), (6, 2), (7, 3), (8, 2), (9, 3), (10, 2), (11, 3)]
length: 16 76
Estimated difference between T3^fnT3 - (T2^WT3 + h.c.) is: -1.79627328929072e-05 3.2265977298193023e-10
total cost: -7.734247266230056
singles alt: [(4, 0), (5, 1), (6, 0), (7, 1), (8, 0), (9, 1), (10, 0), (11, 1), (4, 2), (5, 3), (6, 2), (7, 3), (8, 2), (9, 3), (10, 2), (11, 3)]
length: 16 76
Estimated difference between T3^fnT3 - (T2^WT3 + h.c.) is: -1.79627328929072e-05 3.2265977298193023e-10
total cost: -7.734247266230056
singles alt: [(4, 0), (5, 1), (6, 0), (7, 1), (8, 0), (9, 1), (10, 0), (11, 1), (4, 2), (5, 3), (6, 2), (7, 3), (8, 2), (9, 3), (10, 2), (11, 3)]
length: 16 76
Estimated difference between T3^fnT3 - (T2^WT3 + h.c.) is: -1.7962732892907195e-05 3.2265977298193013e-10
total cost: -7.734247266230056
singles alt: [(4, 0), (5, 1), (6, 0), (7, 1), (8, 0), (9, 1), (10, 0), (11, 1), (4, 2), (5, 3), (6, 2), (7, 3), (8, 2), (9, 3), (10, 2), (11, 3)]
length: 16 76
Estimated difference between T3^fnT3 - (T2^WT3 + h.c.) is: -1.7962732892905905e-05 3.226597729818837e-10
total cost: -7.734247266505952
singles alt: [(4, 0), (5, 1), (6, 0), (7, 1), (8, 0), (9, 1), (10, 0), (11, 1), (4, 2), (5, 3), (6, 2), (7, 3), (8, 2), (9, 3), (10, 2), (11, 3)]
length: 16 76
Estimated difference between T3^fnT3 - (T2^WT3 + h.c.) is: -1.7962732892905905e-05 3.226597729818837e-10
total cost: -7.734247266505622
singles alt: [(4, 0), (5, 1), (6, 0), (7, 1), (8, 0), (9, 1), (10, 0), (11, 1), (4, 2), (5, 3), (6, 2), (7, 3), (8, 2), (9, 3), (10, 2), (11, 3)]
length: 16 76
Estimated difference between T3^fnT3 - (T2^WT3 + h.c.) is: -1.7962732892905905e-05 3.226597729818837e-10
total cost: -7.734247266230056
singles alt: [(4, 0), (5, 1), (6, 0), (7, 1), (8, 0), (9, 1), (10, 0), (11, 1), (4, 2), (5, 3), (6, 2), (7, 3), (8, 2), (9, 3), (10, 2), (11, 3)]
length: 16 76
Estimated difference between T3^fnT3 - (T2^WT3 + h.c.) is: -1.7962732892905905e-05 3.226597729818837e-10
total cost: -7.734247266230056
singles alt: [(4, 0), (5, 1), (6, 0), (7, 1), (8, 0), (9, 1), (10, 0), (11, 1), (4, 2), (5, 3), (6, 2), (7, 3), (8, 2), (9, 3), (10, 2), (11, 3)]
length: 16 76
Estimated difference between T3^fnT3 - (T2^WT3 + h.c.) is: -1.7962732892905905e-05 3.226597729818837e-10
total cost: -7.734247266230056
singles alt: [(4, 0), (5, 1), (6, 0), (7, 1), (8, 0), (9, 1), (10, 0), (11, 1), (4, 2), (5, 3), (6, 2), (7, 3), (8, 2), (9, 3), (10, 2), (11, 3)]
length: 16 76
Estimated difference between T3^fnT3 - (T2^WT3 + h.c.) is: -1.7962732892905905e-05 3.226597729818837e-10
total cost: -7.734247266230056
singles alt: [(4, 0), (5, 1), (6, 0), (7, 1), (8, 0), (9, 1), (10, 0), (11, 1), (4, 2), (5, 3), (6, 2), (7, 3), (8, 2), (9, 3), (10, 2), (11, 3)]
length: 16 76
Estimated difference between T3^fnT3 - (T2^WT3 + h.c.) is: -1.7962732892905905e-05 3.226597729818837e-10
total cost: -7.73424726626002
singles alt: [(4, 0), (5, 1), (6, 0), (7, 1), (8, 0), (9, 1), (10, 0), (11, 1), (4, 2), (5, 3), (6, 2), (7, 3), (8, 2), (9, 3), (10, 2), (11, 3)]
length: 16 76
Estimated difference between T3^fnT3 - (T2^WT3 + h.c.) is: -1.7962732892905905e-05 3.226597729818837e-10
total cost: -7.734247266259901
singles alt: [(4, 0), (5, 1), (6, 0), (7, 1), (8, 0), (9, 1), (10, 0), (11, 1), (4, 2), (5, 3), (6, 2), (7, 3), (8, 2), (9, 3), (10, 2), (11, 3)]
length: 16 76
Estimated difference between T3^fnT3 - (T2^WT3 + h.c.) is: -1.7962732892905905e-05 3.226597729818837e-10
total cost: -7.734247266344861
singles alt: [(4, 0), (5, 1), (6, 0), (7, 1), (8, 0), (9, 1), (10, 0), (11, 1), (4, 2), (5, 3), (6, 2), (7, 3), (8, 2), (9, 3), (10, 2), (11, 3)]
length: 16 76
Estimated difference between T3^fnT3 - (T2^WT3 + h.c.) is: -1.7962732892905905e-05 3.226597729818837e-10
total cost: -7.73424726634336
singles alt: [(4, 0), (5, 1), (6, 0), (7, 1), (8, 0), (9, 1), (10, 0), (11, 1), (4, 2), (5, 3), (6, 2), (7, 3), (8, 2), (9, 3), (10, 2), (11, 3)]
length: 16 76
Estimated difference between T3^fnT3 - (T2^WT3 + h.c.) is: -1.7962732892905905e-05 3.226597729818837e-10
total cost: -7.734247266230052
singles alt: [(4, 0), (5, 1), (6, 0), (7, 1), (8, 0), (9, 1), (10, 0), (11, 1), (4, 2), (5, 3), (6, 2), (7, 3), (8, 2), (9, 3), (10, 2), (11, 3)]
length: 16 76
Estimated difference between T3^fnT3 - (T2^WT3 + h.c.) is: -1.7962732892905905e-05 3.226597729818837e-10
total cost: -7.734247266230052
singles alt: [(4, 0), (5, 1), (6, 0), (7, 1), (8, 0), (9, 1), (10, 0), (11, 1), (4, 2), (5, 3), (6, 2), (7, 3), (8, 2), (9, 3), (10, 2), (11, 3)]
length: 16 76
Estimated difference between T3^fnT3 - (T2^WT3 + h.c.) is: -1.7962732892905905e-05 3.226597729818837e-10
total cost: -7.734247266230052
singles alt: [(4, 0), (5, 1), (6, 0), (7, 1), (8, 0), (9, 1), (10, 0), (11, 1), (4, 2), (5, 3), (6, 2), (7, 3), (8, 2), (9, 3), (10, 2), (11, 3)]
length: 16 76
Estimated difference between T3^fnT3 - (T2^WT3 + h.c.) is: -1.7962732892905905e-05 3.226597729818837e-10
total cost: -7.734247266230052
singles alt: [(4, 0), (5, 1), (6, 0), (7, 1), (8, 0), (9, 1), (10, 0), (11, 1), (4, 2), (5, 3), (6, 2), (7, 3), (8, 2), (9, 3), (10, 2), (11, 3)]
length: 16 76
Estimated difference between T3^fnT3 - (T2^WT3 + h.c.) is: -1.7962732892905905e-05 3.226597729818837e-10
total cost: -7.734247266160987
singles alt: [(4, 0), (5, 1), (6, 0), (7, 1), (8, 0), (9, 1), (10, 0), (11, 1), (4, 2), (5, 3), (6, 2), (7, 3), (8, 2), (9, 3), (10, 2), (11, 3)]
length: 16 76
Estimated difference between T3^fnT3 - (T2^WT3 + h.c.) is: -1.7962732892905905e-05 3.226597729818837e-10
total cost: -7.734247266160571
singles alt: [(4, 0), (5, 1), (6, 0), (7, 1), (8, 0), (9, 1), (10, 0), (11, 1), (4, 2), (5, 3), (6, 2), (7, 3), (8, 2), (9, 3), (10, 2), (11, 3)]
length: 16 76
Estimated difference between T3^fnT3 - (T2^WT3 + h.c.) is: -2.2100278654197885e-06 4.884223165931946e-12
total cost: -7.7814841782325725
singles alt: [(4, 0), (5, 1), (6, 0), (7, 1), (8, 0), (9, 1), (10, 0), (11, 1), (4, 2), (5, 3), (6, 2), (7, 3), (8, 2), (9, 3), (10, 2), (11, 3)]
length: 16 76
Estimated difference between T3^fnT3 - (T2^WT3 + h.c.) is: -2.2100286656047817e-06 4.884226702794852e-12
total cost: -7.781484176611379
singles alt: [(4, 0), (5, 1), (6, 0), (7, 1), (8, 0), (9, 1), (10, 0), (11, 1), (4, 2), (5, 3), (6, 2), (7, 3), (8, 2), (9, 3), (10, 2), (11, 3)]
length: 16 76
Estimated difference between T3^fnT3 - (T2^WT3 + h.c.) is: -2.2100279870358007e-06 4.884223703481513e-12
total cost: -7.7814841782531206
singles alt: [(4, 0), (5, 1), (6, 0), (7, 1), (8, 0), (9, 1), (10, 0), (11, 1), (4, 2), (5, 3), (6, 2), (7, 3), (8, 2), (9, 3), (10, 2), (11, 3)]
length: 16 76
Estimated difference between T3^fnT3 - (T2^WT3 + h.c.) is: -2.2100279870358007e-06 4.884223703481513e-12
total cost: -7.781484178253108
singles alt: [(4, 0), (5, 1), (6, 0), (7, 1), (8, 0), (9, 1), (10, 0), (11, 1), (4, 2), (5, 3), (6, 2), (7, 3), (8, 2), (9, 3), (10, 2), (11, 3)]
length: 16 76
Estimated difference between T3^fnT3 - (T2^WT3 + h.c.) is: -2.2100280035629424e-06 4.884223776532405e-12
total cost: -7.78148417837984
singles alt: [(4, 0), (5, 1), (6, 0), (7, 1), (8, 0), (9, 1), (10, 0), (11, 1), (4, 2), (5, 3), (6, 2), (7, 3), (8, 2), (9, 3), (10, 2), (11, 3)]
length: 16 76
Estimated difference between T3^fnT3 - (T2^WT3 + h.c.) is: -2.2100278654191595e-06 4.884223165929167e-12
total cost: -7.781484178232575
singles alt: [(4, 0), (5, 1), (6, 0), (7, 1), (8, 0), (9, 1), (10, 0), (11, 1), (4, 2), (5, 3), (6, 2), (7, 3), (8, 2), (9, 3), (10, 2), (11, 3)]
length: 16 76
Estimated difference between T3^fnT3 - (T2^WT3 + h.c.) is: -2.2100278654172033e-06 4.88422316592052e-12
total cost: -7.781484178232574
singles alt: [(4, 0), (5, 1), (6, 0), (7, 1), (8, 0), (9, 1), (10, 0), (11, 1), (4, 2), (5, 3), (6, 2), (7, 3), (8, 2), (9, 3), (10, 2), (11, 3)]
length: 16 76
Estimated difference between T3^fnT3 - (T2^WT3 + h.c.) is: -2.2100278654187995e-06 4.884223165927575e-12
total cost: -7.781484178232573
singles alt: [(4, 0), (5, 1), (6, 0), (7, 1), (8, 0), (9, 1), (10, 0), (11, 1), (4, 2), (5, 3), (6, 2), (7, 3), (8, 2), (9, 3), (10, 2), (11, 3)]
length: 16 76
Estimated difference between T3^fnT3 - (T2^WT3 + h.c.) is: -2.2100278654197334e-06 4.884223165931703e-12
total cost: -7.7814841782325725
singles alt: [(4, 0), (5, 1), (6, 0), (7, 1), (8, 0), (9, 1), (10, 0), (11, 1), (4, 2), (5, 3), (6, 2), (7, 3), (8, 2), (9, 3), (10, 2), (11, 3)]
length: 16 76
Estimated difference between T3^fnT3 - (T2^WT3 + h.c.) is: -2.2100278654191595e-06 4.884223165929167e-12
total cost: -7.781484178232575
singles alt: [(4, 0), (5, 1), (6, 0), (7, 1), (8, 0), (9, 1), (10, 0), (11, 1), (4, 2), (5, 3), (6, 2), (7, 3), (8, 2), (9, 3), (10, 2), (11, 3)]
length: 16 76
Estimated difference between T3^fnT3 - (T2^WT3 + h.c.) is: -2.2100278654172033e-06 4.88422316592052e-12
total cost: -7.781484178232574
singles alt: [(4, 0), (5, 1), (6, 0), (7, 1), (8, 0), (9, 1), (10, 0), (11, 1), (4, 2), (5, 3), (6, 2), (7, 3), (8, 2), (9, 3), (10, 2), (11, 3)]
length: 16 76
Estimated difference between T3^fnT3 - (T2^WT3 + h.c.) is: -2.2100278654187995e-06 4.884223165927575e-12
total cost: -7.781484178232573
singles alt: [(4, 0), (5, 1), (6, 0), (7, 1), (8, 0), (9, 1), (10, 0), (11, 1), (4, 2), (5, 3), (6, 2), (7, 3), (8, 2), (9, 3), (10, 2), (11, 3)]
length: 16 76
Estimated difference between T3^fnT3 - (T2^WT3 + h.c.) is: -2.2100278654197334e-06 4.884223165931703e-12
total cost: -7.7814841782325725
singles alt: [(4, 0), (5, 1), (6, 0), (7, 1), (8, 0), (9, 1), (10, 0), (11, 1), (4, 2), (5, 3), (6, 2), (7, 3), (8, 2), (9, 3), (10, 2), (11, 3)]
length: 16 76
Estimated difference between T3^fnT3 - (T2^WT3 + h.c.) is: -2.210027947591728e-06 4.884223529136506e-12
total cost: -7.78148417736459
singles alt: [(4, 0), (5, 1), (6, 0), (7, 1), (8, 0), (9, 1), (10, 0), (11, 1), (4, 2), (5, 3), (6, 2), (7, 3), (8, 2), (9, 3), (10, 2), (11, 3)]
length: 16 76
Estimated difference between T3^fnT3 - (T2^WT3 + h.c.) is: -2.2100273855683156e-06 4.8842210449619246e-12
total cost: -7.781484178672878
singles alt: [(4, 0), (5, 1), (6, 0), (7, 1), (8, 0), (9, 1), (10, 0), (11, 1), (4, 2), (5, 3), (6, 2), (7, 3), (8, 2), (9, 3), (10, 2), (11, 3)]
length: 16 76
Estimated difference between T3^fnT3 - (T2^WT3 + h.c.) is: -2.210027773874537e-06 4.884222761296841e-12
total cost: -7.781484178371409
singles alt: [(4, 0), (5, 1), (6, 0), (7, 1), (8, 0), (9, 1), (10, 0), (11, 1), (4, 2), (5, 3), (6, 2), (7, 3), (8, 2), (9, 3), (10, 2), (11, 3)]
length: 16 76
Estimated difference between T3^fnT3 - (T2^WT3 + h.c.) is: -2.2100277672986202e-06 4.8842227322309245e-12
total cost: -7.781484177807135
singles alt: [(4, 0), (5, 1), (6, 0), (7, 1), (8, 0), (9, 1), (10, 0), (11, 1), (4, 2), (5, 3), (6, 2), (7, 3), (8, 2), (9, 3), (10, 2), (11, 3)]
length: 16 76
Estimated difference between T3^fnT3 - (T2^WT3 + h.c.) is: -2.21002786541916e-06 4.884223165929168e-12
total cost: -7.781484178232575
singles alt: [(4, 0), (5, 1), (6, 0), (7, 1), (8, 0), (9, 1), (10, 0), (11, 1), (4, 2), (5, 3), (6, 2), (7, 3), (8, 2), (9, 3), (10, 2), (11, 3)]
length: 16 76
Estimated difference between T3^fnT3 - (T2^WT3 + h.c.) is: -2.210027865418799e-06 4.884223165927574e-12
total cost: -7.781484178232573
singles alt: [(4, 0), (5, 1), (6, 0), (7, 1), (8, 0), (9, 1), (10, 0), (11, 1), (4, 2), (5, 3), (6, 2), (7, 3), (8, 2), (9, 3), (10, 2), (11, 3)]
length: 16 76
Estimated difference between T3^fnT3 - (T2^WT3 + h.c.) is: -2.2100278654172037e-06 4.884223165920522e-12
total cost: -7.781484178232574
singles alt: [(4, 0), (5, 1), (6, 0), (7, 1), (8, 0), (9, 1), (10, 0), (11, 1), (4, 2), (5, 3), (6, 2), (7, 3), (8, 2), (9, 3), (10, 2), (11, 3)]
length: 16 76
Estimated difference between T3^fnT3 - (T2^WT3 + h.c.) is: -2.2100278654197334e-06 4.884223165931703e-12
total cost: -7.7814841782325725
singles alt: [(4, 0), (5, 1), (6, 0), (7, 1), (8, 0), (9, 1), (10, 0), (11, 1), (4, 2), (5, 3), (6, 2), (7, 3), (8, 2), (9, 3), (10, 2), (11, 3)]
length: 16 76
Estimated difference between T3^fnT3 - (T2^WT3 + h.c.) is: -2.2100281496753143e-06 4.884224422357294e-12
total cost: -7.7814841774128745
singles alt: [(4, 0), (5, 1), (6, 0), (7, 1), (8, 0), (9, 1), (10, 0), (11, 1), (4, 2), (5, 3), (6, 2), (7, 3), (8, 2), (9, 3), (10, 2), (11, 3)]
length: 16 76
Estimated difference between T3^fnT3 - (T2^WT3 + h.c.) is: -2.2100285057906023e-06 4.884225996407043e-12
total cost: -7.781484178048401
singles alt: [(4, 0), (5, 1), (6, 0), (7, 1), (8, 0), (9, 1), (10, 0), (11, 1), (4, 2), (5, 3), (6, 2), (7, 3), (8, 2), (9, 3), (10, 2), (11, 3)]
length: 16 76
Estimated difference between T3^fnT3 - (T2^WT3 + h.c.) is: -2.2100285057906023e-06 4.884225996407043e-12
total cost: -7.781484178048485
singles alt: [(4, 0), (5, 1), (6, 0), (7, 1), (8, 0), (9, 1), (10, 0), (11, 1), (4, 2), (5, 3), (6, 2), (7, 3), (8, 2), (9, 3), (10, 2), (11, 3)]
length: 16 76
Estimated difference between T3^fnT3 - (T2^WT3 + h.c.) is: -2.210027975555737e-06 4.884223652738989e-12
total cost: -7.781484178576865
singles alt: [(4, 0), (5, 1), (6, 0), (7, 1), (8, 0), (9, 1), (10, 0), (11, 1), (4, 2), (5, 3), (6, 2), (7, 3), (8, 2), (9, 3), (10, 2), (11, 3)]
length: 16 76
Estimated difference between T3^fnT3 - (T2^WT3 + h.c.) is: -2.210027865419421e-06 4.884223165930322e-12
total cost: -7.781484178232575
singles alt: [(4, 0), (5, 1), (6, 0), (7, 1), (8, 0), (9, 1), (10, 0), (11, 1), (4, 2), (5, 3), (6, 2), (7, 3), (8, 2), (9, 3), (10, 2), (11, 3)]
length: 16 76
Estimated difference between T3^fnT3 - (T2^WT3 + h.c.) is: -2.210027865418206e-06 4.884223165924953e-12
total cost: -7.781484178232573
singles alt: [(4, 0), (5, 1), (6, 0), (7, 1), (8, 0), (9, 1), (10, 0), (11, 1), (4, 2), (5, 3), (6, 2), (7, 3), (8, 2), (9, 3), (10, 2), (11, 3)]
length: 16 76
Estimated difference between T3^fnT3 - (T2^WT3 + h.c.) is: -2.210027865418824e-06 4.884223165927684e-12
total cost: -7.781484178232573
singles alt: [(4, 0), (5, 1), (6, 0), (7, 1), (8, 0), (9, 1), (10, 0), (11, 1), (4, 2), (5, 3), (6, 2), (7, 3), (8, 2), (9, 3), (10, 2), (11, 3)]
length: 16 76
Estimated difference between T3^fnT3 - (T2^WT3 + h.c.) is: -2.210027865419736e-06 4.8842231659317144e-12
total cost: -7.7814841782325725
singles alt: [(4, 0), (5, 1), (6, 0), (7, 1), (8, 0), (9, 1), (10, 0), (11, 1), (4, 2), (5, 3), (6, 2), (7, 3), (8, 2), (9, 3), (10, 2), (11, 3)]
length: 16 76
Estimated difference between T3^fnT3 - (T2^WT3 + h.c.) is: -2.210027865419621e-06 4.884223165931207e-12
total cost: -7.78148417823258
singles alt: [(4, 0), (5, 1), (6, 0), (7, 1), (8, 0), (9, 1), (10, 0), (11, 1), (4, 2), (5, 3), (6, 2), (7, 3), (8, 2), (9, 3), (10, 2), (11, 3)]
length: 16 76
Estimated difference between T3^fnT3 - (T2^WT3 + h.c.) is: -2.2100278654196313e-06 4.884223165931252e-12
total cost: -7.781484178232574
singles alt: [(4, 0), (5, 1), (6, 0), (7, 1), (8, 0), (9, 1), (10, 0), (11, 1), (4, 2), (5, 3), (6, 2), (7, 3), (8, 2), (9, 3), (10, 2), (11, 3)]
length: 16 76
Estimated difference between T3^fnT3 - (T2^WT3 + h.c.) is: -2.210027865418699e-06 4.884223165927132e-12
total cost: -7.781484178232574
singles alt: [(4, 0), (5, 1), (6, 0), (7, 1), (8, 0), (9, 1), (10, 0), (11, 1), (4, 2), (5, 3), (6, 2), (7, 3), (8, 2), (9, 3), (10, 2), (11, 3)]
length: 16 76
Estimated difference between T3^fnT3 - (T2^WT3 + h.c.) is: -2.210027865419796e-06 4.88422316593198e-12
total cost: -7.7814841782325725
singles alt: [(4, 0), (5, 1), (6, 0), (7, 1), (8, 0), (9, 1), (10, 0), (11, 1), (4, 2), (5, 3), (6, 2), (7, 3), (8, 2), (9, 3), (10, 2), (11, 3)]
length: 16 76
Estimated difference between T3^fnT3 - (T2^WT3 + h.c.) is: -2.21002786541916e-06 4.884223165929168e-12
total cost: -7.781484178232575
singles alt: [(4, 0), (5, 1), (6, 0), (7, 1), (8, 0), (9, 1), (10, 0), (11, 1), (4, 2), (5, 3), (6, 2), (7, 3), (8, 2), (9, 3), (10, 2), (11, 3)]
length: 16 76
Estimated difference between T3^fnT3 - (T2^WT3 + h.c.) is: -2.210027865418799e-06 4.884223165927574e-12
total cost: -7.781484178232573
singles alt: [(4, 0), (5, 1), (6, 0), (7, 1), (8, 0), (9, 1), (10, 0), (11, 1), (4, 2), (5, 3), (6, 2), (7, 3), (8, 2), (9, 3), (10, 2), (11, 3)]
length: 16 76
Estimated difference between T3^fnT3 - (T2^WT3 + h.c.) is: -2.2100278654172033e-06 4.88422316592052e-12
total cost: -7.781484178232574
singles alt: [(4, 0), (5, 1), (6, 0), (7, 1), (8, 0), (9, 1), (10, 0), (11, 1), (4, 2), (5, 3), (6, 2), (7, 3), (8, 2), (9, 3), (10, 2), (11, 3)]
length: 16 76
Estimated difference between T3^fnT3 - (T2^WT3 + h.c.) is: -2.2100278654197334e-06 4.884223165931703e-12
total cost: -7.7814841782325725
singles alt: [(4, 0), (5, 1), (6, 0), (7, 1), (8, 0), (9, 1), (10, 0), (11, 1), (4, 2), (5, 3), (6, 2), (7, 3), (8, 2), (9, 3), (10, 2), (11, 3)]
length: 16 76
Estimated difference between T3^fnT3 - (T2^WT3 + h.c.) is: -2.210027865419421e-06 4.884223165930322e-12
total cost: -7.781484178232575
singles alt: [(4, 0), (5, 1), (6, 0), (7, 1), (8, 0), (9, 1), (10, 0), (11, 1), (4, 2), (5, 3), (6, 2), (7, 3), (8, 2), (9, 3), (10, 2), (11, 3)]
length: 16 76
Estimated difference between T3^fnT3 - (T2^WT3 + h.c.) is: -2.2100278654188237e-06 4.884223165927682e-12
total cost: -7.781484178232574
singles alt: [(4, 0), (5, 1), (6, 0), (7, 1), (8, 0), (9, 1), (10, 0), (11, 1), (4, 2), (5, 3), (6, 2), (7, 3), (8, 2), (9, 3), (10, 2), (11, 3)]
length: 16 76
Estimated difference between T3^fnT3 - (T2^WT3 + h.c.) is: -2.210027865418207e-06 4.8842231659249564e-12
total cost: -7.781484178232573
singles alt: [(4, 0), (5, 1), (6, 0), (7, 1), (8, 0), (9, 1), (10, 0), (11, 1), (4, 2), (5, 3), (6, 2), (7, 3), (8, 2), (9, 3), (10, 2), (11, 3)]
length: 16 76
Estimated difference between T3^fnT3 - (T2^WT3 + h.c.) is: -2.210027865419736e-06 4.8842231659317144e-12
total cost: -7.7814841782325725
singles alt: [(4, 0), (5, 1), (6, 0), (7, 1), (8, 0), (9, 1), (10, 0), (11, 1), (4, 2), (5, 3), (6, 2), (7, 3), (8, 2), (9, 3), (10, 2), (11, 3)]
length: 16 76
Estimated difference between T3^fnT3 - (T2^WT3 + h.c.) is: -2.2100281496753143e-06 4.884224422357294e-12
total cost: -7.781484177412979
singles alt: [(4, 0), (5, 1), (6, 0), (7, 1), (8, 0), (9, 1), (10, 0), (11, 1), (4, 2), (5, 3), (6, 2), (7, 3), (8, 2), (9, 3), (10, 2), (11, 3)]
length: 16 76
Estimated difference between T3^fnT3 - (T2^WT3 + h.c.) is: -2.2100285057906023e-06 4.884225996407043e-12
total cost: -7.781484178048565
singles alt: [(4, 0), (5, 1), (6, 0), (7, 1), (8, 0), (9, 1), (10, 0), (11, 1), (4, 2), (5, 3), (6, 2), (7, 3), (8, 2), (9, 3), (10, 2), (11, 3)]
length: 16 76
Estimated difference between T3^fnT3 - (T2^WT3 + h.c.) is: -2.2100285057906023e-06 4.884225996407043e-12
total cost: -7.78148417804866
singles alt: [(4, 0), (5, 1), (6, 0), (7, 1), (8, 0), (9, 1), (10, 0), (11, 1), (4, 2), (5, 3), (6, 2), (7, 3), (8, 2), (9, 3), (10, 2), (11, 3)]
length: 16 76
Estimated difference between T3^fnT3 - (T2^WT3 + h.c.) is: -2.210027975555737e-06 4.884223652738989e-12
total cost: -7.7814841785769175
singles alt: [(4, 0), (5, 1), (6, 0), (7, 1), (8, 0), (9, 1), (10, 0), (11, 1), (4, 2), (5, 3), (6, 2), (7, 3), (8, 2), (9, 3), (10, 2), (11, 3)]
length: 16 76
Estimated difference between T3^fnT3 - (T2^WT3 + h.c.) is: -2.2100278654196216e-06 4.884223165931209e-12
total cost: -7.78148417823258
singles alt: [(4, 0), (5, 1), (6, 0), (7, 1), (8, 0), (9, 1), (10, 0), (11, 1), (4, 2), (5, 3), (6, 2), (7, 3), (8, 2), (9, 3), (10, 2), (11, 3)]
length: 16 76
Estimated difference between T3^fnT3 - (T2^WT3 + h.c.) is: -2.2100278654196313e-06 4.884223165931252e-12
total cost: -7.781484178232574
singles alt: [(4, 0), (5, 1), (6, 0), (7, 1), (8, 0), (9, 1), (10, 0), (11, 1), (4, 2), (5, 3), (6, 2), (7, 3), (8, 2), (9, 3), (10, 2), (11, 3)]
length: 16 76
Estimated difference between T3^fnT3 - (T2^WT3 + h.c.) is: -2.210027865418699e-06 4.884223165927132e-12
total cost: -7.781484178232574
singles alt: [(4, 0), (5, 1), (6, 0), (7, 1), (8, 0), (9, 1), (10, 0), (11, 1), (4, 2), (5, 3), (6, 2), (7, 3), (8, 2), (9, 3), (10, 2), (11, 3)]
length: 16 76
Estimated difference between T3^fnT3 - (T2^WT3 + h.c.) is: -2.210027865419796e-06 4.88422316593198e-12
total cost: -7.7814841782325725
singles alt: [(4, 0), (5, 1), (6, 0), (7, 1), (8, 0), (9, 1), (10, 0), (11, 1), (4, 2), (5, 3), (6, 2), (7, 3), (8, 2), (9, 3), (10, 2), (11, 3)]
length: 16 76
Estimated difference between T3^fnT3 - (T2^WT3 + h.c.) is: -2.2100279475917286e-06 4.8842235291365085e-12
total cost: -7.781484177364407
singles alt: [(4, 0), (5, 1), (6, 0), (7, 1), (8, 0), (9, 1), (10, 0), (11, 1), (4, 2), (5, 3), (6, 2), (7, 3), (8, 2), (9, 3), (10, 2), (11, 3)]
length: 16 76
Estimated difference between T3^fnT3 - (T2^WT3 + h.c.) is: -2.2100277738745372e-06 4.884222761296843e-12
total cost: -7.781484178371386
singles alt: [(4, 0), (5, 1), (6, 0), (7, 1), (8, 0), (9, 1), (10, 0), (11, 1), (4, 2), (5, 3), (6, 2), (7, 3), (8, 2), (9, 3), (10, 2), (11, 3)]
length: 16 76
Estimated difference between T3^fnT3 - (T2^WT3 + h.c.) is: -2.210027385568316e-06 4.884221044961926e-12
total cost: -7.781484178672304
singles alt: [(4, 0), (5, 1), (6, 0), (7, 1), (8, 0), (9, 1), (10, 0), (11, 1), (4, 2), (5, 3), (6, 2), (7, 3), (8, 2), (9, 3), (10, 2), (11, 3)]
length: 16 76
Estimated difference between T3^fnT3 - (T2^WT3 + h.c.) is: -2.2100277672986202e-06 4.8842227322309245e-12
total cost: -7.781484177806812
singles alt: [(4, 0), (5, 1), (6, 0), (7, 1), (8, 0), (9, 1), (10, 0), (11, 1), (4, 2), (5, 3), (6, 2), (7, 3), (8, 2), (9, 3), (10, 2), (11, 3)]
length: 16 76
Estimated difference between T3^fnT3 - (T2^WT3 + h.c.) is: -2.210027865419621e-06 4.884223165931207e-12
total cost: -7.78148417823258
singles alt: [(4, 0), (5, 1), (6, 0), (7, 1), (8, 0), (9, 1), (10, 0), (11, 1), (4, 2), (5, 3), (6, 2), (7, 3), (8, 2), (9, 3), (10, 2), (11, 3)]
length: 16 76
Estimated difference between T3^fnT3 - (T2^WT3 + h.c.) is: -2.210027865418699e-06 4.884223165927132e-12
total cost: -7.781484178232574
singles alt: [(4, 0), (5, 1), (6, 0), (7, 1), (8, 0), (9, 1), (10, 0), (11, 1), (4, 2), (5, 3), (6, 2), (7, 3), (8, 2), (9, 3), (10, 2), (11, 3)]
length: 16 76
Estimated difference between T3^fnT3 - (T2^WT3 + h.c.) is: -2.2100278654196313e-06 4.884223165931252e-12
total cost: -7.781484178232574
singles alt: [(4, 0), (5, 1), (6, 0), (7, 1), (8, 0), (9, 1), (10, 0), (11, 1), (4, 2), (5, 3), (6, 2), (7, 3), (8, 2), (9, 3), (10, 2), (11, 3)]
length: 16 76
Estimated difference between T3^fnT3 - (T2^WT3 + h.c.) is: -2.210027865419796e-06 4.88422316593198e-12
total cost: -7.7814841782325725
singles alt: [(4, 0), (5, 1), (6, 0), (7, 1), (8, 0), (9, 1), (10, 0), (11, 1), (4, 2), (5, 3), (6, 2), (7, 3), (8, 2), (9, 3), (10, 2), (11, 3)]
length: 16 76
Estimated difference between T3^fnT3 - (T2^WT3 + h.c.) is: -2.2100278654196207e-06 4.8842231659312055e-12
total cost: -7.78148417823258
singles alt: [(4, 0), (5, 1), (6, 0), (7, 1), (8, 0), (9, 1), (10, 0), (11, 1), (4, 2), (5, 3), (6, 2), (7, 3), (8, 2), (9, 3), (10, 2), (11, 3)]
length: 16 76
Estimated difference between T3^fnT3 - (T2^WT3 + h.c.) is: -2.2100278654186996e-06 4.8842231659271334e-12
total cost: -7.781484178232574
singles alt: [(4, 0), (5, 1), (6, 0), (7, 1), (8, 0), (9, 1), (10, 0), (11, 1), (4, 2), (5, 3), (6, 2), (7, 3), (8, 2), (9, 3), (10, 2), (11, 3)]
length: 16 76
Estimated difference between T3^fnT3 - (T2^WT3 + h.c.) is: -2.2100278654196313e-06 4.884223165931252e-12
total cost: -7.781484178232574
singles alt: [(4, 0), (5, 1), (6, 0), (7, 1), (8, 0), (9, 1), (10, 0), (11, 1), (4, 2), (5, 3), (6, 2), (7, 3), (8, 2), (9, 3), (10, 2), (11, 3)]
length: 16 76
Estimated difference between T3^fnT3 - (T2^WT3 + h.c.) is: -2.2100278654197957e-06 4.8842231659319786e-12
total cost: -7.7814841782325725
singles alt: [(4, 0), (5, 1), (6, 0), (7, 1), (8, 0), (9, 1), (10, 0), (11, 1), (4, 2), (5, 3), (6, 2), (7, 3), (8, 2), (9, 3), (10, 2), (11, 3)]
length: 16 76
Estimated difference between T3^fnT3 - (T2^WT3 + h.c.) is: -2.210028087579422e-06 4.884224147889958e-12
total cost: -7.781484177477505
singles alt: [(4, 0), (5, 1), (6, 0), (7, 1), (8, 0), (9, 1), (10, 0), (11, 1), (4, 2), (5, 3), (6, 2), (7, 3), (8, 2), (9, 3), (10, 2), (11, 3)]
length: 16 76
Estimated difference between T3^fnT3 - (T2^WT3 + h.c.) is: -2.210027981409027e-06 4.884223678610858e-12
total cost: -7.781484177950277
singles alt: [(4, 0), (5, 1), (6, 0), (7, 1), (8, 0), (9, 1), (10, 0), (11, 1), (4, 2), (5, 3), (6, 2), (7, 3), (8, 2), (9, 3), (10, 2), (11, 3)]
length: 16 76
Estimated difference between T3^fnT3 - (T2^WT3 + h.c.) is: -2.210027981409027e-06 4.884223678610858e-12
total cost: -7.781484177950278
singles alt: [(4, 0), (5, 1), (6, 0), (7, 1), (8, 0), (9, 1), (10, 0), (11, 1), (4, 2), (5, 3), (6, 2), (7, 3), (8, 2), (9, 3), (10, 2), (11, 3)]
length: 16 76
Estimated difference between T3^fnT3 - (T2^WT3 + h.c.) is: -2.2100279856784312e-06 4.884223697481864e-12
total cost: -7.7814841786896976
singles alt: [(4, 0), (5, 1), (6, 0), (7, 1), (8, 0), (9, 1), (10, 0), (11, 1), (4, 2), (5, 3), (6, 2), (7, 3), (8, 2), (9, 3), (10, 2), (11, 3)]
length: 16 76
Estimated difference between T3^fnT3 - (T2^WT3 + h.c.) is: -2.21002786541731e-06 4.884223165920992e-12
total cost: -7.781484178232574
singles alt: [(4, 0), (5, 1), (6, 0), (7, 1), (8, 0), (9, 1), (10, 0), (11, 1), (4, 2), (5, 3), (6, 2), (7, 3), (8, 2), (9, 3), (10, 2), (11, 3)]
length: 16 76
Estimated difference between T3^fnT3 - (T2^WT3 + h.c.) is: -2.21002786541731e-06 4.884223165920992e-12
total cost: -7.781484178232574
singles alt: [(4, 0), (5, 1), (6, 0), (7, 1), (8, 0), (9, 1), (10, 0), (11, 1), (4, 2), (5, 3), (6, 2), (7, 3), (8, 2), (9, 3), (10, 2), (11, 3)]
length: 16 76
Estimated difference between T3^fnT3 - (T2^WT3 + h.c.) is: -2.21002786541731e-06 4.884223165920992e-12
total cost: -7.781484178232573
singles alt: [(4, 0), (5, 1), (6, 0), (7, 1), (8, 0), (9, 1), (10, 0), (11, 1), (4, 2), (5, 3), (6, 2), (7, 3), (8, 2), (9, 3), (10, 2), (11, 3)]
length: 16 76
Estimated difference between T3^fnT3 - (T2^WT3 + h.c.) is: -2.21002786541731e-06 4.884223165920992e-12
total cost: -7.781484178232574
singles alt: [(4, 0), (5, 1), (6, 0), (7, 1), (8, 0), (9, 1), (10, 0), (11, 1), (4, 2), (5, 3), (6, 2), (7, 3), (8, 2), (9, 3), (10, 2), (11, 3)]
length: 16 76
Estimated difference between T3^fnT3 - (T2^WT3 + h.c.) is: -2.210027564536026e-06 4.8842218360090375e-12
total cost: -7.781484178530137
singles alt: [(4, 0), (5, 1), (6, 0), (7, 1), (8, 0), (9, 1), (10, 0), (11, 1), (4, 2), (5, 3), (6, 2), (7, 3), (8, 2), (9, 3), (10, 2), (11, 3)]
length: 16 76
Estimated difference between T3^fnT3 - (T2^WT3 + h.c.) is: -2.2100275645360266e-06 4.8842218360090415e-12
total cost: -7.781484178530121
singles alt: [(4, 0), (5, 1), (6, 0), (7, 1), (8, 0), (9, 1), (10, 0), (11, 1), (4, 2), (5, 3), (6, 2), (7, 3), (8, 2), (9, 3), (10, 2), (11, 3)]
length: 16 76
Estimated difference between T3^fnT3 - (T2^WT3 + h.c.) is: -2.2100278654183764e-06 4.884223165925705e-12
total cost: -7.781484178232574
singles alt: [(4, 0), (5, 1), (6, 0), (7, 1), (8, 0), (9, 1), (10, 0), (11, 1), (4, 2), (5, 3), (6, 2), (7, 3), (8, 2), (9, 3), (10, 2), (11, 3)]
length: 16 76
Estimated difference between T3^fnT3 - (T2^WT3 + h.c.) is: -2.2100278654183756e-06 4.884223165925702e-12
total cost: -7.781484178232574
singles alt: [(4, 0), (5, 1), (6, 0), (7, 1), (8, 0), (9, 1), (10, 0), (11, 1), (4, 2), (5, 3), (6, 2), (7, 3), (8, 2), (9, 3), (10, 2), (11, 3)]
length: 16 76
Estimated difference between T3^fnT3 - (T2^WT3 + h.c.) is: -2.2100278654203932e-06 4.88422316593462e-12
total cost: -7.781484178232574
singles alt: [(4, 0), (5, 1), (6, 0), (7, 1), (8, 0), (9, 1), (10, 0), (11, 1), (4, 2), (5, 3), (6, 2), (7, 3), (8, 2), (9, 3), (10, 2), (11, 3)]
length: 16 76
Estimated difference between T3^fnT3 - (T2^WT3 + h.c.) is: -2.2100278654203932e-06 4.88422316593462e-12
total cost: -7.781484178232575
singles alt: [(4, 0), (5, 1), (6, 0), (7, 1), (8, 0), (9, 1), (10, 0), (11, 1), (4, 2), (5, 3), (6, 2), (7, 3), (8, 2), (9, 3), (10, 2), (11, 3)]
length: 16 76
Estimated difference between T3^fnT3 - (T2^WT3 + h.c.) is: -2.2100278654203932e-06 4.88422316593462e-12
total cost: -7.781484178232574
singles alt: [(4, 0), (5, 1), (6, 0), (7, 1), (8, 0), (9, 1), (10, 0), (11, 1), (4, 2), (5, 3), (6, 2), (7, 3), (8, 2), (9, 3), (10, 2), (11, 3)]
length: 16 76
Estimated difference between T3^fnT3 - (T2^WT3 + h.c.) is: -2.2100278654203932e-06 4.88422316593462e-12
total cost: -7.781484178232574
singles alt: [(4, 0), (5, 1), (6, 0), (7, 1), (8, 0), (9, 1), (10, 0), (11, 1), (4, 2), (5, 3), (6, 2), (7, 3), (8, 2), (9, 3), (10, 2), (11, 3)]
length: 16 76
Estimated difference between T3^fnT3 - (T2^WT3 + h.c.) is: -2.2100278654197885e-06 4.884223165931946e-12
total cost: -7.78148417834075
singles alt: [(4, 0), (5, 1), (6, 0), (7, 1), (8, 0), (9, 1), (10, 0), (11, 1), (4, 2), (5, 3), (6, 2), (7, 3), (8, 2), (9, 3), (10, 2), (11, 3)]
length: 16 76
Estimated difference between T3^fnT3 - (T2^WT3 + h.c.) is: -2.2100278654197885e-06 4.884223165931946e-12
total cost: -7.781484178340734
singles alt: [(4, 0), (5, 1), (6, 0), (7, 1), (8, 0), (9, 1), (10, 0), (11, 1), (4, 2), (5, 3), (6, 2), (7, 3), (8, 2), (9, 3), (10, 2), (11, 3)]
length: 16 76
Estimated difference between T3^fnT3 - (T2^WT3 + h.c.) is: -2.2100278654197885e-06 4.884223165931946e-12
total cost: -7.781484178232573
singles alt: [(4, 0), (5, 1), (6, 0), (7, 1), (8, 0), (9, 1), (10, 0), (11, 1), (4, 2), (5, 3), (6, 2), (7, 3), (8, 2), (9, 3), (10, 2), (11, 3)]
length: 16 76
Estimated difference between T3^fnT3 - (T2^WT3 + h.c.) is: -2.2100278654197885e-06 4.884223165931946e-12
total cost: -7.781484178232573
singles alt: [(4, 0), (5, 1), (6, 0), (7, 1), (8, 0), (9, 1), (10, 0), (11, 1), (4, 2), (5, 3), (6, 2), (7, 3), (8, 2), (9, 3), (10, 2), (11, 3)]
length: 16 76
Estimated difference between T3^fnT3 - (T2^WT3 + h.c.) is: -2.2100278654197885e-06 4.884223165931946e-12
total cost: -7.781484178232573
singles alt: [(4, 0), (5, 1), (6, 0), (7, 1), (8, 0), (9, 1), (10, 0), (11, 1), (4, 2), (5, 3), (6, 2), (7, 3), (8, 2), (9, 3), (10, 2), (11, 3)]
length: 16 76
Estimated difference between T3^fnT3 - (T2^WT3 + h.c.) is: -2.2100278654197885e-06 4.884223165931946e-12
total cost: -7.781484178232573
singles alt: [(4, 0), (5, 1), (6, 0), (7, 1), (8, 0), (9, 1), (10, 0), (11, 1), (4, 2), (5, 3), (6, 2), (7, 3), (8, 2), (9, 3), (10, 2), (11, 3)]
length: 16 76
Estimated difference between T3^fnT3 - (T2^WT3 + h.c.) is: -2.2100278654197885e-06 4.884223165931946e-12
total cost: -7.7814841782469495
singles alt: [(4, 0), (5, 1), (6, 0), (7, 1), (8, 0), (9, 1), (10, 0), (11, 1), (4, 2), (5, 3), (6, 2), (7, 3), (8, 2), (9, 3), (10, 2), (11, 3)]
length: 16 76
Estimated difference between T3^fnT3 - (T2^WT3 + h.c.) is: -2.2100278654197885e-06 4.884223165931946e-12
total cost: -7.781484178246945
singles alt: [(4, 0), (5, 1), (6, 0), (7, 1), (8, 0), (9, 1), (10, 0), (11, 1), (4, 2), (5, 3), (6, 2), (7, 3), (8, 2), (9, 3), (10, 2), (11, 3)]
length: 16 76
Estimated difference between T3^fnT3 - (T2^WT3 + h.c.) is: -2.2100278654197885e-06 4.884223165931946e-12
total cost: -7.7814841782720485
singles alt: [(4, 0), (5, 1), (6, 0), (7, 1), (8, 0), (9, 1), (10, 0), (11, 1), (4, 2), (5, 3), (6, 2), (7, 3), (8, 2), (9, 3), (10, 2), (11, 3)]
length: 16 76
Estimated difference between T3^fnT3 - (T2^WT3 + h.c.) is: -2.2100278654197885e-06 4.884223165931946e-12
total cost: -7.781484178271983
singles alt: [(4, 0), (5, 1), (6, 0), (7, 1), (8, 0), (9, 1), (10, 0), (11, 1), (4, 2), (5, 3), (6, 2), (7, 3), (8, 2), (9, 3), (10, 2), (11, 3)]
length: 16 76
Estimated difference between T3^fnT3 - (T2^WT3 + h.c.) is: -2.2100278654197885e-06 4.884223165931946e-12
total cost: -7.7814841782325725
singles alt: [(4, 0), (5, 1), (6, 0), (7, 1), (8, 0), (9, 1), (10, 0), (11, 1), (4, 2), (5, 3), (6, 2), (7, 3), (8, 2), (9, 3), (10, 2), (11, 3)]
length: 16 76
Estimated difference between T3^fnT3 - (T2^WT3 + h.c.) is: -2.2100278654197885e-06 4.884223165931946e-12
total cost: -7.7814841782325725
singles alt: [(4, 0), (5, 1), (6, 0), (7, 1), (8, 0), (9, 1), (10, 0), (11, 1), (4, 2), (5, 3), (6, 2), (7, 3), (8, 2), (9, 3), (10, 2), (11, 3)]
length: 16 76
Estimated difference between T3^fnT3 - (T2^WT3 + h.c.) is: -2.2100278654197885e-06 4.884223165931946e-12
total cost: -7.7814841782325725
singles alt: [(4, 0), (5, 1), (6, 0), (7, 1), (8, 0), (9, 1), (10, 0), (11, 1), (4, 2), (5, 3), (6, 2), (7, 3), (8, 2), (9, 3), (10, 2), (11, 3)]
length: 16 76
Estimated difference between T3^fnT3 - (T2^WT3 + h.c.) is: -2.2100278654197885e-06 4.884223165931946e-12
total cost: -7.7814841782325725
singles alt: [(4, 0), (5, 1), (6, 0), (7, 1), (8, 0), (9, 1), (10, 0), (11, 1), (4, 2), (5, 3), (6, 2), (7, 3), (8, 2), (9, 3), (10, 2), (11, 3)]
length: 16 76
Estimated difference between T3^fnT3 - (T2^WT3 + h.c.) is: -2.2100278654197885e-06 4.884223165931946e-12
total cost: -7.781484178209116
singles alt: [(4, 0), (5, 1), (6, 0), (7, 1), (8, 0), (9, 1), (10, 0), (11, 1), (4, 2), (5, 3), (6, 2), (7, 3), (8, 2), (9, 3), (10, 2), (11, 3)]
length: 16 76
Estimated difference between T3^fnT3 - (T2^WT3 + h.c.) is: -2.2100278654197885e-06 4.884223165931946e-12
total cost: -7.781484178209098
singles alt: [(4, 0), (5, 1), (6, 0), (7, 1), (8, 0), (9, 1), (10, 0), (11, 1), (4, 2), (5, 3), (6, 2), (7, 3), (8, 2), (9, 3), (10, 2), (11, 3)]
callback: energy=-7.781481968205
singles alt: [(4, 0), (5, 1), (6, 0), (7, 1), (8, 0), (9, 1), (10, 0), (11, 1), (4, 2), (5, 3), (6, 2), (7, 3), (8, 2), (9, 3), (10, 2), (11, 3)]
length: 16 76
Estimated difference between T3^fnT3 - (T2^WT3 + h.c.) is: -1.149540548438715e-05 1.3214434725047818e-10
total cost: -7.714293043176171
singles alt: [(4, 0), (5, 1), (6, 0), (7, 1), (8, 0), (9, 1), (10, 0), (11, 1), (4, 2), (5, 3), (6, 2), (7, 3), (8, 2), (9, 3), (10, 2), (11, 3)]
length: 16 76
Estimated difference between T3^fnT3 - (T2^WT3 + h.c.) is: -1.1495401883160645e-05 1.321442644553733e-10
total cost: -7.714293053465008
singles alt: [(4, 0), (5, 1), (6, 0), (7, 1), (8, 0), (9, 1), (10, 0), (11, 1), (4, 2), (5, 3), (6, 2), (7, 3), (8, 2), (9, 3), (10, 2), (11, 3)]
length: 16 76
Estimated difference between T3^fnT3 - (T2^WT3 + h.c.) is: -1.149540567894472e-05 1.321443517235145e-10
total cost: -7.7142930428351075
singles alt: [(4, 0), (5, 1), (6, 0), (7, 1), (8, 0), (9, 1), (10, 0), (11, 1), (4, 2), (5, 3), (6, 2), (7, 3), (8, 2), (9, 3), (10, 2), (11, 3)]
length: 16 76
Estimated difference between T3^fnT3 - (T2^WT3 + h.c.) is: -1.1495405678831749e-05 1.3214435172091722e-10
total cost: -7.714293042835054
singles alt: [(4, 0), (5, 1), (6, 0), (7, 1), (8, 0), (9, 1), (10, 0), (11, 1), (4, 2), (5, 3), (6, 2), (7, 3), (8, 2), (9, 3), (10, 2), (11, 3)]
length: 16 76
Estimated difference between T3^fnT3 - (T2^WT3 + h.c.) is: -1.1495405376888493e-05 1.3214434477899687e-10
total cost: -7.7142930431316925
singles alt: [(4, 0), (5, 1), (6, 0), (7, 1), (8, 0), (9, 1), (10, 0), (11, 1), (4, 2), (5, 3), (6, 2), (7, 3), (8, 2), (9, 3), (10, 2), (11, 3)]
length: 16 76
Estimated difference between T3^fnT3 - (T2^WT3 + h.c.) is: -1.1495405484392198e-05 1.3214434725059424e-10
total cost: -7.714293043176154
singles alt: [(4, 0), (5, 1), (6, 0), (7, 1), (8, 0), (9, 1), (10, 0), (11, 1), (4, 2), (5, 3), (6, 2), (7, 3), (8, 2), (9, 3), (10, 2), (11, 3)]
length: 16 76
Estimated difference between T3^fnT3 - (T2^WT3 + h.c.) is: -1.149540548439652e-05 1.3214434725069358e-10
total cost: -7.714293043176167
singles alt: [(4, 0), (5, 1), (6, 0), (7, 1), (8, 0), (9, 1), (10, 0), (11, 1), (4, 2), (5, 3), (6, 2), (7, 3), (8, 2), (9, 3), (10, 2), (11, 3)]
length: 16 76
Estimated difference between T3^fnT3 - (T2^WT3 + h.c.) is: -1.1495405484387985e-05 1.3214434725049736e-10
total cost: -7.714293043176169
singles alt: [(4, 0), (5, 1), (6, 0), (7, 1), (8, 0), (9, 1), (10, 0), (11, 1), (4, 2), (5, 3), (6, 2), (7, 3), (8, 2), (9, 3), (10, 2), (11, 3)]
length: 16 76
Estimated difference between T3^fnT3 - (T2^WT3 + h.c.) is: -1.1495405484387662e-05 1.3214434725048994e-10
total cost: -7.71429304317617
singles alt: [(4, 0), (5, 1), (6, 0), (7, 1), (8, 0), (9, 1), (10, 0), (11, 1), (4, 2), (5, 3), (6, 2), (7, 3), (8, 2), (9, 3), (10, 2), (11, 3)]
length: 16 76
Estimated difference between T3^fnT3 - (T2^WT3 + h.c.) is: -1.1495405484392198e-05 1.3214434725059424e-10
total cost: -7.714293043176154
singles alt: [(4, 0), (5, 1), (6, 0), (7, 1), (8, 0), (9, 1), (10, 0), (11, 1), (4, 2), (5, 3), (6, 2), (7, 3), (8, 2), (9, 3), (10, 2), (11, 3)]
length: 16 76
Estimated difference between T3^fnT3 - (T2^WT3 + h.c.) is: -1.1495405484396566e-05 1.3214434725069464e-10
total cost: -7.714293043176167
singles alt: [(4, 0), (5, 1), (6, 0), (7, 1), (8, 0), (9, 1), (10, 0), (11, 1), (4, 2), (5, 3), (6, 2), (7, 3), (8, 2), (9, 3), (10, 2), (11, 3)]
length: 16 76
Estimated difference between T3^fnT3 - (T2^WT3 + h.c.) is: -1.1495405484387985e-05 1.3214434725049736e-10
total cost: -7.714293043176169
singles alt: [(4, 0), (5, 1), (6, 0), (7, 1), (8, 0), (9, 1), (10, 0), (11, 1), (4, 2), (5, 3), (6, 2), (7, 3), (8, 2), (9, 3), (10, 2), (11, 3)]
length: 16 76
Estimated difference between T3^fnT3 - (T2^WT3 + h.c.) is: -1.1495405484387662e-05 1.3214434725048994e-10
total cost: -7.714293043176171
singles alt: [(4, 0), (5, 1), (6, 0), (7, 1), (8, 0), (9, 1), (10, 0), (11, 1), (4, 2), (5, 3), (6, 2), (7, 3), (8, 2), (9, 3), (10, 2), (11, 3)]
length: 16 76
Estimated difference between T3^fnT3 - (T2^WT3 + h.c.) is: -1.149540531737723e-05 1.321443434107847e-10
total cost: -7.714293049338623
singles alt: [(4, 0), (5, 1), (6, 0), (7, 1), (8, 0), (9, 1), (10, 0), (11, 1), (4, 2), (5, 3), (6, 2), (7, 3), (8, 2), (9, 3), (10, 2), (11, 3)]
length: 16 76
Estimated difference between T3^fnT3 - (T2^WT3 + h.c.) is: -1.1495405714574262e-05 1.3214435254266662e-10
total cost: -7.714293042220896
singles alt: [(4, 0), (5, 1), (6, 0), (7, 1), (8, 0), (9, 1), (10, 0), (11, 1), (4, 2), (5, 3), (6, 2), (7, 3), (8, 2), (9, 3), (10, 2), (11, 3)]
length: 16 76
Estimated difference between T3^fnT3 - (T2^WT3 + h.c.) is: -1.1495405559076035e-05 1.3214434896763621e-10
total cost: -7.71429304275319
singles alt: [(4, 0), (5, 1), (6, 0), (7, 1), (8, 0), (9, 1), (10, 0), (11, 1), (4, 2), (5, 3), (6, 2), (7, 3), (8, 2), (9, 3), (10, 2), (11, 3)]
length: 16 76
Estimated difference between T3^fnT3 - (T2^WT3 + h.c.) is: -1.1495405358399202e-05 1.3214434435391307e-10
total cost: -7.7142930437686115
singles alt: [(4, 0), (5, 1), (6, 0), (7, 1), (8, 0), (9, 1), (10, 0), (11, 1), (4, 2), (5, 3), (6, 2), (7, 3), (8, 2), (9, 3), (10, 2), (11, 3)]
length: 16 76
Estimated difference between T3^fnT3 - (T2^WT3 + h.c.) is: -1.1495405484392198e-05 1.3214434725059424e-10
total cost: -7.714293043176152
singles alt: [(4, 0), (5, 1), (6, 0), (7, 1), (8, 0), (9, 1), (10, 0), (11, 1), (4, 2), (5, 3), (6, 2), (7, 3), (8, 2), (9, 3), (10, 2), (11, 3)]
length: 16 76
Estimated difference between T3^fnT3 - (T2^WT3 + h.c.) is: -1.1495405484387987e-05 1.321443472504974e-10
total cost: -7.714293043176169
singles alt: [(4, 0), (5, 1), (6, 0), (7, 1), (8, 0), (9, 1), (10, 0), (11, 1), (4, 2), (5, 3), (6, 2), (7, 3), (8, 2), (9, 3), (10, 2), (11, 3)]
length: 16 76
Estimated difference between T3^fnT3 - (T2^WT3 + h.c.) is: -1.1495405484397148e-05 1.3214434725070803e-10
total cost: -7.714293043176167
singles alt: [(4, 0), (5, 1), (6, 0), (7, 1), (8, 0), (9, 1), (10, 0), (11, 1), (4, 2), (5, 3), (6, 2), (7, 3), (8, 2), (9, 3), (10, 2), (11, 3)]
length: 16 76
Estimated difference between T3^fnT3 - (T2^WT3 + h.c.) is: -1.1495405484387667e-05 1.3214434725049004e-10
total cost: -7.714293043176171
singles alt: [(4, 0), (5, 1), (6, 0), (7, 1), (8, 0), (9, 1), (10, 0), (11, 1), (4, 2), (5, 3), (6, 2), (7, 3), (8, 2), (9, 3), (10, 2), (11, 3)]
length: 16 76
Estimated difference between T3^fnT3 - (T2^WT3 + h.c.) is: -1.1495404988367541e-05 1.3214433584658534e-10
total cost: -7.714293048432834
singles alt: [(4, 0), (5, 1), (6, 0), (7, 1), (8, 0), (9, 1), (10, 0), (11, 1), (4, 2), (5, 3), (6, 2), (7, 3), (8, 2), (9, 3), (10, 2), (11, 3)]
length: 16 76
Estimated difference between T3^fnT3 - (T2^WT3 + h.c.) is: -1.1495405606230334e-05 1.321443500517518e-10
total cost: -7.714293043113664
singles alt: [(4, 0), (5, 1), (6, 0), (7, 1), (8, 0), (9, 1), (10, 0), (11, 1), (4, 2), (5, 3), (6, 2), (7, 3), (8, 2), (9, 3), (10, 2), (11, 3)]
length: 16 76
Estimated difference between T3^fnT3 - (T2^WT3 + h.c.) is: -1.1495405606855875e-05 1.321443500661335e-10
total cost: -7.71429304311439
singles alt: [(4, 0), (5, 1), (6, 0), (7, 1), (8, 0), (9, 1), (10, 0), (11, 1), (4, 2), (5, 3), (6, 2), (7, 3), (8, 2), (9, 3), (10, 2), (11, 3)]
length: 16 76
Estimated difference between T3^fnT3 - (T2^WT3 + h.c.) is: -1.1495405662967962e-05 1.321443513561959e-10
total cost: -7.714293042706003
singles alt: [(4, 0), (5, 1), (6, 0), (7, 1), (8, 0), (9, 1), (10, 0), (11, 1), (4, 2), (5, 3), (6, 2), (7, 3), (8, 2), (9, 3), (10, 2), (11, 3)]
length: 16 76
Estimated difference between T3^fnT3 - (T2^WT3 + h.c.) is: -1.1495405484390254e-05 1.3214434725054952e-10
total cost: -7.714293043176155
singles alt: [(4, 0), (5, 1), (6, 0), (7, 1), (8, 0), (9, 1), (10, 0), (11, 1), (4, 2), (5, 3), (6, 2), (7, 3), (8, 2), (9, 3), (10, 2), (11, 3)]
length: 16 76
Estimated difference between T3^fnT3 - (T2^WT3 + h.c.) is: -1.1495405484389178e-05 1.3214434725052478e-10
total cost: -7.714293043176169
singles alt: [(4, 0), (5, 1), (6, 0), (7, 1), (8, 0), (9, 1), (10, 0), (11, 1), (4, 2), (5, 3), (6, 2), (7, 3), (8, 2), (9, 3), (10, 2), (11, 3)]
length: 16 76
Estimated difference between T3^fnT3 - (T2^WT3 + h.c.) is: -1.149540548438765e-05 1.3214434725048965e-10
total cost: -7.71429304317617
singles alt: [(4, 0), (5, 1), (6, 0), (7, 1), (8, 0), (9, 1), (10, 0), (11, 1), (4, 2), (5, 3), (6, 2), (7, 3), (8, 2), (9, 3), (10, 2), (11, 3)]
length: 16 76
Estimated difference between T3^fnT3 - (T2^WT3 + h.c.) is: -1.1495405484387587e-05 1.321443472504882e-10
total cost: -7.714293043176171
singles alt: [(4, 0), (5, 1), (6, 0), (7, 1), (8, 0), (9, 1), (10, 0), (11, 1), (4, 2), (5, 3), (6, 2), (7, 3), (8, 2), (9, 3), (10, 2), (11, 3)]
length: 16 76
Estimated difference between T3^fnT3 - (T2^WT3 + h.c.) is: -1.1495405484388485e-05 1.3214434725050886e-10
total cost: -7.714293043176117
singles alt: [(4, 0), (5, 1), (6, 0), (7, 1), (8, 0), (9, 1), (10, 0), (11, 1), (4, 2), (5, 3), (6, 2), (7, 3), (8, 2), (9, 3), (10, 2), (11, 3)]
length: 16 76
Estimated difference between T3^fnT3 - (T2^WT3 + h.c.) is: -1.1495405484388299e-05 1.3214434725050457e-10
total cost: -7.714293043176168
singles alt: [(4, 0), (5, 1), (6, 0), (7, 1), (8, 0), (9, 1), (10, 0), (11, 1), (4, 2), (5, 3), (6, 2), (7, 3), (8, 2), (9, 3), (10, 2), (11, 3)]
length: 16 76
Estimated difference between T3^fnT3 - (T2^WT3 + h.c.) is: -1.1495405484390838e-05 1.3214434725056296e-10
total cost: -7.714293043176168
singles alt: [(4, 0), (5, 1), (6, 0), (7, 1), (8, 0), (9, 1), (10, 0), (11, 1), (4, 2), (5, 3), (6, 2), (7, 3), (8, 2), (9, 3), (10, 2), (11, 3)]
length: 16 76
Estimated difference between T3^fnT3 - (T2^WT3 + h.c.) is: -1.149540548438731e-05 1.3214434725048182e-10
total cost: -7.71429304317617
singles alt: [(4, 0), (5, 1), (6, 0), (7, 1), (8, 0), (9, 1), (10, 0), (11, 1), (4, 2), (5, 3), (6, 2), (7, 3), (8, 2), (9, 3), (10, 2), (11, 3)]
length: 16 76
Estimated difference between T3^fnT3 - (T2^WT3 + h.c.) is: -1.1495405484392198e-05 1.3214434725059424e-10
total cost: -7.714293043176155
singles alt: [(4, 0), (5, 1), (6, 0), (7, 1), (8, 0), (9, 1), (10, 0), (11, 1), (4, 2), (5, 3), (6, 2), (7, 3), (8, 2), (9, 3), (10, 2), (11, 3)]
length: 16 76
Estimated difference between T3^fnT3 - (T2^WT3 + h.c.) is: -1.1495405484387987e-05 1.321443472504974e-10
total cost: -7.71429304317617
singles alt: [(4, 0), (5, 1), (6, 0), (7, 1), (8, 0), (9, 1), (10, 0), (11, 1), (4, 2), (5, 3), (6, 2), (7, 3), (8, 2), (9, 3), (10, 2), (11, 3)]
length: 16 76
Estimated difference between T3^fnT3 - (T2^WT3 + h.c.) is: -1.1495405484395935e-05 1.3214434725068014e-10
total cost: -7.714293043176167
singles alt: [(4, 0), (5, 1), (6, 0), (7, 1), (8, 0), (9, 1), (10, 0), (11, 1), (4, 2), (5, 3), (6, 2), (7, 3), (8, 2), (9, 3), (10, 2), (11, 3)]
length: 16 76
Estimated difference between T3^fnT3 - (T2^WT3 + h.c.) is: -1.1495405484387668e-05 1.321443472504901e-10
total cost: -7.714293043176171
singles alt: [(4, 0), (5, 1), (6, 0), (7, 1), (8, 0), (9, 1), (10, 0), (11, 1), (4, 2), (5, 3), (6, 2), (7, 3), (8, 2), (9, 3), (10, 2), (11, 3)]
length: 16 76
Estimated difference between T3^fnT3 - (T2^WT3 + h.c.) is: -1.1495405484390254e-05 1.3214434725054952e-10
total cost: -7.714293043176156
singles alt: [(4, 0), (5, 1), (6, 0), (7, 1), (8, 0), (9, 1), (10, 0), (11, 1), (4, 2), (5, 3), (6, 2), (7, 3), (8, 2), (9, 3), (10, 2), (11, 3)]
length: 16 76
Estimated difference between T3^fnT3 - (T2^WT3 + h.c.) is: -1.1495405484392317e-05 1.3214434725059696e-10
total cost: -7.714293043176167
singles alt: [(4, 0), (5, 1), (6, 0), (7, 1), (8, 0), (9, 1), (10, 0), (11, 1), (4, 2), (5, 3), (6, 2), (7, 3), (8, 2), (9, 3), (10, 2), (11, 3)]
length: 16 76
Estimated difference between T3^fnT3 - (T2^WT3 + h.c.) is: -1.149540548438925e-05 1.3214434725052646e-10
total cost: -7.714293043176169
singles alt: [(4, 0), (5, 1), (6, 0), (7, 1), (8, 0), (9, 1), (10, 0), (11, 1), (4, 2), (5, 3), (6, 2), (7, 3), (8, 2), (9, 3), (10, 2), (11, 3)]
length: 16 76
Estimated difference between T3^fnT3 - (T2^WT3 + h.c.) is: -1.1495405484387587e-05 1.321443472504882e-10
total cost: -7.71429304317617
singles alt: [(4, 0), (5, 1), (6, 0), (7, 1), (8, 0), (9, 1), (10, 0), (11, 1), (4, 2), (5, 3), (6, 2), (7, 3), (8, 2), (9, 3), (10, 2), (11, 3)]
length: 16 76
Estimated difference between T3^fnT3 - (T2^WT3 + h.c.) is: -1.1495404988538732e-05 1.3214433585052116e-10
total cost: -7.714293048431095
singles alt: [(4, 0), (5, 1), (6, 0), (7, 1), (8, 0), (9, 1), (10, 0), (11, 1), (4, 2), (5, 3), (6, 2), (7, 3), (8, 2), (9, 3), (10, 2), (11, 3)]
length: 16 76
Estimated difference between T3^fnT3 - (T2^WT3 + h.c.) is: -1.1495405607079916e-05 1.321443500712844e-10
total cost: -7.7142930431127645
singles alt: [(4, 0), (5, 1), (6, 0), (7, 1), (8, 0), (9, 1), (10, 0), (11, 1), (4, 2), (5, 3), (6, 2), (7, 3), (8, 2), (9, 3), (10, 2), (11, 3)]
length: 16 76
Estimated difference between T3^fnT3 - (T2^WT3 + h.c.) is: -1.1495405607760568e-05 1.3214435008693313e-10
total cost: -7.714293043113439
singles alt: [(4, 0), (5, 1), (6, 0), (7, 1), (8, 0), (9, 1), (10, 0), (11, 1), (4, 2), (5, 3), (6, 2), (7, 3), (8, 2), (9, 3), (10, 2), (11, 3)]
length: 16 76
Estimated difference between T3^fnT3 - (T2^WT3 + h.c.) is: -1.1495405663001113e-05 1.3214435135695806e-10
total cost: -7.714293042706967
singles alt: [(4, 0), (5, 1), (6, 0), (7, 1), (8, 0), (9, 1), (10, 0), (11, 1), (4, 2), (5, 3), (6, 2), (7, 3), (8, 2), (9, 3), (10, 2), (11, 3)]
length: 16 76
Estimated difference between T3^fnT3 - (T2^WT3 + h.c.) is: -1.1495405484388487e-05 1.3214434725050889e-10
total cost: -7.714293043176118
singles alt: [(4, 0), (5, 1), (6, 0), (7, 1), (8, 0), (9, 1), (10, 0), (11, 1), (4, 2), (5, 3), (6, 2), (7, 3), (8, 2), (9, 3), (10, 2), (11, 3)]
length: 16 76
Estimated difference between T3^fnT3 - (T2^WT3 + h.c.) is: -1.1495405484388299e-05 1.3214434725050457e-10
total cost: -7.714293043176168
singles alt: [(4, 0), (5, 1), (6, 0), (7, 1), (8, 0), (9, 1), (10, 0), (11, 1), (4, 2), (5, 3), (6, 2), (7, 3), (8, 2), (9, 3), (10, 2), (11, 3)]
length: 16 76
Estimated difference between T3^fnT3 - (T2^WT3 + h.c.) is: -1.1495405484390382e-05 1.3214434725055247e-10
total cost: -7.714293043176168
singles alt: [(4, 0), (5, 1), (6, 0), (7, 1), (8, 0), (9, 1), (10, 0), (11, 1), (4, 2), (5, 3), (6, 2), (7, 3), (8, 2), (9, 3), (10, 2), (11, 3)]
length: 16 76
Estimated difference between T3^fnT3 - (T2^WT3 + h.c.) is: -1.149540548438731e-05 1.3214434725048182e-10
total cost: -7.71429304317617
singles alt: [(4, 0), (5, 1), (6, 0), (7, 1), (8, 0), (9, 1), (10, 0), (11, 1), (4, 2), (5, 3), (6, 2), (7, 3), (8, 2), (9, 3), (10, 2), (11, 3)]
length: 16 76
Estimated difference between T3^fnT3 - (T2^WT3 + h.c.) is: -1.1495405317336688e-05 1.321443434098526e-10
total cost: -7.714293049338874
singles alt: [(4, 0), (5, 1), (6, 0), (7, 1), (8, 0), (9, 1), (10, 0), (11, 1), (4, 2), (5, 3), (6, 2), (7, 3), (8, 2), (9, 3), (10, 2), (11, 3)]
length: 16 76
Estimated difference between T3^fnT3 - (T2^WT3 + h.c.) is: -1.1495405559150757e-05 1.3214434896935414e-10
total cost: -7.714293042754105
singles alt: [(4, 0), (5, 1), (6, 0), (7, 1), (8, 0), (9, 1), (10, 0), (11, 1), (4, 2), (5, 3), (6, 2), (7, 3), (8, 2), (9, 3), (10, 2), (11, 3)]
length: 16 76
Estimated difference between T3^fnT3 - (T2^WT3 + h.c.) is: -1.1495405713648604e-05 1.3214435252138497e-10
total cost: -7.714293042227257
singles alt: [(4, 0), (5, 1), (6, 0), (7, 1), (8, 0), (9, 1), (10, 0), (11, 1), (4, 2), (5, 3), (6, 2), (7, 3), (8, 2), (9, 3), (10, 2), (11, 3)]
length: 16 76
Estimated difference between T3^fnT3 - (T2^WT3 + h.c.) is: -1.1495405358339239e-05 1.3214434435253447e-10
total cost: -7.714293043763323
singles alt: [(4, 0), (5, 1), (6, 0), (7, 1), (8, 0), (9, 1), (10, 0), (11, 1), (4, 2), (5, 3), (6, 2), (7, 3), (8, 2), (9, 3), (10, 2), (11, 3)]
length: 16 76
Estimated difference between T3^fnT3 - (T2^WT3 + h.c.) is: -1.1495405484388485e-05 1.3214434725050886e-10
total cost: -7.714293043176118
singles alt: [(4, 0), (5, 1), (6, 0), (7, 1), (8, 0), (9, 1), (10, 0), (11, 1), (4, 2), (5, 3), (6, 2), (7, 3), (8, 2), (9, 3), (10, 2), (11, 3)]
length: 16 76
Estimated difference between T3^fnT3 - (T2^WT3 + h.c.) is: -1.1495405484390596e-05 1.3214434725055738e-10
total cost: -7.714293043176168
singles alt: [(4, 0), (5, 1), (6, 0), (7, 1), (8, 0), (9, 1), (10, 0), (11, 1), (4, 2), (5, 3), (6, 2), (7, 3), (8, 2), (9, 3), (10, 2), (11, 3)]
length: 16 76
Estimated difference between T3^fnT3 - (T2^WT3 + h.c.) is: -1.1495405484388302e-05 1.3214434725050465e-10
total cost: -7.714293043176168
singles alt: [(4, 0), (5, 1), (6, 0), (7, 1), (8, 0), (9, 1), (10, 0), (11, 1), (4, 2), (5, 3), (6, 2), (7, 3), (8, 2), (9, 3), (10, 2), (11, 3)]
length: 16 76
Estimated difference between T3^fnT3 - (T2^WT3 + h.c.) is: -1.1495405484387308e-05 1.321443472504818e-10
total cost: -7.71429304317617
singles alt: [(4, 0), (5, 1), (6, 0), (7, 1), (8, 0), (9, 1), (10, 0), (11, 1), (4, 2), (5, 3), (6, 2), (7, 3), (8, 2), (9, 3), (10, 2), (11, 3)]
length: 16 76
Estimated difference between T3^fnT3 - (T2^WT3 + h.c.) is: -1.1495405484388483e-05 1.321443472505088e-10
total cost: -7.714293043176117
singles alt: [(4, 0), (5, 1), (6, 0), (7, 1), (8, 0), (9, 1), (10, 0), (11, 1), (4, 2), (5, 3), (6, 2), (7, 3), (8, 2), (9, 3), (10, 2), (11, 3)]
length: 16 76
Estimated difference between T3^fnT3 - (T2^WT3 + h.c.) is: -1.1495405484390582e-05 1.3214434725055707e-10
total cost: -7.714293043176168
singles alt: [(4, 0), (5, 1), (6, 0), (7, 1), (8, 0), (9, 1), (10, 0), (11, 1), (4, 2), (5, 3), (6, 2), (7, 3), (8, 2), (9, 3), (10, 2), (11, 3)]
length: 16 76
Estimated difference between T3^fnT3 - (T2^WT3 + h.c.) is: -1.1495405484388302e-05 1.3214434725050465e-10
total cost: -7.714293043176168
singles alt: [(4, 0), (5, 1), (6, 0), (7, 1), (8, 0), (9, 1), (10, 0), (11, 1), (4, 2), (5, 3), (6, 2), (7, 3), (8, 2), (9, 3), (10, 2), (11, 3)]
length: 16 76
Estimated difference between T3^fnT3 - (T2^WT3 + h.c.) is: -1.1495405484387306e-05 1.3214434725048174e-10
total cost: -7.71429304317617
singles alt: [(4, 0), (5, 1), (6, 0), (7, 1), (8, 0), (9, 1), (10, 0), (11, 1), (4, 2), (5, 3), (6, 2), (7, 3), (8, 2), (9, 3), (10, 2), (11, 3)]
length: 16 76
Estimated difference between T3^fnT3 - (T2^WT3 + h.c.) is: -1.1495405574905362e-05 1.3214434933156526e-10
total cost: -7.714293049030409
singles alt: [(4, 0), (5, 1), (6, 0), (7, 1), (8, 0), (9, 1), (10, 0), (11, 1), (4, 2), (5, 3), (6, 2), (7, 3), (8, 2), (9, 3), (10, 2), (11, 3)]
length: 16 76
Estimated difference between T3^fnT3 - (T2^WT3 + h.c.) is: -1.1495405476577684e-05 1.3214434707093221e-10
total cost: -7.714293043654301
singles alt: [(4, 0), (5, 1), (6, 0), (7, 1), (8, 0), (9, 1), (10, 0), (11, 1), (4, 2), (5, 3), (6, 2), (7, 3), (8, 2), (9, 3), (10, 2), (11, 3)]
length: 16 76
Estimated difference between T3^fnT3 - (T2^WT3 + h.c.) is: -1.1495405476611137e-05 1.321443470717013e-10
total cost: -7.714293043654301
singles alt: [(4, 0), (5, 1), (6, 0), (7, 1), (8, 0), (9, 1), (10, 0), (11, 1), (4, 2), (5, 3), (6, 2), (7, 3), (8, 2), (9, 3), (10, 2), (11, 3)]
length: 16 76
Estimated difference between T3^fnT3 - (T2^WT3 + h.c.) is: -1.1495405719631723e-05 1.3214435265894174e-10
total cost: -7.714293039561643
singles alt: [(4, 0), (5, 1), (6, 0), (7, 1), (8, 0), (9, 1), (10, 0), (11, 1), (4, 2), (5, 3), (6, 2), (7, 3), (8, 2), (9, 3), (10, 2), (11, 3)]
length: 16 76
Estimated difference between T3^fnT3 - (T2^WT3 + h.c.) is: -1.1495405484396664e-05 1.321443472506969e-10
total cost: -7.714293043176166
singles alt: [(4, 0), (5, 1), (6, 0), (7, 1), (8, 0), (9, 1), (10, 0), (11, 1), (4, 2), (5, 3), (6, 2), (7, 3), (8, 2), (9, 3), (10, 2), (11, 3)]
length: 16 76
Estimated difference between T3^fnT3 - (T2^WT3 + h.c.) is: -1.1495405484395756e-05 1.3214434725067603e-10
total cost: -7.714293043176166
singles alt: [(4, 0), (5, 1), (6, 0), (7, 1), (8, 0), (9, 1), (10, 0), (11, 1), (4, 2), (5, 3), (6, 2), (7, 3), (8, 2), (9, 3), (10, 2), (11, 3)]
length: 16 76
Estimated difference between T3^fnT3 - (T2^WT3 + h.c.) is: -1.1495405484391116e-05 1.3214434725056935e-10
total cost: -7.714293043176169
singles alt: [(4, 0), (5, 1), (6, 0), (7, 1), (8, 0), (9, 1), (10, 0), (11, 1), (4, 2), (5, 3), (6, 2), (7, 3), (8, 2), (9, 3), (10, 2), (11, 3)]
length: 16 76
Estimated difference between T3^fnT3 - (T2^WT3 + h.c.) is: -1.1495405484396723e-05 1.3214434725069826e-10
total cost: -7.714293043176166
singles alt: [(4, 0), (5, 1), (6, 0), (7, 1), (8, 0), (9, 1), (10, 0), (11, 1), (4, 2), (5, 3), (6, 2), (7, 3), (8, 2), (9, 3), (10, 2), (11, 3)]
length: 16 76
Estimated difference between T3^fnT3 - (T2^WT3 + h.c.) is: -1.1495405644767125e-05 1.3214435093774386e-10
total cost: -7.714293042672605
singles alt: [(4, 0), (5, 1), (6, 0), (7, 1), (8, 0), (9, 1), (10, 0), (11, 1), (4, 2), (5, 3), (6, 2), (7, 3), (8, 2), (9, 3), (10, 2), (11, 3)]
length: 16 76
Estimated difference between T3^fnT3 - (T2^WT3 + h.c.) is: -1.1495405645459992e-05 1.3214435095367347e-10
total cost: -7.714293042672974
singles alt: [(4, 0), (5, 1), (6, 0), (7, 1), (8, 0), (9, 1), (10, 0), (11, 1), (4, 2), (5, 3), (6, 2), (7, 3), (8, 2), (9, 3), (10, 2), (11, 3)]
length: 16 76
Estimated difference between T3^fnT3 - (T2^WT3 + h.c.) is: -1.149540548439291e-05 1.3214434725061058e-10
total cost: -7.714293043176166
singles alt: [(4, 0), (5, 1), (6, 0), (7, 1), (8, 0), (9, 1), (10, 0), (11, 1), (4, 2), (5, 3), (6, 2), (7, 3), (8, 2), (9, 3), (10, 2), (11, 3)]
length: 16 76
Estimated difference between T3^fnT3 - (T2^WT3 + h.c.) is: -1.1495405484393616e-05 1.3214434725062684e-10
total cost: -7.714293043176165
singles alt: [(4, 0), (5, 1), (6, 0), (7, 1), (8, 0), (9, 1), (10, 0), (11, 1), (4, 2), (5, 3), (6, 2), (7, 3), (8, 2), (9, 3), (10, 2), (11, 3)]
length: 16 76
Estimated difference between T3^fnT3 - (T2^WT3 + h.c.) is: -1.1495405484386442e-05 1.321443472504619e-10
total cost: -7.714293043176165
singles alt: [(4, 0), (5, 1), (6, 0), (7, 1), (8, 0), (9, 1), (10, 0), (11, 1), (4, 2), (5, 3), (6, 2), (7, 3), (8, 2), (9, 3), (10, 2), (11, 3)]
length: 16 76
Estimated difference between T3^fnT3 - (T2^WT3 + h.c.) is: -1.149540548438789e-05 1.3214434725049519e-10
total cost: -7.714293043176162
singles alt: [(4, 0), (5, 1), (6, 0), (7, 1), (8, 0), (9, 1), (10, 0), (11, 1), (4, 2), (5, 3), (6, 2), (7, 3), (8, 2), (9, 3), (10, 2), (11, 3)]
length: 16 76
Estimated difference between T3^fnT3 - (T2^WT3 + h.c.) is: -1.1495405484387318e-05 1.3214434725048203e-10
total cost: -7.7142930431761645
singles alt: [(4, 0), (5, 1), (6, 0), (7, 1), (8, 0), (9, 1), (10, 0), (11, 1), (4, 2), (5, 3), (6, 2), (7, 3), (8, 2), (9, 3), (10, 2), (11, 3)]
length: 16 76
Estimated difference between T3^fnT3 - (T2^WT3 + h.c.) is: -1.1495405484386408e-05 1.3214434725046112e-10
total cost: -7.7142930431761645
singles alt: [(4, 0), (5, 1), (6, 0), (7, 1), (8, 0), (9, 1), (10, 0), (11, 1), (4, 2), (5, 3), (6, 2), (7, 3), (8, 2), (9, 3), (10, 2), (11, 3)]
length: 16 76
Estimated difference between T3^fnT3 - (T2^WT3 + h.c.) is: -1.149540548438715e-05 1.3214434725047818e-10
total cost: -7.714293042492326
singles alt: [(4, 0), (5, 1), (6, 0), (7, 1), (8, 0), (9, 1), (10, 0), (11, 1), (4, 2), (5, 3), (6, 2), (7, 3), (8, 2), (9, 3), (10, 2), (11, 3)]
length: 16 76
Estimated difference between T3^fnT3 - (T2^WT3 + h.c.) is: -1.149540548438715e-05 1.3214434725047818e-10
total cost: -7.714293042492583
singles alt: [(4, 0), (5, 1), (6, 0), (7, 1), (8, 0), (9, 1), (10, 0), (11, 1), (4, 2), (5, 3), (6, 2), (7, 3), (8, 2), (9, 3), (10, 2), (11, 3)]
length: 16 76
Estimated difference between T3^fnT3 - (T2^WT3 + h.c.) is: -1.149540548438715e-05 1.3214434725047818e-10
total cost: -7.714293043176169
singles alt: [(4, 0), (5, 1), (6, 0), (7, 1), (8, 0), (9, 1), (10, 0), (11, 1), (4, 2), (5, 3), (6, 2), (7, 3), (8, 2), (9, 3), (10, 2), (11, 3)]
length: 16 76
Estimated difference between T3^fnT3 - (T2^WT3 + h.c.) is: -1.149540548438715e-05 1.3214434725047818e-10
total cost: -7.71429304317617
singles alt: [(4, 0), (5, 1), (6, 0), (7, 1), (8, 0), (9, 1), (10, 0), (11, 1), (4, 2), (5, 3), (6, 2), (7, 3), (8, 2), (9, 3), (10, 2), (11, 3)]
length: 16 76
Estimated difference between T3^fnT3 - (T2^WT3 + h.c.) is: -1.149540548438715e-05 1.3214434725047818e-10
total cost: -7.714293043176169
singles alt: [(4, 0), (5, 1), (6, 0), (7, 1), (8, 0), (9, 1), (10, 0), (11, 1), (4, 2), (5, 3), (6, 2), (7, 3), (8, 2), (9, 3), (10, 2), (11, 3)]
length: 16 76
Estimated difference between T3^fnT3 - (T2^WT3 + h.c.) is: -1.149540548438715e-05 1.3214434725047818e-10
total cost: -7.71429304317617
singles alt: [(4, 0), (5, 1), (6, 0), (7, 1), (8, 0), (9, 1), (10, 0), (11, 1), (4, 2), (5, 3), (6, 2), (7, 3), (8, 2), (9, 3), (10, 2), (11, 3)]
length: 16 76
Estimated difference between T3^fnT3 - (T2^WT3 + h.c.) is: -1.149540548438715e-05 1.3214434725047818e-10
total cost: -7.71429304283453
singles alt: [(4, 0), (5, 1), (6, 0), (7, 1), (8, 0), (9, 1), (10, 0), (11, 1), (4, 2), (5, 3), (6, 2), (7, 3), (8, 2), (9, 3), (10, 2), (11, 3)]
length: 16 76
Estimated difference between T3^fnT3 - (T2^WT3 + h.c.) is: -1.149540548438715e-05 1.3214434725047818e-10
total cost: -7.714293042834156
singles alt: [(4, 0), (5, 1), (6, 0), (7, 1), (8, 0), (9, 1), (10, 0), (11, 1), (4, 2), (5, 3), (6, 2), (7, 3), (8, 2), (9, 3), (10, 2), (11, 3)]
length: 16 76
Estimated difference between T3^fnT3 - (T2^WT3 + h.c.) is: -1.149540548438715e-05 1.3214434725047818e-10
total cost: -7.7142930433789045
singles alt: [(4, 0), (5, 1), (6, 0), (7, 1), (8, 0), (9, 1), (10, 0), (11, 1), (4, 2), (5, 3), (6, 2), (7, 3), (8, 2), (9, 3), (10, 2), (11, 3)]
length: 16 76
Estimated difference between T3^fnT3 - (T2^WT3 + h.c.) is: -1.149540548438715e-05 1.3214434725047818e-10
total cost: -7.714293043377537
singles alt: [(4, 0), (5, 1), (6, 0), (7, 1), (8, 0), (9, 1), (10, 0), (11, 1), (4, 2), (5, 3), (6, 2), (7, 3), (8, 2), (9, 3), (10, 2), (11, 3)]
length: 16 76
Estimated difference between T3^fnT3 - (T2^WT3 + h.c.) is: -1.149540548438715e-05 1.3214434725047818e-10
total cost: -7.71429304317617
singles alt: [(4, 0), (5, 1), (6, 0), (7, 1), (8, 0), (9, 1), (10, 0), (11, 1), (4, 2), (5, 3), (6, 2), (7, 3), (8, 2), (9, 3), (10, 2), (11, 3)]
length: 16 76
Estimated difference between T3^fnT3 - (T2^WT3 + h.c.) is: -1.149540548438715e-05 1.3214434725047818e-10
total cost: -7.71429304317617
singles alt: [(4, 0), (5, 1), (6, 0), (7, 1), (8, 0), (9, 1), (10, 0), (11, 1), (4, 2), (5, 3), (6, 2), (7, 3), (8, 2), (9, 3), (10, 2), (11, 3)]
length: 16 76
Estimated difference between T3^fnT3 - (T2^WT3 + h.c.) is: -1.149540548438715e-05 1.3214434725047818e-10
total cost: -7.714293043176171
singles alt: [(4, 0), (5, 1), (6, 0), (7, 1), (8, 0), (9, 1), (10, 0), (11, 1), (4, 2), (5, 3), (6, 2), (7, 3), (8, 2), (9, 3), (10, 2), (11, 3)]
length: 16 76
Estimated difference between T3^fnT3 - (T2^WT3 + h.c.) is: -1.149540548438715e-05 1.3214434725047818e-10
total cost: -7.714293043176171
singles alt: [(4, 0), (5, 1), (6, 0), (7, 1), (8, 0), (9, 1), (10, 0), (11, 1), (4, 2), (5, 3), (6, 2), (7, 3), (8, 2), (9, 3), (10, 2), (11, 3)]
length: 16 76
Estimated difference between T3^fnT3 - (T2^WT3 + h.c.) is: -1.149540548438715e-05 1.3214434725047818e-10
total cost: -7.714293043226499
singles alt: [(4, 0), (5, 1), (6, 0), (7, 1), (8, 0), (9, 1), (10, 0), (11, 1), (4, 2), (5, 3), (6, 2), (7, 3), (8, 2), (9, 3), (10, 2), (11, 3)]
length: 16 76
Estimated difference between T3^fnT3 - (T2^WT3 + h.c.) is: -1.149540548438715e-05 1.3214434725047818e-10
total cost: -7.714293043226215
singles alt: [(4, 0), (5, 1), (6, 0), (7, 1), (8, 0), (9, 1), (10, 0), (11, 1), (4, 2), (5, 3), (6, 2), (7, 3), (8, 2), (9, 3), (10, 2), (11, 3)]
length: 16 76
Estimated difference between T3^fnT3 - (T2^WT3 + h.c.) is: -1.6023910954007223e-06 2.5676572226195265e-12
total cost: -7.783602770471127
singles alt: [(4, 0), (5, 1), (6, 0), (7, 1), (8, 0), (9, 1), (10, 0), (11, 1), (4, 2), (5, 3), (6, 2), (7, 3), (8, 2), (9, 3), (10, 2), (11, 3)]
length: 16 76
Estimated difference between T3^fnT3 - (T2^WT3 + h.c.) is: -1.6023912445317289e-06 2.567657700551943e-12
total cost: -7.783602770619996
singles alt: [(4, 0), (5, 1), (6, 0), (7, 1), (8, 0), (9, 1), (10, 0), (11, 1), (4, 2), (5, 3), (6, 2), (7, 3), (8, 2), (9, 3), (10, 2), (11, 3)]
length: 16 76
Estimated difference between T3^fnT3 - (T2^WT3 + h.c.) is: -1.6023912278062048e-06 2.5676576469502766e-12
total cost: -7.783602770435261
singles alt: [(4, 0), (5, 1), (6, 0), (7, 1), (8, 0), (9, 1), (10, 0), (11, 1), (4, 2), (5, 3), (6, 2), (7, 3), (8, 2), (9, 3), (10, 2), (11, 3)]
length: 16 76
Estimated difference between T3^fnT3 - (T2^WT3 + h.c.) is: -1.6023912277894942e-06 2.5676576468967227e-12
total cost: -7.783602770435259
singles alt: [(4, 0), (5, 1), (6, 0), (7, 1), (8, 0), (9, 1), (10, 0), (11, 1), (4, 2), (5, 3), (6, 2), (7, 3), (8, 2), (9, 3), (10, 2), (11, 3)]
length: 16 76
Estimated difference between T3^fnT3 - (T2^WT3 + h.c.) is: -1.6023911972086956e-06 2.567657548891917e-12
total cost: -7.783602770593622
singles alt: [(4, 0), (5, 1), (6, 0), (7, 1), (8, 0), (9, 1), (10, 0), (11, 1), (4, 2), (5, 3), (6, 2), (7, 3), (8, 2), (9, 3), (10, 2), (11, 3)]
length: 16 76
Estimated difference between T3^fnT3 - (T2^WT3 + h.c.) is: -1.6023910954009338e-06 2.5676572226202046e-12
total cost: -7.783602770471125
singles alt: [(4, 0), (5, 1), (6, 0), (7, 1), (8, 0), (9, 1), (10, 0), (11, 1), (4, 2), (5, 3), (6, 2), (7, 3), (8, 2), (9, 3), (10, 2), (11, 3)]
length: 16 76
Estimated difference between T3^fnT3 - (T2^WT3 + h.c.) is: -1.6023910953999047e-06 2.5676572226169064e-12
total cost: -7.783602770471127
singles alt: [(4, 0), (5, 1), (6, 0), (7, 1), (8, 0), (9, 1), (10, 0), (11, 1), (4, 2), (5, 3), (6, 2), (7, 3), (8, 2), (9, 3), (10, 2), (11, 3)]
length: 16 76
Estimated difference between T3^fnT3 - (T2^WT3 + h.c.) is: -1.602391095400003e-06 2.5676572226172214e-12
total cost: -7.783602770471127
singles alt: [(4, 0), (5, 1), (6, 0), (7, 1), (8, 0), (9, 1), (10, 0), (11, 1), (4, 2), (5, 3), (6, 2), (7, 3), (8, 2), (9, 3), (10, 2), (11, 3)]
length: 16 76
Estimated difference between T3^fnT3 - (T2^WT3 + h.c.) is: -1.6023910954007521e-06 2.567657222619622e-12
total cost: -7.783602770471127
singles alt: [(4, 0), (5, 1), (6, 0), (7, 1), (8, 0), (9, 1), (10, 0), (11, 1), (4, 2), (5, 3), (6, 2), (7, 3), (8, 2), (9, 3), (10, 2), (11, 3)]
length: 16 76
Estimated difference between T3^fnT3 - (T2^WT3 + h.c.) is: -1.6023910954009338e-06 2.5676572226202046e-12
total cost: -7.783602770471125
singles alt: [(4, 0), (5, 1), (6, 0), (7, 1), (8, 0), (9, 1), (10, 0), (11, 1), (4, 2), (5, 3), (6, 2), (7, 3), (8, 2), (9, 3), (10, 2), (11, 3)]
length: 16 76
Estimated difference between T3^fnT3 - (T2^WT3 + h.c.) is: -1.602391095399912e-06 2.5676572226169302e-12
total cost: -7.783602770471126
singles alt: [(4, 0), (5, 1), (6, 0), (7, 1), (8, 0), (9, 1), (10, 0), (11, 1), (4, 2), (5, 3), (6, 2), (7, 3), (8, 2), (9, 3), (10, 2), (11, 3)]
length: 16 76
Estimated difference between T3^fnT3 - (T2^WT3 + h.c.) is: -1.602391095400003e-06 2.5676572226172214e-12
total cost: -7.783602770471127
singles alt: [(4, 0), (5, 1), (6, 0), (7, 1), (8, 0), (9, 1), (10, 0), (11, 1), (4, 2), (5, 3), (6, 2), (7, 3), (8, 2), (9, 3), (10, 2), (11, 3)]
length: 16 76
Estimated difference between T3^fnT3 - (T2^WT3 + h.c.) is: -1.6023910954007521e-06 2.567657222619622e-12
total cost: -7.783602770471126
singles alt: [(4, 0), (5, 1), (6, 0), (7, 1), (8, 0), (9, 1), (10, 0), (11, 1), (4, 2), (5, 3), (6, 2), (7, 3), (8, 2), (9, 3), (10, 2), (11, 3)]
length: 16 76
Estimated difference between T3^fnT3 - (T2^WT3 + h.c.) is: -1.6023911407138408e-06 2.5676573678382037e-12
total cost: -7.7836027706505115
singles alt: [(4, 0), (5, 1), (6, 0), (7, 1), (8, 0), (9, 1), (10, 0), (11, 1), (4, 2), (5, 3), (6, 2), (7, 3), (8, 2), (9, 3), (10, 2), (11, 3)]
length: 16 76
Estimated difference between T3^fnT3 - (T2^WT3 + h.c.) is: -1.6023907205777056e-06 2.5676560213935387e-12
total cost: -7.783602770701614
singles alt: [(4, 0), (5, 1), (6, 0), (7, 1), (8, 0), (9, 1), (10, 0), (11, 1), (4, 2), (5, 3), (6, 2), (7, 3), (8, 2), (9, 3), (10, 2), (11, 3)]
length: 16 76
Estimated difference between T3^fnT3 - (T2^WT3 + h.c.) is: -1.6023910284447192e-06 2.5676570080401247e-12
total cost: -7.7836027705257385
singles alt: [(4, 0), (5, 1), (6, 0), (7, 1), (8, 0), (9, 1), (10, 0), (11, 1), (4, 2), (5, 3), (6, 2), (7, 3), (8, 2), (9, 3), (10, 2), (11, 3)]
length: 16 76
Estimated difference between T3^fnT3 - (T2^WT3 + h.c.) is: -1.6023909931575182e-06 2.5676568949523377e-12
total cost: -7.783602770199077
singles alt: [(4, 0), (5, 1), (6, 0), (7, 1), (8, 0), (9, 1), (10, 0), (11, 1), (4, 2), (5, 3), (6, 2), (7, 3), (8, 2), (9, 3), (10, 2), (11, 3)]
length: 16 76
Estimated difference between T3^fnT3 - (T2^WT3 + h.c.) is: -1.6023910954009334e-06 2.5676572226202034e-12
total cost: -7.783602770471125
singles alt: [(4, 0), (5, 1), (6, 0), (7, 1), (8, 0), (9, 1), (10, 0), (11, 1), (4, 2), (5, 3), (6, 2), (7, 3), (8, 2), (9, 3), (10, 2), (11, 3)]
length: 16 76
Estimated difference between T3^fnT3 - (T2^WT3 + h.c.) is: -1.602391095400003e-06 2.5676572226172214e-12
total cost: -7.783602770471127
singles alt: [(4, 0), (5, 1), (6, 0), (7, 1), (8, 0), (9, 1), (10, 0), (11, 1), (4, 2), (5, 3), (6, 2), (7, 3), (8, 2), (9, 3), (10, 2), (11, 3)]
length: 16 76
Estimated difference between T3^fnT3 - (T2^WT3 + h.c.) is: -1.6023910953999991e-06 2.567657222617209e-12
total cost: -7.783602770471126
singles alt: [(4, 0), (5, 1), (6, 0), (7, 1), (8, 0), (9, 1), (10, 0), (11, 1), (4, 2), (5, 3), (6, 2), (7, 3), (8, 2), (9, 3), (10, 2), (11, 3)]
length: 16 76
Estimated difference between T3^fnT3 - (T2^WT3 + h.c.) is: -1.6023910954007521e-06 2.567657222619622e-12
total cost: -7.783602770471126
singles alt: [(4, 0), (5, 1), (6, 0), (7, 1), (8, 0), (9, 1), (10, 0), (11, 1), (4, 2), (5, 3), (6, 2), (7, 3), (8, 2), (9, 3), (10, 2), (11, 3)]
length: 16 76
Estimated difference between T3^fnT3 - (T2^WT3 + h.c.) is: -1.6023912642384476e-06 2.5676577637076905e-12
total cost: -7.783602770554981
singles alt: [(4, 0), (5, 1), (6, 0), (7, 1), (8, 0), (9, 1), (10, 0), (11, 1), (4, 2), (5, 3), (6, 2), (7, 3), (8, 2), (9, 3), (10, 2), (11, 3)]
length: 16 76
Estimated difference between T3^fnT3 - (T2^WT3 + h.c.) is: -1.60239165907126e-06 2.5676590290611452e-12
total cost: -7.783602770304011
singles alt: [(4, 0), (5, 1), (6, 0), (7, 1), (8, 0), (9, 1), (10, 0), (11, 1), (4, 2), (5, 3), (6, 2), (7, 3), (8, 2), (9, 3), (10, 2), (11, 3)]
length: 16 76
Estimated difference between T3^fnT3 - (T2^WT3 + h.c.) is: -1.6023916591637904e-06 2.567659029357685e-12
total cost: -7.783602770303905
singles alt: [(4, 0), (5, 1), (6, 0), (7, 1), (8, 0), (9, 1), (10, 0), (11, 1), (4, 2), (5, 3), (6, 2), (7, 3), (8, 2), (9, 3), (10, 2), (11, 3)]
length: 16 76
Estimated difference between T3^fnT3 - (T2^WT3 + h.c.) is: -1.602391215660992e-06 2.5676576080275118e-12
total cost: -7.783602770693225
singles alt: [(4, 0), (5, 1), (6, 0), (7, 1), (8, 0), (9, 1), (10, 0), (11, 1), (4, 2), (5, 3), (6, 2), (7, 3), (8, 2), (9, 3), (10, 2), (11, 3)]
length: 16 76
Estimated difference between T3^fnT3 - (T2^WT3 + h.c.) is: -1.6023910954008699e-06 2.56765722262e-12
total cost: -7.783602770471125
singles alt: [(4, 0), (5, 1), (6, 0), (7, 1), (8, 0), (9, 1), (10, 0), (11, 1), (4, 2), (5, 3), (6, 2), (7, 3), (8, 2), (9, 3), (10, 2), (11, 3)]
length: 16 76
Estimated difference between T3^fnT3 - (T2^WT3 + h.c.) is: -1.6023910953996751e-06 2.567657222616171e-12
total cost: -7.783602770471127
singles alt: [(4, 0), (5, 1), (6, 0), (7, 1), (8, 0), (9, 1), (10, 0), (11, 1), (4, 2), (5, 3), (6, 2), (7, 3), (8, 2), (9, 3), (10, 2), (11, 3)]
length: 16 76
Estimated difference between T3^fnT3 - (T2^WT3 + h.c.) is: -1.602391095399975e-06 2.5676572226171318e-12
total cost: -7.783602770471127
singles alt: [(4, 0), (5, 1), (6, 0), (7, 1), (8, 0), (9, 1), (10, 0), (11, 1), (4, 2), (5, 3), (6, 2), (7, 3), (8, 2), (9, 3), (10, 2), (11, 3)]
length: 16 76
Estimated difference between T3^fnT3 - (T2^WT3 + h.c.) is: -1.6023910954007435e-06 2.5676572226195943e-12
total cost: -7.783602770471126
singles alt: [(4, 0), (5, 1), (6, 0), (7, 1), (8, 0), (9, 1), (10, 0), (11, 1), (4, 2), (5, 3), (6, 2), (7, 3), (8, 2), (9, 3), (10, 2), (11, 3)]
length: 16 76
Estimated difference between T3^fnT3 - (T2^WT3 + h.c.) is: -1.6023910954007771e-06 2.5676572226197026e-12
total cost: -7.7836027704711235
singles alt: [(4, 0), (5, 1), (6, 0), (7, 1), (8, 0), (9, 1), (10, 0), (11, 1), (4, 2), (5, 3), (6, 2), (7, 3), (8, 2), (9, 3), (10, 2), (11, 3)]
length: 16 76
Estimated difference between T3^fnT3 - (T2^WT3 + h.c.) is: -1.6023910954007585e-06 2.5676572226196428e-12
total cost: -7.783602770471127
singles alt: [(4, 0), (5, 1), (6, 0), (7, 1), (8, 0), (9, 1), (10, 0), (11, 1), (4, 2), (5, 3), (6, 2), (7, 3), (8, 2), (9, 3), (10, 2), (11, 3)]
length: 16 76
Estimated difference between T3^fnT3 - (T2^WT3 + h.c.) is: -1.6023910954003388e-06 2.567657222618298e-12
total cost: -7.783602770471127
singles alt: [(4, 0), (5, 1), (6, 0), (7, 1), (8, 0), (9, 1), (10, 0), (11, 1), (4, 2), (5, 3), (6, 2), (7, 3), (8, 2), (9, 3), (10, 2), (11, 3)]
length: 16 76
Estimated difference between T3^fnT3 - (T2^WT3 + h.c.) is: -1.6023910954007534e-06 2.5676572226196262e-12
total cost: -7.783602770471127
singles alt: [(4, 0), (5, 1), (6, 0), (7, 1), (8, 0), (9, 1), (10, 0), (11, 1), (4, 2), (5, 3), (6, 2), (7, 3), (8, 2), (9, 3), (10, 2), (11, 3)]
length: 16 76
Estimated difference between T3^fnT3 - (T2^WT3 + h.c.) is: -1.6023910954009334e-06 2.5676572226202034e-12
total cost: -7.783602770471125
singles alt: [(4, 0), (5, 1), (6, 0), (7, 1), (8, 0), (9, 1), (10, 0), (11, 1), (4, 2), (5, 3), (6, 2), (7, 3), (8, 2), (9, 3), (10, 2), (11, 3)]
length: 16 76
Estimated difference between T3^fnT3 - (T2^WT3 + h.c.) is: -1.602391095400003e-06 2.5676572226172214e-12
total cost: -7.783602770471127
singles alt: [(4, 0), (5, 1), (6, 0), (7, 1), (8, 0), (9, 1), (10, 0), (11, 1), (4, 2), (5, 3), (6, 2), (7, 3), (8, 2), (9, 3), (10, 2), (11, 3)]
length: 16 76
Estimated difference between T3^fnT3 - (T2^WT3 + h.c.) is: -1.6023910953998183e-06 2.5676572226166297e-12
total cost: -7.783602770471126
singles alt: [(4, 0), (5, 1), (6, 0), (7, 1), (8, 0), (9, 1), (10, 0), (11, 1), (4, 2), (5, 3), (6, 2), (7, 3), (8, 2), (9, 3), (10, 2), (11, 3)]
length: 16 76
Estimated difference between T3^fnT3 - (T2^WT3 + h.c.) is: -1.6023910954007526e-06 2.567657222619624e-12
total cost: -7.783602770471126
singles alt: [(4, 0), (5, 1), (6, 0), (7, 1), (8, 0), (9, 1), (10, 0), (11, 1), (4, 2), (5, 3), (6, 2), (7, 3), (8, 2), (9, 3), (10, 2), (11, 3)]
length: 16 76
Estimated difference between T3^fnT3 - (T2^WT3 + h.c.) is: -1.6023910954008699e-06 2.56765722262e-12
total cost: -7.783602770471125
singles alt: [(4, 0), (5, 1), (6, 0), (7, 1), (8, 0), (9, 1), (10, 0), (11, 1), (4, 2), (5, 3), (6, 2), (7, 3), (8, 2), (9, 3), (10, 2), (11, 3)]
length: 16 76
Estimated difference between T3^fnT3 - (T2^WT3 + h.c.) is: -1.6023910954006653e-06 2.567657222619344e-12
total cost: -7.783602770471127
singles alt: [(4, 0), (5, 1), (6, 0), (7, 1), (8, 0), (9, 1), (10, 0), (11, 1), (4, 2), (5, 3), (6, 2), (7, 3), (8, 2), (9, 3), (10, 2), (11, 3)]
length: 16 76
Estimated difference between T3^fnT3 - (T2^WT3 + h.c.) is: -1.6023910953996857e-06 2.567657222616205e-12
total cost: -7.783602770471127
singles alt: [(4, 0), (5, 1), (6, 0), (7, 1), (8, 0), (9, 1), (10, 0), (11, 1), (4, 2), (5, 3), (6, 2), (7, 3), (8, 2), (9, 3), (10, 2), (11, 3)]
length: 16 76
Estimated difference between T3^fnT3 - (T2^WT3 + h.c.) is: -1.6023910954007437e-06 2.567657222619595e-12
total cost: -7.783602770471127
singles alt: [(4, 0), (5, 1), (6, 0), (7, 1), (8, 0), (9, 1), (10, 0), (11, 1), (4, 2), (5, 3), (6, 2), (7, 3), (8, 2), (9, 3), (10, 2), (11, 3)]
length: 16 76
Estimated difference between T3^fnT3 - (T2^WT3 + h.c.) is: -1.6023912642637696e-06 2.567657763788842e-12
total cost: -7.783602770554832
singles alt: [(4, 0), (5, 1), (6, 0), (7, 1), (8, 0), (9, 1), (10, 0), (11, 1), (4, 2), (5, 3), (6, 2), (7, 3), (8, 2), (9, 3), (10, 2), (11, 3)]
length: 16 76
Estimated difference between T3^fnT3 - (T2^WT3 + h.c.) is: -1.6023916591969297e-06 2.5676590294638893e-12
total cost: -7.783602770304126
singles alt: [(4, 0), (5, 1), (6, 0), (7, 1), (8, 0), (9, 1), (10, 0), (11, 1), (4, 2), (5, 3), (6, 2), (7, 3), (8, 2), (9, 3), (10, 2), (11, 3)]
length: 16 76
Estimated difference between T3^fnT3 - (T2^WT3 + h.c.) is: -1.602391659297611e-06 2.567659029786551e-12
total cost: -7.783602770304021
singles alt: [(4, 0), (5, 1), (6, 0), (7, 1), (8, 0), (9, 1), (10, 0), (11, 1), (4, 2), (5, 3), (6, 2), (7, 3), (8, 2), (9, 3), (10, 2), (11, 3)]
length: 16 76
Estimated difference between T3^fnT3 - (T2^WT3 + h.c.) is: -1.6023912156658955e-06 2.5676576080432262e-12
total cost: -7.783602770693394
singles alt: [(4, 0), (5, 1), (6, 0), (7, 1), (8, 0), (9, 1), (10, 0), (11, 1), (4, 2), (5, 3), (6, 2), (7, 3), (8, 2), (9, 3), (10, 2), (11, 3)]
length: 16 76
Estimated difference between T3^fnT3 - (T2^WT3 + h.c.) is: -1.6023910954007771e-06 2.5676572226197026e-12
total cost: -7.7836027704711235
singles alt: [(4, 0), (5, 1), (6, 0), (7, 1), (8, 0), (9, 1), (10, 0), (11, 1), (4, 2), (5, 3), (6, 2), (7, 3), (8, 2), (9, 3), (10, 2), (11, 3)]
length: 16 76
Estimated difference between T3^fnT3 - (T2^WT3 + h.c.) is: -1.6023910954007587e-06 2.567657222619643e-12
total cost: -7.783602770471127
singles alt: [(4, 0), (5, 1), (6, 0), (7, 1), (8, 0), (9, 1), (10, 0), (11, 1), (4, 2), (5, 3), (6, 2), (7, 3), (8, 2), (9, 3), (10, 2), (11, 3)]
length: 16 76
Estimated difference between T3^fnT3 - (T2^WT3 + h.c.) is: -1.6023910954002719e-06 2.5676572226180833e-12
total cost: -7.783602770471126
singles alt: [(4, 0), (5, 1), (6, 0), (7, 1), (8, 0), (9, 1), (10, 0), (11, 1), (4, 2), (5, 3), (6, 2), (7, 3), (8, 2), (9, 3), (10, 2), (11, 3)]
length: 16 76
Estimated difference between T3^fnT3 - (T2^WT3 + h.c.) is: -1.6023910954007534e-06 2.5676572226196262e-12
total cost: -7.783602770471127
singles alt: [(4, 0), (5, 1), (6, 0), (7, 1), (8, 0), (9, 1), (10, 0), (11, 1), (4, 2), (5, 3), (6, 2), (7, 3), (8, 2), (9, 3), (10, 2), (11, 3)]
length: 16 76
Estimated difference between T3^fnT3 - (T2^WT3 + h.c.) is: -1.6023911407078431e-06 2.5676573678189827e-12
total cost: -7.783602770650468
singles alt: [(4, 0), (5, 1), (6, 0), (7, 1), (8, 0), (9, 1), (10, 0), (11, 1), (4, 2), (5, 3), (6, 2), (7, 3), (8, 2), (9, 3), (10, 2), (11, 3)]
length: 16 76
Estimated difference between T3^fnT3 - (T2^WT3 + h.c.) is: -1.6023910284557719e-06 2.5676570080755465e-12
total cost: -7.783602770525369
singles alt: [(4, 0), (5, 1), (6, 0), (7, 1), (8, 0), (9, 1), (10, 0), (11, 1), (4, 2), (5, 3), (6, 2), (7, 3), (8, 2), (9, 3), (10, 2), (11, 3)]
length: 16 76
Estimated difference between T3^fnT3 - (T2^WT3 + h.c.) is: -1.6023907204407834e-06 2.5676560209547327e-12
total cost: -7.783602770700971
singles alt: [(4, 0), (5, 1), (6, 0), (7, 1), (8, 0), (9, 1), (10, 0), (11, 1), (4, 2), (5, 3), (6, 2), (7, 3), (8, 2), (9, 3), (10, 2), (11, 3)]
length: 16 76
Estimated difference between T3^fnT3 - (T2^WT3 + h.c.) is: -1.6023909931486477e-06 2.5676568949239095e-12
total cost: -7.7836027701984145
singles alt: [(4, 0), (5, 1), (6, 0), (7, 1), (8, 0), (9, 1), (10, 0), (11, 1), (4, 2), (5, 3), (6, 2), (7, 3), (8, 2), (9, 3), (10, 2), (11, 3)]
length: 16 76
Estimated difference between T3^fnT3 - (T2^WT3 + h.c.) is: -1.602391095400777e-06 2.5676572226197018e-12
total cost: -7.7836027704711235
singles alt: [(4, 0), (5, 1), (6, 0), (7, 1), (8, 0), (9, 1), (10, 0), (11, 1), (4, 2), (5, 3), (6, 2), (7, 3), (8, 2), (9, 3), (10, 2), (11, 3)]
length: 16 76
Estimated difference between T3^fnT3 - (T2^WT3 + h.c.) is: -1.6023910954003043e-06 2.567657222618187e-12
total cost: -7.783602770471128
singles alt: [(4, 0), (5, 1), (6, 0), (7, 1), (8, 0), (9, 1), (10, 0), (11, 1), (4, 2), (5, 3), (6, 2), (7, 3), (8, 2), (9, 3), (10, 2), (11, 3)]
length: 16 76
Estimated difference between T3^fnT3 - (T2^WT3 + h.c.) is: -1.6023910954007587e-06 2.567657222619643e-12
total cost: -7.783602770471127
singles alt: [(4, 0), (5, 1), (6, 0), (7, 1), (8, 0), (9, 1), (10, 0), (11, 1), (4, 2), (5, 3), (6, 2), (7, 3), (8, 2), (9, 3), (10, 2), (11, 3)]
length: 16 76
Estimated difference between T3^fnT3 - (T2^WT3 + h.c.) is: -1.6023910954007534e-06 2.5676572226196262e-12
total cost: -7.783602770471128
singles alt: [(4, 0), (5, 1), (6, 0), (7, 1), (8, 0), (9, 1), (10, 0), (11, 1), (4, 2), (5, 3), (6, 2), (7, 3), (8, 2), (9, 3), (10, 2), (11, 3)]
length: 16 76
Estimated difference between T3^fnT3 - (T2^WT3 + h.c.) is: -1.6023910954007771e-06 2.5676572226197026e-12
total cost: -7.783602770471123
singles alt: [(4, 0), (5, 1), (6, 0), (7, 1), (8, 0), (9, 1), (10, 0), (11, 1), (4, 2), (5, 3), (6, 2), (7, 3), (8, 2), (9, 3), (10, 2), (11, 3)]
length: 16 76
Estimated difference between T3^fnT3 - (T2^WT3 + h.c.) is: -1.6023910954003022e-06 2.5676572226181803e-12
total cost: -7.783602770471126
singles alt: [(4, 0), (5, 1), (6, 0), (7, 1), (8, 0), (9, 1), (10, 0), (11, 1), (4, 2), (5, 3), (6, 2), (7, 3), (8, 2), (9, 3), (10, 2), (11, 3)]
length: 16 76
Estimated difference between T3^fnT3 - (T2^WT3 + h.c.) is: -1.6023910954007587e-06 2.567657222619643e-12
total cost: -7.783602770471126
singles alt: [(4, 0), (5, 1), (6, 0), (7, 1), (8, 0), (9, 1), (10, 0), (11, 1), (4, 2), (5, 3), (6, 2), (7, 3), (8, 2), (9, 3), (10, 2), (11, 3)]
length: 16 76
Estimated difference between T3^fnT3 - (T2^WT3 + h.c.) is: -1.6023910954007534e-06 2.5676572226196262e-12
total cost: -7.783602770471126
singles alt: [(4, 0), (5, 1), (6, 0), (7, 1), (8, 0), (9, 1), (10, 0), (11, 1), (4, 2), (5, 3), (6, 2), (7, 3), (8, 2), (9, 3), (10, 2), (11, 3)]
length: 16 76
Estimated difference between T3^fnT3 - (T2^WT3 + h.c.) is: -1.6023912980880411e-06 2.5676578721882774e-12
total cost: -7.783602770704516
singles alt: [(4, 0), (5, 1), (6, 0), (7, 1), (8, 0), (9, 1), (10, 0), (11, 1), (4, 2), (5, 3), (6, 2), (7, 3), (8, 2), (9, 3), (10, 2), (11, 3)]
length: 16 76
Estimated difference between T3^fnT3 - (T2^WT3 + h.c.) is: -1.6023911930777358e-06 2.5676575356530896e-12
total cost: -7.7836027703029975
singles alt: [(4, 0), (5, 1), (6, 0), (7, 1), (8, 0), (9, 1), (10, 0), (11, 1), (4, 2), (5, 3), (6, 2), (7, 3), (8, 2), (9, 3), (10, 2), (11, 3)]
length: 16 76
Estimated difference between T3^fnT3 - (T2^WT3 + h.c.) is: -1.602391193082684e-06 2.5676575356689474e-12
total cost: -7.783602770303
singles alt: [(4, 0), (5, 1), (6, 0), (7, 1), (8, 0), (9, 1), (10, 0), (11, 1), (4, 2), (5, 3), (6, 2), (7, 3), (8, 2), (9, 3), (10, 2), (11, 3)]
length: 16 76
Estimated difference between T3^fnT3 - (T2^WT3 + h.c.) is: -1.6023912326680105e-06 2.5676576625313063e-12
total cost: -7.783602770318368
singles alt: [(4, 0), (5, 1), (6, 0), (7, 1), (8, 0), (9, 1), (10, 0), (11, 1), (4, 2), (5, 3), (6, 2), (7, 3), (8, 2), (9, 3), (10, 2), (11, 3)]
length: 16 76
Estimated difference between T3^fnT3 - (T2^WT3 + h.c.) is: -1.602391095400017e-06 2.5676572226172663e-12
total cost: -7.783602770471126
singles alt: [(4, 0), (5, 1), (6, 0), (7, 1), (8, 0), (9, 1), (10, 0), (11, 1), (4, 2), (5, 3), (6, 2), (7, 3), (8, 2), (9, 3), (10, 2), (11, 3)]
length: 16 76
Estimated difference between T3^fnT3 - (T2^WT3 + h.c.) is: -1.6023910953998822e-06 2.5676572226168345e-12
total cost: -7.783602770471127
singles alt: [(4, 0), (5, 1), (6, 0), (7, 1), (8, 0), (9, 1), (10, 0), (11, 1), (4, 2), (5, 3), (6, 2), (7, 3), (8, 2), (9, 3), (10, 2), (11, 3)]
length: 16 76
Estimated difference between T3^fnT3 - (T2^WT3 + h.c.) is: -1.6023910953991972e-06 2.567657222614639e-12
total cost: -7.783602770471127
singles alt: [(4, 0), (5, 1), (6, 0), (7, 1), (8, 0), (9, 1), (10, 0), (11, 1), (4, 2), (5, 3), (6, 2), (7, 3), (8, 2), (9, 3), (10, 2), (11, 3)]
length: 16 76
Estimated difference between T3^fnT3 - (T2^WT3 + h.c.) is: -1.6023910954000252e-06 2.5676572226172925e-12
total cost: -7.783602770471126
singles alt: [(4, 0), (5, 1), (6, 0), (7, 1), (8, 0), (9, 1), (10, 0), (11, 1), (4, 2), (5, 3), (6, 2), (7, 3), (8, 2), (9, 3), (10, 2), (11, 3)]
length: 16 76
Estimated difference between T3^fnT3 - (T2^WT3 + h.c.) is: -1.6023908627467987e-06 2.56765647701443e-12
total cost: -7.783602770645602
singles alt: [(4, 0), (5, 1), (6, 0), (7, 1), (8, 0), (9, 1), (10, 0), (11, 1), (4, 2), (5, 3), (6, 2), (7, 3), (8, 2), (9, 3), (10, 2), (11, 3)]
length: 16 76
Estimated difference between T3^fnT3 - (T2^WT3 + h.c.) is: -1.6023908628492873e-06 2.5676564773428836e-12
total cost: -7.783602770645613
singles alt: [(4, 0), (5, 1), (6, 0), (7, 1), (8, 0), (9, 1), (10, 0), (11, 1), (4, 2), (5, 3), (6, 2), (7, 3), (8, 2), (9, 3), (10, 2), (11, 3)]
length: 16 76
Estimated difference between T3^fnT3 - (T2^WT3 + h.c.) is: -1.602391095400371e-06 2.567657222618401e-12
total cost: -7.783602770471126
singles alt: [(4, 0), (5, 1), (6, 0), (7, 1), (8, 0), (9, 1), (10, 0), (11, 1), (4, 2), (5, 3), (6, 2), (7, 3), (8, 2), (9, 3), (10, 2), (11, 3)]
length: 16 76
Estimated difference between T3^fnT3 - (T2^WT3 + h.c.) is: -1.602391095400476e-06 2.5676572226187373e-12
total cost: -7.783602770471127
singles alt: [(4, 0), (5, 1), (6, 0), (7, 1), (8, 0), (9, 1), (10, 0), (11, 1), (4, 2), (5, 3), (6, 2), (7, 3), (8, 2), (9, 3), (10, 2), (11, 3)]
length: 16 76
Estimated difference between T3^fnT3 - (T2^WT3 + h.c.) is: -1.6023910954011312e-06 2.567657222620837e-12
total cost: -7.783602770471126
singles alt: [(4, 0), (5, 1), (6, 0), (7, 1), (8, 0), (9, 1), (10, 0), (11, 1), (4, 2), (5, 3), (6, 2), (7, 3), (8, 2), (9, 3), (10, 2), (11, 3)]
length: 16 76
Estimated difference between T3^fnT3 - (T2^WT3 + h.c.) is: -1.6023910954013463e-06 2.5676572226215266e-12
total cost: -7.783602770471126
singles alt: [(4, 0), (5, 1), (6, 0), (7, 1), (8, 0), (9, 1), (10, 0), (11, 1), (4, 2), (5, 3), (6, 2), (7, 3), (8, 2), (9, 3), (10, 2), (11, 3)]
length: 16 76
Estimated difference between T3^fnT3 - (T2^WT3 + h.c.) is: -1.602391095401262e-06 2.5676572226212564e-12
total cost: -7.783602770471127
singles alt: [(4, 0), (5, 1), (6, 0), (7, 1), (8, 0), (9, 1), (10, 0), (11, 1), (4, 2), (5, 3), (6, 2), (7, 3), (8, 2), (9, 3), (10, 2), (11, 3)]
length: 16 76
Estimated difference between T3^fnT3 - (T2^WT3 + h.c.) is: -1.6023910954011278e-06 2.5676572226208262e-12
total cost: -7.783602770471127
singles alt: [(4, 0), (5, 1), (6, 0), (7, 1), (8, 0), (9, 1), (10, 0), (11, 1), (4, 2), (5, 3), (6, 2), (7, 3), (8, 2), (9, 3), (10, 2), (11, 3)]
length: 16 76
Estimated difference between T3^fnT3 - (T2^WT3 + h.c.) is: -1.6023910954007223e-06 2.5676572226195265e-12
total cost: -7.783602770459218
singles alt: [(4, 0), (5, 1), (6, 0), (7, 1), (8, 0), (9, 1), (10, 0), (11, 1), (4, 2), (5, 3), (6, 2), (7, 3), (8, 2), (9, 3), (10, 2), (11, 3)]
length: 16 76
Estimated difference between T3^fnT3 - (T2^WT3 + h.c.) is: -1.6023910954007223e-06 2.5676572226195265e-12
total cost: -7.783602770459211
singles alt: [(4, 0), (5, 1), (6, 0), (7, 1), (8, 0), (9, 1), (10, 0), (11, 1), (4, 2), (5, 3), (6, 2), (7, 3), (8, 2), (9, 3), (10, 2), (11, 3)]
length: 16 76
Estimated difference between T3^fnT3 - (T2^WT3 + h.c.) is: -1.6023910954007223e-06 2.5676572226195265e-12
total cost: -7.783602770471127
singles alt: [(4, 0), (5, 1), (6, 0), (7, 1), (8, 0), (9, 1), (10, 0), (11, 1), (4, 2), (5, 3), (6, 2), (7, 3), (8, 2), (9, 3), (10, 2), (11, 3)]
length: 16 76
Estimated difference between T3^fnT3 - (T2^WT3 + h.c.) is: -1.6023910954007223e-06 2.5676572226195265e-12
total cost: -7.783602770471128
singles alt: [(4, 0), (5, 1), (6, 0), (7, 1), (8, 0), (9, 1), (10, 0), (11, 1), (4, 2), (5, 3), (6, 2), (7, 3), (8, 2), (9, 3), (10, 2), (11, 3)]
length: 16 76
Estimated difference between T3^fnT3 - (T2^WT3 + h.c.) is: -1.6023910954007223e-06 2.5676572226195265e-12
total cost: -7.783602770471127
singles alt: [(4, 0), (5, 1), (6, 0), (7, 1), (8, 0), (9, 1), (10, 0), (11, 1), (4, 2), (5, 3), (6, 2), (7, 3), (8, 2), (9, 3), (10, 2), (11, 3)]
length: 16 76
Estimated difference between T3^fnT3 - (T2^WT3 + h.c.) is: -1.6023910954007223e-06 2.5676572226195265e-12
total cost: -7.783602770471127
singles alt: [(4, 0), (5, 1), (6, 0), (7, 1), (8, 0), (9, 1), (10, 0), (11, 1), (4, 2), (5, 3), (6, 2), (7, 3), (8, 2), (9, 3), (10, 2), (11, 3)]
length: 16 76
Estimated difference between T3^fnT3 - (T2^WT3 + h.c.) is: -1.6023910954007223e-06 2.5676572226195265e-12
total cost: -7.78360277042998
singles alt: [(4, 0), (5, 1), (6, 0), (7, 1), (8, 0), (9, 1), (10, 0), (11, 1), (4, 2), (5, 3), (6, 2), (7, 3), (8, 2), (9, 3), (10, 2), (11, 3)]
length: 16 76
Estimated difference between T3^fnT3 - (T2^WT3 + h.c.) is: -1.6023910954007223e-06 2.5676572226195265e-12
total cost: -7.783602770429978
singles alt: [(4, 0), (5, 1), (6, 0), (7, 1), (8, 0), (9, 1), (10, 0), (11, 1), (4, 2), (5, 3), (6, 2), (7, 3), (8, 2), (9, 3), (10, 2), (11, 3)]
length: 16 76
Estimated difference between T3^fnT3 - (T2^WT3 + h.c.) is: -1.6023910954007223e-06 2.5676572226195265e-12
total cost: -7.78360277053599
singles alt: [(4, 0), (5, 1), (6, 0), (7, 1), (8, 0), (9, 1), (10, 0), (11, 1), (4, 2), (5, 3), (6, 2), (7, 3), (8, 2), (9, 3), (10, 2), (11, 3)]
length: 16 76
Estimated difference between T3^fnT3 - (T2^WT3 + h.c.) is: -1.6023910954007223e-06 2.5676572226195265e-12
total cost: -7.783602770535878
singles alt: [(4, 0), (5, 1), (6, 0), (7, 1), (8, 0), (9, 1), (10, 0), (11, 1), (4, 2), (5, 3), (6, 2), (7, 3), (8, 2), (9, 3), (10, 2), (11, 3)]
length: 16 76
Estimated difference between T3^fnT3 - (T2^WT3 + h.c.) is: -1.6023910954007223e-06 2.5676572226195265e-12
total cost: -7.783602770471127
singles alt: [(4, 0), (5, 1), (6, 0), (7, 1), (8, 0), (9, 1), (10, 0), (11, 1), (4, 2), (5, 3), (6, 2), (7, 3), (8, 2), (9, 3), (10, 2), (11, 3)]
length: 16 76
Estimated difference between T3^fnT3 - (T2^WT3 + h.c.) is: -1.6023910954007223e-06 2.5676572226195265e-12
total cost: -7.783602770471128
singles alt: [(4, 0), (5, 1), (6, 0), (7, 1), (8, 0), (9, 1), (10, 0), (11, 1), (4, 2), (5, 3), (6, 2), (7, 3), (8, 2), (9, 3), (10, 2), (11, 3)]
length: 16 76
Estimated difference between T3^fnT3 - (T2^WT3 + h.c.) is: -1.6023910954007223e-06 2.5676572226195265e-12
total cost: -7.783602770471126
singles alt: [(4, 0), (5, 1), (6, 0), (7, 1), (8, 0), (9, 1), (10, 0), (11, 1), (4, 2), (5, 3), (6, 2), (7, 3), (8, 2), (9, 3), (10, 2), (11, 3)]
length: 16 76
Estimated difference between T3^fnT3 - (T2^WT3 + h.c.) is: -1.6023910954007223e-06 2.5676572226195265e-12
total cost: -7.783602770471126
singles alt: [(4, 0), (5, 1), (6, 0), (7, 1), (8, 0), (9, 1), (10, 0), (11, 1), (4, 2), (5, 3), (6, 2), (7, 3), (8, 2), (9, 3), (10, 2), (11, 3)]
length: 16 76
Estimated difference between T3^fnT3 - (T2^WT3 + h.c.) is: -1.6023910954007223e-06 2.5676572226195265e-12
total cost: -7.78360277045499
singles alt: [(4, 0), (5, 1), (6, 0), (7, 1), (8, 0), (9, 1), (10, 0), (11, 1), (4, 2), (5, 3), (6, 2), (7, 3), (8, 2), (9, 3), (10, 2), (11, 3)]
length: 16 76
Estimated difference between T3^fnT3 - (T2^WT3 + h.c.) is: -1.6023910954007223e-06 2.5676572226195265e-12
total cost: -7.783602770454968
singles alt: [(4, 0), (5, 1), (6, 0), (7, 1), (8, 0), (9, 1), (10, 0), (11, 1), (4, 2), (5, 3), (6, 2), (7, 3), (8, 2), (9, 3), (10, 2), (11, 3)]
callback: energy=-7.783601168080
singles alt: [(4, 0), (5, 1), (6, 0), (7, 1), (8, 0), (9, 1), (10, 0), (11, 1), (4, 2), (5, 3), (6, 2), (7, 3), (8, 2), (9, 3), (10, 2), (11, 3)]
length: 16 76
Estimated difference between T3^fnT3 - (T2^WT3 + h.c.) is: -3.6269810859369803e-06 1.3154991797744597e-11
total cost: -7.779084473339692
singles alt: [(4, 0), (5, 1), (6, 0), (7, 1), (8, 0), (9, 1), (10, 0), (11, 1), (4, 2), (5, 3), (6, 2), (7, 3), (8, 2), (9, 3), (10, 2), (11, 3)]
length: 16 76
Estimated difference between T3^fnT3 - (T2^WT3 + h.c.) is: -3.6269813986840768e-06 1.3154994066400302e-11
total cost: -7.779084473355461
singles alt: [(4, 0), (5, 1), (6, 0), (7, 1), (8, 0), (9, 1), (10, 0), (11, 1), (4, 2), (5, 3), (6, 2), (7, 3), (8, 2), (9, 3), (10, 2), (11, 3)]
length: 16 76
Estimated difference between T3^fnT3 - (T2^WT3 + h.c.) is: -3.626980795434848e-06 1.3154989690453204e-11
total cost: -7.779084473485728
singles alt: [(4, 0), (5, 1), (6, 0), (7, 1), (8, 0), (9, 1), (10, 0), (11, 1), (4, 2), (5, 3), (6, 2), (7, 3), (8, 2), (9, 3), (10, 2), (11, 3)]
length: 16 76
Estimated difference between T3^fnT3 - (T2^WT3 + h.c.) is: -3.626980795641923e-06 1.3154989691955317e-11
total cost: -7.779084473485749
singles alt: [(4, 0), (5, 1), (6, 0), (7, 1), (8, 0), (9, 1), (10, 0), (11, 1), (4, 2), (5, 3), (6, 2), (7, 3), (8, 2), (9, 3), (10, 2), (11, 3)]
length: 16 76
Estimated difference between T3^fnT3 - (T2^WT3 + h.c.) is: -3.6269812627320116e-06 1.3154993080209098e-11
total cost: -7.779084473349929
singles alt: [(4, 0), (5, 1), (6, 0), (7, 1), (8, 0), (9, 1), (10, 0), (11, 1), (4, 2), (5, 3), (6, 2), (7, 3), (8, 2), (9, 3), (10, 2), (11, 3)]
length: 16 76
Estimated difference between T3^fnT3 - (T2^WT3 + h.c.) is: -3.6269810859325084e-06 1.3154991797712158e-11
total cost: -7.779084473339709
singles alt: [(4, 0), (5, 1), (6, 0), (7, 1), (8, 0), (9, 1), (10, 0), (11, 1), (4, 2), (5, 3), (6, 2), (7, 3), (8, 2), (9, 3), (10, 2), (11, 3)]
length: 16 76
Estimated difference between T3^fnT3 - (T2^WT3 + h.c.) is: -3.626981085938926e-06 1.3154991797758711e-11
total cost: -7.779084473339692
singles alt: [(4, 0), (5, 1), (6, 0), (7, 1), (8, 0), (9, 1), (10, 0), (11, 1), (4, 2), (5, 3), (6, 2), (7, 3), (8, 2), (9, 3), (10, 2), (11, 3)]
length: 16 76
Estimated difference between T3^fnT3 - (T2^WT3 + h.c.) is: -3.626981085936499e-06 1.3154991797741108e-11
total cost: -7.779084473339693
singles alt: [(4, 0), (5, 1), (6, 0), (7, 1), (8, 0), (9, 1), (10, 0), (11, 1), (4, 2), (5, 3), (6, 2), (7, 3), (8, 2), (9, 3), (10, 2), (11, 3)]
length: 16 76
Estimated difference between T3^fnT3 - (T2^WT3 + h.c.) is: -3.6269810859365894e-06 1.3154991797741762e-11
total cost: -7.779084473339693
singles alt: [(4, 0), (5, 1), (6, 0), (7, 1), (8, 0), (9, 1), (10, 0), (11, 1), (4, 2), (5, 3), (6, 2), (7, 3), (8, 2), (9, 3), (10, 2), (11, 3)]
length: 16 76
Estimated difference between T3^fnT3 - (T2^WT3 + h.c.) is: -3.6269810859323004e-06 1.3154991797710649e-11
total cost: -7.779084473339709
singles alt: [(4, 0), (5, 1), (6, 0), (7, 1), (8, 0), (9, 1), (10, 0), (11, 1), (4, 2), (5, 3), (6, 2), (7, 3), (8, 2), (9, 3), (10, 2), (11, 3)]
length: 16 76
Estimated difference between T3^fnT3 - (T2^WT3 + h.c.) is: -3.6269810859273796e-06 1.3154991797674954e-11
total cost: -7.779084473339697
singles alt: [(4, 0), (5, 1), (6, 0), (7, 1), (8, 0), (9, 1), (10, 0), (11, 1), (4, 2), (5, 3), (6, 2), (7, 3), (8, 2), (9, 3), (10, 2), (11, 3)]
length: 16 76
Estimated difference between T3^fnT3 - (T2^WT3 + h.c.) is: -3.6269810859367867e-06 1.3154991797743193e-11
total cost: -7.779084473339693
singles alt: [(4, 0), (5, 1), (6, 0), (7, 1), (8, 0), (9, 1), (10, 0), (11, 1), (4, 2), (5, 3), (6, 2), (7, 3), (8, 2), (9, 3), (10, 2), (11, 3)]
length: 16 76
Estimated difference between T3^fnT3 - (T2^WT3 + h.c.) is: -3.6269810859361866e-06 1.315499179773884e-11
total cost: -7.779084473339696
singles alt: [(4, 0), (5, 1), (6, 0), (7, 1), (8, 0), (9, 1), (10, 0), (11, 1), (4, 2), (5, 3), (6, 2), (7, 3), (8, 2), (9, 3), (10, 2), (11, 3)]
length: 16 76
Estimated difference between T3^fnT3 - (T2^WT3 + h.c.) is: -3.6269811532883943e-06 1.315499228630921e-11
total cost: -7.7790844724487425
singles alt: [(4, 0), (5, 1), (6, 0), (7, 1), (8, 0), (9, 1), (10, 0), (11, 1), (4, 2), (5, 3), (6, 2), (7, 3), (8, 2), (9, 3), (10, 2), (11, 3)]
length: 16 76
Estimated difference between T3^fnT3 - (T2^WT3 + h.c.) is: -3.6269816584657003e-06 1.3154995950846601e-11
total cost: -7.77908447210629
singles alt: [(4, 0), (5, 1), (6, 0), (7, 1), (8, 0), (9, 1), (10, 0), (11, 1), (4, 2), (5, 3), (6, 2), (7, 3), (8, 2), (9, 3), (10, 2), (11, 3)]
length: 16 76
Estimated difference between T3^fnT3 - (T2^WT3 + h.c.) is: -3.626981152242721e-06 1.3154992278723936e-11
total cost: -7.779084473061676
singles alt: [(4, 0), (5, 1), (6, 0), (7, 1), (8, 0), (9, 1), (10, 0), (11, 1), (4, 2), (5, 3), (6, 2), (7, 3), (8, 2), (9, 3), (10, 2), (11, 3)]
length: 16 76
Estimated difference between T3^fnT3 - (T2^WT3 + h.c.) is: -3.626980888648781e-06 1.3154990366623501e-11
total cost: -7.779084473622734
singles alt: [(4, 0), (5, 1), (6, 0), (7, 1), (8, 0), (9, 1), (10, 0), (11, 1), (4, 2), (5, 3), (6, 2), (7, 3), (8, 2), (9, 3), (10, 2), (11, 3)]
length: 16 76
Estimated difference between T3^fnT3 - (T2^WT3 + h.c.) is: -3.626981085932343e-06 1.3154991797710959e-11
total cost: -7.77908447333971
singles alt: [(4, 0), (5, 1), (6, 0), (7, 1), (8, 0), (9, 1), (10, 0), (11, 1), (4, 2), (5, 3), (6, 2), (7, 3), (8, 2), (9, 3), (10, 2), (11, 3)]
length: 16 76
Estimated difference between T3^fnT3 - (T2^WT3 + h.c.) is: -3.626981085936499e-06 1.3154991797741108e-11
total cost: -7.779084473339693
singles alt: [(4, 0), (5, 1), (6, 0), (7, 1), (8, 0), (9, 1), (10, 0), (11, 1), (4, 2), (5, 3), (6, 2), (7, 3), (8, 2), (9, 3), (10, 2), (11, 3)]
length: 16 76
Estimated difference between T3^fnT3 - (T2^WT3 + h.c.) is: -3.62698108592965e-06 1.3154991797691423e-11
total cost: -7.779084473339697
singles alt: [(4, 0), (5, 1), (6, 0), (7, 1), (8, 0), (9, 1), (10, 0), (11, 1), (4, 2), (5, 3), (6, 2), (7, 3), (8, 2), (9, 3), (10, 2), (11, 3)]
length: 16 76
Estimated difference between T3^fnT3 - (T2^WT3 + h.c.) is: -3.626981085936239e-06 1.315499179773922e-11
total cost: -7.779084473339695
singles alt: [(4, 0), (5, 1), (6, 0), (7, 1), (8, 0), (9, 1), (10, 0), (11, 1), (4, 2), (5, 3), (6, 2), (7, 3), (8, 2), (9, 3), (10, 2), (11, 3)]
length: 16 76
Estimated difference between T3^fnT3 - (T2^WT3 + h.c.) is: -3.6269813892522467e-06 1.3154993997982158e-11
total cost: -7.7790844731635405
singles alt: [(4, 0), (5, 1), (6, 0), (7, 1), (8, 0), (9, 1), (10, 0), (11, 1), (4, 2), (5, 3), (6, 2), (7, 3), (8, 2), (9, 3), (10, 2), (11, 3)]
length: 16 76
Estimated difference between T3^fnT3 - (T2^WT3 + h.c.) is: -3.626980355209801e-06 1.3154986497077814e-11
total cost: -7.779084474048346
singles alt: [(4, 0), (5, 1), (6, 0), (7, 1), (8, 0), (9, 1), (10, 0), (11, 1), (4, 2), (5, 3), (6, 2), (7, 3), (8, 2), (9, 3), (10, 2), (11, 3)]
length: 16 76
Estimated difference between T3^fnT3 - (T2^WT3 + h.c.) is: -3.626980354934393e-06 1.3154986495080014e-11
total cost: -7.779084474048618
singles alt: [(4, 0), (5, 1), (6, 0), (7, 1), (8, 0), (9, 1), (10, 0), (11, 1), (4, 2), (5, 3), (6, 2), (7, 3), (8, 2), (9, 3), (10, 2), (11, 3)]
length: 16 76
Estimated difference between T3^fnT3 - (T2^WT3 + h.c.) is: -3.626981311083933e-06 1.3154993430952127e-11
total cost: -7.779084473169095
singles alt: [(4, 0), (5, 1), (6, 0), (7, 1), (8, 0), (9, 1), (10, 0), (11, 1), (4, 2), (5, 3), (6, 2), (7, 3), (8, 2), (9, 3), (10, 2), (11, 3)]
length: 16 76
Estimated difference between T3^fnT3 - (T2^WT3 + h.c.) is: -3.6269810859339593e-06 1.3154991797722683e-11
total cost: -7.77908447333971
singles alt: [(4, 0), (5, 1), (6, 0), (7, 1), (8, 0), (9, 1), (10, 0), (11, 1), (4, 2), (5, 3), (6, 2), (7, 3), (8, 2), (9, 3), (10, 2), (11, 3)]
length: 16 76
Estimated difference between T3^fnT3 - (T2^WT3 + h.c.) is: -3.6269810859355166e-06 1.315499179773398e-11
total cost: -7.779084473339693
singles alt: [(4, 0), (5, 1), (6, 0), (7, 1), (8, 0), (9, 1), (10, 0), (11, 1), (4, 2), (5, 3), (6, 2), (7, 3), (8, 2), (9, 3), (10, 2), (11, 3)]
length: 16 76
Estimated difference between T3^fnT3 - (T2^WT3 + h.c.) is: -3.6269810859364255e-06 1.3154991797740573e-11
total cost: -7.779084473339693
singles alt: [(4, 0), (5, 1), (6, 0), (7, 1), (8, 0), (9, 1), (10, 0), (11, 1), (4, 2), (5, 3), (6, 2), (7, 3), (8, 2), (9, 3), (10, 2), (11, 3)]
length: 16 76
Estimated difference between T3^fnT3 - (T2^WT3 + h.c.) is: -3.626981085936334e-06 1.3154991797739909e-11
total cost: -7.779084473339695
singles alt: [(4, 0), (5, 1), (6, 0), (7, 1), (8, 0), (9, 1), (10, 0), (11, 1), (4, 2), (5, 3), (6, 2), (7, 3), (8, 2), (9, 3), (10, 2), (11, 3)]
length: 16 76
Estimated difference between T3^fnT3 - (T2^WT3 + h.c.) is: -3.6269810859360994e-06 1.3154991797738206e-11
total cost: -7.779084473339726
singles alt: [(4, 0), (5, 1), (6, 0), (7, 1), (8, 0), (9, 1), (10, 0), (11, 1), (4, 2), (5, 3), (6, 2), (7, 3), (8, 2), (9, 3), (10, 2), (11, 3)]
length: 16 76
Estimated difference between T3^fnT3 - (T2^WT3 + h.c.) is: -3.6269810859371836e-06 1.315499179774607e-11
total cost: -7.779084473339692
singles alt: [(4, 0), (5, 1), (6, 0), (7, 1), (8, 0), (9, 1), (10, 0), (11, 1), (4, 2), (5, 3), (6, 2), (7, 3), (8, 2), (9, 3), (10, 2), (11, 3)]
length: 16 76
Estimated difference between T3^fnT3 - (T2^WT3 + h.c.) is: -3.6269810859361286e-06 1.315499179773842e-11
total cost: -7.779084473339691
singles alt: [(4, 0), (5, 1), (6, 0), (7, 1), (8, 0), (9, 1), (10, 0), (11, 1), (4, 2), (5, 3), (6, 2), (7, 3), (8, 2), (9, 3), (10, 2), (11, 3)]
length: 16 76
Estimated difference between T3^fnT3 - (T2^WT3 + h.c.) is: -3.626981085936927e-06 1.315499179774421e-11
total cost: -7.779084473339693
singles alt: [(4, 0), (5, 1), (6, 0), (7, 1), (8, 0), (9, 1), (10, 0), (11, 1), (4, 2), (5, 3), (6, 2), (7, 3), (8, 2), (9, 3), (10, 2), (11, 3)]
length: 16 76
Estimated difference between T3^fnT3 - (T2^WT3 + h.c.) is: -3.6269810859323436e-06 1.3154991797710962e-11
total cost: -7.779084473339709
singles alt: [(4, 0), (5, 1), (6, 0), (7, 1), (8, 0), (9, 1), (10, 0), (11, 1), (4, 2), (5, 3), (6, 2), (7, 3), (8, 2), (9, 3), (10, 2), (11, 3)]
length: 16 76
Estimated difference between T3^fnT3 - (T2^WT3 + h.c.) is: -3.6269810859364983e-06 1.3154991797741101e-11
total cost: -7.779084473339693
singles alt: [(4, 0), (5, 1), (6, 0), (7, 1), (8, 0), (9, 1), (10, 0), (11, 1), (4, 2), (5, 3), (6, 2), (7, 3), (8, 2), (9, 3), (10, 2), (11, 3)]
length: 16 76
Estimated difference between T3^fnT3 - (T2^WT3 + h.c.) is: -3.6269810859279916e-06 1.3154991797679394e-11
total cost: -7.779084473339697
singles alt: [(4, 0), (5, 1), (6, 0), (7, 1), (8, 0), (9, 1), (10, 0), (11, 1), (4, 2), (5, 3), (6, 2), (7, 3), (8, 2), (9, 3), (10, 2), (11, 3)]
length: 16 76
Estimated difference between T3^fnT3 - (T2^WT3 + h.c.) is: -3.6269810859362383e-06 1.3154991797739214e-11
total cost: -7.779084473339694
singles alt: [(4, 0), (5, 1), (6, 0), (7, 1), (8, 0), (9, 1), (10, 0), (11, 1), (4, 2), (5, 3), (6, 2), (7, 3), (8, 2), (9, 3), (10, 2), (11, 3)]
length: 16 76
Estimated difference between T3^fnT3 - (T2^WT3 + h.c.) is: -3.6269810859341986e-06 1.3154991797724419e-11
total cost: -7.779084473339709
singles alt: [(4, 0), (5, 1), (6, 0), (7, 1), (8, 0), (9, 1), (10, 0), (11, 1), (4, 2), (5, 3), (6, 2), (7, 3), (8, 2), (9, 3), (10, 2), (11, 3)]
length: 16 76
Estimated difference between T3^fnT3 - (T2^WT3 + h.c.) is: -3.6269810859385896e-06 1.3154991797756271e-11
total cost: -7.779084473339692
singles alt: [(4, 0), (5, 1), (6, 0), (7, 1), (8, 0), (9, 1), (10, 0), (11, 1), (4, 2), (5, 3), (6, 2), (7, 3), (8, 2), (9, 3), (10, 2), (11, 3)]
length: 16 76
Estimated difference between T3^fnT3 - (T2^WT3 + h.c.) is: -3.6269810859364195e-06 1.315499179774053e-11
total cost: -7.779084473339693
singles alt: [(4, 0), (5, 1), (6, 0), (7, 1), (8, 0), (9, 1), (10, 0), (11, 1), (4, 2), (5, 3), (6, 2), (7, 3), (8, 2), (9, 3), (10, 2), (11, 3)]
length: 16 76
Estimated difference between T3^fnT3 - (T2^WT3 + h.c.) is: -3.6269810859366186e-06 1.3154991797741974e-11
total cost: -7.779084473339693
singles alt: [(4, 0), (5, 1), (6, 0), (7, 1), (8, 0), (9, 1), (10, 0), (11, 1), (4, 2), (5, 3), (6, 2), (7, 3), (8, 2), (9, 3), (10, 2), (11, 3)]
length: 16 76
Estimated difference between T3^fnT3 - (T2^WT3 + h.c.) is: -3.6269813890611036e-06 1.3154993996595612e-11
total cost: -7.779084473164924
singles alt: [(4, 0), (5, 1), (6, 0), (7, 1), (8, 0), (9, 1), (10, 0), (11, 1), (4, 2), (5, 3), (6, 2), (7, 3), (8, 2), (9, 3), (10, 2), (11, 3)]
length: 16 76
Estimated difference between T3^fnT3 - (T2^WT3 + h.c.) is: -3.6269803561851433e-06 1.315498650415291e-11
total cost: -7.779084474046501
singles alt: [(4, 0), (5, 1), (6, 0), (7, 1), (8, 0), (9, 1), (10, 0), (11, 1), (4, 2), (5, 3), (6, 2), (7, 3), (8, 2), (9, 3), (10, 2), (11, 3)]
length: 16 76
Estimated difference between T3^fnT3 - (T2^WT3 + h.c.) is: -3.6269803559248462e-06 1.3154986502264724e-11
total cost: -7.779084474046771
singles alt: [(4, 0), (5, 1), (6, 0), (7, 1), (8, 0), (9, 1), (10, 0), (11, 1), (4, 2), (5, 3), (6, 2), (7, 3), (8, 2), (9, 3), (10, 2), (11, 3)]
length: 16 76
Estimated difference between T3^fnT3 - (T2^WT3 + h.c.) is: -3.626981311095804e-06 1.3154993431038237e-11
total cost: -7.77908447316913
singles alt: [(4, 0), (5, 1), (6, 0), (7, 1), (8, 0), (9, 1), (10, 0), (11, 1), (4, 2), (5, 3), (6, 2), (7, 3), (8, 2), (9, 3), (10, 2), (11, 3)]
length: 16 76
Estimated difference between T3^fnT3 - (T2^WT3 + h.c.) is: -3.626981085936099e-06 1.3154991797738204e-11
total cost: -7.779084473339724
singles alt: [(4, 0), (5, 1), (6, 0), (7, 1), (8, 0), (9, 1), (10, 0), (11, 1), (4, 2), (5, 3), (6, 2), (7, 3), (8, 2), (9, 3), (10, 2), (11, 3)]
length: 16 76
Estimated difference between T3^fnT3 - (T2^WT3 + h.c.) is: -3.6269810859371836e-06 1.315499179774607e-11
total cost: -7.779084473339692
singles alt: [(4, 0), (5, 1), (6, 0), (7, 1), (8, 0), (9, 1), (10, 0), (11, 1), (4, 2), (5, 3), (6, 2), (7, 3), (8, 2), (9, 3), (10, 2), (11, 3)]
length: 16 76
Estimated difference between T3^fnT3 - (T2^WT3 + h.c.) is: -3.6269810859331796e-06 1.3154991797717027e-11
total cost: -7.779084473339697
singles alt: [(4, 0), (5, 1), (6, 0), (7, 1), (8, 0), (9, 1), (10, 0), (11, 1), (4, 2), (5, 3), (6, 2), (7, 3), (8, 2), (9, 3), (10, 2), (11, 3)]
length: 16 76
Estimated difference between T3^fnT3 - (T2^WT3 + h.c.) is: -3.626981085936927e-06 1.315499179774421e-11
total cost: -7.779084473339694
singles alt: [(4, 0), (5, 1), (6, 0), (7, 1), (8, 0), (9, 1), (10, 0), (11, 1), (4, 2), (5, 3), (6, 2), (7, 3), (8, 2), (9, 3), (10, 2), (11, 3)]
length: 16 76
Estimated difference between T3^fnT3 - (T2^WT3 + h.c.) is: -3.6269811532419887e-06 1.3154992285972586e-11
total cost: -7.779084472448372
singles alt: [(4, 0), (5, 1), (6, 0), (7, 1), (8, 0), (9, 1), (10, 0), (11, 1), (4, 2), (5, 3), (6, 2), (7, 3), (8, 2), (9, 3), (10, 2), (11, 3)]
length: 16 76
Estimated difference between T3^fnT3 - (T2^WT3 + h.c.) is: -3.626981151836546e-06 1.3154992275777558e-11
total cost: -7.779084473064988
singles alt: [(4, 0), (5, 1), (6, 0), (7, 1), (8, 0), (9, 1), (10, 0), (11, 1), (4, 2), (5, 3), (6, 2), (7, 3), (8, 2), (9, 3), (10, 2), (11, 3)]
length: 16 76
Estimated difference between T3^fnT3 - (T2^WT3 + h.c.) is: -3.6269816570981144e-06 1.3154995940926184e-11
total cost: -7.77908447211709
singles alt: [(4, 0), (5, 1), (6, 0), (7, 1), (8, 0), (9, 1), (10, 0), (11, 1), (4, 2), (5, 3), (6, 2), (7, 3), (8, 2), (9, 3), (10, 2), (11, 3)]
length: 16 76
Estimated difference between T3^fnT3 - (T2^WT3 + h.c.) is: -3.6269808884927935e-06 1.3154990365491973e-11
total cost: -7.779084473622006
singles alt: [(4, 0), (5, 1), (6, 0), (7, 1), (8, 0), (9, 1), (10, 0), (11, 1), (4, 2), (5, 3), (6, 2), (7, 3), (8, 2), (9, 3), (10, 2), (11, 3)]
length: 16 76
Estimated difference between T3^fnT3 - (T2^WT3 + h.c.) is: -3.626981085936166e-06 1.3154991797738689e-11
total cost: -7.779084473339725
singles alt: [(4, 0), (5, 1), (6, 0), (7, 1), (8, 0), (9, 1), (10, 0), (11, 1), (4, 2), (5, 3), (6, 2), (7, 3), (8, 2), (9, 3), (10, 2), (11, 3)]
length: 16 76
Estimated difference between T3^fnT3 - (T2^WT3 + h.c.) is: -3.6269810859396755e-06 1.3154991797764147e-11
total cost: -7.779084473339687
singles alt: [(4, 0), (5, 1), (6, 0), (7, 1), (8, 0), (9, 1), (10, 0), (11, 1), (4, 2), (5, 3), (6, 2), (7, 3), (8, 2), (9, 3), (10, 2), (11, 3)]
length: 16 76
Estimated difference between T3^fnT3 - (T2^WT3 + h.c.) is: -3.626981085937183e-06 1.3154991797746069e-11
total cost: -7.779084473339691
singles alt: [(4, 0), (5, 1), (6, 0), (7, 1), (8, 0), (9, 1), (10, 0), (11, 1), (4, 2), (5, 3), (6, 2), (7, 3), (8, 2), (9, 3), (10, 2), (11, 3)]
length: 16 76
Estimated difference between T3^fnT3 - (T2^WT3 + h.c.) is: -3.626981085937125e-06 1.3154991797745647e-11
total cost: -7.779084473339691
singles alt: [(4, 0), (5, 1), (6, 0), (7, 1), (8, 0), (9, 1), (10, 0), (11, 1), (4, 2), (5, 3), (6, 2), (7, 3), (8, 2), (9, 3), (10, 2), (11, 3)]
length: 16 76
Estimated difference between T3^fnT3 - (T2^WT3 + h.c.) is: -3.6269810859358258e-06 1.3154991797736222e-11
total cost: -7.779084473339735
singles alt: [(4, 0), (5, 1), (6, 0), (7, 1), (8, 0), (9, 1), (10, 0), (11, 1), (4, 2), (5, 3), (6, 2), (7, 3), (8, 2), (9, 3), (10, 2), (11, 3)]
length: 16 76
Estimated difference between T3^fnT3 - (T2^WT3 + h.c.) is: -3.6269810859329865e-06 1.3154991797715627e-11
total cost: -7.779084473339696
singles alt: [(4, 0), (5, 1), (6, 0), (7, 1), (8, 0), (9, 1), (10, 0), (11, 1), (4, 2), (5, 3), (6, 2), (7, 3), (8, 2), (9, 3), (10, 2), (11, 3)]
length: 16 76
Estimated difference between T3^fnT3 - (T2^WT3 + h.c.) is: -3.6269810859360384e-06 1.3154991797737765e-11
total cost: -7.779084473339697
singles alt: [(4, 0), (5, 1), (6, 0), (7, 1), (8, 0), (9, 1), (10, 0), (11, 1), (4, 2), (5, 3), (6, 2), (7, 3), (8, 2), (9, 3), (10, 2), (11, 3)]
length: 16 76
Estimated difference between T3^fnT3 - (T2^WT3 + h.c.) is: -3.626981085936715e-06 1.3154991797742673e-11
total cost: -7.779084473339695
singles alt: [(4, 0), (5, 1), (6, 0), (7, 1), (8, 0), (9, 1), (10, 0), (11, 1), (4, 2), (5, 3), (6, 2), (7, 3), (8, 2), (9, 3), (10, 2), (11, 3)]
length: 16 76
Estimated difference between T3^fnT3 - (T2^WT3 + h.c.) is: -3.6269813817216063e-06 1.3154993943355173e-11
total cost: -7.7790844712673435
singles alt: [(4, 0), (5, 1), (6, 0), (7, 1), (8, 0), (9, 1), (10, 0), (11, 1), (4, 2), (5, 3), (6, 2), (7, 3), (8, 2), (9, 3), (10, 2), (11, 3)]
length: 16 76
Estimated difference between T3^fnT3 - (T2^WT3 + h.c.) is: -3.626980957633343e-06 1.3154990867034883e-11
total cost: -7.7790844744698004
singles alt: [(4, 0), (5, 1), (6, 0), (7, 1), (8, 0), (9, 1), (10, 0), (11, 1), (4, 2), (5, 3), (6, 2), (7, 3), (8, 2), (9, 3), (10, 2), (11, 3)]
length: 16 76
Estimated difference between T3^fnT3 - (T2^WT3 + h.c.) is: -3.6269809572765355e-06 1.3154990864446614e-11
total cost: -7.779084474469847
singles alt: [(4, 0), (5, 1), (6, 0), (7, 1), (8, 0), (9, 1), (10, 0), (11, 1), (4, 2), (5, 3), (6, 2), (7, 3), (8, 2), (9, 3), (10, 2), (11, 3)]
length: 16 76
Estimated difference between T3^fnT3 - (T2^WT3 + h.c.) is: -3.6269812488673083e-06 1.315499297963506e-11
total cost: -7.779084473061545
singles alt: [(4, 0), (5, 1), (6, 0), (7, 1), (8, 0), (9, 1), (10, 0), (11, 1), (4, 2), (5, 3), (6, 2), (7, 3), (8, 2), (9, 3), (10, 2), (11, 3)]
length: 16 76
Estimated difference between T3^fnT3 - (T2^WT3 + h.c.) is: -3.626981085930923e-06 1.3154991797700658e-11
total cost: -7.779084473339696
singles alt: [(4, 0), (5, 1), (6, 0), (7, 1), (8, 0), (9, 1), (10, 0), (11, 1), (4, 2), (5, 3), (6, 2), (7, 3), (8, 2), (9, 3), (10, 2), (11, 3)]
length: 16 76
Estimated difference between T3^fnT3 - (T2^WT3 + h.c.) is: -3.6269810859386765e-06 1.3154991797756902e-11
total cost: -7.779084473339693
singles alt: [(4, 0), (5, 1), (6, 0), (7, 1), (8, 0), (9, 1), (10, 0), (11, 1), (4, 2), (5, 3), (6, 2), (7, 3), (8, 2), (9, 3), (10, 2), (11, 3)]
length: 16 76
Estimated difference between T3^fnT3 - (T2^WT3 + h.c.) is: -3.626981085932497e-06 1.3154991797712075e-11
total cost: -7.779084473339693
singles alt: [(4, 0), (5, 1), (6, 0), (7, 1), (8, 0), (9, 1), (10, 0), (11, 1), (4, 2), (5, 3), (6, 2), (7, 3), (8, 2), (9, 3), (10, 2), (11, 3)]
length: 16 76
Estimated difference between T3^fnT3 - (T2^WT3 + h.c.) is: -3.6269810859270675e-06 1.3154991797672689e-11
total cost: -7.779084473339696
singles alt: [(4, 0), (5, 1), (6, 0), (7, 1), (8, 0), (9, 1), (10, 0), (11, 1), (4, 2), (5, 3), (6, 2), (7, 3), (8, 2), (9, 3), (10, 2), (11, 3)]
length: 16 76
Estimated difference between T3^fnT3 - (T2^WT3 + h.c.) is: -3.626981480828381e-06 1.3154994662272038e-11
total cost: -7.779084472412384
singles alt: [(4, 0), (5, 1), (6, 0), (7, 1), (8, 0), (9, 1), (10, 0), (11, 1), (4, 2), (5, 3), (6, 2), (7, 3), (8, 2), (9, 3), (10, 2), (11, 3)]
length: 16 76
Estimated difference between T3^fnT3 - (T2^WT3 + h.c.) is: -3.626981482307631e-06 1.315499467300246e-11
total cost: -7.779084472412632
singles alt: [(4, 0), (5, 1), (6, 0), (7, 1), (8, 0), (9, 1), (10, 0), (11, 1), (4, 2), (5, 3), (6, 2), (7, 3), (8, 2), (9, 3), (10, 2), (11, 3)]
length: 16 76
Estimated difference between T3^fnT3 - (T2^WT3 + h.c.) is: -3.6269810859312675e-06 1.3154991797703156e-11
total cost: -7.779084473339696
singles alt: [(4, 0), (5, 1), (6, 0), (7, 1), (8, 0), (9, 1), (10, 0), (11, 1), (4, 2), (5, 3), (6, 2), (7, 3), (8, 2), (9, 3), (10, 2), (11, 3)]
length: 16 76
Estimated difference between T3^fnT3 - (T2^WT3 + h.c.) is: -3.626981085937741e-06 1.3154991797750114e-11
total cost: -7.779084473339693
singles alt: [(4, 0), (5, 1), (6, 0), (7, 1), (8, 0), (9, 1), (10, 0), (11, 1), (4, 2), (5, 3), (6, 2), (7, 3), (8, 2), (9, 3), (10, 2), (11, 3)]
length: 16 76
Estimated difference between T3^fnT3 - (T2^WT3 + h.c.) is: -3.6269810859371844e-06 1.3154991797746077e-11
total cost: -7.779084473339697
singles alt: [(4, 0), (5, 1), (6, 0), (7, 1), (8, 0), (9, 1), (10, 0), (11, 1), (4, 2), (5, 3), (6, 2), (7, 3), (8, 2), (9, 3), (10, 2), (11, 3)]
length: 16 76
Estimated difference between T3^fnT3 - (T2^WT3 + h.c.) is: -3.626981085935364e-06 1.3154991797732873e-11
total cost: -7.779084473339695
singles alt: [(4, 0), (5, 1), (6, 0), (7, 1), (8, 0), (9, 1), (10, 0), (11, 1), (4, 2), (5, 3), (6, 2), (7, 3), (8, 2), (9, 3), (10, 2), (11, 3)]
length: 16 76
Estimated difference between T3^fnT3 - (T2^WT3 + h.c.) is: -3.6269810859392842e-06 1.3154991797761309e-11
total cost: -7.779084473339692
singles alt: [(4, 0), (5, 1), (6, 0), (7, 1), (8, 0), (9, 1), (10, 0), (11, 1), (4, 2), (5, 3), (6, 2), (7, 3), (8, 2), (9, 3), (10, 2), (11, 3)]
length: 16 76
Estimated difference between T3^fnT3 - (T2^WT3 + h.c.) is: -3.626981085940165e-06 1.31549917977677e-11
total cost: -7.779084473339694
singles alt: [(4, 0), (5, 1), (6, 0), (7, 1), (8, 0), (9, 1), (10, 0), (11, 1), (4, 2), (5, 3), (6, 2), (7, 3), (8, 2), (9, 3), (10, 2), (11, 3)]
length: 16 76
Estimated difference between T3^fnT3 - (T2^WT3 + h.c.) is: -3.6269810859369803e-06 1.3154991797744597e-11
total cost: -7.7790844732907045
singles alt: [(4, 0), (5, 1), (6, 0), (7, 1), (8, 0), (9, 1), (10, 0), (11, 1), (4, 2), (5, 3), (6, 2), (7, 3), (8, 2), (9, 3), (10, 2), (11, 3)]
length: 16 76
Estimated difference between T3^fnT3 - (T2^WT3 + h.c.) is: -3.6269810859369803e-06 1.3154991797744597e-11
total cost: -7.77908447329088
singles alt: [(4, 0), (5, 1), (6, 0), (7, 1), (8, 0), (9, 1), (10, 0), (11, 1), (4, 2), (5, 3), (6, 2), (7, 3), (8, 2), (9, 3), (10, 2), (11, 3)]
length: 16 76
Estimated difference between T3^fnT3 - (T2^WT3 + h.c.) is: -3.6269810859369803e-06 1.3154991797744597e-11
total cost: -7.779084473339692
singles alt: [(4, 0), (5, 1), (6, 0), (7, 1), (8, 0), (9, 1), (10, 0), (11, 1), (4, 2), (5, 3), (6, 2), (7, 3), (8, 2), (9, 3), (10, 2), (11, 3)]
length: 16 76
Estimated difference between T3^fnT3 - (T2^WT3 + h.c.) is: -3.6269810859369803e-06 1.3154991797744597e-11
total cost: -7.779084473339688
singles alt: [(4, 0), (5, 1), (6, 0), (7, 1), (8, 0), (9, 1), (10, 0), (11, 1), (4, 2), (5, 3), (6, 2), (7, 3), (8, 2), (9, 3), (10, 2), (11, 3)]
length: 16 76
Estimated difference between T3^fnT3 - (T2^WT3 + h.c.) is: -3.6269810859369803e-06 1.3154991797744597e-11
total cost: -7.779084473339693
singles alt: [(4, 0), (5, 1), (6, 0), (7, 1), (8, 0), (9, 1), (10, 0), (11, 1), (4, 2), (5, 3), (6, 2), (7, 3), (8, 2), (9, 3), (10, 2), (11, 3)]
length: 16 76
Estimated difference between T3^fnT3 - (T2^WT3 + h.c.) is: -3.6269810859369803e-06 1.3154991797744597e-11
total cost: -7.779084473339693
singles alt: [(4, 0), (5, 1), (6, 0), (7, 1), (8, 0), (9, 1), (10, 0), (11, 1), (4, 2), (5, 3), (6, 2), (7, 3), (8, 2), (9, 3), (10, 2), (11, 3)]
length: 16 76
Estimated difference between T3^fnT3 - (T2^WT3 + h.c.) is: -3.6269810859369803e-06 1.3154991797744597e-11
total cost: -7.779084473510153
singles alt: [(4, 0), (5, 1), (6, 0), (7, 1), (8, 0), (9, 1), (10, 0), (11, 1), (4, 2), (5, 3), (6, 2), (7, 3), (8, 2), (9, 3), (10, 2), (11, 3)]
length: 16 76
Estimated difference between T3^fnT3 - (T2^WT3 + h.c.) is: -3.6269810859369803e-06 1.3154991797744597e-11
total cost: -7.77908447351012
singles alt: [(4, 0), (5, 1), (6, 0), (7, 1), (8, 0), (9, 1), (10, 0), (11, 1), (4, 2), (5, 3), (6, 2), (7, 3), (8, 2), (9, 3), (10, 2), (11, 3)]
length: 16 76
Estimated difference between T3^fnT3 - (T2^WT3 + h.c.) is: -3.6269810859369803e-06 1.3154991797744597e-11
total cost: -7.779084473491412
singles alt: [(4, 0), (5, 1), (6, 0), (7, 1), (8, 0), (9, 1), (10, 0), (11, 1), (4, 2), (5, 3), (6, 2), (7, 3), (8, 2), (9, 3), (10, 2), (11, 3)]
length: 16 76
Estimated difference between T3^fnT3 - (T2^WT3 + h.c.) is: -3.6269810859369803e-06 1.3154991797744597e-11
total cost: -7.779084473490975
singles alt: [(4, 0), (5, 1), (6, 0), (7, 1), (8, 0), (9, 1), (10, 0), (11, 1), (4, 2), (5, 3), (6, 2), (7, 3), (8, 2), (9, 3), (10, 2), (11, 3)]
length: 16 76
Estimated difference between T3^fnT3 - (T2^WT3 + h.c.) is: -3.6269810859369803e-06 1.3154991797744597e-11
total cost: -7.779084473339694
singles alt: [(4, 0), (5, 1), (6, 0), (7, 1), (8, 0), (9, 1), (10, 0), (11, 1), (4, 2), (5, 3), (6, 2), (7, 3), (8, 2), (9, 3), (10, 2), (11, 3)]
length: 16 76
Estimated difference between T3^fnT3 - (T2^WT3 + h.c.) is: -3.6269810859369803e-06 1.3154991797744597e-11
total cost: -7.779084473339693
singles alt: [(4, 0), (5, 1), (6, 0), (7, 1), (8, 0), (9, 1), (10, 0), (11, 1), (4, 2), (5, 3), (6, 2), (7, 3), (8, 2), (9, 3), (10, 2), (11, 3)]
length: 16 76
Estimated difference between T3^fnT3 - (T2^WT3 + h.c.) is: -3.6269810859369803e-06 1.3154991797744597e-11
total cost: -7.779084473339695
singles alt: [(4, 0), (5, 1), (6, 0), (7, 1), (8, 0), (9, 1), (10, 0), (11, 1), (4, 2), (5, 3), (6, 2), (7, 3), (8, 2), (9, 3), (10, 2), (11, 3)]
length: 16 76
Estimated difference between T3^fnT3 - (T2^WT3 + h.c.) is: -3.6269810859369803e-06 1.3154991797744597e-11
total cost: -7.779084473339695
singles alt: [(4, 0), (5, 1), (6, 0), (7, 1), (8, 0), (9, 1), (10, 0), (11, 1), (4, 2), (5, 3), (6, 2), (7, 3), (8, 2), (9, 3), (10, 2), (11, 3)]
length: 16 76
Estimated difference between T3^fnT3 - (T2^WT3 + h.c.) is: -3.6269810859369803e-06 1.3154991797744597e-11
total cost: -7.779084473363541
singles alt: [(4, 0), (5, 1), (6, 0), (7, 1), (8, 0), (9, 1), (10, 0), (11, 1), (4, 2), (5, 3), (6, 2), (7, 3), (8, 2), (9, 3), (10, 2), (11, 3)]
length: 16 76
Estimated difference between T3^fnT3 - (T2^WT3 + h.c.) is: -3.6269810859369803e-06 1.3154991797744597e-11
total cost: -7.779084473363459
singles alt: [(4, 0), (5, 1), (6, 0), (7, 1), (8, 0), (9, 1), (10, 0), (11, 1), (4, 2), (5, 3), (6, 2), (7, 3), (8, 2), (9, 3), (10, 2), (11, 3)]
length: 16 76
Estimated difference between T3^fnT3 - (T2^WT3 + h.c.) is: -1.2969710269517124e-06 1.6821338447521796e-12
total cost: -7.7840037108374
singles alt: [(4, 0), (5, 1), (6, 0), (7, 1), (8, 0), (9, 1), (10, 0), (11, 1), (4, 2), (5, 3), (6, 2), (7, 3), (8, 2), (9, 3), (10, 2), (11, 3)]
length: 16 76
Estimated difference between T3^fnT3 - (T2^WT3 + h.c.) is: -1.2969712123457472e-06 1.6821343256535974e-12
total cost: -7.784003710957088
singles alt: [(4, 0), (5, 1), (6, 0), (7, 1), (8, 0), (9, 1), (10, 0), (11, 1), (4, 2), (5, 3), (6, 2), (7, 3), (8, 2), (9, 3), (10, 2), (11, 3)]
length: 16 76
Estimated difference between T3^fnT3 - (T2^WT3 + h.c.) is: -1.2969710656261268e-06 1.6821339450713708e-12
total cost: -7.784003710842267
singles alt: [(4, 0), (5, 1), (6, 0), (7, 1), (8, 0), (9, 1), (10, 0), (11, 1), (4, 2), (5, 3), (6, 2), (7, 3), (8, 2), (9, 3), (10, 2), (11, 3)]
length: 16 76
Estimated difference between T3^fnT3 - (T2^WT3 + h.c.) is: -1.2969710656590153e-06 1.682133945156682e-12
total cost: -7.784003710842269
singles alt: [(4, 0), (5, 1), (6, 0), (7, 1), (8, 0), (9, 1), (10, 0), (11, 1), (4, 2), (5, 3), (6, 2), (7, 3), (8, 2), (9, 3), (10, 2), (11, 3)]
length: 16 76
Estimated difference between T3^fnT3 - (T2^WT3 + h.c.) is: -1.2969711453794319e-06 1.6821341519468354e-12
total cost: -7.784003710934484
singles alt: [(4, 0), (5, 1), (6, 0), (7, 1), (8, 0), (9, 1), (10, 0), (11, 1), (4, 2), (5, 3), (6, 2), (7, 3), (8, 2), (9, 3), (10, 2), (11, 3)]
length: 16 76
Estimated difference between T3^fnT3 - (T2^WT3 + h.c.) is: -1.2969710269508855e-06 1.6821338447500345e-12
total cost: -7.784003710837402
singles alt: [(4, 0), (5, 1), (6, 0), (7, 1), (8, 0), (9, 1), (10, 0), (11, 1), (4, 2), (5, 3), (6, 2), (7, 3), (8, 2), (9, 3), (10, 2), (11, 3)]
length: 16 76
Estimated difference between T3^fnT3 - (T2^WT3 + h.c.) is: -1.296971026951507e-06 1.6821338447516467e-12
total cost: -7.7840037108374
singles alt: [(4, 0), (5, 1), (6, 0), (7, 1), (8, 0), (9, 1), (10, 0), (11, 1), (4, 2), (5, 3), (6, 2), (7, 3), (8, 2), (9, 3), (10, 2), (11, 3)]
length: 16 76
Estimated difference between T3^fnT3 - (T2^WT3 + h.c.) is: -1.2969710269510458e-06 1.6821338447504503e-12
total cost: -7.7840037108374
singles alt: [(4, 0), (5, 1), (6, 0), (7, 1), (8, 0), (9, 1), (10, 0), (11, 1), (4, 2), (5, 3), (6, 2), (7, 3), (8, 2), (9, 3), (10, 2), (11, 3)]
length: 16 76
Estimated difference between T3^fnT3 - (T2^WT3 + h.c.) is: -1.2969710269516489e-06 1.6821338447520148e-12
total cost: -7.7840037108374
singles alt: [(4, 0), (5, 1), (6, 0), (7, 1), (8, 0), (9, 1), (10, 0), (11, 1), (4, 2), (5, 3), (6, 2), (7, 3), (8, 2), (9, 3), (10, 2), (11, 3)]
length: 16 76
Estimated difference between T3^fnT3 - (T2^WT3 + h.c.) is: -1.29697102695084e-06 1.6821338447499164e-12
total cost: -7.7840037108374025
singles alt: [(4, 0), (5, 1), (6, 0), (7, 1), (8, 0), (9, 1), (10, 0), (11, 1), (4, 2), (5, 3), (6, 2), (7, 3), (8, 2), (9, 3), (10, 2), (11, 3)]
length: 16 76
Estimated difference between T3^fnT3 - (T2^WT3 + h.c.) is: -1.2969710269489538e-06 1.682133844745024e-12
total cost: -7.784003710837402
singles alt: [(4, 0), (5, 1), (6, 0), (7, 1), (8, 0), (9, 1), (10, 0), (11, 1), (4, 2), (5, 3), (6, 2), (7, 3), (8, 2), (9, 3), (10, 2), (11, 3)]
length: 16 76
Estimated difference between T3^fnT3 - (T2^WT3 + h.c.) is: -1.2969710269511093e-06 1.6821338447506151e-12
total cost: -7.784003710837401
singles alt: [(4, 0), (5, 1), (6, 0), (7, 1), (8, 0), (9, 1), (10, 0), (11, 1), (4, 2), (5, 3), (6, 2), (7, 3), (8, 2), (9, 3), (10, 2), (11, 3)]
length: 16 76
Estimated difference between T3^fnT3 - (T2^WT3 + h.c.) is: -1.29697102695156e-06 1.682133844751784e-12
total cost: -7.784003710837401
singles alt: [(4, 0), (5, 1), (6, 0), (7, 1), (8, 0), (9, 1), (10, 0), (11, 1), (4, 2), (5, 3), (6, 2), (7, 3), (8, 2), (9, 3), (10, 2), (11, 3)]
length: 16 76
Estimated difference between T3^fnT3 - (T2^WT3 + h.c.) is: -1.296971077149285e-06 1.6821339749617765e-12
total cost: -7.7840037107797775
singles alt: [(4, 0), (5, 1), (6, 0), (7, 1), (8, 0), (9, 1), (10, 0), (11, 1), (4, 2), (5, 3), (6, 2), (7, 3), (8, 2), (9, 3), (10, 2), (11, 3)]
length: 16 76
Estimated difference between T3^fnT3 - (T2^WT3 + h.c.) is: -1.2969708620948596e-06 1.6821334171230835e-12
total cost: -7.7840037107432885
singles alt: [(4, 0), (5, 1), (6, 0), (7, 1), (8, 0), (9, 1), (10, 0), (11, 1), (4, 2), (5, 3), (6, 2), (7, 3), (8, 2), (9, 3), (10, 2), (11, 3)]
length: 16 76
Estimated difference between T3^fnT3 - (T2^WT3 + h.c.) is: -1.2969709895311563e-06 1.6821337476854266e-12
total cost: -7.784003710818397
singles alt: [(4, 0), (5, 1), (6, 0), (7, 1), (8, 0), (9, 1), (10, 0), (11, 1), (4, 2), (5, 3), (6, 2), (7, 3), (8, 2), (9, 3), (10, 2), (11, 3)]
length: 16 76
Estimated difference between T3^fnT3 - (T2^WT3 + h.c.) is: -1.2969709036432248e-06 1.682133524897123e-12
total cost: -7.784003710689579
singles alt: [(4, 0), (5, 1), (6, 0), (7, 1), (8, 0), (9, 1), (10, 0), (11, 1), (4, 2), (5, 3), (6, 2), (7, 3), (8, 2), (9, 3), (10, 2), (11, 3)]
length: 16 76
Estimated difference between T3^fnT3 - (T2^WT3 + h.c.) is: -1.296971026950849e-06 1.68213384474994e-12
total cost: -7.7840037108374025
singles alt: [(4, 0), (5, 1), (6, 0), (7, 1), (8, 0), (9, 1), (10, 0), (11, 1), (4, 2), (5, 3), (6, 2), (7, 3), (8, 2), (9, 3), (10, 2), (11, 3)]
length: 16 76
Estimated difference between T3^fnT3 - (T2^WT3 + h.c.) is: -1.2969710269510458e-06 1.6821338447504503e-12
total cost: -7.784003710837401
singles alt: [(4, 0), (5, 1), (6, 0), (7, 1), (8, 0), (9, 1), (10, 0), (11, 1), (4, 2), (5, 3), (6, 2), (7, 3), (8, 2), (9, 3), (10, 2), (11, 3)]
length: 16 76
Estimated difference between T3^fnT3 - (T2^WT3 + h.c.) is: -1.2969710269495247e-06 1.6821338447465049e-12
total cost: -7.784003710837402
singles alt: [(4, 0), (5, 1), (6, 0), (7, 1), (8, 0), (9, 1), (10, 0), (11, 1), (4, 2), (5, 3), (6, 2), (7, 3), (8, 2), (9, 3), (10, 2), (11, 3)]
length: 16 76
Estimated difference between T3^fnT3 - (T2^WT3 + h.c.) is: -1.2969710269515714e-06 1.6821338447518137e-12
total cost: -7.784003710837401
singles alt: [(4, 0), (5, 1), (6, 0), (7, 1), (8, 0), (9, 1), (10, 0), (11, 1), (4, 2), (5, 3), (6, 2), (7, 3), (8, 2), (9, 3), (10, 2), (11, 3)]
length: 16 76
Estimated difference between T3^fnT3 - (T2^WT3 + h.c.) is: -1.296971225594348e-06 1.682134360019705e-12
total cost: -7.784003710863302
singles alt: [(4, 0), (5, 1), (6, 0), (7, 1), (8, 0), (9, 1), (10, 0), (11, 1), (4, 2), (5, 3), (6, 2), (7, 3), (8, 2), (9, 3), (10, 2), (11, 3)]
length: 16 76
Estimated difference between T3^fnT3 - (T2^WT3 + h.c.) is: -1.2969713037386007e-06 1.6821345627214055e-12
total cost: -7.784003710864682
singles alt: [(4, 0), (5, 1), (6, 0), (7, 1), (8, 0), (9, 1), (10, 0), (11, 1), (4, 2), (5, 3), (6, 2), (7, 3), (8, 2), (9, 3), (10, 2), (11, 3)]
length: 16 76
Estimated difference between T3^fnT3 - (T2^WT3 + h.c.) is: -1.296971303749582e-06 1.6821345627498906e-12
total cost: -7.784003710864727
singles alt: [(4, 0), (5, 1), (6, 0), (7, 1), (8, 0), (9, 1), (10, 0), (11, 1), (4, 2), (5, 3), (6, 2), (7, 3), (8, 2), (9, 3), (10, 2), (11, 3)]
length: 16 76
Estimated difference between T3^fnT3 - (T2^WT3 + h.c.) is: -1.2969711704585267e-06 1.682134217000561e-12
total cost: -7.784003710971649
singles alt: [(4, 0), (5, 1), (6, 0), (7, 1), (8, 0), (9, 1), (10, 0), (11, 1), (4, 2), (5, 3), (6, 2), (7, 3), (8, 2), (9, 3), (10, 2), (11, 3)]
length: 16 76
Estimated difference between T3^fnT3 - (T2^WT3 + h.c.) is: -1.2969710269511574e-06 1.68213384475074e-12
total cost: -7.7840037108374025
singles alt: [(4, 0), (5, 1), (6, 0), (7, 1), (8, 0), (9, 1), (10, 0), (11, 1), (4, 2), (5, 3), (6, 2), (7, 3), (8, 2), (9, 3), (10, 2), (11, 3)]
length: 16 76
Estimated difference between T3^fnT3 - (T2^WT3 + h.c.) is: -1.296971026950573e-06 1.682133844749224e-12
total cost: -7.784003710837401
singles alt: [(4, 0), (5, 1), (6, 0), (7, 1), (8, 0), (9, 1), (10, 0), (11, 1), (4, 2), (5, 3), (6, 2), (7, 3), (8, 2), (9, 3), (10, 2), (11, 3)]
length: 16 76
Estimated difference between T3^fnT3 - (T2^WT3 + h.c.) is: -1.2969710269510081e-06 1.6821338447503526e-12
total cost: -7.784003710837401
singles alt: [(4, 0), (5, 1), (6, 0), (7, 1), (8, 0), (9, 1), (10, 0), (11, 1), (4, 2), (5, 3), (6, 2), (7, 3), (8, 2), (9, 3), (10, 2), (11, 3)]
length: 16 76
Estimated difference between T3^fnT3 - (T2^WT3 + h.c.) is: -1.2969710269515854e-06 1.68213384475185e-12
total cost: -7.784003710837401
singles alt: [(4, 0), (5, 1), (6, 0), (7, 1), (8, 0), (9, 1), (10, 0), (11, 1), (4, 2), (5, 3), (6, 2), (7, 3), (8, 2), (9, 3), (10, 2), (11, 3)]
length: 16 76
Estimated difference between T3^fnT3 - (T2^WT3 + h.c.) is: -1.29697102695156e-06 1.682133844751784e-12
total cost: -7.784003710837404
singles alt: [(4, 0), (5, 1), (6, 0), (7, 1), (8, 0), (9, 1), (10, 0), (11, 1), (4, 2), (5, 3), (6, 2), (7, 3), (8, 2), (9, 3), (10, 2), (11, 3)]
length: 16 76
Estimated difference between T3^fnT3 - (T2^WT3 + h.c.) is: -1.2969710269517855e-06 1.682133844752369e-12
total cost: -7.7840037108374
singles alt: [(4, 0), (5, 1), (6, 0), (7, 1), (8, 0), (9, 1), (10, 0), (11, 1), (4, 2), (5, 3), (6, 2), (7, 3), (8, 2), (9, 3), (10, 2), (11, 3)]
length: 16 76
Estimated difference between T3^fnT3 - (T2^WT3 + h.c.) is: -1.2969710269512254e-06 1.6821338447509162e-12
total cost: -7.7840037108374
singles alt: [(4, 0), (5, 1), (6, 0), (7, 1), (8, 0), (9, 1), (10, 0), (11, 1), (4, 2), (5, 3), (6, 2), (7, 3), (8, 2), (9, 3), (10, 2), (11, 3)]
length: 16 76
Estimated difference between T3^fnT3 - (T2^WT3 + h.c.) is: -1.2969710269517245e-06 1.682133844752211e-12
total cost: -7.7840037108374
singles alt: [(4, 0), (5, 1), (6, 0), (7, 1), (8, 0), (9, 1), (10, 0), (11, 1), (4, 2), (5, 3), (6, 2), (7, 3), (8, 2), (9, 3), (10, 2), (11, 3)]
length: 16 76
Estimated difference between T3^fnT3 - (T2^WT3 + h.c.) is: -1.296971026950849e-06 1.68213384474994e-12
total cost: -7.7840037108374025
singles alt: [(4, 0), (5, 1), (6, 0), (7, 1), (8, 0), (9, 1), (10, 0), (11, 1), (4, 2), (5, 3), (6, 2), (7, 3), (8, 2), (9, 3), (10, 2), (11, 3)]
length: 16 76
Estimated difference between T3^fnT3 - (T2^WT3 + h.c.) is: -1.2969710269510458e-06 1.6821338447504503e-12
total cost: -7.784003710837401
singles alt: [(4, 0), (5, 1), (6, 0), (7, 1), (8, 0), (9, 1), (10, 0), (11, 1), (4, 2), (5, 3), (6, 2), (7, 3), (8, 2), (9, 3), (10, 2), (11, 3)]
length: 16 76
Estimated difference between T3^fnT3 - (T2^WT3 + h.c.) is: -1.2969710269490167e-06 1.6821338447451872e-12
total cost: -7.784003710837402
singles alt: [(4, 0), (5, 1), (6, 0), (7, 1), (8, 0), (9, 1), (10, 0), (11, 1), (4, 2), (5, 3), (6, 2), (7, 3), (8, 2), (9, 3), (10, 2), (11, 3)]
length: 16 76
Estimated difference between T3^fnT3 - (T2^WT3 + h.c.) is: -1.2969710269515714e-06 1.6821338447518137e-12
total cost: -7.784003710837401
singles alt: [(4, 0), (5, 1), (6, 0), (7, 1), (8, 0), (9, 1), (10, 0), (11, 1), (4, 2), (5, 3), (6, 2), (7, 3), (8, 2), (9, 3), (10, 2), (11, 3)]
length: 16 76
Estimated difference between T3^fnT3 - (T2^WT3 + h.c.) is: -1.2969710269512097e-06 1.6821338447508754e-12
total cost: -7.784003710837402
singles alt: [(4, 0), (5, 1), (6, 0), (7, 1), (8, 0), (9, 1), (10, 0), (11, 1), (4, 2), (5, 3), (6, 2), (7, 3), (8, 2), (9, 3), (10, 2), (11, 3)]
length: 16 76
Estimated difference between T3^fnT3 - (T2^WT3 + h.c.) is: -1.2969710269520241e-06 1.682133844752988e-12
total cost: -7.7840037108374
singles alt: [(4, 0), (5, 1), (6, 0), (7, 1), (8, 0), (9, 1), (10, 0), (11, 1), (4, 2), (5, 3), (6, 2), (7, 3), (8, 2), (9, 3), (10, 2), (11, 3)]
length: 16 76
Estimated difference between T3^fnT3 - (T2^WT3 + h.c.) is: -1.2969710269507813e-06 1.6821338447497643e-12
total cost: -7.7840037108374
singles alt: [(4, 0), (5, 1), (6, 0), (7, 1), (8, 0), (9, 1), (10, 0), (11, 1), (4, 2), (5, 3), (6, 2), (7, 3), (8, 2), (9, 3), (10, 2), (11, 3)]
length: 16 76
Estimated difference between T3^fnT3 - (T2^WT3 + h.c.) is: -1.2969710269516485e-06 1.6821338447520136e-12
total cost: -7.7840037108374
singles alt: [(4, 0), (5, 1), (6, 0), (7, 1), (8, 0), (9, 1), (10, 0), (11, 1), (4, 2), (5, 3), (6, 2), (7, 3), (8, 2), (9, 3), (10, 2), (11, 3)]
length: 16 76
Estimated difference between T3^fnT3 - (T2^WT3 + h.c.) is: -1.2969712255716932e-06 1.68213435996094e-12
total cost: -7.784003710863359
singles alt: [(4, 0), (5, 1), (6, 0), (7, 1), (8, 0), (9, 1), (10, 0), (11, 1), (4, 2), (5, 3), (6, 2), (7, 3), (8, 2), (9, 3), (10, 2), (11, 3)]
length: 16 76
Estimated difference between T3^fnT3 - (T2^WT3 + h.c.) is: -1.2969713040525877e-06 1.68213456353587e-12
total cost: -7.784003710864536
singles alt: [(4, 0), (5, 1), (6, 0), (7, 1), (8, 0), (9, 1), (10, 0), (11, 1), (4, 2), (5, 3), (6, 2), (7, 3), (8, 2), (9, 3), (10, 2), (11, 3)]
length: 16 76
Estimated difference between T3^fnT3 - (T2^WT3 + h.c.) is: -1.2969713040732634e-06 1.6821345635895015e-12
total cost: -7.784003710864583
singles alt: [(4, 0), (5, 1), (6, 0), (7, 1), (8, 0), (9, 1), (10, 0), (11, 1), (4, 2), (5, 3), (6, 2), (7, 3), (8, 2), (9, 3), (10, 2), (11, 3)]
length: 16 76
Estimated difference between T3^fnT3 - (T2^WT3 + h.c.) is: -1.2969711704649744e-06 1.6821342170172855e-12
total cost: -7.784003710971884
singles alt: [(4, 0), (5, 1), (6, 0), (7, 1), (8, 0), (9, 1), (10, 0), (11, 1), (4, 2), (5, 3), (6, 2), (7, 3), (8, 2), (9, 3), (10, 2), (11, 3)]
length: 16 76
Estimated difference between T3^fnT3 - (T2^WT3 + h.c.) is: -1.2969710269515597e-06 1.6821338447517836e-12
total cost: -7.784003710837404
singles alt: [(4, 0), (5, 1), (6, 0), (7, 1), (8, 0), (9, 1), (10, 0), (11, 1), (4, 2), (5, 3), (6, 2), (7, 3), (8, 2), (9, 3), (10, 2), (11, 3)]
length: 16 76
Estimated difference between T3^fnT3 - (T2^WT3 + h.c.) is: -1.2969710269517855e-06 1.682133844752369e-12
total cost: -7.7840037108374
singles alt: [(4, 0), (5, 1), (6, 0), (7, 1), (8, 0), (9, 1), (10, 0), (11, 1), (4, 2), (5, 3), (6, 2), (7, 3), (8, 2), (9, 3), (10, 2), (11, 3)]
length: 16 76
Estimated difference between T3^fnT3 - (T2^WT3 + h.c.) is: -1.2969710269505198e-06 1.682133844749086e-12
total cost: -7.784003710837402
singles alt: [(4, 0), (5, 1), (6, 0), (7, 1), (8, 0), (9, 1), (10, 0), (11, 1), (4, 2), (5, 3), (6, 2), (7, 3), (8, 2), (9, 3), (10, 2), (11, 3)]
length: 16 76
Estimated difference between T3^fnT3 - (T2^WT3 + h.c.) is: -1.2969710269517243e-06 1.6821338447522103e-12
total cost: -7.7840037108374
singles alt: [(4, 0), (5, 1), (6, 0), (7, 1), (8, 0), (9, 1), (10, 0), (11, 1), (4, 2), (5, 3), (6, 2), (7, 3), (8, 2), (9, 3), (10, 2), (11, 3)]
length: 16 76
Estimated difference between T3^fnT3 - (T2^WT3 + h.c.) is: -1.2969710771343318e-06 1.6821339749229889e-12
total cost: -7.784003710780181
singles alt: [(4, 0), (5, 1), (6, 0), (7, 1), (8, 0), (9, 1), (10, 0), (11, 1), (4, 2), (5, 3), (6, 2), (7, 3), (8, 2), (9, 3), (10, 2), (11, 3)]
length: 16 76
Estimated difference between T3^fnT3 - (T2^WT3 + h.c.) is: -1.2969709894497365e-06 1.6821337474742286e-12
total cost: -7.78400371081868
singles alt: [(4, 0), (5, 1), (6, 0), (7, 1), (8, 0), (9, 1), (10, 0), (11, 1), (4, 2), (5, 3), (6, 2), (7, 3), (8, 2), (9, 3), (10, 2), (11, 3)]
length: 16 76
Estimated difference between T3^fnT3 - (T2^WT3 + h.c.) is: -1.296970861685179e-06 1.6821334160603958e-12
total cost: -7.784003710744251
singles alt: [(4, 0), (5, 1), (6, 0), (7, 1), (8, 0), (9, 1), (10, 0), (11, 1), (4, 2), (5, 3), (6, 2), (7, 3), (8, 2), (9, 3), (10, 2), (11, 3)]
length: 16 76
Estimated difference between T3^fnT3 - (T2^WT3 + h.c.) is: -1.296970903601748e-06 1.6821335247895345e-12
total cost: -7.784003710688629
singles alt: [(4, 0), (5, 1), (6, 0), (7, 1), (8, 0), (9, 1), (10, 0), (11, 1), (4, 2), (5, 3), (6, 2), (7, 3), (8, 2), (9, 3), (10, 2), (11, 3)]
length: 16 76
Estimated difference between T3^fnT3 - (T2^WT3 + h.c.) is: -1.2969710269515748e-06 1.6821338447518226e-12
total cost: -7.784003710837403
singles alt: [(4, 0), (5, 1), (6, 0), (7, 1), (8, 0), (9, 1), (10, 0), (11, 1), (4, 2), (5, 3), (6, 2), (7, 3), (8, 2), (9, 3), (10, 2), (11, 3)]
length: 16 76
Estimated difference between T3^fnT3 - (T2^WT3 + h.c.) is: -1.2969710269519843e-06 1.6821338447528848e-12
total cost: -7.784003710837397
singles alt: [(4, 0), (5, 1), (6, 0), (7, 1), (8, 0), (9, 1), (10, 0), (11, 1), (4, 2), (5, 3), (6, 2), (7, 3), (8, 2), (9, 3), (10, 2), (11, 3)]
length: 16 76
Estimated difference between T3^fnT3 - (T2^WT3 + h.c.) is: -1.2969710269517857e-06 1.6821338447523697e-12
total cost: -7.784003710837399
singles alt: [(4, 0), (5, 1), (6, 0), (7, 1), (8, 0), (9, 1), (10, 0), (11, 1), (4, 2), (5, 3), (6, 2), (7, 3), (8, 2), (9, 3), (10, 2), (11, 3)]
length: 16 76
Estimated difference between T3^fnT3 - (T2^WT3 + h.c.) is: -1.2969710269517683e-06 1.6821338447523246e-12
total cost: -7.784003710837399
singles alt: [(4, 0), (5, 1), (6, 0), (7, 1), (8, 0), (9, 1), (10, 0), (11, 1), (4, 2), (5, 3), (6, 2), (7, 3), (8, 2), (9, 3), (10, 2), (11, 3)]
length: 16 76
Estimated difference between T3^fnT3 - (T2^WT3 + h.c.) is: -1.296971026951499e-06 1.6821338447516259e-12
total cost: -7.784003710837407
singles alt: [(4, 0), (5, 1), (6, 0), (7, 1), (8, 0), (9, 1), (10, 0), (11, 1), (4, 2), (5, 3), (6, 2), (7, 3), (8, 2), (9, 3), (10, 2), (11, 3)]
length: 16 76
Estimated difference between T3^fnT3 - (T2^WT3 + h.c.) is: -1.2969710269504995e-06 1.6821338447490333e-12
total cost: -7.784003710837402
singles alt: [(4, 0), (5, 1), (6, 0), (7, 1), (8, 0), (9, 1), (10, 0), (11, 1), (4, 2), (5, 3), (6, 2), (7, 3), (8, 2), (9, 3), (10, 2), (11, 3)]
length: 16 76
Estimated difference between T3^fnT3 - (T2^WT3 + h.c.) is: -1.2969710269515318e-06 1.6821338447517109e-12
total cost: -7.784003710837402
singles alt: [(4, 0), (5, 1), (6, 0), (7, 1), (8, 0), (9, 1), (10, 0), (11, 1), (4, 2), (5, 3), (6, 2), (7, 3), (8, 2), (9, 3), (10, 2), (11, 3)]
length: 16 76
Estimated difference between T3^fnT3 - (T2^WT3 + h.c.) is: -1.2969710269516777e-06 1.6821338447520895e-12
total cost: -7.784003710837401
singles alt: [(4, 0), (5, 1), (6, 0), (7, 1), (8, 0), (9, 1), (10, 0), (11, 1), (4, 2), (5, 3), (6, 2), (7, 3), (8, 2), (9, 3), (10, 2), (11, 3)]
length: 16 76
Estimated difference between T3^fnT3 - (T2^WT3 + h.c.) is: -1.2969712502726393e-06 1.6821344240337732e-12
total cost: -7.784003710557833
singles alt: [(4, 0), (5, 1), (6, 0), (7, 1), (8, 0), (9, 1), (10, 0), (11, 1), (4, 2), (5, 3), (6, 2), (7, 3), (8, 2), (9, 3), (10, 2), (11, 3)]
length: 16 76
Estimated difference between T3^fnT3 - (T2^WT3 + h.c.) is: -1.2969710745435372e-06 1.6821339682026174e-12
total cost: -7.784003710958791
singles alt: [(4, 0), (5, 1), (6, 0), (7, 1), (8, 0), (9, 1), (10, 0), (11, 1), (4, 2), (5, 3), (6, 2), (7, 3), (8, 2), (9, 3), (10, 2), (11, 3)]
length: 16 76
Estimated difference between T3^fnT3 - (T2^WT3 + h.c.) is: -1.2969710744683075e-06 1.682133968007476e-12
total cost: -7.784003710958799
singles alt: [(4, 0), (5, 1), (6, 0), (7, 1), (8, 0), (9, 1), (10, 0), (11, 1), (4, 2), (5, 3), (6, 2), (7, 3), (8, 2), (9, 3), (10, 2), (11, 3)]
length: 16 76
Estimated difference between T3^fnT3 - (T2^WT3 + h.c.) is: -1.2969711699068245e-06 1.682134215569477e-12
total cost: -7.7840037106562
singles alt: [(4, 0), (5, 1), (6, 0), (7, 1), (8, 0), (9, 1), (10, 0), (11, 1), (4, 2), (5, 3), (6, 2), (7, 3), (8, 2), (9, 3), (10, 2), (11, 3)]
length: 16 76
Estimated difference between T3^fnT3 - (T2^WT3 + h.c.) is: -1.2969710269498214e-06 1.6821338447472743e-12
total cost: -7.784003710837402
singles alt: [(4, 0), (5, 1), (6, 0), (7, 1), (8, 0), (9, 1), (10, 0), (11, 1), (4, 2), (5, 3), (6, 2), (7, 3), (8, 2), (9, 3), (10, 2), (11, 3)]
length: 16 76
Estimated difference between T3^fnT3 - (T2^WT3 + h.c.) is: -1.2969710269514346e-06 1.6821338447514589e-12
total cost: -7.7840037108374
singles alt: [(4, 0), (5, 1), (6, 0), (7, 1), (8, 0), (9, 1), (10, 0), (11, 1), (4, 2), (5, 3), (6, 2), (7, 3), (8, 2), (9, 3), (10, 2), (11, 3)]
length: 16 76
Estimated difference between T3^fnT3 - (T2^WT3 + h.c.) is: -1.2969710269495317e-06 1.682133844746523e-12
total cost: -7.7840037108374
singles alt: [(4, 0), (5, 1), (6, 0), (7, 1), (8, 0), (9, 1), (10, 0), (11, 1), (4, 2), (5, 3), (6, 2), (7, 3), (8, 2), (9, 3), (10, 2), (11, 3)]
length: 16 76
Estimated difference between T3^fnT3 - (T2^WT3 + h.c.) is: -1.2969710269489731e-06 1.6821338447450739e-12
total cost: -7.784003710837402
singles alt: [(4, 0), (5, 1), (6, 0), (7, 1), (8, 0), (9, 1), (10, 0), (11, 1), (4, 2), (5, 3), (6, 2), (7, 3), (8, 2), (9, 3), (10, 2), (11, 3)]
length: 16 76
Estimated difference between T3^fnT3 - (T2^WT3 + h.c.) is: -1.2969709333837052e-06 1.6821336020421996e-12
total cost: -7.784003710766224
singles alt: [(4, 0), (5, 1), (6, 0), (7, 1), (8, 0), (9, 1), (10, 0), (11, 1), (4, 2), (5, 3), (6, 2), (7, 3), (8, 2), (9, 3), (10, 2), (11, 3)]
length: 16 76
Estimated difference between T3^fnT3 - (T2^WT3 + h.c.) is: -1.2969709337913324e-06 1.6821336030995607e-12
total cost: -7.784003710766266
singles alt: [(4, 0), (5, 1), (6, 0), (7, 1), (8, 0), (9, 1), (10, 0), (11, 1), (4, 2), (5, 3), (6, 2), (7, 3), (8, 2), (9, 3), (10, 2), (11, 3)]
length: 16 76
Estimated difference between T3^fnT3 - (T2^WT3 + h.c.) is: -1.2969710269501731e-06 1.6821338447481867e-12
total cost: -7.784003710837402
singles alt: [(4, 0), (5, 1), (6, 0), (7, 1), (8, 0), (9, 1), (10, 0), (11, 1), (4, 2), (5, 3), (6, 2), (7, 3), (8, 2), (9, 3), (10, 2), (11, 3)]
length: 16 76
Estimated difference between T3^fnT3 - (T2^WT3 + h.c.) is: -1.2969710269516891e-06 1.682133844752119e-12
total cost: -7.7840037108374
singles alt: [(4, 0), (5, 1), (6, 0), (7, 1), (8, 0), (9, 1), (10, 0), (11, 1), (4, 2), (5, 3), (6, 2), (7, 3), (8, 2), (9, 3), (10, 2), (11, 3)]
length: 16 76
Estimated difference between T3^fnT3 - (T2^WT3 + h.c.) is: -1.2969710269520762e-06 1.6821338447531231e-12
total cost: -7.784003710837402
singles alt: [(4, 0), (5, 1), (6, 0), (7, 1), (8, 0), (9, 1), (10, 0), (11, 1), (4, 2), (5, 3), (6, 2), (7, 3), (8, 2), (9, 3), (10, 2), (11, 3)]
length: 16 76
Estimated difference between T3^fnT3 - (T2^WT3 + h.c.) is: -1.29697102695184e-06 1.6821338447525102e-12
total cost: -7.784003710837402
singles alt: [(4, 0), (5, 1), (6, 0), (7, 1), (8, 0), (9, 1), (10, 0), (11, 1), (4, 2), (5, 3), (6, 2), (7, 3), (8, 2), (9, 3), (10, 2), (11, 3)]
length: 16 76
Estimated difference between T3^fnT3 - (T2^WT3 + h.c.) is: -1.2969710269526427e-06 1.6821338447545925e-12
total cost: -7.7840037108374
singles alt: [(4, 0), (5, 1), (6, 0), (7, 1), (8, 0), (9, 1), (10, 0), (11, 1), (4, 2), (5, 3), (6, 2), (7, 3), (8, 2), (9, 3), (10, 2), (11, 3)]
length: 16 76
Estimated difference between T3^fnT3 - (T2^WT3 + h.c.) is: -1.2969710269527335e-06 1.6821338447548282e-12
total cost: -7.7840037108374
singles alt: [(4, 0), (5, 1), (6, 0), (7, 1), (8, 0), (9, 1), (10, 0), (11, 1), (4, 2), (5, 3), (6, 2), (7, 3), (8, 2), (9, 3), (10, 2), (11, 3)]
length: 16 76
Estimated difference between T3^fnT3 - (T2^WT3 + h.c.) is: -1.2969710269517124e-06 1.6821338447521796e-12
total cost: -7.784003710818286
singles alt: [(4, 0), (5, 1), (6, 0), (7, 1), (8, 0), (9, 1), (10, 0), (11, 1), (4, 2), (5, 3), (6, 2), (7, 3), (8, 2), (9, 3), (10, 2), (11, 3)]
length: 16 76
Estimated difference between T3^fnT3 - (T2^WT3 + h.c.) is: -1.2969710269517124e-06 1.6821338447521796e-12
total cost: -7.784003710818303
singles alt: [(4, 0), (5, 1), (6, 0), (7, 1), (8, 0), (9, 1), (10, 0), (11, 1), (4, 2), (5, 3), (6, 2), (7, 3), (8, 2), (9, 3), (10, 2), (11, 3)]
length: 16 76
Estimated difference between T3^fnT3 - (T2^WT3 + h.c.) is: -1.2969710269517124e-06 1.6821338447521796e-12
total cost: -7.784003710837401
singles alt: [(4, 0), (5, 1), (6, 0), (7, 1), (8, 0), (9, 1), (10, 0), (11, 1), (4, 2), (5, 3), (6, 2), (7, 3), (8, 2), (9, 3), (10, 2), (11, 3)]
length: 16 76
Estimated difference between T3^fnT3 - (T2^WT3 + h.c.) is: -1.2969710269517124e-06 1.6821338447521796e-12
total cost: -7.784003710837399
singles alt: [(4, 0), (5, 1), (6, 0), (7, 1), (8, 0), (9, 1), (10, 0), (11, 1), (4, 2), (5, 3), (6, 2), (7, 3), (8, 2), (9, 3), (10, 2), (11, 3)]
length: 16 76
Estimated difference between T3^fnT3 - (T2^WT3 + h.c.) is: -1.2969710269517124e-06 1.6821338447521796e-12
total cost: -7.784003710837401
singles alt: [(4, 0), (5, 1), (6, 0), (7, 1), (8, 0), (9, 1), (10, 0), (11, 1), (4, 2), (5, 3), (6, 2), (7, 3), (8, 2), (9, 3), (10, 2), (11, 3)]
length: 16 76
Estimated difference between T3^fnT3 - (T2^WT3 + h.c.) is: -1.2969710269517124e-06 1.6821338447521796e-12
total cost: -7.784003710837401
singles alt: [(4, 0), (5, 1), (6, 0), (7, 1), (8, 0), (9, 1), (10, 0), (11, 1), (4, 2), (5, 3), (6, 2), (7, 3), (8, 2), (9, 3), (10, 2), (11, 3)]
length: 16 76
Estimated difference between T3^fnT3 - (T2^WT3 + h.c.) is: -1.2969710269517124e-06 1.6821338447521796e-12
total cost: -7.784003710843446
singles alt: [(4, 0), (5, 1), (6, 0), (7, 1), (8, 0), (9, 1), (10, 0), (11, 1), (4, 2), (5, 3), (6, 2), (7, 3), (8, 2), (9, 3), (10, 2), (11, 3)]
length: 16 76
Estimated difference between T3^fnT3 - (T2^WT3 + h.c.) is: -1.2969710269517124e-06 1.6821338447521796e-12
total cost: -7.784003710843461
singles alt: [(4, 0), (5, 1), (6, 0), (7, 1), (8, 0), (9, 1), (10, 0), (11, 1), (4, 2), (5, 3), (6, 2), (7, 3), (8, 2), (9, 3), (10, 2), (11, 3)]
length: 16 76
Estimated difference between T3^fnT3 - (T2^WT3 + h.c.) is: -1.2969710269517124e-06 1.6821338447521796e-12
total cost: -7.784003710921239
singles alt: [(4, 0), (5, 1), (6, 0), (7, 1), (8, 0), (9, 1), (10, 0), (11, 1), (4, 2), (5, 3), (6, 2), (7, 3), (8, 2), (9, 3), (10, 2), (11, 3)]
length: 16 76
Estimated difference between T3^fnT3 - (T2^WT3 + h.c.) is: -1.2969710269517124e-06 1.6821338447521796e-12
total cost: -7.78400371092112
singles alt: [(4, 0), (5, 1), (6, 0), (7, 1), (8, 0), (9, 1), (10, 0), (11, 1), (4, 2), (5, 3), (6, 2), (7, 3), (8, 2), (9, 3), (10, 2), (11, 3)]
length: 16 76
Estimated difference between T3^fnT3 - (T2^WT3 + h.c.) is: -1.2969710269517124e-06 1.6821338447521796e-12
total cost: -7.7840037108374
singles alt: [(4, 0), (5, 1), (6, 0), (7, 1), (8, 0), (9, 1), (10, 0), (11, 1), (4, 2), (5, 3), (6, 2), (7, 3), (8, 2), (9, 3), (10, 2), (11, 3)]
length: 16 76
Estimated difference between T3^fnT3 - (T2^WT3 + h.c.) is: -1.2969710269517124e-06 1.6821338447521796e-12
total cost: -7.784003710837399
singles alt: [(4, 0), (5, 1), (6, 0), (7, 1), (8, 0), (9, 1), (10, 0), (11, 1), (4, 2), (5, 3), (6, 2), (7, 3), (8, 2), (9, 3), (10, 2), (11, 3)]
length: 16 76
Estimated difference between T3^fnT3 - (T2^WT3 + h.c.) is: -1.2969710269517124e-06 1.6821338447521796e-12
total cost: -7.784003710837401
singles alt: [(4, 0), (5, 1), (6, 0), (7, 1), (8, 0), (9, 1), (10, 0), (11, 1), (4, 2), (5, 3), (6, 2), (7, 3), (8, 2), (9, 3), (10, 2), (11, 3)]
length: 16 76
Estimated difference between T3^fnT3 - (T2^WT3 + h.c.) is: -1.2969710269517124e-06 1.6821338447521796e-12
total cost: -7.784003710837401
singles alt: [(4, 0), (5, 1), (6, 0), (7, 1), (8, 0), (9, 1), (10, 0), (11, 1), (4, 2), (5, 3), (6, 2), (7, 3), (8, 2), (9, 3), (10, 2), (11, 3)]
length: 16 76
Estimated difference between T3^fnT3 - (T2^WT3 + h.c.) is: -1.2969710269517124e-06 1.6821338447521796e-12
total cost: -7.784003710830241
singles alt: [(4, 0), (5, 1), (6, 0), (7, 1), (8, 0), (9, 1), (10, 0), (11, 1), (4, 2), (5, 3), (6, 2), (7, 3), (8, 2), (9, 3), (10, 2), (11, 3)]
length: 16 76
Estimated difference between T3^fnT3 - (T2^WT3 + h.c.) is: -1.2969710269517124e-06 1.6821338447521796e-12
total cost: -7.784003710830223
singles alt: [(4, 0), (5, 1), (6, 0), (7, 1), (8, 0), (9, 1), (10, 0), (11, 1), (4, 2), (5, 3), (6, 2), (7, 3), (8, 2), (9, 3), (10, 2), (11, 3)]
callback: energy=-7.784002413866
singles alt: [(4, 0), (5, 1), (6, 0), (7, 1), (8, 0), (9, 1), (10, 0), (11, 1), (4, 2), (5, 3), (6, 2), (7, 3), (8, 2), (9, 3), (10, 2), (11, 3)]
length: 16 76
Estimated difference between T3^fnT3 - (T2^WT3 + h.c.) is: -1.6804302713858352e-06 2.8238458969898716e-12
total cost: -7.7836904827358575
singles alt: [(4, 0), (5, 1), (6, 0), (7, 1), (8, 0), (9, 1), (10, 0), (11, 1), (4, 2), (5, 3), (6, 2), (7, 3), (8, 2), (9, 3), (10, 2), (11, 3)]
length: 16 76
Estimated difference between T3^fnT3 - (T2^WT3 + h.c.) is: -1.6804307732709554e-06 2.823847583756021e-12
total cost: -7.783690482043056
singles alt: [(4, 0), (5, 1), (6, 0), (7, 1), (8, 0), (9, 1), (10, 0), (11, 1), (4, 2), (5, 3), (6, 2), (7, 3), (8, 2), (9, 3), (10, 2), (11, 3)]
length: 16 76
Estimated difference between T3^fnT3 - (T2^WT3 + h.c.) is: -1.6804302750128388e-06 2.823845909179725e-12
total cost: -7.783690482783638
singles alt: [(4, 0), (5, 1), (6, 0), (7, 1), (8, 0), (9, 1), (10, 0), (11, 1), (4, 2), (5, 3), (6, 2), (7, 3), (8, 2), (9, 3), (10, 2), (11, 3)]
length: 16 76
Estimated difference between T3^fnT3 - (T2^WT3 + h.c.) is: -1.680430275059644e-06 2.823845909337031e-12
total cost: -7.783690482783623
singles alt: [(4, 0), (5, 1), (6, 0), (7, 1), (8, 0), (9, 1), (10, 0), (11, 1), (4, 2), (5, 3), (6, 2), (7, 3), (8, 2), (9, 3), (10, 2), (11, 3)]
length: 16 76
Estimated difference between T3^fnT3 - (T2^WT3 + h.c.) is: -1.6804304405403784e-06 2.82384646549473e-12
total cost: -7.783690482762399
singles alt: [(4, 0), (5, 1), (6, 0), (7, 1), (8, 0), (9, 1), (10, 0), (11, 1), (4, 2), (5, 3), (6, 2), (7, 3), (8, 2), (9, 3), (10, 2), (11, 3)]
length: 16 76
Estimated difference between T3^fnT3 - (T2^WT3 + h.c.) is: -1.6804302713871896e-06 2.823845896994424e-12
total cost: -7.783690482735854
singles alt: [(4, 0), (5, 1), (6, 0), (7, 1), (8, 0), (9, 1), (10, 0), (11, 1), (4, 2), (5, 3), (6, 2), (7, 3), (8, 2), (9, 3), (10, 2), (11, 3)]
length: 16 76
Estimated difference between T3^fnT3 - (T2^WT3 + h.c.) is: -1.6804302713841466e-06 2.823845896984197e-12
total cost: -7.7836904827358575
singles alt: [(4, 0), (5, 1), (6, 0), (7, 1), (8, 0), (9, 1), (10, 0), (11, 1), (4, 2), (5, 3), (6, 2), (7, 3), (8, 2), (9, 3), (10, 2), (11, 3)]
length: 16 76
Estimated difference between T3^fnT3 - (T2^WT3 + h.c.) is: -1.680430271385396e-06 2.8238458969883957e-12
total cost: -7.783690482735858
singles alt: [(4, 0), (5, 1), (6, 0), (7, 1), (8, 0), (9, 1), (10, 0), (11, 1), (4, 2), (5, 3), (6, 2), (7, 3), (8, 2), (9, 3), (10, 2), (11, 3)]
length: 16 76
Estimated difference between T3^fnT3 - (T2^WT3 + h.c.) is: -1.6804302713859728e-06 2.8238458969903344e-12
total cost: -7.783690482735857
singles alt: [(4, 0), (5, 1), (6, 0), (7, 1), (8, 0), (9, 1), (10, 0), (11, 1), (4, 2), (5, 3), (6, 2), (7, 3), (8, 2), (9, 3), (10, 2), (11, 3)]
length: 16 76
Estimated difference between T3^fnT3 - (T2^WT3 + h.c.) is: -1.6804302713888885e-06 2.8238458970001338e-12
total cost: -7.783690482735849
singles alt: [(4, 0), (5, 1), (6, 0), (7, 1), (8, 0), (9, 1), (10, 0), (11, 1), (4, 2), (5, 3), (6, 2), (7, 3), (8, 2), (9, 3), (10, 2), (11, 3)]
length: 16 76
Estimated difference between T3^fnT3 - (T2^WT3 + h.c.) is: -1.6804302713934689e-06 2.8238458970155275e-12
total cost: -7.783690482735856
singles alt: [(4, 0), (5, 1), (6, 0), (7, 1), (8, 0), (9, 1), (10, 0), (11, 1), (4, 2), (5, 3), (6, 2), (7, 3), (8, 2), (9, 3), (10, 2), (11, 3)]
length: 16 76
Estimated difference between T3^fnT3 - (T2^WT3 + h.c.) is: -1.680430271387913e-06 2.823845896996855e-12
total cost: -7.783690482735856
singles alt: [(4, 0), (5, 1), (6, 0), (7, 1), (8, 0), (9, 1), (10, 0), (11, 1), (4, 2), (5, 3), (6, 2), (7, 3), (8, 2), (9, 3), (10, 2), (11, 3)]
length: 16 76
Estimated difference between T3^fnT3 - (T2^WT3 + h.c.) is: -1.6804302713862024e-06 2.823845896991106e-12
total cost: -7.783690482735857
singles alt: [(4, 0), (5, 1), (6, 0), (7, 1), (8, 0), (9, 1), (10, 0), (11, 1), (4, 2), (5, 3), (6, 2), (7, 3), (8, 2), (9, 3), (10, 2), (11, 3)]
length: 16 76
Estimated difference between T3^fnT3 - (T2^WT3 + h.c.) is: -1.6804303457593764e-06 2.823846146948977e-12
total cost: -7.783690482797105
singles alt: [(4, 0), (5, 1), (6, 0), (7, 1), (8, 0), (9, 1), (10, 0), (11, 1), (4, 2), (5, 3), (6, 2), (7, 3), (8, 2), (9, 3), (10, 2), (11, 3)]
length: 16 76
Estimated difference between T3^fnT3 - (T2^WT3 + h.c.) is: -1.6804301320406348e-06 2.823845428670105e-12
total cost: -7.783690482633719
singles alt: [(4, 0), (5, 1), (6, 0), (7, 1), (8, 0), (9, 1), (10, 0), (11, 1), (4, 2), (5, 3), (6, 2), (7, 3), (8, 2), (9, 3), (10, 2), (11, 3)]
length: 16 76
Estimated difference between T3^fnT3 - (T2^WT3 + h.c.) is: -1.6804302158423095e-06 2.823845710315831e-12
total cost: -7.783690482708556
singles alt: [(4, 0), (5, 1), (6, 0), (7, 1), (8, 0), (9, 1), (10, 0), (11, 1), (4, 2), (5, 3), (6, 2), (7, 3), (8, 2), (9, 3), (10, 2), (11, 3)]
length: 16 76
Estimated difference between T3^fnT3 - (T2^WT3 + h.c.) is: -1.6804301038635176e-06 2.8238453339707524e-12
total cost: -7.783690482850513
singles alt: [(4, 0), (5, 1), (6, 0), (7, 1), (8, 0), (9, 1), (10, 0), (11, 1), (4, 2), (5, 3), (6, 2), (7, 3), (8, 2), (9, 3), (10, 2), (11, 3)]
length: 16 76
Estimated difference between T3^fnT3 - (T2^WT3 + h.c.) is: -1.6804302713887435e-06 2.8238458969996463e-12
total cost: -7.783690482735848
singles alt: [(4, 0), (5, 1), (6, 0), (7, 1), (8, 0), (9, 1), (10, 0), (11, 1), (4, 2), (5, 3), (6, 2), (7, 3), (8, 2), (9, 3), (10, 2), (11, 3)]
length: 16 76
Estimated difference between T3^fnT3 - (T2^WT3 + h.c.) is: -1.6804302713881294e-06 2.8238458969975824e-12
total cost: -7.783690482735856
singles alt: [(4, 0), (5, 1), (6, 0), (7, 1), (8, 0), (9, 1), (10, 0), (11, 1), (4, 2), (5, 3), (6, 2), (7, 3), (8, 2), (9, 3), (10, 2), (11, 3)]
length: 16 76
Estimated difference between T3^fnT3 - (T2^WT3 + h.c.) is: -1.680430271392002e-06 2.8238458970105975e-12
total cost: -7.783690482735857
singles alt: [(4, 0), (5, 1), (6, 0), (7, 1), (8, 0), (9, 1), (10, 0), (11, 1), (4, 2), (5, 3), (6, 2), (7, 3), (8, 2), (9, 3), (10, 2), (11, 3)]
length: 16 76
Estimated difference between T3^fnT3 - (T2^WT3 + h.c.) is: -1.680430271386178e-06 2.823845896991024e-12
total cost: -7.783690482735857
singles alt: [(4, 0), (5, 1), (6, 0), (7, 1), (8, 0), (9, 1), (10, 0), (11, 1), (4, 2), (5, 3), (6, 2), (7, 3), (8, 2), (9, 3), (10, 2), (11, 3)]
length: 16 76
Estimated difference between T3^fnT3 - (T2^WT3 + h.c.) is: -1.680430516419146e-06 2.8238467205127177e-12
total cost: -7.783690482529243
singles alt: [(4, 0), (5, 1), (6, 0), (7, 1), (8, 0), (9, 1), (10, 0), (11, 1), (4, 2), (5, 3), (6, 2), (7, 3), (8, 2), (9, 3), (10, 2), (11, 3)]
length: 16 76
Estimated difference between T3^fnT3 - (T2^WT3 + h.c.) is: -1.6804304082454441e-06 2.82384635695595e-12
total cost: -7.783690482874936
singles alt: [(4, 0), (5, 1), (6, 0), (7, 1), (8, 0), (9, 1), (10, 0), (11, 1), (4, 2), (5, 3), (6, 2), (7, 3), (8, 2), (9, 3), (10, 2), (11, 3)]
length: 16 76
Estimated difference between T3^fnT3 - (T2^WT3 + h.c.) is: -1.6804304081233462e-06 2.823846356545596e-12
total cost: -7.783690482874984
singles alt: [(4, 0), (5, 1), (6, 0), (7, 1), (8, 0), (9, 1), (10, 0), (11, 1), (4, 2), (5, 3), (6, 2), (7, 3), (8, 2), (9, 3), (10, 2), (11, 3)]
length: 16 76
Estimated difference between T3^fnT3 - (T2^WT3 + h.c.) is: -1.6804304613431609e-06 2.8238465354099884e-12
total cost: -7.783690482668569
singles alt: [(4, 0), (5, 1), (6, 0), (7, 1), (8, 0), (9, 1), (10, 0), (11, 1), (4, 2), (5, 3), (6, 2), (7, 3), (8, 2), (9, 3), (10, 2), (11, 3)]
length: 16 76
Estimated difference between T3^fnT3 - (T2^WT3 + h.c.) is: -1.6804302713877982e-06 2.8238458969964692e-12
total cost: -7.783690482735847
singles alt: [(4, 0), (5, 1), (6, 0), (7, 1), (8, 0), (9, 1), (10, 0), (11, 1), (4, 2), (5, 3), (6, 2), (7, 3), (8, 2), (9, 3), (10, 2), (11, 3)]
length: 16 76
Estimated difference between T3^fnT3 - (T2^WT3 + h.c.) is: -1.68043027138914e-06 2.8238458970009783e-12
total cost: -7.783690482735856
singles alt: [(4, 0), (5, 1), (6, 0), (7, 1), (8, 0), (9, 1), (10, 0), (11, 1), (4, 2), (5, 3), (6, 2), (7, 3), (8, 2), (9, 3), (10, 2), (11, 3)]
length: 16 76
Estimated difference between T3^fnT3 - (T2^WT3 + h.c.) is: -1.6804302713886537e-06 2.823845896999344e-12
total cost: -7.783690482735856
singles alt: [(4, 0), (5, 1), (6, 0), (7, 1), (8, 0), (9, 1), (10, 0), (11, 1), (4, 2), (5, 3), (6, 2), (7, 3), (8, 2), (9, 3), (10, 2), (11, 3)]
length: 16 76
Estimated difference between T3^fnT3 - (T2^WT3 + h.c.) is: -1.6804302713861376e-06 2.823845896990888e-12
total cost: -7.783690482735857
singles alt: [(4, 0), (5, 1), (6, 0), (7, 1), (8, 0), (9, 1), (10, 0), (11, 1), (4, 2), (5, 3), (6, 2), (7, 3), (8, 2), (9, 3), (10, 2), (11, 3)]
length: 16 76
Estimated difference between T3^fnT3 - (T2^WT3 + h.c.) is: -1.680430271386348e-06 2.8238458969915954e-12
total cost: -7.783690482735837
singles alt: [(4, 0), (5, 1), (6, 0), (7, 1), (8, 0), (9, 1), (10, 0), (11, 1), (4, 2), (5, 3), (6, 2), (7, 3), (8, 2), (9, 3), (10, 2), (11, 3)]
length: 16 76
Estimated difference between T3^fnT3 - (T2^WT3 + h.c.) is: -1.6804302713857732e-06 2.823845896989663e-12
total cost: -7.7836904827358575
singles alt: [(4, 0), (5, 1), (6, 0), (7, 1), (8, 0), (9, 1), (10, 0), (11, 1), (4, 2), (5, 3), (6, 2), (7, 3), (8, 2), (9, 3), (10, 2), (11, 3)]
length: 16 76
Estimated difference between T3^fnT3 - (T2^WT3 + h.c.) is: -1.6804302713865349e-06 2.823845896992223e-12
total cost: -7.7836904827358575
singles alt: [(4, 0), (5, 1), (6, 0), (7, 1), (8, 0), (9, 1), (10, 0), (11, 1), (4, 2), (5, 3), (6, 2), (7, 3), (8, 2), (9, 3), (10, 2), (11, 3)]
length: 16 76
Estimated difference between T3^fnT3 - (T2^WT3 + h.c.) is: -1.6804302713858788e-06 2.823845896990018e-12
total cost: -7.783690482735857
singles alt: [(4, 0), (5, 1), (6, 0), (7, 1), (8, 0), (9, 1), (10, 0), (11, 1), (4, 2), (5, 3), (6, 2), (7, 3), (8, 2), (9, 3), (10, 2), (11, 3)]
length: 16 76
Estimated difference between T3^fnT3 - (T2^WT3 + h.c.) is: -1.6804302713887437e-06 2.8238458969996467e-12
total cost: -7.783690482735848
singles alt: [(4, 0), (5, 1), (6, 0), (7, 1), (8, 0), (9, 1), (10, 0), (11, 1), (4, 2), (5, 3), (6, 2), (7, 3), (8, 2), (9, 3), (10, 2), (11, 3)]
length: 16 76
Estimated difference between T3^fnT3 - (T2^WT3 + h.c.) is: -1.6804302713881294e-06 2.8238458969975824e-12
total cost: -7.783690482735856
singles alt: [(4, 0), (5, 1), (6, 0), (7, 1), (8, 0), (9, 1), (10, 0), (11, 1), (4, 2), (5, 3), (6, 2), (7, 3), (8, 2), (9, 3), (10, 2), (11, 3)]
length: 16 76
Estimated difference between T3^fnT3 - (T2^WT3 + h.c.) is: -1.6804302713927487e-06 2.823845897013107e-12
total cost: -7.783690482735857
singles alt: [(4, 0), (5, 1), (6, 0), (7, 1), (8, 0), (9, 1), (10, 0), (11, 1), (4, 2), (5, 3), (6, 2), (7, 3), (8, 2), (9, 3), (10, 2), (11, 3)]
length: 16 76
Estimated difference between T3^fnT3 - (T2^WT3 + h.c.) is: -1.6804302713861783e-06 2.8238458969910247e-12
total cost: -7.783690482735857
singles alt: [(4, 0), (5, 1), (6, 0), (7, 1), (8, 0), (9, 1), (10, 0), (11, 1), (4, 2), (5, 3), (6, 2), (7, 3), (8, 2), (9, 3), (10, 2), (11, 3)]
length: 16 76
Estimated difference between T3^fnT3 - (T2^WT3 + h.c.) is: -1.6804302713866306e-06 2.823845896992545e-12
total cost: -7.783690482735854
singles alt: [(4, 0), (5, 1), (6, 0), (7, 1), (8, 0), (9, 1), (10, 0), (11, 1), (4, 2), (5, 3), (6, 2), (7, 3), (8, 2), (9, 3), (10, 2), (11, 3)]
length: 16 76
Estimated difference between T3^fnT3 - (T2^WT3 + h.c.) is: -1.6804302713854079e-06 2.8238458969884357e-12
total cost: -7.7836904827358575
singles alt: [(4, 0), (5, 1), (6, 0), (7, 1), (8, 0), (9, 1), (10, 0), (11, 1), (4, 2), (5, 3), (6, 2), (7, 3), (8, 2), (9, 3), (10, 2), (11, 3)]
length: 16 76
Estimated difference between T3^fnT3 - (T2^WT3 + h.c.) is: -1.680430271384959e-06 2.8238458969869267e-12
total cost: -7.783690482735858
singles alt: [(4, 0), (5, 1), (6, 0), (7, 1), (8, 0), (9, 1), (10, 0), (11, 1), (4, 2), (5, 3), (6, 2), (7, 3), (8, 2), (9, 3), (10, 2), (11, 3)]
length: 16 76
Estimated difference between T3^fnT3 - (T2^WT3 + h.c.) is: -1.6804302713859512e-06 2.8238458969902617e-12
total cost: -7.783690482735857
singles alt: [(4, 0), (5, 1), (6, 0), (7, 1), (8, 0), (9, 1), (10, 0), (11, 1), (4, 2), (5, 3), (6, 2), (7, 3), (8, 2), (9, 3), (10, 2), (11, 3)]
length: 16 76
Estimated difference between T3^fnT3 - (T2^WT3 + h.c.) is: -1.680430516449896e-06 2.8238467206160644e-12
total cost: -7.783690482529055
singles alt: [(4, 0), (5, 1), (6, 0), (7, 1), (8, 0), (9, 1), (10, 0), (11, 1), (4, 2), (5, 3), (6, 2), (7, 3), (8, 2), (9, 3), (10, 2), (11, 3)]
length: 16 76
Estimated difference between T3^fnT3 - (T2^WT3 + h.c.) is: -1.6804304081889174e-06 2.8238463567659713e-12
total cost: -7.783690482874984
singles alt: [(4, 0), (5, 1), (6, 0), (7, 1), (8, 0), (9, 1), (10, 0), (11, 1), (4, 2), (5, 3), (6, 2), (7, 3), (8, 2), (9, 3), (10, 2), (11, 3)]
length: 16 76
Estimated difference between T3^fnT3 - (T2^WT3 + h.c.) is: -1.680430408084889e-06 2.8238463564163466e-12
total cost: -7.783690482875021
singles alt: [(4, 0), (5, 1), (6, 0), (7, 1), (8, 0), (9, 1), (10, 0), (11, 1), (4, 2), (5, 3), (6, 2), (7, 3), (8, 2), (9, 3), (10, 2), (11, 3)]
length: 16 76
Estimated difference between T3^fnT3 - (T2^WT3 + h.c.) is: -1.6804304613959035e-06 2.823846535587249e-12
total cost: -7.783690482668799
singles alt: [(4, 0), (5, 1), (6, 0), (7, 1), (8, 0), (9, 1), (10, 0), (11, 1), (4, 2), (5, 3), (6, 2), (7, 3), (8, 2), (9, 3), (10, 2), (11, 3)]
length: 16 76
Estimated difference between T3^fnT3 - (T2^WT3 + h.c.) is: -1.680430271386348e-06 2.8238458969915954e-12
total cost: -7.783690482735838
singles alt: [(4, 0), (5, 1), (6, 0), (7, 1), (8, 0), (9, 1), (10, 0), (11, 1), (4, 2), (5, 3), (6, 2), (7, 3), (8, 2), (9, 3), (10, 2), (11, 3)]
length: 16 76
Estimated difference between T3^fnT3 - (T2^WT3 + h.c.) is: -1.6804302713857734e-06 2.823845896989664e-12
total cost: -7.7836904827358575
singles alt: [(4, 0), (5, 1), (6, 0), (7, 1), (8, 0), (9, 1), (10, 0), (11, 1), (4, 2), (5, 3), (6, 2), (7, 3), (8, 2), (9, 3), (10, 2), (11, 3)]
length: 16 76
Estimated difference between T3^fnT3 - (T2^WT3 + h.c.) is: -1.6804302713885643e-06 2.823845896999044e-12
total cost: -7.783690482735856
singles alt: [(4, 0), (5, 1), (6, 0), (7, 1), (8, 0), (9, 1), (10, 0), (11, 1), (4, 2), (5, 3), (6, 2), (7, 3), (8, 2), (9, 3), (10, 2), (11, 3)]
length: 16 76
Estimated difference between T3^fnT3 - (T2^WT3 + h.c.) is: -1.680430271385879e-06 2.823845896990019e-12
total cost: -7.783690482735857
singles alt: [(4, 0), (5, 1), (6, 0), (7, 1), (8, 0), (9, 1), (10, 0), (11, 1), (4, 2), (5, 3), (6, 2), (7, 3), (8, 2), (9, 3), (10, 2), (11, 3)]
length: 16 76
Estimated difference between T3^fnT3 - (T2^WT3 + h.c.) is: -1.6804303457619924e-06 2.8238461469577696e-12
total cost: -7.7836904827952145
singles alt: [(4, 0), (5, 1), (6, 0), (7, 1), (8, 0), (9, 1), (10, 0), (11, 1), (4, 2), (5, 3), (6, 2), (7, 3), (8, 2), (9, 3), (10, 2), (11, 3)]
length: 16 76
Estimated difference between T3^fnT3 - (T2^WT3 + h.c.) is: -1.680430215802544e-06 2.823845710182185e-12
total cost: -7.783690482708442
singles alt: [(4, 0), (5, 1), (6, 0), (7, 1), (8, 0), (9, 1), (10, 0), (11, 1), (4, 2), (5, 3), (6, 2), (7, 3), (8, 2), (9, 3), (10, 2), (11, 3)]
length: 16 76
Estimated difference between T3^fnT3 - (T2^WT3 + h.c.) is: -1.6804301323772038e-06 2.8238454298012666e-12
total cost: -7.783690482632368
singles alt: [(4, 0), (5, 1), (6, 0), (7, 1), (8, 0), (9, 1), (10, 0), (11, 1), (4, 2), (5, 3), (6, 2), (7, 3), (8, 2), (9, 3), (10, 2), (11, 3)]
length: 16 76
Estimated difference between T3^fnT3 - (T2^WT3 + h.c.) is: -1.6804301036800225e-06 2.8238453333540513e-12
total cost: -7.783690482849644
singles alt: [(4, 0), (5, 1), (6, 0), (7, 1), (8, 0), (9, 1), (10, 0), (11, 1), (4, 2), (5, 3), (6, 2), (7, 3), (8, 2), (9, 3), (10, 2), (11, 3)]
length: 16 76
Estimated difference between T3^fnT3 - (T2^WT3 + h.c.) is: -1.680430271386136e-06 2.8238458969908825e-12
total cost: -7.783690482735846
singles alt: [(4, 0), (5, 1), (6, 0), (7, 1), (8, 0), (9, 1), (10, 0), (11, 1), (4, 2), (5, 3), (6, 2), (7, 3), (8, 2), (9, 3), (10, 2), (11, 3)]
length: 16 76
Estimated difference between T3^fnT3 - (T2^WT3 + h.c.) is: -1.680430271382374e-06 2.8238458969782393e-12
total cost: -7.783690482735864
singles alt: [(4, 0), (5, 1), (6, 0), (7, 1), (8, 0), (9, 1), (10, 0), (11, 1), (4, 2), (5, 3), (6, 2), (7, 3), (8, 2), (9, 3), (10, 2), (11, 3)]
length: 16 76
Estimated difference between T3^fnT3 - (T2^WT3 + h.c.) is: -1.6804302713852592e-06 2.823845896987936e-12
total cost: -7.783690482735862
singles alt: [(4, 0), (5, 1), (6, 0), (7, 1), (8, 0), (9, 1), (10, 0), (11, 1), (4, 2), (5, 3), (6, 2), (7, 3), (8, 2), (9, 3), (10, 2), (11, 3)]
length: 16 76
Estimated difference between T3^fnT3 - (T2^WT3 + h.c.) is: -1.680430271385861e-06 2.8238458969899584e-12
total cost: -7.783690482735857
singles alt: [(4, 0), (5, 1), (6, 0), (7, 1), (8, 0), (9, 1), (10, 0), (11, 1), (4, 2), (5, 3), (6, 2), (7, 3), (8, 2), (9, 3), (10, 2), (11, 3)]
length: 16 76
Estimated difference between T3^fnT3 - (T2^WT3 + h.c.) is: -1.6804302713866539e-06 2.8238458969926233e-12
total cost: -7.783690482735825
singles alt: [(4, 0), (5, 1), (6, 0), (7, 1), (8, 0), (9, 1), (10, 0), (11, 1), (4, 2), (5, 3), (6, 2), (7, 3), (8, 2), (9, 3), (10, 2), (11, 3)]
length: 16 76
Estimated difference between T3^fnT3 - (T2^WT3 + h.c.) is: -1.6804302713887935e-06 2.823845896999814e-12
total cost: -7.783690482735857
singles alt: [(4, 0), (5, 1), (6, 0), (7, 1), (8, 0), (9, 1), (10, 0), (11, 1), (4, 2), (5, 3), (6, 2), (7, 3), (8, 2), (9, 3), (10, 2), (11, 3)]
length: 16 76
Estimated difference between T3^fnT3 - (T2^WT3 + h.c.) is: -1.6804302713866346e-06 2.8238458969925583e-12
total cost: -7.783690482735857
singles alt: [(4, 0), (5, 1), (6, 0), (7, 1), (8, 0), (9, 1), (10, 0), (11, 1), (4, 2), (5, 3), (6, 2), (7, 3), (8, 2), (9, 3), (10, 2), (11, 3)]
length: 16 76
Estimated difference between T3^fnT3 - (T2^WT3 + h.c.) is: -1.6804302713859745e-06 2.82384589699034e-12
total cost: -7.783690482735857
singles alt: [(4, 0), (5, 1), (6, 0), (7, 1), (8, 0), (9, 1), (10, 0), (11, 1), (4, 2), (5, 3), (6, 2), (7, 3), (8, 2), (9, 3), (10, 2), (11, 3)]
length: 16 76
Estimated difference between T3^fnT3 - (T2^WT3 + h.c.) is: -1.680430479633674e-06 2.8238465968818595e-12
total cost: -7.783690484177559
singles alt: [(4, 0), (5, 1), (6, 0), (7, 1), (8, 0), (9, 1), (10, 0), (11, 1), (4, 2), (5, 3), (6, 2), (7, 3), (8, 2), (9, 3), (10, 2), (11, 3)]
length: 16 76
Estimated difference between T3^fnT3 - (T2^WT3 + h.c.) is: -1.6804303382800106e-06 2.823846121811871e-12
total cost: -7.783690482612493
singles alt: [(4, 0), (5, 1), (6, 0), (7, 1), (8, 0), (9, 1), (10, 0), (11, 1), (4, 2), (5, 3), (6, 2), (7, 3), (8, 2), (9, 3), (10, 2), (11, 3)]
length: 16 76
Estimated difference between T3^fnT3 - (T2^WT3 + h.c.) is: -1.6804303382679256e-06 2.823846121771255e-12
total cost: -7.7836904826124576
singles alt: [(4, 0), (5, 1), (6, 0), (7, 1), (8, 0), (9, 1), (10, 0), (11, 1), (4, 2), (5, 3), (6, 2), (7, 3), (8, 2), (9, 3), (10, 2), (11, 3)]
length: 16 76
Estimated difference between T3^fnT3 - (T2^WT3 + h.c.) is: -1.680430390701748e-06 2.823846297994029e-12
total cost: -7.783690482810795
singles alt: [(4, 0), (5, 1), (6, 0), (7, 1), (8, 0), (9, 1), (10, 0), (11, 1), (4, 2), (5, 3), (6, 2), (7, 3), (8, 2), (9, 3), (10, 2), (11, 3)]
length: 16 76
Estimated difference between T3^fnT3 - (T2^WT3 + h.c.) is: -1.6804302713906618e-06 2.8238458970060933e-12
total cost: -7.783690482735856
singles alt: [(4, 0), (5, 1), (6, 0), (7, 1), (8, 0), (9, 1), (10, 0), (11, 1), (4, 2), (5, 3), (6, 2), (7, 3), (8, 2), (9, 3), (10, 2), (11, 3)]
length: 16 76
Estimated difference between T3^fnT3 - (T2^WT3 + h.c.) is: -1.6804302713843093e-06 2.8238458969847433e-12
total cost: -7.7836904827358575
singles alt: [(4, 0), (5, 1), (6, 0), (7, 1), (8, 0), (9, 1), (10, 0), (11, 1), (4, 2), (5, 3), (6, 2), (7, 3), (8, 2), (9, 3), (10, 2), (11, 3)]
length: 16 76
Estimated difference between T3^fnT3 - (T2^WT3 + h.c.) is: -1.6804302713875303e-06 2.823845896995569e-12
total cost: -7.783690482735858
singles alt: [(4, 0), (5, 1), (6, 0), (7, 1), (8, 0), (9, 1), (10, 0), (11, 1), (4, 2), (5, 3), (6, 2), (7, 3), (8, 2), (9, 3), (10, 2), (11, 3)]
length: 16 76
Estimated difference between T3^fnT3 - (T2^WT3 + h.c.) is: -1.6804302713939079e-06 2.823845897017003e-12
total cost: -7.783690482735856
singles alt: [(4, 0), (5, 1), (6, 0), (7, 1), (8, 0), (9, 1), (10, 0), (11, 1), (4, 2), (5, 3), (6, 2), (7, 3), (8, 2), (9, 3), (10, 2), (11, 3)]
length: 16 76
Estimated difference between T3^fnT3 - (T2^WT3 + h.c.) is: -1.680430209174802e-06 2.8238456879072688e-12
total cost: -7.7836904826550635
singles alt: [(4, 0), (5, 1), (6, 0), (7, 1), (8, 0), (9, 1), (10, 0), (11, 1), (4, 2), (5, 3), (6, 2), (7, 3), (8, 2), (9, 3), (10, 2), (11, 3)]
length: 16 76
Estimated difference between T3^fnT3 - (T2^WT3 + h.c.) is: -1.6804302089154789e-06 2.82384568703572e-12
total cost: -7.783690482654865
singles alt: [(4, 0), (5, 1), (6, 0), (7, 1), (8, 0), (9, 1), (10, 0), (11, 1), (4, 2), (5, 3), (6, 2), (7, 3), (8, 2), (9, 3), (10, 2), (11, 3)]
length: 16 76
Estimated difference between T3^fnT3 - (T2^WT3 + h.c.) is: -1.6804302713911431e-06 2.823845897007711e-12
total cost: -7.783690482735856
singles alt: [(4, 0), (5, 1), (6, 0), (7, 1), (8, 0), (9, 1), (10, 0), (11, 1), (4, 2), (5, 3), (6, 2), (7, 3), (8, 2), (9, 3), (10, 2), (11, 3)]
length: 16 76
Estimated difference between T3^fnT3 - (T2^WT3 + h.c.) is: -1.680430271385507e-06 2.8238458969887685e-12
total cost: -7.7836904827358575
singles alt: [(4, 0), (5, 1), (6, 0), (7, 1), (8, 0), (9, 1), (10, 0), (11, 1), (4, 2), (5, 3), (6, 2), (7, 3), (8, 2), (9, 3), (10, 2), (11, 3)]
length: 16 76
Estimated difference between T3^fnT3 - (T2^WT3 + h.c.) is: -1.6804302713863316e-06 2.82384589699154e-12
total cost: -7.783690482735856
singles alt: [(4, 0), (5, 1), (6, 0), (7, 1), (8, 0), (9, 1), (10, 0), (11, 1), (4, 2), (5, 3), (6, 2), (7, 3), (8, 2), (9, 3), (10, 2), (11, 3)]
length: 16 76
Estimated difference between T3^fnT3 - (T2^WT3 + h.c.) is: -1.6804302713884741e-06 2.8238458969987407e-12
total cost: -7.783690482735855
singles alt: [(4, 0), (5, 1), (6, 0), (7, 1), (8, 0), (9, 1), (10, 0), (11, 1), (4, 2), (5, 3), (6, 2), (7, 3), (8, 2), (9, 3), (10, 2), (11, 3)]
length: 16 76
Estimated difference between T3^fnT3 - (T2^WT3 + h.c.) is: -1.6804302713849797e-06 2.8238458969869966e-12
total cost: -7.7836904827358575
singles alt: [(4, 0), (5, 1), (6, 0), (7, 1), (8, 0), (9, 1), (10, 0), (11, 1), (4, 2), (5, 3), (6, 2), (7, 3), (8, 2), (9, 3), (10, 2), (11, 3)]
length: 16 76
Estimated difference between T3^fnT3 - (T2^WT3 + h.c.) is: -1.6804302713839444e-06 2.823845896983517e-12
total cost: -7.7836904827358575
singles alt: [(4, 0), (5, 1), (6, 0), (7, 1), (8, 0), (9, 1), (10, 0), (11, 1), (4, 2), (5, 3), (6, 2), (7, 3), (8, 2), (9, 3), (10, 2), (11, 3)]
length: 16 76
Estimated difference between T3^fnT3 - (T2^WT3 + h.c.) is: -1.6804302713858352e-06 2.8238458969898716e-12
total cost: -7.783690482783091
singles alt: [(4, 0), (5, 1), (6, 0), (7, 1), (8, 0), (9, 1), (10, 0), (11, 1), (4, 2), (5, 3), (6, 2), (7, 3), (8, 2), (9, 3), (10, 2), (11, 3)]
length: 16 76
Estimated difference between T3^fnT3 - (T2^WT3 + h.c.) is: -1.6804302713858352e-06 2.8238458969898716e-12
total cost: -7.7836904827830224
singles alt: [(4, 0), (5, 1), (6, 0), (7, 1), (8, 0), (9, 1), (10, 0), (11, 1), (4, 2), (5, 3), (6, 2), (7, 3), (8, 2), (9, 3), (10, 2), (11, 3)]
length: 16 76
Estimated difference between T3^fnT3 - (T2^WT3 + h.c.) is: -1.6804302713858352e-06 2.8238458969898716e-12
total cost: -7.783690482735856
singles alt: [(4, 0), (5, 1), (6, 0), (7, 1), (8, 0), (9, 1), (10, 0), (11, 1), (4, 2), (5, 3), (6, 2), (7, 3), (8, 2), (9, 3), (10, 2), (11, 3)]
length: 16 76
Estimated difference between T3^fnT3 - (T2^WT3 + h.c.) is: -1.6804302713858352e-06 2.8238458969898716e-12
total cost: -7.78369048273586
singles alt: [(4, 0), (5, 1), (6, 0), (7, 1), (8, 0), (9, 1), (10, 0), (11, 1), (4, 2), (5, 3), (6, 2), (7, 3), (8, 2), (9, 3), (10, 2), (11, 3)]
length: 16 76
Estimated difference between T3^fnT3 - (T2^WT3 + h.c.) is: -1.6804302713858352e-06 2.8238458969898716e-12
total cost: -7.783690482735857
singles alt: [(4, 0), (5, 1), (6, 0), (7, 1), (8, 0), (9, 1), (10, 0), (11, 1), (4, 2), (5, 3), (6, 2), (7, 3), (8, 2), (9, 3), (10, 2), (11, 3)]
length: 16 76
Estimated difference between T3^fnT3 - (T2^WT3 + h.c.) is: -1.6804302713858352e-06 2.8238458969898716e-12
total cost: -7.783690482735857
singles alt: [(4, 0), (5, 1), (6, 0), (7, 1), (8, 0), (9, 1), (10, 0), (11, 1), (4, 2), (5, 3), (6, 2), (7, 3), (8, 2), (9, 3), (10, 2), (11, 3)]
length: 16 76
Estimated difference between T3^fnT3 - (T2^WT3 + h.c.) is: -1.6804302713858352e-06 2.8238458969898716e-12
total cost: -7.78369048275165
singles alt: [(4, 0), (5, 1), (6, 0), (7, 1), (8, 0), (9, 1), (10, 0), (11, 1), (4, 2), (5, 3), (6, 2), (7, 3), (8, 2), (9, 3), (10, 2), (11, 3)]
length: 16 76
Estimated difference between T3^fnT3 - (T2^WT3 + h.c.) is: -1.6804302713858352e-06 2.8238458969898716e-12
total cost: -7.783690482751587
singles alt: [(4, 0), (5, 1), (6, 0), (7, 1), (8, 0), (9, 1), (10, 0), (11, 1), (4, 2), (5, 3), (6, 2), (7, 3), (8, 2), (9, 3), (10, 2), (11, 3)]
length: 16 76
Estimated difference between T3^fnT3 - (T2^WT3 + h.c.) is: -1.6804302713858352e-06 2.8238458969898716e-12
total cost: -7.783690482863664
singles alt: [(4, 0), (5, 1), (6, 0), (7, 1), (8, 0), (9, 1), (10, 0), (11, 1), (4, 2), (5, 3), (6, 2), (7, 3), (8, 2), (9, 3), (10, 2), (11, 3)]
length: 16 76
Estimated difference between T3^fnT3 - (T2^WT3 + h.c.) is: -1.6804302713858352e-06 2.8238458969898716e-12
total cost: -7.783690482863501
singles alt: [(4, 0), (5, 1), (6, 0), (7, 1), (8, 0), (9, 1), (10, 0), (11, 1), (4, 2), (5, 3), (6, 2), (7, 3), (8, 2), (9, 3), (10, 2), (11, 3)]
length: 16 76
Estimated difference between T3^fnT3 - (T2^WT3 + h.c.) is: -1.6804302713858352e-06 2.8238458969898716e-12
total cost: -7.783690482735857
singles alt: [(4, 0), (5, 1), (6, 0), (7, 1), (8, 0), (9, 1), (10, 0), (11, 1), (4, 2), (5, 3), (6, 2), (7, 3), (8, 2), (9, 3), (10, 2), (11, 3)]
length: 16 76
Estimated difference between T3^fnT3 - (T2^WT3 + h.c.) is: -1.6804302713858352e-06 2.8238458969898716e-12
total cost: -7.783690482735857
singles alt: [(4, 0), (5, 1), (6, 0), (7, 1), (8, 0), (9, 1), (10, 0), (11, 1), (4, 2), (5, 3), (6, 2), (7, 3), (8, 2), (9, 3), (10, 2), (11, 3)]
length: 16 76
Estimated difference between T3^fnT3 - (T2^WT3 + h.c.) is: -1.6804302713858352e-06 2.8238458969898716e-12
total cost: -7.783690482735857
singles alt: [(4, 0), (5, 1), (6, 0), (7, 1), (8, 0), (9, 1), (10, 0), (11, 1), (4, 2), (5, 3), (6, 2), (7, 3), (8, 2), (9, 3), (10, 2), (11, 3)]
length: 16 76
Estimated difference between T3^fnT3 - (T2^WT3 + h.c.) is: -1.6804302713858352e-06 2.8238458969898716e-12
total cost: -7.783690482735857
singles alt: [(4, 0), (5, 1), (6, 0), (7, 1), (8, 0), (9, 1), (10, 0), (11, 1), (4, 2), (5, 3), (6, 2), (7, 3), (8, 2), (9, 3), (10, 2), (11, 3)]
length: 16 76
Estimated difference between T3^fnT3 - (T2^WT3 + h.c.) is: -1.6804302713858352e-06 2.8238458969898716e-12
total cost: -7.783690482749814
singles alt: [(4, 0), (5, 1), (6, 0), (7, 1), (8, 0), (9, 1), (10, 0), (11, 1), (4, 2), (5, 3), (6, 2), (7, 3), (8, 2), (9, 3), (10, 2), (11, 3)]
length: 16 76
Estimated difference between T3^fnT3 - (T2^WT3 + h.c.) is: -1.6804302713858352e-06 2.8238458969898716e-12
total cost: -7.783690482749785
singles alt: [(4, 0), (5, 1), (6, 0), (7, 1), (8, 0), (9, 1), (10, 0), (11, 1), (4, 2), (5, 3), (6, 2), (7, 3), (8, 2), (9, 3), (10, 2), (11, 3)]
length: 16 76
Estimated difference between T3^fnT3 - (T2^WT3 + h.c.) is: -1.3951598700203967e-06 1.94647106291533e-12
total cost: -7.784149600361506
singles alt: [(4, 0), (5, 1), (6, 0), (7, 1), (8, 0), (9, 1), (10, 0), (11, 1), (4, 2), (5, 3), (6, 2), (7, 3), (8, 2), (9, 3), (10, 2), (11, 3)]
length: 16 76
Estimated difference between T3^fnT3 - (T2^WT3 + h.c.) is: -1.3951601694526174e-06 1.946471898427056e-12
total cost: -7.7841496001884085
singles alt: [(4, 0), (5, 1), (6, 0), (7, 1), (8, 0), (9, 1), (10, 0), (11, 1), (4, 2), (5, 3), (6, 2), (7, 3), (8, 2), (9, 3), (10, 2), (11, 3)]
length: 16 76
Estimated difference between T3^fnT3 - (T2^WT3 + h.c.) is: -1.3951598960665152e-06 1.9464711355923294e-12
total cost: -7.784149600381832
singles alt: [(4, 0), (5, 1), (6, 0), (7, 1), (8, 0), (9, 1), (10, 0), (11, 1), (4, 2), (5, 3), (6, 2), (7, 3), (8, 2), (9, 3), (10, 2), (11, 3)]
length: 16 76
Estimated difference between T3^fnT3 - (T2^WT3 + h.c.) is: -1.395159896104418e-06 1.9464711356980906e-12
total cost: -7.7841496003818325
singles alt: [(4, 0), (5, 1), (6, 0), (7, 1), (8, 0), (9, 1), (10, 0), (11, 1), (4, 2), (5, 3), (6, 2), (7, 3), (8, 2), (9, 3), (10, 2), (11, 3)]
length: 16 76
Estimated difference between T3^fnT3 - (T2^WT3 + h.c.) is: -1.3951600067260239e-06 1.946471444367759e-12
total cost: -7.784149600432991
singles alt: [(4, 0), (5, 1), (6, 0), (7, 1), (8, 0), (9, 1), (10, 0), (11, 1), (4, 2), (5, 3), (6, 2), (7, 3), (8, 2), (9, 3), (10, 2), (11, 3)]
length: 16 76
Estimated difference between T3^fnT3 - (T2^WT3 + h.c.) is: -1.3951598700203558e-06 1.946471062915216e-12
total cost: -7.784149600361506
singles alt: [(4, 0), (5, 1), (6, 0), (7, 1), (8, 0), (9, 1), (10, 0), (11, 1), (4, 2), (5, 3), (6, 2), (7, 3), (8, 2), (9, 3), (10, 2), (11, 3)]
length: 16 76
Estimated difference between T3^fnT3 - (T2^WT3 + h.c.) is: -1.3951598700196568e-06 1.9464710629132657e-12
total cost: -7.784149600361506
singles alt: [(4, 0), (5, 1), (6, 0), (7, 1), (8, 0), (9, 1), (10, 0), (11, 1), (4, 2), (5, 3), (6, 2), (7, 3), (8, 2), (9, 3), (10, 2), (11, 3)]
length: 16 76
Estimated difference between T3^fnT3 - (T2^WT3 + h.c.) is: -1.3951598700198122e-06 1.9464710629136995e-12
total cost: -7.784149600361506
singles alt: [(4, 0), (5, 1), (6, 0), (7, 1), (8, 0), (9, 1), (10, 0), (11, 1), (4, 2), (5, 3), (6, 2), (7, 3), (8, 2), (9, 3), (10, 2), (11, 3)]
length: 16 76
Estimated difference between T3^fnT3 - (T2^WT3 + h.c.) is: -1.3951598700204056e-06 1.946471062915355e-12
total cost: -7.784149600361506
singles alt: [(4, 0), (5, 1), (6, 0), (7, 1), (8, 0), (9, 1), (10, 0), (11, 1), (4, 2), (5, 3), (6, 2), (7, 3), (8, 2), (9, 3), (10, 2), (11, 3)]
length: 16 76
Estimated difference between T3^fnT3 - (T2^WT3 + h.c.) is: -1.395159870020939e-06 1.9464710629168434e-12
total cost: -7.784149600361503
singles alt: [(4, 0), (5, 1), (6, 0), (7, 1), (8, 0), (9, 1), (10, 0), (11, 1), (4, 2), (5, 3), (6, 2), (7, 3), (8, 2), (9, 3), (10, 2), (11, 3)]
length: 16 76
Estimated difference between T3^fnT3 - (T2^WT3 + h.c.) is: -1.395159870021383e-06 1.9464710629180825e-12
total cost: -7.784149600361505
singles alt: [(4, 0), (5, 1), (6, 0), (7, 1), (8, 0), (9, 1), (10, 0), (11, 1), (4, 2), (5, 3), (6, 2), (7, 3), (8, 2), (9, 3), (10, 2), (11, 3)]
length: 16 76
Estimated difference between T3^fnT3 - (T2^WT3 + h.c.) is: -1.3951598700207596e-06 1.946471062916343e-12
total cost: -7.784149600361504
singles alt: [(4, 0), (5, 1), (6, 0), (7, 1), (8, 0), (9, 1), (10, 0), (11, 1), (4, 2), (5, 3), (6, 2), (7, 3), (8, 2), (9, 3), (10, 2), (11, 3)]
length: 16 76
Estimated difference between T3^fnT3 - (T2^WT3 + h.c.) is: -1.3951598700204314e-06 1.946471062915427e-12
total cost: -7.784149600361506
singles alt: [(4, 0), (5, 1), (6, 0), (7, 1), (8, 0), (9, 1), (10, 0), (11, 1), (4, 2), (5, 3), (6, 2), (7, 3), (8, 2), (9, 3), (10, 2), (11, 3)]
length: 16 76
Estimated difference between T3^fnT3 - (T2^WT3 + h.c.) is: -1.3951599289290633e-06 1.946471227289349e-12
total cost: -7.784149600346586
singles alt: [(4, 0), (5, 1), (6, 0), (7, 1), (8, 0), (9, 1), (10, 0), (11, 1), (4, 2), (5, 3), (6, 2), (7, 3), (8, 2), (9, 3), (10, 2), (11, 3)]
length: 16 76
Estimated difference between T3^fnT3 - (T2^WT3 + h.c.) is: -1.3951597143559122e-06 1.9464706285616707e-12
total cost: -7.784149600264489
singles alt: [(4, 0), (5, 1), (6, 0), (7, 1), (8, 0), (9, 1), (10, 0), (11, 1), (4, 2), (5, 3), (6, 2), (7, 3), (8, 2), (9, 3), (10, 2), (11, 3)]
length: 16 76
Estimated difference between T3^fnT3 - (T2^WT3 + h.c.) is: -1.3951598260697654e-06 1.946470940279018e-12
total cost: -7.784149600339522
singles alt: [(4, 0), (5, 1), (6, 0), (7, 1), (8, 0), (9, 1), (10, 0), (11, 1), (4, 2), (5, 3), (6, 2), (7, 3), (8, 2), (9, 3), (10, 2), (11, 3)]
length: 16 76
Estimated difference between T3^fnT3 - (T2^WT3 + h.c.) is: -1.3951597307807654e-06 1.9464706743922576e-12
total cost: -7.784149600308449
singles alt: [(4, 0), (5, 1), (6, 0), (7, 1), (8, 0), (9, 1), (10, 0), (11, 1), (4, 2), (5, 3), (6, 2), (7, 3), (8, 2), (9, 3), (10, 2), (11, 3)]
length: 16 76
Estimated difference between T3^fnT3 - (T2^WT3 + h.c.) is: -1.3951598700208928e-06 1.9464710629167145e-12
total cost: -7.784149600361503
singles alt: [(4, 0), (5, 1), (6, 0), (7, 1), (8, 0), (9, 1), (10, 0), (11, 1), (4, 2), (5, 3), (6, 2), (7, 3), (8, 2), (9, 3), (10, 2), (11, 3)]
length: 16 76
Estimated difference between T3^fnT3 - (T2^WT3 + h.c.) is: -1.395159870020797e-06 1.9464710629164468e-12
total cost: -7.784149600361504
singles alt: [(4, 0), (5, 1), (6, 0), (7, 1), (8, 0), (9, 1), (10, 0), (11, 1), (4, 2), (5, 3), (6, 2), (7, 3), (8, 2), (9, 3), (10, 2), (11, 3)]
length: 16 76
Estimated difference between T3^fnT3 - (T2^WT3 + h.c.) is: -1.3951598700212196e-06 1.946471062917626e-12
total cost: -7.784149600361505
singles alt: [(4, 0), (5, 1), (6, 0), (7, 1), (8, 0), (9, 1), (10, 0), (11, 1), (4, 2), (5, 3), (6, 2), (7, 3), (8, 2), (9, 3), (10, 2), (11, 3)]
length: 16 76
Estimated difference between T3^fnT3 - (T2^WT3 + h.c.) is: -1.3951598700204301e-06 1.9464710629154237e-12
total cost: -7.784149600361506
singles alt: [(4, 0), (5, 1), (6, 0), (7, 1), (8, 0), (9, 1), (10, 0), (11, 1), (4, 2), (5, 3), (6, 2), (7, 3), (8, 2), (9, 3), (10, 2), (11, 3)]
length: 16 76
Estimated difference between T3^fnT3 - (T2^WT3 + h.c.) is: -1.3951600853785375e-06 1.946471663833448e-12
total cost: -7.784149600303629
singles alt: [(4, 0), (5, 1), (6, 0), (7, 1), (8, 0), (9, 1), (10, 0), (11, 1), (4, 2), (5, 3), (6, 2), (7, 3), (8, 2), (9, 3), (10, 2), (11, 3)]
length: 16 76
Estimated difference between T3^fnT3 - (T2^WT3 + h.c.) is: -1.3951600963886355e-06 1.9464716945551467e-12
total cost: -7.784149600429101
singles alt: [(4, 0), (5, 1), (6, 0), (7, 1), (8, 0), (9, 1), (10, 0), (11, 1), (4, 2), (5, 3), (6, 2), (7, 3), (8, 2), (9, 3), (10, 2), (11, 3)]
length: 16 76
Estimated difference between T3^fnT3 - (T2^WT3 + h.c.) is: -1.395160096351666e-06 1.94647169445199e-12
total cost: -7.78414960042915
singles alt: [(4, 0), (5, 1), (6, 0), (7, 1), (8, 0), (9, 1), (10, 0), (11, 1), (4, 2), (5, 3), (6, 2), (7, 3), (8, 2), (9, 3), (10, 2), (11, 3)]
length: 16 76
Estimated difference between T3^fnT3 - (T2^WT3 + h.c.) is: -1.395160030264276e-06 1.9464715100470156e-12
total cost: -7.7841496004230635
singles alt: [(4, 0), (5, 1), (6, 0), (7, 1), (8, 0), (9, 1), (10, 0), (11, 1), (4, 2), (5, 3), (6, 2), (7, 3), (8, 2), (9, 3), (10, 2), (11, 3)]
length: 16 76
Estimated difference between T3^fnT3 - (T2^WT3 + h.c.) is: -1.3951598700207495e-06 1.9464710629163147e-12
total cost: -7.784149600361503
singles alt: [(4, 0), (5, 1), (6, 0), (7, 1), (8, 0), (9, 1), (10, 0), (11, 1), (4, 2), (5, 3), (6, 2), (7, 3), (8, 2), (9, 3), (10, 2), (11, 3)]
length: 16 76
Estimated difference between T3^fnT3 - (T2^WT3 + h.c.) is: -1.3951598700208585e-06 1.946471062916619e-12
total cost: -7.784149600361504
singles alt: [(4, 0), (5, 1), (6, 0), (7, 1), (8, 0), (9, 1), (10, 0), (11, 1), (4, 2), (5, 3), (6, 2), (7, 3), (8, 2), (9, 3), (10, 2), (11, 3)]
length: 16 76
Estimated difference between T3^fnT3 - (T2^WT3 + h.c.) is: -1.3951598700209616e-06 1.9464710629169064e-12
total cost: -7.784149600361504
singles alt: [(4, 0), (5, 1), (6, 0), (7, 1), (8, 0), (9, 1), (10, 0), (11, 1), (4, 2), (5, 3), (6, 2), (7, 3), (8, 2), (9, 3), (10, 2), (11, 3)]
length: 16 76
Estimated difference between T3^fnT3 - (T2^WT3 + h.c.) is: -1.3951598700204246e-06 1.946471062915408e-12
total cost: -7.784149600361506
singles alt: [(4, 0), (5, 1), (6, 0), (7, 1), (8, 0), (9, 1), (10, 0), (11, 1), (4, 2), (5, 3), (6, 2), (7, 3), (8, 2), (9, 3), (10, 2), (11, 3)]
length: 16 76
Estimated difference between T3^fnT3 - (T2^WT3 + h.c.) is: -1.3951598700204843e-06 1.9464710629155747e-12
total cost: -7.784149600361501
singles alt: [(4, 0), (5, 1), (6, 0), (7, 1), (8, 0), (9, 1), (10, 0), (11, 1), (4, 2), (5, 3), (6, 2), (7, 3), (8, 2), (9, 3), (10, 2), (11, 3)]
length: 16 76
Estimated difference between T3^fnT3 - (T2^WT3 + h.c.) is: -1.3951598700204212e-06 1.9464710629153986e-12
total cost: -7.784149600361506
singles alt: [(4, 0), (5, 1), (6, 0), (7, 1), (8, 0), (9, 1), (10, 0), (11, 1), (4, 2), (5, 3), (6, 2), (7, 3), (8, 2), (9, 3), (10, 2), (11, 3)]
length: 16 76
Estimated difference between T3^fnT3 - (T2^WT3 + h.c.) is: -1.3951598700203378e-06 1.946471062915166e-12
total cost: -7.784149600361506
singles alt: [(4, 0), (5, 1), (6, 0), (7, 1), (8, 0), (9, 1), (10, 0), (11, 1), (4, 2), (5, 3), (6, 2), (7, 3), (8, 2), (9, 3), (10, 2), (11, 3)]
length: 16 76
Estimated difference between T3^fnT3 - (T2^WT3 + h.c.) is: -1.3951598700204204e-06 1.9464710629153962e-12
total cost: -7.784149600361506
singles alt: [(4, 0), (5, 1), (6, 0), (7, 1), (8, 0), (9, 1), (10, 0), (11, 1), (4, 2), (5, 3), (6, 2), (7, 3), (8, 2), (9, 3), (10, 2), (11, 3)]
length: 16 76
Estimated difference between T3^fnT3 - (T2^WT3 + h.c.) is: -1.3951598700208928e-06 1.9464710629167145e-12
total cost: -7.784149600361503
singles alt: [(4, 0), (5, 1), (6, 0), (7, 1), (8, 0), (9, 1), (10, 0), (11, 1), (4, 2), (5, 3), (6, 2), (7, 3), (8, 2), (9, 3), (10, 2), (11, 3)]
length: 16 76
Estimated difference between T3^fnT3 - (T2^WT3 + h.c.) is: -1.395159870020797e-06 1.9464710629164468e-12
total cost: -7.784149600361504
singles alt: [(4, 0), (5, 1), (6, 0), (7, 1), (8, 0), (9, 1), (10, 0), (11, 1), (4, 2), (5, 3), (6, 2), (7, 3), (8, 2), (9, 3), (10, 2), (11, 3)]
length: 16 76
Estimated difference between T3^fnT3 - (T2^WT3 + h.c.) is: -1.3951598700211632e-06 1.946471062917469e-12
total cost: -7.784149600361505
singles alt: [(4, 0), (5, 1), (6, 0), (7, 1), (8, 0), (9, 1), (10, 0), (11, 1), (4, 2), (5, 3), (6, 2), (7, 3), (8, 2), (9, 3), (10, 2), (11, 3)]
length: 16 76
Estimated difference between T3^fnT3 - (T2^WT3 + h.c.) is: -1.3951598700204301e-06 1.9464710629154237e-12
total cost: -7.784149600361506
singles alt: [(4, 0), (5, 1), (6, 0), (7, 1), (8, 0), (9, 1), (10, 0), (11, 1), (4, 2), (5, 3), (6, 2), (7, 3), (8, 2), (9, 3), (10, 2), (11, 3)]
length: 16 76
Estimated difference between T3^fnT3 - (T2^WT3 + h.c.) is: -1.395159870020362e-06 1.946471062915233e-12
total cost: -7.784149600361505
singles alt: [(4, 0), (5, 1), (6, 0), (7, 1), (8, 0), (9, 1), (10, 0), (11, 1), (4, 2), (5, 3), (6, 2), (7, 3), (8, 2), (9, 3), (10, 2), (11, 3)]
length: 16 76
Estimated difference between T3^fnT3 - (T2^WT3 + h.c.) is: -1.3951598700204424e-06 1.9464710629154576e-12
total cost: -7.784149600361506
singles alt: [(4, 0), (5, 1), (6, 0), (7, 1), (8, 0), (9, 1), (10, 0), (11, 1), (4, 2), (5, 3), (6, 2), (7, 3), (8, 2), (9, 3), (10, 2), (11, 3)]
length: 16 76
Estimated difference between T3^fnT3 - (T2^WT3 + h.c.) is: -1.3951598700194855e-06 1.9464710629127875e-12
total cost: -7.784149600361506
singles alt: [(4, 0), (5, 1), (6, 0), (7, 1), (8, 0), (9, 1), (10, 0), (11, 1), (4, 2), (5, 3), (6, 2), (7, 3), (8, 2), (9, 3), (10, 2), (11, 3)]
length: 16 76
Estimated difference between T3^fnT3 - (T2^WT3 + h.c.) is: -1.3951598700203986e-06 1.9464710629153356e-12
total cost: -7.784149600361506
singles alt: [(4, 0), (5, 1), (6, 0), (7, 1), (8, 0), (9, 1), (10, 0), (11, 1), (4, 2), (5, 3), (6, 2), (7, 3), (8, 2), (9, 3), (10, 2), (11, 3)]
length: 16 76
Estimated difference between T3^fnT3 - (T2^WT3 + h.c.) is: -1.395160085375126e-06 1.946471663823929e-12
total cost: -7.784149600303595
singles alt: [(4, 0), (5, 1), (6, 0), (7, 1), (8, 0), (9, 1), (10, 0), (11, 1), (4, 2), (5, 3), (6, 2), (7, 3), (8, 2), (9, 3), (10, 2), (11, 3)]
length: 16 76
Estimated difference between T3^fnT3 - (T2^WT3 + h.c.) is: -1.3951600965691188e-06 1.9464716950587527e-12
total cost: -7.784149600429036
singles alt: [(4, 0), (5, 1), (6, 0), (7, 1), (8, 0), (9, 1), (10, 0), (11, 1), (4, 2), (5, 3), (6, 2), (7, 3), (8, 2), (9, 3), (10, 2), (11, 3)]
length: 16 76
Estimated difference between T3^fnT3 - (T2^WT3 + h.c.) is: -1.395160096544861e-06 1.946471694991066e-12
total cost: -7.784149600429077
singles alt: [(4, 0), (5, 1), (6, 0), (7, 1), (8, 0), (9, 1), (10, 0), (11, 1), (4, 2), (5, 3), (6, 2), (7, 3), (8, 2), (9, 3), (10, 2), (11, 3)]
length: 16 76
Estimated difference between T3^fnT3 - (T2^WT3 + h.c.) is: -1.3951600302874053e-06 1.946471510111554e-12
total cost: -7.784149600423296
singles alt: [(4, 0), (5, 1), (6, 0), (7, 1), (8, 0), (9, 1), (10, 0), (11, 1), (4, 2), (5, 3), (6, 2), (7, 3), (8, 2), (9, 3), (10, 2), (11, 3)]
length: 16 76
Estimated difference between T3^fnT3 - (T2^WT3 + h.c.) is: -1.3951598700204843e-06 1.9464710629155747e-12
total cost: -7.784149600361501
singles alt: [(4, 0), (5, 1), (6, 0), (7, 1), (8, 0), (9, 1), (10, 0), (11, 1), (4, 2), (5, 3), (6, 2), (7, 3), (8, 2), (9, 3), (10, 2), (11, 3)]
length: 16 76
Estimated difference between T3^fnT3 - (T2^WT3 + h.c.) is: -1.3951598700204212e-06 1.9464710629153986e-12
total cost: -7.784149600361506
singles alt: [(4, 0), (5, 1), (6, 0), (7, 1), (8, 0), (9, 1), (10, 0), (11, 1), (4, 2), (5, 3), (6, 2), (7, 3), (8, 2), (9, 3), (10, 2), (11, 3)]
length: 16 76
Estimated difference between T3^fnT3 - (T2^WT3 + h.c.) is: -1.3951598700206175e-06 1.9464710629159463e-12
total cost: -7.784149600361505
singles alt: [(4, 0), (5, 1), (6, 0), (7, 1), (8, 0), (9, 1), (10, 0), (11, 1), (4, 2), (5, 3), (6, 2), (7, 3), (8, 2), (9, 3), (10, 2), (11, 3)]
length: 16 76
Estimated difference between T3^fnT3 - (T2^WT3 + h.c.) is: -1.3951598700204202e-06 1.946471062915396e-12
total cost: -7.784149600361506
singles alt: [(4, 0), (5, 1), (6, 0), (7, 1), (8, 0), (9, 1), (10, 0), (11, 1), (4, 2), (5, 3), (6, 2), (7, 3), (8, 2), (9, 3), (10, 2), (11, 3)]
length: 16 76
Estimated difference between T3^fnT3 - (T2^WT3 + h.c.) is: -1.3951599289204408e-06 1.9464712272652892e-12
total cost: -7.7841496003461526
singles alt: [(4, 0), (5, 1), (6, 0), (7, 1), (8, 0), (9, 1), (10, 0), (11, 1), (4, 2), (5, 3), (6, 2), (7, 3), (8, 2), (9, 3), (10, 2), (11, 3)]
length: 16 76
Estimated difference between T3^fnT3 - (T2^WT3 + h.c.) is: -1.3951598260033546e-06 1.946470940093711e-12
total cost: -7.784149600339662
singles alt: [(4, 0), (5, 1), (6, 0), (7, 1), (8, 0), (9, 1), (10, 0), (11, 1), (4, 2), (5, 3), (6, 2), (7, 3), (8, 2), (9, 3), (10, 2), (11, 3)]
length: 16 76
Estimated difference between T3^fnT3 - (T2^WT3 + h.c.) is: -1.3951597142151205e-06 1.946470628168817e-12
total cost: -7.78414960026462
singles alt: [(4, 0), (5, 1), (6, 0), (7, 1), (8, 0), (9, 1), (10, 0), (11, 1), (4, 2), (5, 3), (6, 2), (7, 3), (8, 2), (9, 3), (10, 2), (11, 3)]
length: 16 76
Estimated difference between T3^fnT3 - (T2^WT3 + h.c.) is: -1.3951597306881165e-06 1.946470674133738e-12
total cost: -7.784149600307574
singles alt: [(4, 0), (5, 1), (6, 0), (7, 1), (8, 0), (9, 1), (10, 0), (11, 1), (4, 2), (5, 3), (6, 2), (7, 3), (8, 2), (9, 3), (10, 2), (11, 3)]
length: 16 76
Estimated difference between T3^fnT3 - (T2^WT3 + h.c.) is: -1.395159870020417e-06 1.946471062915387e-12
total cost: -7.784149600361504
singles alt: [(4, 0), (5, 1), (6, 0), (7, 1), (8, 0), (9, 1), (10, 0), (11, 1), (4, 2), (5, 3), (6, 2), (7, 3), (8, 2), (9, 3), (10, 2), (11, 3)]
length: 16 76
Estimated difference between T3^fnT3 - (T2^WT3 + h.c.) is: -1.395159870019323e-06 1.9464710629123343e-12
total cost: -7.7841496003615065
singles alt: [(4, 0), (5, 1), (6, 0), (7, 1), (8, 0), (9, 1), (10, 0), (11, 1), (4, 2), (5, 3), (6, 2), (7, 3), (8, 2), (9, 3), (10, 2), (11, 3)]
length: 16 76
Estimated difference between T3^fnT3 - (T2^WT3 + h.c.) is: -1.395159870020236e-06 1.9464710629148817e-12
total cost: -7.784149600361507
singles alt: [(4, 0), (5, 1), (6, 0), (7, 1), (8, 0), (9, 1), (10, 0), (11, 1), (4, 2), (5, 3), (6, 2), (7, 3), (8, 2), (9, 3), (10, 2), (11, 3)]
length: 16 76
Estimated difference between T3^fnT3 - (T2^WT3 + h.c.) is: -1.3951598700204416e-06 1.9464710629154556e-12
total cost: -7.784149600361505
singles alt: [(4, 0), (5, 1), (6, 0), (7, 1), (8, 0), (9, 1), (10, 0), (11, 1), (4, 2), (5, 3), (6, 2), (7, 3), (8, 2), (9, 3), (10, 2), (11, 3)]
length: 16 76
Estimated difference between T3^fnT3 - (T2^WT3 + h.c.) is: -1.395159870020555e-06 1.9464710629157723e-12
total cost: -7.784149600361497
singles alt: [(4, 0), (5, 1), (6, 0), (7, 1), (8, 0), (9, 1), (10, 0), (11, 1), (4, 2), (5, 3), (6, 2), (7, 3), (8, 2), (9, 3), (10, 2), (11, 3)]
length: 16 76
Estimated difference between T3^fnT3 - (T2^WT3 + h.c.) is: -1.3951598700206876e-06 1.946471062916142e-12
total cost: -7.784149600361505
singles alt: [(4, 0), (5, 1), (6, 0), (7, 1), (8, 0), (9, 1), (10, 0), (11, 1), (4, 2), (5, 3), (6, 2), (7, 3), (8, 2), (9, 3), (10, 2), (11, 3)]
length: 16 76
Estimated difference between T3^fnT3 - (T2^WT3 + h.c.) is: -1.3951598700205693e-06 1.946471062915812e-12
total cost: -7.784149600361505
singles alt: [(4, 0), (5, 1), (6, 0), (7, 1), (8, 0), (9, 1), (10, 0), (11, 1), (4, 2), (5, 3), (6, 2), (7, 3), (8, 2), (9, 3), (10, 2), (11, 3)]
length: 16 76
Estimated difference between T3^fnT3 - (T2^WT3 + h.c.) is: -1.395159870020425e-06 1.946471062915409e-12
total cost: -7.784149600361506
singles alt: [(4, 0), (5, 1), (6, 0), (7, 1), (8, 0), (9, 1), (10, 0), (11, 1), (4, 2), (5, 3), (6, 2), (7, 3), (8, 2), (9, 3), (10, 2), (11, 3)]
length: 16 76
Estimated difference between T3^fnT3 - (T2^WT3 + h.c.) is: -1.3951600879101826e-06 1.9464716708975485e-12
total cost: -7.78414960070287
singles alt: [(4, 0), (5, 1), (6, 0), (7, 1), (8, 0), (9, 1), (10, 0), (11, 1), (4, 2), (5, 3), (6, 2), (7, 3), (8, 2), (9, 3), (10, 2), (11, 3)]
length: 16 76
Estimated difference between T3^fnT3 - (T2^WT3 + h.c.) is: -1.3951599245672515e-06 1.946471215118499e-12
total cost: -7.784149600394544
singles alt: [(4, 0), (5, 1), (6, 0), (7, 1), (8, 0), (9, 1), (10, 0), (11, 1), (4, 2), (5, 3), (6, 2), (7, 3), (8, 2), (9, 3), (10, 2), (11, 3)]
length: 16 76
Estimated difference between T3^fnT3 - (T2^WT3 + h.c.) is: -1.3951599245147742e-06 1.9464712149720706e-12
total cost: -7.784149600394532
singles alt: [(4, 0), (5, 1), (6, 0), (7, 1), (8, 0), (9, 1), (10, 0), (11, 1), (4, 2), (5, 3), (6, 2), (7, 3), (8, 2), (9, 3), (10, 2), (11, 3)]
length: 16 76
Estimated difference between T3^fnT3 - (T2^WT3 + h.c.) is: -1.3951600044578242e-06 1.9464714380387562e-12
total cost: -7.784149600272735
singles alt: [(4, 0), (5, 1), (6, 0), (7, 1), (8, 0), (9, 1), (10, 0), (11, 1), (4, 2), (5, 3), (6, 2), (7, 3), (8, 2), (9, 3), (10, 2), (11, 3)]
length: 16 76
Estimated difference between T3^fnT3 - (T2^WT3 + h.c.) is: -1.395159870020926e-06 1.9464710629168074e-12
total cost: -7.784149600361505
singles alt: [(4, 0), (5, 1), (6, 0), (7, 1), (8, 0), (9, 1), (10, 0), (11, 1), (4, 2), (5, 3), (6, 2), (7, 3), (8, 2), (9, 3), (10, 2), (11, 3)]
length: 16 76
Estimated difference between T3^fnT3 - (T2^WT3 + h.c.) is: -1.3951598700196693e-06 1.9464710629133004e-12
total cost: -7.784149600361506
singles alt: [(4, 0), (5, 1), (6, 0), (7, 1), (8, 0), (9, 1), (10, 0), (11, 1), (4, 2), (5, 3), (6, 2), (7, 3), (8, 2), (9, 3), (10, 2), (11, 3)]
length: 16 76
Estimated difference between T3^fnT3 - (T2^WT3 + h.c.) is: -1.3951598700196127e-06 1.946471062913143e-12
total cost: -7.784149600361506
singles alt: [(4, 0), (5, 1), (6, 0), (7, 1), (8, 0), (9, 1), (10, 0), (11, 1), (4, 2), (5, 3), (6, 2), (7, 3), (8, 2), (9, 3), (10, 2), (11, 3)]
length: 16 76
Estimated difference between T3^fnT3 - (T2^WT3 + h.c.) is: -1.3951598700215537e-06 1.9464710629185587e-12
total cost: -7.784149600361505
singles alt: [(4, 0), (5, 1), (6, 0), (7, 1), (8, 0), (9, 1), (10, 0), (11, 1), (4, 2), (5, 3), (6, 2), (7, 3), (8, 2), (9, 3), (10, 2), (11, 3)]
length: 16 76
Estimated difference between T3^fnT3 - (T2^WT3 + h.c.) is: -1.3951597877509459e-06 1.946470833357264e-12
total cost: -7.784149600286842
singles alt: [(4, 0), (5, 1), (6, 0), (7, 1), (8, 0), (9, 1), (10, 0), (11, 1), (4, 2), (5, 3), (6, 2), (7, 3), (8, 2), (9, 3), (10, 2), (11, 3)]
length: 16 76
Estimated difference between T3^fnT3 - (T2^WT3 + h.c.) is: -1.3951597879182575e-06 1.946470833824117e-12
total cost: -7.784149600286795
singles alt: [(4, 0), (5, 1), (6, 0), (7, 1), (8, 0), (9, 1), (10, 0), (11, 1), (4, 2), (5, 3), (6, 2), (7, 3), (8, 2), (9, 3), (10, 2), (11, 3)]
length: 16 76
Estimated difference between T3^fnT3 - (T2^WT3 + h.c.) is: -1.3951598700213242e-06 1.946471062917918e-12
total cost: -7.784149600361505
singles alt: [(4, 0), (5, 1), (6, 0), (7, 1), (8, 0), (9, 1), (10, 0), (11, 1), (4, 2), (5, 3), (6, 2), (7, 3), (8, 2), (9, 3), (10, 2), (11, 3)]
length: 16 76
Estimated difference between T3^fnT3 - (T2^WT3 + h.c.) is: -1.3951598700202637e-06 1.9464710629149592e-12
total cost: -7.784149600361506
singles alt: [(4, 0), (5, 1), (6, 0), (7, 1), (8, 0), (9, 1), (10, 0), (11, 1), (4, 2), (5, 3), (6, 2), (7, 3), (8, 2), (9, 3), (10, 2), (11, 3)]
length: 16 76
Estimated difference between T3^fnT3 - (T2^WT3 + h.c.) is: -1.395159870020808e-06 1.9464710629164775e-12
total cost: -7.784149600361505
singles alt: [(4, 0), (5, 1), (6, 0), (7, 1), (8, 0), (9, 1), (10, 0), (11, 1), (4, 2), (5, 3), (6, 2), (7, 3), (8, 2), (9, 3), (10, 2), (11, 3)]
length: 16 76
Estimated difference between T3^fnT3 - (T2^WT3 + h.c.) is: -1.3951598700214292e-06 1.9464710629182114e-12
total cost: -7.784149600361502
singles alt: [(4, 0), (5, 1), (6, 0), (7, 1), (8, 0), (9, 1), (10, 0), (11, 1), (4, 2), (5, 3), (6, 2), (7, 3), (8, 2), (9, 3), (10, 2), (11, 3)]
length: 16 76
Estimated difference between T3^fnT3 - (T2^WT3 + h.c.) is: -1.395159870020684e-06 1.946471062916132e-12
total cost: -7.784149600361506
singles alt: [(4, 0), (5, 1), (6, 0), (7, 1), (8, 0), (9, 1), (10, 0), (11, 1), (4, 2), (5, 3), (6, 2), (7, 3), (8, 2), (9, 3), (10, 2), (11, 3)]
length: 16 76
Estimated difference between T3^fnT3 - (T2^WT3 + h.c.) is: -1.3951598700203687e-06 1.946471062915252e-12
total cost: -7.784149600361506
singles alt: [(4, 0), (5, 1), (6, 0), (7, 1), (8, 0), (9, 1), (10, 0), (11, 1), (4, 2), (5, 3), (6, 2), (7, 3), (8, 2), (9, 3), (10, 2), (11, 3)]
length: 16 76
Estimated difference between T3^fnT3 - (T2^WT3 + h.c.) is: -1.3951598700203967e-06 1.94647106291533e-12
total cost: -7.784149600366415
singles alt: [(4, 0), (5, 1), (6, 0), (7, 1), (8, 0), (9, 1), (10, 0), (11, 1), (4, 2), (5, 3), (6, 2), (7, 3), (8, 2), (9, 3), (10, 2), (11, 3)]
length: 16 76
Estimated difference between T3^fnT3 - (T2^WT3 + h.c.) is: -1.3951598700203967e-06 1.94647106291533e-12
total cost: -7.78414960036641
singles alt: [(4, 0), (5, 1), (6, 0), (7, 1), (8, 0), (9, 1), (10, 0), (11, 1), (4, 2), (5, 3), (6, 2), (7, 3), (8, 2), (9, 3), (10, 2), (11, 3)]
length: 16 76
Estimated difference between T3^fnT3 - (T2^WT3 + h.c.) is: -1.3951598700203967e-06 1.94647106291533e-12
total cost: -7.784149600361505
singles alt: [(4, 0), (5, 1), (6, 0), (7, 1), (8, 0), (9, 1), (10, 0), (11, 1), (4, 2), (5, 3), (6, 2), (7, 3), (8, 2), (9, 3), (10, 2), (11, 3)]
length: 16 76
Estimated difference between T3^fnT3 - (T2^WT3 + h.c.) is: -1.3951598700203967e-06 1.94647106291533e-12
total cost: -7.7841496003615065
singles alt: [(4, 0), (5, 1), (6, 0), (7, 1), (8, 0), (9, 1), (10, 0), (11, 1), (4, 2), (5, 3), (6, 2), (7, 3), (8, 2), (9, 3), (10, 2), (11, 3)]
length: 16 76
Estimated difference between T3^fnT3 - (T2^WT3 + h.c.) is: -1.3951598700203967e-06 1.94647106291533e-12
total cost: -7.784149600361505
singles alt: [(4, 0), (5, 1), (6, 0), (7, 1), (8, 0), (9, 1), (10, 0), (11, 1), (4, 2), (5, 3), (6, 2), (7, 3), (8, 2), (9, 3), (10, 2), (11, 3)]
length: 16 76
Estimated difference between T3^fnT3 - (T2^WT3 + h.c.) is: -1.3951598700203967e-06 1.94647106291533e-12
total cost: -7.784149600361505
singles alt: [(4, 0), (5, 1), (6, 0), (7, 1), (8, 0), (9, 1), (10, 0), (11, 1), (4, 2), (5, 3), (6, 2), (7, 3), (8, 2), (9, 3), (10, 2), (11, 3)]
length: 16 76
Estimated difference between T3^fnT3 - (T2^WT3 + h.c.) is: -1.3951598700203967e-06 1.94647106291533e-12
total cost: -7.784149600370983
singles alt: [(4, 0), (5, 1), (6, 0), (7, 1), (8, 0), (9, 1), (10, 0), (11, 1), (4, 2), (5, 3), (6, 2), (7, 3), (8, 2), (9, 3), (10, 2), (11, 3)]
length: 16 76
Estimated difference between T3^fnT3 - (T2^WT3 + h.c.) is: -1.3951598700203967e-06 1.94647106291533e-12
total cost: -7.784149600370963
singles alt: [(4, 0), (5, 1), (6, 0), (7, 1), (8, 0), (9, 1), (10, 0), (11, 1), (4, 2), (5, 3), (6, 2), (7, 3), (8, 2), (9, 3), (10, 2), (11, 3)]
length: 16 76
Estimated difference between T3^fnT3 - (T2^WT3 + h.c.) is: -1.3951598700203967e-06 1.94647106291533e-12
total cost: -7.784149600461146
singles alt: [(4, 0), (5, 1), (6, 0), (7, 1), (8, 0), (9, 1), (10, 0), (11, 1), (4, 2), (5, 3), (6, 2), (7, 3), (8, 2), (9, 3), (10, 2), (11, 3)]
length: 16 76
Estimated difference between T3^fnT3 - (T2^WT3 + h.c.) is: -1.3951598700203967e-06 1.94647106291533e-12
total cost: -7.7841496004610296
singles alt: [(4, 0), (5, 1), (6, 0), (7, 1), (8, 0), (9, 1), (10, 0), (11, 1), (4, 2), (5, 3), (6, 2), (7, 3), (8, 2), (9, 3), (10, 2), (11, 3)]
length: 16 76
Estimated difference between T3^fnT3 - (T2^WT3 + h.c.) is: -1.3951598700203967e-06 1.94647106291533e-12
total cost: -7.784149600361506
singles alt: [(4, 0), (5, 1), (6, 0), (7, 1), (8, 0), (9, 1), (10, 0), (11, 1), (4, 2), (5, 3), (6, 2), (7, 3), (8, 2), (9, 3), (10, 2), (11, 3)]
length: 16 76
Estimated difference between T3^fnT3 - (T2^WT3 + h.c.) is: -1.3951598700203967e-06 1.94647106291533e-12
total cost: -7.784149600361505
singles alt: [(4, 0), (5, 1), (6, 0), (7, 1), (8, 0), (9, 1), (10, 0), (11, 1), (4, 2), (5, 3), (6, 2), (7, 3), (8, 2), (9, 3), (10, 2), (11, 3)]
length: 16 76
Estimated difference between T3^fnT3 - (T2^WT3 + h.c.) is: -1.3951598700203967e-06 1.94647106291533e-12
total cost: -7.784149600361506
singles alt: [(4, 0), (5, 1), (6, 0), (7, 1), (8, 0), (9, 1), (10, 0), (11, 1), (4, 2), (5, 3), (6, 2), (7, 3), (8, 2), (9, 3), (10, 2), (11, 3)]
length: 16 76
Estimated difference between T3^fnT3 - (T2^WT3 + h.c.) is: -1.3951598700203967e-06 1.94647106291533e-12
total cost: -7.784149600361506
singles alt: [(4, 0), (5, 1), (6, 0), (7, 1), (8, 0), (9, 1), (10, 0), (11, 1), (4, 2), (5, 3), (6, 2), (7, 3), (8, 2), (9, 3), (10, 2), (11, 3)]
length: 16 76
Estimated difference between T3^fnT3 - (T2^WT3 + h.c.) is: -1.3951598700203967e-06 1.94647106291533e-12
total cost: -7.784149600362079
singles alt: [(4, 0), (5, 1), (6, 0), (7, 1), (8, 0), (9, 1), (10, 0), (11, 1), (4, 2), (5, 3), (6, 2), (7, 3), (8, 2), (9, 3), (10, 2), (11, 3)]
length: 16 76
Estimated difference between T3^fnT3 - (T2^WT3 + h.c.) is: -1.3951598700203967e-06 1.94647106291533e-12
total cost: -7.784149600362061
singles alt: [(4, 0), (5, 1), (6, 0), (7, 1), (8, 0), (9, 1), (10, 0), (11, 1), (4, 2), (5, 3), (6, 2), (7, 3), (8, 2), (9, 3), (10, 2), (11, 3)]
callback: energy=-7.784148205202
singles alt: [(4, 0), (5, 1), (6, 0), (7, 1), (8, 0), (9, 1), (10, 0), (11, 1), (4, 2), (5, 3), (6, 2), (7, 3), (8, 2), (9, 3), (10, 2), (11, 3)]
length: 16 76
Estimated difference between T3^fnT3 - (T2^WT3 + h.c.) is: -1.7188362594545667e-06 2.9543980868157663e-12
total cost: -7.784255865246675
singles alt: [(4, 0), (5, 1), (6, 0), (7, 1), (8, 0), (9, 1), (10, 0), (11, 1), (4, 2), (5, 3), (6, 2), (7, 3), (8, 2), (9, 3), (10, 2), (11, 3)]
length: 16 76
Estimated difference between T3^fnT3 - (T2^WT3 + h.c.) is: -1.7188365106839038e-06 2.9543989504600176e-12
total cost: -7.784255865252937
singles alt: [(4, 0), (5, 1), (6, 0), (7, 1), (8, 0), (9, 1), (10, 0), (11, 1), (4, 2), (5, 3), (6, 2), (7, 3), (8, 2), (9, 3), (10, 2), (11, 3)]
length: 16 76
Estimated difference between T3^fnT3 - (T2^WT3 + h.c.) is: -1.718836328363903e-06 2.954398323703503e-12
total cost: -7.784255865243761
singles alt: [(4, 0), (5, 1), (6, 0), (7, 1), (8, 0), (9, 1), (10, 0), (11, 1), (4, 2), (5, 3), (6, 2), (7, 3), (8, 2), (9, 3), (10, 2), (11, 3)]
length: 16 76
Estimated difference between T3^fnT3 - (T2^WT3 + h.c.) is: -1.7188363283678537e-06 2.9543983237170843e-12
total cost: -7.784255865243754
singles alt: [(4, 0), (5, 1), (6, 0), (7, 1), (8, 0), (9, 1), (10, 0), (11, 1), (4, 2), (5, 3), (6, 2), (7, 3), (8, 2), (9, 3), (10, 2), (11, 3)]
length: 16 76
Estimated difference between T3^fnT3 - (T2^WT3 + h.c.) is: -1.7188364063324089e-06 2.95439859173371e-12
total cost: -7.7842558652788885
singles alt: [(4, 0), (5, 1), (6, 0), (7, 1), (8, 0), (9, 1), (10, 0), (11, 1), (4, 2), (5, 3), (6, 2), (7, 3), (8, 2), (9, 3), (10, 2), (11, 3)]
length: 16 76
Estimated difference between T3^fnT3 - (T2^WT3 + h.c.) is: -1.7188362594552763e-06 2.9543980868182058e-12
total cost: -7.784255865246671
singles alt: [(4, 0), (5, 1), (6, 0), (7, 1), (8, 0), (9, 1), (10, 0), (11, 1), (4, 2), (5, 3), (6, 2), (7, 3), (8, 2), (9, 3), (10, 2), (11, 3)]
length: 16 76
Estimated difference between T3^fnT3 - (T2^WT3 + h.c.) is: -1.7188362594543301e-06 2.9543980868149532e-12
total cost: -7.784255865246675
singles alt: [(4, 0), (5, 1), (6, 0), (7, 1), (8, 0), (9, 1), (10, 0), (11, 1), (4, 2), (5, 3), (6, 2), (7, 3), (8, 2), (9, 3), (10, 2), (11, 3)]
length: 16 76
Estimated difference between T3^fnT3 - (T2^WT3 + h.c.) is: -1.718836259453916e-06 2.9543980868135295e-12
total cost: -7.784255865246675
singles alt: [(4, 0), (5, 1), (6, 0), (7, 1), (8, 0), (9, 1), (10, 0), (11, 1), (4, 2), (5, 3), (6, 2), (7, 3), (8, 2), (9, 3), (10, 2), (11, 3)]
length: 16 76
Estimated difference between T3^fnT3 - (T2^WT3 + h.c.) is: -1.7188362594546313e-06 2.9543980868159884e-12
total cost: -7.784255865246675
singles alt: [(4, 0), (5, 1), (6, 0), (7, 1), (8, 0), (9, 1), (10, 0), (11, 1), (4, 2), (5, 3), (6, 2), (7, 3), (8, 2), (9, 3), (10, 2), (11, 3)]
length: 16 76
Estimated difference between T3^fnT3 - (T2^WT3 + h.c.) is: -1.7188362594543488e-06 2.9543980868150174e-12
total cost: -7.784255865246675
singles alt: [(4, 0), (5, 1), (6, 0), (7, 1), (8, 0), (9, 1), (10, 0), (11, 1), (4, 2), (5, 3), (6, 2), (7, 3), (8, 2), (9, 3), (10, 2), (11, 3)]
length: 16 76
Estimated difference between T3^fnT3 - (T2^WT3 + h.c.) is: -1.7188362594566641e-06 2.954398086822977e-12
total cost: -7.784255865246673
singles alt: [(4, 0), (5, 1), (6, 0), (7, 1), (8, 0), (9, 1), (10, 0), (11, 1), (4, 2), (5, 3), (6, 2), (7, 3), (8, 2), (9, 3), (10, 2), (11, 3)]
length: 16 76
Estimated difference between T3^fnT3 - (T2^WT3 + h.c.) is: -1.7188362594534755e-06 2.9543980868120153e-12
total cost: -7.784255865246675
singles alt: [(4, 0), (5, 1), (6, 0), (7, 1), (8, 0), (9, 1), (10, 0), (11, 1), (4, 2), (5, 3), (6, 2), (7, 3), (8, 2), (9, 3), (10, 2), (11, 3)]
length: 16 76
Estimated difference between T3^fnT3 - (T2^WT3 + h.c.) is: -1.7188362594545692e-06 2.954398086815775e-12
total cost: -7.784255865246675
singles alt: [(4, 0), (5, 1), (6, 0), (7, 1), (8, 0), (9, 1), (10, 0), (11, 1), (4, 2), (5, 3), (6, 2), (7, 3), (8, 2), (9, 3), (10, 2), (11, 3)]
length: 16 76
Estimated difference between T3^fnT3 - (T2^WT3 + h.c.) is: -1.7188363127479671e-06 2.9543982700210273e-12
total cost: -7.784255865321382
singles alt: [(4, 0), (5, 1), (6, 0), (7, 1), (8, 0), (9, 1), (10, 0), (11, 1), (4, 2), (5, 3), (6, 2), (7, 3), (8, 2), (9, 3), (10, 2), (11, 3)]
length: 16 76
Estimated difference between T3^fnT3 - (T2^WT3 + h.c.) is: -1.7188360202658552e-06 2.9543972645633633e-12
total cost: -7.7842558652880705
singles alt: [(4, 0), (5, 1), (6, 0), (7, 1), (8, 0), (9, 1), (10, 0), (11, 1), (4, 2), (5, 3), (6, 2), (7, 3), (8, 2), (9, 3), (10, 2), (11, 3)]
length: 16 76
Estimated difference between T3^fnT3 - (T2^WT3 + h.c.) is: -1.7188362055760217e-06 2.954397901598976e-12
total cost: -7.784255865253724
singles alt: [(4, 0), (5, 1), (6, 0), (7, 1), (8, 0), (9, 1), (10, 0), (11, 1), (4, 2), (5, 3), (6, 2), (7, 3), (8, 2), (9, 3), (10, 2), (11, 3)]
length: 16 76
Estimated difference between T3^fnT3 - (T2^WT3 + h.c.) is: -1.7188361015884104e-06 2.9543975441236445e-12
total cost: -7.784255865304546
singles alt: [(4, 0), (5, 1), (6, 0), (7, 1), (8, 0), (9, 1), (10, 0), (11, 1), (4, 2), (5, 3), (6, 2), (7, 3), (8, 2), (9, 3), (10, 2), (11, 3)]
length: 16 76
Estimated difference between T3^fnT3 - (T2^WT3 + h.c.) is: -1.7188362594543962e-06 2.9543980868151806e-12
total cost: -7.784255865246675
singles alt: [(4, 0), (5, 1), (6, 0), (7, 1), (8, 0), (9, 1), (10, 0), (11, 1), (4, 2), (5, 3), (6, 2), (7, 3), (8, 2), (9, 3), (10, 2), (11, 3)]
length: 16 76
Estimated difference between T3^fnT3 - (T2^WT3 + h.c.) is: -1.7188362594535403e-06 2.9543980868122382e-12
total cost: -7.784255865246675
singles alt: [(4, 0), (5, 1), (6, 0), (7, 1), (8, 0), (9, 1), (10, 0), (11, 1), (4, 2), (5, 3), (6, 2), (7, 3), (8, 2), (9, 3), (10, 2), (11, 3)]
length: 16 76
Estimated difference between T3^fnT3 - (T2^WT3 + h.c.) is: -1.7188362594564151e-06 2.9543980868221208e-12
total cost: -7.784255865246673
singles alt: [(4, 0), (5, 1), (6, 0), (7, 1), (8, 0), (9, 1), (10, 0), (11, 1), (4, 2), (5, 3), (6, 2), (7, 3), (8, 2), (9, 3), (10, 2), (11, 3)]
length: 16 76
Estimated difference between T3^fnT3 - (T2^WT3 + h.c.) is: -1.7188362594545724e-06 2.954398086815786e-12
total cost: -7.784255865246675
singles alt: [(4, 0), (5, 1), (6, 0), (7, 1), (8, 0), (9, 1), (10, 0), (11, 1), (4, 2), (5, 3), (6, 2), (7, 3), (8, 2), (9, 3), (10, 2), (11, 3)]
length: 16 76
Estimated difference between T3^fnT3 - (T2^WT3 + h.c.) is: -1.7188364959162198e-06 2.9543988996935488e-12
total cost: -7.784255865276956
singles alt: [(4, 0), (5, 1), (6, 0), (7, 1), (8, 0), (9, 1), (10, 0), (11, 1), (4, 2), (5, 3), (6, 2), (7, 3), (8, 2), (9, 3), (10, 2), (11, 3)]
length: 16 76
Estimated difference between T3^fnT3 - (T2^WT3 + h.c.) is: -1.7188365597387471e-06 2.9543991190945317e-12
total cost: -7.784255865261872
singles alt: [(4, 0), (5, 1), (6, 0), (7, 1), (8, 0), (9, 1), (10, 0), (11, 1), (4, 2), (5, 3), (6, 2), (7, 3), (8, 2), (9, 3), (10, 2), (11, 3)]
length: 16 76
Estimated difference between T3^fnT3 - (T2^WT3 + h.c.) is: -1.7188365597233667e-06 2.954399119041659e-12
total cost: -7.784255865261826
singles alt: [(4, 0), (5, 1), (6, 0), (7, 1), (8, 0), (9, 1), (10, 0), (11, 1), (4, 2), (5, 3), (6, 2), (7, 3), (8, 2), (9, 3), (10, 2), (11, 3)]
length: 16 76
Estimated difference between T3^fnT3 - (T2^WT3 + h.c.) is: -1.7188364432806103e-06 2.9543987187495386e-12
total cost: -7.784255865212614
singles alt: [(4, 0), (5, 1), (6, 0), (7, 1), (8, 0), (9, 1), (10, 0), (11, 1), (4, 2), (5, 3), (6, 2), (7, 3), (8, 2), (9, 3), (10, 2), (11, 3)]
length: 16 76
Estimated difference between T3^fnT3 - (T2^WT3 + h.c.) is: -1.7188362594544754e-06 2.954398086815453e-12
total cost: -7.784255865246675
singles alt: [(4, 0), (5, 1), (6, 0), (7, 1), (8, 0), (9, 1), (10, 0), (11, 1), (4, 2), (5, 3), (6, 2), (7, 3), (8, 2), (9, 3), (10, 2), (11, 3)]
length: 16 76
Estimated difference between T3^fnT3 - (T2^WT3 + h.c.) is: -1.7188362594534202e-06 2.9543980868118254e-12
total cost: -7.784255865246675
singles alt: [(4, 0), (5, 1), (6, 0), (7, 1), (8, 0), (9, 1), (10, 0), (11, 1), (4, 2), (5, 3), (6, 2), (7, 3), (8, 2), (9, 3), (10, 2), (11, 3)]
length: 16 76
Estimated difference between T3^fnT3 - (T2^WT3 + h.c.) is: -1.7188362594534166e-06 2.954398086811813e-12
total cost: -7.784255865246675
singles alt: [(4, 0), (5, 1), (6, 0), (7, 1), (8, 0), (9, 1), (10, 0), (11, 1), (4, 2), (5, 3), (6, 2), (7, 3), (8, 2), (9, 3), (10, 2), (11, 3)]
length: 16 76
Estimated difference between T3^fnT3 - (T2^WT3 + h.c.) is: -1.718836259454566e-06 2.9543980868157642e-12
total cost: -7.784255865246675
singles alt: [(4, 0), (5, 1), (6, 0), (7, 1), (8, 0), (9, 1), (10, 0), (11, 1), (4, 2), (5, 3), (6, 2), (7, 3), (8, 2), (9, 3), (10, 2), (11, 3)]
length: 16 76
Estimated difference between T3^fnT3 - (T2^WT3 + h.c.) is: -1.7188362594545207e-06 2.9543980868156083e-12
total cost: -7.784255865246675
singles alt: [(4, 0), (5, 1), (6, 0), (7, 1), (8, 0), (9, 1), (10, 0), (11, 1), (4, 2), (5, 3), (6, 2), (7, 3), (8, 2), (9, 3), (10, 2), (11, 3)]
length: 16 76
Estimated difference between T3^fnT3 - (T2^WT3 + h.c.) is: -1.7188362594546901e-06 2.9543980868161907e-12
total cost: -7.784255865246675
singles alt: [(4, 0), (5, 1), (6, 0), (7, 1), (8, 0), (9, 1), (10, 0), (11, 1), (4, 2), (5, 3), (6, 2), (7, 3), (8, 2), (9, 3), (10, 2), (11, 3)]
length: 16 76
Estimated difference between T3^fnT3 - (T2^WT3 + h.c.) is: -1.7188362594548329e-06 2.9543980868166815e-12
total cost: -7.784255865246675
singles alt: [(4, 0), (5, 1), (6, 0), (7, 1), (8, 0), (9, 1), (10, 0), (11, 1), (4, 2), (5, 3), (6, 2), (7, 3), (8, 2), (9, 3), (10, 2), (11, 3)]
length: 16 76
Estimated difference between T3^fnT3 - (T2^WT3 + h.c.) is: -1.7188362594545898e-06 2.954398086815846e-12
total cost: -7.784255865246675
singles alt: [(4, 0), (5, 1), (6, 0), (7, 1), (8, 0), (9, 1), (10, 0), (11, 1), (4, 2), (5, 3), (6, 2), (7, 3), (8, 2), (9, 3), (10, 2), (11, 3)]
length: 16 76
Estimated difference between T3^fnT3 - (T2^WT3 + h.c.) is: -1.7188362594543962e-06 2.9543980868151806e-12
total cost: -7.784255865246675
singles alt: [(4, 0), (5, 1), (6, 0), (7, 1), (8, 0), (9, 1), (10, 0), (11, 1), (4, 2), (5, 3), (6, 2), (7, 3), (8, 2), (9, 3), (10, 2), (11, 3)]
length: 16 76
Estimated difference between T3^fnT3 - (T2^WT3 + h.c.) is: -1.7188362594535403e-06 2.9543980868122382e-12
total cost: -7.784255865246675
singles alt: [(4, 0), (5, 1), (6, 0), (7, 1), (8, 0), (9, 1), (10, 0), (11, 1), (4, 2), (5, 3), (6, 2), (7, 3), (8, 2), (9, 3), (10, 2), (11, 3)]
length: 16 76
Estimated difference between T3^fnT3 - (T2^WT3 + h.c.) is: -1.7188362594563634e-06 2.954398086821943e-12
total cost: -7.784255865246673
singles alt: [(4, 0), (5, 1), (6, 0), (7, 1), (8, 0), (9, 1), (10, 0), (11, 1), (4, 2), (5, 3), (6, 2), (7, 3), (8, 2), (9, 3), (10, 2), (11, 3)]
length: 16 76
Estimated difference between T3^fnT3 - (T2^WT3 + h.c.) is: -1.7188362594545724e-06 2.954398086815786e-12
total cost: -7.784255865246675
singles alt: [(4, 0), (5, 1), (6, 0), (7, 1), (8, 0), (9, 1), (10, 0), (11, 1), (4, 2), (5, 3), (6, 2), (7, 3), (8, 2), (9, 3), (10, 2), (11, 3)]
length: 16 76
Estimated difference between T3^fnT3 - (T2^WT3 + h.c.) is: -1.7188362594546196e-06 2.9543980868159484e-12
total cost: -7.784255865246675
singles alt: [(4, 0), (5, 1), (6, 0), (7, 1), (8, 0), (9, 1), (10, 0), (11, 1), (4, 2), (5, 3), (6, 2), (7, 3), (8, 2), (9, 3), (10, 2), (11, 3)]
length: 16 76
Estimated difference between T3^fnT3 - (T2^WT3 + h.c.) is: -1.7188362594546164e-06 2.9543980868159375e-12
total cost: -7.784255865246675
singles alt: [(4, 0), (5, 1), (6, 0), (7, 1), (8, 0), (9, 1), (10, 0), (11, 1), (4, 2), (5, 3), (6, 2), (7, 3), (8, 2), (9, 3), (10, 2), (11, 3)]
length: 16 76
Estimated difference between T3^fnT3 - (T2^WT3 + h.c.) is: -1.7188362594537218e-06 2.954398086812862e-12
total cost: -7.784255865246675
singles alt: [(4, 0), (5, 1), (6, 0), (7, 1), (8, 0), (9, 1), (10, 0), (11, 1), (4, 2), (5, 3), (6, 2), (7, 3), (8, 2), (9, 3), (10, 2), (11, 3)]
length: 16 76
Estimated difference between T3^fnT3 - (T2^WT3 + h.c.) is: -1.7188362594545718e-06 2.954398086815784e-12
total cost: -7.784255865246675
singles alt: [(4, 0), (5, 1), (6, 0), (7, 1), (8, 0), (9, 1), (10, 0), (11, 1), (4, 2), (5, 3), (6, 2), (7, 3), (8, 2), (9, 3), (10, 2), (11, 3)]
length: 16 76
Estimated difference between T3^fnT3 - (T2^WT3 + h.c.) is: -1.7188364959311978e-06 2.9543988997450387e-12
total cost: -7.7842558652769265
singles alt: [(4, 0), (5, 1), (6, 0), (7, 1), (8, 0), (9, 1), (10, 0), (11, 1), (4, 2), (5, 3), (6, 2), (7, 3), (8, 2), (9, 3), (10, 2), (11, 3)]
length: 16 76
Estimated difference between T3^fnT3 - (T2^WT3 + h.c.) is: -1.7188365596751957e-06 2.9543991188760628e-12
total cost: -7.784255865262067
singles alt: [(4, 0), (5, 1), (6, 0), (7, 1), (8, 0), (9, 1), (10, 0), (11, 1), (4, 2), (5, 3), (6, 2), (7, 3), (8, 2), (9, 3), (10, 2), (11, 3)]
length: 16 76
Estimated difference between T3^fnT3 - (T2^WT3 + h.c.) is: -1.7188365596637593e-06 2.954399118836748e-12
total cost: -7.78425586526202
singles alt: [(4, 0), (5, 1), (6, 0), (7, 1), (8, 0), (9, 1), (10, 0), (11, 1), (4, 2), (5, 3), (6, 2), (7, 3), (8, 2), (9, 3), (10, 2), (11, 3)]
length: 16 76
Estimated difference between T3^fnT3 - (T2^WT3 + h.c.) is: -1.7188364433333898e-06 2.954398718930977e-12
total cost: -7.784255865212799
singles alt: [(4, 0), (5, 1), (6, 0), (7, 1), (8, 0), (9, 1), (10, 0), (11, 1), (4, 2), (5, 3), (6, 2), (7, 3), (8, 2), (9, 3), (10, 2), (11, 3)]
length: 16 76
Estimated difference between T3^fnT3 - (T2^WT3 + h.c.) is: -1.7188362594545207e-06 2.9543980868156083e-12
total cost: -7.784255865246675
singles alt: [(4, 0), (5, 1), (6, 0), (7, 1), (8, 0), (9, 1), (10, 0), (11, 1), (4, 2), (5, 3), (6, 2), (7, 3), (8, 2), (9, 3), (10, 2), (11, 3)]
length: 16 76
Estimated difference between T3^fnT3 - (T2^WT3 + h.c.) is: -1.7188362594546903e-06 2.9543980868161916e-12
total cost: -7.784255865246675
singles alt: [(4, 0), (5, 1), (6, 0), (7, 1), (8, 0), (9, 1), (10, 0), (11, 1), (4, 2), (5, 3), (6, 2), (7, 3), (8, 2), (9, 3), (10, 2), (11, 3)]
length: 16 76
Estimated difference between T3^fnT3 - (T2^WT3 + h.c.) is: -1.7188362594552053e-06 2.954398086817962e-12
total cost: -7.784255865246673
singles alt: [(4, 0), (5, 1), (6, 0), (7, 1), (8, 0), (9, 1), (10, 0), (11, 1), (4, 2), (5, 3), (6, 2), (7, 3), (8, 2), (9, 3), (10, 2), (11, 3)]
length: 16 76
Estimated difference between T3^fnT3 - (T2^WT3 + h.c.) is: -1.7188362594545895e-06 2.954398086815845e-12
total cost: -7.784255865246675
singles alt: [(4, 0), (5, 1), (6, 0), (7, 1), (8, 0), (9, 1), (10, 0), (11, 1), (4, 2), (5, 3), (6, 2), (7, 3), (8, 2), (9, 3), (10, 2), (11, 3)]
length: 16 76
Estimated difference between T3^fnT3 - (T2^WT3 + h.c.) is: -1.718836312713856e-06 2.9543982699037647e-12
total cost: -7.78425586532131
singles alt: [(4, 0), (5, 1), (6, 0), (7, 1), (8, 0), (9, 1), (10, 0), (11, 1), (4, 2), (5, 3), (6, 2), (7, 3), (8, 2), (9, 3), (10, 2), (11, 3)]
length: 16 76
Estimated difference between T3^fnT3 - (T2^WT3 + h.c.) is: -1.718836205575265e-06 2.954397901596375e-12
total cost: -7.784255865253321
singles alt: [(4, 0), (5, 1), (6, 0), (7, 1), (8, 0), (9, 1), (10, 0), (11, 1), (4, 2), (5, 3), (6, 2), (7, 3), (8, 2), (9, 3), (10, 2), (11, 3)]
length: 16 76
Estimated difference between T3^fnT3 - (T2^WT3 + h.c.) is: -1.7188360204662465e-06 2.954397265252243e-12
total cost: -7.784255865286482
singles alt: [(4, 0), (5, 1), (6, 0), (7, 1), (8, 0), (9, 1), (10, 0), (11, 1), (4, 2), (5, 3), (6, 2), (7, 3), (8, 2), (9, 3), (10, 2), (11, 3)]
length: 16 76
Estimated difference between T3^fnT3 - (T2^WT3 + h.c.) is: -1.7188361013924782e-06 2.9543975434500933e-12
total cost: -7.78425586530396
singles alt: [(4, 0), (5, 1), (6, 0), (7, 1), (8, 0), (9, 1), (10, 0), (11, 1), (4, 2), (5, 3), (6, 2), (7, 3), (8, 2), (9, 3), (10, 2), (11, 3)]
length: 16 76
Estimated difference between T3^fnT3 - (T2^WT3 + h.c.) is: -1.7188362594546181e-06 2.954398086815943e-12
total cost: -7.7842558652466725
singles alt: [(4, 0), (5, 1), (6, 0), (7, 1), (8, 0), (9, 1), (10, 0), (11, 1), (4, 2), (5, 3), (6, 2), (7, 3), (8, 2), (9, 3), (10, 2), (11, 3)]
length: 16 76
Estimated difference between T3^fnT3 - (T2^WT3 + h.c.) is: -1.7188362594531922e-06 2.9543980868110415e-12
total cost: -7.784255865246678
singles alt: [(4, 0), (5, 1), (6, 0), (7, 1), (8, 0), (9, 1), (10, 0), (11, 1), (4, 2), (5, 3), (6, 2), (7, 3), (8, 2), (9, 3), (10, 2), (11, 3)]
length: 16 76
Estimated difference between T3^fnT3 - (T2^WT3 + h.c.) is: -1.718836259454761e-06 2.9543980868164347e-12
total cost: -7.784255865246674
singles alt: [(4, 0), (5, 1), (6, 0), (7, 1), (8, 0), (9, 1), (10, 0), (11, 1), (4, 2), (5, 3), (6, 2), (7, 3), (8, 2), (9, 3), (10, 2), (11, 3)]
length: 16 76
Estimated difference between T3^fnT3 - (T2^WT3 + h.c.) is: -1.7188362594545317e-06 2.9543980868156463e-12
total cost: -7.784255865246676
singles alt: [(4, 0), (5, 1), (6, 0), (7, 1), (8, 0), (9, 1), (10, 0), (11, 1), (4, 2), (5, 3), (6, 2), (7, 3), (8, 2), (9, 3), (10, 2), (11, 3)]
length: 16 76
Estimated difference between T3^fnT3 - (T2^WT3 + h.c.) is: -1.7188362594544409e-06 2.954398086815334e-12
total cost: -7.78425586524668
singles alt: [(4, 0), (5, 1), (6, 0), (7, 1), (8, 0), (9, 1), (10, 0), (11, 1), (4, 2), (5, 3), (6, 2), (7, 3), (8, 2), (9, 3), (10, 2), (11, 3)]
length: 16 76
Estimated difference between T3^fnT3 - (T2^WT3 + h.c.) is: -1.7188362594553004e-06 2.954398086818289e-12
total cost: -7.784255865246673
singles alt: [(4, 0), (5, 1), (6, 0), (7, 1), (8, 0), (9, 1), (10, 0), (11, 1), (4, 2), (5, 3), (6, 2), (7, 3), (8, 2), (9, 3), (10, 2), (11, 3)]
length: 16 76
Estimated difference between T3^fnT3 - (T2^WT3 + h.c.) is: -1.7188362594549478e-06 2.954398086817077e-12
total cost: -7.784255865246673
singles alt: [(4, 0), (5, 1), (6, 0), (7, 1), (8, 0), (9, 1), (10, 0), (11, 1), (4, 2), (5, 3), (6, 2), (7, 3), (8, 2), (9, 3), (10, 2), (11, 3)]
length: 16 76
Estimated difference between T3^fnT3 - (T2^WT3 + h.c.) is: -1.7188362594545775e-06 2.9543980868158034e-12
total cost: -7.784255865246675
singles alt: [(4, 0), (5, 1), (6, 0), (7, 1), (8, 0), (9, 1), (10, 0), (11, 1), (4, 2), (5, 3), (6, 2), (7, 3), (8, 2), (9, 3), (10, 2), (11, 3)]
length: 16 76
Estimated difference between T3^fnT3 - (T2^WT3 + h.c.) is: -1.718836489932441e-06 2.9543988791232746e-12
total cost: -7.784255865068878
singles alt: [(4, 0), (5, 1), (6, 0), (7, 1), (8, 0), (9, 1), (10, 0), (11, 1), (4, 2), (5, 3), (6, 2), (7, 3), (8, 2), (9, 3), (10, 2), (11, 3)]
length: 16 76
Estimated difference between T3^fnT3 - (T2^WT3 + h.c.) is: -1.7188363309114454e-06 2.9543983324611197e-12
total cost: -7.784255865167212
singles alt: [(4, 0), (5, 1), (6, 0), (7, 1), (8, 0), (9, 1), (10, 0), (11, 1), (4, 2), (5, 3), (6, 2), (7, 3), (8, 2), (9, 3), (10, 2), (11, 3)]
length: 16 76
Estimated difference between T3^fnT3 - (T2^WT3 + h.c.) is: -1.71883633092338e-06 2.9543983325021475e-12
total cost: -7.7842558651672
singles alt: [(4, 0), (5, 1), (6, 0), (7, 1), (8, 0), (9, 1), (10, 0), (11, 1), (4, 2), (5, 3), (6, 2), (7, 3), (8, 2), (9, 3), (10, 2), (11, 3)]
length: 16 76
Estimated difference between T3^fnT3 - (T2^WT3 + h.c.) is: -1.7188363931702377e-06 2.954398546486472e-12
total cost: -7.784255865300012
singles alt: [(4, 0), (5, 1), (6, 0), (7, 1), (8, 0), (9, 1), (10, 0), (11, 1), (4, 2), (5, 3), (6, 2), (7, 3), (8, 2), (9, 3), (10, 2), (11, 3)]
length: 16 76
Estimated difference between T3^fnT3 - (T2^WT3 + h.c.) is: -1.7188362594557604e-06 2.95439808681987e-12
total cost: -7.784255865246673
singles alt: [(4, 0), (5, 1), (6, 0), (7, 1), (8, 0), (9, 1), (10, 0), (11, 1), (4, 2), (5, 3), (6, 2), (7, 3), (8, 2), (9, 3), (10, 2), (11, 3)]
length: 16 76
Estimated difference between T3^fnT3 - (T2^WT3 + h.c.) is: -1.7188362594545504e-06 2.9543980868157105e-12
total cost: -7.784255865246675
singles alt: [(4, 0), (5, 1), (6, 0), (7, 1), (8, 0), (9, 1), (10, 0), (11, 1), (4, 2), (5, 3), (6, 2), (7, 3), (8, 2), (9, 3), (10, 2), (11, 3)]
length: 16 76
Estimated difference between T3^fnT3 - (T2^WT3 + h.c.) is: -1.7188362594542128e-06 2.95439808681455e-12
total cost: -7.784255865246675
singles alt: [(4, 0), (5, 1), (6, 0), (7, 1), (8, 0), (9, 1), (10, 0), (11, 1), (4, 2), (5, 3), (6, 2), (7, 3), (8, 2), (9, 3), (10, 2), (11, 3)]
length: 16 76
Estimated difference between T3^fnT3 - (T2^WT3 + h.c.) is: -1.7188362594568757e-06 2.954398086823704e-12
total cost: -7.784255865246673
singles alt: [(4, 0), (5, 1), (6, 0), (7, 1), (8, 0), (9, 1), (10, 0), (11, 1), (4, 2), (5, 3), (6, 2), (7, 3), (8, 2), (9, 3), (10, 2), (11, 3)]
length: 16 76
Estimated difference between T3^fnT3 - (T2^WT3 + h.c.) is: -1.718836116030191e-06 2.954397593769752e-12
total cost: -7.7842558652755125
singles alt: [(4, 0), (5, 1), (6, 0), (7, 1), (8, 0), (9, 1), (10, 0), (11, 1), (4, 2), (5, 3), (6, 2), (7, 3), (8, 2), (9, 3), (10, 2), (11, 3)]
length: 16 76
Estimated difference between T3^fnT3 - (T2^WT3 + h.c.) is: -1.7188361158536942e-06 2.954397593163014e-12
total cost: -7.784255865275425
singles alt: [(4, 0), (5, 1), (6, 0), (7, 1), (8, 0), (9, 1), (10, 0), (11, 1), (4, 2), (5, 3), (6, 2), (7, 3), (8, 2), (9, 3), (10, 2), (11, 3)]
length: 16 76
Estimated difference between T3^fnT3 - (T2^WT3 + h.c.) is: -1.7188362594559048e-06 2.9543980868203662e-12
total cost: -7.784255865246673
singles alt: [(4, 0), (5, 1), (6, 0), (7, 1), (8, 0), (9, 1), (10, 0), (11, 1), (4, 2), (5, 3), (6, 2), (7, 3), (8, 2), (9, 3), (10, 2), (11, 3)]
length: 16 76
Estimated difference between T3^fnT3 - (T2^WT3 + h.c.) is: -1.718836259454778e-06 2.954398086816493e-12
total cost: -7.784255865246675
singles alt: [(4, 0), (5, 1), (6, 0), (7, 1), (8, 0), (9, 1), (10, 0), (11, 1), (4, 2), (5, 3), (6, 2), (7, 3), (8, 2), (9, 3), (10, 2), (11, 3)]
length: 16 76
Estimated difference between T3^fnT3 - (T2^WT3 + h.c.) is: -1.7188362594549891e-06 2.9543980868172187e-12
total cost: -7.784255865246673
singles alt: [(4, 0), (5, 1), (6, 0), (7, 1), (8, 0), (9, 1), (10, 0), (11, 1), (4, 2), (5, 3), (6, 2), (7, 3), (8, 2), (9, 3), (10, 2), (11, 3)]
length: 16 76
Estimated difference between T3^fnT3 - (T2^WT3 + h.c.) is: -1.7188362594545015e-06 2.954398086815542e-12
total cost: -7.784255865246676
singles alt: [(4, 0), (5, 1), (6, 0), (7, 1), (8, 0), (9, 1), (10, 0), (11, 1), (4, 2), (5, 3), (6, 2), (7, 3), (8, 2), (9, 3), (10, 2), (11, 3)]
length: 16 76
Estimated difference between T3^fnT3 - (T2^WT3 + h.c.) is: -1.7188362594546749e-06 2.9543980868161382e-12
total cost: -7.784255865246675
singles alt: [(4, 0), (5, 1), (6, 0), (7, 1), (8, 0), (9, 1), (10, 0), (11, 1), (4, 2), (5, 3), (6, 2), (7, 3), (8, 2), (9, 3), (10, 2), (11, 3)]
length: 16 76
Estimated difference between T3^fnT3 - (T2^WT3 + h.c.) is: -1.7188362594542425e-06 2.954398086814652e-12
total cost: -7.784255865246675
singles alt: [(4, 0), (5, 1), (6, 0), (7, 1), (8, 0), (9, 1), (10, 0), (11, 1), (4, 2), (5, 3), (6, 2), (7, 3), (8, 2), (9, 3), (10, 2), (11, 3)]
length: 16 76
Estimated difference between T3^fnT3 - (T2^WT3 + h.c.) is: -1.7188362594545667e-06 2.9543980868157663e-12
total cost: -7.784255865263507
singles alt: [(4, 0), (5, 1), (6, 0), (7, 1), (8, 0), (9, 1), (10, 0), (11, 1), (4, 2), (5, 3), (6, 2), (7, 3), (8, 2), (9, 3), (10, 2), (11, 3)]
length: 16 76
Estimated difference between T3^fnT3 - (T2^WT3 + h.c.) is: -1.7188362594545667e-06 2.9543980868157663e-12
total cost: -7.7842558652634635
singles alt: [(4, 0), (5, 1), (6, 0), (7, 1), (8, 0), (9, 1), (10, 0), (11, 1), (4, 2), (5, 3), (6, 2), (7, 3), (8, 2), (9, 3), (10, 2), (11, 3)]
length: 16 76
Estimated difference between T3^fnT3 - (T2^WT3 + h.c.) is: -1.7188362594545667e-06 2.9543980868157663e-12
total cost: -7.784255865246675
singles alt: [(4, 0), (5, 1), (6, 0), (7, 1), (8, 0), (9, 1), (10, 0), (11, 1), (4, 2), (5, 3), (6, 2), (7, 3), (8, 2), (9, 3), (10, 2), (11, 3)]
length: 16 76
Estimated difference between T3^fnT3 - (T2^WT3 + h.c.) is: -1.7188362594545667e-06 2.9543980868157663e-12
total cost: -7.784255865246674
singles alt: [(4, 0), (5, 1), (6, 0), (7, 1), (8, 0), (9, 1), (10, 0), (11, 1), (4, 2), (5, 3), (6, 2), (7, 3), (8, 2), (9, 3), (10, 2), (11, 3)]
length: 16 76
Estimated difference between T3^fnT3 - (T2^WT3 + h.c.) is: -1.7188362594545667e-06 2.9543980868157663e-12
total cost: -7.784255865246675
singles alt: [(4, 0), (5, 1), (6, 0), (7, 1), (8, 0), (9, 1), (10, 0), (11, 1), (4, 2), (5, 3), (6, 2), (7, 3), (8, 2), (9, 3), (10, 2), (11, 3)]
length: 16 76
Estimated difference between T3^fnT3 - (T2^WT3 + h.c.) is: -1.7188362594545667e-06 2.9543980868157663e-12
total cost: -7.784255865246676
singles alt: [(4, 0), (5, 1), (6, 0), (7, 1), (8, 0), (9, 1), (10, 0), (11, 1), (4, 2), (5, 3), (6, 2), (7, 3), (8, 2), (9, 3), (10, 2), (11, 3)]
length: 16 76
Estimated difference between T3^fnT3 - (T2^WT3 + h.c.) is: -1.7188362594545667e-06 2.9543980868157663e-12
total cost: -7.784255865261523
singles alt: [(4, 0), (5, 1), (6, 0), (7, 1), (8, 0), (9, 1), (10, 0), (11, 1), (4, 2), (5, 3), (6, 2), (7, 3), (8, 2), (9, 3), (10, 2), (11, 3)]
length: 16 76
Estimated difference between T3^fnT3 - (T2^WT3 + h.c.) is: -1.7188362594545667e-06 2.9543980868157663e-12
total cost: -7.784255865261516
singles alt: [(4, 0), (5, 1), (6, 0), (7, 1), (8, 0), (9, 1), (10, 0), (11, 1), (4, 2), (5, 3), (6, 2), (7, 3), (8, 2), (9, 3), (10, 2), (11, 3)]
length: 16 76
Estimated difference between T3^fnT3 - (T2^WT3 + h.c.) is: -1.7188362594545667e-06 2.9543980868157663e-12
total cost: -7.784255865363336
singles alt: [(4, 0), (5, 1), (6, 0), (7, 1), (8, 0), (9, 1), (10, 0), (11, 1), (4, 2), (5, 3), (6, 2), (7, 3), (8, 2), (9, 3), (10, 2), (11, 3)]
length: 16 76
Estimated difference between T3^fnT3 - (T2^WT3 + h.c.) is: -1.7188362594545667e-06 2.9543980868157663e-12
total cost: -7.784255865363242
singles alt: [(4, 0), (5, 1), (6, 0), (7, 1), (8, 0), (9, 1), (10, 0), (11, 1), (4, 2), (5, 3), (6, 2), (7, 3), (8, 2), (9, 3), (10, 2), (11, 3)]
length: 16 76
Estimated difference between T3^fnT3 - (T2^WT3 + h.c.) is: -1.7188362594545667e-06 2.9543980868157663e-12
total cost: -7.784255865246675
singles alt: [(4, 0), (5, 1), (6, 0), (7, 1), (8, 0), (9, 1), (10, 0), (11, 1), (4, 2), (5, 3), (6, 2), (7, 3), (8, 2), (9, 3), (10, 2), (11, 3)]
length: 16 76
Estimated difference between T3^fnT3 - (T2^WT3 + h.c.) is: -1.7188362594545667e-06 2.9543980868157663e-12
total cost: -7.784255865246675
singles alt: [(4, 0), (5, 1), (6, 0), (7, 1), (8, 0), (9, 1), (10, 0), (11, 1), (4, 2), (5, 3), (6, 2), (7, 3), (8, 2), (9, 3), (10, 2), (11, 3)]
length: 16 76
Estimated difference between T3^fnT3 - (T2^WT3 + h.c.) is: -1.7188362594545667e-06 2.9543980868157663e-12
total cost: -7.784255865246675
singles alt: [(4, 0), (5, 1), (6, 0), (7, 1), (8, 0), (9, 1), (10, 0), (11, 1), (4, 2), (5, 3), (6, 2), (7, 3), (8, 2), (9, 3), (10, 2), (11, 3)]
length: 16 76
Estimated difference between T3^fnT3 - (T2^WT3 + h.c.) is: -1.7188362594545667e-06 2.9543980868157663e-12
total cost: -7.784255865246675
singles alt: [(4, 0), (5, 1), (6, 0), (7, 1), (8, 0), (9, 1), (10, 0), (11, 1), (4, 2), (5, 3), (6, 2), (7, 3), (8, 2), (9, 3), (10, 2), (11, 3)]
length: 16 76
Estimated difference between T3^fnT3 - (T2^WT3 + h.c.) is: -1.7188362594545667e-06 2.9543980868157663e-12
total cost: -7.784255865253773
singles alt: [(4, 0), (5, 1), (6, 0), (7, 1), (8, 0), (9, 1), (10, 0), (11, 1), (4, 2), (5, 3), (6, 2), (7, 3), (8, 2), (9, 3), (10, 2), (11, 3)]
length: 16 76
Estimated difference between T3^fnT3 - (T2^WT3 + h.c.) is: -1.7188362594545667e-06 2.9543980868157663e-12
total cost: -7.784255865253768
singles alt: [(4, 0), (5, 1), (6, 0), (7, 1), (8, 0), (9, 1), (10, 0), (11, 1), (4, 2), (5, 3), (6, 2), (7, 3), (8, 2), (9, 3), (10, 2), (11, 3)]
callback: energy=-7.784254146410
singles alt: [(4, 0), (5, 1), (6, 0), (7, 1), (8, 0), (9, 1), (10, 0), (11, 1), (4, 2), (5, 3), (6, 2), (7, 3), (8, 2), (9, 3), (10, 2), (11, 3)]
length: 16 76
Estimated difference between T3^fnT3 - (T2^WT3 + h.c.) is: -1.949597213045563e-06 3.800929293115027e-12
total cost: -7.784196681937328
singles alt: [(4, 0), (5, 1), (6, 0), (7, 1), (8, 0), (9, 1), (10, 0), (11, 1), (4, 2), (5, 3), (6, 2), (7, 3), (8, 2), (9, 3), (10, 2), (11, 3)]
length: 16 76
Estimated difference between T3^fnT3 - (T2^WT3 + h.c.) is: -1.949597376354258e-06 3.800929929887407e-12
total cost: -7.784196682327166
singles alt: [(4, 0), (5, 1), (6, 0), (7, 1), (8, 0), (9, 1), (10, 0), (11, 1), (4, 2), (5, 3), (6, 2), (7, 3), (8, 2), (9, 3), (10, 2), (11, 3)]
length: 16 76
Estimated difference between T3^fnT3 - (T2^WT3 + h.c.) is: -1.9495973150508826e-06 3.8009296908536106e-12
total cost: -7.784196681906835
singles alt: [(4, 0), (5, 1), (6, 0), (7, 1), (8, 0), (9, 1), (10, 0), (11, 1), (4, 2), (5, 3), (6, 2), (7, 3), (8, 2), (9, 3), (10, 2), (11, 3)]
length: 16 76
Estimated difference between T3^fnT3 - (T2^WT3 + h.c.) is: -1.9495973150077347e-06 3.800929690685368e-12
total cost: -7.784196681906909
singles alt: [(4, 0), (5, 1), (6, 0), (7, 1), (8, 0), (9, 1), (10, 0), (11, 1), (4, 2), (5, 3), (6, 2), (7, 3), (8, 2), (9, 3), (10, 2), (11, 3)]
length: 16 76
Estimated difference between T3^fnT3 - (T2^WT3 + h.c.) is: -1.9495973614404266e-06 3.800929871735474e-12
total cost: -7.784196681910105
singles alt: [(4, 0), (5, 1), (6, 0), (7, 1), (8, 0), (9, 1), (10, 0), (11, 1), (4, 2), (5, 3), (6, 2), (7, 3), (8, 2), (9, 3), (10, 2), (11, 3)]
length: 16 76
Estimated difference between T3^fnT3 - (T2^WT3 + h.c.) is: -1.9495972130382366e-06 3.800929293086459e-12
total cost: -7.784196681937351
singles alt: [(4, 0), (5, 1), (6, 0), (7, 1), (8, 0), (9, 1), (10, 0), (11, 1), (4, 2), (5, 3), (6, 2), (7, 3), (8, 2), (9, 3), (10, 2), (11, 3)]
length: 16 76
Estimated difference between T3^fnT3 - (T2^WT3 + h.c.) is: -1.9495972130467866e-06 3.800929293119798e-12
total cost: -7.784196681937327
singles alt: [(4, 0), (5, 1), (6, 0), (7, 1), (8, 0), (9, 1), (10, 0), (11, 1), (4, 2), (5, 3), (6, 2), (7, 3), (8, 2), (9, 3), (10, 2), (11, 3)]
length: 16 76
Estimated difference between T3^fnT3 - (T2^WT3 + h.c.) is: -1.9495972130449638e-06 3.80092929311269e-12
total cost: -7.784196681937328
singles alt: [(4, 0), (5, 1), (6, 0), (7, 1), (8, 0), (9, 1), (10, 0), (11, 1), (4, 2), (5, 3), (6, 2), (7, 3), (8, 2), (9, 3), (10, 2), (11, 3)]
length: 16 76
Estimated difference between T3^fnT3 - (T2^WT3 + h.c.) is: -1.949597213044846e-06 3.800929293112231e-12
total cost: -7.784196681937326
singles alt: [(4, 0), (5, 1), (6, 0), (7, 1), (8, 0), (9, 1), (10, 0), (11, 1), (4, 2), (5, 3), (6, 2), (7, 3), (8, 2), (9, 3), (10, 2), (11, 3)]
length: 16 76
Estimated difference between T3^fnT3 - (T2^WT3 + h.c.) is: -1.9495972130437856e-06 3.800929293108096e-12
total cost: -7.784196681937333
singles alt: [(4, 0), (5, 1), (6, 0), (7, 1), (8, 0), (9, 1), (10, 0), (11, 1), (4, 2), (5, 3), (6, 2), (7, 3), (8, 2), (9, 3), (10, 2), (11, 3)]
length: 16 76
Estimated difference between T3^fnT3 - (T2^WT3 + h.c.) is: -1.9495972130325514e-06 3.800929293064292e-12
total cost: -7.784196681937332
singles alt: [(4, 0), (5, 1), (6, 0), (7, 1), (8, 0), (9, 1), (10, 0), (11, 1), (4, 2), (5, 3), (6, 2), (7, 3), (8, 2), (9, 3), (10, 2), (11, 3)]
length: 16 76
Estimated difference between T3^fnT3 - (T2^WT3 + h.c.) is: -1.9495972130423956e-06 3.800929293102676e-12
total cost: -7.784196681937329
singles alt: [(4, 0), (5, 1), (6, 0), (7, 1), (8, 0), (9, 1), (10, 0), (11, 1), (4, 2), (5, 3), (6, 2), (7, 3), (8, 2), (9, 3), (10, 2), (11, 3)]
length: 16 76
Estimated difference between T3^fnT3 - (T2^WT3 + h.c.) is: -1.9495972130454364e-06 3.8009292931145325e-12
total cost: -7.784196681937327
singles alt: [(4, 0), (5, 1), (6, 0), (7, 1), (8, 0), (9, 1), (10, 0), (11, 1), (4, 2), (5, 3), (6, 2), (7, 3), (8, 2), (9, 3), (10, 2), (11, 3)]
length: 16 76
Estimated difference between T3^fnT3 - (T2^WT3 + h.c.) is: -1.949597265548922e-06 3.800929497835833e-12
total cost: -7.7841966815003465
singles alt: [(4, 0), (5, 1), (6, 0), (7, 1), (8, 0), (9, 1), (10, 0), (11, 1), (4, 2), (5, 3), (6, 2), (7, 3), (8, 2), (9, 3), (10, 2), (11, 3)]
length: 16 76
Estimated difference between T3^fnT3 - (T2^WT3 + h.c.) is: -1.9495969392340377e-06 3.800928225470728e-12
total cost: -7.784196682003084
singles alt: [(4, 0), (5, 1), (6, 0), (7, 1), (8, 0), (9, 1), (10, 0), (11, 1), (4, 2), (5, 3), (6, 2), (7, 3), (8, 2), (9, 3), (10, 2), (11, 3)]
length: 16 76
Estimated difference between T3^fnT3 - (T2^WT3 + h.c.) is: -1.949597183312608e-06 3.800929177180455e-12
total cost: -7.7841966819633015
singles alt: [(4, 0), (5, 1), (6, 0), (7, 1), (8, 0), (9, 1), (10, 0), (11, 1), (4, 2), (5, 3), (6, 2), (7, 3), (8, 2), (9, 3), (10, 2), (11, 3)]
length: 16 76
Estimated difference between T3^fnT3 - (T2^WT3 + h.c.) is: -1.9495970563012043e-06 3.800928681938321e-12
total cost: -7.784196681963007
singles alt: [(4, 0), (5, 1), (6, 0), (7, 1), (8, 0), (9, 1), (10, 0), (11, 1), (4, 2), (5, 3), (6, 2), (7, 3), (8, 2), (9, 3), (10, 2), (11, 3)]
length: 16 76
Estimated difference between T3^fnT3 - (T2^WT3 + h.c.) is: -1.9495972130436e-06 3.800929293107372e-12
total cost: -7.784196681937332
singles alt: [(4, 0), (5, 1), (6, 0), (7, 1), (8, 0), (9, 1), (10, 0), (11, 1), (4, 2), (5, 3), (6, 2), (7, 3), (8, 2), (9, 3), (10, 2), (11, 3)]
length: 16 76
Estimated difference between T3^fnT3 - (T2^WT3 + h.c.) is: -1.949597213042038e-06 3.800929293101282e-12
total cost: -7.7841966819373285
singles alt: [(4, 0), (5, 1), (6, 0), (7, 1), (8, 0), (9, 1), (10, 0), (11, 1), (4, 2), (5, 3), (6, 2), (7, 3), (8, 2), (9, 3), (10, 2), (11, 3)]
length: 16 76
Estimated difference between T3^fnT3 - (T2^WT3 + h.c.) is: -1.9495972130352547e-06 3.800929293074832e-12
total cost: -7.784196681937331
singles alt: [(4, 0), (5, 1), (6, 0), (7, 1), (8, 0), (9, 1), (10, 0), (11, 1), (4, 2), (5, 3), (6, 2), (7, 3), (8, 2), (9, 3), (10, 2), (11, 3)]
length: 16 76
Estimated difference between T3^fnT3 - (T2^WT3 + h.c.) is: -1.949597213045409e-06 3.800929293114426e-12
total cost: -7.784196681937327
singles alt: [(4, 0), (5, 1), (6, 0), (7, 1), (8, 0), (9, 1), (10, 0), (11, 1), (4, 2), (5, 3), (6, 2), (7, 3), (8, 2), (9, 3), (10, 2), (11, 3)]
length: 16 76
Estimated difference between T3^fnT3 - (T2^WT3 + h.c.) is: -1.949597445263058e-06 3.800930198576242e-12
total cost: -7.784196681924481
singles alt: [(4, 0), (5, 1), (6, 0), (7, 1), (8, 0), (9, 1), (10, 0), (11, 1), (4, 2), (5, 3), (6, 2), (7, 3), (8, 2), (9, 3), (10, 2), (11, 3)]
length: 16 76
Estimated difference between T3^fnT3 - (T2^WT3 + h.c.) is: -1.9495976748315007e-06 3.8009310937083934e-12
total cost: -7.784196681821052
singles alt: [(4, 0), (5, 1), (6, 0), (7, 1), (8, 0), (9, 1), (10, 0), (11, 1), (4, 2), (5, 3), (6, 2), (7, 3), (8, 2), (9, 3), (10, 2), (11, 3)]
length: 16 76
Estimated difference between T3^fnT3 - (T2^WT3 + h.c.) is: -1.949597675094507e-06 3.800931094733907e-12
total cost: -7.784196681821104
singles alt: [(4, 0), (5, 1), (6, 0), (7, 1), (8, 0), (9, 1), (10, 0), (11, 1), (4, 2), (5, 3), (6, 2), (7, 3), (8, 2), (9, 3), (10, 2), (11, 3)]
length: 16 76
Estimated difference between T3^fnT3 - (T2^WT3 + h.c.) is: -1.949597409951657e-06 3.800930060890209e-12
total cost: -7.78419668187327
singles alt: [(4, 0), (5, 1), (6, 0), (7, 1), (8, 0), (9, 1), (10, 0), (11, 1), (4, 2), (5, 3), (6, 2), (7, 3), (8, 2), (9, 3), (10, 2), (11, 3)]
length: 16 76
Estimated difference between T3^fnT3 - (T2^WT3 + h.c.) is: -1.9495972130442756e-06 3.800929293110006e-12
total cost: -7.784196681937333
singles alt: [(4, 0), (5, 1), (6, 0), (7, 1), (8, 0), (9, 1), (10, 0), (11, 1), (4, 2), (5, 3), (6, 2), (7, 3), (8, 2), (9, 3), (10, 2), (11, 3)]
length: 16 76
Estimated difference between T3^fnT3 - (T2^WT3 + h.c.) is: -1.949597213040135e-06 3.800929293093861e-12
total cost: -7.784196681937329
singles alt: [(4, 0), (5, 1), (6, 0), (7, 1), (8, 0), (9, 1), (10, 0), (11, 1), (4, 2), (5, 3), (6, 2), (7, 3), (8, 2), (9, 3), (10, 2), (11, 3)]
length: 16 76
Estimated difference between T3^fnT3 - (T2^WT3 + h.c.) is: -1.949597213041419e-06 3.800929293098868e-12
total cost: -7.784196681937329
singles alt: [(4, 0), (5, 1), (6, 0), (7, 1), (8, 0), (9, 1), (10, 0), (11, 1), (4, 2), (5, 3), (6, 2), (7, 3), (8, 2), (9, 3), (10, 2), (11, 3)]
length: 16 76
Estimated difference between T3^fnT3 - (T2^WT3 + h.c.) is: -1.949597213045416e-06 3.800929293114453e-12
total cost: -7.784196681937327
singles alt: [(4, 0), (5, 1), (6, 0), (7, 1), (8, 0), (9, 1), (10, 0), (11, 1), (4, 2), (5, 3), (6, 2), (7, 3), (8, 2), (9, 3), (10, 2), (11, 3)]
length: 16 76
Estimated difference between T3^fnT3 - (T2^WT3 + h.c.) is: -1.949597213045182e-06 3.8009292931135405e-12
total cost: -7.784196681937341
singles alt: [(4, 0), (5, 1), (6, 0), (7, 1), (8, 0), (9, 1), (10, 0), (11, 1), (4, 2), (5, 3), (6, 2), (7, 3), (8, 2), (9, 3), (10, 2), (11, 3)]
length: 16 76
Estimated difference between T3^fnT3 - (T2^WT3 + h.c.) is: -1.9495972130458417e-06 3.800929293116113e-12
total cost: -7.784196681937328
singles alt: [(4, 0), (5, 1), (6, 0), (7, 1), (8, 0), (9, 1), (10, 0), (11, 1), (4, 2), (5, 3), (6, 2), (7, 3), (8, 2), (9, 3), (10, 2), (11, 3)]
length: 16 76
Estimated difference between T3^fnT3 - (T2^WT3 + h.c.) is: -1.9495972130440295e-06 3.800929293109047e-12
total cost: -7.784196681937328
singles alt: [(4, 0), (5, 1), (6, 0), (7, 1), (8, 0), (9, 1), (10, 0), (11, 1), (4, 2), (5, 3), (6, 2), (7, 3), (8, 2), (9, 3), (10, 2), (11, 3)]
length: 16 76
Estimated difference between T3^fnT3 - (T2^WT3 + h.c.) is: -1.9495972130455775e-06 3.8009292931150826e-12
total cost: -7.784196681937327
singles alt: [(4, 0), (5, 1), (6, 0), (7, 1), (8, 0), (9, 1), (10, 0), (11, 1), (4, 2), (5, 3), (6, 2), (7, 3), (8, 2), (9, 3), (10, 2), (11, 3)]
length: 16 76
Estimated difference between T3^fnT3 - (T2^WT3 + h.c.) is: -1.9495972130436e-06 3.800929293107372e-12
total cost: -7.784196681937332
singles alt: [(4, 0), (5, 1), (6, 0), (7, 1), (8, 0), (9, 1), (10, 0), (11, 1), (4, 2), (5, 3), (6, 2), (7, 3), (8, 2), (9, 3), (10, 2), (11, 3)]
length: 16 76
Estimated difference between T3^fnT3 - (T2^WT3 + h.c.) is: -1.949597213042038e-06 3.800929293101282e-12
total cost: -7.784196681937329
singles alt: [(4, 0), (5, 1), (6, 0), (7, 1), (8, 0), (9, 1), (10, 0), (11, 1), (4, 2), (5, 3), (6, 2), (7, 3), (8, 2), (9, 3), (10, 2), (11, 3)]
length: 16 76
Estimated difference between T3^fnT3 - (T2^WT3 + h.c.) is: -1.9495972130334035e-06 3.800929293067614e-12
total cost: -7.784196681937332
singles alt: [(4, 0), (5, 1), (6, 0), (7, 1), (8, 0), (9, 1), (10, 0), (11, 1), (4, 2), (5, 3), (6, 2), (7, 3), (8, 2), (9, 3), (10, 2), (11, 3)]
length: 16 76
Estimated difference between T3^fnT3 - (T2^WT3 + h.c.) is: -1.9495972130454093e-06 3.8009292931144275e-12
total cost: -7.784196681937327
singles alt: [(4, 0), (5, 1), (6, 0), (7, 1), (8, 0), (9, 1), (10, 0), (11, 1), (4, 2), (5, 3), (6, 2), (7, 3), (8, 2), (9, 3), (10, 2), (11, 3)]
length: 16 76
Estimated difference between T3^fnT3 - (T2^WT3 + h.c.) is: -1.949597213045381e-06 3.800929293114317e-12
total cost: -7.7841966819373285
singles alt: [(4, 0), (5, 1), (6, 0), (7, 1), (8, 0), (9, 1), (10, 0), (11, 1), (4, 2), (5, 3), (6, 2), (7, 3), (8, 2), (9, 3), (10, 2), (11, 3)]
length: 16 76
Estimated difference between T3^fnT3 - (T2^WT3 + h.c.) is: -1.949597213046985e-06 3.80092929312057e-12
total cost: -7.784196681937328
singles alt: [(4, 0), (5, 1), (6, 0), (7, 1), (8, 0), (9, 1), (10, 0), (11, 1), (4, 2), (5, 3), (6, 2), (7, 3), (8, 2), (9, 3), (10, 2), (11, 3)]
length: 16 76
Estimated difference between T3^fnT3 - (T2^WT3 + h.c.) is: -1.9495972130447812e-06 3.800929293111978e-12
total cost: -7.7841966819373285
singles alt: [(4, 0), (5, 1), (6, 0), (7, 1), (8, 0), (9, 1), (10, 0), (11, 1), (4, 2), (5, 3), (6, 2), (7, 3), (8, 2), (9, 3), (10, 2), (11, 3)]
length: 16 76
Estimated difference between T3^fnT3 - (T2^WT3 + h.c.) is: -1.949597213045526e-06 3.800929293114883e-12
total cost: -7.784196681937327
singles alt: [(4, 0), (5, 1), (6, 0), (7, 1), (8, 0), (9, 1), (10, 0), (11, 1), (4, 2), (5, 3), (6, 2), (7, 3), (8, 2), (9, 3), (10, 2), (11, 3)]
length: 16 76
Estimated difference between T3^fnT3 - (T2^WT3 + h.c.) is: -1.9495974452820805e-06 3.800930198650415e-12
total cost: -7.784196681924875
singles alt: [(4, 0), (5, 1), (6, 0), (7, 1), (8, 0), (9, 1), (10, 0), (11, 1), (4, 2), (5, 3), (6, 2), (7, 3), (8, 2), (9, 3), (10, 2), (11, 3)]
length: 16 76
Estimated difference between T3^fnT3 - (T2^WT3 + h.c.) is: -1.949597675405151e-06 3.800931095945169e-12
total cost: -7.784196681820939
singles alt: [(4, 0), (5, 1), (6, 0), (7, 1), (8, 0), (9, 1), (10, 0), (11, 1), (4, 2), (5, 3), (6, 2), (7, 3), (8, 2), (9, 3), (10, 2), (11, 3)]
length: 16 76
Estimated difference between T3^fnT3 - (T2^WT3 + h.c.) is: -1.949597675655502e-06 3.800931096921336e-12
total cost: -7.784196681821003
singles alt: [(4, 0), (5, 1), (6, 0), (7, 1), (8, 0), (9, 1), (10, 0), (11, 1), (4, 2), (5, 3), (6, 2), (7, 3), (8, 2), (9, 3), (10, 2), (11, 3)]
length: 16 76
Estimated difference between T3^fnT3 - (T2^WT3 + h.c.) is: -1.949597410054008e-06 3.800930061289296e-12
total cost: -7.784196681873153
singles alt: [(4, 0), (5, 1), (6, 0), (7, 1), (8, 0), (9, 1), (10, 0), (11, 1), (4, 2), (5, 3), (6, 2), (7, 3), (8, 2), (9, 3), (10, 2), (11, 3)]
length: 16 76
Estimated difference between T3^fnT3 - (T2^WT3 + h.c.) is: -1.9495972130451823e-06 3.800929293113542e-12
total cost: -7.784196681937343
singles alt: [(4, 0), (5, 1), (6, 0), (7, 1), (8, 0), (9, 1), (10, 0), (11, 1), (4, 2), (5, 3), (6, 2), (7, 3), (8, 2), (9, 3), (10, 2), (11, 3)]
length: 16 76
Estimated difference between T3^fnT3 - (T2^WT3 + h.c.) is: -1.949597213045842e-06 3.800929293116115e-12
total cost: -7.784196681937328
singles alt: [(4, 0), (5, 1), (6, 0), (7, 1), (8, 0), (9, 1), (10, 0), (11, 1), (4, 2), (5, 3), (6, 2), (7, 3), (8, 2), (9, 3), (10, 2), (11, 3)]
length: 16 76
Estimated difference between T3^fnT3 - (T2^WT3 + h.c.) is: -1.9495972130404914e-06 3.800929293095251e-12
total cost: -7.784196681937335
singles alt: [(4, 0), (5, 1), (6, 0), (7, 1), (8, 0), (9, 1), (10, 0), (11, 1), (4, 2), (5, 3), (6, 2), (7, 3), (8, 2), (9, 3), (10, 2), (11, 3)]
length: 16 76
Estimated difference between T3^fnT3 - (T2^WT3 + h.c.) is: -1.9495972130455775e-06 3.8009292931150826e-12
total cost: -7.784196681937327
singles alt: [(4, 0), (5, 1), (6, 0), (7, 1), (8, 0), (9, 1), (10, 0), (11, 1), (4, 2), (5, 3), (6, 2), (7, 3), (8, 2), (9, 3), (10, 2), (11, 3)]
length: 16 76
Estimated difference between T3^fnT3 - (T2^WT3 + h.c.) is: -1.9495972654541076e-06 3.800929497466134e-12
total cost: -7.784196681501672
singles alt: [(4, 0), (5, 1), (6, 0), (7, 1), (8, 0), (9, 1), (10, 0), (11, 1), (4, 2), (5, 3), (6, 2), (7, 3), (8, 2), (9, 3), (10, 2), (11, 3)]
length: 16 76
Estimated difference between T3^fnT3 - (T2^WT3 + h.c.) is: -1.9495971832036466e-06 3.800929176755593e-12
total cost: -7.784196681964061
singles alt: [(4, 0), (5, 1), (6, 0), (7, 1), (8, 0), (9, 1), (10, 0), (11, 1), (4, 2), (5, 3), (6, 2), (7, 3), (8, 2), (9, 3), (10, 2), (11, 3)]
length: 16 76
Estimated difference between T3^fnT3 - (T2^WT3 + h.c.) is: -1.949596937777371e-06 3.800928219790902e-12
total cost: -7.784196682006721
singles alt: [(4, 0), (5, 1), (6, 0), (7, 1), (8, 0), (9, 1), (10, 0), (11, 1), (4, 2), (5, 3), (6, 2), (7, 3), (8, 2), (9, 3), (10, 2), (11, 3)]
length: 16 76
Estimated difference between T3^fnT3 - (T2^WT3 + h.c.) is: -1.9495970559345305e-06 3.800928680508589e-12
total cost: -7.78419668196372
singles alt: [(4, 0), (5, 1), (6, 0), (7, 1), (8, 0), (9, 1), (10, 0), (11, 1), (4, 2), (5, 3), (6, 2), (7, 3), (8, 2), (9, 3), (10, 2), (11, 3)]
length: 16 76
Estimated difference between T3^fnT3 - (T2^WT3 + h.c.) is: -1.9495972130447478e-06 3.800929293111847e-12
total cost: -7.784196681937349
singles alt: [(4, 0), (5, 1), (6, 0), (7, 1), (8, 0), (9, 1), (10, 0), (11, 1), (4, 2), (5, 3), (6, 2), (7, 3), (8, 2), (9, 3), (10, 2), (11, 3)]
length: 16 76
Estimated difference between T3^fnT3 - (T2^WT3 + h.c.) is: -1.949597213048679e-06 3.800929293127176e-12
total cost: -7.78419668193732
singles alt: [(4, 0), (5, 1), (6, 0), (7, 1), (8, 0), (9, 1), (10, 0), (11, 1), (4, 2), (5, 3), (6, 2), (7, 3), (8, 2), (9, 3), (10, 2), (11, 3)]
length: 16 76
Estimated difference between T3^fnT3 - (T2^WT3 + h.c.) is: -1.949597213045595e-06 3.8009292931151504e-12
total cost: -7.784196681937327
singles alt: [(4, 0), (5, 1), (6, 0), (7, 1), (8, 0), (9, 1), (10, 0), (11, 1), (4, 2), (5, 3), (6, 2), (7, 3), (8, 2), (9, 3), (10, 2), (11, 3)]
length: 16 76
Estimated difference between T3^fnT3 - (T2^WT3 + h.c.) is: -1.9495972130456846e-06 3.8009292931155e-12
total cost: -7.784196681937328
singles alt: [(4, 0), (5, 1), (6, 0), (7, 1), (8, 0), (9, 1), (10, 0), (11, 1), (4, 2), (5, 3), (6, 2), (7, 3), (8, 2), (9, 3), (10, 2), (11, 3)]
length: 16 76
Estimated difference between T3^fnT3 - (T2^WT3 + h.c.) is: -1.9495972130455554e-06 3.800929293114997e-12
total cost: -7.784196681937322
singles alt: [(4, 0), (5, 1), (6, 0), (7, 1), (8, 0), (9, 1), (10, 0), (11, 1), (4, 2), (5, 3), (6, 2), (7, 3), (8, 2), (9, 3), (10, 2), (11, 3)]
length: 16 76
Estimated difference between T3^fnT3 - (T2^WT3 + h.c.) is: -1.9495972130402204e-06 3.800929293094195e-12
total cost: -7.784196681937335
singles alt: [(4, 0), (5, 1), (6, 0), (7, 1), (8, 0), (9, 1), (10, 0), (11, 1), (4, 2), (5, 3), (6, 2), (7, 3), (8, 2), (9, 3), (10, 2), (11, 3)]
length: 16 76
Estimated difference between T3^fnT3 - (T2^WT3 + h.c.) is: -1.9495972130444166e-06 3.8009292931105565e-12
total cost: -7.784196681937335
singles alt: [(4, 0), (5, 1), (6, 0), (7, 1), (8, 0), (9, 1), (10, 0), (11, 1), (4, 2), (5, 3), (6, 2), (7, 3), (8, 2), (9, 3), (10, 2), (11, 3)]
length: 16 76
Estimated difference between T3^fnT3 - (T2^WT3 + h.c.) is: -1.949597213045684e-06 3.8009292931154986e-12
total cost: -7.784196681937327
singles alt: [(4, 0), (5, 1), (6, 0), (7, 1), (8, 0), (9, 1), (10, 0), (11, 1), (4, 2), (5, 3), (6, 2), (7, 3), (8, 2), (9, 3), (10, 2), (11, 3)]
length: 16 76
Estimated difference between T3^fnT3 - (T2^WT3 + h.c.) is: -1.9495974361740203e-06 3.800930163136314e-12
total cost: -7.784196682200686
singles alt: [(4, 0), (5, 1), (6, 0), (7, 1), (8, 0), (9, 1), (10, 0), (11, 1), (4, 2), (5, 3), (6, 2), (7, 3), (8, 2), (9, 3), (10, 2), (11, 3)]
length: 16 76
Estimated difference between T3^fnT3 - (T2^WT3 + h.c.) is: -1.9495972567126225e-06 3.800929463381383e-12
total cost: -7.784196682088396
singles alt: [(4, 0), (5, 1), (6, 0), (7, 1), (8, 0), (9, 1), (10, 0), (11, 1), (4, 2), (5, 3), (6, 2), (7, 3), (8, 2), (9, 3), (10, 2), (11, 3)]
length: 16 76
Estimated difference between T3^fnT3 - (T2^WT3 + h.c.) is: -1.9495972565767923e-06 3.800929462851755e-12
total cost: -7.784196682088464
singles alt: [(4, 0), (5, 1), (6, 0), (7, 1), (8, 0), (9, 1), (10, 0), (11, 1), (4, 2), (5, 3), (6, 2), (7, 3), (8, 2), (9, 3), (10, 2), (11, 3)]
length: 16 76
Estimated difference between T3^fnT3 - (T2^WT3 + h.c.) is: -1.9495973466696095e-06 3.800929814141181e-12
total cost: -7.784196682000288
singles alt: [(4, 0), (5, 1), (6, 0), (7, 1), (8, 0), (9, 1), (10, 0), (11, 1), (4, 2), (5, 3), (6, 2), (7, 3), (8, 2), (9, 3), (10, 2), (11, 3)]
length: 16 76
Estimated difference between T3^fnT3 - (T2^WT3 + h.c.) is: -1.9495972130370034e-06 3.8009292930816504e-12
total cost: -7.784196681937334
singles alt: [(4, 0), (5, 1), (6, 0), (7, 1), (8, 0), (9, 1), (10, 0), (11, 1), (4, 2), (5, 3), (6, 2), (7, 3), (8, 2), (9, 3), (10, 2), (11, 3)]
length: 16 76
Estimated difference between T3^fnT3 - (T2^WT3 + h.c.) is: -1.9495972130464867e-06 3.800929293118628e-12
total cost: -7.784196681937328
singles alt: [(4, 0), (5, 1), (6, 0), (7, 1), (8, 0), (9, 1), (10, 0), (11, 1), (4, 2), (5, 3), (6, 2), (7, 3), (8, 2), (9, 3), (10, 2), (11, 3)]
length: 16 76
Estimated difference between T3^fnT3 - (T2^WT3 + h.c.) is: -1.949597213039675e-06 3.800929293092068e-12
total cost: -7.7841966819373285
singles alt: [(4, 0), (5, 1), (6, 0), (7, 1), (8, 0), (9, 1), (10, 0), (11, 1), (4, 2), (5, 3), (6, 2), (7, 3), (8, 2), (9, 3), (10, 2), (11, 3)]
length: 16 76
Estimated difference between T3^fnT3 - (T2^WT3 + h.c.) is: -1.9495972130321312e-06 3.8009292930626535e-12
total cost: -7.784196681937334
singles alt: [(4, 0), (5, 1), (6, 0), (7, 1), (8, 0), (9, 1), (10, 0), (11, 1), (4, 2), (5, 3), (6, 2), (7, 3), (8, 2), (9, 3), (10, 2), (11, 3)]
length: 16 76
Estimated difference between T3^fnT3 - (T2^WT3 + h.c.) is: -1.9495970258424535e-06 3.80092856317374e-12
total cost: -7.784196681987778
singles alt: [(4, 0), (5, 1), (6, 0), (7, 1), (8, 0), (9, 1), (10, 0), (11, 1), (4, 2), (5, 3), (6, 2), (7, 3), (8, 2), (9, 3), (10, 2), (11, 3)]
length: 16 76
Estimated difference between T3^fnT3 - (T2^WT3 + h.c.) is: -1.9495970271514692e-06 3.800928568277847e-12
total cost: -7.784196681988236
singles alt: [(4, 0), (5, 1), (6, 0), (7, 1), (8, 0), (9, 1), (10, 0), (11, 1), (4, 2), (5, 3), (6, 2), (7, 3), (8, 2), (9, 3), (10, 2), (11, 3)]
length: 16 76
Estimated difference between T3^fnT3 - (T2^WT3 + h.c.) is: -1.9495972130372554e-06 3.8009292930826335e-12
total cost: -7.784196681937334
singles alt: [(4, 0), (5, 1), (6, 0), (7, 1), (8, 0), (9, 1), (10, 0), (11, 1), (4, 2), (5, 3), (6, 2), (7, 3), (8, 2), (9, 3), (10, 2), (11, 3)]
length: 16 76
Estimated difference between T3^fnT3 - (T2^WT3 + h.c.) is: -1.9495972130462665e-06 3.800929293117769e-12
total cost: -7.784196681937328
singles alt: [(4, 0), (5, 1), (6, 0), (7, 1), (8, 0), (9, 1), (10, 0), (11, 1), (4, 2), (5, 3), (6, 2), (7, 3), (8, 2), (9, 3), (10, 2), (11, 3)]
length: 16 76
Estimated difference between T3^fnT3 - (T2^WT3 + h.c.) is: -1.9495972130458396e-06 3.800929293116105e-12
total cost: -7.784196681937335
singles alt: [(4, 0), (5, 1), (6, 0), (7, 1), (8, 0), (9, 1), (10, 0), (11, 1), (4, 2), (5, 3), (6, 2), (7, 3), (8, 2), (9, 3), (10, 2), (11, 3)]
length: 16 76
Estimated difference between T3^fnT3 - (T2^WT3 + h.c.) is: -1.9495972130438436e-06 3.800929293108322e-12
total cost: -7.784196681937331
singles alt: [(4, 0), (5, 1), (6, 0), (7, 1), (8, 0), (9, 1), (10, 0), (11, 1), (4, 2), (5, 3), (6, 2), (7, 3), (8, 2), (9, 3), (10, 2), (11, 3)]
length: 16 76
Estimated difference between T3^fnT3 - (T2^WT3 + h.c.) is: -1.9495972130483443e-06 3.8009292931258715e-12
total cost: -7.7841966819373285
singles alt: [(4, 0), (5, 1), (6, 0), (7, 1), (8, 0), (9, 1), (10, 0), (11, 1), (4, 2), (5, 3), (6, 2), (7, 3), (8, 2), (9, 3), (10, 2), (11, 3)]
length: 16 76
Estimated difference between T3^fnT3 - (T2^WT3 + h.c.) is: -1.9495972130495687e-06 3.8009292931306455e-12
total cost: -7.784196681937328
singles alt: [(4, 0), (5, 1), (6, 0), (7, 1), (8, 0), (9, 1), (10, 0), (11, 1), (4, 2), (5, 3), (6, 2), (7, 3), (8, 2), (9, 3), (10, 2), (11, 3)]
length: 16 76
Estimated difference between T3^fnT3 - (T2^WT3 + h.c.) is: -1.949597213045563e-06 3.800929293115027e-12
total cost: -7.784196681907986
singles alt: [(4, 0), (5, 1), (6, 0), (7, 1), (8, 0), (9, 1), (10, 0), (11, 1), (4, 2), (5, 3), (6, 2), (7, 3), (8, 2), (9, 3), (10, 2), (11, 3)]
length: 16 76
Estimated difference between T3^fnT3 - (T2^WT3 + h.c.) is: -1.949597213045563e-06 3.800929293115027e-12
total cost: -7.784196681908205
singles alt: [(4, 0), (5, 1), (6, 0), (7, 1), (8, 0), (9, 1), (10, 0), (11, 1), (4, 2), (5, 3), (6, 2), (7, 3), (8, 2), (9, 3), (10, 2), (11, 3)]
length: 16 76
Estimated difference between T3^fnT3 - (T2^WT3 + h.c.) is: -1.949597213045563e-06 3.800929293115027e-12
total cost: -7.7841966819373285
singles alt: [(4, 0), (5, 1), (6, 0), (7, 1), (8, 0), (9, 1), (10, 0), (11, 1), (4, 2), (5, 3), (6, 2), (7, 3), (8, 2), (9, 3), (10, 2), (11, 3)]
length: 16 76
Estimated difference between T3^fnT3 - (T2^WT3 + h.c.) is: -1.949597213045563e-06 3.800929293115027e-12
total cost: -7.784196681937328
singles alt: [(4, 0), (5, 1), (6, 0), (7, 1), (8, 0), (9, 1), (10, 0), (11, 1), (4, 2), (5, 3), (6, 2), (7, 3), (8, 2), (9, 3), (10, 2), (11, 3)]
length: 16 76
Estimated difference between T3^fnT3 - (T2^WT3 + h.c.) is: -1.949597213045563e-06 3.800929293115027e-12
total cost: -7.784196681937328
singles alt: [(4, 0), (5, 1), (6, 0), (7, 1), (8, 0), (9, 1), (10, 0), (11, 1), (4, 2), (5, 3), (6, 2), (7, 3), (8, 2), (9, 3), (10, 2), (11, 3)]
length: 16 76
Estimated difference between T3^fnT3 - (T2^WT3 + h.c.) is: -1.949597213045563e-06 3.800929293115027e-12
total cost: -7.784196681937326
singles alt: [(4, 0), (5, 1), (6, 0), (7, 1), (8, 0), (9, 1), (10, 0), (11, 1), (4, 2), (5, 3), (6, 2), (7, 3), (8, 2), (9, 3), (10, 2), (11, 3)]
length: 16 76
Estimated difference between T3^fnT3 - (T2^WT3 + h.c.) is: -1.949597213045563e-06 3.800929293115027e-12
total cost: -7.7841966818856
singles alt: [(4, 0), (5, 1), (6, 0), (7, 1), (8, 0), (9, 1), (10, 0), (11, 1), (4, 2), (5, 3), (6, 2), (7, 3), (8, 2), (9, 3), (10, 2), (11, 3)]
length: 16 76
Estimated difference between T3^fnT3 - (T2^WT3 + h.c.) is: -1.949597213045563e-06 3.800929293115027e-12
total cost: -7.784196681885688
singles alt: [(4, 0), (5, 1), (6, 0), (7, 1), (8, 0), (9, 1), (10, 0), (11, 1), (4, 2), (5, 3), (6, 2), (7, 3), (8, 2), (9, 3), (10, 2), (11, 3)]
length: 16 76
Estimated difference between T3^fnT3 - (T2^WT3 + h.c.) is: -1.949597213045563e-06 3.800929293115027e-12
total cost: -7.784196682019429
singles alt: [(4, 0), (5, 1), (6, 0), (7, 1), (8, 0), (9, 1), (10, 0), (11, 1), (4, 2), (5, 3), (6, 2), (7, 3), (8, 2), (9, 3), (10, 2), (11, 3)]
length: 16 76
Estimated difference between T3^fnT3 - (T2^WT3 + h.c.) is: -1.949597213045563e-06 3.800929293115027e-12
total cost: -7.784196682019614
singles alt: [(4, 0), (5, 1), (6, 0), (7, 1), (8, 0), (9, 1), (10, 0), (11, 1), (4, 2), (5, 3), (6, 2), (7, 3), (8, 2), (9, 3), (10, 2), (11, 3)]
length: 16 76
Estimated difference between T3^fnT3 - (T2^WT3 + h.c.) is: -1.949597213045563e-06 3.800929293115027e-12
total cost: -7.784196681937327
singles alt: [(4, 0), (5, 1), (6, 0), (7, 1), (8, 0), (9, 1), (10, 0), (11, 1), (4, 2), (5, 3), (6, 2), (7, 3), (8, 2), (9, 3), (10, 2), (11, 3)]
length: 16 76
Estimated difference between T3^fnT3 - (T2^WT3 + h.c.) is: -1.949597213045563e-06 3.800929293115027e-12
total cost: -7.7841966819373285
singles alt: [(4, 0), (5, 1), (6, 0), (7, 1), (8, 0), (9, 1), (10, 0), (11, 1), (4, 2), (5, 3), (6, 2), (7, 3), (8, 2), (9, 3), (10, 2), (11, 3)]
length: 16 76
Estimated difference between T3^fnT3 - (T2^WT3 + h.c.) is: -1.949597213045563e-06 3.800929293115027e-12
total cost: -7.784196681937327
singles alt: [(4, 0), (5, 1), (6, 0), (7, 1), (8, 0), (9, 1), (10, 0), (11, 1), (4, 2), (5, 3), (6, 2), (7, 3), (8, 2), (9, 3), (10, 2), (11, 3)]
length: 16 76
Estimated difference between T3^fnT3 - (T2^WT3 + h.c.) is: -1.949597213045563e-06 3.800929293115027e-12
total cost: -7.784196681937327
singles alt: [(4, 0), (5, 1), (6, 0), (7, 1), (8, 0), (9, 1), (10, 0), (11, 1), (4, 2), (5, 3), (6, 2), (7, 3), (8, 2), (9, 3), (10, 2), (11, 3)]
length: 16 76
Estimated difference between T3^fnT3 - (T2^WT3 + h.c.) is: -1.949597213045563e-06 3.800929293115027e-12
total cost: -7.784196681950553
singles alt: [(4, 0), (5, 1), (6, 0), (7, 1), (8, 0), (9, 1), (10, 0), (11, 1), (4, 2), (5, 3), (6, 2), (7, 3), (8, 2), (9, 3), (10, 2), (11, 3)]
length: 16 76
Estimated difference between T3^fnT3 - (T2^WT3 + h.c.) is: -1.949597213045563e-06 3.800929293115027e-12
total cost: -7.7841966819506565
singles alt: [(4, 0), (5, 1), (6, 0), (7, 1), (8, 0), (9, 1), (10, 0), (11, 1), (4, 2), (5, 3), (6, 2), (7, 3), (8, 2), (9, 3), (10, 2), (11, 3)]
length: 16 76
Estimated difference between T3^fnT3 - (T2^WT3 + h.c.) is: -1.7961861130611106e-06 3.226284552753581e-12
total cost: -7.7842979097630325
singles alt: [(4, 0), (5, 1), (6, 0), (7, 1), (8, 0), (9, 1), (10, 0), (11, 1), (4, 2), (5, 3), (6, 2), (7, 3), (8, 2), (9, 3), (10, 2), (11, 3)]
length: 16 76
Estimated difference between T3^fnT3 - (T2^WT3 + h.c.) is: -1.7961863298427215e-06 3.2262853315138657e-12
total cost: -7.784297909919626
singles alt: [(4, 0), (5, 1), (6, 0), (7, 1), (8, 0), (9, 1), (10, 0), (11, 1), (4, 2), (5, 3), (6, 2), (7, 3), (8, 2), (9, 3), (10, 2), (11, 3)]
length: 16 76
Estimated difference between T3^fnT3 - (T2^WT3 + h.c.) is: -1.79618619493761e-06 3.22628484688445e-12
total cost: -7.784297909749298
singles alt: [(4, 0), (5, 1), (6, 0), (7, 1), (8, 0), (9, 1), (10, 0), (11, 1), (4, 2), (5, 3), (6, 2), (7, 3), (8, 2), (9, 3), (10, 2), (11, 3)]
length: 16 76
Estimated difference between T3^fnT3 - (T2^WT3 + h.c.) is: -1.7961861949231077e-06 3.226284846832352e-12
total cost: -7.784297909749321
singles alt: [(4, 0), (5, 1), (6, 0), (7, 1), (8, 0), (9, 1), (10, 0), (11, 1), (4, 2), (5, 3), (6, 2), (7, 3), (8, 2), (9, 3), (10, 2), (11, 3)]
length: 16 76
Estimated difference between T3^fnT3 - (T2^WT3 + h.c.) is: -1.7961862605333292e-06 3.2262850825287047e-12
total cost: -7.784297909771707
singles alt: [(4, 0), (5, 1), (6, 0), (7, 1), (8, 0), (9, 1), (10, 0), (11, 1), (4, 2), (5, 3), (6, 2), (7, 3), (8, 2), (9, 3), (10, 2), (11, 3)]
length: 16 76
Estimated difference between T3^fnT3 - (T2^WT3 + h.c.) is: -1.7961861130586712e-06 3.2262845527448176e-12
total cost: -7.784297909763041
singles alt: [(4, 0), (5, 1), (6, 0), (7, 1), (8, 0), (9, 1), (10, 0), (11, 1), (4, 2), (5, 3), (6, 2), (7, 3), (8, 2), (9, 3), (10, 2), (11, 3)]
length: 16 76
Estimated difference between T3^fnT3 - (T2^WT3 + h.c.) is: -1.7961861130614454e-06 3.2262845527547837e-12
total cost: -7.7842979097630325
singles alt: [(4, 0), (5, 1), (6, 0), (7, 1), (8, 0), (9, 1), (10, 0), (11, 1), (4, 2), (5, 3), (6, 2), (7, 3), (8, 2), (9, 3), (10, 2), (11, 3)]
length: 16 76
Estimated difference between T3^fnT3 - (T2^WT3 + h.c.) is: -1.79618611306048e-06 3.2262845527513155e-12
total cost: -7.7842979097630325
singles alt: [(4, 0), (5, 1), (6, 0), (7, 1), (8, 0), (9, 1), (10, 0), (11, 1), (4, 2), (5, 3), (6, 2), (7, 3), (8, 2), (9, 3), (10, 2), (11, 3)]
length: 16 76
Estimated difference between T3^fnT3 - (T2^WT3 + h.c.) is: -1.7961861130608688e-06 3.226284552752712e-12
total cost: -7.7842979097630325
singles alt: [(4, 0), (5, 1), (6, 0), (7, 1), (8, 0), (9, 1), (10, 0), (11, 1), (4, 2), (5, 3), (6, 2), (7, 3), (8, 2), (9, 3), (10, 2), (11, 3)]
length: 16 76
Estimated difference between T3^fnT3 - (T2^WT3 + h.c.) is: -1.7961861130602823e-06 3.226284552750605e-12
total cost: -7.784297909763034
singles alt: [(4, 0), (5, 1), (6, 0), (7, 1), (8, 0), (9, 1), (10, 0), (11, 1), (4, 2), (5, 3), (6, 2), (7, 3), (8, 2), (9, 3), (10, 2), (11, 3)]
length: 16 76
Estimated difference between T3^fnT3 - (T2^WT3 + h.c.) is: -1.7961861130572884e-06 3.22628455273985e-12
total cost: -7.784297909763033
singles alt: [(4, 0), (5, 1), (6, 0), (7, 1), (8, 0), (9, 1), (10, 0), (11, 1), (4, 2), (5, 3), (6, 2), (7, 3), (8, 2), (9, 3), (10, 2), (11, 3)]
length: 16 76
Estimated difference between T3^fnT3 - (T2^WT3 + h.c.) is: -1.796186113059206e-06 3.226284552746739e-12
total cost: -7.784297909763036
singles alt: [(4, 0), (5, 1), (6, 0), (7, 1), (8, 0), (9, 1), (10, 0), (11, 1), (4, 2), (5, 3), (6, 2), (7, 3), (8, 2), (9, 3), (10, 2), (11, 3)]
length: 16 76
Estimated difference between T3^fnT3 - (T2^WT3 + h.c.) is: -1.7961861130610622e-06 3.226284552753407e-12
total cost: -7.7842979097630325
singles alt: [(4, 0), (5, 1), (6, 0), (7, 1), (8, 0), (9, 1), (10, 0), (11, 1), (4, 2), (5, 3), (6, 2), (7, 3), (8, 2), (9, 3), (10, 2), (11, 3)]
length: 16 76
Estimated difference between T3^fnT3 - (T2^WT3 + h.c.) is: -1.7961861660449688e-06 3.2262847430913243e-12
total cost: -7.784297909637229
singles alt: [(4, 0), (5, 1), (6, 0), (7, 1), (8, 0), (9, 1), (10, 0), (11, 1), (4, 2), (5, 3), (6, 2), (7, 3), (8, 2), (9, 3), (10, 2), (11, 3)]
length: 16 76
Estimated difference between T3^fnT3 - (T2^WT3 + h.c.) is: -1.7961858603070154e-06 3.2262836447668527e-12
total cost: -7.784297909813952
singles alt: [(4, 0), (5, 1), (6, 0), (7, 1), (8, 0), (9, 1), (10, 0), (11, 1), (4, 2), (5, 3), (6, 2), (7, 3), (8, 2), (9, 3), (10, 2), (11, 3)]
length: 16 76
Estimated difference between T3^fnT3 - (T2^WT3 + h.c.) is: -1.796186068642922e-06 3.226284393186916e-12
total cost: -7.7842979097775
singles alt: [(4, 0), (5, 1), (6, 0), (7, 1), (8, 0), (9, 1), (10, 0), (11, 1), (4, 2), (5, 3), (6, 2), (7, 3), (8, 2), (9, 3), (10, 2), (11, 3)]
length: 16 76
Estimated difference between T3^fnT3 - (T2^WT3 + h.c.) is: -1.7961859556344796e-06 3.2262839872185487e-12
total cost: -7.784297909808276
singles alt: [(4, 0), (5, 1), (6, 0), (7, 1), (8, 0), (9, 1), (10, 0), (11, 1), (4, 2), (5, 3), (6, 2), (7, 3), (8, 2), (9, 3), (10, 2), (11, 3)]
length: 16 76
Estimated difference between T3^fnT3 - (T2^WT3 + h.c.) is: -1.796186113060238e-06 3.226284552750446e-12
total cost: -7.784297909763034
singles alt: [(4, 0), (5, 1), (6, 0), (7, 1), (8, 0), (9, 1), (10, 0), (11, 1), (4, 2), (5, 3), (6, 2), (7, 3), (8, 2), (9, 3), (10, 2), (11, 3)]
length: 16 76
Estimated difference between T3^fnT3 - (T2^WT3 + h.c.) is: -1.7961861130591049e-06 3.2262845527463754e-12
total cost: -7.784297909763036
singles alt: [(4, 0), (5, 1), (6, 0), (7, 1), (8, 0), (9, 1), (10, 0), (11, 1), (4, 2), (5, 3), (6, 2), (7, 3), (8, 2), (9, 3), (10, 2), (11, 3)]
length: 16 76
Estimated difference between T3^fnT3 - (T2^WT3 + h.c.) is: -1.796186113058196e-06 3.2262845527431103e-12
total cost: -7.784297909763033
singles alt: [(4, 0), (5, 1), (6, 0), (7, 1), (8, 0), (9, 1), (10, 0), (11, 1), (4, 2), (5, 3), (6, 2), (7, 3), (8, 2), (9, 3), (10, 2), (11, 3)]
length: 16 76
Estimated difference between T3^fnT3 - (T2^WT3 + h.c.) is: -1.7961861130610535e-06 3.2262845527533757e-12
total cost: -7.7842979097630325
singles alt: [(4, 0), (5, 1), (6, 0), (7, 1), (8, 0), (9, 1), (10, 0), (11, 1), (4, 2), (5, 3), (6, 2), (7, 3), (8, 2), (9, 3), (10, 2), (11, 3)]
length: 16 76
Estimated difference between T3^fnT3 - (T2^WT3 + h.c.) is: -1.7961863478598818e-06 3.2262853962382202e-12
total cost: -7.784297909776411
singles alt: [(4, 0), (5, 1), (6, 0), (7, 1), (8, 0), (9, 1), (10, 0), (11, 1), (4, 2), (5, 3), (6, 2), (7, 3), (8, 2), (9, 3), (10, 2), (11, 3)]
length: 16 76
Estimated difference between T3^fnT3 - (T2^WT3 + h.c.) is: -1.796186476622448e-06 3.226285858801364e-12
total cost: -7.784297909726724
singles alt: [(4, 0), (5, 1), (6, 0), (7, 1), (8, 0), (9, 1), (10, 0), (11, 1), (4, 2), (5, 3), (6, 2), (7, 3), (8, 2), (9, 3), (10, 2), (11, 3)]
length: 16 76
Estimated difference between T3^fnT3 - (T2^WT3 + h.c.) is: -1.7961864767161406e-06 3.226285859137943e-12
total cost: -7.78429790972671
singles alt: [(4, 0), (5, 1), (6, 0), (7, 1), (8, 0), (9, 1), (10, 0), (11, 1), (4, 2), (5, 3), (6, 2), (7, 3), (8, 2), (9, 3), (10, 2), (11, 3)]
length: 16 76
Estimated difference between T3^fnT3 - (T2^WT3 + h.c.) is: -1.79618630201198e-06 3.2262852315354717e-12
total cost: -7.78429790971718
singles alt: [(4, 0), (5, 1), (6, 0), (7, 1), (8, 0), (9, 1), (10, 0), (11, 1), (4, 2), (5, 3), (6, 2), (7, 3), (8, 2), (9, 3), (10, 2), (11, 3)]
length: 16 76
Estimated difference between T3^fnT3 - (T2^WT3 + h.c.) is: -1.7961861130605508e-06 3.2262845527515695e-12
total cost: -7.784297909763034
singles alt: [(4, 0), (5, 1), (6, 0), (7, 1), (8, 0), (9, 1), (10, 0), (11, 1), (4, 2), (5, 3), (6, 2), (7, 3), (8, 2), (9, 3), (10, 2), (11, 3)]
length: 16 76
Estimated difference between T3^fnT3 - (T2^WT3 + h.c.) is: -1.7961861130582862e-06 3.2262845527434346e-12
total cost: -7.784297909763036
singles alt: [(4, 0), (5, 1), (6, 0), (7, 1), (8, 0), (9, 1), (10, 0), (11, 1), (4, 2), (5, 3), (6, 2), (7, 3), (8, 2), (9, 3), (10, 2), (11, 3)]
length: 16 76
Estimated difference between T3^fnT3 - (T2^WT3 + h.c.) is: -1.796186113058787e-06 3.2262845527452336e-12
total cost: -7.784297909763036
singles alt: [(4, 0), (5, 1), (6, 0), (7, 1), (8, 0), (9, 1), (10, 0), (11, 1), (4, 2), (5, 3), (6, 2), (7, 3), (8, 2), (9, 3), (10, 2), (11, 3)]
length: 16 76
Estimated difference between T3^fnT3 - (T2^WT3 + h.c.) is: -1.796186113061053e-06 3.226284552753374e-12
total cost: -7.7842979097630325
singles alt: [(4, 0), (5, 1), (6, 0), (7, 1), (8, 0), (9, 1), (10, 0), (11, 1), (4, 2), (5, 3), (6, 2), (7, 3), (8, 2), (9, 3), (10, 2), (11, 3)]
length: 16 76
Estimated difference between T3^fnT3 - (T2^WT3 + h.c.) is: -1.7961861130609332e-06 3.2262845527529436e-12
total cost: -7.78429790976304
singles alt: [(4, 0), (5, 1), (6, 0), (7, 1), (8, 0), (9, 1), (10, 0), (11, 1), (4, 2), (5, 3), (6, 2), (7, 3), (8, 2), (9, 3), (10, 2), (11, 3)]
length: 16 76
Estimated difference between T3^fnT3 - (T2^WT3 + h.c.) is: -1.7961861130612945e-06 3.2262845527542413e-12
total cost: -7.784297909763033
singles alt: [(4, 0), (5, 1), (6, 0), (7, 1), (8, 0), (9, 1), (10, 0), (11, 1), (4, 2), (5, 3), (6, 2), (7, 3), (8, 2), (9, 3), (10, 2), (11, 3)]
length: 16 76
Estimated difference between T3^fnT3 - (T2^WT3 + h.c.) is: -1.7961861130606713e-06 3.2262845527520025e-12
total cost: -7.7842979097630325
singles alt: [(4, 0), (5, 1), (6, 0), (7, 1), (8, 0), (9, 1), (10, 0), (11, 1), (4, 2), (5, 3), (6, 2), (7, 3), (8, 2), (9, 3), (10, 2), (11, 3)]
length: 16 76
Estimated difference between T3^fnT3 - (T2^WT3 + h.c.) is: -1.7961861130611297e-06 3.2262845527536496e-12
total cost: -7.7842979097630325
singles alt: [(4, 0), (5, 1), (6, 0), (7, 1), (8, 0), (9, 1), (10, 0), (11, 1), (4, 2), (5, 3), (6, 2), (7, 3), (8, 2), (9, 3), (10, 2), (11, 3)]
length: 16 76
Estimated difference between T3^fnT3 - (T2^WT3 + h.c.) is: -1.7961861130602378e-06 3.2262845527504455e-12
total cost: -7.784297909763034
singles alt: [(4, 0), (5, 1), (6, 0), (7, 1), (8, 0), (9, 1), (10, 0), (11, 1), (4, 2), (5, 3), (6, 2), (7, 3), (8, 2), (9, 3), (10, 2), (11, 3)]
length: 16 76
Estimated difference between T3^fnT3 - (T2^WT3 + h.c.) is: -1.7961861130591049e-06 3.2262845527463754e-12
total cost: -7.784297909763036
singles alt: [(4, 0), (5, 1), (6, 0), (7, 1), (8, 0), (9, 1), (10, 0), (11, 1), (4, 2), (5, 3), (6, 2), (7, 3), (8, 2), (9, 3), (10, 2), (11, 3)]
length: 16 76
Estimated difference between T3^fnT3 - (T2^WT3 + h.c.) is: -1.7961861130574388e-06 3.22628455274039e-12
total cost: -7.784297909763033
singles alt: [(4, 0), (5, 1), (6, 0), (7, 1), (8, 0), (9, 1), (10, 0), (11, 1), (4, 2), (5, 3), (6, 2), (7, 3), (8, 2), (9, 3), (10, 2), (11, 3)]
length: 16 76
Estimated difference between T3^fnT3 - (T2^WT3 + h.c.) is: -1.796186113061053e-06 3.226284552753374e-12
total cost: -7.7842979097630325
singles alt: [(4, 0), (5, 1), (6, 0), (7, 1), (8, 0), (9, 1), (10, 0), (11, 1), (4, 2), (5, 3), (6, 2), (7, 3), (8, 2), (9, 3), (10, 2), (11, 3)]
length: 16 76
Estimated difference between T3^fnT3 - (T2^WT3 + h.c.) is: -1.7961861130610713e-06 3.2262845527534396e-12
total cost: -7.7842979097630325
singles alt: [(4, 0), (5, 1), (6, 0), (7, 1), (8, 0), (9, 1), (10, 0), (11, 1), (4, 2), (5, 3), (6, 2), (7, 3), (8, 2), (9, 3), (10, 2), (11, 3)]
length: 16 76
Estimated difference between T3^fnT3 - (T2^WT3 + h.c.) is: -1.796186113061698e-06 3.2262845527556913e-12
total cost: -7.784297909763033
singles alt: [(4, 0), (5, 1), (6, 0), (7, 1), (8, 0), (9, 1), (10, 0), (11, 1), (4, 2), (5, 3), (6, 2), (7, 3), (8, 2), (9, 3), (10, 2), (11, 3)]
length: 16 76
Estimated difference between T3^fnT3 - (T2^WT3 + h.c.) is: -1.7961861130602894e-06 3.226284552750631e-12
total cost: -7.784297909763033
singles alt: [(4, 0), (5, 1), (6, 0), (7, 1), (8, 0), (9, 1), (10, 0), (11, 1), (4, 2), (5, 3), (6, 2), (7, 3), (8, 2), (9, 3), (10, 2), (11, 3)]
length: 16 76
Estimated difference between T3^fnT3 - (T2^WT3 + h.c.) is: -1.7961861130610992e-06 3.2262845527535397e-12
total cost: -7.7842979097630325
singles alt: [(4, 0), (5, 1), (6, 0), (7, 1), (8, 0), (9, 1), (10, 0), (11, 1), (4, 2), (5, 3), (6, 2), (7, 3), (8, 2), (9, 3), (10, 2), (11, 3)]
length: 16 76
Estimated difference between T3^fnT3 - (T2^WT3 + h.c.) is: -1.7961863478764444e-06 3.2262853962977195e-12
total cost: -7.784297909776541
singles alt: [(4, 0), (5, 1), (6, 0), (7, 1), (8, 0), (9, 1), (10, 0), (11, 1), (4, 2), (5, 3), (6, 2), (7, 3), (8, 2), (9, 3), (10, 2), (11, 3)]
length: 16 76
Estimated difference between T3^fnT3 - (T2^WT3 + h.c.) is: -1.7961864768085547e-06 3.2262858594699288e-12
total cost: -7.784297909726789
singles alt: [(4, 0), (5, 1), (6, 0), (7, 1), (8, 0), (9, 1), (10, 0), (11, 1), (4, 2), (5, 3), (6, 2), (7, 3), (8, 2), (9, 3), (10, 2), (11, 3)]
length: 16 76
Estimated difference between T3^fnT3 - (T2^WT3 + h.c.) is: -1.7961864768996882e-06 3.226285859797314e-12
total cost: -7.784297909726784
singles alt: [(4, 0), (5, 1), (6, 0), (7, 1), (8, 0), (9, 1), (10, 0), (11, 1), (4, 2), (5, 3), (6, 2), (7, 3), (8, 2), (9, 3), (10, 2), (11, 3)]
length: 16 76
Estimated difference between T3^fnT3 - (T2^WT3 + h.c.) is: -1.7961863020841819e-06 3.2262852317948477e-12
total cost: -7.784297909717245
singles alt: [(4, 0), (5, 1), (6, 0), (7, 1), (8, 0), (9, 1), (10, 0), (11, 1), (4, 2), (5, 3), (6, 2), (7, 3), (8, 2), (9, 3), (10, 2), (11, 3)]
length: 16 76
Estimated difference between T3^fnT3 - (T2^WT3 + h.c.) is: -1.7961861130609328e-06 3.226284552752942e-12
total cost: -7.78429790976304
singles alt: [(4, 0), (5, 1), (6, 0), (7, 1), (8, 0), (9, 1), (10, 0), (11, 1), (4, 2), (5, 3), (6, 2), (7, 3), (8, 2), (9, 3), (10, 2), (11, 3)]
length: 16 76
Estimated difference between T3^fnT3 - (T2^WT3 + h.c.) is: -1.7961861130612947e-06 3.226284552754242e-12
total cost: -7.784297909763033
singles alt: [(4, 0), (5, 1), (6, 0), (7, 1), (8, 0), (9, 1), (10, 0), (11, 1), (4, 2), (5, 3), (6, 2), (7, 3), (8, 2), (9, 3), (10, 2), (11, 3)]
length: 16 76
Estimated difference between T3^fnT3 - (T2^WT3 + h.c.) is: -1.796186113059511e-06 3.2262845527478347e-12
total cost: -7.784297909763033
singles alt: [(4, 0), (5, 1), (6, 0), (7, 1), (8, 0), (9, 1), (10, 0), (11, 1), (4, 2), (5, 3), (6, 2), (7, 3), (8, 2), (9, 3), (10, 2), (11, 3)]
length: 16 76
Estimated difference between T3^fnT3 - (T2^WT3 + h.c.) is: -1.7961861130611297e-06 3.2262845527536496e-12
total cost: -7.7842979097630325
singles alt: [(4, 0), (5, 1), (6, 0), (7, 1), (8, 0), (9, 1), (10, 0), (11, 1), (4, 2), (5, 3), (6, 2), (7, 3), (8, 2), (9, 3), (10, 2), (11, 3)]
length: 16 76
Estimated difference between T3^fnT3 - (T2^WT3 + h.c.) is: -1.7961861659870741e-06 3.226284742883345e-12
total cost: -7.784297909637694
singles alt: [(4, 0), (5, 1), (6, 0), (7, 1), (8, 0), (9, 1), (10, 0), (11, 1), (4, 2), (5, 3), (6, 2), (7, 3), (8, 2), (9, 3), (10, 2), (11, 3)]
length: 16 76
Estimated difference between T3^fnT3 - (T2^WT3 + h.c.) is: -1.7961860685997704e-06 3.226284393031899e-12
total cost: -7.784297909777545
singles alt: [(4, 0), (5, 1), (6, 0), (7, 1), (8, 0), (9, 1), (10, 0), (11, 1), (4, 2), (5, 3), (6, 2), (7, 3), (8, 2), (9, 3), (10, 2), (11, 3)]
length: 16 76
Estimated difference between T3^fnT3 - (T2^WT3 + h.c.) is: -1.7961858598581637e-06 3.2262836431544107e-12
total cost: -7.784297909814396
singles alt: [(4, 0), (5, 1), (6, 0), (7, 1), (8, 0), (9, 1), (10, 0), (11, 1), (4, 2), (5, 3), (6, 2), (7, 3), (8, 2), (9, 3), (10, 2), (11, 3)]
length: 16 76
Estimated difference between T3^fnT3 - (T2^WT3 + h.c.) is: -1.79618595537165e-06 3.226283986274367e-12
total cost: -7.784297909808199
singles alt: [(4, 0), (5, 1), (6, 0), (7, 1), (8, 0), (9, 1), (10, 0), (11, 1), (4, 2), (5, 3), (6, 2), (7, 3), (8, 2), (9, 3), (10, 2), (11, 3)]
length: 16 76
Estimated difference between T3^fnT3 - (T2^WT3 + h.c.) is: -1.7961861130608218e-06 3.2262845527525433e-12
total cost: -7.784297909763041
singles alt: [(4, 0), (5, 1), (6, 0), (7, 1), (8, 0), (9, 1), (10, 0), (11, 1), (4, 2), (5, 3), (6, 2), (7, 3), (8, 2), (9, 3), (10, 2), (11, 3)]
length: 16 76
Estimated difference between T3^fnT3 - (T2^WT3 + h.c.) is: -1.7961861130614948e-06 3.226284552754961e-12
total cost: -7.7842979097630325
singles alt: [(4, 0), (5, 1), (6, 0), (7, 1), (8, 0), (9, 1), (10, 0), (11, 1), (4, 2), (5, 3), (6, 2), (7, 3), (8, 2), (9, 3), (10, 2), (11, 3)]
length: 16 76
Estimated difference between T3^fnT3 - (T2^WT3 + h.c.) is: -1.796186113061241e-06 3.2262845527540494e-12
total cost: -7.784297909763033
singles alt: [(4, 0), (5, 1), (6, 0), (7, 1), (8, 0), (9, 1), (10, 0), (11, 1), (4, 2), (5, 3), (6, 2), (7, 3), (8, 2), (9, 3), (10, 2), (11, 3)]
length: 16 76
Estimated difference between T3^fnT3 - (T2^WT3 + h.c.) is: -1.796186113061137e-06 3.2262845527536754e-12
total cost: -7.784297909763034
singles alt: [(4, 0), (5, 1), (6, 0), (7, 1), (8, 0), (9, 1), (10, 0), (11, 1), (4, 2), (5, 3), (6, 2), (7, 3), (8, 2), (9, 3), (10, 2), (11, 3)]
length: 16 76
Estimated difference between T3^fnT3 - (T2^WT3 + h.c.) is: -1.7961861130610308e-06 3.226284552753294e-12
total cost: -7.784297909763033
singles alt: [(4, 0), (5, 1), (6, 0), (7, 1), (8, 0), (9, 1), (10, 0), (11, 1), (4, 2), (5, 3), (6, 2), (7, 3), (8, 2), (9, 3), (10, 2), (11, 3)]
length: 16 76
Estimated difference between T3^fnT3 - (T2^WT3 + h.c.) is: -1.7961861130594636e-06 3.2262845527476642e-12
total cost: -7.784297909763033
singles alt: [(4, 0), (5, 1), (6, 0), (7, 1), (8, 0), (9, 1), (10, 0), (11, 1), (4, 2), (5, 3), (6, 2), (7, 3), (8, 2), (9, 3), (10, 2), (11, 3)]
length: 16 76
Estimated difference between T3^fnT3 - (T2^WT3 + h.c.) is: -1.7961861130608934e-06 3.2262845527528006e-12
total cost: -7.784297909763033
singles alt: [(4, 0), (5, 1), (6, 0), (7, 1), (8, 0), (9, 1), (10, 0), (11, 1), (4, 2), (5, 3), (6, 2), (7, 3), (8, 2), (9, 3), (10, 2), (11, 3)]
length: 16 76
Estimated difference between T3^fnT3 - (T2^WT3 + h.c.) is: -1.7961861130611649e-06 3.2262845527537756e-12
total cost: -7.7842979097630325
singles alt: [(4, 0), (5, 1), (6, 0), (7, 1), (8, 0), (9, 1), (10, 0), (11, 1), (4, 2), (5, 3), (6, 2), (7, 3), (8, 2), (9, 3), (10, 2), (11, 3)]
length: 16 76
Estimated difference between T3^fnT3 - (T2^WT3 + h.c.) is: -1.7961863406594485e-06 3.22628537037158e-12
total cost: -7.784297909758197
singles alt: [(4, 0), (5, 1), (6, 0), (7, 1), (8, 0), (9, 1), (10, 0), (11, 1), (4, 2), (5, 3), (6, 2), (7, 3), (8, 2), (9, 3), (10, 2), (11, 3)]
length: 16 76
Estimated difference between T3^fnT3 - (T2^WT3 + h.c.) is: -1.7961861736298052e-06 3.2262847703388807e-12
total cost: -7.784297909773941
singles alt: [(4, 0), (5, 1), (6, 0), (7, 1), (8, 0), (9, 1), (10, 0), (11, 1), (4, 2), (5, 3), (6, 2), (7, 3), (8, 2), (9, 3), (10, 2), (11, 3)]
length: 16 76
Estimated difference between T3^fnT3 - (T2^WT3 + h.c.) is: -1.7961861735838458e-06 3.2262847701737773e-12
total cost: -7.784297909773963
singles alt: [(4, 0), (5, 1), (6, 0), (7, 1), (8, 0), (9, 1), (10, 0), (11, 1), (4, 2), (5, 3), (6, 2), (7, 3), (8, 2), (9, 3), (10, 2), (11, 3)]
length: 16 76
Estimated difference between T3^fnT3 - (T2^WT3 + h.c.) is: -1.796186246740882e-06 3.226285032981097e-12
total cost: -7.784297909820185
singles alt: [(4, 0), (5, 1), (6, 0), (7, 1), (8, 0), (9, 1), (10, 0), (11, 1), (4, 2), (5, 3), (6, 2), (7, 3), (8, 2), (9, 3), (10, 2), (11, 3)]
length: 16 76
Estimated difference between T3^fnT3 - (T2^WT3 + h.c.) is: -1.7961861130584827e-06 3.2262845527441406e-12
total cost: -7.784297909763033
singles alt: [(4, 0), (5, 1), (6, 0), (7, 1), (8, 0), (9, 1), (10, 0), (11, 1), (4, 2), (5, 3), (6, 2), (7, 3), (8, 2), (9, 3), (10, 2), (11, 3)]
length: 16 76
Estimated difference between T3^fnT3 - (T2^WT3 + h.c.) is: -1.7961861130614622e-06 3.226284552754844e-12
total cost: -7.784297909763033
singles alt: [(4, 0), (5, 1), (6, 0), (7, 1), (8, 0), (9, 1), (10, 0), (11, 1), (4, 2), (5, 3), (6, 2), (7, 3), (8, 2), (9, 3), (10, 2), (11, 3)]
length: 16 76
Estimated difference between T3^fnT3 - (T2^WT3 + h.c.) is: -1.7961861130585882e-06 3.2262845527445195e-12
total cost: -7.784297909763033
singles alt: [(4, 0), (5, 1), (6, 0), (7, 1), (8, 0), (9, 1), (10, 0), (11, 1), (4, 2), (5, 3), (6, 2), (7, 3), (8, 2), (9, 3), (10, 2), (11, 3)]
length: 16 76
Estimated difference between T3^fnT3 - (T2^WT3 + h.c.) is: -1.7961861130572524e-06 3.226284552739721e-12
total cost: -7.784297909763033
singles alt: [(4, 0), (5, 1), (6, 0), (7, 1), (8, 0), (9, 1), (10, 0), (11, 1), (4, 2), (5, 3), (6, 2), (7, 3), (8, 2), (9, 3), (10, 2), (11, 3)]
length: 16 76
Estimated difference between T3^fnT3 - (T2^WT3 + h.c.) is: -1.7961859524840183e-06 3.2262839759009198e-12
total cost: -7.784297909800314
singles alt: [(4, 0), (5, 1), (6, 0), (7, 1), (8, 0), (9, 1), (10, 0), (11, 1), (4, 2), (5, 3), (6, 2), (7, 3), (8, 2), (9, 3), (10, 2), (11, 3)]
length: 16 76
Estimated difference between T3^fnT3 - (T2^WT3 + h.c.) is: -1.7961859528895522e-06 3.226283977357749e-12
total cost: -7.784297909800439
singles alt: [(4, 0), (5, 1), (6, 0), (7, 1), (8, 0), (9, 1), (10, 0), (11, 1), (4, 2), (5, 3), (6, 2), (7, 3), (8, 2), (9, 3), (10, 2), (11, 3)]
length: 16 76
Estimated difference between T3^fnT3 - (T2^WT3 + h.c.) is: -1.796186113058669e-06 3.22628455274481e-12
total cost: -7.784297909763033
singles alt: [(4, 0), (5, 1), (6, 0), (7, 1), (8, 0), (9, 1), (10, 0), (11, 1), (4, 2), (5, 3), (6, 2), (7, 3), (8, 2), (9, 3), (10, 2), (11, 3)]
length: 16 76
Estimated difference between T3^fnT3 - (T2^WT3 + h.c.) is: -1.7961861130615143e-06 3.226284552755031e-12
total cost: -7.784297909763033
singles alt: [(4, 0), (5, 1), (6, 0), (7, 1), (8, 0), (9, 1), (10, 0), (11, 1), (4, 2), (5, 3), (6, 2), (7, 3), (8, 2), (9, 3), (10, 2), (11, 3)]
length: 16 76
Estimated difference between T3^fnT3 - (T2^WT3 + h.c.) is: -1.7961861130614761e-06 3.226284552754894e-12
total cost: -7.784297909763033
singles alt: [(4, 0), (5, 1), (6, 0), (7, 1), (8, 0), (9, 1), (10, 0), (11, 1), (4, 2), (5, 3), (6, 2), (7, 3), (8, 2), (9, 3), (10, 2), (11, 3)]
length: 16 76
Estimated difference between T3^fnT3 - (T2^WT3 + h.c.) is: -1.796186113060397e-06 3.2262845527510174e-12
total cost: -7.784297909763035
singles alt: [(4, 0), (5, 1), (6, 0), (7, 1), (8, 0), (9, 1), (10, 0), (11, 1), (4, 2), (5, 3), (6, 2), (7, 3), (8, 2), (9, 3), (10, 2), (11, 3)]
length: 16 76
Estimated difference between T3^fnT3 - (T2^WT3 + h.c.) is: -1.7961861130622656e-06 3.2262845527577298e-12
total cost: -7.784297909763033
singles alt: [(4, 0), (5, 1), (6, 0), (7, 1), (8, 0), (9, 1), (10, 0), (11, 1), (4, 2), (5, 3), (6, 2), (7, 3), (8, 2), (9, 3), (10, 2), (11, 3)]
length: 16 76
Estimated difference between T3^fnT3 - (T2^WT3 + h.c.) is: -1.7961861130624824e-06 3.226284552758509e-12
total cost: -7.784297909763033
singles alt: [(4, 0), (5, 1), (6, 0), (7, 1), (8, 0), (9, 1), (10, 0), (11, 1), (4, 2), (5, 3), (6, 2), (7, 3), (8, 2), (9, 3), (10, 2), (11, 3)]
length: 16 76
Estimated difference between T3^fnT3 - (T2^WT3 + h.c.) is: -1.7961861130611106e-06 3.226284552753581e-12
total cost: -7.7842979097617535
singles alt: [(4, 0), (5, 1), (6, 0), (7, 1), (8, 0), (9, 1), (10, 0), (11, 1), (4, 2), (5, 3), (6, 2), (7, 3), (8, 2), (9, 3), (10, 2), (11, 3)]
length: 16 76
Estimated difference between T3^fnT3 - (T2^WT3 + h.c.) is: -1.7961861130611106e-06 3.226284552753581e-12
total cost: -7.784297909761812
singles alt: [(4, 0), (5, 1), (6, 0), (7, 1), (8, 0), (9, 1), (10, 0), (11, 1), (4, 2), (5, 3), (6, 2), (7, 3), (8, 2), (9, 3), (10, 2), (11, 3)]
length: 16 76
Estimated difference between T3^fnT3 - (T2^WT3 + h.c.) is: -1.7961861130611106e-06 3.226284552753581e-12
total cost: -7.784297909763034
singles alt: [(4, 0), (5, 1), (6, 0), (7, 1), (8, 0), (9, 1), (10, 0), (11, 1), (4, 2), (5, 3), (6, 2), (7, 3), (8, 2), (9, 3), (10, 2), (11, 3)]
length: 16 76
Estimated difference between T3^fnT3 - (T2^WT3 + h.c.) is: -1.7961861130611106e-06 3.226284552753581e-12
total cost: -7.784297909763033
singles alt: [(4, 0), (5, 1), (6, 0), (7, 1), (8, 0), (9, 1), (10, 0), (11, 1), (4, 2), (5, 3), (6, 2), (7, 3), (8, 2), (9, 3), (10, 2), (11, 3)]
length: 16 76
Estimated difference between T3^fnT3 - (T2^WT3 + h.c.) is: -1.7961861130611106e-06 3.226284552753581e-12
total cost: -7.784297909763034
singles alt: [(4, 0), (5, 1), (6, 0), (7, 1), (8, 0), (9, 1), (10, 0), (11, 1), (4, 2), (5, 3), (6, 2), (7, 3), (8, 2), (9, 3), (10, 2), (11, 3)]
length: 16 76
Estimated difference between T3^fnT3 - (T2^WT3 + h.c.) is: -1.7961861130611106e-06 3.226284552753581e-12
total cost: -7.7842979097630325
singles alt: [(4, 0), (5, 1), (6, 0), (7, 1), (8, 0), (9, 1), (10, 0), (11, 1), (4, 2), (5, 3), (6, 2), (7, 3), (8, 2), (9, 3), (10, 2), (11, 3)]
length: 16 76
Estimated difference between T3^fnT3 - (T2^WT3 + h.c.) is: -1.7961861130611106e-06 3.226284552753581e-12
total cost: -7.784297909751835
singles alt: [(4, 0), (5, 1), (6, 0), (7, 1), (8, 0), (9, 1), (10, 0), (11, 1), (4, 2), (5, 3), (6, 2), (7, 3), (8, 2), (9, 3), (10, 2), (11, 3)]
length: 16 76
Estimated difference between T3^fnT3 - (T2^WT3 + h.c.) is: -1.7961861130611106e-06 3.226284552753581e-12
total cost: -7.784297909751857
singles alt: [(4, 0), (5, 1), (6, 0), (7, 1), (8, 0), (9, 1), (10, 0), (11, 1), (4, 2), (5, 3), (6, 2), (7, 3), (8, 2), (9, 3), (10, 2), (11, 3)]
length: 16 76
Estimated difference between T3^fnT3 - (T2^WT3 + h.c.) is: -1.7961861130611106e-06 3.226284552753581e-12
total cost: -7.784297909866127
singles alt: [(4, 0), (5, 1), (6, 0), (7, 1), (8, 0), (9, 1), (10, 0), (11, 1), (4, 2), (5, 3), (6, 2), (7, 3), (8, 2), (9, 3), (10, 2), (11, 3)]
length: 16 76
Estimated difference between T3^fnT3 - (T2^WT3 + h.c.) is: -1.7961861130611106e-06 3.226284552753581e-12
total cost: -7.7842979098661464
singles alt: [(4, 0), (5, 1), (6, 0), (7, 1), (8, 0), (9, 1), (10, 0), (11, 1), (4, 2), (5, 3), (6, 2), (7, 3), (8, 2), (9, 3), (10, 2), (11, 3)]
length: 16 76
Estimated difference between T3^fnT3 - (T2^WT3 + h.c.) is: -1.7961861130611106e-06 3.226284552753581e-12
total cost: -7.7842979097630325
singles alt: [(4, 0), (5, 1), (6, 0), (7, 1), (8, 0), (9, 1), (10, 0), (11, 1), (4, 2), (5, 3), (6, 2), (7, 3), (8, 2), (9, 3), (10, 2), (11, 3)]
length: 16 76
Estimated difference between T3^fnT3 - (T2^WT3 + h.c.) is: -1.7961861130611106e-06 3.226284552753581e-12
total cost: -7.784297909763032
singles alt: [(4, 0), (5, 1), (6, 0), (7, 1), (8, 0), (9, 1), (10, 0), (11, 1), (4, 2), (5, 3), (6, 2), (7, 3), (8, 2), (9, 3), (10, 2), (11, 3)]
length: 16 76
Estimated difference between T3^fnT3 - (T2^WT3 + h.c.) is: -1.7961861130611106e-06 3.226284552753581e-12
total cost: -7.7842979097630325
singles alt: [(4, 0), (5, 1), (6, 0), (7, 1), (8, 0), (9, 1), (10, 0), (11, 1), (4, 2), (5, 3), (6, 2), (7, 3), (8, 2), (9, 3), (10, 2), (11, 3)]
length: 16 76
Estimated difference between T3^fnT3 - (T2^WT3 + h.c.) is: -1.7961861130611106e-06 3.226284552753581e-12
total cost: -7.7842979097630325
singles alt: [(4, 0), (5, 1), (6, 0), (7, 1), (8, 0), (9, 1), (10, 0), (11, 1), (4, 2), (5, 3), (6, 2), (7, 3), (8, 2), (9, 3), (10, 2), (11, 3)]
length: 16 76
Estimated difference between T3^fnT3 - (T2^WT3 + h.c.) is: -1.7961861130611106e-06 3.226284552753581e-12
total cost: -7.784297909772418
singles alt: [(4, 0), (5, 1), (6, 0), (7, 1), (8, 0), (9, 1), (10, 0), (11, 1), (4, 2), (5, 3), (6, 2), (7, 3), (8, 2), (9, 3), (10, 2), (11, 3)]
length: 16 76
Estimated difference between T3^fnT3 - (T2^WT3 + h.c.) is: -1.7961861130611106e-06 3.226284552753581e-12
total cost: -7.7842979097724525
singles alt: [(4, 0), (5, 1), (6, 0), (7, 1), (8, 0), (9, 1), (10, 0), (11, 1), (4, 2), (5, 3), (6, 2), (7, 3), (8, 2), (9, 3), (10, 2), (11, 3)]
callback: energy=-7.784296113577
singles alt: [(4, 0), (5, 1), (6, 0), (7, 1), (8, 0), (9, 1), (10, 0), (11, 1), (4, 2), (5, 3), (6, 2), (7, 3), (8, 2), (9, 3), (10, 2), (11, 3)]
length: 16 76
Estimated difference between T3^fnT3 - (T2^WT3 + h.c.) is: -1.830309966107126e-06 3.3500345720310685e-12
total cost: -7.7843586231377815
singles alt: [(4, 0), (5, 1), (6, 0), (7, 1), (8, 0), (9, 1), (10, 0), (11, 1), (4, 2), (5, 3), (6, 2), (7, 3), (8, 2), (9, 3), (10, 2), (11, 3)]
length: 16 76
Estimated difference between T3^fnT3 - (T2^WT3 + h.c.) is: -1.8303102267012043e-06 3.3500355259670137e-12
total cost: -7.784358623162599
singles alt: [(4, 0), (5, 1), (6, 0), (7, 1), (8, 0), (9, 1), (10, 0), (11, 1), (4, 2), (5, 3), (6, 2), (7, 3), (8, 2), (9, 3), (10, 2), (11, 3)]
length: 16 76
Estimated difference between T3^fnT3 - (T2^WT3 + h.c.) is: -1.8303100420295431e-06 3.350034849954188e-12
total cost: -7.784358623132907
singles alt: [(4, 0), (5, 1), (6, 0), (7, 1), (8, 0), (9, 1), (10, 0), (11, 1), (4, 2), (5, 3), (6, 2), (7, 3), (8, 2), (9, 3), (10, 2), (11, 3)]
length: 16 76
Estimated difference between T3^fnT3 - (T2^WT3 + h.c.) is: -1.830310042056497e-06 3.3500348500528555e-12
total cost: -7.7843586231329365
singles alt: [(4, 0), (5, 1), (6, 0), (7, 1), (8, 0), (9, 1), (10, 0), (11, 1), (4, 2), (5, 3), (6, 2), (7, 3), (8, 2), (9, 3), (10, 2), (11, 3)]
length: 16 76
Estimated difference between T3^fnT3 - (T2^WT3 + h.c.) is: -1.8303101185573525e-06 3.3500351300934298e-12
total cost: -7.784358623120751
singles alt: [(4, 0), (5, 1), (6, 0), (7, 1), (8, 0), (9, 1), (10, 0), (11, 1), (4, 2), (5, 3), (6, 2), (7, 3), (8, 2), (9, 3), (10, 2), (11, 3)]
length: 16 76
Estimated difference between T3^fnT3 - (T2^WT3 + h.c.) is: -1.8303099661067723e-06 3.350034572029774e-12
total cost: -7.784358623137782
singles alt: [(4, 0), (5, 1), (6, 0), (7, 1), (8, 0), (9, 1), (10, 0), (11, 1), (4, 2), (5, 3), (6, 2), (7, 3), (8, 2), (9, 3), (10, 2), (11, 3)]
length: 16 76
Estimated difference between T3^fnT3 - (T2^WT3 + h.c.) is: -1.830309966108034e-06 3.3500345720343925e-12
total cost: -7.7843586231377815
singles alt: [(4, 0), (5, 1), (6, 0), (7, 1), (8, 0), (9, 1), (10, 0), (11, 1), (4, 2), (5, 3), (6, 2), (7, 3), (8, 2), (9, 3), (10, 2), (11, 3)]
length: 16 76
Estimated difference between T3^fnT3 - (T2^WT3 + h.c.) is: -1.8303099661064373e-06 3.3500345720285478e-12
total cost: -7.784358623137782
singles alt: [(4, 0), (5, 1), (6, 0), (7, 1), (8, 0), (9, 1), (10, 0), (11, 1), (4, 2), (5, 3), (6, 2), (7, 3), (8, 2), (9, 3), (10, 2), (11, 3)]
length: 16 76
Estimated difference between T3^fnT3 - (T2^WT3 + h.c.) is: -1.8303099661071133e-06 3.350034572031022e-12
total cost: -7.7843586231377815
singles alt: [(4, 0), (5, 1), (6, 0), (7, 1), (8, 0), (9, 1), (10, 0), (11, 1), (4, 2), (5, 3), (6, 2), (7, 3), (8, 2), (9, 3), (10, 2), (11, 3)]
length: 16 76
Estimated difference between T3^fnT3 - (T2^WT3 + h.c.) is: -1.8303099661064212e-06 3.3500345720284888e-12
total cost: -7.784358623137785
singles alt: [(4, 0), (5, 1), (6, 0), (7, 1), (8, 0), (9, 1), (10, 0), (11, 1), (4, 2), (5, 3), (6, 2), (7, 3), (8, 2), (9, 3), (10, 2), (11, 3)]
length: 16 76
Estimated difference between T3^fnT3 - (T2^WT3 + h.c.) is: -1.8303099660995465e-06 3.350034572003323e-12
total cost: -7.784358623137785
singles alt: [(4, 0), (5, 1), (6, 0), (7, 1), (8, 0), (9, 1), (10, 0), (11, 1), (4, 2), (5, 3), (6, 2), (7, 3), (8, 2), (9, 3), (10, 2), (11, 3)]
length: 16 76
Estimated difference between T3^fnT3 - (T2^WT3 + h.c.) is: -1.830309966107893e-06 3.3500345720338764e-12
total cost: -7.784358623137781
singles alt: [(4, 0), (5, 1), (6, 0), (7, 1), (8, 0), (9, 1), (10, 0), (11, 1), (4, 2), (5, 3), (6, 2), (7, 3), (8, 2), (9, 3), (10, 2), (11, 3)]
length: 16 76
Estimated difference between T3^fnT3 - (T2^WT3 + h.c.) is: -1.8303099661070976e-06 3.3500345720309647e-12
total cost: -7.784358623137781
singles alt: [(4, 0), (5, 1), (6, 0), (7, 1), (8, 0), (9, 1), (10, 0), (11, 1), (4, 2), (5, 3), (6, 2), (7, 3), (8, 2), (9, 3), (10, 2), (11, 3)]
length: 16 76
Estimated difference between T3^fnT3 - (T2^WT3 + h.c.) is: -1.830310021099882e-06 3.3500347733386505e-12
total cost: -7.784358623125277
singles alt: [(4, 0), (5, 1), (6, 0), (7, 1), (8, 0), (9, 1), (10, 0), (11, 1), (4, 2), (5, 3), (6, 2), (7, 3), (8, 2), (9, 3), (10, 2), (11, 3)]
length: 16 76
Estimated difference between T3^fnT3 - (T2^WT3 + h.c.) is: -1.8303097258815941e-06 3.3500336926567563e-12
total cost: -7.784358623149914
singles alt: [(4, 0), (5, 1), (6, 0), (7, 1), (8, 0), (9, 1), (10, 0), (11, 1), (4, 2), (5, 3), (6, 2), (7, 3), (8, 2), (9, 3), (10, 2), (11, 3)]
length: 16 76
Estimated difference between T3^fnT3 - (T2^WT3 + h.c.) is: -1.8303099278166895e-06 3.350034431864335e-12
total cost: -7.784358623138024
singles alt: [(4, 0), (5, 1), (6, 0), (7, 1), (8, 0), (9, 1), (10, 0), (11, 1), (4, 2), (5, 3), (6, 2), (7, 3), (8, 2), (9, 3), (10, 2), (11, 3)]
length: 16 76
Estimated difference between T3^fnT3 - (T2^WT3 + h.c.) is: -1.8303098087198879e-06 3.3500339958962325e-12
total cost: -7.784358623151011
singles alt: [(4, 0), (5, 1), (6, 0), (7, 1), (8, 0), (9, 1), (10, 0), (11, 1), (4, 2), (5, 3), (6, 2), (7, 3), (8, 2), (9, 3), (10, 2), (11, 3)]
length: 16 76
Estimated difference between T3^fnT3 - (T2^WT3 + h.c.) is: -1.8303099661064735e-06 3.3500345720286802e-12
total cost: -7.784358623137785
singles alt: [(4, 0), (5, 1), (6, 0), (7, 1), (8, 0), (9, 1), (10, 0), (11, 1), (4, 2), (5, 3), (6, 2), (7, 3), (8, 2), (9, 3), (10, 2), (11, 3)]
length: 16 76
Estimated difference between T3^fnT3 - (T2^WT3 + h.c.) is: -1.830309966107632e-06 3.350034572032921e-12
total cost: -7.7843586231377815
singles alt: [(4, 0), (5, 1), (6, 0), (7, 1), (8, 0), (9, 1), (10, 0), (11, 1), (4, 2), (5, 3), (6, 2), (7, 3), (8, 2), (9, 3), (10, 2), (11, 3)]
length: 16 76
Estimated difference between T3^fnT3 - (T2^WT3 + h.c.) is: -1.830309966101333e-06 3.3500345720098623e-12
total cost: -7.784358623137785
singles alt: [(4, 0), (5, 1), (6, 0), (7, 1), (8, 0), (9, 1), (10, 0), (11, 1), (4, 2), (5, 3), (6, 2), (7, 3), (8, 2), (9, 3), (10, 2), (11, 3)]
length: 16 76
Estimated difference between T3^fnT3 - (T2^WT3 + h.c.) is: -1.830309966107099e-06 3.3500345720309703e-12
total cost: -7.784358623137781
singles alt: [(4, 0), (5, 1), (6, 0), (7, 1), (8, 0), (9, 1), (10, 0), (11, 1), (4, 2), (5, 3), (6, 2), (7, 3), (8, 2), (9, 3), (10, 2), (11, 3)]
length: 16 76
Estimated difference between T3^fnT3 - (T2^WT3 + h.c.) is: -1.8303102087501805e-06 3.3500354602551295e-12
total cost: -7.784358623122815
singles alt: [(4, 0), (5, 1), (6, 0), (7, 1), (8, 0), (9, 1), (10, 0), (11, 1), (4, 2), (5, 3), (6, 2), (7, 3), (8, 2), (9, 3), (10, 2), (11, 3)]
length: 16 76
Estimated difference between T3^fnT3 - (T2^WT3 + h.c.) is: -1.8303103544240359e-06 3.35003599351184e-12
total cost: -7.784358623080323
singles alt: [(4, 0), (5, 1), (6, 0), (7, 1), (8, 0), (9, 1), (10, 0), (11, 1), (4, 2), (5, 3), (6, 2), (7, 3), (8, 2), (9, 3), (10, 2), (11, 3)]
length: 16 76
Estimated difference between T3^fnT3 - (T2^WT3 + h.c.) is: -1.8303103545738466e-06 3.35003599406024e-12
total cost: -7.784358623080338
singles alt: [(4, 0), (5, 1), (6, 0), (7, 1), (8, 0), (9, 1), (10, 0), (11, 1), (4, 2), (5, 3), (6, 2), (7, 3), (8, 2), (9, 3), (10, 2), (11, 3)]
length: 16 76
Estimated difference between T3^fnT3 - (T2^WT3 + h.c.) is: -1.8303101569268485e-06 3.3500352705495848e-12
total cost: -7.784358623094092
singles alt: [(4, 0), (5, 1), (6, 0), (7, 1), (8, 0), (9, 1), (10, 0), (11, 1), (4, 2), (5, 3), (6, 2), (7, 3), (8, 2), (9, 3), (10, 2), (11, 3)]
length: 16 76
Estimated difference between T3^fnT3 - (T2^WT3 + h.c.) is: -1.8303099661066567e-06 3.3500345720293507e-12
total cost: -7.784358623137785
singles alt: [(4, 0), (5, 1), (6, 0), (7, 1), (8, 0), (9, 1), (10, 0), (11, 1), (4, 2), (5, 3), (6, 2), (7, 3), (8, 2), (9, 3), (10, 2), (11, 3)]
length: 16 76
Estimated difference between T3^fnT3 - (T2^WT3 + h.c.) is: -1.8303099661070406e-06 3.3500345720307563e-12
total cost: -7.7843586231377815
singles alt: [(4, 0), (5, 1), (6, 0), (7, 1), (8, 0), (9, 1), (10, 0), (11, 1), (4, 2), (5, 3), (6, 2), (7, 3), (8, 2), (9, 3), (10, 2), (11, 3)]
length: 16 76
Estimated difference between T3^fnT3 - (T2^WT3 + h.c.) is: -1.8303099661076854e-06 3.3500345720331166e-12
total cost: -7.7843586231377815
singles alt: [(4, 0), (5, 1), (6, 0), (7, 1), (8, 0), (9, 1), (10, 0), (11, 1), (4, 2), (5, 3), (6, 2), (7, 3), (8, 2), (9, 3), (10, 2), (11, 3)]
length: 16 76
Estimated difference between T3^fnT3 - (T2^WT3 + h.c.) is: -1.830309966107084e-06 3.350034572030915e-12
total cost: -7.7843586231377815
singles alt: [(4, 0), (5, 1), (6, 0), (7, 1), (8, 0), (9, 1), (10, 0), (11, 1), (4, 2), (5, 3), (6, 2), (7, 3), (8, 2), (9, 3), (10, 2), (11, 3)]
length: 16 76
Estimated difference between T3^fnT3 - (T2^WT3 + h.c.) is: -1.8303099661071681e-06 3.3500345720312228e-12
total cost: -7.784358623137776
singles alt: [(4, 0), (5, 1), (6, 0), (7, 1), (8, 0), (9, 1), (10, 0), (11, 1), (4, 2), (5, 3), (6, 2), (7, 3), (8, 2), (9, 3), (10, 2), (11, 3)]
length: 16 76
Estimated difference between T3^fnT3 - (T2^WT3 + h.c.) is: -1.8303099661073835e-06 3.350034572032011e-12
total cost: -7.784358623137781
singles alt: [(4, 0), (5, 1), (6, 0), (7, 1), (8, 0), (9, 1), (10, 0), (11, 1), (4, 2), (5, 3), (6, 2), (7, 3), (8, 2), (9, 3), (10, 2), (11, 3)]
length: 16 76
Estimated difference between T3^fnT3 - (T2^WT3 + h.c.) is: -1.8303099661062595e-06 3.3500345720278967e-12
total cost: -7.7843586231377815
singles alt: [(4, 0), (5, 1), (6, 0), (7, 1), (8, 0), (9, 1), (10, 0), (11, 1), (4, 2), (5, 3), (6, 2), (7, 3), (8, 2), (9, 3), (10, 2), (11, 3)]
length: 16 76
Estimated difference between T3^fnT3 - (T2^WT3 + h.c.) is: -1.8303099661071948e-06 3.3500345720313205e-12
total cost: -7.7843586231377815
singles alt: [(4, 0), (5, 1), (6, 0), (7, 1), (8, 0), (9, 1), (10, 0), (11, 1), (4, 2), (5, 3), (6, 2), (7, 3), (8, 2), (9, 3), (10, 2), (11, 3)]
length: 16 76
Estimated difference between T3^fnT3 - (T2^WT3 + h.c.) is: -1.8303099661064733e-06 3.3500345720286794e-12
total cost: -7.784358623137785
singles alt: [(4, 0), (5, 1), (6, 0), (7, 1), (8, 0), (9, 1), (10, 0), (11, 1), (4, 2), (5, 3), (6, 2), (7, 3), (8, 2), (9, 3), (10, 2), (11, 3)]
length: 16 76
Estimated difference between T3^fnT3 - (T2^WT3 + h.c.) is: -1.8303099661076319e-06 3.3500345720329203e-12
total cost: -7.7843586231377815
singles alt: [(4, 0), (5, 1), (6, 0), (7, 1), (8, 0), (9, 1), (10, 0), (11, 1), (4, 2), (5, 3), (6, 2), (7, 3), (8, 2), (9, 3), (10, 2), (11, 3)]
length: 16 76
Estimated difference between T3^fnT3 - (T2^WT3 + h.c.) is: -1.8303099661001346e-06 3.3500345720054756e-12
total cost: -7.784358623137785
singles alt: [(4, 0), (5, 1), (6, 0), (7, 1), (8, 0), (9, 1), (10, 0), (11, 1), (4, 2), (5, 3), (6, 2), (7, 3), (8, 2), (9, 3), (10, 2), (11, 3)]
length: 16 76
Estimated difference between T3^fnT3 - (T2^WT3 + h.c.) is: -1.830309966107099e-06 3.3500345720309703e-12
total cost: -7.7843586231377815
singles alt: [(4, 0), (5, 1), (6, 0), (7, 1), (8, 0), (9, 1), (10, 0), (11, 1), (4, 2), (5, 3), (6, 2), (7, 3), (8, 2), (9, 3), (10, 2), (11, 3)]
length: 16 76
Estimated difference between T3^fnT3 - (T2^WT3 + h.c.) is: -1.8303099661069091e-06 3.350034572030275e-12
total cost: -7.784358623137782
singles alt: [(4, 0), (5, 1), (6, 0), (7, 1), (8, 0), (9, 1), (10, 0), (11, 1), (4, 2), (5, 3), (6, 2), (7, 3), (8, 2), (9, 3), (10, 2), (11, 3)]
length: 16 76
Estimated difference between T3^fnT3 - (T2^WT3 + h.c.) is: -1.8303099661091254e-06 3.350034572038388e-12
total cost: -7.784358623137781
singles alt: [(4, 0), (5, 1), (6, 0), (7, 1), (8, 0), (9, 1), (10, 0), (11, 1), (4, 2), (5, 3), (6, 2), (7, 3), (8, 2), (9, 3), (10, 2), (11, 3)]
length: 16 76
Estimated difference between T3^fnT3 - (T2^WT3 + h.c.) is: -1.830309966107567e-06 3.3500345720326833e-12
total cost: -7.7843586231377815
singles alt: [(4, 0), (5, 1), (6, 0), (7, 1), (8, 0), (9, 1), (10, 0), (11, 1), (4, 2), (5, 3), (6, 2), (7, 3), (8, 2), (9, 3), (10, 2), (11, 3)]
length: 16 76
Estimated difference between T3^fnT3 - (T2^WT3 + h.c.) is: -1.8303099661070912e-06 3.3500345720309416e-12
total cost: -7.7843586231377815
singles alt: [(4, 0), (5, 1), (6, 0), (7, 1), (8, 0), (9, 1), (10, 0), (11, 1), (4, 2), (5, 3), (6, 2), (7, 3), (8, 2), (9, 3), (10, 2), (11, 3)]
length: 16 76
Estimated difference between T3^fnT3 - (T2^WT3 + h.c.) is: -1.830310208819109e-06 3.3500354605074507e-12
total cost: -7.784358623122835
singles alt: [(4, 0), (5, 1), (6, 0), (7, 1), (8, 0), (9, 1), (10, 0), (11, 1), (4, 2), (5, 3), (6, 2), (7, 3), (8, 2), (9, 3), (10, 2), (11, 3)]
length: 16 76
Estimated difference between T3^fnT3 - (T2^WT3 + h.c.) is: -1.8303103549049083e-06 3.3500359952721315e-12
total cost: -7.784358623080193
singles alt: [(4, 0), (5, 1), (6, 0), (7, 1), (8, 0), (9, 1), (10, 0), (11, 1), (4, 2), (5, 3), (6, 2), (7, 3), (8, 2), (9, 3), (10, 2), (11, 3)]
length: 16 76
Estimated difference between T3^fnT3 - (T2^WT3 + h.c.) is: -1.8303103550559057e-06 3.3500359958248756e-12
total cost: -7.784358623080211
singles alt: [(4, 0), (5, 1), (6, 0), (7, 1), (8, 0), (9, 1), (10, 0), (11, 1), (4, 2), (5, 3), (6, 2), (7, 3), (8, 2), (9, 3), (10, 2), (11, 3)]
length: 16 76
Estimated difference between T3^fnT3 - (T2^WT3 + h.c.) is: -1.8303101570278415e-06 3.350035270919282e-12
total cost: -7.784358623094023
singles alt: [(4, 0), (5, 1), (6, 0), (7, 1), (8, 0), (9, 1), (10, 0), (11, 1), (4, 2), (5, 3), (6, 2), (7, 3), (8, 2), (9, 3), (10, 2), (11, 3)]
length: 16 76
Estimated difference between T3^fnT3 - (T2^WT3 + h.c.) is: -1.8303099661071681e-06 3.3500345720312228e-12
total cost: -7.784358623137776
singles alt: [(4, 0), (5, 1), (6, 0), (7, 1), (8, 0), (9, 1), (10, 0), (11, 1), (4, 2), (5, 3), (6, 2), (7, 3), (8, 2), (9, 3), (10, 2), (11, 3)]
length: 16 76
Estimated difference between T3^fnT3 - (T2^WT3 + h.c.) is: -1.830309966107383e-06 3.3500345720320096e-12
total cost: -7.784358623137781
singles alt: [(4, 0), (5, 1), (6, 0), (7, 1), (8, 0), (9, 1), (10, 0), (11, 1), (4, 2), (5, 3), (6, 2), (7, 3), (8, 2), (9, 3), (10, 2), (11, 3)]
length: 16 76
Estimated difference between T3^fnT3 - (T2^WT3 + h.c.) is: -1.8303099661041306e-06 3.350034572020104e-12
total cost: -7.784358623137786
singles alt: [(4, 0), (5, 1), (6, 0), (7, 1), (8, 0), (9, 1), (10, 0), (11, 1), (4, 2), (5, 3), (6, 2), (7, 3), (8, 2), (9, 3), (10, 2), (11, 3)]
length: 16 76
Estimated difference between T3^fnT3 - (T2^WT3 + h.c.) is: -1.830309966107195e-06 3.3500345720313213e-12
total cost: -7.7843586231377815
singles alt: [(4, 0), (5, 1), (6, 0), (7, 1), (8, 0), (9, 1), (10, 0), (11, 1), (4, 2), (5, 3), (6, 2), (7, 3), (8, 2), (9, 3), (10, 2), (11, 3)]
length: 16 76
Estimated difference between T3^fnT3 - (T2^WT3 + h.c.) is: -1.830310021034359e-06 3.3500347730987956e-12
total cost: -7.7843586231254
singles alt: [(4, 0), (5, 1), (6, 0), (7, 1), (8, 0), (9, 1), (10, 0), (11, 1), (4, 2), (5, 3), (6, 2), (7, 3), (8, 2), (9, 3), (10, 2), (11, 3)]
length: 16 76
Estimated difference between T3^fnT3 - (T2^WT3 + h.c.) is: -1.830309927723906e-06 3.3500344315246906e-12
total cost: -7.78435862313843
singles alt: [(4, 0), (5, 1), (6, 0), (7, 1), (8, 0), (9, 1), (10, 0), (11, 1), (4, 2), (5, 3), (6, 2), (7, 3), (8, 2), (9, 3), (10, 2), (11, 3)]
length: 16 76
Estimated difference between T3^fnT3 - (T2^WT3 + h.c.) is: -1.8303097249806797e-06 3.3500336893588515e-12
total cost: -7.784358623151842
singles alt: [(4, 0), (5, 1), (6, 0), (7, 1), (8, 0), (9, 1), (10, 0), (11, 1), (4, 2), (5, 3), (6, 2), (7, 3), (8, 2), (9, 3), (10, 2), (11, 3)]
length: 16 76
Estimated difference between T3^fnT3 - (T2^WT3 + h.c.) is: -1.8303098083915948e-06 3.3500339946944768e-12
total cost: -7.784358623151531
singles alt: [(4, 0), (5, 1), (6, 0), (7, 1), (8, 0), (9, 1), (10, 0), (11, 1), (4, 2), (5, 3), (6, 2), (7, 3), (8, 2), (9, 3), (10, 2), (11, 3)]
length: 16 76
Estimated difference between T3^fnT3 - (T2^WT3 + h.c.) is: -1.8303099661071897e-06 3.350034572031302e-12
total cost: -7.784358623137779
singles alt: [(4, 0), (5, 1), (6, 0), (7, 1), (8, 0), (9, 1), (10, 0), (11, 1), (4, 2), (5, 3), (6, 2), (7, 3), (8, 2), (9, 3), (10, 2), (11, 3)]
length: 16 76
Estimated difference between T3^fnT3 - (T2^WT3 + h.c.) is: -1.8303099661091612e-06 3.3500345720385188e-12
total cost: -7.784358623137779
singles alt: [(4, 0), (5, 1), (6, 0), (7, 1), (8, 0), (9, 1), (10, 0), (11, 1), (4, 2), (5, 3), (6, 2), (7, 3), (8, 2), (9, 3), (10, 2), (11, 3)]
length: 16 76
Estimated difference between T3^fnT3 - (T2^WT3 + h.c.) is: -1.8303099661074997e-06 3.350034572032437e-12
total cost: -7.784358623137781
singles alt: [(4, 0), (5, 1), (6, 0), (7, 1), (8, 0), (9, 1), (10, 0), (11, 1), (4, 2), (5, 3), (6, 2), (7, 3), (8, 2), (9, 3), (10, 2), (11, 3)]
length: 16 76
Estimated difference between T3^fnT3 - (T2^WT3 + h.c.) is: -1.8303099661072215e-06 3.3500345720314182e-12
total cost: -7.784358623137782
singles alt: [(4, 0), (5, 1), (6, 0), (7, 1), (8, 0), (9, 1), (10, 0), (11, 1), (4, 2), (5, 3), (6, 2), (7, 3), (8, 2), (9, 3), (10, 2), (11, 3)]
length: 16 76
Estimated difference between T3^fnT3 - (T2^WT3 + h.c.) is: -1.8303099661070885e-06 3.3500345720309316e-12
total cost: -7.784358623137781
singles alt: [(4, 0), (5, 1), (6, 0), (7, 1), (8, 0), (9, 1), (10, 0), (11, 1), (4, 2), (5, 3), (6, 2), (7, 3), (8, 2), (9, 3), (10, 2), (11, 3)]
length: 16 76
Estimated difference between T3^fnT3 - (T2^WT3 + h.c.) is: -1.8303099661039437e-06 3.3500345720194193e-12
total cost: -7.784358623137786
singles alt: [(4, 0), (5, 1), (6, 0), (7, 1), (8, 0), (9, 1), (10, 0), (11, 1), (4, 2), (5, 3), (6, 2), (7, 3), (8, 2), (9, 3), (10, 2), (11, 3)]
length: 16 76
Estimated difference between T3^fnT3 - (T2^WT3 + h.c.) is: -1.8303099661063442e-06 3.350034572028207e-12
total cost: -7.784358623137786
singles alt: [(4, 0), (5, 1), (6, 0), (7, 1), (8, 0), (9, 1), (10, 0), (11, 1), (4, 2), (5, 3), (6, 2), (7, 3), (8, 2), (9, 3), (10, 2), (11, 3)]
length: 16 76
Estimated difference between T3^fnT3 - (T2^WT3 + h.c.) is: -1.83030996610719e-06 3.3500345720313027e-12
total cost: -7.784358623137781
singles alt: [(4, 0), (5, 1), (6, 0), (7, 1), (8, 0), (9, 1), (10, 0), (11, 1), (4, 2), (5, 3), (6, 2), (7, 3), (8, 2), (9, 3), (10, 2), (11, 3)]
length: 16 76
Estimated difference between T3^fnT3 - (T2^WT3 + h.c.) is: -1.830310195683469e-06 3.350035412422859e-12
total cost: -7.7843586231389015
singles alt: [(4, 0), (5, 1), (6, 0), (7, 1), (8, 0), (9, 1), (10, 0), (11, 1), (4, 2), (5, 3), (6, 2), (7, 3), (8, 2), (9, 3), (10, 2), (11, 3)]
length: 16 76
Estimated difference between T3^fnT3 - (T2^WT3 + h.c.) is: -1.8303100199660511e-06 3.3500347691881264e-12
total cost: -7.784358623214315
singles alt: [(4, 0), (5, 1), (6, 0), (7, 1), (8, 0), (9, 1), (10, 0), (11, 1), (4, 2), (5, 3), (6, 2), (7, 3), (8, 2), (9, 3), (10, 2), (11, 3)]
length: 16 76
Estimated difference between T3^fnT3 - (T2^WT3 + h.c.) is: -1.8303100198655657e-06 3.3500347688202875e-12
total cost: -7.7843586232143345
singles alt: [(4, 0), (5, 1), (6, 0), (7, 1), (8, 0), (9, 1), (10, 0), (11, 1), (4, 2), (5, 3), (6, 2), (7, 3), (8, 2), (9, 3), (10, 2), (11, 3)]
length: 16 76
Estimated difference between T3^fnT3 - (T2^WT3 + h.c.) is: -1.8303100995355209e-06 3.3500350604617285e-12
total cost: -7.784358623172571
singles alt: [(4, 0), (5, 1), (6, 0), (7, 1), (8, 0), (9, 1), (10, 0), (11, 1), (4, 2), (5, 3), (6, 2), (7, 3), (8, 2), (9, 3), (10, 2), (11, 3)]
length: 16 76
Estimated difference between T3^fnT3 - (T2^WT3 + h.c.) is: -1.8303099661022242e-06 3.350034572013125e-12
total cost: -7.784358623137785
singles alt: [(4, 0), (5, 1), (6, 0), (7, 1), (8, 0), (9, 1), (10, 0), (11, 1), (4, 2), (5, 3), (6, 2), (7, 3), (8, 2), (9, 3), (10, 2), (11, 3)]
length: 16 76
Estimated difference between T3^fnT3 - (T2^WT3 + h.c.) is: -1.8303099661087997e-06 3.3500345720371956e-12
total cost: -7.784358623137781
singles alt: [(4, 0), (5, 1), (6, 0), (7, 1), (8, 0), (9, 1), (10, 0), (11, 1), (4, 2), (5, 3), (6, 2), (7, 3), (8, 2), (9, 3), (10, 2), (11, 3)]
length: 16 76
Estimated difference between T3^fnT3 - (T2^WT3 + h.c.) is: -1.8303099661043661e-06 3.350034572020966e-12
total cost: -7.7843586231377815
singles alt: [(4, 0), (5, 1), (6, 0), (7, 1), (8, 0), (9, 1), (10, 0), (11, 1), (4, 2), (5, 3), (6, 2), (7, 3), (8, 2), (9, 3), (10, 2), (11, 3)]
length: 16 76
Estimated difference between T3^fnT3 - (T2^WT3 + h.c.) is: -1.8303099660991605e-06 3.35003457200191e-12
total cost: -7.784358623137785
singles alt: [(4, 0), (5, 1), (6, 0), (7, 1), (8, 0), (9, 1), (10, 0), (11, 1), (4, 2), (5, 3), (6, 2), (7, 3), (8, 2), (9, 3), (10, 2), (11, 3)]
length: 16 76
Estimated difference between T3^fnT3 - (T2^WT3 + h.c.) is: -1.830309813974425e-06 3.3500340151310942e-12
total cost: -7.784358623155812
singles alt: [(4, 0), (5, 1), (6, 0), (7, 1), (8, 0), (9, 1), (10, 0), (11, 1), (4, 2), (5, 3), (6, 2), (7, 3), (8, 2), (9, 3), (10, 2), (11, 3)]
length: 16 76
Estimated difference between T3^fnT3 - (T2^WT3 + h.c.) is: -1.8303098148062855e-06 3.350034018176219e-12
total cost: -7.784358623155993
singles alt: [(4, 0), (5, 1), (6, 0), (7, 1), (8, 0), (9, 1), (10, 0), (11, 1), (4, 2), (5, 3), (6, 2), (7, 3), (8, 2), (9, 3), (10, 2), (11, 3)]
length: 16 76
Estimated difference between T3^fnT3 - (T2^WT3 + h.c.) is: -1.8303099661027189e-06 3.350034572014936e-12
total cost: -7.784358623137785
singles alt: [(4, 0), (5, 1), (6, 0), (7, 1), (8, 0), (9, 1), (10, 0), (11, 1), (4, 2), (5, 3), (6, 2), (7, 3), (8, 2), (9, 3), (10, 2), (11, 3)]
length: 16 76
Estimated difference between T3^fnT3 - (T2^WT3 + h.c.) is: -1.8303099661084704e-06 3.35003457203599e-12
total cost: -7.784358623137781
singles alt: [(4, 0), (5, 1), (6, 0), (7, 1), (8, 0), (9, 1), (10, 0), (11, 1), (4, 2), (5, 3), (6, 2), (7, 3), (8, 2), (9, 3), (10, 2), (11, 3)]
length: 16 76
Estimated difference between T3^fnT3 - (T2^WT3 + h.c.) is: -1.8303099661074114e-06 3.3500345720321134e-12
total cost: -7.784358623137786
singles alt: [(4, 0), (5, 1), (6, 0), (7, 1), (8, 0), (9, 1), (10, 0), (11, 1), (4, 2), (5, 3), (6, 2), (7, 3), (8, 2), (9, 3), (10, 2), (11, 3)]
length: 16 76
Estimated difference between T3^fnT3 - (T2^WT3 + h.c.) is: -1.8303099661064e-06 3.3500345720284112e-12
total cost: -7.784358623137783
singles alt: [(4, 0), (5, 1), (6, 0), (7, 1), (8, 0), (9, 1), (10, 0), (11, 1), (4, 2), (5, 3), (6, 2), (7, 3), (8, 2), (9, 3), (10, 2), (11, 3)]
length: 16 76
Estimated difference between T3^fnT3 - (T2^WT3 + h.c.) is: -1.8303099661090852e-06 3.3500345720382405e-12
total cost: -7.784358623137781
singles alt: [(4, 0), (5, 1), (6, 0), (7, 1), (8, 0), (9, 1), (10, 0), (11, 1), (4, 2), (5, 3), (6, 2), (7, 3), (8, 2), (9, 3), (10, 2), (11, 3)]
length: 16 76
Estimated difference between T3^fnT3 - (T2^WT3 + h.c.) is: -1.83030996610993e-06 3.3500345720413335e-12
total cost: -7.78435862313778
singles alt: [(4, 0), (5, 1), (6, 0), (7, 1), (8, 0), (9, 1), (10, 0), (11, 1), (4, 2), (5, 3), (6, 2), (7, 3), (8, 2), (9, 3), (10, 2), (11, 3)]
length: 16 76
Estimated difference between T3^fnT3 - (T2^WT3 + h.c.) is: -1.830309966107126e-06 3.3500345720310685e-12
total cost: -7.784358623120181
singles alt: [(4, 0), (5, 1), (6, 0), (7, 1), (8, 0), (9, 1), (10, 0), (11, 1), (4, 2), (5, 3), (6, 2), (7, 3), (8, 2), (9, 3), (10, 2), (11, 3)]
length: 16 76
Estimated difference between T3^fnT3 - (T2^WT3 + h.c.) is: -1.830309966107126e-06 3.3500345720310685e-12
total cost: -7.784358623120284
singles alt: [(4, 0), (5, 1), (6, 0), (7, 1), (8, 0), (9, 1), (10, 0), (11, 1), (4, 2), (5, 3), (6, 2), (7, 3), (8, 2), (9, 3), (10, 2), (11, 3)]
length: 16 76
Estimated difference between T3^fnT3 - (T2^WT3 + h.c.) is: -1.830309966107126e-06 3.3500345720310685e-12
total cost: -7.78435862313778
singles alt: [(4, 0), (5, 1), (6, 0), (7, 1), (8, 0), (9, 1), (10, 0), (11, 1), (4, 2), (5, 3), (6, 2), (7, 3), (8, 2), (9, 3), (10, 2), (11, 3)]
length: 16 76
Estimated difference between T3^fnT3 - (T2^WT3 + h.c.) is: -1.830309966107126e-06 3.3500345720310685e-12
total cost: -7.7843586231377815
singles alt: [(4, 0), (5, 1), (6, 0), (7, 1), (8, 0), (9, 1), (10, 0), (11, 1), (4, 2), (5, 3), (6, 2), (7, 3), (8, 2), (9, 3), (10, 2), (11, 3)]
length: 16 76
Estimated difference between T3^fnT3 - (T2^WT3 + h.c.) is: -1.830309966107126e-06 3.3500345720310685e-12
total cost: -7.78435862313778
singles alt: [(4, 0), (5, 1), (6, 0), (7, 1), (8, 0), (9, 1), (10, 0), (11, 1), (4, 2), (5, 3), (6, 2), (7, 3), (8, 2), (9, 3), (10, 2), (11, 3)]
length: 16 76
Estimated difference between T3^fnT3 - (T2^WT3 + h.c.) is: -1.830309966107126e-06 3.3500345720310685e-12
total cost: -7.784358623137781
singles alt: [(4, 0), (5, 1), (6, 0), (7, 1), (8, 0), (9, 1), (10, 0), (11, 1), (4, 2), (5, 3), (6, 2), (7, 3), (8, 2), (9, 3), (10, 2), (11, 3)]
length: 16 76
Estimated difference between T3^fnT3 - (T2^WT3 + h.c.) is: -1.830309966107126e-06 3.3500345720310685e-12
total cost: -7.784358623108924
singles alt: [(4, 0), (5, 1), (6, 0), (7, 1), (8, 0), (9, 1), (10, 0), (11, 1), (4, 2), (5, 3), (6, 2), (7, 3), (8, 2), (9, 3), (10, 2), (11, 3)]
length: 16 76
Estimated difference between T3^fnT3 - (T2^WT3 + h.c.) is: -1.830309966107126e-06 3.3500345720310685e-12
total cost: -7.784358623108966
singles alt: [(4, 0), (5, 1), (6, 0), (7, 1), (8, 0), (9, 1), (10, 0), (11, 1), (4, 2), (5, 3), (6, 2), (7, 3), (8, 2), (9, 3), (10, 2), (11, 3)]
length: 16 76
Estimated difference between T3^fnT3 - (T2^WT3 + h.c.) is: -1.830309966107126e-06 3.3500345720310685e-12
total cost: -7.784358623216377
singles alt: [(4, 0), (5, 1), (6, 0), (7, 1), (8, 0), (9, 1), (10, 0), (11, 1), (4, 2), (5, 3), (6, 2), (7, 3), (8, 2), (9, 3), (10, 2), (11, 3)]
length: 16 76
Estimated difference between T3^fnT3 - (T2^WT3 + h.c.) is: -1.830309966107126e-06 3.3500345720310685e-12
total cost: -7.784358623216518
singles alt: [(4, 0), (5, 1), (6, 0), (7, 1), (8, 0), (9, 1), (10, 0), (11, 1), (4, 2), (5, 3), (6, 2), (7, 3), (8, 2), (9, 3), (10, 2), (11, 3)]
length: 16 76
Estimated difference between T3^fnT3 - (T2^WT3 + h.c.) is: -1.830309966107126e-06 3.3500345720310685e-12
total cost: -7.7843586231377815
singles alt: [(4, 0), (5, 1), (6, 0), (7, 1), (8, 0), (9, 1), (10, 0), (11, 1), (4, 2), (5, 3), (6, 2), (7, 3), (8, 2), (9, 3), (10, 2), (11, 3)]
length: 16 76
Estimated difference between T3^fnT3 - (T2^WT3 + h.c.) is: -1.830309966107126e-06 3.3500345720310685e-12
total cost: -7.784358623137782
singles alt: [(4, 0), (5, 1), (6, 0), (7, 1), (8, 0), (9, 1), (10, 0), (11, 1), (4, 2), (5, 3), (6, 2), (7, 3), (8, 2), (9, 3), (10, 2), (11, 3)]
length: 16 76
Estimated difference between T3^fnT3 - (T2^WT3 + h.c.) is: -1.830309966107126e-06 3.3500345720310685e-12
total cost: -7.7843586231377815
singles alt: [(4, 0), (5, 1), (6, 0), (7, 1), (8, 0), (9, 1), (10, 0), (11, 1), (4, 2), (5, 3), (6, 2), (7, 3), (8, 2), (9, 3), (10, 2), (11, 3)]
length: 16 76
Estimated difference between T3^fnT3 - (T2^WT3 + h.c.) is: -1.830309966107126e-06 3.3500345720310685e-12
total cost: -7.7843586231377815
singles alt: [(4, 0), (5, 1), (6, 0), (7, 1), (8, 0), (9, 1), (10, 0), (11, 1), (4, 2), (5, 3), (6, 2), (7, 3), (8, 2), (9, 3), (10, 2), (11, 3)]
length: 16 76
Estimated difference between T3^fnT3 - (T2^WT3 + h.c.) is: -1.830309966107126e-06 3.3500345720310685e-12
total cost: -7.784358623149281
singles alt: [(4, 0), (5, 1), (6, 0), (7, 1), (8, 0), (9, 1), (10, 0), (11, 1), (4, 2), (5, 3), (6, 2), (7, 3), (8, 2), (9, 3), (10, 2), (11, 3)]
length: 16 76
Estimated difference between T3^fnT3 - (T2^WT3 + h.c.) is: -1.830309966107126e-06 3.3500345720310685e-12
total cost: -7.784358623149358
singles alt: [(4, 0), (5, 1), (6, 0), (7, 1), (8, 0), (9, 1), (10, 0), (11, 1), (4, 2), (5, 3), (6, 2), (7, 3), (8, 2), (9, 3), (10, 2), (11, 3)]
callback: energy=-7.784356792828
singles alt: [(4, 0), (5, 1), (6, 0), (7, 1), (8, 0), (9, 1), (10, 0), (11, 1), (4, 2), (5, 3), (6, 2), (7, 3), (8, 2), (9, 3), (10, 2), (11, 3)]
length: 16 76
Estimated difference between T3^fnT3 - (T2^WT3 + h.c.) is: -1.7243302793441685e-06 2.9733149122631384e-12
total cost: -7.784423853291583
singles alt: [(4, 0), (5, 1), (6, 0), (7, 1), (8, 0), (9, 1), (10, 0), (11, 1), (4, 2), (5, 3), (6, 2), (7, 3), (8, 2), (9, 3), (10, 2), (11, 3)]
length: 16 76
Estimated difference between T3^fnT3 - (T2^WT3 + h.c.) is: -1.7243305494149266e-06 2.9733158436455825e-12
total cost: -7.784423853315281
singles alt: [(4, 0), (5, 1), (6, 0), (7, 1), (8, 0), (9, 1), (10, 0), (11, 1), (4, 2), (5, 3), (6, 2), (7, 3), (8, 2), (9, 3), (10, 2), (11, 3)]
length: 16 76
Estimated difference between T3^fnT3 - (T2^WT3 + h.c.) is: -1.7243303396552225e-06 2.9733151202554953e-12
total cost: -7.784423853298158
singles alt: [(4, 0), (5, 1), (6, 0), (7, 1), (8, 0), (9, 1), (10, 0), (11, 1), (4, 2), (5, 3), (6, 2), (7, 3), (8, 2), (9, 3), (10, 2), (11, 3)]
length: 16 76
Estimated difference between T3^fnT3 - (T2^WT3 + h.c.) is: -1.7243303398279919e-06 2.9733151208513178e-12
total cost: -7.784423853298109
singles alt: [(4, 0), (5, 1), (6, 0), (7, 1), (8, 0), (9, 1), (10, 0), (11, 1), (4, 2), (5, 3), (6, 2), (7, 3), (8, 2), (9, 3), (10, 2), (11, 3)]
length: 16 76
Estimated difference between T3^fnT3 - (T2^WT3 + h.c.) is: -1.7243304325711982e-06 2.9733154406911754e-12
total cost: -7.784423853256607
singles alt: [(4, 0), (5, 1), (6, 0), (7, 1), (8, 0), (9, 1), (10, 0), (11, 1), (4, 2), (5, 3), (6, 2), (7, 3), (8, 2), (9, 3), (10, 2), (11, 3)]
length: 16 76
Estimated difference between T3^fnT3 - (T2^WT3 + h.c.) is: -1.7243302793426246e-06 2.9733149122578138e-12
total cost: -7.784423853291588
singles alt: [(4, 0), (5, 1), (6, 0), (7, 1), (8, 0), (9, 1), (10, 0), (11, 1), (4, 2), (5, 3), (6, 2), (7, 3), (8, 2), (9, 3), (10, 2), (11, 3)]
length: 16 76
Estimated difference between T3^fnT3 - (T2^WT3 + h.c.) is: -1.7243302793441459e-06 2.97331491226306e-12
total cost: -7.784423853291583
singles alt: [(4, 0), (5, 1), (6, 0), (7, 1), (8, 0), (9, 1), (10, 0), (11, 1), (4, 2), (5, 3), (6, 2), (7, 3), (8, 2), (9, 3), (10, 2), (11, 3)]
length: 16 76
Estimated difference between T3^fnT3 - (T2^WT3 + h.c.) is: -1.724330279345974e-06 2.973314912269365e-12
total cost: -7.784423853291581
singles alt: [(4, 0), (5, 1), (6, 0), (7, 1), (8, 0), (9, 1), (10, 0), (11, 1), (4, 2), (5, 3), (6, 2), (7, 3), (8, 2), (9, 3), (10, 2), (11, 3)]
length: 16 76
Estimated difference between T3^fnT3 - (T2^WT3 + h.c.) is: -1.7243302793440707e-06 2.9733149122628007e-12
total cost: -7.784423853291583
singles alt: [(4, 0), (5, 1), (6, 0), (7, 1), (8, 0), (9, 1), (10, 0), (11, 1), (4, 2), (5, 3), (6, 2), (7, 3), (8, 2), (9, 3), (10, 2), (11, 3)]
length: 16 76
Estimated difference between T3^fnT3 - (T2^WT3 + h.c.) is: -1.7243302793473216e-06 2.973314912274012e-12
total cost: -7.78442385329157
singles alt: [(4, 0), (5, 1), (6, 0), (7, 1), (8, 0), (9, 1), (10, 0), (11, 1), (4, 2), (5, 3), (6, 2), (7, 3), (8, 2), (9, 3), (10, 2), (11, 3)]
length: 16 76
Estimated difference between T3^fnT3 - (T2^WT3 + h.c.) is: -1.7243302793502388e-06 2.9733149122840727e-12
total cost: -7.784423853291581
singles alt: [(4, 0), (5, 1), (6, 0), (7, 1), (8, 0), (9, 1), (10, 0), (11, 1), (4, 2), (5, 3), (6, 2), (7, 3), (8, 2), (9, 3), (10, 2), (11, 3)]
length: 16 76
Estimated difference between T3^fnT3 - (T2^WT3 + h.c.) is: -1.7243302793420903e-06 2.9733149122559712e-12
total cost: -7.784423853291585
singles alt: [(4, 0), (5, 1), (6, 0), (7, 1), (8, 0), (9, 1), (10, 0), (11, 1), (4, 2), (5, 3), (6, 2), (7, 3), (8, 2), (9, 3), (10, 2), (11, 3)]
length: 16 76
Estimated difference between T3^fnT3 - (T2^WT3 + h.c.) is: -1.7243302793443667e-06 2.9733149122638217e-12
total cost: -7.7844238532915835
singles alt: [(4, 0), (5, 1), (6, 0), (7, 1), (8, 0), (9, 1), (10, 0), (11, 1), (4, 2), (5, 3), (6, 2), (7, 3), (8, 2), (9, 3), (10, 2), (11, 3)]
length: 16 76
Estimated difference between T3^fnT3 - (T2^WT3 + h.c.) is: -1.7243303385007291e-06 2.973315116274039e-12
total cost: -7.784423853202716
singles alt: [(4, 0), (5, 1), (6, 0), (7, 1), (8, 0), (9, 1), (10, 0), (11, 1), (4, 2), (5, 3), (6, 2), (7, 3), (8, 2), (9, 3), (10, 2), (11, 3)]
length: 16 76
Estimated difference between T3^fnT3 - (T2^WT3 + h.c.) is: -1.724330072290849e-06 2.973314198206565e-12
total cost: -7.7844238532723145
singles alt: [(4, 0), (5, 1), (6, 0), (7, 1), (8, 0), (9, 1), (10, 0), (11, 1), (4, 2), (5, 3), (6, 2), (7, 3), (8, 2), (9, 3), (10, 2), (11, 3)]
length: 16 76
Estimated difference between T3^fnT3 - (T2^WT3 + h.c.) is: -1.7243302256700005e-06 2.973314727159155e-12
total cost: -7.7844238532946495
singles alt: [(4, 0), (5, 1), (6, 0), (7, 1), (8, 0), (9, 1), (10, 0), (11, 1), (4, 2), (5, 3), (6, 2), (7, 3), (8, 2), (9, 3), (10, 2), (11, 3)]
length: 16 76
Estimated difference between T3^fnT3 - (T2^WT3 + h.c.) is: -1.7243301238060868e-06 2.9733143758651147e-12
total cost: -7.784423853253966
singles alt: [(4, 0), (5, 1), (6, 0), (7, 1), (8, 0), (9, 1), (10, 0), (11, 1), (4, 2), (5, 3), (6, 2), (7, 3), (8, 2), (9, 3), (10, 2), (11, 3)]
length: 16 76
Estimated difference between T3^fnT3 - (T2^WT3 + h.c.) is: -1.7243302793470226e-06 2.973314912272981e-12
total cost: -7.78442385329157
singles alt: [(4, 0), (5, 1), (6, 0), (7, 1), (8, 0), (9, 1), (10, 0), (11, 1), (4, 2), (5, 3), (6, 2), (7, 3), (8, 2), (9, 3), (10, 2), (11, 3)]
length: 16 76
Estimated difference between T3^fnT3 - (T2^WT3 + h.c.) is: -1.724330279344799e-06 2.9733149122653125e-12
total cost: -7.784423853291583
singles alt: [(4, 0), (5, 1), (6, 0), (7, 1), (8, 0), (9, 1), (10, 0), (11, 1), (4, 2), (5, 3), (6, 2), (7, 3), (8, 2), (9, 3), (10, 2), (11, 3)]
length: 16 76
Estimated difference between T3^fnT3 - (T2^WT3 + h.c.) is: -1.7243302793473093e-06 2.9733149122739697e-12
total cost: -7.784423853291581
singles alt: [(4, 0), (5, 1), (6, 0), (7, 1), (8, 0), (9, 1), (10, 0), (11, 1), (4, 2), (5, 3), (6, 2), (7, 3), (8, 2), (9, 3), (10, 2), (11, 3)]
length: 16 76
Estimated difference between T3^fnT3 - (T2^WT3 + h.c.) is: -1.7243302793443487e-06 2.97331491226376e-12
total cost: -7.7844238532915835
singles alt: [(4, 0), (5, 1), (6, 0), (7, 1), (8, 0), (9, 1), (10, 0), (11, 1), (4, 2), (5, 3), (6, 2), (7, 3), (8, 2), (9, 3), (10, 2), (11, 3)]
length: 16 76
Estimated difference between T3^fnT3 - (T2^WT3 + h.c.) is: -1.724330506219321e-06 2.97331569467858e-12
total cost: -7.784423853327386
singles alt: [(4, 0), (5, 1), (6, 0), (7, 1), (8, 0), (9, 1), (10, 0), (11, 1), (4, 2), (5, 3), (6, 2), (7, 3), (8, 2), (9, 3), (10, 2), (11, 3)]
length: 16 76
Estimated difference between T3^fnT3 - (T2^WT3 + h.c.) is: -1.7243305871984567e-06 2.9733159739481746e-12
total cost: -7.784423853302484
singles alt: [(4, 0), (5, 1), (6, 0), (7, 1), (8, 0), (9, 1), (10, 0), (11, 1), (4, 2), (5, 3), (6, 2), (7, 3), (8, 2), (9, 3), (10, 2), (11, 3)]
length: 16 76
Estimated difference between T3^fnT3 - (T2^WT3 + h.c.) is: -1.7243305871645775e-06 2.9733159738313366e-12
total cost: -7.784423853302511
singles alt: [(4, 0), (5, 1), (6, 0), (7, 1), (8, 0), (9, 1), (10, 0), (11, 1), (4, 2), (5, 3), (6, 2), (7, 3), (8, 2), (9, 3), (10, 2), (11, 3)]
length: 16 76
Estimated difference between T3^fnT3 - (T2^WT3 + h.c.) is: -1.7243304678693108e-06 2.9733155624223964e-12
total cost: -7.7844238532725205
singles alt: [(4, 0), (5, 1), (6, 0), (7, 1), (8, 0), (9, 1), (10, 0), (11, 1), (4, 2), (5, 3), (6, 2), (7, 3), (8, 2), (9, 3), (10, 2), (11, 3)]
length: 16 76
Estimated difference between T3^fnT3 - (T2^WT3 + h.c.) is: -1.7243302793465877e-06 2.973314912271481e-12
total cost: -7.78442385329157
singles alt: [(4, 0), (5, 1), (6, 0), (7, 1), (8, 0), (9, 1), (10, 0), (11, 1), (4, 2), (5, 3), (6, 2), (7, 3), (8, 2), (9, 3), (10, 2), (11, 3)]
length: 16 76
Estimated difference between T3^fnT3 - (T2^WT3 + h.c.) is: -1.7243302793451731e-06 2.9733149122666026e-12
total cost: -7.784423853291583
singles alt: [(4, 0), (5, 1), (6, 0), (7, 1), (8, 0), (9, 1), (10, 0), (11, 1), (4, 2), (5, 3), (6, 2), (7, 3), (8, 2), (9, 3), (10, 2), (11, 3)]
length: 16 76
Estimated difference between T3^fnT3 - (T2^WT3 + h.c.) is: -1.72433027934508e-06 2.9733149122662815e-12
total cost: -7.784423853291583
singles alt: [(4, 0), (5, 1), (6, 0), (7, 1), (8, 0), (9, 1), (10, 0), (11, 1), (4, 2), (5, 3), (6, 2), (7, 3), (8, 2), (9, 3), (10, 2), (11, 3)]
length: 16 76
Estimated difference between T3^fnT3 - (T2^WT3 + h.c.) is: -1.724330279344523e-06 2.973314912264361e-12
total cost: -7.784423853291583
singles alt: [(4, 0), (5, 1), (6, 0), (7, 1), (8, 0), (9, 1), (10, 0), (11, 1), (4, 2), (5, 3), (6, 2), (7, 3), (8, 2), (9, 3), (10, 2), (11, 3)]
length: 16 76
Estimated difference between T3^fnT3 - (T2^WT3 + h.c.) is: -1.7243302793437209e-06 2.9733149122615947e-12
total cost: -7.784423853291612
singles alt: [(4, 0), (5, 1), (6, 0), (7, 1), (8, 0), (9, 1), (10, 0), (11, 1), (4, 2), (5, 3), (6, 2), (7, 3), (8, 2), (9, 3), (10, 2), (11, 3)]
length: 16 76
Estimated difference between T3^fnT3 - (T2^WT3 + h.c.) is: -1.724330279343975e-06 2.9733149122624707e-12
total cost: -7.784423853291582
singles alt: [(4, 0), (5, 1), (6, 0), (7, 1), (8, 0), (9, 1), (10, 0), (11, 1), (4, 2), (5, 3), (6, 2), (7, 3), (8, 2), (9, 3), (10, 2), (11, 3)]
length: 16 76
Estimated difference between T3^fnT3 - (T2^WT3 + h.c.) is: -1.7243302793441834e-06 2.9733149122631892e-12
total cost: -7.784423853291582
singles alt: [(4, 0), (5, 1), (6, 0), (7, 1), (8, 0), (9, 1), (10, 0), (11, 1), (4, 2), (5, 3), (6, 2), (7, 3), (8, 2), (9, 3), (10, 2), (11, 3)]
length: 16 76
Estimated difference between T3^fnT3 - (T2^WT3 + h.c.) is: -1.724330279343937e-06 2.9733149122623403e-12
total cost: -7.784423853291583
singles alt: [(4, 0), (5, 1), (6, 0), (7, 1), (8, 0), (9, 1), (10, 0), (11, 1), (4, 2), (5, 3), (6, 2), (7, 3), (8, 2), (9, 3), (10, 2), (11, 3)]
length: 16 76
Estimated difference between T3^fnT3 - (T2^WT3 + h.c.) is: -1.7243302793471395e-06 2.973314912273384e-12
total cost: -7.78442385329157
singles alt: [(4, 0), (5, 1), (6, 0), (7, 1), (8, 0), (9, 1), (10, 0), (11, 1), (4, 2), (5, 3), (6, 2), (7, 3), (8, 2), (9, 3), (10, 2), (11, 3)]
length: 16 76
Estimated difference between T3^fnT3 - (T2^WT3 + h.c.) is: -1.724330279344799e-06 2.9733149122653125e-12
total cost: -7.784423853291583
singles alt: [(4, 0), (5, 1), (6, 0), (7, 1), (8, 0), (9, 1), (10, 0), (11, 1), (4, 2), (5, 3), (6, 2), (7, 3), (8, 2), (9, 3), (10, 2), (11, 3)]
length: 16 76
Estimated difference between T3^fnT3 - (T2^WT3 + h.c.) is: -1.7243302793495862e-06 2.973314912281822e-12
total cost: -7.784423853291581
singles alt: [(4, 0), (5, 1), (6, 0), (7, 1), (8, 0), (9, 1), (10, 0), (11, 1), (4, 2), (5, 3), (6, 2), (7, 3), (8, 2), (9, 3), (10, 2), (11, 3)]
length: 16 76
Estimated difference between T3^fnT3 - (T2^WT3 + h.c.) is: -1.7243302793445014e-06 2.9733149122642862e-12
total cost: -7.784423853291583
singles alt: [(4, 0), (5, 1), (6, 0), (7, 1), (8, 0), (9, 1), (10, 0), (11, 1), (4, 2), (5, 3), (6, 2), (7, 3), (8, 2), (9, 3), (10, 2), (11, 3)]
length: 16 76
Estimated difference between T3^fnT3 - (T2^WT3 + h.c.) is: -1.7243302793444095e-06 2.973314912263969e-12
total cost: -7.78442385329158
singles alt: [(4, 0), (5, 1), (6, 0), (7, 1), (8, 0), (9, 1), (10, 0), (11, 1), (4, 2), (5, 3), (6, 2), (7, 3), (8, 2), (9, 3), (10, 2), (11, 3)]
length: 16 76
Estimated difference between T3^fnT3 - (T2^WT3 + h.c.) is: -1.7243302793428467e-06 2.97331491225858e-12
total cost: -7.784423853291583
singles alt: [(4, 0), (5, 1), (6, 0), (7, 1), (8, 0), (9, 1), (10, 0), (11, 1), (4, 2), (5, 3), (6, 2), (7, 3), (8, 2), (9, 3), (10, 2), (11, 3)]
length: 16 76
Estimated difference between T3^fnT3 - (T2^WT3 + h.c.) is: -1.7243302793448167e-06 2.9733149122653735e-12
total cost: -7.784423853291583
singles alt: [(4, 0), (5, 1), (6, 0), (7, 1), (8, 0), (9, 1), (10, 0), (11, 1), (4, 2), (5, 3), (6, 2), (7, 3), (8, 2), (9, 3), (10, 2), (11, 3)]
length: 16 76
Estimated difference between T3^fnT3 - (T2^WT3 + h.c.) is: -1.7243302793442147e-06 2.9733149122632975e-12
total cost: -7.784423853291583
singles alt: [(4, 0), (5, 1), (6, 0), (7, 1), (8, 0), (9, 1), (10, 0), (11, 1), (4, 2), (5, 3), (6, 2), (7, 3), (8, 2), (9, 3), (10, 2), (11, 3)]
length: 16 76
Estimated difference between T3^fnT3 - (T2^WT3 + h.c.) is: -1.7243305063249852e-06 2.97331569504298e-12
total cost: -7.784423853327325
singles alt: [(4, 0), (5, 1), (6, 0), (7, 1), (8, 0), (9, 1), (10, 0), (11, 1), (4, 2), (5, 3), (6, 2), (7, 3), (8, 2), (9, 3), (10, 2), (11, 3)]
length: 16 76
Estimated difference between T3^fnT3 - (T2^WT3 + h.c.) is: -1.7243305876566698e-06 2.973315975528396e-12
total cost: -7.784423853302267
singles alt: [(4, 0), (5, 1), (6, 0), (7, 1), (8, 0), (9, 1), (10, 0), (11, 1), (4, 2), (5, 3), (6, 2), (7, 3), (8, 2), (9, 3), (10, 2), (11, 3)]
length: 16 76
Estimated difference between T3^fnT3 - (T2^WT3 + h.c.) is: -1.7243305876264908e-06 2.9733159754243192e-12
total cost: -7.784423853302288
singles alt: [(4, 0), (5, 1), (6, 0), (7, 1), (8, 0), (9, 1), (10, 0), (11, 1), (4, 2), (5, 3), (6, 2), (7, 3), (8, 2), (9, 3), (10, 2), (11, 3)]
length: 16 76
Estimated difference between T3^fnT3 - (T2^WT3 + h.c.) is: -1.7243304679989788e-06 2.9733155628695772e-12
total cost: -7.784423853272311
singles alt: [(4, 0), (5, 1), (6, 0), (7, 1), (8, 0), (9, 1), (10, 0), (11, 1), (4, 2), (5, 3), (6, 2), (7, 3), (8, 2), (9, 3), (10, 2), (11, 3)]
length: 16 76
Estimated difference between T3^fnT3 - (T2^WT3 + h.c.) is: -1.7243302793437272e-06 2.9733149122616165e-12
total cost: -7.784423853291612
singles alt: [(4, 0), (5, 1), (6, 0), (7, 1), (8, 0), (9, 1), (10, 0), (11, 1), (4, 2), (5, 3), (6, 2), (7, 3), (8, 2), (9, 3), (10, 2), (11, 3)]
length: 16 76
Estimated difference between T3^fnT3 - (T2^WT3 + h.c.) is: -1.724330279343975e-06 2.9733149122624707e-12
total cost: -7.784423853291583
singles alt: [(4, 0), (5, 1), (6, 0), (7, 1), (8, 0), (9, 1), (10, 0), (11, 1), (4, 2), (5, 3), (6, 2), (7, 3), (8, 2), (9, 3), (10, 2), (11, 3)]
length: 16 76
Estimated difference between T3^fnT3 - (T2^WT3 + h.c.) is: -1.7243302793473949e-06 2.973314912274265e-12
total cost: -7.784423853291576
singles alt: [(4, 0), (5, 1), (6, 0), (7, 1), (8, 0), (9, 1), (10, 0), (11, 1), (4, 2), (5, 3), (6, 2), (7, 3), (8, 2), (9, 3), (10, 2), (11, 3)]
length: 16 76
Estimated difference between T3^fnT3 - (T2^WT3 + h.c.) is: -1.7243302793439555e-06 2.9733149122624037e-12
total cost: -7.784423853291583
singles alt: [(4, 0), (5, 1), (6, 0), (7, 1), (8, 0), (9, 1), (10, 0), (11, 1), (4, 2), (5, 3), (6, 2), (7, 3), (8, 2), (9, 3), (10, 2), (11, 3)]
length: 16 76
Estimated difference between T3^fnT3 - (T2^WT3 + h.c.) is: -1.7243303384269773e-06 2.973315116019694e-12
total cost: -7.784423853202997
singles alt: [(4, 0), (5, 1), (6, 0), (7, 1), (8, 0), (9, 1), (10, 0), (11, 1), (4, 2), (5, 3), (6, 2), (7, 3), (8, 2), (9, 3), (10, 2), (11, 3)]
length: 16 76
Estimated difference between T3^fnT3 - (T2^WT3 + h.c.) is: -1.7243302255846361e-06 2.9733147268647622e-12
total cost: -7.784423853294625
singles alt: [(4, 0), (5, 1), (6, 0), (7, 1), (8, 0), (9, 1), (10, 0), (11, 1), (4, 2), (5, 3), (6, 2), (7, 3), (8, 2), (9, 3), (10, 2), (11, 3)]
length: 16 76
Estimated difference between T3^fnT3 - (T2^WT3 + h.c.) is: -1.724330072163667e-06 2.9733141977679573e-12
total cost: -7.784423853271892
singles alt: [(4, 0), (5, 1), (6, 0), (7, 1), (8, 0), (9, 1), (10, 0), (11, 1), (4, 2), (5, 3), (6, 2), (7, 3), (8, 2), (9, 3), (10, 2), (11, 3)]
length: 16 76
Estimated difference between T3^fnT3 - (T2^WT3 + h.c.) is: -1.7243301234298208e-06 2.973314374567501e-12
total cost: -7.784423853254823
singles alt: [(4, 0), (5, 1), (6, 0), (7, 1), (8, 0), (9, 1), (10, 0), (11, 1), (4, 2), (5, 3), (6, 2), (7, 3), (8, 2), (9, 3), (10, 2), (11, 3)]
length: 16 76
Estimated difference between T3^fnT3 - (T2^WT3 + h.c.) is: -1.7243302793438056e-06 2.9733149122618867e-12
total cost: -7.784423853291602
singles alt: [(4, 0), (5, 1), (6, 0), (7, 1), (8, 0), (9, 1), (10, 0), (11, 1), (4, 2), (5, 3), (6, 2), (7, 3), (8, 2), (9, 3), (10, 2), (11, 3)]
length: 16 76
Estimated difference between T3^fnT3 - (T2^WT3 + h.c.) is: -1.7243302793450804e-06 2.9733149122662827e-12
total cost: -7.784423853291578
singles alt: [(4, 0), (5, 1), (6, 0), (7, 1), (8, 0), (9, 1), (10, 0), (11, 1), (4, 2), (5, 3), (6, 2), (7, 3), (8, 2), (9, 3), (10, 2), (11, 3)]
length: 16 76
Estimated difference between T3^fnT3 - (T2^WT3 + h.c.) is: -1.7243302793439517e-06 2.9733149122623903e-12
total cost: -7.784423853291583
singles alt: [(4, 0), (5, 1), (6, 0), (7, 1), (8, 0), (9, 1), (10, 0), (11, 1), (4, 2), (5, 3), (6, 2), (7, 3), (8, 2), (9, 3), (10, 2), (11, 3)]
length: 16 76
Estimated difference between T3^fnT3 - (T2^WT3 + h.c.) is: -1.7243302793443157e-06 2.9733149122636456e-12
total cost: -7.784423853291581
singles alt: [(4, 0), (5, 1), (6, 0), (7, 1), (8, 0), (9, 1), (10, 0), (11, 1), (4, 2), (5, 3), (6, 2), (7, 3), (8, 2), (9, 3), (10, 2), (11, 3)]
length: 16 76
Estimated difference between T3^fnT3 - (T2^WT3 + h.c.) is: -1.7243302793442194e-06 2.9733149122633136e-12
total cost: -7.784423853291586
singles alt: [(4, 0), (5, 1), (6, 0), (7, 1), (8, 0), (9, 1), (10, 0), (11, 1), (4, 2), (5, 3), (6, 2), (7, 3), (8, 2), (9, 3), (10, 2), (11, 3)]
length: 16 76
Estimated difference between T3^fnT3 - (T2^WT3 + h.c.) is: -1.724330279347625e-06 2.9733149122750586e-12
total cost: -7.784423853291577
singles alt: [(4, 0), (5, 1), (6, 0), (7, 1), (8, 0), (9, 1), (10, 0), (11, 1), (4, 2), (5, 3), (6, 2), (7, 3), (8, 2), (9, 3), (10, 2), (11, 3)]
length: 16 76
Estimated difference between T3^fnT3 - (T2^WT3 + h.c.) is: -1.72433027934544e-06 2.973314912267523e-12
total cost: -7.784423853291577
singles alt: [(4, 0), (5, 1), (6, 0), (7, 1), (8, 0), (9, 1), (10, 0), (11, 1), (4, 2), (5, 3), (6, 2), (7, 3), (8, 2), (9, 3), (10, 2), (11, 3)]
length: 16 76
Estimated difference between T3^fnT3 - (T2^WT3 + h.c.) is: -1.724330279344005e-06 2.9733149122625745e-12
total cost: -7.7844238532915835
singles alt: [(4, 0), (5, 1), (6, 0), (7, 1), (8, 0), (9, 1), (10, 0), (11, 1), (4, 2), (5, 3), (6, 2), (7, 3), (8, 2), (9, 3), (10, 2), (11, 3)]
length: 16 76
Estimated difference between T3^fnT3 - (T2^WT3 + h.c.) is: -1.72433050467568e-06 2.973315689355085e-12
total cost: -7.78442385336857
singles alt: [(4, 0), (5, 1), (6, 0), (7, 1), (8, 0), (9, 1), (10, 0), (11, 1), (4, 2), (5, 3), (6, 2), (7, 3), (8, 2), (9, 3), (10, 2), (11, 3)]
length: 16 76
Estimated difference between T3^fnT3 - (T2^WT3 + h.c.) is: -1.7243303531210402e-06 2.9733151666945312e-12
total cost: -7.7844238532414725
singles alt: [(4, 0), (5, 1), (6, 0), (7, 1), (8, 0), (9, 1), (10, 0), (11, 1), (4, 2), (5, 3), (6, 2), (7, 3), (8, 2), (9, 3), (10, 2), (11, 3)]
length: 16 76
Estimated difference between T3^fnT3 - (T2^WT3 + h.c.) is: -1.7243303530571146e-06 2.9733151664740735e-12
total cost: -7.784423853241441
singles alt: [(4, 0), (5, 1), (6, 0), (7, 1), (8, 0), (9, 1), (10, 0), (11, 1), (4, 2), (5, 3), (6, 2), (7, 3), (8, 2), (9, 3), (10, 2), (11, 3)]
length: 16 76
Estimated difference between T3^fnT3 - (T2^WT3 + h.c.) is: -1.7243304140232186e-06 2.9733153767254845e-12
total cost: -7.7844238532767775
singles alt: [(4, 0), (5, 1), (6, 0), (7, 1), (8, 0), (9, 1), (10, 0), (11, 1), (4, 2), (5, 3), (6, 2), (7, 3), (8, 2), (9, 3), (10, 2), (11, 3)]
length: 16 76
Estimated difference between T3^fnT3 - (T2^WT3 + h.c.) is: -1.7243302793473542e-06 2.9733149122741248e-12
total cost: -7.784423853291581
singles alt: [(4, 0), (5, 1), (6, 0), (7, 1), (8, 0), (9, 1), (10, 0), (11, 1), (4, 2), (5, 3), (6, 2), (7, 3), (8, 2), (9, 3), (10, 2), (11, 3)]
length: 16 76
Estimated difference between T3^fnT3 - (T2^WT3 + h.c.) is: -1.7243302793428874e-06 2.97331491225872e-12
total cost: -7.7844238532915835
singles alt: [(4, 0), (5, 1), (6, 0), (7, 1), (8, 0), (9, 1), (10, 0), (11, 1), (4, 2), (5, 3), (6, 2), (7, 3), (8, 2), (9, 3), (10, 2), (11, 3)]
length: 16 76
Estimated difference between T3^fnT3 - (T2^WT3 + h.c.) is: -1.7243302793476333e-06 2.9733149122750872e-12
total cost: -7.784423853291583
singles alt: [(4, 0), (5, 1), (6, 0), (7, 1), (8, 0), (9, 1), (10, 0), (11, 1), (4, 2), (5, 3), (6, 2), (7, 3), (8, 2), (9, 3), (10, 2), (11, 3)]
length: 16 76
Estimated difference between T3^fnT3 - (T2^WT3 + h.c.) is: -1.7243302793505331e-06 2.9733149122850877e-12
total cost: -7.78442385329158
singles alt: [(4, 0), (5, 1), (6, 0), (7, 1), (8, 0), (9, 1), (10, 0), (11, 1), (4, 2), (5, 3), (6, 2), (7, 3), (8, 2), (9, 3), (10, 2), (11, 3)]
length: 16 76
Estimated difference between T3^fnT3 - (T2^WT3 + h.c.) is: -1.7243301664506432e-06 2.973314522931703e-12
total cost: -7.7844238532694
singles alt: [(4, 0), (5, 1), (6, 0), (7, 1), (8, 0), (9, 1), (10, 0), (11, 1), (4, 2), (5, 3), (6, 2), (7, 3), (8, 2), (9, 3), (10, 2), (11, 3)]
length: 16 76
Estimated difference between T3^fnT3 - (T2^WT3 + h.c.) is: -1.7243301666382204e-06 2.973314523578593e-12
total cost: -7.784423853269163
singles alt: [(4, 0), (5, 1), (6, 0), (7, 1), (8, 0), (9, 1), (10, 0), (11, 1), (4, 2), (5, 3), (6, 2), (7, 3), (8, 2), (9, 3), (10, 2), (11, 3)]
length: 16 76
Estimated difference between T3^fnT3 - (T2^WT3 + h.c.) is: -1.7243302793475173e-06 2.973314912274687e-12
total cost: -7.78442385329158
singles alt: [(4, 0), (5, 1), (6, 0), (7, 1), (8, 0), (9, 1), (10, 0), (11, 1), (4, 2), (5, 3), (6, 2), (7, 3), (8, 2), (9, 3), (10, 2), (11, 3)]
length: 16 76
Estimated difference between T3^fnT3 - (T2^WT3 + h.c.) is: -1.7243302793431284e-06 2.973314912259551e-12
total cost: -7.784423853291583
singles alt: [(4, 0), (5, 1), (6, 0), (7, 1), (8, 0), (9, 1), (10, 0), (11, 1), (4, 2), (5, 3), (6, 2), (7, 3), (8, 2), (9, 3), (10, 2), (11, 3)]
length: 16 76
Estimated difference between T3^fnT3 - (T2^WT3 + h.c.) is: -1.7243302793451843e-06 2.9733149122666414e-12
total cost: -7.784423853291577
singles alt: [(4, 0), (5, 1), (6, 0), (7, 1), (8, 0), (9, 1), (10, 0), (11, 1), (4, 2), (5, 3), (6, 2), (7, 3), (8, 2), (9, 3), (10, 2), (11, 3)]
length: 16 76
Estimated difference between T3^fnT3 - (T2^WT3 + h.c.) is: -1.7243302793455179e-06 2.9733149122677916e-12
total cost: -7.784423853291578
singles alt: [(4, 0), (5, 1), (6, 0), (7, 1), (8, 0), (9, 1), (10, 0), (11, 1), (4, 2), (5, 3), (6, 2), (7, 3), (8, 2), (9, 3), (10, 2), (11, 3)]
length: 16 76
Estimated difference between T3^fnT3 - (T2^WT3 + h.c.) is: -1.724330279342751e-06 2.9733149122582496e-12
total cost: -7.784423853291584
singles alt: [(4, 0), (5, 1), (6, 0), (7, 1), (8, 0), (9, 1), (10, 0), (11, 1), (4, 2), (5, 3), (6, 2), (7, 3), (8, 2), (9, 3), (10, 2), (11, 3)]
length: 16 76
Estimated difference between T3^fnT3 - (T2^WT3 + h.c.) is: -1.7243302793414839e-06 2.97331491225388e-12
total cost: -7.784423853291586
singles alt: [(4, 0), (5, 1), (6, 0), (7, 1), (8, 0), (9, 1), (10, 0), (11, 1), (4, 2), (5, 3), (6, 2), (7, 3), (8, 2), (9, 3), (10, 2), (11, 3)]
length: 16 76
Estimated difference between T3^fnT3 - (T2^WT3 + h.c.) is: -1.7243302793441685e-06 2.9733149122631384e-12
total cost: -7.784423853277575
singles alt: [(4, 0), (5, 1), (6, 0), (7, 1), (8, 0), (9, 1), (10, 0), (11, 1), (4, 2), (5, 3), (6, 2), (7, 3), (8, 2), (9, 3), (10, 2), (11, 3)]
length: 16 76
Estimated difference between T3^fnT3 - (T2^WT3 + h.c.) is: -1.7243302793441685e-06 2.9733149122631384e-12
total cost: -7.784423853277452
singles alt: [(4, 0), (5, 1), (6, 0), (7, 1), (8, 0), (9, 1), (10, 0), (11, 1), (4, 2), (5, 3), (6, 2), (7, 3), (8, 2), (9, 3), (10, 2), (11, 3)]
length: 16 76
Estimated difference between T3^fnT3 - (T2^WT3 + h.c.) is: -1.7243302793441685e-06 2.9733149122631384e-12
total cost: -7.784423853291587
singles alt: [(4, 0), (5, 1), (6, 0), (7, 1), (8, 0), (9, 1), (10, 0), (11, 1), (4, 2), (5, 3), (6, 2), (7, 3), (8, 2), (9, 3), (10, 2), (11, 3)]
length: 16 76
Estimated difference between T3^fnT3 - (T2^WT3 + h.c.) is: -1.7243302793441685e-06 2.9733149122631384e-12
total cost: -7.784423853291584
singles alt: [(4, 0), (5, 1), (6, 0), (7, 1), (8, 0), (9, 1), (10, 0), (11, 1), (4, 2), (5, 3), (6, 2), (7, 3), (8, 2), (9, 3), (10, 2), (11, 3)]
length: 16 76
Estimated difference between T3^fnT3 - (T2^WT3 + h.c.) is: -1.7243302793441685e-06 2.9733149122631384e-12
total cost: -7.784423853291587
singles alt: [(4, 0), (5, 1), (6, 0), (7, 1), (8, 0), (9, 1), (10, 0), (11, 1), (4, 2), (5, 3), (6, 2), (7, 3), (8, 2), (9, 3), (10, 2), (11, 3)]
length: 16 76
Estimated difference between T3^fnT3 - (T2^WT3 + h.c.) is: -1.7243302793441685e-06 2.9733149122631384e-12
total cost: -7.784423853291582
singles alt: [(4, 0), (5, 1), (6, 0), (7, 1), (8, 0), (9, 1), (10, 0), (11, 1), (4, 2), (5, 3), (6, 2), (7, 3), (8, 2), (9, 3), (10, 2), (11, 3)]
length: 16 76
Estimated difference between T3^fnT3 - (T2^WT3 + h.c.) is: -1.7243302793441685e-06 2.9733149122631384e-12
total cost: -7.784423853306432
singles alt: [(4, 0), (5, 1), (6, 0), (7, 1), (8, 0), (9, 1), (10, 0), (11, 1), (4, 2), (5, 3), (6, 2), (7, 3), (8, 2), (9, 3), (10, 2), (11, 3)]
length: 16 76
Estimated difference between T3^fnT3 - (T2^WT3 + h.c.) is: -1.7243302793441685e-06 2.9733149122631384e-12
total cost: -7.784423853306381
singles alt: [(4, 0), (5, 1), (6, 0), (7, 1), (8, 0), (9, 1), (10, 0), (11, 1), (4, 2), (5, 3), (6, 2), (7, 3), (8, 2), (9, 3), (10, 2), (11, 3)]
length: 16 76
Estimated difference between T3^fnT3 - (T2^WT3 + h.c.) is: -1.7243302793441685e-06 2.9733149122631384e-12
total cost: -7.7844238533237124
singles alt: [(4, 0), (5, 1), (6, 0), (7, 1), (8, 0), (9, 1), (10, 0), (11, 1), (4, 2), (5, 3), (6, 2), (7, 3), (8, 2), (9, 3), (10, 2), (11, 3)]
length: 16 76
Estimated difference between T3^fnT3 - (T2^WT3 + h.c.) is: -1.7243302793441685e-06 2.9733149122631384e-12
total cost: -7.784423853323916
singles alt: [(4, 0), (5, 1), (6, 0), (7, 1), (8, 0), (9, 1), (10, 0), (11, 1), (4, 2), (5, 3), (6, 2), (7, 3), (8, 2), (9, 3), (10, 2), (11, 3)]
length: 16 76
Estimated difference between T3^fnT3 - (T2^WT3 + h.c.) is: -1.7243302793441685e-06 2.9733149122631384e-12
total cost: -7.784423853291583
singles alt: [(4, 0), (5, 1), (6, 0), (7, 1), (8, 0), (9, 1), (10, 0), (11, 1), (4, 2), (5, 3), (6, 2), (7, 3), (8, 2), (9, 3), (10, 2), (11, 3)]
length: 16 76
Estimated difference between T3^fnT3 - (T2^WT3 + h.c.) is: -1.7243302793441685e-06 2.9733149122631384e-12
total cost: -7.784423853291583
singles alt: [(4, 0), (5, 1), (6, 0), (7, 1), (8, 0), (9, 1), (10, 0), (11, 1), (4, 2), (5, 3), (6, 2), (7, 3), (8, 2), (9, 3), (10, 2), (11, 3)]
length: 16 76
Estimated difference between T3^fnT3 - (T2^WT3 + h.c.) is: -1.7243302793441685e-06 2.9733149122631384e-12
total cost: -7.784423853291583
singles alt: [(4, 0), (5, 1), (6, 0), (7, 1), (8, 0), (9, 1), (10, 0), (11, 1), (4, 2), (5, 3), (6, 2), (7, 3), (8, 2), (9, 3), (10, 2), (11, 3)]
length: 16 76
Estimated difference between T3^fnT3 - (T2^WT3 + h.c.) is: -1.7243302793441685e-06 2.9733149122631384e-12
total cost: -7.784423853291583
singles alt: [(4, 0), (5, 1), (6, 0), (7, 1), (8, 0), (9, 1), (10, 0), (11, 1), (4, 2), (5, 3), (6, 2), (7, 3), (8, 2), (9, 3), (10, 2), (11, 3)]
length: 16 76
Estimated difference between T3^fnT3 - (T2^WT3 + h.c.) is: -1.7243302793441685e-06 2.9733149122631384e-12
total cost: -7.784423853301788
singles alt: [(4, 0), (5, 1), (6, 0), (7, 1), (8, 0), (9, 1), (10, 0), (11, 1), (4, 2), (5, 3), (6, 2), (7, 3), (8, 2), (9, 3), (10, 2), (11, 3)]
length: 16 76
Estimated difference between T3^fnT3 - (T2^WT3 + h.c.) is: -1.7243302793441685e-06 2.9733149122631384e-12
total cost: -7.7844238533018535
singles alt: [(4, 0), (5, 1), (6, 0), (7, 1), (8, 0), (9, 1), (10, 0), (11, 1), (4, 2), (5, 3), (6, 2), (7, 3), (8, 2), (9, 3), (10, 2), (11, 3)]
callback: energy=-7.784422128961
singles alt: [(4, 0), (5, 1), (6, 0), (7, 1), (8, 0), (9, 1), (10, 0), (11, 1), (4, 2), (5, 3), (6, 2), (7, 3), (8, 2), (9, 3), (10, 2), (11, 3)]
length: 16 76
Estimated difference between T3^fnT3 - (T2^WT3 + h.c.) is: -1.7715746162963746e-06 3.1384766211056472e-12
total cost: -7.784354555844454
singles alt: [(4, 0), (5, 1), (6, 0), (7, 1), (8, 0), (9, 1), (10, 0), (11, 1), (4, 2), (5, 3), (6, 2), (7, 3), (8, 2), (9, 3), (10, 2), (11, 3)]
length: 16 76
Estimated difference between T3^fnT3 - (T2^WT3 + h.c.) is: -1.7715748180986662e-06 3.1384773361213224e-12
total cost: -7.784354556027252
singles alt: [(4, 0), (5, 1), (6, 0), (7, 1), (8, 0), (9, 1), (10, 0), (11, 1), (4, 2), (5, 3), (6, 2), (7, 3), (8, 2), (9, 3), (10, 2), (11, 3)]
length: 16 76
Estimated difference between T3^fnT3 - (T2^WT3 + h.c.) is: -1.771574737110674e-06 3.138477049168754e-12
total cost: -7.784354555828313
singles alt: [(4, 0), (5, 1), (6, 0), (7, 1), (8, 0), (9, 1), (10, 0), (11, 1), (4, 2), (5, 3), (6, 2), (7, 3), (8, 2), (9, 3), (10, 2), (11, 3)]
length: 16 76
Estimated difference between T3^fnT3 - (T2^WT3 + h.c.) is: -1.7715747367446495e-06 3.138477047871874e-12
total cost: -7.784354555828386
singles alt: [(4, 0), (5, 1), (6, 0), (7, 1), (8, 0), (9, 1), (10, 0), (11, 1), (4, 2), (5, 3), (6, 2), (7, 3), (8, 2), (9, 3), (10, 2), (11, 3)]
length: 16 76
Estimated difference between T3^fnT3 - (T2^WT3 + h.c.) is: -1.771574760055149e-06 3.138477130464459e-12
total cost: -7.784354555883159
singles alt: [(4, 0), (5, 1), (6, 0), (7, 1), (8, 0), (9, 1), (10, 0), (11, 1), (4, 2), (5, 3), (6, 2), (7, 3), (8, 2), (9, 3), (10, 2), (11, 3)]
length: 16 76
Estimated difference between T3^fnT3 - (T2^WT3 + h.c.) is: -1.771574616298371e-06 3.1384766211127207e-12
total cost: -7.784354555844456
singles alt: [(4, 0), (5, 1), (6, 0), (7, 1), (8, 0), (9, 1), (10, 0), (11, 1), (4, 2), (5, 3), (6, 2), (7, 3), (8, 2), (9, 3), (10, 2), (11, 3)]
length: 16 76
Estimated difference between T3^fnT3 - (T2^WT3 + h.c.) is: -1.7715746162938882e-06 3.138476621096837e-12
total cost: -7.784354555844455
singles alt: [(4, 0), (5, 1), (6, 0), (7, 1), (8, 0), (9, 1), (10, 0), (11, 1), (4, 2), (5, 3), (6, 2), (7, 3), (8, 2), (9, 3), (10, 2), (11, 3)]
length: 16 76
Estimated difference between T3^fnT3 - (T2^WT3 + h.c.) is: -1.7715746162929656e-06 3.1384766210935683e-12
total cost: -7.784354555844456
singles alt: [(4, 0), (5, 1), (6, 0), (7, 1), (8, 0), (9, 1), (10, 0), (11, 1), (4, 2), (5, 3), (6, 2), (7, 3), (8, 2), (9, 3), (10, 2), (11, 3)]
length: 16 76
Estimated difference between T3^fnT3 - (T2^WT3 + h.c.) is: -1.7715746162965898e-06 3.1384766211064094e-12
total cost: -7.7843545558444545
singles alt: [(4, 0), (5, 1), (6, 0), (7, 1), (8, 0), (9, 1), (10, 0), (11, 1), (4, 2), (5, 3), (6, 2), (7, 3), (8, 2), (9, 3), (10, 2), (11, 3)]
length: 16 76
Estimated difference between T3^fnT3 - (T2^WT3 + h.c.) is: -1.7715746162709323e-06 3.138476621015501e-12
total cost: -7.784354555844559
singles alt: [(4, 0), (5, 1), (6, 0), (7, 1), (8, 0), (9, 1), (10, 0), (11, 1), (4, 2), (5, 3), (6, 2), (7, 3), (8, 2), (9, 3), (10, 2), (11, 3)]
length: 16 76
Estimated difference between T3^fnT3 - (T2^WT3 + h.c.) is: -1.7715746162960134e-06 3.138476621104367e-12
total cost: -7.784354555844451
singles alt: [(4, 0), (5, 1), (6, 0), (7, 1), (8, 0), (9, 1), (10, 0), (11, 1), (4, 2), (5, 3), (6, 2), (7, 3), (8, 2), (9, 3), (10, 2), (11, 3)]
length: 16 76
Estimated difference between T3^fnT3 - (T2^WT3 + h.c.) is: -1.771574616298049e-06 3.1384766211115797e-12
total cost: -7.784354555844449
singles alt: [(4, 0), (5, 1), (6, 0), (7, 1), (8, 0), (9, 1), (10, 0), (11, 1), (4, 2), (5, 3), (6, 2), (7, 3), (8, 2), (9, 3), (10, 2), (11, 3)]
length: 16 76
Estimated difference between T3^fnT3 - (T2^WT3 + h.c.) is: -1.7715746162938382e-06 3.13847662109666e-12
total cost: -7.7843545558444545
singles alt: [(4, 0), (5, 1), (6, 0), (7, 1), (8, 0), (9, 1), (10, 0), (11, 1), (4, 2), (5, 3), (6, 2), (7, 3), (8, 2), (9, 3), (10, 2), (11, 3)]
length: 16 76
Estimated difference between T3^fnT3 - (T2^WT3 + h.c.) is: -1.7715746552223103e-06 3.1384767590260477e-12
total cost: -7.7843545559605465
singles alt: [(4, 0), (5, 1), (6, 0), (7, 1), (8, 0), (9, 1), (10, 0), (11, 1), (4, 2), (5, 3), (6, 2), (7, 3), (8, 2), (9, 3), (10, 2), (11, 3)]
length: 16 76
Estimated difference between T3^fnT3 - (T2^WT3 + h.c.) is: -1.7715743670180318e-06 3.1384757378753402e-12
total cost: -7.784354555917577
singles alt: [(4, 0), (5, 1), (6, 0), (7, 1), (8, 0), (9, 1), (10, 0), (11, 1), (4, 2), (5, 3), (6, 2), (7, 3), (8, 2), (9, 3), (10, 2), (11, 3)]
length: 16 76
Estimated difference between T3^fnT3 - (T2^WT3 + h.c.) is: -1.7715745944344555e-06 3.1384765436456056e-12
total cost: -7.784354555841727
singles alt: [(4, 0), (5, 1), (6, 0), (7, 1), (8, 0), (9, 1), (10, 0), (11, 1), (4, 2), (5, 3), (6, 2), (7, 3), (8, 2), (9, 3), (10, 2), (11, 3)]
length: 16 76
Estimated difference between T3^fnT3 - (T2^WT3 + h.c.) is: -1.7715744510685524e-06 3.1384760356788426e-12
total cost: -7.784354555848
singles alt: [(4, 0), (5, 1), (6, 0), (7, 1), (8, 0), (9, 1), (10, 0), (11, 1), (4, 2), (5, 3), (6, 2), (7, 3), (8, 2), (9, 3), (10, 2), (11, 3)]
length: 16 76
Estimated difference between T3^fnT3 - (T2^WT3 + h.c.) is: -1.7715746162730707e-06 3.1384766210230774e-12
total cost: -7.784354555844559
singles alt: [(4, 0), (5, 1), (6, 0), (7, 1), (8, 0), (9, 1), (10, 0), (11, 1), (4, 2), (5, 3), (6, 2), (7, 3), (8, 2), (9, 3), (10, 2), (11, 3)]
length: 16 76
Estimated difference between T3^fnT3 - (T2^WT3 + h.c.) is: -1.7715746162896344e-06 3.1384766210817652e-12
total cost: -7.784354555844458
singles alt: [(4, 0), (5, 1), (6, 0), (7, 1), (8, 0), (9, 1), (10, 0), (11, 1), (4, 2), (5, 3), (6, 2), (7, 3), (8, 2), (9, 3), (10, 2), (11, 3)]
length: 16 76
Estimated difference between T3^fnT3 - (T2^WT3 + h.c.) is: -1.7715746163027731e-06 3.138476621128318e-12
total cost: -7.784354555844451
singles alt: [(4, 0), (5, 1), (6, 0), (7, 1), (8, 0), (9, 1), (10, 0), (11, 1), (4, 2), (5, 3), (6, 2), (7, 3), (8, 2), (9, 3), (10, 2), (11, 3)]
length: 16 76
Estimated difference between T3^fnT3 - (T2^WT3 + h.c.) is: -1.7715746162940982e-06 3.1384766210975814e-12
total cost: -7.7843545558444545
singles alt: [(4, 0), (5, 1), (6, 0), (7, 1), (8, 0), (9, 1), (10, 0), (11, 1), (4, 2), (5, 3), (6, 2), (7, 3), (8, 2), (9, 3), (10, 2), (11, 3)]
length: 16 76
Estimated difference between T3^fnT3 - (T2^WT3 + h.c.) is: -1.7715749054837308e-06 3.13847764573969e-12
total cost: -7.784354555514661
singles alt: [(4, 0), (5, 1), (6, 0), (7, 1), (8, 0), (9, 1), (10, 0), (11, 1), (4, 2), (5, 3), (6, 2), (7, 3), (8, 2), (9, 3), (10, 2), (11, 3)]
length: 16 76
Estimated difference between T3^fnT3 - (T2^WT3 + h.c.) is: -1.7715748319536867e-06 3.138477385211733e-12
total cost: -7.7843545559394745
singles alt: [(4, 0), (5, 1), (6, 0), (7, 1), (8, 0), (9, 1), (10, 0), (11, 1), (4, 2), (5, 3), (6, 2), (7, 3), (8, 2), (9, 3), (10, 2), (11, 3)]
length: 16 76
Estimated difference between T3^fnT3 - (T2^WT3 + h.c.) is: -1.7715748319701979e-06 3.1384773852702348e-12
total cost: -7.784354555939403
singles alt: [(4, 0), (5, 1), (6, 0), (7, 1), (8, 0), (9, 1), (10, 0), (11, 1), (4, 2), (5, 3), (6, 2), (7, 3), (8, 2), (9, 3), (10, 2), (11, 3)]
length: 16 76
Estimated difference between T3^fnT3 - (T2^WT3 + h.c.) is: -1.7715748078564273e-06 3.1384772998315373e-12
total cost: -7.784354555874971
singles alt: [(4, 0), (5, 1), (6, 0), (7, 1), (8, 0), (9, 1), (10, 0), (11, 1), (4, 2), (5, 3), (6, 2), (7, 3), (8, 2), (9, 3), (10, 2), (11, 3)]
length: 16 76
Estimated difference between T3^fnT3 - (T2^WT3 + h.c.) is: -1.7715746162775604e-06 3.1384766210389853e-12
total cost: -7.784354555844558
singles alt: [(4, 0), (5, 1), (6, 0), (7, 1), (8, 0), (9, 1), (10, 0), (11, 1), (4, 2), (5, 3), (6, 2), (7, 3), (8, 2), (9, 3), (10, 2), (11, 3)]
length: 16 76
Estimated difference between T3^fnT3 - (T2^WT3 + h.c.) is: -1.7715746162870077e-06 3.1384766210724586e-12
total cost: -7.784354555844458
singles alt: [(4, 0), (5, 1), (6, 0), (7, 1), (8, 0), (9, 1), (10, 0), (11, 1), (4, 2), (5, 3), (6, 2), (7, 3), (8, 2), (9, 3), (10, 2), (11, 3)]
length: 16 76
Estimated difference between T3^fnT3 - (T2^WT3 + h.c.) is: -1.7715746162888382e-06 3.138476621078944e-12
total cost: -7.784354555844458
singles alt: [(4, 0), (5, 1), (6, 0), (7, 1), (8, 0), (9, 1), (10, 0), (11, 1), (4, 2), (5, 3), (6, 2), (7, 3), (8, 2), (9, 3), (10, 2), (11, 3)]
length: 16 76
Estimated difference between T3^fnT3 - (T2^WT3 + h.c.) is: -1.7715746162938958e-06 3.138476621096864e-12
total cost: -7.784354555844455
singles alt: [(4, 0), (5, 1), (6, 0), (7, 1), (8, 0), (9, 1), (10, 0), (11, 1), (4, 2), (5, 3), (6, 2), (7, 3), (8, 2), (9, 3), (10, 2), (11, 3)]
length: 16 76
Estimated difference between T3^fnT3 - (T2^WT3 + h.c.) is: -1.7715746163002964e-06 3.1384766211195425e-12
total cost: -7.784354555844206
singles alt: [(4, 0), (5, 1), (6, 0), (7, 1), (8, 0), (9, 1), (10, 0), (11, 1), (4, 2), (5, 3), (6, 2), (7, 3), (8, 2), (9, 3), (10, 2), (11, 3)]
length: 16 76
Estimated difference between T3^fnT3 - (T2^WT3 + h.c.) is: -1.7715746162939384e-06 3.1384766210970148e-12
total cost: -7.784354555844474
singles alt: [(4, 0), (5, 1), (6, 0), (7, 1), (8, 0), (9, 1), (10, 0), (11, 1), (4, 2), (5, 3), (6, 2), (7, 3), (8, 2), (9, 3), (10, 2), (11, 3)]
length: 16 76
Estimated difference between T3^fnT3 - (T2^WT3 + h.c.) is: -1.7715746162966114e-06 3.1384766211064857e-12
total cost: -7.784354555844466
singles alt: [(4, 0), (5, 1), (6, 0), (7, 1), (8, 0), (9, 1), (10, 0), (11, 1), (4, 2), (5, 3), (6, 2), (7, 3), (8, 2), (9, 3), (10, 2), (11, 3)]
length: 16 76
Estimated difference between T3^fnT3 - (T2^WT3 + h.c.) is: -1.7715746162984319e-06 3.138476621112936e-12
total cost: -7.784354555844452
singles alt: [(4, 0), (5, 1), (6, 0), (7, 1), (8, 0), (9, 1), (10, 0), (11, 1), (4, 2), (5, 3), (6, 2), (7, 3), (8, 2), (9, 3), (10, 2), (11, 3)]
length: 16 76
Estimated difference between T3^fnT3 - (T2^WT3 + h.c.) is: -1.7715746162731594e-06 3.138476621023392e-12
total cost: -7.784354555844561
singles alt: [(4, 0), (5, 1), (6, 0), (7, 1), (8, 0), (9, 1), (10, 0), (11, 1), (4, 2), (5, 3), (6, 2), (7, 3), (8, 2), (9, 3), (10, 2), (11, 3)]
length: 16 76
Estimated difference between T3^fnT3 - (T2^WT3 + h.c.) is: -1.7715746162893282e-06 3.1384766210806804e-12
total cost: -7.784354555844458
singles alt: [(4, 0), (5, 1), (6, 0), (7, 1), (8, 0), (9, 1), (10, 0), (11, 1), (4, 2), (5, 3), (6, 2), (7, 3), (8, 2), (9, 3), (10, 2), (11, 3)]
length: 16 76
Estimated difference between T3^fnT3 - (T2^WT3 + h.c.) is: -1.7715746162956614e-06 3.13847662110312e-12
total cost: -7.784354555844451
singles alt: [(4, 0), (5, 1), (6, 0), (7, 1), (8, 0), (9, 1), (10, 0), (11, 1), (4, 2), (5, 3), (6, 2), (7, 3), (8, 2), (9, 3), (10, 2), (11, 3)]
length: 16 76
Estimated difference between T3^fnT3 - (T2^WT3 + h.c.) is: -1.7715746162942143e-06 3.1384766210979926e-12
total cost: -7.784354555844455
singles alt: [(4, 0), (5, 1), (6, 0), (7, 1), (8, 0), (9, 1), (10, 0), (11, 1), (4, 2), (5, 3), (6, 2), (7, 3), (8, 2), (9, 3), (10, 2), (11, 3)]
length: 16 76
Estimated difference between T3^fnT3 - (T2^WT3 + h.c.) is: -1.7715746162938405e-06 3.1384766210966682e-12
total cost: -7.784354555844474
singles alt: [(4, 0), (5, 1), (6, 0), (7, 1), (8, 0), (9, 1), (10, 0), (11, 1), (4, 2), (5, 3), (6, 2), (7, 3), (8, 2), (9, 3), (10, 2), (11, 3)]
length: 16 76
Estimated difference between T3^fnT3 - (T2^WT3 + h.c.) is: -1.771574616288443e-06 3.138476621077544e-12
total cost: -7.784354555844462
singles alt: [(4, 0), (5, 1), (6, 0), (7, 1), (8, 0), (9, 1), (10, 0), (11, 1), (4, 2), (5, 3), (6, 2), (7, 3), (8, 2), (9, 3), (10, 2), (11, 3)]
length: 16 76
Estimated difference between T3^fnT3 - (T2^WT3 + h.c.) is: -1.7715746162938657e-06 3.1384766210967575e-12
total cost: -7.784354555844455
singles alt: [(4, 0), (5, 1), (6, 0), (7, 1), (8, 0), (9, 1), (10, 0), (11, 1), (4, 2), (5, 3), (6, 2), (7, 3), (8, 2), (9, 3), (10, 2), (11, 3)]
length: 16 76
Estimated difference between T3^fnT3 - (T2^WT3 + h.c.) is: -1.7715746162958885e-06 3.1384766211039242e-12
total cost: -7.784354555844454
singles alt: [(4, 0), (5, 1), (6, 0), (7, 1), (8, 0), (9, 1), (10, 0), (11, 1), (4, 2), (5, 3), (6, 2), (7, 3), (8, 2), (9, 3), (10, 2), (11, 3)]
length: 16 76
Estimated difference between T3^fnT3 - (T2^WT3 + h.c.) is: -1.7715749053334422e-06 3.1384776452071948e-12
total cost: -7.78435455551573
singles alt: [(4, 0), (5, 1), (6, 0), (7, 1), (8, 0), (9, 1), (10, 0), (11, 1), (4, 2), (5, 3), (6, 2), (7, 3), (8, 2), (9, 3), (10, 2), (11, 3)]
length: 16 76
Estimated difference between T3^fnT3 - (T2^WT3 + h.c.) is: -1.7715748306254801e-06 3.1384773805056987e-12
total cost: -7.784354555940519
singles alt: [(4, 0), (5, 1), (6, 0), (7, 1), (8, 0), (9, 1), (10, 0), (11, 1), (4, 2), (5, 3), (6, 2), (7, 3), (8, 2), (9, 3), (10, 2), (11, 3)]
length: 16 76
Estimated difference between T3^fnT3 - (T2^WT3 + h.c.) is: -1.7715748305896034e-06 3.138477380378582e-12
total cost: -7.784354555940491
singles alt: [(4, 0), (5, 1), (6, 0), (7, 1), (8, 0), (9, 1), (10, 0), (11, 1), (4, 2), (5, 3), (6, 2), (7, 3), (8, 2), (9, 3), (10, 2), (11, 3)]
length: 16 76
Estimated difference between T3^fnT3 - (T2^WT3 + h.c.) is: -1.7715748079218186e-06 3.1384773000632287e-12
total cost: -7.7843545558749305
singles alt: [(4, 0), (5, 1), (6, 0), (7, 1), (8, 0), (9, 1), (10, 0), (11, 1), (4, 2), (5, 3), (6, 2), (7, 3), (8, 2), (9, 3), (10, 2), (11, 3)]
length: 16 76
Estimated difference between T3^fnT3 - (T2^WT3 + h.c.) is: -1.7715746163003015e-06 3.1384766211195603e-12
total cost: -7.784354555844204
singles alt: [(4, 0), (5, 1), (6, 0), (7, 1), (8, 0), (9, 1), (10, 0), (11, 1), (4, 2), (5, 3), (6, 2), (7, 3), (8, 2), (9, 3), (10, 2), (11, 3)]
length: 16 76
Estimated difference between T3^fnT3 - (T2^WT3 + h.c.) is: -1.771574616295157e-06 3.138476621101333e-12
total cost: -7.78435455584447
singles alt: [(4, 0), (5, 1), (6, 0), (7, 1), (8, 0), (9, 1), (10, 0), (11, 1), (4, 2), (5, 3), (6, 2), (7, 3), (8, 2), (9, 3), (10, 2), (11, 3)]
length: 16 76
Estimated difference between T3^fnT3 - (T2^WT3 + h.c.) is: -1.7715746162880788e-06 3.1384766210762537e-12
total cost: -7.784354555844477
singles alt: [(4, 0), (5, 1), (6, 0), (7, 1), (8, 0), (9, 1), (10, 0), (11, 1), (4, 2), (5, 3), (6, 2), (7, 3), (8, 2), (9, 3), (10, 2), (11, 3)]
length: 16 76
Estimated difference between T3^fnT3 - (T2^WT3 + h.c.) is: -1.7715746162984465e-06 3.138476621112988e-12
total cost: -7.784354555844452
singles alt: [(4, 0), (5, 1), (6, 0), (7, 1), (8, 0), (9, 1), (10, 0), (11, 1), (4, 2), (5, 3), (6, 2), (7, 3), (8, 2), (9, 3), (10, 2), (11, 3)]
length: 16 76
Estimated difference between T3^fnT3 - (T2^WT3 + h.c.) is: -1.7715746552173162e-06 3.138476759008353e-12
total cost: -7.7843545559587835
singles alt: [(4, 0), (5, 1), (6, 0), (7, 1), (8, 0), (9, 1), (10, 0), (11, 1), (4, 2), (5, 3), (6, 2), (7, 3), (8, 2), (9, 3), (10, 2), (11, 3)]
length: 16 76
Estimated difference between T3^fnT3 - (T2^WT3 + h.c.) is: -1.7715745946082146e-06 3.13847654426126e-12
total cost: -7.784354555841003
singles alt: [(4, 0), (5, 1), (6, 0), (7, 1), (8, 0), (9, 1), (10, 0), (11, 1), (4, 2), (5, 3), (6, 2), (7, 3), (8, 2), (9, 3), (10, 2), (11, 3)]
length: 16 76
Estimated difference between T3^fnT3 - (T2^WT3 + h.c.) is: -1.7715743677781247e-06 3.138475740568462e-12
total cost: -7.784354555914929
singles alt: [(4, 0), (5, 1), (6, 0), (7, 1), (8, 0), (9, 1), (10, 0), (11, 1), (4, 2), (5, 3), (6, 2), (7, 3), (8, 2), (9, 3), (10, 2), (11, 3)]
length: 16 76
Estimated difference between T3^fnT3 - (T2^WT3 + h.c.) is: -1.7715744508676529e-06 3.138476034967026e-12
total cost: -7.784354555847201
singles alt: [(4, 0), (5, 1), (6, 0), (7, 1), (8, 0), (9, 1), (10, 0), (11, 1), (4, 2), (5, 3), (6, 2), (7, 3), (8, 2), (9, 3), (10, 2), (11, 3)]
length: 16 76
Estimated difference between T3^fnT3 - (T2^WT3 + h.c.) is: -1.7715746162993223e-06 3.1384766211160912e-12
total cost: -7.784354555844313
singles alt: [(4, 0), (5, 1), (6, 0), (7, 1), (8, 0), (9, 1), (10, 0), (11, 1), (4, 2), (5, 3), (6, 2), (7, 3), (8, 2), (9, 3), (10, 2), (11, 3)]
length: 16 76
Estimated difference between T3^fnT3 - (T2^WT3 + h.c.) is: -1.7715746162850613e-06 3.138476621065562e-12
total cost: -7.784354555844488
singles alt: [(4, 0), (5, 1), (6, 0), (7, 1), (8, 0), (9, 1), (10, 0), (11, 1), (4, 2), (5, 3), (6, 2), (7, 3), (8, 2), (9, 3), (10, 2), (11, 3)]
length: 16 76
Estimated difference between T3^fnT3 - (T2^WT3 + h.c.) is: -1.7715746162944917e-06 3.1384766210989753e-12
total cost: -7.78435455584447
singles alt: [(4, 0), (5, 1), (6, 0), (7, 1), (8, 0), (9, 1), (10, 0), (11, 1), (4, 2), (5, 3), (6, 2), (7, 3), (8, 2), (9, 3), (10, 2), (11, 3)]
length: 16 76
Estimated difference between T3^fnT3 - (T2^WT3 + h.c.) is: -1.7715746162970292e-06 3.138476621107966e-12
total cost: -7.784354555844452
singles alt: [(4, 0), (5, 1), (6, 0), (7, 1), (8, 0), (9, 1), (10, 0), (11, 1), (4, 2), (5, 3), (6, 2), (7, 3), (8, 2), (9, 3), (10, 2), (11, 3)]
length: 16 76
Estimated difference between T3^fnT3 - (T2^WT3 + h.c.) is: -1.771574616296209e-06 3.1384766211050604e-12
total cost: -7.784354555844399
singles alt: [(4, 0), (5, 1), (6, 0), (7, 1), (8, 0), (9, 1), (10, 0), (11, 1), (4, 2), (5, 3), (6, 2), (7, 3), (8, 2), (9, 3), (10, 2), (11, 3)]
length: 16 76
Estimated difference between T3^fnT3 - (T2^WT3 + h.c.) is: -1.7715746162902883e-06 3.1384766210840824e-12
total cost: -7.784354555844468
singles alt: [(4, 0), (5, 1), (6, 0), (7, 1), (8, 0), (9, 1), (10, 0), (11, 1), (4, 2), (5, 3), (6, 2), (7, 3), (8, 2), (9, 3), (10, 2), (11, 3)]
length: 16 76
Estimated difference between T3^fnT3 - (T2^WT3 + h.c.) is: -1.7715746162938043e-06 3.13847662109654e-12
total cost: -7.784354555844467
singles alt: [(4, 0), (5, 1), (6, 0), (7, 1), (8, 0), (9, 1), (10, 0), (11, 1), (4, 2), (5, 3), (6, 2), (7, 3), (8, 2), (9, 3), (10, 2), (11, 3)]
length: 16 76
Estimated difference between T3^fnT3 - (T2^WT3 + h.c.) is: -1.7715746162974188e-06 3.138476621109347e-12
total cost: -7.784354555844454
singles alt: [(4, 0), (5, 1), (6, 0), (7, 1), (8, 0), (9, 1), (10, 0), (11, 1), (4, 2), (5, 3), (6, 2), (7, 3), (8, 2), (9, 3), (10, 2), (11, 3)]
length: 16 76
Estimated difference between T3^fnT3 - (T2^WT3 + h.c.) is: -1.7715748638397778e-06 3.138477498188927e-12
total cost: -7.784354555901061
singles alt: [(4, 0), (5, 1), (6, 0), (7, 1), (8, 0), (9, 1), (10, 0), (11, 1), (4, 2), (5, 3), (6, 2), (7, 3), (8, 2), (9, 3), (10, 2), (11, 3)]
length: 16 76
Estimated difference between T3^fnT3 - (T2^WT3 + h.c.) is: -1.771574639736957e-06 3.1384767041591286e-12
total cost: -7.7843545559497
singles alt: [(4, 0), (5, 1), (6, 0), (7, 1), (8, 0), (9, 1), (10, 0), (11, 1), (4, 2), (5, 3), (6, 2), (7, 3), (8, 2), (9, 3), (10, 2), (11, 3)]
length: 16 76
Estimated difference between T3^fnT3 - (T2^WT3 + h.c.) is: -1.7715746399119696e-06 3.1384767047792245e-12
total cost: -7.7843545559498795
singles alt: [(4, 0), (5, 1), (6, 0), (7, 1), (8, 0), (9, 1), (10, 0), (11, 1), (4, 2), (5, 3), (6, 2), (7, 3), (8, 2), (9, 3), (10, 2), (11, 3)]
length: 16 76
Estimated difference between T3^fnT3 - (T2^WT3 + h.c.) is: -1.771574751497172e-06 3.1384771001422667e-12
total cost: -7.784354555814766
singles alt: [(4, 0), (5, 1), (6, 0), (7, 1), (8, 0), (9, 1), (10, 0), (11, 1), (4, 2), (5, 3), (6, 2), (7, 3), (8, 2), (9, 3), (10, 2), (11, 3)]
length: 16 76
Estimated difference between T3^fnT3 - (T2^WT3 + h.c.) is: -1.771574616299775e-06 3.138476621117695e-12
total cost: -7.784354555844452
singles alt: [(4, 0), (5, 1), (6, 0), (7, 1), (8, 0), (9, 1), (10, 0), (11, 1), (4, 2), (5, 3), (6, 2), (7, 3), (8, 2), (9, 3), (10, 2), (11, 3)]
length: 16 76
Estimated difference between T3^fnT3 - (T2^WT3 + h.c.) is: -1.7715746162926856e-06 3.1384766210925763e-12
total cost: -7.784354555844458
singles alt: [(4, 0), (5, 1), (6, 0), (7, 1), (8, 0), (9, 1), (10, 0), (11, 1), (4, 2), (5, 3), (6, 2), (7, 3), (8, 2), (9, 3), (10, 2), (11, 3)]
length: 16 76
Estimated difference between T3^fnT3 - (T2^WT3 + h.c.) is: -1.7715746162915931e-06 3.1384766210887054e-12
total cost: -7.7843545558444545
singles alt: [(4, 0), (5, 1), (6, 0), (7, 1), (8, 0), (9, 1), (10, 0), (11, 1), (4, 2), (5, 3), (6, 2), (7, 3), (8, 2), (9, 3), (10, 2), (11, 3)]
length: 16 76
Estimated difference between T3^fnT3 - (T2^WT3 + h.c.) is: -1.7715746162893053e-06 3.138476621080599e-12
total cost: -7.784354555844457
singles alt: [(4, 0), (5, 1), (6, 0), (7, 1), (8, 0), (9, 1), (10, 0), (11, 1), (4, 2), (5, 3), (6, 2), (7, 3), (8, 2), (9, 3), (10, 2), (11, 3)]
length: 16 76
Estimated difference between T3^fnT3 - (T2^WT3 + h.c.) is: -1.7715744168705047e-06 3.138475914510069e-12
total cost: -7.784354555905149
singles alt: [(4, 0), (5, 1), (6, 0), (7, 1), (8, 0), (9, 1), (10, 0), (11, 1), (4, 2), (5, 3), (6, 2), (7, 3), (8, 2), (9, 3), (10, 2), (11, 3)]
length: 16 76
Estimated difference between T3^fnT3 - (T2^WT3 + h.c.) is: -1.7715744160366266e-06 3.1384759115555147e-12
total cost: -7.784354555905849
singles alt: [(4, 0), (5, 1), (6, 0), (7, 1), (8, 0), (9, 1), (10, 0), (11, 1), (4, 2), (5, 3), (6, 2), (7, 3), (8, 2), (9, 3), (10, 2), (11, 3)]
length: 16 76
Estimated difference between T3^fnT3 - (T2^WT3 + h.c.) is: -1.771574616293379e-06 3.138476621095033e-12
total cost: -7.784354555844457
singles alt: [(4, 0), (5, 1), (6, 0), (7, 1), (8, 0), (9, 1), (10, 0), (11, 1), (4, 2), (5, 3), (6, 2), (7, 3), (8, 2), (9, 3), (10, 2), (11, 3)]
length: 16 76
Estimated difference between T3^fnT3 - (T2^WT3 + h.c.) is: -1.77157461628824e-06 3.1384766210768248e-12
total cost: -7.784354555844459
singles alt: [(4, 0), (5, 1), (6, 0), (7, 1), (8, 0), (9, 1), (10, 0), (11, 1), (4, 2), (5, 3), (6, 2), (7, 3), (8, 2), (9, 3), (10, 2), (11, 3)]
length: 16 76
Estimated difference between T3^fnT3 - (T2^WT3 + h.c.) is: -1.7715746162931064e-06 3.138476621094067e-12
total cost: -7.784354555844465
singles alt: [(4, 0), (5, 1), (6, 0), (7, 1), (8, 0), (9, 1), (10, 0), (11, 1), (4, 2), (5, 3), (6, 2), (7, 3), (8, 2), (9, 3), (10, 2), (11, 3)]
length: 16 76
Estimated difference between T3^fnT3 - (T2^WT3 + h.c.) is: -1.7715746162935218e-06 3.1384766210955393e-12
total cost: -7.784354555844472
singles alt: [(4, 0), (5, 1), (6, 0), (7, 1), (8, 0), (9, 1), (10, 0), (11, 1), (4, 2), (5, 3), (6, 2), (7, 3), (8, 2), (9, 3), (10, 2), (11, 3)]
length: 16 76
Estimated difference between T3^fnT3 - (T2^WT3 + h.c.) is: -1.7715746162997795e-06 3.138476621117711e-12
total cost: -7.784354555844451
singles alt: [(4, 0), (5, 1), (6, 0), (7, 1), (8, 0), (9, 1), (10, 0), (11, 1), (4, 2), (5, 3), (6, 2), (7, 3), (8, 2), (9, 3), (10, 2), (11, 3)]
length: 16 76
Estimated difference between T3^fnT3 - (T2^WT3 + h.c.) is: -1.7715746163010011e-06 3.1384766211220394e-12
total cost: -7.784354555844448
singles alt: [(4, 0), (5, 1), (6, 0), (7, 1), (8, 0), (9, 1), (10, 0), (11, 1), (4, 2), (5, 3), (6, 2), (7, 3), (8, 2), (9, 3), (10, 2), (11, 3)]
length: 16 76
Estimated difference between T3^fnT3 - (T2^WT3 + h.c.) is: -1.7715746162963746e-06 3.1384766211056472e-12
total cost: -7.78435455591749
singles alt: [(4, 0), (5, 1), (6, 0), (7, 1), (8, 0), (9, 1), (10, 0), (11, 1), (4, 2), (5, 3), (6, 2), (7, 3), (8, 2), (9, 3), (10, 2), (11, 3)]
length: 16 76
Estimated difference between T3^fnT3 - (T2^WT3 + h.c.) is: -1.7715746162963746e-06 3.1384766211056472e-12
total cost: -7.784354555917648
singles alt: [(4, 0), (5, 1), (6, 0), (7, 1), (8, 0), (9, 1), (10, 0), (11, 1), (4, 2), (5, 3), (6, 2), (7, 3), (8, 2), (9, 3), (10, 2), (11, 3)]
length: 16 76
Estimated difference between T3^fnT3 - (T2^WT3 + h.c.) is: -1.7715746162963746e-06 3.1384766211056472e-12
total cost: -7.784354555844446
singles alt: [(4, 0), (5, 1), (6, 0), (7, 1), (8, 0), (9, 1), (10, 0), (11, 1), (4, 2), (5, 3), (6, 2), (7, 3), (8, 2), (9, 3), (10, 2), (11, 3)]
length: 16 76
Estimated difference between T3^fnT3 - (T2^WT3 + h.c.) is: -1.7715746162963746e-06 3.1384766211056472e-12
total cost: -7.784354555844451
singles alt: [(4, 0), (5, 1), (6, 0), (7, 1), (8, 0), (9, 1), (10, 0), (11, 1), (4, 2), (5, 3), (6, 2), (7, 3), (8, 2), (9, 3), (10, 2), (11, 3)]
length: 16 76
Estimated difference between T3^fnT3 - (T2^WT3 + h.c.) is: -1.7715746162963746e-06 3.1384766211056472e-12
total cost: -7.784354555844445
singles alt: [(4, 0), (5, 1), (6, 0), (7, 1), (8, 0), (9, 1), (10, 0), (11, 1), (4, 2), (5, 3), (6, 2), (7, 3), (8, 2), (9, 3), (10, 2), (11, 3)]
length: 16 76
Estimated difference between T3^fnT3 - (T2^WT3 + h.c.) is: -1.7715746162963746e-06 3.1384766211056472e-12
total cost: -7.784354555844459
singles alt: [(4, 0), (5, 1), (6, 0), (7, 1), (8, 0), (9, 1), (10, 0), (11, 1), (4, 2), (5, 3), (6, 2), (7, 3), (8, 2), (9, 3), (10, 2), (11, 3)]
length: 16 76
Estimated difference between T3^fnT3 - (T2^WT3 + h.c.) is: -1.7715746162963746e-06 3.1384766211056472e-12
total cost: -7.7843545558407525
singles alt: [(4, 0), (5, 1), (6, 0), (7, 1), (8, 0), (9, 1), (10, 0), (11, 1), (4, 2), (5, 3), (6, 2), (7, 3), (8, 2), (9, 3), (10, 2), (11, 3)]
length: 16 76
Estimated difference between T3^fnT3 - (T2^WT3 + h.c.) is: -1.7715746162963746e-06 3.1384766211056472e-12
total cost: -7.784354555840802
singles alt: [(4, 0), (5, 1), (6, 0), (7, 1), (8, 0), (9, 1), (10, 0), (11, 1), (4, 2), (5, 3), (6, 2), (7, 3), (8, 2), (9, 3), (10, 2), (11, 3)]
length: 16 76
Estimated difference between T3^fnT3 - (T2^WT3 + h.c.) is: -1.7715746162963746e-06 3.1384766211056472e-12
total cost: -7.78435455582447
singles alt: [(4, 0), (5, 1), (6, 0), (7, 1), (8, 0), (9, 1), (10, 0), (11, 1), (4, 2), (5, 3), (6, 2), (7, 3), (8, 2), (9, 3), (10, 2), (11, 3)]
length: 16 76
Estimated difference between T3^fnT3 - (T2^WT3 + h.c.) is: -1.7715746162963746e-06 3.1384766211056472e-12
total cost: -7.784354555824295
singles alt: [(4, 0), (5, 1), (6, 0), (7, 1), (8, 0), (9, 1), (10, 0), (11, 1), (4, 2), (5, 3), (6, 2), (7, 3), (8, 2), (9, 3), (10, 2), (11, 3)]
length: 16 76
Estimated difference between T3^fnT3 - (T2^WT3 + h.c.) is: -1.7715746162963746e-06 3.1384766211056472e-12
total cost: -7.7843545558444545
singles alt: [(4, 0), (5, 1), (6, 0), (7, 1), (8, 0), (9, 1), (10, 0), (11, 1), (4, 2), (5, 3), (6, 2), (7, 3), (8, 2), (9, 3), (10, 2), (11, 3)]
length: 16 76
Estimated difference between T3^fnT3 - (T2^WT3 + h.c.) is: -1.7715746162963746e-06 3.1384766211056472e-12
total cost: -7.784354555844456
singles alt: [(4, 0), (5, 1), (6, 0), (7, 1), (8, 0), (9, 1), (10, 0), (11, 1), (4, 2), (5, 3), (6, 2), (7, 3), (8, 2), (9, 3), (10, 2), (11, 3)]
length: 16 76
Estimated difference between T3^fnT3 - (T2^WT3 + h.c.) is: -1.7715746162963746e-06 3.1384766211056472e-12
total cost: -7.784354555844455
singles alt: [(4, 0), (5, 1), (6, 0), (7, 1), (8, 0), (9, 1), (10, 0), (11, 1), (4, 2), (5, 3), (6, 2), (7, 3), (8, 2), (9, 3), (10, 2), (11, 3)]
length: 16 76
Estimated difference between T3^fnT3 - (T2^WT3 + h.c.) is: -1.7715746162963746e-06 3.1384766211056472e-12
total cost: -7.784354555844455
singles alt: [(4, 0), (5, 1), (6, 0), (7, 1), (8, 0), (9, 1), (10, 0), (11, 1), (4, 2), (5, 3), (6, 2), (7, 3), (8, 2), (9, 3), (10, 2), (11, 3)]
length: 16 76
Estimated difference between T3^fnT3 - (T2^WT3 + h.c.) is: -1.7715746162963746e-06 3.1384766211056472e-12
total cost: -7.784354555839937
singles alt: [(4, 0), (5, 1), (6, 0), (7, 1), (8, 0), (9, 1), (10, 0), (11, 1), (4, 2), (5, 3), (6, 2), (7, 3), (8, 2), (9, 3), (10, 2), (11, 3)]
length: 16 76
Estimated difference between T3^fnT3 - (T2^WT3 + h.c.) is: -1.7715746162963746e-06 3.1384766211056472e-12
total cost: -7.7843545558397755
singles alt: [(4, 0), (5, 1), (6, 0), (7, 1), (8, 0), (9, 1), (10, 0), (11, 1), (4, 2), (5, 3), (6, 2), (7, 3), (8, 2), (9, 3), (10, 2), (11, 3)]
length: 16 76
Estimated difference between T3^fnT3 - (T2^WT3 + h.c.) is: -1.729777354843291e-06 2.9921296973286524e-12
total cost: -7.78444156716798
singles alt: [(4, 0), (5, 1), (6, 0), (7, 1), (8, 0), (9, 1), (10, 0), (11, 1), (4, 2), (5, 3), (6, 2), (7, 3), (8, 2), (9, 3), (10, 2), (11, 3)]
length: 16 76
Estimated difference between T3^fnT3 - (T2^WT3 + h.c.) is: -1.7297776036832116e-06 2.992130558204034e-12
total cost: -7.784441567241041
singles alt: [(4, 0), (5, 1), (6, 0), (7, 1), (8, 0), (9, 1), (10, 0), (11, 1), (4, 2), (5, 3), (6, 2), (7, 3), (8, 2), (9, 3), (10, 2), (11, 3)]
length: 16 76
Estimated difference between T3^fnT3 - (T2^WT3 + h.c.) is: -1.729777433970273e-06 2.992129971072782e-12
total cost: -7.784441567167479
singles alt: [(4, 0), (5, 1), (6, 0), (7, 1), (8, 0), (9, 1), (10, 0), (11, 1), (4, 2), (5, 3), (6, 2), (7, 3), (8, 2), (9, 3), (10, 2), (11, 3)]
length: 16 76
Estimated difference between T3^fnT3 - (T2^WT3 + h.c.) is: -1.7297774339754829e-06 2.992129971090806e-12
total cost: -7.784441567167471
singles alt: [(4, 0), (5, 1), (6, 0), (7, 1), (8, 0), (9, 1), (10, 0), (11, 1), (4, 2), (5, 3), (6, 2), (7, 3), (8, 2), (9, 3), (10, 2), (11, 3)]
length: 16 76
Estimated difference between T3^fnT3 - (T2^WT3 + h.c.) is: -1.729777505125784e-06 2.9921302172391813e-12
total cost: -7.78444156715558
singles alt: [(4, 0), (5, 1), (6, 0), (7, 1), (8, 0), (9, 1), (10, 0), (11, 1), (4, 2), (5, 3), (6, 2), (7, 3), (8, 2), (9, 3), (10, 2), (11, 3)]
length: 16 76
Estimated difference between T3^fnT3 - (T2^WT3 + h.c.) is: -1.729777354842848e-06 2.9921296973271197e-12
total cost: -7.784441567167983
singles alt: [(4, 0), (5, 1), (6, 0), (7, 1), (8, 0), (9, 1), (10, 0), (11, 1), (4, 2), (5, 3), (6, 2), (7, 3), (8, 2), (9, 3), (10, 2), (11, 3)]
length: 16 76
Estimated difference between T3^fnT3 - (T2^WT3 + h.c.) is: -1.729777354842502e-06 2.992129697325923e-12
total cost: -7.78444156716798
singles alt: [(4, 0), (5, 1), (6, 0), (7, 1), (8, 0), (9, 1), (10, 0), (11, 1), (4, 2), (5, 3), (6, 2), (7, 3), (8, 2), (9, 3), (10, 2), (11, 3)]
length: 16 76
Estimated difference between T3^fnT3 - (T2^WT3 + h.c.) is: -1.7297773548434743e-06 2.992129697329287e-12
total cost: -7.78444156716798
singles alt: [(4, 0), (5, 1), (6, 0), (7, 1), (8, 0), (9, 1), (10, 0), (11, 1), (4, 2), (5, 3), (6, 2), (7, 3), (8, 2), (9, 3), (10, 2), (11, 3)]
length: 16 76
Estimated difference between T3^fnT3 - (T2^WT3 + h.c.) is: -1.7297773548432907e-06 2.9921296973286516e-12
total cost: -7.78444156716798
singles alt: [(4, 0), (5, 1), (6, 0), (7, 1), (8, 0), (9, 1), (10, 0), (11, 1), (4, 2), (5, 3), (6, 2), (7, 3), (8, 2), (9, 3), (10, 2), (11, 3)]
length: 16 76
Estimated difference between T3^fnT3 - (T2^WT3 + h.c.) is: -1.729777354837551e-06 2.992129697308795e-12
total cost: -7.784441567168005
singles alt: [(4, 0), (5, 1), (6, 0), (7, 1), (8, 0), (9, 1), (10, 0), (11, 1), (4, 2), (5, 3), (6, 2), (7, 3), (8, 2), (9, 3), (10, 2), (11, 3)]
length: 16 76
Estimated difference between T3^fnT3 - (T2^WT3 + h.c.) is: -1.7297773548473611e-06 2.9921296973427335e-12
total cost: -7.784441567167978
singles alt: [(4, 0), (5, 1), (6, 0), (7, 1), (8, 0), (9, 1), (10, 0), (11, 1), (4, 2), (5, 3), (6, 2), (7, 3), (8, 2), (9, 3), (10, 2), (11, 3)]
length: 16 76
Estimated difference between T3^fnT3 - (T2^WT3 + h.c.) is: -1.729777354842379e-06 2.992129697325498e-12
total cost: -7.784441567167981
singles alt: [(4, 0), (5, 1), (6, 0), (7, 1), (8, 0), (9, 1), (10, 0), (11, 1), (4, 2), (5, 3), (6, 2), (7, 3), (8, 2), (9, 3), (10, 2), (11, 3)]
length: 16 76
Estimated difference between T3^fnT3 - (T2^WT3 + h.c.) is: -1.7297773548426387e-06 2.992129697326396e-12
total cost: -7.78444156716798
singles alt: [(4, 0), (5, 1), (6, 0), (7, 1), (8, 0), (9, 1), (10, 0), (11, 1), (4, 2), (5, 3), (6, 2), (7, 3), (8, 2), (9, 3), (10, 2), (11, 3)]
length: 16 76
Estimated difference between T3^fnT3 - (T2^WT3 + h.c.) is: -1.7297774077083214e-06 2.9921298802181203e-12
total cost: -7.784441567142848
singles alt: [(4, 0), (5, 1), (6, 0), (7, 1), (8, 0), (9, 1), (10, 0), (11, 1), (4, 2), (5, 3), (6, 2), (7, 3), (8, 2), (9, 3), (10, 2), (11, 3)]
length: 16 76
Estimated difference between T3^fnT3 - (T2^WT3 + h.c.) is: -1.7297771346583951e-06 2.9921289355870074e-12
total cost: -7.784441567177441
singles alt: [(4, 0), (5, 1), (6, 0), (7, 1), (8, 0), (9, 1), (10, 0), (11, 1), (4, 2), (5, 3), (6, 2), (7, 3), (8, 2), (9, 3), (10, 2), (11, 3)]
length: 16 76
Estimated difference between T3^fnT3 - (T2^WT3 + h.c.) is: -1.7297773110624269e-06 2.99212954586636e-12
total cost: -7.784441567169272
singles alt: [(4, 0), (5, 1), (6, 0), (7, 1), (8, 0), (9, 1), (10, 0), (11, 1), (4, 2), (5, 3), (6, 2), (7, 3), (8, 2), (9, 3), (10, 2), (11, 3)]
length: 16 76
Estimated difference between T3^fnT3 - (T2^WT3 + h.c.) is: -1.729777196291792e-06 2.992129148811093e-12
total cost: -7.784441567143031
singles alt: [(4, 0), (5, 1), (6, 0), (7, 1), (8, 0), (9, 1), (10, 0), (11, 1), (4, 2), (5, 3), (6, 2), (7, 3), (8, 2), (9, 3), (10, 2), (11, 3)]
length: 16 76
Estimated difference between T3^fnT3 - (T2^WT3 + h.c.) is: -1.7297773548380092e-06 2.99212969731038e-12
total cost: -7.784441567168004
singles alt: [(4, 0), (5, 1), (6, 0), (7, 1), (8, 0), (9, 1), (10, 0), (11, 1), (4, 2), (5, 3), (6, 2), (7, 3), (8, 2), (9, 3), (10, 2), (11, 3)]
length: 16 76
Estimated difference between T3^fnT3 - (T2^WT3 + h.c.) is: -1.729777354841629e-06 2.992129697322903e-12
total cost: -7.784441567167984
singles alt: [(4, 0), (5, 1), (6, 0), (7, 1), (8, 0), (9, 1), (10, 0), (11, 1), (4, 2), (5, 3), (6, 2), (7, 3), (8, 2), (9, 3), (10, 2), (11, 3)]
length: 16 76
Estimated difference between T3^fnT3 - (T2^WT3 + h.c.) is: -1.7297773548474452e-06 2.9921296973430243e-12
total cost: -7.784441567167978
singles alt: [(4, 0), (5, 1), (6, 0), (7, 1), (8, 0), (9, 1), (10, 0), (11, 1), (4, 2), (5, 3), (6, 2), (7, 3), (8, 2), (9, 3), (10, 2), (11, 3)]
length: 16 76
Estimated difference between T3^fnT3 - (T2^WT3 + h.c.) is: -1.7297773548427069e-06 2.9921296973266318e-12
total cost: -7.78444156716798
singles alt: [(4, 0), (5, 1), (6, 0), (7, 1), (8, 0), (9, 1), (10, 0), (11, 1), (4, 2), (5, 3), (6, 2), (7, 3), (8, 2), (9, 3), (10, 2), (11, 3)]
length: 16 76
Estimated difference between T3^fnT3 - (T2^WT3 + h.c.) is: -1.7297776010969399e-06 2.992130549256684e-12
total cost: -7.784441567090085
singles alt: [(4, 0), (5, 1), (6, 0), (7, 1), (8, 0), (9, 1), (10, 0), (11, 1), (4, 2), (5, 3), (6, 2), (7, 3), (8, 2), (9, 3), (10, 2), (11, 3)]
length: 16 76
Estimated difference between T3^fnT3 - (T2^WT3 + h.c.) is: -1.729777634025205e-06 2.9921306631738364e-12
total cost: -7.784441567205028
singles alt: [(4, 0), (5, 1), (6, 0), (7, 1), (8, 0), (9, 1), (10, 0), (11, 1), (4, 2), (5, 3), (6, 2), (7, 3), (8, 2), (9, 3), (10, 2), (11, 3)]
length: 16 76
Estimated difference between T3^fnT3 - (T2^WT3 + h.c.) is: -1.7297776340069968e-06 2.992130663110844e-12
total cost: -7.784441567205022
singles alt: [(4, 0), (5, 1), (6, 0), (7, 1), (8, 0), (9, 1), (10, 0), (11, 1), (4, 2), (5, 3), (6, 2), (7, 3), (8, 2), (9, 3), (10, 2), (11, 3)]
length: 16 76
Estimated difference between T3^fnT3 - (T2^WT3 + h.c.) is: -1.7297775443122608e-06 2.9921303528069553e-12
total cost: -7.784441567164313
singles alt: [(4, 0), (5, 1), (6, 0), (7, 1), (8, 0), (9, 1), (10, 0), (11, 1), (4, 2), (5, 3), (6, 2), (7, 3), (8, 2), (9, 3), (10, 2), (11, 3)]
length: 16 76
Estimated difference between T3^fnT3 - (T2^WT3 + h.c.) is: -1.7297773548391066e-06 2.9921296973141764e-12
total cost: -7.784441567168003
singles alt: [(4, 0), (5, 1), (6, 0), (7, 1), (8, 0), (9, 1), (10, 0), (11, 1), (4, 2), (5, 3), (6, 2), (7, 3), (8, 2), (9, 3), (10, 2), (11, 3)]
length: 16 76
Estimated difference between T3^fnT3 - (T2^WT3 + h.c.) is: -1.72977735484107e-06 2.992129697320969e-12
total cost: -7.784441567167984
singles alt: [(4, 0), (5, 1), (6, 0), (7, 1), (8, 0), (9, 1), (10, 0), (11, 1), (4, 2), (5, 3), (6, 2), (7, 3), (8, 2), (9, 3), (10, 2), (11, 3)]
length: 16 76
Estimated difference between T3^fnT3 - (T2^WT3 + h.c.) is: -1.7297773548415753e-06 2.9921296973227168e-12
total cost: -7.784441567167984
singles alt: [(4, 0), (5, 1), (6, 0), (7, 1), (8, 0), (9, 1), (10, 0), (11, 1), (4, 2), (5, 3), (6, 2), (7, 3), (8, 2), (9, 3), (10, 2), (11, 3)]
length: 16 76
Estimated difference between T3^fnT3 - (T2^WT3 + h.c.) is: -1.7297773548427634e-06 2.9921296973268276e-12
total cost: -7.7844415671679785
singles alt: [(4, 0), (5, 1), (6, 0), (7, 1), (8, 0), (9, 1), (10, 0), (11, 1), (4, 2), (5, 3), (6, 2), (7, 3), (8, 2), (9, 3), (10, 2), (11, 3)]
length: 16 76
Estimated difference between T3^fnT3 - (T2^WT3 + h.c.) is: -1.729777354844202e-06 2.992129697331804e-12
total cost: -7.784441567167922
singles alt: [(4, 0), (5, 1), (6, 0), (7, 1), (8, 0), (9, 1), (10, 0), (11, 1), (4, 2), (5, 3), (6, 2), (7, 3), (8, 2), (9, 3), (10, 2), (11, 3)]
length: 16 76
Estimated difference between T3^fnT3 - (T2^WT3 + h.c.) is: -1.7297773548424e-06 2.9921296973255703e-12
total cost: -7.784441567167987
singles alt: [(4, 0), (5, 1), (6, 0), (7, 1), (8, 0), (9, 1), (10, 0), (11, 1), (4, 2), (5, 3), (6, 2), (7, 3), (8, 2), (9, 3), (10, 2), (11, 3)]
length: 16 76
Estimated difference between T3^fnT3 - (T2^WT3 + h.c.) is: -1.7297773548433756e-06 2.9921296973289453e-12
total cost: -7.784441567167986
singles alt: [(4, 0), (5, 1), (6, 0), (7, 1), (8, 0), (9, 1), (10, 0), (11, 1), (4, 2), (5, 3), (6, 2), (7, 3), (8, 2), (9, 3), (10, 2), (11, 3)]
length: 16 76
Estimated difference between T3^fnT3 - (T2^WT3 + h.c.) is: -1.7297773548437708e-06 2.9921296973303125e-12
total cost: -7.784441567167979
singles alt: [(4, 0), (5, 1), (6, 0), (7, 1), (8, 0), (9, 1), (10, 0), (11, 1), (4, 2), (5, 3), (6, 2), (7, 3), (8, 2), (9, 3), (10, 2), (11, 3)]
length: 16 76
Estimated difference between T3^fnT3 - (T2^WT3 + h.c.) is: -1.7297773548381185e-06 2.9921296973107582e-12
total cost: -7.784441567168004
singles alt: [(4, 0), (5, 1), (6, 0), (7, 1), (8, 0), (9, 1), (10, 0), (11, 1), (4, 2), (5, 3), (6, 2), (7, 3), (8, 2), (9, 3), (10, 2), (11, 3)]
length: 16 76
Estimated difference between T3^fnT3 - (T2^WT3 + h.c.) is: -1.7297773548415335e-06 2.9921296973225726e-12
total cost: -7.784441567167984
singles alt: [(4, 0), (5, 1), (6, 0), (7, 1), (8, 0), (9, 1), (10, 0), (11, 1), (4, 2), (5, 3), (6, 2), (7, 3), (8, 2), (9, 3), (10, 2), (11, 3)]
length: 16 76
Estimated difference between T3^fnT3 - (T2^WT3 + h.c.) is: -1.7297773548468017e-06 2.992129697340798e-12
total cost: -7.784441567167978
singles alt: [(4, 0), (5, 1), (6, 0), (7, 1), (8, 0), (9, 1), (10, 0), (11, 1), (4, 2), (5, 3), (6, 2), (7, 3), (8, 2), (9, 3), (10, 2), (11, 3)]
length: 16 76
Estimated difference between T3^fnT3 - (T2^WT3 + h.c.) is: -1.7297773548428483e-06 2.9921296973271213e-12
total cost: -7.7844415671679785
singles alt: [(4, 0), (5, 1), (6, 0), (7, 1), (8, 0), (9, 1), (10, 0), (11, 1), (4, 2), (5, 3), (6, 2), (7, 3), (8, 2), (9, 3), (10, 2), (11, 3)]
length: 16 76
Estimated difference between T3^fnT3 - (T2^WT3 + h.c.) is: -1.7297773548426688e-06 2.9921296973265e-12
total cost: -7.784441567167986
singles alt: [(4, 0), (5, 1), (6, 0), (7, 1), (8, 0), (9, 1), (10, 0), (11, 1), (4, 2), (5, 3), (6, 2), (7, 3), (8, 2), (9, 3), (10, 2), (11, 3)]
length: 16 76
Estimated difference between T3^fnT3 - (T2^WT3 + h.c.) is: -1.7297773548399134e-06 2.9921296973169677e-12
total cost: -7.784441567167985
singles alt: [(4, 0), (5, 1), (6, 0), (7, 1), (8, 0), (9, 1), (10, 0), (11, 1), (4, 2), (5, 3), (6, 2), (7, 3), (8, 2), (9, 3), (10, 2), (11, 3)]
length: 16 76
Estimated difference between T3^fnT3 - (T2^WT3 + h.c.) is: -1.7297773548429574e-06 2.9921296973274985e-12
total cost: -7.784441567167981
singles alt: [(4, 0), (5, 1), (6, 0), (7, 1), (8, 0), (9, 1), (10, 0), (11, 1), (4, 2), (5, 3), (6, 2), (7, 3), (8, 2), (9, 3), (10, 2), (11, 3)]
length: 16 76
Estimated difference between T3^fnT3 - (T2^WT3 + h.c.) is: -1.729777354843172e-06 2.992129697328241e-12
total cost: -7.78444156716798
singles alt: [(4, 0), (5, 1), (6, 0), (7, 1), (8, 0), (9, 1), (10, 0), (11, 1), (4, 2), (5, 3), (6, 2), (7, 3), (8, 2), (9, 3), (10, 2), (11, 3)]
length: 16 76
Estimated difference between T3^fnT3 - (T2^WT3 + h.c.) is: -1.7297776011230045e-06 2.992130549346856e-12
total cost: -7.784441567090373
singles alt: [(4, 0), (5, 1), (6, 0), (7, 1), (8, 0), (9, 1), (10, 0), (11, 1), (4, 2), (5, 3), (6, 2), (7, 3), (8, 2), (9, 3), (10, 2), (11, 3)]
length: 16 76
Estimated difference between T3^fnT3 - (T2^WT3 + h.c.) is: -1.729777633927859e-06 2.992130662837062e-12
total cost: -7.784441567205205
singles alt: [(4, 0), (5, 1), (6, 0), (7, 1), (8, 0), (9, 1), (10, 0), (11, 1), (4, 2), (5, 3), (6, 2), (7, 3), (8, 2), (9, 3), (10, 2), (11, 3)]
length: 16 76
Estimated difference between T3^fnT3 - (T2^WT3 + h.c.) is: -1.729777633895908e-06 2.992130662726526e-12
total cost: -7.784441567205206
singles alt: [(4, 0), (5, 1), (6, 0), (7, 1), (8, 0), (9, 1), (10, 0), (11, 1), (4, 2), (5, 3), (6, 2), (7, 3), (8, 2), (9, 3), (10, 2), (11, 3)]
length: 16 76
Estimated difference between T3^fnT3 - (T2^WT3 + h.c.) is: -1.729777544421939e-06 2.9921303531863933e-12
total cost: -7.784441567164152
singles alt: [(4, 0), (5, 1), (6, 0), (7, 1), (8, 0), (9, 1), (10, 0), (11, 1), (4, 2), (5, 3), (6, 2), (7, 3), (8, 2), (9, 3), (10, 2), (11, 3)]
length: 16 76
Estimated difference between T3^fnT3 - (T2^WT3 + h.c.) is: -1.7297773548442083e-06 2.992129697331826e-12
total cost: -7.784441567167924
singles alt: [(4, 0), (5, 1), (6, 0), (7, 1), (8, 0), (9, 1), (10, 0), (11, 1), (4, 2), (5, 3), (6, 2), (7, 3), (8, 2), (9, 3), (10, 2), (11, 3)]
length: 16 76
Estimated difference between T3^fnT3 - (T2^WT3 + h.c.) is: -1.729777354842779e-06 2.9921296973268818e-12
total cost: -7.7844415671679865
singles alt: [(4, 0), (5, 1), (6, 0), (7, 1), (8, 0), (9, 1), (10, 0), (11, 1), (4, 2), (5, 3), (6, 2), (7, 3), (8, 2), (9, 3), (10, 2), (11, 3)]
length: 16 76
Estimated difference between T3^fnT3 - (T2^WT3 + h.c.) is: -1.729777354842934e-06 2.9921296973274173e-12
total cost: -7.784441567167986
singles alt: [(4, 0), (5, 1), (6, 0), (7, 1), (8, 0), (9, 1), (10, 0), (11, 1), (4, 2), (5, 3), (6, 2), (7, 3), (8, 2), (9, 3), (10, 2), (11, 3)]
length: 16 76
Estimated difference between T3^fnT3 - (T2^WT3 + h.c.) is: -1.7297773548437881e-06 2.9921296973303726e-12
total cost: -7.784441567167979
singles alt: [(4, 0), (5, 1), (6, 0), (7, 1), (8, 0), (9, 1), (10, 0), (11, 1), (4, 2), (5, 3), (6, 2), (7, 3), (8, 2), (9, 3), (10, 2), (11, 3)]
length: 16 76
Estimated difference between T3^fnT3 - (T2^WT3 + h.c.) is: -1.7297774076559523e-06 2.9921298800369467e-12
total cost: -7.784441567142501
singles alt: [(4, 0), (5, 1), (6, 0), (7, 1), (8, 0), (9, 1), (10, 0), (11, 1), (4, 2), (5, 3), (6, 2), (7, 3), (8, 2), (9, 3), (10, 2), (11, 3)]
length: 16 76
Estimated difference between T3^fnT3 - (T2^WT3 + h.c.) is: -1.7297773110576473e-06 2.9921295458498247e-12
total cost: -7.784441567169025
singles alt: [(4, 0), (5, 1), (6, 0), (7, 1), (8, 0), (9, 1), (10, 0), (11, 1), (4, 2), (5, 3), (6, 2), (7, 3), (8, 2), (9, 3), (10, 2), (11, 3)]
length: 16 76
Estimated difference between T3^fnT3 - (T2^WT3 + h.c.) is: -1.7297771348071466e-06 2.9921289361016216e-12
total cost: -7.784441567176327
singles alt: [(4, 0), (5, 1), (6, 0), (7, 1), (8, 0), (9, 1), (10, 0), (11, 1), (4, 2), (5, 3), (6, 2), (7, 3), (8, 2), (9, 3), (10, 2), (11, 3)]
length: 16 76
Estimated difference between T3^fnT3 - (T2^WT3 + h.c.) is: -1.7297771959700644e-06 2.9921291476980585e-12
total cost: -7.784441567143368
singles alt: [(4, 0), (5, 1), (6, 0), (7, 1), (8, 0), (9, 1), (10, 0), (11, 1), (4, 2), (5, 3), (6, 2), (7, 3), (8, 2), (9, 3), (10, 2), (11, 3)]
length: 16 76
Estimated difference between T3^fnT3 - (T2^WT3 + h.c.) is: -1.7297773548439575e-06 2.9921296973309587e-12
total cost: -7.7844415671679466
singles alt: [(4, 0), (5, 1), (6, 0), (7, 1), (8, 0), (9, 1), (10, 0), (11, 1), (4, 2), (5, 3), (6, 2), (7, 3), (8, 2), (9, 3), (10, 2), (11, 3)]
length: 16 76
Estimated difference between T3^fnT3 - (T2^WT3 + h.c.) is: -1.7297773548404013e-06 2.9921296973186556e-12
total cost: -7.784441567167988
singles alt: [(4, 0), (5, 1), (6, 0), (7, 1), (8, 0), (9, 1), (10, 0), (11, 1), (4, 2), (5, 3), (6, 2), (7, 3), (8, 2), (9, 3), (10, 2), (11, 3)]
length: 16 76
Estimated difference between T3^fnT3 - (T2^WT3 + h.c.) is: -1.7297773548425553e-06 2.9921296973261075e-12
total cost: -7.784441567167986
singles alt: [(4, 0), (5, 1), (6, 0), (7, 1), (8, 0), (9, 1), (10, 0), (11, 1), (4, 2), (5, 3), (6, 2), (7, 3), (8, 2), (9, 3), (10, 2), (11, 3)]
length: 16 76
Estimated difference between T3^fnT3 - (T2^WT3 + h.c.) is: -1.7297773548435967e-06 2.9921296973297103e-12
total cost: -7.78444156716798
singles alt: [(4, 0), (5, 1), (6, 0), (7, 1), (8, 0), (9, 1), (10, 0), (11, 1), (4, 2), (5, 3), (6, 2), (7, 3), (8, 2), (9, 3), (10, 2), (11, 3)]
length: 16 76
Estimated difference between T3^fnT3 - (T2^WT3 + h.c.) is: -1.7297773548432748e-06 2.9921296973285967e-12
total cost: -7.784441567167966
singles alt: [(4, 0), (5, 1), (6, 0), (7, 1), (8, 0), (9, 1), (10, 0), (11, 1), (4, 2), (5, 3), (6, 2), (7, 3), (8, 2), (9, 3), (10, 2), (11, 3)]
length: 16 76
Estimated difference between T3^fnT3 - (T2^WT3 + h.c.) is: -1.7297773548437792e-06 2.9921296973303415e-12
total cost: -7.78444156716798
singles alt: [(4, 0), (5, 1), (6, 0), (7, 1), (8, 0), (9, 1), (10, 0), (11, 1), (4, 2), (5, 3), (6, 2), (7, 3), (8, 2), (9, 3), (10, 2), (11, 3)]
length: 16 76
Estimated difference between T3^fnT3 - (T2^WT3 + h.c.) is: -1.7297773548433676e-06 2.9921296973289174e-12
total cost: -7.78444156716798
singles alt: [(4, 0), (5, 1), (6, 0), (7, 1), (8, 0), (9, 1), (10, 0), (11, 1), (4, 2), (5, 3), (6, 2), (7, 3), (8, 2), (9, 3), (10, 2), (11, 3)]
length: 16 76
Estimated difference between T3^fnT3 - (T2^WT3 + h.c.) is: -1.729777354843503e-06 2.9921296973293863e-12
total cost: -7.78444156716798
singles alt: [(4, 0), (5, 1), (6, 0), (7, 1), (8, 0), (9, 1), (10, 0), (11, 1), (4, 2), (5, 3), (6, 2), (7, 3), (8, 2), (9, 3), (10, 2), (11, 3)]
length: 16 76
Estimated difference between T3^fnT3 - (T2^WT3 + h.c.) is: -1.7297775870824869e-06 2.9921305007729106e-12
total cost: -7.7844415672386305
singles alt: [(4, 0), (5, 1), (6, 0), (7, 1), (8, 0), (9, 1), (10, 0), (11, 1), (4, 2), (5, 3), (6, 2), (7, 3), (8, 2), (9, 3), (10, 2), (11, 3)]
length: 16 76
Estimated difference between T3^fnT3 - (T2^WT3 + h.c.) is: -1.7297774129660595e-06 2.9921298984075534e-12
total cost: -7.784441567166169
singles alt: [(4, 0), (5, 1), (6, 0), (7, 1), (8, 0), (9, 1), (10, 0), (11, 1), (4, 2), (5, 3), (6, 2), (7, 3), (8, 2), (9, 3), (10, 2), (11, 3)]
length: 16 76
Estimated difference between T3^fnT3 - (T2^WT3 + h.c.) is: -1.7297774129764411e-06 2.9921298984434695e-12
total cost: -7.784441567166208
singles alt: [(4, 0), (5, 1), (6, 0), (7, 1), (8, 0), (9, 1), (10, 0), (11, 1), (4, 2), (5, 3), (6, 2), (7, 3), (8, 2), (9, 3), (10, 2), (11, 3)]
length: 16 76
Estimated difference between T3^fnT3 - (T2^WT3 + h.c.) is: -1.729777489684599e-06 2.992130163819553e-12
total cost: -7.784441567148588
singles alt: [(4, 0), (5, 1), (6, 0), (7, 1), (8, 0), (9, 1), (10, 0), (11, 1), (4, 2), (5, 3), (6, 2), (7, 3), (8, 2), (9, 3), (10, 2), (11, 3)]
length: 16 76
Estimated difference between T3^fnT3 - (T2^WT3 + h.c.) is: -1.729777354846543e-06 2.9921296973399034e-12
total cost: -7.7844415671679785
singles alt: [(4, 0), (5, 1), (6, 0), (7, 1), (8, 0), (9, 1), (10, 0), (11, 1), (4, 2), (5, 3), (6, 2), (7, 3), (8, 2), (9, 3), (10, 2), (11, 3)]
length: 16 76
Estimated difference between T3^fnT3 - (T2^WT3 + h.c.) is: -1.729777354841261e-06 2.99212969732163e-12
total cost: -7.784441567167981
singles alt: [(4, 0), (5, 1), (6, 0), (7, 1), (8, 0), (9, 1), (10, 0), (11, 1), (4, 2), (5, 3), (6, 2), (7, 3), (8, 2), (9, 3), (10, 2), (11, 3)]
length: 16 76
Estimated difference between T3^fnT3 - (T2^WT3 + h.c.) is: -1.7297773548441909e-06 2.992129697331766e-12
total cost: -7.784441567167981
singles alt: [(4, 0), (5, 1), (6, 0), (7, 1), (8, 0), (9, 1), (10, 0), (11, 1), (4, 2), (5, 3), (6, 2), (7, 3), (8, 2), (9, 3), (10, 2), (11, 3)]
length: 16 76
Estimated difference between T3^fnT3 - (T2^WT3 + h.c.) is: -1.729777354845477e-06 2.992129697336215e-12
total cost: -7.784441567167977
singles alt: [(4, 0), (5, 1), (6, 0), (7, 1), (8, 0), (9, 1), (10, 0), (11, 1), (4, 2), (5, 3), (6, 2), (7, 3), (8, 2), (9, 3), (10, 2), (11, 3)]
length: 16 76
Estimated difference between T3^fnT3 - (T2^WT3 + h.c.) is: -1.7297772150390376e-06 2.992129213668209e-12
total cost: -7.784441567171549
singles alt: [(4, 0), (5, 1), (6, 0), (7, 1), (8, 0), (9, 1), (10, 0), (11, 1), (4, 2), (5, 3), (6, 2), (7, 3), (8, 2), (9, 3), (10, 2), (11, 3)]
length: 16 76
Estimated difference between T3^fnT3 - (T2^WT3 + h.c.) is: -1.7297772149089524e-06 2.992129213218172e-12
total cost: -7.784441567171604
singles alt: [(4, 0), (5, 1), (6, 0), (7, 1), (8, 0), (9, 1), (10, 0), (11, 1), (4, 2), (5, 3), (6, 2), (7, 3), (8, 2), (9, 3), (10, 2), (11, 3)]
length: 16 76
Estimated difference between T3^fnT3 - (T2^WT3 + h.c.) is: -1.7297773548446665e-06 2.992129697333411e-12
total cost: -7.7844415671679785
singles alt: [(4, 0), (5, 1), (6, 0), (7, 1), (8, 0), (9, 1), (10, 0), (11, 1), (4, 2), (5, 3), (6, 2), (7, 3), (8, 2), (9, 3), (10, 2), (11, 3)]
length: 16 76
Estimated difference between T3^fnT3 - (T2^WT3 + h.c.) is: -1.7297773548400442e-06 2.9921296973174205e-12
total cost: -7.784441567167984
singles alt: [(4, 0), (5, 1), (6, 0), (7, 1), (8, 0), (9, 1), (10, 0), (11, 1), (4, 2), (5, 3), (6, 2), (7, 3), (8, 2), (9, 3), (10, 2), (11, 3)]
length: 16 76
Estimated difference between T3^fnT3 - (T2^WT3 + h.c.) is: -1.7297773548429746e-06 2.992129697327558e-12
total cost: -7.78444156716798
singles alt: [(4, 0), (5, 1), (6, 0), (7, 1), (8, 0), (9, 1), (10, 0), (11, 1), (4, 2), (5, 3), (6, 2), (7, 3), (8, 2), (9, 3), (10, 2), (11, 3)]
length: 16 76
Estimated difference between T3^fnT3 - (T2^WT3 + h.c.) is: -1.7297773548433341e-06 2.992129697328802e-12
total cost: -7.784441567167985
singles alt: [(4, 0), (5, 1), (6, 0), (7, 1), (8, 0), (9, 1), (10, 0), (11, 1), (4, 2), (5, 3), (6, 2), (7, 3), (8, 2), (9, 3), (10, 2), (11, 3)]
length: 16 76
Estimated difference between T3^fnT3 - (T2^WT3 + h.c.) is: -1.7297773548433727e-06 2.992129697328935e-12
total cost: -7.784441567167979
singles alt: [(4, 0), (5, 1), (6, 0), (7, 1), (8, 0), (9, 1), (10, 0), (11, 1), (4, 2), (5, 3), (6, 2), (7, 3), (8, 2), (9, 3), (10, 2), (11, 3)]
length: 16 76
Estimated difference between T3^fnT3 - (T2^WT3 + h.c.) is: -1.7297773548428805e-06 2.9921296973272327e-12
total cost: -7.784441567167979
singles alt: [(4, 0), (5, 1), (6, 0), (7, 1), (8, 0), (9, 1), (10, 0), (11, 1), (4, 2), (5, 3), (6, 2), (7, 3), (8, 2), (9, 3), (10, 2), (11, 3)]
length: 16 76
Estimated difference between T3^fnT3 - (T2^WT3 + h.c.) is: -1.729777354843291e-06 2.9921296973286524e-12
total cost: -7.784441567181087
singles alt: [(4, 0), (5, 1), (6, 0), (7, 1), (8, 0), (9, 1), (10, 0), (11, 1), (4, 2), (5, 3), (6, 2), (7, 3), (8, 2), (9, 3), (10, 2), (11, 3)]
length: 16 76
Estimated difference between T3^fnT3 - (T2^WT3 + h.c.) is: -1.729777354843291e-06 2.9921296973286524e-12
total cost: -7.784441567181052
singles alt: [(4, 0), (5, 1), (6, 0), (7, 1), (8, 0), (9, 1), (10, 0), (11, 1), (4, 2), (5, 3), (6, 2), (7, 3), (8, 2), (9, 3), (10, 2), (11, 3)]
length: 16 76
Estimated difference between T3^fnT3 - (T2^WT3 + h.c.) is: -1.729777354843291e-06 2.9921296973286524e-12
total cost: -7.78444156716798
singles alt: [(4, 0), (5, 1), (6, 0), (7, 1), (8, 0), (9, 1), (10, 0), (11, 1), (4, 2), (5, 3), (6, 2), (7, 3), (8, 2), (9, 3), (10, 2), (11, 3)]
length: 16 76
Estimated difference between T3^fnT3 - (T2^WT3 + h.c.) is: -1.729777354843291e-06 2.9921296973286524e-12
total cost: -7.784441567167978
singles alt: [(4, 0), (5, 1), (6, 0), (7, 1), (8, 0), (9, 1), (10, 0), (11, 1), (4, 2), (5, 3), (6, 2), (7, 3), (8, 2), (9, 3), (10, 2), (11, 3)]
length: 16 76
Estimated difference between T3^fnT3 - (T2^WT3 + h.c.) is: -1.729777354843291e-06 2.9921296973286524e-12
total cost: -7.78444156716798
singles alt: [(4, 0), (5, 1), (6, 0), (7, 1), (8, 0), (9, 1), (10, 0), (11, 1), (4, 2), (5, 3), (6, 2), (7, 3), (8, 2), (9, 3), (10, 2), (11, 3)]
length: 16 76
Estimated difference between T3^fnT3 - (T2^WT3 + h.c.) is: -1.729777354843291e-06 2.9921296973286524e-12
total cost: -7.784441567167982
singles alt: [(4, 0), (5, 1), (6, 0), (7, 1), (8, 0), (9, 1), (10, 0), (11, 1), (4, 2), (5, 3), (6, 2), (7, 3), (8, 2), (9, 3), (10, 2), (11, 3)]
length: 16 76
Estimated difference between T3^fnT3 - (T2^WT3 + h.c.) is: -1.729777354843291e-06 2.9921296973286524e-12
total cost: -7.784441567177014
singles alt: [(4, 0), (5, 1), (6, 0), (7, 1), (8, 0), (9, 1), (10, 0), (11, 1), (4, 2), (5, 3), (6, 2), (7, 3), (8, 2), (9, 3), (10, 2), (11, 3)]
length: 16 76
Estimated difference between T3^fnT3 - (T2^WT3 + h.c.) is: -1.729777354843291e-06 2.9921296973286524e-12
total cost: -7.784441567176994
singles alt: [(4, 0), (5, 1), (6, 0), (7, 1), (8, 0), (9, 1), (10, 0), (11, 1), (4, 2), (5, 3), (6, 2), (7, 3), (8, 2), (9, 3), (10, 2), (11, 3)]
length: 16 76
Estimated difference between T3^fnT3 - (T2^WT3 + h.c.) is: -1.729777354843291e-06 2.9921296973286524e-12
total cost: -7.784441567184097
singles alt: [(4, 0), (5, 1), (6, 0), (7, 1), (8, 0), (9, 1), (10, 0), (11, 1), (4, 2), (5, 3), (6, 2), (7, 3), (8, 2), (9, 3), (10, 2), (11, 3)]
length: 16 76
Estimated difference between T3^fnT3 - (T2^WT3 + h.c.) is: -1.729777354843291e-06 2.9921296973286524e-12
total cost: -7.784441567184176
singles alt: [(4, 0), (5, 1), (6, 0), (7, 1), (8, 0), (9, 1), (10, 0), (11, 1), (4, 2), (5, 3), (6, 2), (7, 3), (8, 2), (9, 3), (10, 2), (11, 3)]
length: 16 76
Estimated difference between T3^fnT3 - (T2^WT3 + h.c.) is: -1.729777354843291e-06 2.9921296973286524e-12
total cost: -7.784441567167979
singles alt: [(4, 0), (5, 1), (6, 0), (7, 1), (8, 0), (9, 1), (10, 0), (11, 1), (4, 2), (5, 3), (6, 2), (7, 3), (8, 2), (9, 3), (10, 2), (11, 3)]
length: 16 76
Estimated difference between T3^fnT3 - (T2^WT3 + h.c.) is: -1.729777354843291e-06 2.9921296973286524e-12
total cost: -7.784441567167981
singles alt: [(4, 0), (5, 1), (6, 0), (7, 1), (8, 0), (9, 1), (10, 0), (11, 1), (4, 2), (5, 3), (6, 2), (7, 3), (8, 2), (9, 3), (10, 2), (11, 3)]
length: 16 76
Estimated difference between T3^fnT3 - (T2^WT3 + h.c.) is: -1.729777354843291e-06 2.9921296973286524e-12
total cost: -7.7844415671679785
singles alt: [(4, 0), (5, 1), (6, 0), (7, 1), (8, 0), (9, 1), (10, 0), (11, 1), (4, 2), (5, 3), (6, 2), (7, 3), (8, 2), (9, 3), (10, 2), (11, 3)]
length: 16 76
Estimated difference between T3^fnT3 - (T2^WT3 + h.c.) is: -1.729777354843291e-06 2.9921296973286524e-12
total cost: -7.7844415671679785
singles alt: [(4, 0), (5, 1), (6, 0), (7, 1), (8, 0), (9, 1), (10, 0), (11, 1), (4, 2), (5, 3), (6, 2), (7, 3), (8, 2), (9, 3), (10, 2), (11, 3)]
length: 16 76
Estimated difference between T3^fnT3 - (T2^WT3 + h.c.) is: -1.729777354843291e-06 2.9921296973286524e-12
total cost: -7.784441567173469
singles alt: [(4, 0), (5, 1), (6, 0), (7, 1), (8, 0), (9, 1), (10, 0), (11, 1), (4, 2), (5, 3), (6, 2), (7, 3), (8, 2), (9, 3), (10, 2), (11, 3)]
length: 16 76
Estimated difference between T3^fnT3 - (T2^WT3 + h.c.) is: -1.729777354843291e-06 2.9921296973286524e-12
total cost: -7.784441567173468
singles alt: [(4, 0), (5, 1), (6, 0), (7, 1), (8, 0), (9, 1), (10, 0), (11, 1), (4, 2), (5, 3), (6, 2), (7, 3), (8, 2), (9, 3), (10, 2), (11, 3)]
callback: energy=-7.784439837391
singles alt: [(4, 0), (5, 1), (6, 0), (7, 1), (8, 0), (9, 1), (10, 0), (11, 1), (4, 2), (5, 3), (6, 2), (7, 3), (8, 2), (9, 3), (10, 2), (11, 3)]
length: 16 76
Estimated difference between T3^fnT3 - (T2^WT3 + h.c.) is: -1.7625652966968135e-06 3.1066364251199264e-12
total cost: -7.784447588635599
singles alt: [(4, 0), (5, 1), (6, 0), (7, 1), (8, 0), (9, 1), (10, 0), (11, 1), (4, 2), (5, 3), (6, 2), (7, 3), (8, 2), (9, 3), (10, 2), (11, 3)]
length: 16 76
Estimated difference between T3^fnT3 - (T2^WT3 + h.c.) is: -1.7625656023651993e-06 3.106637502640998e-12
total cost: -7.784447588555112
singles alt: [(4, 0), (5, 1), (6, 0), (7, 1), (8, 0), (9, 1), (10, 0), (11, 1), (4, 2), (5, 3), (6, 2), (7, 3), (8, 2), (9, 3), (10, 2), (11, 3)]
length: 16 76
Estimated difference between T3^fnT3 - (T2^WT3 + h.c.) is: -1.7625653956810084e-06 3.1066367740521495e-12
total cost: -7.7844475886329345
singles alt: [(4, 0), (5, 1), (6, 0), (7, 1), (8, 0), (9, 1), (10, 0), (11, 1), (4, 2), (5, 3), (6, 2), (7, 3), (8, 2), (9, 3), (10, 2), (11, 3)]
length: 16 76
Estimated difference between T3^fnT3 - (T2^WT3 + h.c.) is: -1.7625653955377027e-06 3.1066367735469784e-12
total cost: -7.784447588632986
singles alt: [(4, 0), (5, 1), (6, 0), (7, 1), (8, 0), (9, 1), (10, 0), (11, 1), (4, 2), (5, 3), (6, 2), (7, 3), (8, 2), (9, 3), (10, 2), (11, 3)]
length: 16 76
Estimated difference between T3^fnT3 - (T2^WT3 + h.c.) is: -1.7625654483982172e-06 3.1066369598872083e-12
total cost: -7.784447588658338
singles alt: [(4, 0), (5, 1), (6, 0), (7, 1), (8, 0), (9, 1), (10, 0), (11, 1), (4, 2), (5, 3), (6, 2), (7, 3), (8, 2), (9, 3), (10, 2), (11, 3)]
length: 16 76
Estimated difference between T3^fnT3 - (T2^WT3 + h.c.) is: -1.7625652966958526e-06 3.106636425116539e-12
total cost: -7.7844475886356
singles alt: [(4, 0), (5, 1), (6, 0), (7, 1), (8, 0), (9, 1), (10, 0), (11, 1), (4, 2), (5, 3), (6, 2), (7, 3), (8, 2), (9, 3), (10, 2), (11, 3)]
length: 16 76
Estimated difference between T3^fnT3 - (T2^WT3 + h.c.) is: -1.7625652966963839e-06 3.1066364251184118e-12
total cost: -7.784447588635599
singles alt: [(4, 0), (5, 1), (6, 0), (7, 1), (8, 0), (9, 1), (10, 0), (11, 1), (4, 2), (5, 3), (6, 2), (7, 3), (8, 2), (9, 3), (10, 2), (11, 3)]
length: 16 76
Estimated difference between T3^fnT3 - (T2^WT3 + h.c.) is: -1.7625652966951724e-06 3.106636425114141e-12
total cost: -7.7844475886356
singles alt: [(4, 0), (5, 1), (6, 0), (7, 1), (8, 0), (9, 1), (10, 0), (11, 1), (4, 2), (5, 3), (6, 2), (7, 3), (8, 2), (9, 3), (10, 2), (11, 3)]
length: 16 76
Estimated difference between T3^fnT3 - (T2^WT3 + h.c.) is: -1.7625652966967182e-06 3.1066364251195903e-12
total cost: -7.784447588635598
singles alt: [(4, 0), (5, 1), (6, 0), (7, 1), (8, 0), (9, 1), (10, 0), (11, 1), (4, 2), (5, 3), (6, 2), (7, 3), (8, 2), (9, 3), (10, 2), (11, 3)]
length: 16 76
Estimated difference between T3^fnT3 - (T2^WT3 + h.c.) is: -1.7625652967047341e-06 3.1066364251478474e-12
total cost: -7.784447588635564
singles alt: [(4, 0), (5, 1), (6, 0), (7, 1), (8, 0), (9, 1), (10, 0), (11, 1), (4, 2), (5, 3), (6, 2), (7, 3), (8, 2), (9, 3), (10, 2), (11, 3)]
length: 16 76
Estimated difference between T3^fnT3 - (T2^WT3 + h.c.) is: -1.7625652966914402e-06 3.1066364251009844e-12
total cost: -7.784447588635603
singles alt: [(4, 0), (5, 1), (6, 0), (7, 1), (8, 0), (9, 1), (10, 0), (11, 1), (4, 2), (5, 3), (6, 2), (7, 3), (8, 2), (9, 3), (10, 2), (11, 3)]
length: 16 76
Estimated difference between T3^fnT3 - (T2^WT3 + h.c.) is: -1.7625652966969925e-06 3.1066364251205573e-12
total cost: -7.7844475886356
singles alt: [(4, 0), (5, 1), (6, 0), (7, 1), (8, 0), (9, 1), (10, 0), (11, 1), (4, 2), (5, 3), (6, 2), (7, 3), (8, 2), (9, 3), (10, 2), (11, 3)]
length: 16 76
Estimated difference between T3^fnT3 - (T2^WT3 + h.c.) is: -1.762565296697494e-06 3.1066364251223247e-12
total cost: -7.7844475886356
singles alt: [(4, 0), (5, 1), (6, 0), (7, 1), (8, 0), (9, 1), (10, 0), (11, 1), (4, 2), (5, 3), (6, 2), (7, 3), (8, 2), (9, 3), (10, 2), (11, 3)]
length: 16 76
Estimated difference between T3^fnT3 - (T2^WT3 + h.c.) is: -1.7625653582759322e-06 3.1066366421943653e-12
total cost: -7.784447588616013
singles alt: [(4, 0), (5, 1), (6, 0), (7, 1), (8, 0), (9, 1), (10, 0), (11, 1), (4, 2), (5, 3), (6, 2), (7, 3), (8, 2), (9, 3), (10, 2), (11, 3)]
length: 16 76
Estimated difference between T3^fnT3 - (T2^WT3 + h.c.) is: -1.7625650683599375e-06 3.106635620202671e-12
total cost: -7.784447588650488
singles alt: [(4, 0), (5, 1), (6, 0), (7, 1), (8, 0), (9, 1), (10, 0), (11, 1), (4, 2), (5, 3), (6, 2), (7, 3), (8, 2), (9, 3), (10, 2), (11, 3)]
length: 16 76
Estimated difference between T3^fnT3 - (T2^WT3 + h.c.) is: -1.7625652606741015e-06 3.1066362981351634e-12
total cost: -7.784447588635331
singles alt: [(4, 0), (5, 1), (6, 0), (7, 1), (8, 0), (9, 1), (10, 0), (11, 1), (4, 2), (5, 3), (6, 2), (7, 3), (8, 2), (9, 3), (10, 2), (11, 3)]
length: 16 76
Estimated difference between T3^fnT3 - (T2^WT3 + h.c.) is: -1.7625651319278171e-06 3.1066358442877235e-12
total cost: -7.784447588640648
singles alt: [(4, 0), (5, 1), (6, 0), (7, 1), (8, 0), (9, 1), (10, 0), (11, 1), (4, 2), (5, 3), (6, 2), (7, 3), (8, 2), (9, 3), (10, 2), (11, 3)]
length: 16 76
Estimated difference between T3^fnT3 - (T2^WT3 + h.c.) is: -1.7625652967030625e-06 3.106636425141955e-12
total cost: -7.784447588635566
singles alt: [(4, 0), (5, 1), (6, 0), (7, 1), (8, 0), (9, 1), (10, 0), (11, 1), (4, 2), (5, 3), (6, 2), (7, 3), (8, 2), (9, 3), (10, 2), (11, 3)]
length: 16 76
Estimated difference between T3^fnT3 - (T2^WT3 + h.c.) is: -1.7625652966972256e-06 3.1066364251213788e-12
total cost: -7.784447588635599
singles alt: [(4, 0), (5, 1), (6, 0), (7, 1), (8, 0), (9, 1), (10, 0), (11, 1), (4, 2), (5, 3), (6, 2), (7, 3), (8, 2), (9, 3), (10, 2), (11, 3)]
length: 16 76
Estimated difference between T3^fnT3 - (T2^WT3 + h.c.) is: -1.762565296696501e-06 3.1066364251188245e-12
total cost: -7.784447588635603
singles alt: [(4, 0), (5, 1), (6, 0), (7, 1), (8, 0), (9, 1), (10, 0), (11, 1), (4, 2), (5, 3), (6, 2), (7, 3), (8, 2), (9, 3), (10, 2), (11, 3)]
length: 16 76
Estimated difference between T3^fnT3 - (T2^WT3 + h.c.) is: -1.7625652966973116e-06 3.106636425121682e-12
total cost: -7.7844475886356
singles alt: [(4, 0), (5, 1), (6, 0), (7, 1), (8, 0), (9, 1), (10, 0), (11, 1), (4, 2), (5, 3), (6, 2), (7, 3), (8, 2), (9, 3), (10, 2), (11, 3)]
length: 16 76
Estimated difference between T3^fnT3 - (T2^WT3 + h.c.) is: -1.762565514264496e-06 3.106637192074467e-12
total cost: -7.78444758871731
singles alt: [(4, 0), (5, 1), (6, 0), (7, 1), (8, 0), (9, 1), (10, 0), (11, 1), (4, 2), (5, 3), (6, 2), (7, 3), (8, 2), (9, 3), (10, 2), (11, 3)]
length: 16 76
Estimated difference between T3^fnT3 - (T2^WT3 + h.c.) is: -1.7625656063908467e-06 3.106637516831933e-12
total cost: -7.784447588644934
singles alt: [(4, 0), (5, 1), (6, 0), (7, 1), (8, 0), (9, 1), (10, 0), (11, 1), (4, 2), (5, 3), (6, 2), (7, 3), (8, 2), (9, 3), (10, 2), (11, 3)]
length: 16 76
Estimated difference between T3^fnT3 - (T2^WT3 + h.c.) is: -1.7625656065050102e-06 3.1066375172343743e-12
total cost: -7.784447588644871
singles alt: [(4, 0), (5, 1), (6, 0), (7, 1), (8, 0), (9, 1), (10, 0), (11, 1), (4, 2), (5, 3), (6, 2), (7, 3), (8, 2), (9, 3), (10, 2), (11, 3)]
length: 16 76
Estimated difference between T3^fnT3 - (T2^WT3 + h.c.) is: -1.7625654794484922e-06 3.106637069343493e-12
total cost: -7.784447588649931
singles alt: [(4, 0), (5, 1), (6, 0), (7, 1), (8, 0), (9, 1), (10, 0), (11, 1), (4, 2), (5, 3), (6, 2), (7, 3), (8, 2), (9, 3), (10, 2), (11, 3)]
length: 16 76
Estimated difference between T3^fnT3 - (T2^WT3 + h.c.) is: -1.7625652967014324e-06 3.1066364251362083e-12
total cost: -7.784447588635571
singles alt: [(4, 0), (5, 1), (6, 0), (7, 1), (8, 0), (9, 1), (10, 0), (11, 1), (4, 2), (5, 3), (6, 2), (7, 3), (8, 2), (9, 3), (10, 2), (11, 3)]
length: 16 76
Estimated difference between T3^fnT3 - (T2^WT3 + h.c.) is: -1.7625652966968546e-06 3.106636425120071e-12
total cost: -7.784447588635599
singles alt: [(4, 0), (5, 1), (6, 0), (7, 1), (8, 0), (9, 1), (10, 0), (11, 1), (4, 2), (5, 3), (6, 2), (7, 3), (8, 2), (9, 3), (10, 2), (11, 3)]
length: 16 76
Estimated difference between T3^fnT3 - (T2^WT3 + h.c.) is: -1.7625652966975047e-06 3.1066364251223627e-12
total cost: -7.784447588635599
singles alt: [(4, 0), (5, 1), (6, 0), (7, 1), (8, 0), (9, 1), (10, 0), (11, 1), (4, 2), (5, 3), (6, 2), (7, 3), (8, 2), (9, 3), (10, 2), (11, 3)]
length: 16 76
Estimated difference between T3^fnT3 - (T2^WT3 + h.c.) is: -1.7625652966973302e-06 3.1066364251217476e-12
total cost: -7.784447588635599
singles alt: [(4, 0), (5, 1), (6, 0), (7, 1), (8, 0), (9, 1), (10, 0), (11, 1), (4, 2), (5, 3), (6, 2), (7, 3), (8, 2), (9, 3), (10, 2), (11, 3)]
length: 16 76
Estimated difference between T3^fnT3 - (T2^WT3 + h.c.) is: -1.7625652966951076e-06 3.1066364251139128e-12
total cost: -7.784447588635695
singles alt: [(4, 0), (5, 1), (6, 0), (7, 1), (8, 0), (9, 1), (10, 0), (11, 1), (4, 2), (5, 3), (6, 2), (7, 3), (8, 2), (9, 3), (10, 2), (11, 3)]
length: 16 76
Estimated difference between T3^fnT3 - (T2^WT3 + h.c.) is: -1.7625652966977836e-06 3.1066364251233458e-12
total cost: -7.784447588635591
singles alt: [(4, 0), (5, 1), (6, 0), (7, 1), (8, 0), (9, 1), (10, 0), (11, 1), (4, 2), (5, 3), (6, 2), (7, 3), (8, 2), (9, 3), (10, 2), (11, 3)]
length: 16 76
Estimated difference between T3^fnT3 - (T2^WT3 + h.c.) is: -1.7625652966999859e-06 3.106636425131109e-12
total cost: -7.784447588635588
singles alt: [(4, 0), (5, 1), (6, 0), (7, 1), (8, 0), (9, 1), (10, 0), (11, 1), (4, 2), (5, 3), (6, 2), (7, 3), (8, 2), (9, 3), (10, 2), (11, 3)]
length: 16 76
Estimated difference between T3^fnT3 - (T2^WT3 + h.c.) is: -1.7625652966960571e-06 3.10663642511726e-12
total cost: -7.7844475886356
singles alt: [(4, 0), (5, 1), (6, 0), (7, 1), (8, 0), (9, 1), (10, 0), (11, 1), (4, 2), (5, 3), (6, 2), (7, 3), (8, 2), (9, 3), (10, 2), (11, 3)]
length: 16 76
Estimated difference between T3^fnT3 - (T2^WT3 + h.c.) is: -1.762565296703137e-06 3.1066364251422174e-12
total cost: -7.784447588635568
singles alt: [(4, 0), (5, 1), (6, 0), (7, 1), (8, 0), (9, 1), (10, 0), (11, 1), (4, 2), (5, 3), (6, 2), (7, 3), (8, 2), (9, 3), (10, 2), (11, 3)]
length: 16 76
Estimated difference between T3^fnT3 - (T2^WT3 + h.c.) is: -1.7625652966971274e-06 3.1066364251210327e-12
total cost: -7.784447588635599
singles alt: [(4, 0), (5, 1), (6, 0), (7, 1), (8, 0), (9, 1), (10, 0), (11, 1), (4, 2), (5, 3), (6, 2), (7, 3), (8, 2), (9, 3), (10, 2), (11, 3)]
length: 16 76
Estimated difference between T3^fnT3 - (T2^WT3 + h.c.) is: -1.7625652966941411e-06 3.106636425110506e-12
total cost: -7.784447588635603
singles alt: [(4, 0), (5, 1), (6, 0), (7, 1), (8, 0), (9, 1), (10, 0), (11, 1), (4, 2), (5, 3), (6, 2), (7, 3), (8, 2), (9, 3), (10, 2), (11, 3)]
length: 16 76
Estimated difference between T3^fnT3 - (T2^WT3 + h.c.) is: -1.7625652966972684e-06 3.10663642512153e-12
total cost: -7.784447588635599
singles alt: [(4, 0), (5, 1), (6, 0), (7, 1), (8, 0), (9, 1), (10, 0), (11, 1), (4, 2), (5, 3), (6, 2), (7, 3), (8, 2), (9, 3), (10, 2), (11, 3)]
length: 16 76
Estimated difference between T3^fnT3 - (T2^WT3 + h.c.) is: -1.7625652966982077e-06 3.106636425124841e-12
total cost: -7.784447588635588
singles alt: [(4, 0), (5, 1), (6, 0), (7, 1), (8, 0), (9, 1), (10, 0), (11, 1), (4, 2), (5, 3), (6, 2), (7, 3), (8, 2), (9, 3), (10, 2), (11, 3)]
length: 16 76
Estimated difference between T3^fnT3 - (T2^WT3 + h.c.) is: -1.762565296700465e-06 3.1066364251327986e-12
total cost: -7.784447588635595
singles alt: [(4, 0), (5, 1), (6, 0), (7, 1), (8, 0), (9, 1), (10, 0), (11, 1), (4, 2), (5, 3), (6, 2), (7, 3), (8, 2), (9, 3), (10, 2), (11, 3)]
length: 16 76
Estimated difference between T3^fnT3 - (T2^WT3 + h.c.) is: -1.7625652966978702e-06 3.106636425123651e-12
total cost: -7.784447588635599
singles alt: [(4, 0), (5, 1), (6, 0), (7, 1), (8, 0), (9, 1), (10, 0), (11, 1), (4, 2), (5, 3), (6, 2), (7, 3), (8, 2), (9, 3), (10, 2), (11, 3)]
length: 16 76
Estimated difference between T3^fnT3 - (T2^WT3 + h.c.) is: -1.7625652966970494e-06 3.106636425120758e-12
total cost: -7.784447588635598
singles alt: [(4, 0), (5, 1), (6, 0), (7, 1), (8, 0), (9, 1), (10, 0), (11, 1), (4, 2), (5, 3), (6, 2), (7, 3), (8, 2), (9, 3), (10, 2), (11, 3)]
length: 16 76
Estimated difference between T3^fnT3 - (T2^WT3 + h.c.) is: -1.7625655143570825e-06 3.106637192400847e-12
total cost: -7.784447588717074
singles alt: [(4, 0), (5, 1), (6, 0), (7, 1), (8, 0), (9, 1), (10, 0), (11, 1), (4, 2), (5, 3), (6, 2), (7, 3), (8, 2), (9, 3), (10, 2), (11, 3)]
length: 16 76
Estimated difference between T3^fnT3 - (T2^WT3 + h.c.) is: -1.7625656060640876e-06 3.1066375156800643e-12
total cost: -7.784447588645322
singles alt: [(4, 0), (5, 1), (6, 0), (7, 1), (8, 0), (9, 1), (10, 0), (11, 1), (4, 2), (5, 3), (6, 2), (7, 3), (8, 2), (9, 3), (10, 2), (11, 3)]
length: 16 76
Estimated difference between T3^fnT3 - (T2^WT3 + h.c.) is: -1.7625656061590536e-06 3.1066375160148317e-12
total cost: -7.784447588645277
singles alt: [(4, 0), (5, 1), (6, 0), (7, 1), (8, 0), (9, 1), (10, 0), (11, 1), (4, 2), (5, 3), (6, 2), (7, 3), (8, 2), (9, 3), (10, 2), (11, 3)]
length: 16 76
Estimated difference between T3^fnT3 - (T2^WT3 + h.c.) is: -1.7625654795463503e-06 3.106637069688456e-12
total cost: -7.78444758864988
singles alt: [(4, 0), (5, 1), (6, 0), (7, 1), (8, 0), (9, 1), (10, 0), (11, 1), (4, 2), (5, 3), (6, 2), (7, 3), (8, 2), (9, 3), (10, 2), (11, 3)]
length: 16 76
Estimated difference between T3^fnT3 - (T2^WT3 + h.c.) is: -1.7625652966953278e-06 3.106636425114689e-12
total cost: -7.784447588635685
singles alt: [(4, 0), (5, 1), (6, 0), (7, 1), (8, 0), (9, 1), (10, 0), (11, 1), (4, 2), (5, 3), (6, 2), (7, 3), (8, 2), (9, 3), (10, 2), (11, 3)]
length: 16 76
Estimated difference between T3^fnT3 - (T2^WT3 + h.c.) is: -1.762565296698176e-06 3.106636425124729e-12
total cost: -7.784447588635588
singles alt: [(4, 0), (5, 1), (6, 0), (7, 1), (8, 0), (9, 1), (10, 0), (11, 1), (4, 2), (5, 3), (6, 2), (7, 3), (8, 2), (9, 3), (10, 2), (11, 3)]
length: 16 76
Estimated difference between T3^fnT3 - (T2^WT3 + h.c.) is: -1.7625652966970441e-06 3.106636425120739e-12
total cost: -7.784447588635594
singles alt: [(4, 0), (5, 1), (6, 0), (7, 1), (8, 0), (9, 1), (10, 0), (11, 1), (4, 2), (5, 3), (6, 2), (7, 3), (8, 2), (9, 3), (10, 2), (11, 3)]
length: 16 76
Estimated difference between T3^fnT3 - (T2^WT3 + h.c.) is: -1.7625652966961041e-06 3.1066364251174255e-12
total cost: -7.7844475886356
singles alt: [(4, 0), (5, 1), (6, 0), (7, 1), (8, 0), (9, 1), (10, 0), (11, 1), (4, 2), (5, 3), (6, 2), (7, 3), (8, 2), (9, 3), (10, 2), (11, 3)]
length: 16 76
Estimated difference between T3^fnT3 - (T2^WT3 + h.c.) is: -1.7625653582238545e-06 3.1066366420107846e-12
total cost: -7.784447588616361
singles alt: [(4, 0), (5, 1), (6, 0), (7, 1), (8, 0), (9, 1), (10, 0), (11, 1), (4, 2), (5, 3), (6, 2), (7, 3), (8, 2), (9, 3), (10, 2), (11, 3)]
length: 16 76
Estimated difference between T3^fnT3 - (T2^WT3 + h.c.) is: -1.7625652606972558e-06 3.1066362982167853e-12
total cost: -7.784447588635221
singles alt: [(4, 0), (5, 1), (6, 0), (7, 1), (8, 0), (9, 1), (10, 0), (11, 1), (4, 2), (5, 3), (6, 2), (7, 3), (8, 2), (9, 3), (10, 2), (11, 3)]
length: 16 76
Estimated difference between T3^fnT3 - (T2^WT3 + h.c.) is: -1.7625650681177414e-06 3.1066356193488984e-12
total cost: -7.784447588650598
singles alt: [(4, 0), (5, 1), (6, 0), (7, 1), (8, 0), (9, 1), (10, 0), (11, 1), (4, 2), (5, 3), (6, 2), (7, 3), (8, 2), (9, 3), (10, 2), (11, 3)]
length: 16 76
Estimated difference between T3^fnT3 - (T2^WT3 + h.c.) is: -1.7625651316853675e-06 3.106635843433057e-12
total cost: -7.784447588640119
singles alt: [(4, 0), (5, 1), (6, 0), (7, 1), (8, 0), (9, 1), (10, 0), (11, 1), (4, 2), (5, 3), (6, 2), (7, 3), (8, 2), (9, 3), (10, 2), (11, 3)]
length: 16 76
Estimated difference between T3^fnT3 - (T2^WT3 + h.c.) is: -1.7625652966954811e-06 3.1066364251152295e-12
total cost: -7.784447588635658
singles alt: [(4, 0), (5, 1), (6, 0), (7, 1), (8, 0), (9, 1), (10, 0), (11, 1), (4, 2), (5, 3), (6, 2), (7, 3), (8, 2), (9, 3), (10, 2), (11, 3)]
length: 16 76
Estimated difference between T3^fnT3 - (T2^WT3 + h.c.) is: -1.7625652966955798e-06 3.1066364251155772e-12
total cost: -7.784447588635601
singles alt: [(4, 0), (5, 1), (6, 0), (7, 1), (8, 0), (9, 1), (10, 0), (11, 1), (4, 2), (5, 3), (6, 2), (7, 3), (8, 2), (9, 3), (10, 2), (11, 3)]
length: 16 76
Estimated difference between T3^fnT3 - (T2^WT3 + h.c.) is: -1.7625652966975013e-06 3.106636425122351e-12
total cost: -7.784447588635595
singles alt: [(4, 0), (5, 1), (6, 0), (7, 1), (8, 0), (9, 1), (10, 0), (11, 1), (4, 2), (5, 3), (6, 2), (7, 3), (8, 2), (9, 3), (10, 2), (11, 3)]
length: 16 76
Estimated difference between T3^fnT3 - (T2^WT3 + h.c.) is: -1.7625652966965395e-06 3.1066364251189603e-12
total cost: -7.784447588635598
singles alt: [(4, 0), (5, 1), (6, 0), (7, 1), (8, 0), (9, 1), (10, 0), (11, 1), (4, 2), (5, 3), (6, 2), (7, 3), (8, 2), (9, 3), (10, 2), (11, 3)]
length: 16 76
Estimated difference between T3^fnT3 - (T2^WT3 + h.c.) is: -1.762565296696764e-06 3.1066364251197515e-12
total cost: -7.784447588635618
singles alt: [(4, 0), (5, 1), (6, 0), (7, 1), (8, 0), (9, 1), (10, 0), (11, 1), (4, 2), (5, 3), (6, 2), (7, 3), (8, 2), (9, 3), (10, 2), (11, 3)]
length: 16 76
Estimated difference between T3^fnT3 - (T2^WT3 + h.c.) is: -1.762565296693483e-06 3.106636425108186e-12
total cost: -7.784447588635601
singles alt: [(4, 0), (5, 1), (6, 0), (7, 1), (8, 0), (9, 1), (10, 0), (11, 1), (4, 2), (5, 3), (6, 2), (7, 3), (8, 2), (9, 3), (10, 2), (11, 3)]
length: 16 76
Estimated difference between T3^fnT3 - (T2^WT3 + h.c.) is: -1.7625652966959148e-06 3.1066364251167582e-12
total cost: -7.784447588635601
singles alt: [(4, 0), (5, 1), (6, 0), (7, 1), (8, 0), (9, 1), (10, 0), (11, 1), (4, 2), (5, 3), (6, 2), (7, 3), (8, 2), (9, 3), (10, 2), (11, 3)]
length: 16 76
Estimated difference between T3^fnT3 - (T2^WT3 + h.c.) is: -1.762565296696428e-06 3.106636425118567e-12
total cost: -7.784447588635601
singles alt: [(4, 0), (5, 1), (6, 0), (7, 1), (8, 0), (9, 1), (10, 0), (11, 1), (4, 2), (5, 3), (6, 2), (7, 3), (8, 2), (9, 3), (10, 2), (11, 3)]
length: 16 76
Estimated difference between T3^fnT3 - (T2^WT3 + h.c.) is: -1.7625655216969582e-06 3.1066372182748704e-12
total cost: -7.784447588673602
singles alt: [(4, 0), (5, 1), (6, 0), (7, 1), (8, 0), (9, 1), (10, 0), (11, 1), (4, 2), (5, 3), (6, 2), (7, 3), (8, 2), (9, 3), (10, 2), (11, 3)]
length: 16 76
Estimated difference between T3^fnT3 - (T2^WT3 + h.c.) is: -1.7625653479672003e-06 3.1066366058547378e-12
total cost: -7.784447588685863
singles alt: [(4, 0), (5, 1), (6, 0), (7, 1), (8, 0), (9, 1), (10, 0), (11, 1), (4, 2), (5, 3), (6, 2), (7, 3), (8, 2), (9, 3), (10, 2), (11, 3)]
length: 16 76
Estimated difference between T3^fnT3 - (T2^WT3 + h.c.) is: -1.7625653479838805e-06 3.106636605913538e-12
total cost: -7.784447588685896
singles alt: [(4, 0), (5, 1), (6, 0), (7, 1), (8, 0), (9, 1), (10, 0), (11, 1), (4, 2), (5, 3), (6, 2), (7, 3), (8, 2), (9, 3), (10, 2), (11, 3)]
length: 16 76
Estimated difference between T3^fnT3 - (T2^WT3 + h.c.) is: -1.7625654301361438e-06 3.10663689551101e-12
total cost: -7.784447588623827
singles alt: [(4, 0), (5, 1), (6, 0), (7, 1), (8, 0), (9, 1), (10, 0), (11, 1), (4, 2), (5, 3), (6, 2), (7, 3), (8, 2), (9, 3), (10, 2), (11, 3)]
length: 16 76
Estimated difference between T3^fnT3 - (T2^WT3 + h.c.) is: -1.7625652966981082e-06 3.1066364251244904e-12
total cost: -7.784447588635599
singles alt: [(4, 0), (5, 1), (6, 0), (7, 1), (8, 0), (9, 1), (10, 0), (11, 1), (4, 2), (5, 3), (6, 2), (7, 3), (8, 2), (9, 3), (10, 2), (11, 3)]
length: 16 76
Estimated difference between T3^fnT3 - (T2^WT3 + h.c.) is: -1.7625652966958771e-06 3.1066364251166253e-12
total cost: -7.784447588635599
singles alt: [(4, 0), (5, 1), (6, 0), (7, 1), (8, 0), (9, 1), (10, 0), (11, 1), (4, 2), (5, 3), (6, 2), (7, 3), (8, 2), (9, 3), (10, 2), (11, 3)]
length: 16 76
Estimated difference between T3^fnT3 - (T2^WT3 + h.c.) is: -1.7625652966971938e-06 3.106636425121267e-12
total cost: -7.784447588635598
singles alt: [(4, 0), (5, 1), (6, 0), (7, 1), (8, 0), (9, 1), (10, 0), (11, 1), (4, 2), (5, 3), (6, 2), (7, 3), (8, 2), (9, 3), (10, 2), (11, 3)]
length: 16 76
Estimated difference between T3^fnT3 - (T2^WT3 + h.c.) is: -1.7625652966863398e-06 3.106636425083005e-12
total cost: -7.784447588635604
singles alt: [(4, 0), (5, 1), (6, 0), (7, 1), (8, 0), (9, 1), (10, 0), (11, 1), (4, 2), (5, 3), (6, 2), (7, 3), (8, 2), (9, 3), (10, 2), (11, 3)]
length: 16 76
Estimated difference between T3^fnT3 - (T2^WT3 + h.c.) is: -1.762565143627512e-06 3.1066358855306722e-12
total cost: -7.784447588648765
singles alt: [(4, 0), (5, 1), (6, 0), (7, 1), (8, 0), (9, 1), (10, 0), (11, 1), (4, 2), (5, 3), (6, 2), (7, 3), (8, 2), (9, 3), (10, 2), (11, 3)]
length: 16 76
Estimated difference between T3^fnT3 - (T2^WT3 + h.c.) is: -1.7625651437891719e-06 3.106635886100544e-12
total cost: -7.7844475886491
singles alt: [(4, 0), (5, 1), (6, 0), (7, 1), (8, 0), (9, 1), (10, 0), (11, 1), (4, 2), (5, 3), (6, 2), (7, 3), (8, 2), (9, 3), (10, 2), (11, 3)]
length: 16 76
Estimated difference between T3^fnT3 - (T2^WT3 + h.c.) is: -1.7625652966925165e-06 3.1066364251047786e-12
total cost: -7.784447588635602
singles alt: [(4, 0), (5, 1), (6, 0), (7, 1), (8, 0), (9, 1), (10, 0), (11, 1), (4, 2), (5, 3), (6, 2), (7, 3), (8, 2), (9, 3), (10, 2), (11, 3)]
length: 16 76
Estimated difference between T3^fnT3 - (T2^WT3 + h.c.) is: -1.7625652966979655e-06 3.106636425123987e-12
total cost: -7.784447588635599
singles alt: [(4, 0), (5, 1), (6, 0), (7, 1), (8, 0), (9, 1), (10, 0), (11, 1), (4, 2), (5, 3), (6, 2), (7, 3), (8, 2), (9, 3), (10, 2), (11, 3)]
length: 16 76
Estimated difference between T3^fnT3 - (T2^WT3 + h.c.) is: -1.7625652966952681e-06 3.1066364251144786e-12
total cost: -7.784447588635602
singles alt: [(4, 0), (5, 1), (6, 0), (7, 1), (8, 0), (9, 1), (10, 0), (11, 1), (4, 2), (5, 3), (6, 2), (7, 3), (8, 2), (9, 3), (10, 2), (11, 3)]
length: 16 76
Estimated difference between T3^fnT3 - (T2^WT3 + h.c.) is: -1.762565296696716e-06 3.1066364251195823e-12
total cost: -7.7844475886356
singles alt: [(4, 0), (5, 1), (6, 0), (7, 1), (8, 0), (9, 1), (10, 0), (11, 1), (4, 2), (5, 3), (6, 2), (7, 3), (8, 2), (9, 3), (10, 2), (11, 3)]
length: 16 76
Estimated difference between T3^fnT3 - (T2^WT3 + h.c.) is: -1.7625652966969232e-06 3.106636425120313e-12
total cost: -7.784447588635599
singles alt: [(4, 0), (5, 1), (6, 0), (7, 1), (8, 0), (9, 1), (10, 0), (11, 1), (4, 2), (5, 3), (6, 2), (7, 3), (8, 2), (9, 3), (10, 2), (11, 3)]
length: 16 76
Estimated difference between T3^fnT3 - (T2^WT3 + h.c.) is: -1.7625652966993305e-06 3.1066364251287988e-12
total cost: -7.784447588635599
singles alt: [(4, 0), (5, 1), (6, 0), (7, 1), (8, 0), (9, 1), (10, 0), (11, 1), (4, 2), (5, 3), (6, 2), (7, 3), (8, 2), (9, 3), (10, 2), (11, 3)]
length: 16 76
Estimated difference between T3^fnT3 - (T2^WT3 + h.c.) is: -1.7625652966968135e-06 3.1066364251199264e-12
total cost: -7.78444758866604
singles alt: [(4, 0), (5, 1), (6, 0), (7, 1), (8, 0), (9, 1), (10, 0), (11, 1), (4, 2), (5, 3), (6, 2), (7, 3), (8, 2), (9, 3), (10, 2), (11, 3)]
length: 16 76
Estimated difference between T3^fnT3 - (T2^WT3 + h.c.) is: -1.7625652966968135e-06 3.1066364251199264e-12
total cost: -7.784447588666173
singles alt: [(4, 0), (5, 1), (6, 0), (7, 1), (8, 0), (9, 1), (10, 0), (11, 1), (4, 2), (5, 3), (6, 2), (7, 3), (8, 2), (9, 3), (10, 2), (11, 3)]
length: 16 76
Estimated difference between T3^fnT3 - (T2^WT3 + h.c.) is: -1.7625652966968135e-06 3.1066364251199264e-12
total cost: -7.784447588635593
singles alt: [(4, 0), (5, 1), (6, 0), (7, 1), (8, 0), (9, 1), (10, 0), (11, 1), (4, 2), (5, 3), (6, 2), (7, 3), (8, 2), (9, 3), (10, 2), (11, 3)]
length: 16 76
Estimated difference between T3^fnT3 - (T2^WT3 + h.c.) is: -1.7625652966968135e-06 3.1066364251199264e-12
total cost: -7.784447588635601
singles alt: [(4, 0), (5, 1), (6, 0), (7, 1), (8, 0), (9, 1), (10, 0), (11, 1), (4, 2), (5, 3), (6, 2), (7, 3), (8, 2), (9, 3), (10, 2), (11, 3)]
length: 16 76
Estimated difference between T3^fnT3 - (T2^WT3 + h.c.) is: -1.7625652966968135e-06 3.1066364251199264e-12
total cost: -7.784447588635593
singles alt: [(4, 0), (5, 1), (6, 0), (7, 1), (8, 0), (9, 1), (10, 0), (11, 1), (4, 2), (5, 3), (6, 2), (7, 3), (8, 2), (9, 3), (10, 2), (11, 3)]
length: 16 76
Estimated difference between T3^fnT3 - (T2^WT3 + h.c.) is: -1.7625652966968135e-06 3.1066364251199264e-12
total cost: -7.7844475886356
singles alt: [(4, 0), (5, 1), (6, 0), (7, 1), (8, 0), (9, 1), (10, 0), (11, 1), (4, 2), (5, 3), (6, 2), (7, 3), (8, 2), (9, 3), (10, 2), (11, 3)]
length: 16 76
Estimated difference between T3^fnT3 - (T2^WT3 + h.c.) is: -1.7625652966968135e-06 3.1066364251199264e-12
total cost: -7.784447588627395
singles alt: [(4, 0), (5, 1), (6, 0), (7, 1), (8, 0), (9, 1), (10, 0), (11, 1), (4, 2), (5, 3), (6, 2), (7, 3), (8, 2), (9, 3), (10, 2), (11, 3)]
length: 16 76
Estimated difference between T3^fnT3 - (T2^WT3 + h.c.) is: -1.7625652966968135e-06 3.1066364251199264e-12
total cost: -7.784447588627448
singles alt: [(4, 0), (5, 1), (6, 0), (7, 1), (8, 0), (9, 1), (10, 0), (11, 1), (4, 2), (5, 3), (6, 2), (7, 3), (8, 2), (9, 3), (10, 2), (11, 3)]
length: 16 76
Estimated difference between T3^fnT3 - (T2^WT3 + h.c.) is: -1.7625652966968135e-06 3.1066364251199264e-12
total cost: -7.784447588633354
singles alt: [(4, 0), (5, 1), (6, 0), (7, 1), (8, 0), (9, 1), (10, 0), (11, 1), (4, 2), (5, 3), (6, 2), (7, 3), (8, 2), (9, 3), (10, 2), (11, 3)]
length: 16 76
Estimated difference between T3^fnT3 - (T2^WT3 + h.c.) is: -1.7625652966968135e-06 3.1066364251199264e-12
total cost: -7.784447588633274
singles alt: [(4, 0), (5, 1), (6, 0), (7, 1), (8, 0), (9, 1), (10, 0), (11, 1), (4, 2), (5, 3), (6, 2), (7, 3), (8, 2), (9, 3), (10, 2), (11, 3)]
length: 16 76
Estimated difference between T3^fnT3 - (T2^WT3 + h.c.) is: -1.7625652966968135e-06 3.1066364251199264e-12
total cost: -7.7844475886356
singles alt: [(4, 0), (5, 1), (6, 0), (7, 1), (8, 0), (9, 1), (10, 0), (11, 1), (4, 2), (5, 3), (6, 2), (7, 3), (8, 2), (9, 3), (10, 2), (11, 3)]
length: 16 76
Estimated difference between T3^fnT3 - (T2^WT3 + h.c.) is: -1.7625652966968135e-06 3.1066364251199264e-12
total cost: -7.784447588635599
singles alt: [(4, 0), (5, 1), (6, 0), (7, 1), (8, 0), (9, 1), (10, 0), (11, 1), (4, 2), (5, 3), (6, 2), (7, 3), (8, 2), (9, 3), (10, 2), (11, 3)]
length: 16 76
Estimated difference between T3^fnT3 - (T2^WT3 + h.c.) is: -1.7625652966968135e-06 3.1066364251199264e-12
total cost: -7.784447588635599
singles alt: [(4, 0), (5, 1), (6, 0), (7, 1), (8, 0), (9, 1), (10, 0), (11, 1), (4, 2), (5, 3), (6, 2), (7, 3), (8, 2), (9, 3), (10, 2), (11, 3)]
length: 16 76
Estimated difference between T3^fnT3 - (T2^WT3 + h.c.) is: -1.7625652966968135e-06 3.1066364251199264e-12
total cost: -7.784447588635599
singles alt: [(4, 0), (5, 1), (6, 0), (7, 1), (8, 0), (9, 1), (10, 0), (11, 1), (4, 2), (5, 3), (6, 2), (7, 3), (8, 2), (9, 3), (10, 2), (11, 3)]
length: 16 76
Estimated difference between T3^fnT3 - (T2^WT3 + h.c.) is: -1.7625652966968135e-06 3.1066364251199264e-12
total cost: -7.784447588633986
singles alt: [(4, 0), (5, 1), (6, 0), (7, 1), (8, 0), (9, 1), (10, 0), (11, 1), (4, 2), (5, 3), (6, 2), (7, 3), (8, 2), (9, 3), (10, 2), (11, 3)]
length: 16 76
Estimated difference between T3^fnT3 - (T2^WT3 + h.c.) is: -1.7625652966968135e-06 3.1066364251199264e-12
total cost: -7.784447588633893
singles alt: [(4, 0), (5, 1), (6, 0), (7, 1), (8, 0), (9, 1), (10, 0), (11, 1), (4, 2), (5, 3), (6, 2), (7, 3), (8, 2), (9, 3), (10, 2), (11, 3)]
callback: energy=-7.784445826070
singles alt: [(4, 0), (5, 1), (6, 0), (7, 1), (8, 0), (9, 1), (10, 0), (11, 1), (4, 2), (5, 3), (6, 2), (7, 3), (8, 2), (9, 3), (10, 2), (11, 3)]
length: 16 76
Estimated difference between T3^fnT3 - (T2^WT3 + h.c.) is: -1.7992764023812053e-06 3.237395572165853e-12
total cost: -7.784453092871931
singles alt: [(4, 0), (5, 1), (6, 0), (7, 1), (8, 0), (9, 1), (10, 0), (11, 1), (4, 2), (5, 3), (6, 2), (7, 3), (8, 2), (9, 3), (10, 2), (11, 3)]
length: 16 76
Estimated difference between T3^fnT3 - (T2^WT3 + h.c.) is: -1.7992766969125167e-06 3.2373966320524163e-12
total cost: -7.784453092826207
singles alt: [(4, 0), (5, 1), (6, 0), (7, 1), (8, 0), (9, 1), (10, 0), (11, 1), (4, 2), (5, 3), (6, 2), (7, 3), (8, 2), (9, 3), (10, 2), (11, 3)]
length: 16 76
Estimated difference between T3^fnT3 - (T2^WT3 + h.c.) is: -1.799276497862676e-06 3.237395915760976e-12
total cost: -7.78445309286991
singles alt: [(4, 0), (5, 1), (6, 0), (7, 1), (8, 0), (9, 1), (10, 0), (11, 1), (4, 2), (5, 3), (6, 2), (7, 3), (8, 2), (9, 3), (10, 2), (11, 3)]
length: 16 76
Estimated difference between T3^fnT3 - (T2^WT3 + h.c.) is: -1.799276497856488e-06 3.2373959157387085e-12
total cost: -7.784453092869941
singles alt: [(4, 0), (5, 1), (6, 0), (7, 1), (8, 0), (9, 1), (10, 0), (11, 1), (4, 2), (5, 3), (6, 2), (7, 3), (8, 2), (9, 3), (10, 2), (11, 3)]
length: 16 76
Estimated difference between T3^fnT3 - (T2^WT3 + h.c.) is: -1.7992765536598444e-06 3.2373961165500472e-12
total cost: -7.784453092897787
singles alt: [(4, 0), (5, 1), (6, 0), (7, 1), (8, 0), (9, 1), (10, 0), (11, 1), (4, 2), (5, 3), (6, 2), (7, 3), (8, 2), (9, 3), (10, 2), (11, 3)]
length: 16 76
Estimated difference between T3^fnT3 - (T2^WT3 + h.c.) is: -1.7992764023813635e-06 3.2373955721664223e-12
total cost: -7.784453092871927
singles alt: [(4, 0), (5, 1), (6, 0), (7, 1), (8, 0), (9, 1), (10, 0), (11, 1), (4, 2), (5, 3), (6, 2), (7, 3), (8, 2), (9, 3), (10, 2), (11, 3)]
length: 16 76
Estimated difference between T3^fnT3 - (T2^WT3 + h.c.) is: -1.7992764023813362e-06 3.2373955721663238e-12
total cost: -7.784453092871931
singles alt: [(4, 0), (5, 1), (6, 0), (7, 1), (8, 0), (9, 1), (10, 0), (11, 1), (4, 2), (5, 3), (6, 2), (7, 3), (8, 2), (9, 3), (10, 2), (11, 3)]
length: 16 76
Estimated difference between T3^fnT3 - (T2^WT3 + h.c.) is: -1.799276402380329e-06 3.2373955721626996e-12
total cost: -7.7844530928719315
singles alt: [(4, 0), (5, 1), (6, 0), (7, 1), (8, 0), (9, 1), (10, 0), (11, 1), (4, 2), (5, 3), (6, 2), (7, 3), (8, 2), (9, 3), (10, 2), (11, 3)]
length: 16 76
Estimated difference between T3^fnT3 - (T2^WT3 + h.c.) is: -1.7992764023811704e-06 3.2373955721657272e-12
total cost: -7.784453092871931
singles alt: [(4, 0), (5, 1), (6, 0), (7, 1), (8, 0), (9, 1), (10, 0), (11, 1), (4, 2), (5, 3), (6, 2), (7, 3), (8, 2), (9, 3), (10, 2), (11, 3)]
length: 16 76
Estimated difference between T3^fnT3 - (T2^WT3 + h.c.) is: -1.799276402382498e-06 3.2373955721705053e-12
total cost: -7.784453092871925
singles alt: [(4, 0), (5, 1), (6, 0), (7, 1), (8, 0), (9, 1), (10, 0), (11, 1), (4, 2), (5, 3), (6, 2), (7, 3), (8, 2), (9, 3), (10, 2), (11, 3)]
length: 16 76
Estimated difference between T3^fnT3 - (T2^WT3 + h.c.) is: -1.7992764023789844e-06 3.237395572157861e-12
total cost: -7.784453092871931
singles alt: [(4, 0), (5, 1), (6, 0), (7, 1), (8, 0), (9, 1), (10, 0), (11, 1), (4, 2), (5, 3), (6, 2), (7, 3), (8, 2), (9, 3), (10, 2), (11, 3)]
length: 16 76
Estimated difference between T3^fnT3 - (T2^WT3 + h.c.) is: -1.7992764023825163e-06 3.2373955721705707e-12
total cost: -7.784453092871929
singles alt: [(4, 0), (5, 1), (6, 0), (7, 1), (8, 0), (9, 1), (10, 0), (11, 1), (4, 2), (5, 3), (6, 2), (7, 3), (8, 2), (9, 3), (10, 2), (11, 3)]
length: 16 76
Estimated difference between T3^fnT3 - (T2^WT3 + h.c.) is: -1.7992764023813012e-06 3.237395572166198e-12
total cost: -7.784453092871931
singles alt: [(4, 0), (5, 1), (6, 0), (7, 1), (8, 0), (9, 1), (10, 0), (11, 1), (4, 2), (5, 3), (6, 2), (7, 3), (8, 2), (9, 3), (10, 2), (11, 3)]
length: 16 76
Estimated difference between T3^fnT3 - (T2^WT3 + h.c.) is: -1.7992764609261408e-06 3.2373957828428983e-12
total cost: -7.784453092872455
singles alt: [(4, 0), (5, 1), (6, 0), (7, 1), (8, 0), (9, 1), (10, 0), (11, 1), (4, 2), (5, 3), (6, 2), (7, 3), (8, 2), (9, 3), (10, 2), (11, 3)]
length: 16 76
Estimated difference between T3^fnT3 - (T2^WT3 + h.c.) is: -1.7992761870624462e-06 3.237394797329975e-12
total cost: -7.784453092853961
singles alt: [(4, 0), (5, 1), (6, 0), (7, 1), (8, 0), (9, 1), (10, 0), (11, 1), (4, 2), (5, 3), (6, 2), (7, 3), (8, 2), (9, 3), (10, 2), (11, 3)]
length: 16 76
Estimated difference between T3^fnT3 - (T2^WT3 + h.c.) is: -1.799276359498062e-06 3.237395417848599e-12
total cost: -7.784453092869537
singles alt: [(4, 0), (5, 1), (6, 0), (7, 1), (8, 0), (9, 1), (10, 0), (11, 1), (4, 2), (5, 3), (6, 2), (7, 3), (8, 2), (9, 3), (10, 2), (11, 3)]
length: 16 76
Estimated difference between T3^fnT3 - (T2^WT3 + h.c.) is: -1.799276236090761e-06 3.2373949737609358e-12
total cost: -7.784453092884025
singles alt: [(4, 0), (5, 1), (6, 0), (7, 1), (8, 0), (9, 1), (10, 0), (11, 1), (4, 2), (5, 3), (6, 2), (7, 3), (8, 2), (9, 3), (10, 2), (11, 3)]
length: 16 76
Estimated difference between T3^fnT3 - (T2^WT3 + h.c.) is: -1.7992764023822e-06 3.237395572169432e-12
total cost: -7.784453092871924
singles alt: [(4, 0), (5, 1), (6, 0), (7, 1), (8, 0), (9, 1), (10, 0), (11, 1), (4, 2), (5, 3), (6, 2), (7, 3), (8, 2), (9, 3), (10, 2), (11, 3)]
length: 16 76
Estimated difference between T3^fnT3 - (T2^WT3 + h.c.) is: -1.7992764023840918e-06 3.2373955721762402e-12
total cost: -7.784453092871926
singles alt: [(4, 0), (5, 1), (6, 0), (7, 1), (8, 0), (9, 1), (10, 0), (11, 1), (4, 2), (5, 3), (6, 2), (7, 3), (8, 2), (9, 3), (10, 2), (11, 3)]
length: 16 76
Estimated difference between T3^fnT3 - (T2^WT3 + h.c.) is: -1.7992764023807994e-06 3.2373955721643923e-12
total cost: -7.784453092871931
singles alt: [(4, 0), (5, 1), (6, 0), (7, 1), (8, 0), (9, 1), (10, 0), (11, 1), (4, 2), (5, 3), (6, 2), (7, 3), (8, 2), (9, 3), (10, 2), (11, 3)]
length: 16 76
Estimated difference between T3^fnT3 - (T2^WT3 + h.c.) is: -1.7992764023812563e-06 3.2373955721660366e-12
total cost: -7.78445309287193
singles alt: [(4, 0), (5, 1), (6, 0), (7, 1), (8, 0), (9, 1), (10, 0), (11, 1), (4, 2), (5, 3), (6, 2), (7, 3), (8, 2), (9, 3), (10, 2), (11, 3)]
length: 16 76
Estimated difference between T3^fnT3 - (T2^WT3 + h.c.) is: -1.7992766312069137e-06 3.2373963956073004e-12
total cost: -7.7844530929012175
singles alt: [(4, 0), (5, 1), (6, 0), (7, 1), (8, 0), (9, 1), (10, 0), (11, 1), (4, 2), (5, 3), (6, 2), (7, 3), (8, 2), (9, 3), (10, 2), (11, 3)]
length: 16 76
Estimated difference between T3^fnT3 - (T2^WT3 + h.c.) is: -1.7992767471693932e-06 3.2373968129044724e-12
total cost: -7.784453092856176
singles alt: [(4, 0), (5, 1), (6, 0), (7, 1), (8, 0), (9, 1), (10, 0), (11, 1), (4, 2), (5, 3), (6, 2), (7, 3), (8, 2), (9, 3), (10, 2), (11, 3)]
length: 16 76
Estimated difference between T3^fnT3 - (T2^WT3 + h.c.) is: -1.7992767472629537e-06 3.2373968132411547e-12
total cost: -7.784453092856184
singles alt: [(4, 0), (5, 1), (6, 0), (7, 1), (8, 0), (9, 1), (10, 0), (11, 1), (4, 2), (5, 3), (6, 2), (7, 3), (8, 2), (9, 3), (10, 2), (11, 3)]
length: 16 76
Estimated difference between T3^fnT3 - (T2^WT3 + h.c.) is: -1.7992765872467375e-06 3.2373962374142666e-12
total cost: -7.784453092884853
singles alt: [(4, 0), (5, 1), (6, 0), (7, 1), (8, 0), (9, 1), (10, 0), (11, 1), (4, 2), (5, 3), (6, 2), (7, 3), (8, 2), (9, 3), (10, 2), (11, 3)]
length: 16 76
Estimated difference between T3^fnT3 - (T2^WT3 + h.c.) is: -1.7992764023824807e-06 3.2373955721704427e-12
total cost: -7.784453092871921
singles alt: [(4, 0), (5, 1), (6, 0), (7, 1), (8, 0), (9, 1), (10, 0), (11, 1), (4, 2), (5, 3), (6, 2), (7, 3), (8, 2), (9, 3), (10, 2), (11, 3)]
length: 16 76
Estimated difference between T3^fnT3 - (T2^WT3 + h.c.) is: -1.7992764023842417e-06 3.23739557217678e-12
total cost: -7.784453092871927
singles alt: [(4, 0), (5, 1), (6, 0), (7, 1), (8, 0), (9, 1), (10, 0), (11, 1), (4, 2), (5, 3), (6, 2), (7, 3), (8, 2), (9, 3), (10, 2), (11, 3)]
length: 16 76
Estimated difference between T3^fnT3 - (T2^WT3 + h.c.) is: -1.7992764023842195e-06 3.2373955721766995e-12
total cost: -7.784453092871927
singles alt: [(4, 0), (5, 1), (6, 0), (7, 1), (8, 0), (9, 1), (10, 0), (11, 1), (4, 2), (5, 3), (6, 2), (7, 3), (8, 2), (9, 3), (10, 2), (11, 3)]
length: 16 76
Estimated difference between T3^fnT3 - (T2^WT3 + h.c.) is: -1.7992764023811966e-06 3.2373955721658217e-12
total cost: -7.784453092871933
singles alt: [(4, 0), (5, 1), (6, 0), (7, 1), (8, 0), (9, 1), (10, 0), (11, 1), (4, 2), (5, 3), (6, 2), (7, 3), (8, 2), (9, 3), (10, 2), (11, 3)]
length: 16 76
Estimated difference between T3^fnT3 - (T2^WT3 + h.c.) is: -1.7992764023812656e-06 3.23739557216607e-12
total cost: -7.784453092871928
singles alt: [(4, 0), (5, 1), (6, 0), (7, 1), (8, 0), (9, 1), (10, 0), (11, 1), (4, 2), (5, 3), (6, 2), (7, 3), (8, 2), (9, 3), (10, 2), (11, 3)]
length: 16 76
Estimated difference between T3^fnT3 - (T2^WT3 + h.c.) is: -1.7992764023814935e-06 3.23739557216689e-12
total cost: -7.784453092871928
singles alt: [(4, 0), (5, 1), (6, 0), (7, 1), (8, 0), (9, 1), (10, 0), (11, 1), (4, 2), (5, 3), (6, 2), (7, 3), (8, 2), (9, 3), (10, 2), (11, 3)]
length: 16 76
Estimated difference between T3^fnT3 - (T2^WT3 + h.c.) is: -1.799276402381253e-06 3.2373955721660245e-12
total cost: -7.784453092871931
singles alt: [(4, 0), (5, 1), (6, 0), (7, 1), (8, 0), (9, 1), (10, 0), (11, 1), (4, 2), (5, 3), (6, 2), (7, 3), (8, 2), (9, 3), (10, 2), (11, 3)]
length: 16 76
Estimated difference between T3^fnT3 - (T2^WT3 + h.c.) is: -1.7992764023811517e-06 3.23739557216566e-12
total cost: -7.7844530928719315
singles alt: [(4, 0), (5, 1), (6, 0), (7, 1), (8, 0), (9, 1), (10, 0), (11, 1), (4, 2), (5, 3), (6, 2), (7, 3), (8, 2), (9, 3), (10, 2), (11, 3)]
length: 16 76
Estimated difference between T3^fnT3 - (T2^WT3 + h.c.) is: -1.7992764023828572e-06 3.2373955721717974e-12
total cost: -7.784453092871923
singles alt: [(4, 0), (5, 1), (6, 0), (7, 1), (8, 0), (9, 1), (10, 0), (11, 1), (4, 2), (5, 3), (6, 2), (7, 3), (8, 2), (9, 3), (10, 2), (11, 3)]
length: 16 76
Estimated difference between T3^fnT3 - (T2^WT3 + h.c.) is: -1.799276402384179e-06 3.237395572176554e-12
total cost: -7.784453092871927
singles alt: [(4, 0), (5, 1), (6, 0), (7, 1), (8, 0), (9, 1), (10, 0), (11, 1), (4, 2), (5, 3), (6, 2), (7, 3), (8, 2), (9, 3), (10, 2), (11, 3)]
length: 16 76
Estimated difference between T3^fnT3 - (T2^WT3 + h.c.) is: -1.7992764023808294e-06 3.2373955721645006e-12
total cost: -7.784453092871931
singles alt: [(4, 0), (5, 1), (6, 0), (7, 1), (8, 0), (9, 1), (10, 0), (11, 1), (4, 2), (5, 3), (6, 2), (7, 3), (8, 2), (9, 3), (10, 2), (11, 3)]
length: 16 76
Estimated difference between T3^fnT3 - (T2^WT3 + h.c.) is: -1.7992764023811284e-06 3.2373955721655766e-12
total cost: -7.784453092871934
singles alt: [(4, 0), (5, 1), (6, 0), (7, 1), (8, 0), (9, 1), (10, 0), (11, 1), (4, 2), (5, 3), (6, 2), (7, 3), (8, 2), (9, 3), (10, 2), (11, 3)]
length: 16 76
Estimated difference between T3^fnT3 - (T2^WT3 + h.c.) is: -1.7992764023806067e-06 3.237395572163699e-12
total cost: -7.784453092871935
singles alt: [(4, 0), (5, 1), (6, 0), (7, 1), (8, 0), (9, 1), (10, 0), (11, 1), (4, 2), (5, 3), (6, 2), (7, 3), (8, 2), (9, 3), (10, 2), (11, 3)]
length: 16 76
Estimated difference between T3^fnT3 - (T2^WT3 + h.c.) is: -1.7992764023834694e-06 3.2373955721740006e-12
total cost: -7.784453092871929
singles alt: [(4, 0), (5, 1), (6, 0), (7, 1), (8, 0), (9, 1), (10, 0), (11, 1), (4, 2), (5, 3), (6, 2), (7, 3), (8, 2), (9, 3), (10, 2), (11, 3)]
length: 16 76
Estimated difference between T3^fnT3 - (T2^WT3 + h.c.) is: -1.7992764023833235e-06 3.2373955721734756e-12
total cost: -7.784453092871926
singles alt: [(4, 0), (5, 1), (6, 0), (7, 1), (8, 0), (9, 1), (10, 0), (11, 1), (4, 2), (5, 3), (6, 2), (7, 3), (8, 2), (9, 3), (10, 2), (11, 3)]
length: 16 76
Estimated difference between T3^fnT3 - (T2^WT3 + h.c.) is: -1.7992764023811219e-06 3.2373955721655527e-12
total cost: -7.784453092871931
singles alt: [(4, 0), (5, 1), (6, 0), (7, 1), (8, 0), (9, 1), (10, 0), (11, 1), (4, 2), (5, 3), (6, 2), (7, 3), (8, 2), (9, 3), (10, 2), (11, 3)]
length: 16 76
Estimated difference between T3^fnT3 - (T2^WT3 + h.c.) is: -1.79927663127916e-06 3.237396395867282e-12
total cost: -7.7844530929011055
singles alt: [(4, 0), (5, 1), (6, 0), (7, 1), (8, 0), (9, 1), (10, 0), (11, 1), (4, 2), (5, 3), (6, 2), (7, 3), (8, 2), (9, 3), (10, 2), (11, 3)]
length: 16 76
Estimated difference between T3^fnT3 - (T2^WT3 + h.c.) is: -1.7992767473937876e-06 3.237396813711968e-12
total cost: -7.7844530928561815
singles alt: [(4, 0), (5, 1), (6, 0), (7, 1), (8, 0), (9, 1), (10, 0), (11, 1), (4, 2), (5, 3), (6, 2), (7, 3), (8, 2), (9, 3), (10, 2), (11, 3)]
length: 16 76
Estimated difference between T3^fnT3 - (T2^WT3 + h.c.) is: -1.7992767474925146e-06 3.2373968140672424e-12
total cost: -7.784453092856186
singles alt: [(4, 0), (5, 1), (6, 0), (7, 1), (8, 0), (9, 1), (10, 0), (11, 1), (4, 2), (5, 3), (6, 2), (7, 3), (8, 2), (9, 3), (10, 2), (11, 3)]
length: 16 76
Estimated difference between T3^fnT3 - (T2^WT3 + h.c.) is: -1.7992765873328303e-06 3.237396237724076e-12
total cost: -7.784453092884849
singles alt: [(4, 0), (5, 1), (6, 0), (7, 1), (8, 0), (9, 1), (10, 0), (11, 1), (4, 2), (5, 3), (6, 2), (7, 3), (8, 2), (9, 3), (10, 2), (11, 3)]
length: 16 76
Estimated difference between T3^fnT3 - (T2^WT3 + h.c.) is: -1.7992764023811983e-06 3.2373955721658278e-12
total cost: -7.784453092871933
singles alt: [(4, 0), (5, 1), (6, 0), (7, 1), (8, 0), (9, 1), (10, 0), (11, 1), (4, 2), (5, 3), (6, 2), (7, 3), (8, 2), (9, 3), (10, 2), (11, 3)]
length: 16 76
Estimated difference between T3^fnT3 - (T2^WT3 + h.c.) is: -1.799276402381146e-06 3.2373955721656396e-12
total cost: -7.784453092871929
singles alt: [(4, 0), (5, 1), (6, 0), (7, 1), (8, 0), (9, 1), (10, 0), (11, 1), (4, 2), (5, 3), (6, 2), (7, 3), (8, 2), (9, 3), (10, 2), (11, 3)]
length: 16 76
Estimated difference between T3^fnT3 - (T2^WT3 + h.c.) is: -1.799276402381506e-06 3.2373955721669353e-12
total cost: -7.78445309287193
singles alt: [(4, 0), (5, 1), (6, 0), (7, 1), (8, 0), (9, 1), (10, 0), (11, 1), (4, 2), (5, 3), (6, 2), (7, 3), (8, 2), (9, 3), (10, 2), (11, 3)]
length: 16 76
Estimated difference between T3^fnT3 - (T2^WT3 + h.c.) is: -1.7992764023810753e-06 3.237395572165385e-12
total cost: -7.784453092871932
singles alt: [(4, 0), (5, 1), (6, 0), (7, 1), (8, 0), (9, 1), (10, 0), (11, 1), (4, 2), (5, 3), (6, 2), (7, 3), (8, 2), (9, 3), (10, 2), (11, 3)]
length: 16 76
Estimated difference between T3^fnT3 - (T2^WT3 + h.c.) is: -1.7992764608765252e-06 3.2373957826643537e-12
total cost: -7.784453092872629
singles alt: [(4, 0), (5, 1), (6, 0), (7, 1), (8, 0), (9, 1), (10, 0), (11, 1), (4, 2), (5, 3), (6, 2), (7, 3), (8, 2), (9, 3), (10, 2), (11, 3)]
length: 16 76
Estimated difference between T3^fnT3 - (T2^WT3 + h.c.) is: -1.7992763594281474e-06 3.237395417597008e-12
total cost: -7.7844530928697395
singles alt: [(4, 0), (5, 1), (6, 0), (7, 1), (8, 0), (9, 1), (10, 0), (11, 1), (4, 2), (5, 3), (6, 2), (7, 3), (8, 2), (9, 3), (10, 2), (11, 3)]
length: 16 76
Estimated difference between T3^fnT3 - (T2^WT3 + h.c.) is: -1.7992761864361492e-06 3.2373947950762124e-12
total cost: -7.784453092855085
singles alt: [(4, 0), (5, 1), (6, 0), (7, 1), (8, 0), (9, 1), (10, 0), (11, 1), (4, 2), (5, 3), (6, 2), (7, 3), (8, 2), (9, 3), (10, 2), (11, 3)]
length: 16 76
Estimated difference between T3^fnT3 - (T2^WT3 + h.c.) is: -1.7992762358498211e-06 3.237394972893901e-12
total cost: -7.7844530928834645
singles alt: [(4, 0), (5, 1), (6, 0), (7, 1), (8, 0), (9, 1), (10, 0), (11, 1), (4, 2), (5, 3), (6, 2), (7, 3), (8, 2), (9, 3), (10, 2), (11, 3)]
length: 16 76
Estimated difference between T3^fnT3 - (T2^WT3 + h.c.) is: -1.7992764023811513e-06 3.2373955721656586e-12
total cost: -7.7844530928719315
singles alt: [(4, 0), (5, 1), (6, 0), (7, 1), (8, 0), (9, 1), (10, 0), (11, 1), (4, 2), (5, 3), (6, 2), (7, 3), (8, 2), (9, 3), (10, 2), (11, 3)]
length: 16 76
Estimated difference between T3^fnT3 - (T2^WT3 + h.c.) is: -1.7992764023827977e-06 3.2373955721715833e-12
total cost: -7.784453092871926
singles alt: [(4, 0), (5, 1), (6, 0), (7, 1), (8, 0), (9, 1), (10, 0), (11, 1), (4, 2), (5, 3), (6, 2), (7, 3), (8, 2), (9, 3), (10, 2), (11, 3)]
length: 16 76
Estimated difference between T3^fnT3 - (T2^WT3 + h.c.) is: -1.7992764023816788e-06 3.237395572167557e-12
total cost: -7.784453092871929
singles alt: [(4, 0), (5, 1), (6, 0), (7, 1), (8, 0), (9, 1), (10, 0), (11, 1), (4, 2), (5, 3), (6, 2), (7, 3), (8, 2), (9, 3), (10, 2), (11, 3)]
length: 16 76
Estimated difference between T3^fnT3 - (T2^WT3 + h.c.) is: -1.799276402381178e-06 3.2373955721657547e-12
total cost: -7.78445309287193
singles alt: [(4, 0), (5, 1), (6, 0), (7, 1), (8, 0), (9, 1), (10, 0), (11, 1), (4, 2), (5, 3), (6, 2), (7, 3), (8, 2), (9, 3), (10, 2), (11, 3)]
length: 16 76
Estimated difference between T3^fnT3 - (T2^WT3 + h.c.) is: -1.7992764023812428e-06 3.2373955721659877e-12
total cost: -7.784453092871932
singles alt: [(4, 0), (5, 1), (6, 0), (7, 1), (8, 0), (9, 1), (10, 0), (11, 1), (4, 2), (5, 3), (6, 2), (7, 3), (8, 2), (9, 3), (10, 2), (11, 3)]
length: 16 76
Estimated difference between T3^fnT3 - (T2^WT3 + h.c.) is: -1.7992764023791963e-06 3.237395572158624e-12
total cost: -7.784453092871933
singles alt: [(4, 0), (5, 1), (6, 0), (7, 1), (8, 0), (9, 1), (10, 0), (11, 1), (4, 2), (5, 3), (6, 2), (7, 3), (8, 2), (9, 3), (10, 2), (11, 3)]
length: 16 76
Estimated difference between T3^fnT3 - (T2^WT3 + h.c.) is: -1.7992764023805444e-06 3.2373955721634747e-12
total cost: -7.784453092871933
singles alt: [(4, 0), (5, 1), (6, 0), (7, 1), (8, 0), (9, 1), (10, 0), (11, 1), (4, 2), (5, 3), (6, 2), (7, 3), (8, 2), (9, 3), (10, 2), (11, 3)]
length: 16 76
Estimated difference between T3^fnT3 - (T2^WT3 + h.c.) is: -1.799276402381184e-06 3.237395572165776e-12
total cost: -7.7844530928719315
singles alt: [(4, 0), (5, 1), (6, 0), (7, 1), (8, 0), (9, 1), (10, 0), (11, 1), (4, 2), (5, 3), (6, 2), (7, 3), (8, 2), (9, 3), (10, 2), (11, 3)]
length: 16 76
Estimated difference between T3^fnT3 - (T2^WT3 + h.c.) is: -1.799276631297161e-06 3.23739639593206e-12
total cost: -7.784453092885813
singles alt: [(4, 0), (5, 1), (6, 0), (7, 1), (8, 0), (9, 1), (10, 0), (11, 1), (4, 2), (5, 3), (6, 2), (7, 3), (8, 2), (9, 3), (10, 2), (11, 3)]
length: 16 76
Estimated difference between T3^fnT3 - (T2^WT3 + h.c.) is: -1.799276468904096e-06 3.237395811551992e-12
total cost: -7.784453092881032
singles alt: [(4, 0), (5, 1), (6, 0), (7, 1), (8, 0), (9, 1), (10, 0), (11, 1), (4, 2), (5, 3), (6, 2), (7, 3), (8, 2), (9, 3), (10, 2), (11, 3)]
length: 16 76
Estimated difference between T3^fnT3 - (T2^WT3 + h.c.) is: -1.7992764688275813e-06 3.2373958112766503e-12
total cost: -7.784453092880999
singles alt: [(4, 0), (5, 1), (6, 0), (7, 1), (8, 0), (9, 1), (10, 0), (11, 1), (4, 2), (5, 3), (6, 2), (7, 3), (8, 2), (9, 3), (10, 2), (11, 3)]
length: 16 76
Estimated difference between T3^fnT3 - (T2^WT3 + h.c.) is: -1.7992765359172452e-06 3.2373960527023616e-12
total cost: -7.78445309286792
singles alt: [(4, 0), (5, 1), (6, 0), (7, 1), (8, 0), (9, 1), (10, 0), (11, 1), (4, 2), (5, 3), (6, 2), (7, 3), (8, 2), (9, 3), (10, 2), (11, 3)]
length: 16 76
Estimated difference between T3^fnT3 - (T2^WT3 + h.c.) is: -1.7992764023803845e-06 3.2373955721628995e-12
total cost: -7.784453092871932
singles alt: [(4, 0), (5, 1), (6, 0), (7, 1), (8, 0), (9, 1), (10, 0), (11, 1), (4, 2), (5, 3), (6, 2), (7, 3), (8, 2), (9, 3), (10, 2), (11, 3)]
length: 16 76
Estimated difference between T3^fnT3 - (T2^WT3 + h.c.) is: -1.799276402380647e-06 3.2373955721638442e-12
total cost: -7.784453092871932
singles alt: [(4, 0), (5, 1), (6, 0), (7, 1), (8, 0), (9, 1), (10, 0), (11, 1), (4, 2), (5, 3), (6, 2), (7, 3), (8, 2), (9, 3), (10, 2), (11, 3)]
length: 16 76
Estimated difference between T3^fnT3 - (T2^WT3 + h.c.) is: -1.7992764023819632e-06 3.2373955721685803e-12
total cost: -7.784453092871931
singles alt: [(4, 0), (5, 1), (6, 0), (7, 1), (8, 0), (9, 1), (10, 0), (11, 1), (4, 2), (5, 3), (6, 2), (7, 3), (8, 2), (9, 3), (10, 2), (11, 3)]
length: 16 76
Estimated difference between T3^fnT3 - (T2^WT3 + h.c.) is: -1.7992764023745127e-06 3.2373955721417693e-12
total cost: -7.784453092871934
singles alt: [(4, 0), (5, 1), (6, 0), (7, 1), (8, 0), (9, 1), (10, 0), (11, 1), (4, 2), (5, 3), (6, 2), (7, 3), (8, 2), (9, 3), (10, 2), (11, 3)]
length: 16 76
Estimated difference between T3^fnT3 - (T2^WT3 + h.c.) is: -1.7992762733948826e-06 3.2373951080017764e-12
total cost: -7.784453092859947
singles alt: [(4, 0), (5, 1), (6, 0), (7, 1), (8, 0), (9, 1), (10, 0), (11, 1), (4, 2), (5, 3), (6, 2), (7, 3), (8, 2), (9, 3), (10, 2), (11, 3)]
length: 16 76
Estimated difference between T3^fnT3 - (T2^WT3 + h.c.) is: -1.7992762739742123e-06 3.2373951100865248e-12
total cost: -7.784453092860004
singles alt: [(4, 0), (5, 1), (6, 0), (7, 1), (8, 0), (9, 1), (10, 0), (11, 1), (4, 2), (5, 3), (6, 2), (7, 3), (8, 2), (9, 3), (10, 2), (11, 3)]
length: 16 76
Estimated difference between T3^fnT3 - (T2^WT3 + h.c.) is: -1.7992764023787885e-06 3.237395572157156e-12
total cost: -7.784453092871933
singles alt: [(4, 0), (5, 1), (6, 0), (7, 1), (8, 0), (9, 1), (10, 0), (11, 1), (4, 2), (5, 3), (6, 2), (7, 3), (8, 2), (9, 3), (10, 2), (11, 3)]
length: 16 76
Estimated difference between T3^fnT3 - (T2^WT3 + h.c.) is: -1.7992764023853363e-06 3.2373955721807187e-12
total cost: -7.784453092871925
singles alt: [(4, 0), (5, 1), (6, 0), (7, 1), (8, 0), (9, 1), (10, 0), (11, 1), (4, 2), (5, 3), (6, 2), (7, 3), (8, 2), (9, 3), (10, 2), (11, 3)]
length: 16 76
Estimated difference between T3^fnT3 - (T2^WT3 + h.c.) is: -1.799276402380871e-06 3.2373955721646496e-12
total cost: -7.784453092871933
singles alt: [(4, 0), (5, 1), (6, 0), (7, 1), (8, 0), (9, 1), (10, 0), (11, 1), (4, 2), (5, 3), (6, 2), (7, 3), (8, 2), (9, 3), (10, 2), (11, 3)]
length: 16 76
Estimated difference between T3^fnT3 - (T2^WT3 + h.c.) is: -1.7992764023820996e-06 3.237395572169071e-12
total cost: -7.784453092871929
singles alt: [(4, 0), (5, 1), (6, 0), (7, 1), (8, 0), (9, 1), (10, 0), (11, 1), (4, 2), (5, 3), (6, 2), (7, 3), (8, 2), (9, 3), (10, 2), (11, 3)]
length: 16 76
Estimated difference between T3^fnT3 - (T2^WT3 + h.c.) is: -1.799276402380796e-06 3.23739557216438e-12
total cost: -7.784453092871931
singles alt: [(4, 0), (5, 1), (6, 0), (7, 1), (8, 0), (9, 1), (10, 0), (11, 1), (4, 2), (5, 3), (6, 2), (7, 3), (8, 2), (9, 3), (10, 2), (11, 3)]
length: 16 76
Estimated difference between T3^fnT3 - (T2^WT3 + h.c.) is: -1.7992764023825747e-06 3.237395572170781e-12
total cost: -7.784453092871931
singles alt: [(4, 0), (5, 1), (6, 0), (7, 1), (8, 0), (9, 1), (10, 0), (11, 1), (4, 2), (5, 3), (6, 2), (7, 3), (8, 2), (9, 3), (10, 2), (11, 3)]
length: 16 76
Estimated difference between T3^fnT3 - (T2^WT3 + h.c.) is: -1.7992764023812053e-06 3.237395572165853e-12
total cost: -7.7844530928735765
singles alt: [(4, 0), (5, 1), (6, 0), (7, 1), (8, 0), (9, 1), (10, 0), (11, 1), (4, 2), (5, 3), (6, 2), (7, 3), (8, 2), (9, 3), (10, 2), (11, 3)]
length: 16 76
Estimated difference between T3^fnT3 - (T2^WT3 + h.c.) is: -1.7992764023812053e-06 3.237395572165853e-12
total cost: -7.784453092873673
singles alt: [(4, 0), (5, 1), (6, 0), (7, 1), (8, 0), (9, 1), (10, 0), (11, 1), (4, 2), (5, 3), (6, 2), (7, 3), (8, 2), (9, 3), (10, 2), (11, 3)]
length: 16 76
Estimated difference between T3^fnT3 - (T2^WT3 + h.c.) is: -1.7992764023812053e-06 3.237395572165853e-12
total cost: -7.784453092871935
singles alt: [(4, 0), (5, 1), (6, 0), (7, 1), (8, 0), (9, 1), (10, 0), (11, 1), (4, 2), (5, 3), (6, 2), (7, 3), (8, 2), (9, 3), (10, 2), (11, 3)]
length: 16 76
Estimated difference between T3^fnT3 - (T2^WT3 + h.c.) is: -1.7992764023812053e-06 3.237395572165853e-12
total cost: -7.784453092871936
singles alt: [(4, 0), (5, 1), (6, 0), (7, 1), (8, 0), (9, 1), (10, 0), (11, 1), (4, 2), (5, 3), (6, 2), (7, 3), (8, 2), (9, 3), (10, 2), (11, 3)]
length: 16 76
Estimated difference between T3^fnT3 - (T2^WT3 + h.c.) is: -1.7992764023812053e-06 3.237395572165853e-12
total cost: -7.784453092871935
singles alt: [(4, 0), (5, 1), (6, 0), (7, 1), (8, 0), (9, 1), (10, 0), (11, 1), (4, 2), (5, 3), (6, 2), (7, 3), (8, 2), (9, 3), (10, 2), (11, 3)]
length: 16 76
Estimated difference between T3^fnT3 - (T2^WT3 + h.c.) is: -1.7992764023812053e-06 3.237395572165853e-12
total cost: -7.784453092871931
singles alt: [(4, 0), (5, 1), (6, 0), (7, 1), (8, 0), (9, 1), (10, 0), (11, 1), (4, 2), (5, 3), (6, 2), (7, 3), (8, 2), (9, 3), (10, 2), (11, 3)]
length: 16 76
Estimated difference between T3^fnT3 - (T2^WT3 + h.c.) is: -1.7992764023812053e-06 3.237395572165853e-12
total cost: -7.78445309286311
singles alt: [(4, 0), (5, 1), (6, 0), (7, 1), (8, 0), (9, 1), (10, 0), (11, 1), (4, 2), (5, 3), (6, 2), (7, 3), (8, 2), (9, 3), (10, 2), (11, 3)]
length: 16 76
Estimated difference between T3^fnT3 - (T2^WT3 + h.c.) is: -1.7992764023812053e-06 3.237395572165853e-12
total cost: -7.784453092863135
singles alt: [(4, 0), (5, 1), (6, 0), (7, 1), (8, 0), (9, 1), (10, 0), (11, 1), (4, 2), (5, 3), (6, 2), (7, 3), (8, 2), (9, 3), (10, 2), (11, 3)]
length: 16 76
Estimated difference between T3^fnT3 - (T2^WT3 + h.c.) is: -1.7992764023812053e-06 3.237395572165853e-12
total cost: -7.784453092866688
singles alt: [(4, 0), (5, 1), (6, 0), (7, 1), (8, 0), (9, 1), (10, 0), (11, 1), (4, 2), (5, 3), (6, 2), (7, 3), (8, 2), (9, 3), (10, 2), (11, 3)]
length: 16 76
Estimated difference between T3^fnT3 - (T2^WT3 + h.c.) is: -1.7992764023812053e-06 3.237395572165853e-12
total cost: -7.784453092866593
singles alt: [(4, 0), (5, 1), (6, 0), (7, 1), (8, 0), (9, 1), (10, 0), (11, 1), (4, 2), (5, 3), (6, 2), (7, 3), (8, 2), (9, 3), (10, 2), (11, 3)]
length: 16 76
Estimated difference between T3^fnT3 - (T2^WT3 + h.c.) is: -1.7992764023812053e-06 3.237395572165853e-12
total cost: -7.78445309287193
singles alt: [(4, 0), (5, 1), (6, 0), (7, 1), (8, 0), (9, 1), (10, 0), (11, 1), (4, 2), (5, 3), (6, 2), (7, 3), (8, 2), (9, 3), (10, 2), (11, 3)]
length: 16 76
Estimated difference between T3^fnT3 - (T2^WT3 + h.c.) is: -1.7992764023812053e-06 3.237395572165853e-12
total cost: -7.784453092871931
singles alt: [(4, 0), (5, 1), (6, 0), (7, 1), (8, 0), (9, 1), (10, 0), (11, 1), (4, 2), (5, 3), (6, 2), (7, 3), (8, 2), (9, 3), (10, 2), (11, 3)]
length: 16 76
Estimated difference between T3^fnT3 - (T2^WT3 + h.c.) is: -1.7992764023812053e-06 3.237395572165853e-12
total cost: -7.7844530928719315
singles alt: [(4, 0), (5, 1), (6, 0), (7, 1), (8, 0), (9, 1), (10, 0), (11, 1), (4, 2), (5, 3), (6, 2), (7, 3), (8, 2), (9, 3), (10, 2), (11, 3)]
length: 16 76
Estimated difference between T3^fnT3 - (T2^WT3 + h.c.) is: -1.7992764023812053e-06 3.237395572165853e-12
total cost: -7.784453092871931
singles alt: [(4, 0), (5, 1), (6, 0), (7, 1), (8, 0), (9, 1), (10, 0), (11, 1), (4, 2), (5, 3), (6, 2), (7, 3), (8, 2), (9, 3), (10, 2), (11, 3)]
length: 16 76
Estimated difference between T3^fnT3 - (T2^WT3 + h.c.) is: -1.7992764023812053e-06 3.237395572165853e-12
total cost: -7.784453092869285
singles alt: [(4, 0), (5, 1), (6, 0), (7, 1), (8, 0), (9, 1), (10, 0), (11, 1), (4, 2), (5, 3), (6, 2), (7, 3), (8, 2), (9, 3), (10, 2), (11, 3)]
length: 16 76
Estimated difference between T3^fnT3 - (T2^WT3 + h.c.) is: -1.7992764023812053e-06 3.237395572165853e-12
total cost: -7.784453092869201
singles alt: [(4, 0), (5, 1), (6, 0), (7, 1), (8, 0), (9, 1), (10, 0), (11, 1), (4, 2), (5, 3), (6, 2), (7, 3), (8, 2), (9, 3), (10, 2), (11, 3)]
callback: energy=-7.784451293596
singles alt: [(4, 0), (5, 1), (6, 0), (7, 1), (8, 0), (9, 1), (10, 0), (11, 1), (4, 2), (5, 3), (6, 2), (7, 3), (8, 2), (9, 3), (10, 2), (11, 3)]
length: 16 76
Estimated difference between T3^fnT3 - (T2^WT3 + h.c.) is: -1.8058951458600612e-06 3.2612572778409314e-12
total cost: -7.784455085274787
singles alt: [(4, 0), (5, 1), (6, 0), (7, 1), (8, 0), (9, 1), (10, 0), (11, 1), (4, 2), (5, 3), (6, 2), (7, 3), (8, 2), (9, 3), (10, 2), (11, 3)]
length: 16 76
Estimated difference between T3^fnT3 - (T2^WT3 + h.c.) is: -1.805895423486798e-06 3.261258280570562e-12
total cost: -7.7844550852848435
singles alt: [(4, 0), (5, 1), (6, 0), (7, 1), (8, 0), (9, 1), (10, 0), (11, 1), (4, 2), (5, 3), (6, 2), (7, 3), (8, 2), (9, 3), (10, 2), (11, 3)]
length: 16 76
Estimated difference between T3^fnT3 - (T2^WT3 + h.c.) is: -1.8058952168640756e-06 3.2612575342925466e-12
total cost: -7.7844550852868295
singles alt: [(4, 0), (5, 1), (6, 0), (7, 1), (8, 0), (9, 1), (10, 0), (11, 1), (4, 2), (5, 3), (6, 2), (7, 3), (8, 2), (9, 3), (10, 2), (11, 3)]
length: 16 76
Estimated difference between T3^fnT3 - (T2^WT3 + h.c.) is: -1.8058952171166981e-06 3.2612575352049664e-12
total cost: -7.7844550852867345
singles alt: [(4, 0), (5, 1), (6, 0), (7, 1), (8, 0), (9, 1), (10, 0), (11, 1), (4, 2), (5, 3), (6, 2), (7, 3), (8, 2), (9, 3), (10, 2), (11, 3)]
length: 16 76
Estimated difference between T3^fnT3 - (T2^WT3 + h.c.) is: -1.8058952994575434e-06 3.2612578326028506e-12
total cost: -7.784455085263725
singles alt: [(4, 0), (5, 1), (6, 0), (7, 1), (8, 0), (9, 1), (10, 0), (11, 1), (4, 2), (5, 3), (6, 2), (7, 3), (8, 2), (9, 3), (10, 2), (11, 3)]
length: 16 76
Estimated difference between T3^fnT3 - (T2^WT3 + h.c.) is: -1.8058951458515205e-06 3.2612572778100846e-12
total cost: -7.784455085274815
singles alt: [(4, 0), (5, 1), (6, 0), (7, 1), (8, 0), (9, 1), (10, 0), (11, 1), (4, 2), (5, 3), (6, 2), (7, 3), (8, 2), (9, 3), (10, 2), (11, 3)]
length: 16 76
Estimated difference between T3^fnT3 - (T2^WT3 + h.c.) is: -1.8058951458626654e-06 3.2612572778503374e-12
total cost: -7.7844550852747885
singles alt: [(4, 0), (5, 1), (6, 0), (7, 1), (8, 0), (9, 1), (10, 0), (11, 1), (4, 2), (5, 3), (6, 2), (7, 3), (8, 2), (9, 3), (10, 2), (11, 3)]
length: 16 76
Estimated difference between T3^fnT3 - (T2^WT3 + h.c.) is: -1.8058951458636157e-06 3.26125727785377e-12
total cost: -7.784455085274785
singles alt: [(4, 0), (5, 1), (6, 0), (7, 1), (8, 0), (9, 1), (10, 0), (11, 1), (4, 2), (5, 3), (6, 2), (7, 3), (8, 2), (9, 3), (10, 2), (11, 3)]
length: 16 76
Estimated difference between T3^fnT3 - (T2^WT3 + h.c.) is: -1.8058951458591273e-06 3.261257277837559e-12
total cost: -7.784455085274788
singles alt: [(4, 0), (5, 1), (6, 0), (7, 1), (8, 0), (9, 1), (10, 0), (11, 1), (4, 2), (5, 3), (6, 2), (7, 3), (8, 2), (9, 3), (10, 2), (11, 3)]
length: 16 76
Estimated difference between T3^fnT3 - (T2^WT3 + h.c.) is: -1.8058951458732651e-06 3.2612572778886216e-12
total cost: -7.784455085274735
singles alt: [(4, 0), (5, 1), (6, 0), (7, 1), (8, 0), (9, 1), (10, 0), (11, 1), (4, 2), (5, 3), (6, 2), (7, 3), (8, 2), (9, 3), (10, 2), (11, 3)]
length: 16 76
Estimated difference between T3^fnT3 - (T2^WT3 + h.c.) is: -1.8058951458565947e-06 3.2612572778284114e-12
total cost: -7.784455085274792
singles alt: [(4, 0), (5, 1), (6, 0), (7, 1), (8, 0), (9, 1), (10, 0), (11, 1), (4, 2), (5, 3), (6, 2), (7, 3), (8, 2), (9, 3), (10, 2), (11, 3)]
length: 16 76
Estimated difference between T3^fnT3 - (T2^WT3 + h.c.) is: -1.8058951458537232e-06 3.26125727781804e-12
total cost: -7.784455085274796
singles alt: [(4, 0), (5, 1), (6, 0), (7, 1), (8, 0), (9, 1), (10, 0), (11, 1), (4, 2), (5, 3), (6, 2), (7, 3), (8, 2), (9, 3), (10, 2), (11, 3)]
length: 16 76
Estimated difference between T3^fnT3 - (T2^WT3 + h.c.) is: -1.8058951458613474e-06 3.261257277845577e-12
total cost: -7.784455085274789
singles alt: [(4, 0), (5, 1), (6, 0), (7, 1), (8, 0), (9, 1), (10, 0), (11, 1), (4, 2), (5, 3), (6, 2), (7, 3), (8, 2), (9, 3), (10, 2), (11, 3)]
length: 16 76
Estimated difference between T3^fnT3 - (T2^WT3 + h.c.) is: -1.8058952021191107e-06 3.261257481036824e-12
total cost: -7.784455085281427
singles alt: [(4, 0), (5, 1), (6, 0), (7, 1), (8, 0), (9, 1), (10, 0), (11, 1), (4, 2), (5, 3), (6, 2), (7, 3), (8, 2), (9, 3), (10, 2), (11, 3)]
length: 16 76
Estimated difference between T3^fnT3 - (T2^WT3 + h.c.) is: -1.8058949160211253e-06 3.2612564477109474e-12
total cost: -7.7844550852890455
singles alt: [(4, 0), (5, 1), (6, 0), (7, 1), (8, 0), (9, 1), (10, 0), (11, 1), (4, 2), (5, 3), (6, 2), (7, 3), (8, 2), (9, 3), (10, 2), (11, 3)]
length: 16 76
Estimated difference between T3^fnT3 - (T2^WT3 + h.c.) is: -1.8058951009176924e-06 3.2612571155185223e-12
total cost: -7.784455085274123
singles alt: [(4, 0), (5, 1), (6, 0), (7, 1), (8, 0), (9, 1), (10, 0), (11, 1), (4, 2), (5, 3), (6, 2), (7, 3), (8, 2), (9, 3), (10, 2), (11, 3)]
length: 16 76
Estimated difference between T3^fnT3 - (T2^WT3 + h.c.) is: -1.8058949815358926e-06 3.261256684336522e-12
total cost: -7.784455085269679
singles alt: [(4, 0), (5, 1), (6, 0), (7, 1), (8, 0), (9, 1), (10, 0), (11, 1), (4, 2), (5, 3), (6, 2), (7, 3), (8, 2), (9, 3), (10, 2), (11, 3)]
length: 16 76
Estimated difference between T3^fnT3 - (T2^WT3 + h.c.) is: -1.8058951458670522e-06 3.2612572778661815e-12
total cost: -7.784455085274745
singles alt: [(4, 0), (5, 1), (6, 0), (7, 1), (8, 0), (9, 1), (10, 0), (11, 1), (4, 2), (5, 3), (6, 2), (7, 3), (8, 2), (9, 3), (10, 2), (11, 3)]
length: 16 76
Estimated difference between T3^fnT3 - (T2^WT3 + h.c.) is: -1.805895145848273e-06 3.261257277798355e-12
total cost: -7.7844550852748
singles alt: [(4, 0), (5, 1), (6, 0), (7, 1), (8, 0), (9, 1), (10, 0), (11, 1), (4, 2), (5, 3), (6, 2), (7, 3), (8, 2), (9, 3), (10, 2), (11, 3)]
length: 16 76
Estimated difference between T3^fnT3 - (T2^WT3 + h.c.) is: -1.8058951458547401e-06 3.2612572778217132e-12
total cost: -7.784455085274793
singles alt: [(4, 0), (5, 1), (6, 0), (7, 1), (8, 0), (9, 1), (10, 0), (11, 1), (4, 2), (5, 3), (6, 2), (7, 3), (8, 2), (9, 3), (10, 2), (11, 3)]
length: 16 76
Estimated difference between T3^fnT3 - (T2^WT3 + h.c.) is: -1.8058951458604055e-06 3.261257277842175e-12
total cost: -7.784455085274789
singles alt: [(4, 0), (5, 1), (6, 0), (7, 1), (8, 0), (9, 1), (10, 0), (11, 1), (4, 2), (5, 3), (6, 2), (7, 3), (8, 2), (9, 3), (10, 2), (11, 3)]
length: 16 76
Estimated difference between T3^fnT3 - (T2^WT3 + h.c.) is: -1.805895385114981e-06 3.2612581419795852e-12
total cost: -7.784455085265146
singles alt: [(4, 0), (5, 1), (6, 0), (7, 1), (8, 0), (9, 1), (10, 0), (11, 1), (4, 2), (5, 3), (6, 2), (7, 3), (8, 2), (9, 3), (10, 2), (11, 3)]
length: 16 76
Estimated difference between T3^fnT3 - (T2^WT3 + h.c.) is: -1.805895461579477e-06 3.2612584181533522e-12
total cost: -7.784455085283354
singles alt: [(4, 0), (5, 1), (6, 0), (7, 1), (8, 0), (9, 1), (10, 0), (11, 1), (4, 2), (5, 3), (6, 2), (7, 3), (8, 2), (9, 3), (10, 2), (11, 3)]
length: 16 76
Estimated difference between T3^fnT3 - (T2^WT3 + h.c.) is: -1.8058954614548898e-06 3.2612584177033696e-12
total cost: -7.784455085283369
singles alt: [(4, 0), (5, 1), (6, 0), (7, 1), (8, 0), (9, 1), (10, 0), (11, 1), (4, 2), (5, 3), (6, 2), (7, 3), (8, 2), (9, 3), (10, 2), (11, 3)]
length: 16 76
Estimated difference between T3^fnT3 - (T2^WT3 + h.c.) is: -1.805895336402634e-06 3.2612579660407824e-12
total cost: -7.784455085269123
singles alt: [(4, 0), (5, 1), (6, 0), (7, 1), (8, 0), (9, 1), (10, 0), (11, 1), (4, 2), (5, 3), (6, 2), (7, 3), (8, 2), (9, 3), (10, 2), (11, 3)]
length: 16 76
Estimated difference between T3^fnT3 - (T2^WT3 + h.c.) is: -1.8058951458609116e-06 3.261257277844003e-12
total cost: -7.7844550852747805
singles alt: [(4, 0), (5, 1), (6, 0), (7, 1), (8, 0), (9, 1), (10, 0), (11, 1), (4, 2), (5, 3), (6, 2), (7, 3), (8, 2), (9, 3), (10, 2), (11, 3)]
length: 16 76
Estimated difference between T3^fnT3 - (T2^WT3 + h.c.) is: -1.8058951458523574e-06 3.2612572778131074e-12
total cost: -7.784455085274794
singles alt: [(4, 0), (5, 1), (6, 0), (7, 1), (8, 0), (9, 1), (10, 0), (11, 1), (4, 2), (5, 3), (6, 2), (7, 3), (8, 2), (9, 3), (10, 2), (11, 3)]
length: 16 76
Estimated difference between T3^fnT3 - (T2^WT3 + h.c.) is: -1.805895145854551e-06 3.2612572778210302e-12
total cost: -7.784455085274794
singles alt: [(4, 0), (5, 1), (6, 0), (7, 1), (8, 0), (9, 1), (10, 0), (11, 1), (4, 2), (5, 3), (6, 2), (7, 3), (8, 2), (9, 3), (10, 2), (11, 3)]
length: 16 76
Estimated difference between T3^fnT3 - (T2^WT3 + h.c.) is: -1.8058951458605558e-06 3.2612572778427183e-12
total cost: -7.784455085274786
singles alt: [(4, 0), (5, 1), (6, 0), (7, 1), (8, 0), (9, 1), (10, 0), (11, 1), (4, 2), (5, 3), (6, 2), (7, 3), (8, 2), (9, 3), (10, 2), (11, 3)]
length: 16 76
Estimated difference between T3^fnT3 - (T2^WT3 + h.c.) is: -1.8058951458546995e-06 3.2612572778215662e-12
total cost: -7.78445508527507
singles alt: [(4, 0), (5, 1), (6, 0), (7, 1), (8, 0), (9, 1), (10, 0), (11, 1), (4, 2), (5, 3), (6, 2), (7, 3), (8, 2), (9, 3), (10, 2), (11, 3)]
length: 16 76
Estimated difference between T3^fnT3 - (T2^WT3 + h.c.) is: -1.8058951458613713e-06 3.2612572778456635e-12
total cost: -7.784455085274777
singles alt: [(4, 0), (5, 1), (6, 0), (7, 1), (8, 0), (9, 1), (10, 0), (11, 1), (4, 2), (5, 3), (6, 2), (7, 3), (8, 2), (9, 3), (10, 2), (11, 3)]
length: 16 76
Estimated difference between T3^fnT3 - (T2^WT3 + h.c.) is: -1.805895145864699e-06 3.2612572778576827e-12
total cost: -7.784455085274767
singles alt: [(4, 0), (5, 1), (6, 0), (7, 1), (8, 0), (9, 1), (10, 0), (11, 1), (4, 2), (5, 3), (6, 2), (7, 3), (8, 2), (9, 3), (10, 2), (11, 3)]
length: 16 76
Estimated difference between T3^fnT3 - (T2^WT3 + h.c.) is: -1.8058951458583555e-06 3.261257277834771e-12
total cost: -7.78445508527479
singles alt: [(4, 0), (5, 1), (6, 0), (7, 1), (8, 0), (9, 1), (10, 0), (11, 1), (4, 2), (5, 3), (6, 2), (7, 3), (8, 2), (9, 3), (10, 2), (11, 3)]
length: 16 76
Estimated difference between T3^fnT3 - (T2^WT3 + h.c.) is: -1.805895145864855e-06 3.2612572778582457e-12
total cost: -7.784455085274761
singles alt: [(4, 0), (5, 1), (6, 0), (7, 1), (8, 0), (9, 1), (10, 0), (11, 1), (4, 2), (5, 3), (6, 2), (7, 3), (8, 2), (9, 3), (10, 2), (11, 3)]
length: 16 76
Estimated difference between T3^fnT3 - (T2^WT3 + h.c.) is: -1.8058951458524002e-06 3.2612572778132617e-12
total cost: -7.784455085274796
singles alt: [(4, 0), (5, 1), (6, 0), (7, 1), (8, 0), (9, 1), (10, 0), (11, 1), (4, 2), (5, 3), (6, 2), (7, 3), (8, 2), (9, 3), (10, 2), (11, 3)]
length: 16 76
Estimated difference between T3^fnT3 - (T2^WT3 + h.c.) is: -1.8058951458554281e-06 3.261257277824198e-12
total cost: -7.784455085274793
singles alt: [(4, 0), (5, 1), (6, 0), (7, 1), (8, 0), (9, 1), (10, 0), (11, 1), (4, 2), (5, 3), (6, 2), (7, 3), (8, 2), (9, 3), (10, 2), (11, 3)]
length: 16 76
Estimated difference between T3^fnT3 - (T2^WT3 + h.c.) is: -1.8058951458611704e-06 3.2612572778449377e-12
total cost: -7.784455085274786
singles alt: [(4, 0), (5, 1), (6, 0), (7, 1), (8, 0), (9, 1), (10, 0), (11, 1), (4, 2), (5, 3), (6, 2), (7, 3), (8, 2), (9, 3), (10, 2), (11, 3)]
length: 16 76
Estimated difference between T3^fnT3 - (T2^WT3 + h.c.) is: -1.8058951458715088e-06 3.261257277882278e-12
total cost: -7.784455085274726
singles alt: [(4, 0), (5, 1), (6, 0), (7, 1), (8, 0), (9, 1), (10, 0), (11, 1), (4, 2), (5, 3), (6, 2), (7, 3), (8, 2), (9, 3), (10, 2), (11, 3)]
length: 16 76
Estimated difference between T3^fnT3 - (T2^WT3 + h.c.) is: -1.8058951458604716e-06 3.2612572778424137e-12
total cost: -7.78445508527479
singles alt: [(4, 0), (5, 1), (6, 0), (7, 1), (8, 0), (9, 1), (10, 0), (11, 1), (4, 2), (5, 3), (6, 2), (7, 3), (8, 2), (9, 3), (10, 2), (11, 3)]
length: 16 76
Estimated difference between T3^fnT3 - (T2^WT3 + h.c.) is: -1.8058951458352831e-06 3.2612572777514384e-12
total cost: -7.784455085274807
singles alt: [(4, 0), (5, 1), (6, 0), (7, 1), (8, 0), (9, 1), (10, 0), (11, 1), (4, 2), (5, 3), (6, 2), (7, 3), (8, 2), (9, 3), (10, 2), (11, 3)]
length: 16 76
Estimated difference between T3^fnT3 - (T2^WT3 + h.c.) is: -1.8058951458615215e-06 3.261257277846206e-12
total cost: -7.784455085274787
singles alt: [(4, 0), (5, 1), (6, 0), (7, 1), (8, 0), (9, 1), (10, 0), (11, 1), (4, 2), (5, 3), (6, 2), (7, 3), (8, 2), (9, 3), (10, 2), (11, 3)]
length: 16 76
Estimated difference between T3^fnT3 - (T2^WT3 + h.c.) is: -1.8058953851820075e-06 3.2612581422216713e-12
total cost: -7.784455085265049
singles alt: [(4, 0), (5, 1), (6, 0), (7, 1), (8, 0), (9, 1), (10, 0), (11, 1), (4, 2), (5, 3), (6, 2), (7, 3), (8, 2), (9, 3), (10, 2), (11, 3)]
length: 16 76
Estimated difference between T3^fnT3 - (T2^WT3 + h.c.) is: -1.805895462286615e-06 3.2612584207073867e-12
total cost: -7.784455085282965
singles alt: [(4, 0), (5, 1), (6, 0), (7, 1), (8, 0), (9, 1), (10, 0), (11, 1), (4, 2), (5, 3), (6, 2), (7, 3), (8, 2), (9, 3), (10, 2), (11, 3)]
length: 16 76
Estimated difference between T3^fnT3 - (T2^WT3 + h.c.) is: -1.8058954621613117e-06 3.2612584202548175e-12
total cost: -7.784455085282985
singles alt: [(4, 0), (5, 1), (6, 0), (7, 1), (8, 0), (9, 1), (10, 0), (11, 1), (4, 2), (5, 3), (6, 2), (7, 3), (8, 2), (9, 3), (10, 2), (11, 3)]
length: 16 76
Estimated difference between T3^fnT3 - (T2^WT3 + h.c.) is: -1.8058953364835402e-06 3.261257966332999e-12
total cost: -7.7844550852691565
singles alt: [(4, 0), (5, 1), (6, 0), (7, 1), (8, 0), (9, 1), (10, 0), (11, 1), (4, 2), (5, 3), (6, 2), (7, 3), (8, 2), (9, 3), (10, 2), (11, 3)]
length: 16 76
Estimated difference between T3^fnT3 - (T2^WT3 + h.c.) is: -1.8058951458559552e-06 3.2612572778261016e-12
total cost: -7.784455085275005
singles alt: [(4, 0), (5, 1), (6, 0), (7, 1), (8, 0), (9, 1), (10, 0), (11, 1), (4, 2), (5, 3), (6, 2), (7, 3), (8, 2), (9, 3), (10, 2), (11, 3)]
length: 16 76
Estimated difference between T3^fnT3 - (T2^WT3 + h.c.) is: -1.805895145861521e-06 3.2612572778462043e-12
total cost: -7.784455085274779
singles alt: [(4, 0), (5, 1), (6, 0), (7, 1), (8, 0), (9, 1), (10, 0), (11, 1), (4, 2), (5, 3), (6, 2), (7, 3), (8, 2), (9, 3), (10, 2), (11, 3)]
length: 16 76
Estimated difference between T3^fnT3 - (T2^WT3 + h.c.) is: -1.8058951458637754e-06 3.2612572778543465e-12
total cost: -7.784455085274775
singles alt: [(4, 0), (5, 1), (6, 0), (7, 1), (8, 0), (9, 1), (10, 0), (11, 1), (4, 2), (5, 3), (6, 2), (7, 3), (8, 2), (9, 3), (10, 2), (11, 3)]
length: 16 76
Estimated difference between T3^fnT3 - (T2^WT3 + h.c.) is: -1.8058951458590504e-06 3.261257277837281e-12
total cost: -7.784455085274788
singles alt: [(4, 0), (5, 1), (6, 0), (7, 1), (8, 0), (9, 1), (10, 0), (11, 1), (4, 2), (5, 3), (6, 2), (7, 3), (8, 2), (9, 3), (10, 2), (11, 3)]
length: 16 76
Estimated difference between T3^fnT3 - (T2^WT3 + h.c.) is: -1.805895202060546e-06 3.2612574808253002e-12
total cost: -7.784455085281243
singles alt: [(4, 0), (5, 1), (6, 0), (7, 1), (8, 0), (9, 1), (10, 0), (11, 1), (4, 2), (5, 3), (6, 2), (7, 3), (8, 2), (9, 3), (10, 2), (11, 3)]
length: 16 76
Estimated difference between T3^fnT3 - (T2^WT3 + h.c.) is: -1.8058951007903308e-06 3.261257115058519e-12
total cost: -7.784455085273987
singles alt: [(4, 0), (5, 1), (6, 0), (7, 1), (8, 0), (9, 1), (10, 0), (11, 1), (4, 2), (5, 3), (6, 2), (7, 3), (8, 2), (9, 3), (10, 2), (11, 3)]
length: 16 76
Estimated difference between T3^fnT3 - (T2^WT3 + h.c.) is: -1.8058949163227966e-06 3.2612564488005204e-12
total cost: -7.784455085287062
singles alt: [(4, 0), (5, 1), (6, 0), (7, 1), (8, 0), (9, 1), (10, 0), (11, 1), (4, 2), (5, 3), (6, 2), (7, 3), (8, 2), (9, 3), (10, 2), (11, 3)]
length: 16 76
Estimated difference between T3^fnT3 - (T2^WT3 + h.c.) is: -1.8058949811954366e-06 3.2612566831068663e-12
total cost: -7.784455085269973
singles alt: [(4, 0), (5, 1), (6, 0), (7, 1), (8, 0), (9, 1), (10, 0), (11, 1), (4, 2), (5, 3), (6, 2), (7, 3), (8, 2), (9, 3), (10, 2), (11, 3)]
length: 16 76
Estimated difference between T3^fnT3 - (T2^WT3 + h.c.) is: -1.805895145856703e-06 3.2612572778288024e-12
total cost: -7.784455085274929
singles alt: [(4, 0), (5, 1), (6, 0), (7, 1), (8, 0), (9, 1), (10, 0), (11, 1), (4, 2), (5, 3), (6, 2), (7, 3), (8, 2), (9, 3), (10, 2), (11, 3)]
length: 16 76
Estimated difference between T3^fnT3 - (T2^WT3 + h.c.) is: -1.805895145860057e-06 3.2612572778409165e-12
total cost: -7.784455085274784
singles alt: [(4, 0), (5, 1), (6, 0), (7, 1), (8, 0), (9, 1), (10, 0), (11, 1), (4, 2), (5, 3), (6, 2), (7, 3), (8, 2), (9, 3), (10, 2), (11, 3)]
length: 16 76
Estimated difference between T3^fnT3 - (T2^WT3 + h.c.) is: -1.8058951458603784e-06 3.2612572778420773e-12
total cost: -7.7844550852747805
singles alt: [(4, 0), (5, 1), (6, 0), (7, 1), (8, 0), (9, 1), (10, 0), (11, 1), (4, 2), (5, 3), (6, 2), (7, 3), (8, 2), (9, 3), (10, 2), (11, 3)]
length: 16 76
Estimated difference between T3^fnT3 - (T2^WT3 + h.c.) is: -1.8058951458594534e-06 3.2612572778387367e-12
total cost: -7.784455085274789
singles alt: [(4, 0), (5, 1), (6, 0), (7, 1), (8, 0), (9, 1), (10, 0), (11, 1), (4, 2), (5, 3), (6, 2), (7, 3), (8, 2), (9, 3), (10, 2), (11, 3)]
length: 16 76
Estimated difference between T3^fnT3 - (T2^WT3 + h.c.) is: -1.8058951458600516e-06 3.261257277840897e-12
total cost: -7.784455085274824
singles alt: [(4, 0), (5, 1), (6, 0), (7, 1), (8, 0), (9, 1), (10, 0), (11, 1), (4, 2), (5, 3), (6, 2), (7, 3), (8, 2), (9, 3), (10, 2), (11, 3)]
length: 16 76
Estimated difference between T3^fnT3 - (T2^WT3 + h.c.) is: -1.8058951458653712e-06 3.2612572778601105e-12
total cost: -7.784455085274777
singles alt: [(4, 0), (5, 1), (6, 0), (7, 1), (8, 0), (9, 1), (10, 0), (11, 1), (4, 2), (5, 3), (6, 2), (7, 3), (8, 2), (9, 3), (10, 2), (11, 3)]
length: 16 76
Estimated difference between T3^fnT3 - (T2^WT3 + h.c.) is: -1.8058951458628983e-06 3.2612572778511787e-12
total cost: -7.784455085274776
singles alt: [(4, 0), (5, 1), (6, 0), (7, 1), (8, 0), (9, 1), (10, 0), (11, 1), (4, 2), (5, 3), (6, 2), (7, 3), (8, 2), (9, 3), (10, 2), (11, 3)]
length: 16 76
Estimated difference between T3^fnT3 - (T2^WT3 + h.c.) is: -1.8058951458596258e-06 3.261257277839359e-12
total cost: -7.784455085274786
singles alt: [(4, 0), (5, 1), (6, 0), (7, 1), (8, 0), (9, 1), (10, 0), (11, 1), (4, 2), (5, 3), (6, 2), (7, 3), (8, 2), (9, 3), (10, 2), (11, 3)]
length: 16 76
Estimated difference between T3^fnT3 - (T2^WT3 + h.c.) is: -1.8058953773713585e-06 3.2612581140112415e-12
total cost: -7.784455085264835
singles alt: [(4, 0), (5, 1), (6, 0), (7, 1), (8, 0), (9, 1), (10, 0), (11, 1), (4, 2), (5, 3), (6, 2), (7, 3), (8, 2), (9, 3), (10, 2), (11, 3)]
length: 16 76
Estimated difference between T3^fnT3 - (T2^WT3 + h.c.) is: -1.8058952059174458e-06 3.261257494755614e-12
total cost: -7.784455085277753
singles alt: [(4, 0), (5, 1), (6, 0), (7, 1), (8, 0), (9, 1), (10, 0), (11, 1), (4, 2), (5, 3), (6, 2), (7, 3), (8, 2), (9, 3), (10, 2), (11, 3)]
length: 16 76
Estimated difference between T3^fnT3 - (T2^WT3 + h.c.) is: -1.8058952058401104e-06 3.2612574944762946e-12
total cost: -7.784455085277817
singles alt: [(4, 0), (5, 1), (6, 0), (7, 1), (8, 0), (9, 1), (10, 0), (11, 1), (4, 2), (5, 3), (6, 2), (7, 3), (8, 2), (9, 3), (10, 2), (11, 3)]
length: 16 76
Estimated difference between T3^fnT3 - (T2^WT3 + h.c.) is: -1.8058952798442732e-06 3.261257761763826e-12
total cost: -7.7844550852772425
singles alt: [(4, 0), (5, 1), (6, 0), (7, 1), (8, 0), (9, 1), (10, 0), (11, 1), (4, 2), (5, 3), (6, 2), (7, 3), (8, 2), (9, 3), (10, 2), (11, 3)]
length: 16 76
Estimated difference between T3^fnT3 - (T2^WT3 + h.c.) is: -1.8058951458628782e-06 3.261257277851106e-12
total cost: -7.784455085274785
singles alt: [(4, 0), (5, 1), (6, 0), (7, 1), (8, 0), (9, 1), (10, 0), (11, 1), (4, 2), (5, 3), (6, 2), (7, 3), (8, 2), (9, 3), (10, 2), (11, 3)]
length: 16 76
Estimated difference between T3^fnT3 - (T2^WT3 + h.c.) is: -1.8058951458726644e-06 3.261257277886452e-12
total cost: -7.7844550852747805
singles alt: [(4, 0), (5, 1), (6, 0), (7, 1), (8, 0), (9, 1), (10, 0), (11, 1), (4, 2), (5, 3), (6, 2), (7, 3), (8, 2), (9, 3), (10, 2), (11, 3)]
length: 16 76
Estimated difference between T3^fnT3 - (T2^WT3 + h.c.) is: -1.8058951458631067e-06 3.261257277851931e-12
total cost: -7.784455085274788
singles alt: [(4, 0), (5, 1), (6, 0), (7, 1), (8, 0), (9, 1), (10, 0), (11, 1), (4, 2), (5, 3), (6, 2), (7, 3), (8, 2), (9, 3), (10, 2), (11, 3)]
length: 16 76
Estimated difference between T3^fnT3 - (T2^WT3 + h.c.) is: -1.8058951458686793e-06 3.2612572778720586e-12
total cost: -7.784455085274784
singles alt: [(4, 0), (5, 1), (6, 0), (7, 1), (8, 0), (9, 1), (10, 0), (11, 1), (4, 2), (5, 3), (6, 2), (7, 3), (8, 2), (9, 3), (10, 2), (11, 3)]
length: 16 76
Estimated difference between T3^fnT3 - (T2^WT3 + h.c.) is: -1.8058950033438167e-06 3.261256763102164e-12
total cost: -7.78445508528575
singles alt: [(4, 0), (5, 1), (6, 0), (7, 1), (8, 0), (9, 1), (10, 0), (11, 1), (4, 2), (5, 3), (6, 2), (7, 3), (8, 2), (9, 3), (10, 2), (11, 3)]
length: 16 76
Estimated difference between T3^fnT3 - (T2^WT3 + h.c.) is: -1.805895003198512e-06 3.261256762577354e-12
total cost: -7.784455085285348
singles alt: [(4, 0), (5, 1), (6, 0), (7, 1), (8, 0), (9, 1), (10, 0), (11, 1), (4, 2), (5, 3), (6, 2), (7, 3), (8, 2), (9, 3), (10, 2), (11, 3)]
length: 16 76
Estimated difference between T3^fnT3 - (T2^WT3 + h.c.) is: -1.80589514586796e-06 3.2612572778694603e-12
total cost: -7.784455085274784
singles alt: [(4, 0), (5, 1), (6, 0), (7, 1), (8, 0), (9, 1), (10, 0), (11, 1), (4, 2), (5, 3), (6, 2), (7, 3), (8, 2), (9, 3), (10, 2), (11, 3)]
length: 16 76
Estimated difference between T3^fnT3 - (T2^WT3 + h.c.) is: -1.805895145837133e-06 3.26125727775812e-12
total cost: -7.784455085274804
singles alt: [(4, 0), (5, 1), (6, 0), (7, 1), (8, 0), (9, 1), (10, 0), (11, 1), (4, 2), (5, 3), (6, 2), (7, 3), (8, 2), (9, 3), (10, 2), (11, 3)]
length: 16 76
Estimated difference between T3^fnT3 - (T2^WT3 + h.c.) is: -1.8058951458635425e-06 3.2612572778535056e-12
total cost: -7.784455085274777
singles alt: [(4, 0), (5, 1), (6, 0), (7, 1), (8, 0), (9, 1), (10, 0), (11, 1), (4, 2), (5, 3), (6, 2), (7, 3), (8, 2), (9, 3), (10, 2), (11, 3)]
length: 16 76
Estimated difference between T3^fnT3 - (T2^WT3 + h.c.) is: -1.8058951458593594e-06 3.261257277838397e-12
total cost: -7.784455085274783
singles alt: [(4, 0), (5, 1), (6, 0), (7, 1), (8, 0), (9, 1), (10, 0), (11, 1), (4, 2), (5, 3), (6, 2), (7, 3), (8, 2), (9, 3), (10, 2), (11, 3)]
length: 16 76
Estimated difference between T3^fnT3 - (T2^WT3 + h.c.) is: -1.8058951458586225e-06 3.2612572778357353e-12
total cost: -7.784455085274791
singles alt: [(4, 0), (5, 1), (6, 0), (7, 1), (8, 0), (9, 1), (10, 0), (11, 1), (4, 2), (5, 3), (6, 2), (7, 3), (8, 2), (9, 3), (10, 2), (11, 3)]
length: 16 76
Estimated difference between T3^fnT3 - (T2^WT3 + h.c.) is: -1.8058951458577562e-06 3.2612572778326063e-12
total cost: -7.784455085274791
singles alt: [(4, 0), (5, 1), (6, 0), (7, 1), (8, 0), (9, 1), (10, 0), (11, 1), (4, 2), (5, 3), (6, 2), (7, 3), (8, 2), (9, 3), (10, 2), (11, 3)]
length: 16 76
Estimated difference between T3^fnT3 - (T2^WT3 + h.c.) is: -1.8058951458600612e-06 3.2612572778409314e-12
total cost: -7.784455085249487
singles alt: [(4, 0), (5, 1), (6, 0), (7, 1), (8, 0), (9, 1), (10, 0), (11, 1), (4, 2), (5, 3), (6, 2), (7, 3), (8, 2), (9, 3), (10, 2), (11, 3)]
length: 16 76
Estimated difference between T3^fnT3 - (T2^WT3 + h.c.) is: -1.8058951458600612e-06 3.2612572778409314e-12
total cost: -7.7844550852492205
singles alt: [(4, 0), (5, 1), (6, 0), (7, 1), (8, 0), (9, 1), (10, 0), (11, 1), (4, 2), (5, 3), (6, 2), (7, 3), (8, 2), (9, 3), (10, 2), (11, 3)]
length: 16 76
Estimated difference between T3^fnT3 - (T2^WT3 + h.c.) is: -1.8058951458600612e-06 3.2612572778409314e-12
total cost: -7.784455085274766
singles alt: [(4, 0), (5, 1), (6, 0), (7, 1), (8, 0), (9, 1), (10, 0), (11, 1), (4, 2), (5, 3), (6, 2), (7, 3), (8, 2), (9, 3), (10, 2), (11, 3)]
length: 16 76
Estimated difference between T3^fnT3 - (T2^WT3 + h.c.) is: -1.8058951458600612e-06 3.2612572778409314e-12
total cost: -7.78445508527477
singles alt: [(4, 0), (5, 1), (6, 0), (7, 1), (8, 0), (9, 1), (10, 0), (11, 1), (4, 2), (5, 3), (6, 2), (7, 3), (8, 2), (9, 3), (10, 2), (11, 3)]
length: 16 76
Estimated difference between T3^fnT3 - (T2^WT3 + h.c.) is: -1.8058951458600612e-06 3.2612572778409314e-12
total cost: -7.7844550852747725
singles alt: [(4, 0), (5, 1), (6, 0), (7, 1), (8, 0), (9, 1), (10, 0), (11, 1), (4, 2), (5, 3), (6, 2), (7, 3), (8, 2), (9, 3), (10, 2), (11, 3)]
length: 16 76
Estimated difference between T3^fnT3 - (T2^WT3 + h.c.) is: -1.8058951458600612e-06 3.2612572778409314e-12
total cost: -7.784455085274784
singles alt: [(4, 0), (5, 1), (6, 0), (7, 1), (8, 0), (9, 1), (10, 0), (11, 1), (4, 2), (5, 3), (6, 2), (7, 3), (8, 2), (9, 3), (10, 2), (11, 3)]
length: 16 76
Estimated difference between T3^fnT3 - (T2^WT3 + h.c.) is: -1.8058951458600612e-06 3.2612572778409314e-12
total cost: -7.7844550852901
singles alt: [(4, 0), (5, 1), (6, 0), (7, 1), (8, 0), (9, 1), (10, 0), (11, 1), (4, 2), (5, 3), (6, 2), (7, 3), (8, 2), (9, 3), (10, 2), (11, 3)]
length: 16 76
Estimated difference between T3^fnT3 - (T2^WT3 + h.c.) is: -1.8058951458600612e-06 3.2612572778409314e-12
total cost: -7.784455085290033
singles alt: [(4, 0), (5, 1), (6, 0), (7, 1), (8, 0), (9, 1), (10, 0), (11, 1), (4, 2), (5, 3), (6, 2), (7, 3), (8, 2), (9, 3), (10, 2), (11, 3)]
length: 16 76
Estimated difference between T3^fnT3 - (T2^WT3 + h.c.) is: -1.8058951458600612e-06 3.2612572778409314e-12
total cost: -7.784455085275158
singles alt: [(4, 0), (5, 1), (6, 0), (7, 1), (8, 0), (9, 1), (10, 0), (11, 1), (4, 2), (5, 3), (6, 2), (7, 3), (8, 2), (9, 3), (10, 2), (11, 3)]
length: 16 76
Estimated difference between T3^fnT3 - (T2^WT3 + h.c.) is: -1.8058951458600612e-06 3.2612572778409314e-12
total cost: -7.784455085275228
singles alt: [(4, 0), (5, 1), (6, 0), (7, 1), (8, 0), (9, 1), (10, 0), (11, 1), (4, 2), (5, 3), (6, 2), (7, 3), (8, 2), (9, 3), (10, 2), (11, 3)]
length: 16 76
Estimated difference between T3^fnT3 - (T2^WT3 + h.c.) is: -1.8058951458600612e-06 3.2612572778409314e-12
total cost: -7.784455085274789
singles alt: [(4, 0), (5, 1), (6, 0), (7, 1), (8, 0), (9, 1), (10, 0), (11, 1), (4, 2), (5, 3), (6, 2), (7, 3), (8, 2), (9, 3), (10, 2), (11, 3)]
length: 16 76
Estimated difference between T3^fnT3 - (T2^WT3 + h.c.) is: -1.8058951458600612e-06 3.2612572778409314e-12
total cost: -7.78445508527479
singles alt: [(4, 0), (5, 1), (6, 0), (7, 1), (8, 0), (9, 1), (10, 0), (11, 1), (4, 2), (5, 3), (6, 2), (7, 3), (8, 2), (9, 3), (10, 2), (11, 3)]
length: 16 76
Estimated difference between T3^fnT3 - (T2^WT3 + h.c.) is: -1.8058951458600612e-06 3.2612572778409314e-12
total cost: -7.784455085274788
singles alt: [(4, 0), (5, 1), (6, 0), (7, 1), (8, 0), (9, 1), (10, 0), (11, 1), (4, 2), (5, 3), (6, 2), (7, 3), (8, 2), (9, 3), (10, 2), (11, 3)]
length: 16 76
Estimated difference between T3^fnT3 - (T2^WT3 + h.c.) is: -1.8058951458600612e-06 3.2612572778409314e-12
total cost: -7.78445508527479
singles alt: [(4, 0), (5, 1), (6, 0), (7, 1), (8, 0), (9, 1), (10, 0), (11, 1), (4, 2), (5, 3), (6, 2), (7, 3), (8, 2), (9, 3), (10, 2), (11, 3)]
length: 16 76
Estimated difference between T3^fnT3 - (T2^WT3 + h.c.) is: -1.8058951458600612e-06 3.2612572778409314e-12
total cost: -7.784455085275125
singles alt: [(4, 0), (5, 1), (6, 0), (7, 1), (8, 0), (9, 1), (10, 0), (11, 1), (4, 2), (5, 3), (6, 2), (7, 3), (8, 2), (9, 3), (10, 2), (11, 3)]
length: 16 76
Estimated difference between T3^fnT3 - (T2^WT3 + h.c.) is: -1.8058951458600612e-06 3.2612572778409314e-12
total cost: -7.78445508527515
singles alt: [(4, 0), (5, 1), (6, 0), (7, 1), (8, 0), (9, 1), (10, 0), (11, 1), (4, 2), (5, 3), (6, 2), (7, 3), (8, 2), (9, 3), (10, 2), (11, 3)]
callback: energy=-7.784453279380
singles alt: [(4, 0), (5, 1), (6, 0), (7, 1), (8, 0), (9, 1), (10, 0), (11, 1), (4, 2), (5, 3), (6, 2), (7, 3), (8, 2), (9, 3), (10, 2), (11, 3)]
length: 16 76
Estimated difference between T3^fnT3 - (T2^WT3 + h.c.) is: -1.8063364770839918e-06 3.2628514684442067e-12
total cost: -7.784455785880226
singles alt: [(4, 0), (5, 1), (6, 0), (7, 1), (8, 0), (9, 1), (10, 0), (11, 1), (4, 2), (5, 3), (6, 2), (7, 3), (8, 2), (9, 3), (10, 2), (11, 3)]
length: 16 76
Estimated difference between T3^fnT3 - (T2^WT3 + h.c.) is: -1.8063367514319154e-06 3.2628524595736052e-12
total cost: -7.784455785897327
singles alt: [(4, 0), (5, 1), (6, 0), (7, 1), (8, 0), (9, 1), (10, 0), (11, 1), (4, 2), (5, 3), (6, 2), (7, 3), (8, 2), (9, 3), (10, 2), (11, 3)]
length: 16 76
Estimated difference between T3^fnT3 - (T2^WT3 + h.c.) is: -1.8063365770300038e-06 3.262851829516471e-12
total cost: -7.784455785870579
singles alt: [(4, 0), (5, 1), (6, 0), (7, 1), (8, 0), (9, 1), (10, 0), (11, 1), (4, 2), (5, 3), (6, 2), (7, 3), (8, 2), (9, 3), (10, 2), (11, 3)]
length: 16 76
Estimated difference between T3^fnT3 - (T2^WT3 + h.c.) is: -1.8063365768073629e-06 3.262851828712142e-12
total cost: -7.784455785870673
singles alt: [(4, 0), (5, 1), (6, 0), (7, 1), (8, 0), (9, 1), (10, 0), (11, 1), (4, 2), (5, 3), (6, 2), (7, 3), (8, 2), (9, 3), (10, 2), (11, 3)]
length: 16 76
Estimated difference between T3^fnT3 - (T2^WT3 + h.c.) is: -1.8063366305009716e-06 3.2628520226896033e-12
total cost: -7.784455785866198
singles alt: [(4, 0), (5, 1), (6, 0), (7, 1), (8, 0), (9, 1), (10, 0), (11, 1), (4, 2), (5, 3), (6, 2), (7, 3), (8, 2), (9, 3), (10, 2), (11, 3)]
length: 16 76
Estimated difference between T3^fnT3 - (T2^WT3 + h.c.) is: -1.8063364771132585e-06 3.2628514685499376e-12
total cost: -7.78445578588014
singles alt: [(4, 0), (5, 1), (6, 0), (7, 1), (8, 0), (9, 1), (10, 0), (11, 1), (4, 2), (5, 3), (6, 2), (7, 3), (8, 2), (9, 3), (10, 2), (11, 3)]
length: 16 76
Estimated difference between T3^fnT3 - (T2^WT3 + h.c.) is: -1.8063364770885808e-06 3.262851468460785e-12
total cost: -7.784455785880223
singles alt: [(4, 0), (5, 1), (6, 0), (7, 1), (8, 0), (9, 1), (10, 0), (11, 1), (4, 2), (5, 3), (6, 2), (7, 3), (8, 2), (9, 3), (10, 2), (11, 3)]
length: 16 76
Estimated difference between T3^fnT3 - (T2^WT3 + h.c.) is: -1.806336477085282e-06 3.2628514684488677e-12
total cost: -7.784455785880226
singles alt: [(4, 0), (5, 1), (6, 0), (7, 1), (8, 0), (9, 1), (10, 0), (11, 1), (4, 2), (5, 3), (6, 2), (7, 3), (8, 2), (9, 3), (10, 2), (11, 3)]
length: 16 76
Estimated difference between T3^fnT3 - (T2^WT3 + h.c.) is: -1.8063364770870932e-06 3.262851468455411e-12
total cost: -7.784455785880223
singles alt: [(4, 0), (5, 1), (6, 0), (7, 1), (8, 0), (9, 1), (10, 0), (11, 1), (4, 2), (5, 3), (6, 2), (7, 3), (8, 2), (9, 3), (10, 2), (11, 3)]
length: 16 76
Estimated difference between T3^fnT3 - (T2^WT3 + h.c.) is: -1.8063364770409151e-06 3.2628514682885845e-12
total cost: -7.784455785880406
singles alt: [(4, 0), (5, 1), (6, 0), (7, 1), (8, 0), (9, 1), (10, 0), (11, 1), (4, 2), (5, 3), (6, 2), (7, 3), (8, 2), (9, 3), (10, 2), (11, 3)]
length: 16 76
Estimated difference between T3^fnT3 - (T2^WT3 + h.c.) is: -1.806336477091455e-06 3.262851468471169e-12
total cost: -7.784455785880217
singles alt: [(4, 0), (5, 1), (6, 0), (7, 1), (8, 0), (9, 1), (10, 0), (11, 1), (4, 2), (5, 3), (6, 2), (7, 3), (8, 2), (9, 3), (10, 2), (11, 3)]
length: 16 76
Estimated difference between T3^fnT3 - (T2^WT3 + h.c.) is: -1.8063364770971907e-06 3.26285146849189e-12
total cost: -7.784455785880212
singles alt: [(4, 0), (5, 1), (6, 0), (7, 1), (8, 0), (9, 1), (10, 0), (11, 1), (4, 2), (5, 3), (6, 2), (7, 3), (8, 2), (9, 3), (10, 2), (11, 3)]
length: 16 76
Estimated difference between T3^fnT3 - (T2^WT3 + h.c.) is: -1.8063364770801262e-06 3.262851468430241e-12
total cost: -7.784455785880228
singles alt: [(4, 0), (5, 1), (6, 0), (7, 1), (8, 0), (9, 1), (10, 0), (11, 1), (4, 2), (5, 3), (6, 2), (7, 3), (8, 2), (9, 3), (10, 2), (11, 3)]
length: 16 76
Estimated difference between T3^fnT3 - (T2^WT3 + h.c.) is: -1.8063365330651462e-06 3.2628516706858118e-12
total cost: -7.784455785882107
singles alt: [(4, 0), (5, 1), (6, 0), (7, 1), (8, 0), (9, 1), (10, 0), (11, 1), (4, 2), (5, 3), (6, 2), (7, 3), (8, 2), (9, 3), (10, 2), (11, 3)]
length: 16 76
Estimated difference between T3^fnT3 - (T2^WT3 + h.c.) is: -1.806336256089484e-06 3.2628506700633735e-12
total cost: -7.78445578587874
singles alt: [(4, 0), (5, 1), (6, 0), (7, 1), (8, 0), (9, 1), (10, 0), (11, 1), (4, 2), (5, 3), (6, 2), (7, 3), (8, 2), (9, 3), (10, 2), (11, 3)]
length: 16 76
Estimated difference between T3^fnT3 - (T2^WT3 + h.c.) is: -1.8063364333483356e-06 3.262851310441586e-12
total cost: -7.7844557858813355
singles alt: [(4, 0), (5, 1), (6, 0), (7, 1), (8, 0), (9, 1), (10, 0), (11, 1), (4, 2), (5, 3), (6, 2), (7, 3), (8, 2), (9, 3), (10, 2), (11, 3)]
length: 16 76
Estimated difference between T3^fnT3 - (T2^WT3 + h.c.) is: -1.8063363131506722e-06 3.2628508762067633e-12
total cost: -7.7844557858735834
singles alt: [(4, 0), (5, 1), (6, 0), (7, 1), (8, 0), (9, 1), (10, 0), (11, 1), (4, 2), (5, 3), (6, 2), (7, 3), (8, 2), (9, 3), (10, 2), (11, 3)]
length: 16 76
Estimated difference between T3^fnT3 - (T2^WT3 + h.c.) is: -1.8063364770577103e-06 3.26285146834926e-12
total cost: -7.78445578588038
singles alt: [(4, 0), (5, 1), (6, 0), (7, 1), (8, 0), (9, 1), (10, 0), (11, 1), (4, 2), (5, 3), (6, 2), (7, 3), (8, 2), (9, 3), (10, 2), (11, 3)]
length: 16 76
Estimated difference between T3^fnT3 - (T2^WT3 + h.c.) is: -1.8063364770991552e-06 3.262851468498987e-12
total cost: -7.78445578588021
singles alt: [(4, 0), (5, 1), (6, 0), (7, 1), (8, 0), (9, 1), (10, 0), (11, 1), (4, 2), (5, 3), (6, 2), (7, 3), (8, 2), (9, 3), (10, 2), (11, 3)]
length: 16 76
Estimated difference between T3^fnT3 - (T2^WT3 + h.c.) is: -1.8063364770916266e-06 3.2628514684717884e-12
total cost: -7.784455785880215
singles alt: [(4, 0), (5, 1), (6, 0), (7, 1), (8, 0), (9, 1), (10, 0), (11, 1), (4, 2), (5, 3), (6, 2), (7, 3), (8, 2), (9, 3), (10, 2), (11, 3)]
length: 16 76
Estimated difference between T3^fnT3 - (T2^WT3 + h.c.) is: -1.8063364770817406e-06 3.262851468436074e-12
total cost: -7.784455785880226
singles alt: [(4, 0), (5, 1), (6, 0), (7, 1), (8, 0), (9, 1), (10, 0), (11, 1), (4, 2), (5, 3), (6, 2), (7, 3), (8, 2), (9, 3), (10, 2), (11, 3)]
length: 16 76
Estimated difference between T3^fnT3 - (T2^WT3 + h.c.) is: -1.8063367168355723e-06 3.2628523345883147e-12
total cost: -7.784455785867385
singles alt: [(4, 0), (5, 1), (6, 0), (7, 1), (8, 0), (9, 1), (10, 0), (11, 1), (4, 2), (5, 3), (6, 2), (7, 3), (8, 2), (9, 3), (10, 2), (11, 3)]
length: 16 76
Estimated difference between T3^fnT3 - (T2^WT3 + h.c.) is: -1.806336800060537e-06 3.2628526352529407e-12
total cost: -7.784455785882523
singles alt: [(4, 0), (5, 1), (6, 0), (7, 1), (8, 0), (9, 1), (10, 0), (11, 1), (4, 2), (5, 3), (6, 2), (7, 3), (8, 2), (9, 3), (10, 2), (11, 3)]
length: 16 76
Estimated difference between T3^fnT3 - (T2^WT3 + h.c.) is: -1.8063368002588779e-06 3.2628526359694815e-12
total cost: -7.784455785882489
singles alt: [(4, 0), (5, 1), (6, 0), (7, 1), (8, 0), (9, 1), (10, 0), (11, 1), (4, 2), (5, 3), (6, 2), (7, 3), (8, 2), (9, 3), (10, 2), (11, 3)]
length: 16 76
Estimated difference between T3^fnT3 - (T2^WT3 + h.c.) is: -1.8063366677526958e-06 3.262852157267913e-12
total cost: -7.7844557858739964
singles alt: [(4, 0), (5, 1), (6, 0), (7, 1), (8, 0), (9, 1), (10, 0), (11, 1), (4, 2), (5, 3), (6, 2), (7, 3), (8, 2), (9, 3), (10, 2), (11, 3)]
length: 16 76
Estimated difference between T3^fnT3 - (T2^WT3 + h.c.) is: -1.8063364770797507e-06 3.262851468428885e-12
total cost: -7.784455785880263
singles alt: [(4, 0), (5, 1), (6, 0), (7, 1), (8, 0), (9, 1), (10, 0), (11, 1), (4, 2), (5, 3), (6, 2), (7, 3), (8, 2), (9, 3), (10, 2), (11, 3)]
length: 16 76
Estimated difference between T3^fnT3 - (T2^WT3 + h.c.) is: -1.8063364770906667e-06 3.2628514684683206e-12
total cost: -7.784455785880221
singles alt: [(4, 0), (5, 1), (6, 0), (7, 1), (8, 0), (9, 1), (10, 0), (11, 1), (4, 2), (5, 3), (6, 2), (7, 3), (8, 2), (9, 3), (10, 2), (11, 3)]
length: 16 76
Estimated difference between T3^fnT3 - (T2^WT3 + h.c.) is: -1.8063364770869914e-06 3.262851468455043e-12
total cost: -7.784455785880221
singles alt: [(4, 0), (5, 1), (6, 0), (7, 1), (8, 0), (9, 1), (10, 0), (11, 1), (4, 2), (5, 3), (6, 2), (7, 3), (8, 2), (9, 3), (10, 2), (11, 3)]
length: 16 76
Estimated difference between T3^fnT3 - (T2^WT3 + h.c.) is: -1.806336477083484e-06 3.2628514684423722e-12
total cost: -7.784455785880224
singles alt: [(4, 0), (5, 1), (6, 0), (7, 1), (8, 0), (9, 1), (10, 0), (11, 1), (4, 2), (5, 3), (6, 2), (7, 3), (8, 2), (9, 3), (10, 2), (11, 3)]
length: 16 76
Estimated difference between T3^fnT3 - (T2^WT3 + h.c.) is: -1.806336477104535e-06 3.262851468518422e-12
total cost: -7.7844557858791585
singles alt: [(4, 0), (5, 1), (6, 0), (7, 1), (8, 0), (9, 1), (10, 0), (11, 1), (4, 2), (5, 3), (6, 2), (7, 3), (8, 2), (9, 3), (10, 2), (11, 3)]
length: 16 76
Estimated difference between T3^fnT3 - (T2^WT3 + h.c.) is: -1.8063364770782439e-06 3.262851468423441e-12
total cost: -7.784455785880278
singles alt: [(4, 0), (5, 1), (6, 0), (7, 1), (8, 0), (9, 1), (10, 0), (11, 1), (4, 2), (5, 3), (6, 2), (7, 3), (8, 2), (9, 3), (10, 2), (11, 3)]
length: 16 76
Estimated difference between T3^fnT3 - (T2^WT3 + h.c.) is: -1.806336477071842e-06 3.2628514684003132e-12
total cost: -7.784455785880287
singles alt: [(4, 0), (5, 1), (6, 0), (7, 1), (8, 0), (9, 1), (10, 0), (11, 1), (4, 2), (5, 3), (6, 2), (7, 3), (8, 2), (9, 3), (10, 2), (11, 3)]
length: 16 76
Estimated difference between T3^fnT3 - (T2^WT3 + h.c.) is: -1.8063364770908706e-06 3.2628514684690573e-12
total cost: -7.784455785880219
singles alt: [(4, 0), (5, 1), (6, 0), (7, 1), (8, 0), (9, 1), (10, 0), (11, 1), (4, 2), (5, 3), (6, 2), (7, 3), (8, 2), (9, 3), (10, 2), (11, 3)]
length: 16 76
Estimated difference between T3^fnT3 - (T2^WT3 + h.c.) is: -1.80633647706894e-06 3.2628514683898293e-12
total cost: -7.784455785880329
singles alt: [(4, 0), (5, 1), (6, 0), (7, 1), (8, 0), (9, 1), (10, 0), (11, 1), (4, 2), (5, 3), (6, 2), (7, 3), (8, 2), (9, 3), (10, 2), (11, 3)]
length: 16 76
Estimated difference between T3^fnT3 - (T2^WT3 + h.c.) is: -1.8063364770940275e-06 3.262851468480462e-12
total cost: -7.784455785880215
singles alt: [(4, 0), (5, 1), (6, 0), (7, 1), (8, 0), (9, 1), (10, 0), (11, 1), (4, 2), (5, 3), (6, 2), (7, 3), (8, 2), (9, 3), (10, 2), (11, 3)]
length: 16 76
Estimated difference between T3^fnT3 - (T2^WT3 + h.c.) is: -1.8063364770927252e-06 3.262851468475757e-12
total cost: -7.7844557858802155
singles alt: [(4, 0), (5, 1), (6, 0), (7, 1), (8, 0), (9, 1), (10, 0), (11, 1), (4, 2), (5, 3), (6, 2), (7, 3), (8, 2), (9, 3), (10, 2), (11, 3)]
length: 16 76
Estimated difference between T3^fnT3 - (T2^WT3 + h.c.) is: -1.8063364770835037e-06 3.2628514684424433e-12
total cost: -7.784455785880226
singles alt: [(4, 0), (5, 1), (6, 0), (7, 1), (8, 0), (9, 1), (10, 0), (11, 1), (4, 2), (5, 3), (6, 2), (7, 3), (8, 2), (9, 3), (10, 2), (11, 3)]
length: 16 76
Estimated difference between T3^fnT3 - (T2^WT3 + h.c.) is: -1.8063364770484639e-06 3.2628514683158556e-12
total cost: -7.7844557858804215
singles alt: [(4, 0), (5, 1), (6, 0), (7, 1), (8, 0), (9, 1), (10, 0), (11, 1), (4, 2), (5, 3), (6, 2), (7, 3), (8, 2), (9, 3), (10, 2), (11, 3)]
length: 16 76
Estimated difference between T3^fnT3 - (T2^WT3 + h.c.) is: -1.806336477092767e-06 3.2628514684759086e-12
total cost: -7.784455785880215
singles alt: [(4, 0), (5, 1), (6, 0), (7, 1), (8, 0), (9, 1), (10, 0), (11, 1), (4, 2), (5, 3), (6, 2), (7, 3), (8, 2), (9, 3), (10, 2), (11, 3)]
length: 16 76
Estimated difference between T3^fnT3 - (T2^WT3 + h.c.) is: -1.8063364771139251e-06 3.2628514685523457e-12
total cost: -7.7844557858802
singles alt: [(4, 0), (5, 1), (6, 0), (7, 1), (8, 0), (9, 1), (10, 0), (11, 1), (4, 2), (5, 3), (6, 2), (7, 3), (8, 2), (9, 3), (10, 2), (11, 3)]
length: 16 76
Estimated difference between T3^fnT3 - (T2^WT3 + h.c.) is: -1.8063364770791563e-06 3.2628514684267374e-12
total cost: -7.784455785880228
singles alt: [(4, 0), (5, 1), (6, 0), (7, 1), (8, 0), (9, 1), (10, 0), (11, 1), (4, 2), (5, 3), (6, 2), (7, 3), (8, 2), (9, 3), (10, 2), (11, 3)]
length: 16 76
Estimated difference between T3^fnT3 - (T2^WT3 + h.c.) is: -1.8063367168055577e-06 3.2628523344798817e-12
total cost: -7.784455785867783
singles alt: [(4, 0), (5, 1), (6, 0), (7, 1), (8, 0), (9, 1), (10, 0), (11, 1), (4, 2), (5, 3), (6, 2), (7, 3), (8, 2), (9, 3), (10, 2), (11, 3)]
length: 16 76
Estimated difference between T3^fnT3 - (T2^WT3 + h.c.) is: -1.8063367997620024e-06 3.2628526341744325e-12
total cost: -7.7844557858828995
singles alt: [(4, 0), (5, 1), (6, 0), (7, 1), (8, 0), (9, 1), (10, 0), (11, 1), (4, 2), (5, 3), (6, 2), (7, 3), (8, 2), (9, 3), (10, 2), (11, 3)]
length: 16 76
Estimated difference between T3^fnT3 - (T2^WT3 + h.c.) is: -1.8063367999669603e-06 3.2628526349148783e-12
total cost: -7.784455785882862
singles alt: [(4, 0), (5, 1), (6, 0), (7, 1), (8, 0), (9, 1), (10, 0), (11, 1), (4, 2), (5, 3), (6, 2), (7, 3), (8, 2), (9, 3), (10, 2), (11, 3)]
length: 16 76
Estimated difference between T3^fnT3 - (T2^WT3 + h.c.) is: -1.8063366678237583e-06 3.2628521575246383e-12
total cost: -7.784455785874035
singles alt: [(4, 0), (5, 1), (6, 0), (7, 1), (8, 0), (9, 1), (10, 0), (11, 1), (4, 2), (5, 3), (6, 2), (7, 3), (8, 2), (9, 3), (10, 2), (11, 3)]
length: 16 76
Estimated difference between T3^fnT3 - (T2^WT3 + h.c.) is: -1.8063364771002741e-06 3.262851468503029e-12
total cost: -7.784455785879396
singles alt: [(4, 0), (5, 1), (6, 0), (7, 1), (8, 0), (9, 1), (10, 0), (11, 1), (4, 2), (5, 3), (6, 2), (7, 3), (8, 2), (9, 3), (10, 2), (11, 3)]
length: 16 76
Estimated difference between T3^fnT3 - (T2^WT3 + h.c.) is: -1.8063364770800934e-06 3.262851468430123e-12
total cost: -7.784455785880265
singles alt: [(4, 0), (5, 1), (6, 0), (7, 1), (8, 0), (9, 1), (10, 0), (11, 1), (4, 2), (5, 3), (6, 2), (7, 3), (8, 2), (9, 3), (10, 2), (11, 3)]
length: 16 76
Estimated difference between T3^fnT3 - (T2^WT3 + h.c.) is: -1.8063364770764424e-06 3.262851468416933e-12
total cost: -7.784455785880269
singles alt: [(4, 0), (5, 1), (6, 0), (7, 1), (8, 0), (9, 1), (10, 0), (11, 1), (4, 2), (5, 3), (6, 2), (7, 3), (8, 2), (9, 3), (10, 2), (11, 3)]
length: 16 76
Estimated difference between T3^fnT3 - (T2^WT3 + h.c.) is: -1.8063364770893497e-06 3.262851468463563e-12
total cost: -7.784455785880219
singles alt: [(4, 0), (5, 1), (6, 0), (7, 1), (8, 0), (9, 1), (10, 0), (11, 1), (4, 2), (5, 3), (6, 2), (7, 3), (8, 2), (9, 3), (10, 2), (11, 3)]
length: 16 76
Estimated difference between T3^fnT3 - (T2^WT3 + h.c.) is: -1.8063365329980936e-06 3.2628516704435727e-12
total cost: -7.784455785882215
singles alt: [(4, 0), (5, 1), (6, 0), (7, 1), (8, 0), (9, 1), (10, 0), (11, 1), (4, 2), (5, 3), (6, 2), (7, 3), (8, 2), (9, 3), (10, 2), (11, 3)]
length: 16 76
Estimated difference between T3^fnT3 - (T2^WT3 + h.c.) is: -1.8063364334260926e-06 3.2628513107224966e-12
total cost: -7.7844557858812955
singles alt: [(4, 0), (5, 1), (6, 0), (7, 1), (8, 0), (9, 1), (10, 0), (11, 1), (4, 2), (5, 3), (6, 2), (7, 3), (8, 2), (9, 3), (10, 2), (11, 3)]
length: 16 76
Estimated difference between T3^fnT3 - (T2^WT3 + h.c.) is: -1.8063362554330173e-06 3.262850667691775e-12
total cost: -7.784455785880305
singles alt: [(4, 0), (5, 1), (6, 0), (7, 1), (8, 0), (9, 1), (10, 0), (11, 1), (4, 2), (5, 3), (6, 2), (7, 3), (8, 2), (9, 3), (10, 2), (11, 3)]
length: 16 76
Estimated difference between T3^fnT3 - (T2^WT3 + h.c.) is: -1.8063363128097152e-06 3.2628508749749973e-12
total cost: -7.784455785873914
singles alt: [(4, 0), (5, 1), (6, 0), (7, 1), (8, 0), (9, 1), (10, 0), (11, 1), (4, 2), (5, 3), (6, 2), (7, 3), (8, 2), (9, 3), (10, 2), (11, 3)]
length: 16 76
Estimated difference between T3^fnT3 - (T2^WT3 + h.c.) is: -1.8063364770963323e-06 3.2628514684887885e-12
total cost: -7.784455785879684
singles alt: [(4, 0), (5, 1), (6, 0), (7, 1), (8, 0), (9, 1), (10, 0), (11, 1), (4, 2), (5, 3), (6, 2), (7, 3), (8, 2), (9, 3), (10, 2), (11, 3)]
length: 16 76
Estimated difference between T3^fnT3 - (T2^WT3 + h.c.) is: -1.8063364770797808e-06 3.2628514684289936e-12
total cost: -7.784455785880252
singles alt: [(4, 0), (5, 1), (6, 0), (7, 1), (8, 0), (9, 1), (10, 0), (11, 1), (4, 2), (5, 3), (6, 2), (7, 3), (8, 2), (9, 3), (10, 2), (11, 3)]
length: 16 76
Estimated difference between T3^fnT3 - (T2^WT3 + h.c.) is: -1.8063364770809734e-06 3.262851468433302e-12
total cost: -7.784455785880254
singles alt: [(4, 0), (5, 1), (6, 0), (7, 1), (8, 0), (9, 1), (10, 0), (11, 1), (4, 2), (5, 3), (6, 2), (7, 3), (8, 2), (9, 3), (10, 2), (11, 3)]
length: 16 76
Estimated difference between T3^fnT3 - (T2^WT3 + h.c.) is: -1.806336477086085e-06 3.262851468451769e-12
total cost: -7.78445578588022
singles alt: [(4, 0), (5, 1), (6, 0), (7, 1), (8, 0), (9, 1), (10, 0), (11, 1), (4, 2), (5, 3), (6, 2), (7, 3), (8, 2), (9, 3), (10, 2), (11, 3)]
length: 16 76
Estimated difference between T3^fnT3 - (T2^WT3 + h.c.) is: -1.8063364770849503e-06 3.262851468447669e-12
total cost: -7.784455785880075
singles alt: [(4, 0), (5, 1), (6, 0), (7, 1), (8, 0), (9, 1), (10, 0), (11, 1), (4, 2), (5, 3), (6, 2), (7, 3), (8, 2), (9, 3), (10, 2), (11, 3)]
length: 16 76
Estimated difference between T3^fnT3 - (T2^WT3 + h.c.) is: -1.8063364770806897e-06 3.262851468432277e-12
total cost: -7.784455785880239
singles alt: [(4, 0), (5, 1), (6, 0), (7, 1), (8, 0), (9, 1), (10, 0), (11, 1), (4, 2), (5, 3), (6, 2), (7, 3), (8, 2), (9, 3), (10, 2), (11, 3)]
length: 16 76
Estimated difference between T3^fnT3 - (T2^WT3 + h.c.) is: -1.8063364770807244e-06 3.2628514684324024e-12
total cost: -7.7844557858802395
singles alt: [(4, 0), (5, 1), (6, 0), (7, 1), (8, 0), (9, 1), (10, 0), (11, 1), (4, 2), (5, 3), (6, 2), (7, 3), (8, 2), (9, 3), (10, 2), (11, 3)]
length: 16 76
Estimated difference between T3^fnT3 - (T2^WT3 + h.c.) is: -1.806336477086253e-06 3.2628514684523755e-12
total cost: -7.784455785880225
singles alt: [(4, 0), (5, 1), (6, 0), (7, 1), (8, 0), (9, 1), (10, 0), (11, 1), (4, 2), (5, 3), (6, 2), (7, 3), (8, 2), (9, 3), (10, 2), (11, 3)]
length: 16 76
Estimated difference between T3^fnT3 - (T2^WT3 + h.c.) is: -1.8063367087421098e-06 3.2628523053492778e-12
total cost: -7.784455785872059
singles alt: [(4, 0), (5, 1), (6, 0), (7, 1), (8, 0), (9, 1), (10, 0), (11, 1), (4, 2), (5, 3), (6, 2), (7, 3), (8, 2), (9, 3), (10, 2), (11, 3)]
length: 16 76
Estimated difference between T3^fnT3 - (T2^WT3 + h.c.) is: -1.8063365428965998e-06 3.26285170620364e-12
total cost: -7.784455785872046
singles alt: [(4, 0), (5, 1), (6, 0), (7, 1), (8, 0), (9, 1), (10, 0), (11, 1), (4, 2), (5, 3), (6, 2), (7, 3), (8, 2), (9, 3), (10, 2), (11, 3)]
length: 16 76
Estimated difference between T3^fnT3 - (T2^WT3 + h.c.) is: -1.8063365429420857e-06 3.2628517063679653e-12
total cost: -7.784455785871995
singles alt: [(4, 0), (5, 1), (6, 0), (7, 1), (8, 0), (9, 1), (10, 0), (11, 1), (4, 2), (5, 3), (6, 2), (7, 3), (8, 2), (9, 3), (10, 2), (11, 3)]
length: 16 76
Estimated difference between T3^fnT3 - (T2^WT3 + h.c.) is: -1.8063366112058753e-06 3.2628519529827255e-12
total cost: -7.78445578588132
singles alt: [(4, 0), (5, 1), (6, 0), (7, 1), (8, 0), (9, 1), (10, 0), (11, 1), (4, 2), (5, 3), (6, 2), (7, 3), (8, 2), (9, 3), (10, 2), (11, 3)]
length: 16 76
Estimated difference between T3^fnT3 - (T2^WT3 + h.c.) is: -1.8063364770853208e-06 3.262851468449008e-12
total cost: -7.784455785880223
singles alt: [(4, 0), (5, 1), (6, 0), (7, 1), (8, 0), (9, 1), (10, 0), (11, 1), (4, 2), (5, 3), (6, 2), (7, 3), (8, 2), (9, 3), (10, 2), (11, 3)]
length: 16 76
Estimated difference between T3^fnT3 - (T2^WT3 + h.c.) is: -1.806336477079414e-06 3.2628514684276684e-12
total cost: -7.784455785880225
singles alt: [(4, 0), (5, 1), (6, 0), (7, 1), (8, 0), (9, 1), (10, 0), (11, 1), (4, 2), (5, 3), (6, 2), (7, 3), (8, 2), (9, 3), (10, 2), (11, 3)]
length: 16 76
Estimated difference between T3^fnT3 - (T2^WT3 + h.c.) is: -1.8063364770879748e-06 3.2628514684585956e-12
total cost: -7.784455785880222
singles alt: [(4, 0), (5, 1), (6, 0), (7, 1), (8, 0), (9, 1), (10, 0), (11, 1), (4, 2), (5, 3), (6, 2), (7, 3), (8, 2), (9, 3), (10, 2), (11, 3)]
length: 16 76
Estimated difference between T3^fnT3 - (T2^WT3 + h.c.) is: -1.8063364770863339e-06 3.2628514684526676e-12
total cost: -7.7844557858802235
singles alt: [(4, 0), (5, 1), (6, 0), (7, 1), (8, 0), (9, 1), (10, 0), (11, 1), (4, 2), (5, 3), (6, 2), (7, 3), (8, 2), (9, 3), (10, 2), (11, 3)]
length: 16 76
Estimated difference between T3^fnT3 - (T2^WT3 + h.c.) is: -1.8063363405496304e-06 3.2628509751902307e-12
total cost: -7.784455785879189
singles alt: [(4, 0), (5, 1), (6, 0), (7, 1), (8, 0), (9, 1), (10, 0), (11, 1), (4, 2), (5, 3), (6, 2), (7, 3), (8, 2), (9, 3), (10, 2), (11, 3)]
length: 16 76
Estimated difference between T3^fnT3 - (T2^WT3 + h.c.) is: -1.8063363410207963e-06 3.2628509768923987e-12
total cost: -7.784455785879754
singles alt: [(4, 0), (5, 1), (6, 0), (7, 1), (8, 0), (9, 1), (10, 0), (11, 1), (4, 2), (5, 3), (6, 2), (7, 3), (8, 2), (9, 3), (10, 2), (11, 3)]
length: 16 76
Estimated difference between T3^fnT3 - (T2^WT3 + h.c.) is: -1.8063364770882918e-06 3.262851468459741e-12
total cost: -7.784455785880221
singles alt: [(4, 0), (5, 1), (6, 0), (7, 1), (8, 0), (9, 1), (10, 0), (11, 1), (4, 2), (5, 3), (6, 2), (7, 3), (8, 2), (9, 3), (10, 2), (11, 3)]
length: 16 76
Estimated difference between T3^fnT3 - (T2^WT3 + h.c.) is: -1.8063364771081365e-06 3.2628514685314335e-12
total cost: -7.784455785880211
singles alt: [(4, 0), (5, 1), (6, 0), (7, 1), (8, 0), (9, 1), (10, 0), (11, 1), (4, 2), (5, 3), (6, 2), (7, 3), (8, 2), (9, 3), (10, 2), (11, 3)]
length: 16 76
Estimated difference between T3^fnT3 - (T2^WT3 + h.c.) is: -1.8063364770829483e-06 3.2628514684404368e-12
total cost: -7.784455785880235
singles alt: [(4, 0), (5, 1), (6, 0), (7, 1), (8, 0), (9, 1), (10, 0), (11, 1), (4, 2), (5, 3), (6, 2), (7, 3), (8, 2), (9, 3), (10, 2), (11, 3)]
length: 16 76
Estimated difference between T3^fnT3 - (T2^WT3 + h.c.) is: -1.8063364770841833e-06 3.2628514684448982e-12
total cost: -7.784455785880233
singles alt: [(4, 0), (5, 1), (6, 0), (7, 1), (8, 0), (9, 1), (10, 0), (11, 1), (4, 2), (5, 3), (6, 2), (7, 3), (8, 2), (9, 3), (10, 2), (11, 3)]
length: 16 76
Estimated difference between T3^fnT3 - (T2^WT3 + h.c.) is: -1.8063364770867303e-06 3.2628514684540998e-12
total cost: -7.784455785880218
singles alt: [(4, 0), (5, 1), (6, 0), (7, 1), (8, 0), (9, 1), (10, 0), (11, 1), (4, 2), (5, 3), (6, 2), (7, 3), (8, 2), (9, 3), (10, 2), (11, 3)]
length: 16 76
Estimated difference between T3^fnT3 - (T2^WT3 + h.c.) is: -1.8063364770869427e-06 3.262851468454867e-12
total cost: -7.784455785880217
singles alt: [(4, 0), (5, 1), (6, 0), (7, 1), (8, 0), (9, 1), (10, 0), (11, 1), (4, 2), (5, 3), (6, 2), (7, 3), (8, 2), (9, 3), (10, 2), (11, 3)]
length: 16 76
Estimated difference between T3^fnT3 - (T2^WT3 + h.c.) is: -1.8063364770839918e-06 3.2628514684442067e-12
total cost: -7.784455785895683
singles alt: [(4, 0), (5, 1), (6, 0), (7, 1), (8, 0), (9, 1), (10, 0), (11, 1), (4, 2), (5, 3), (6, 2), (7, 3), (8, 2), (9, 3), (10, 2), (11, 3)]
length: 16 76
Estimated difference between T3^fnT3 - (T2^WT3 + h.c.) is: -1.8063364770839918e-06 3.2628514684442067e-12
total cost: -7.784455785895891
singles alt: [(4, 0), (5, 1), (6, 0), (7, 1), (8, 0), (9, 1), (10, 0), (11, 1), (4, 2), (5, 3), (6, 2), (7, 3), (8, 2), (9, 3), (10, 2), (11, 3)]
length: 16 76
Estimated difference between T3^fnT3 - (T2^WT3 + h.c.) is: -1.8063364770839918e-06 3.2628514684442067e-12
total cost: -7.784455785880249
singles alt: [(4, 0), (5, 1), (6, 0), (7, 1), (8, 0), (9, 1), (10, 0), (11, 1), (4, 2), (5, 3), (6, 2), (7, 3), (8, 2), (9, 3), (10, 2), (11, 3)]
length: 16 76
Estimated difference between T3^fnT3 - (T2^WT3 + h.c.) is: -1.8063364770839918e-06 3.2628514684442067e-12
total cost: -7.784455785880245
singles alt: [(4, 0), (5, 1), (6, 0), (7, 1), (8, 0), (9, 1), (10, 0), (11, 1), (4, 2), (5, 3), (6, 2), (7, 3), (8, 2), (9, 3), (10, 2), (11, 3)]
length: 16 76
Estimated difference between T3^fnT3 - (T2^WT3 + h.c.) is: -1.8063364770839918e-06 3.2628514684442067e-12
total cost: -7.784455785880238
singles alt: [(4, 0), (5, 1), (6, 0), (7, 1), (8, 0), (9, 1), (10, 0), (11, 1), (4, 2), (5, 3), (6, 2), (7, 3), (8, 2), (9, 3), (10, 2), (11, 3)]
length: 16 76
Estimated difference between T3^fnT3 - (T2^WT3 + h.c.) is: -1.8063364770839918e-06 3.2628514684442067e-12
total cost: -7.784455785880224
singles alt: [(4, 0), (5, 1), (6, 0), (7, 1), (8, 0), (9, 1), (10, 0), (11, 1), (4, 2), (5, 3), (6, 2), (7, 3), (8, 2), (9, 3), (10, 2), (11, 3)]
length: 16 76
Estimated difference between T3^fnT3 - (T2^WT3 + h.c.) is: -1.8063364770839918e-06 3.2628514684442067e-12
total cost: -7.78445578587017
singles alt: [(4, 0), (5, 1), (6, 0), (7, 1), (8, 0), (9, 1), (10, 0), (11, 1), (4, 2), (5, 3), (6, 2), (7, 3), (8, 2), (9, 3), (10, 2), (11, 3)]
length: 16 76
Estimated difference between T3^fnT3 - (T2^WT3 + h.c.) is: -1.8063364770839918e-06 3.2628514684442067e-12
total cost: -7.78445578587024
singles alt: [(4, 0), (5, 1), (6, 0), (7, 1), (8, 0), (9, 1), (10, 0), (11, 1), (4, 2), (5, 3), (6, 2), (7, 3), (8, 2), (9, 3), (10, 2), (11, 3)]
length: 16 76
Estimated difference between T3^fnT3 - (T2^WT3 + h.c.) is: -1.8063364770839918e-06 3.2628514684442067e-12
total cost: -7.784455785882354
singles alt: [(4, 0), (5, 1), (6, 0), (7, 1), (8, 0), (9, 1), (10, 0), (11, 1), (4, 2), (5, 3), (6, 2), (7, 3), (8, 2), (9, 3), (10, 2), (11, 3)]
length: 16 76
Estimated difference between T3^fnT3 - (T2^WT3 + h.c.) is: -1.8063364770839918e-06 3.2628514684442067e-12
total cost: -7.784455785882454
singles alt: [(4, 0), (5, 1), (6, 0), (7, 1), (8, 0), (9, 1), (10, 0), (11, 1), (4, 2), (5, 3), (6, 2), (7, 3), (8, 2), (9, 3), (10, 2), (11, 3)]
length: 16 76
Estimated difference between T3^fnT3 - (T2^WT3 + h.c.) is: -1.8063364770839918e-06 3.2628514684442067e-12
total cost: -7.784455785880224
singles alt: [(4, 0), (5, 1), (6, 0), (7, 1), (8, 0), (9, 1), (10, 0), (11, 1), (4, 2), (5, 3), (6, 2), (7, 3), (8, 2), (9, 3), (10, 2), (11, 3)]
length: 16 76
Estimated difference between T3^fnT3 - (T2^WT3 + h.c.) is: -1.8063364770839918e-06 3.2628514684442067e-12
total cost: -7.784455785880222
singles alt: [(4, 0), (5, 1), (6, 0), (7, 1), (8, 0), (9, 1), (10, 0), (11, 1), (4, 2), (5, 3), (6, 2), (7, 3), (8, 2), (9, 3), (10, 2), (11, 3)]
length: 16 76
Estimated difference between T3^fnT3 - (T2^WT3 + h.c.) is: -1.8063364770839918e-06 3.2628514684442067e-12
total cost: -7.784455785880223
singles alt: [(4, 0), (5, 1), (6, 0), (7, 1), (8, 0), (9, 1), (10, 0), (11, 1), (4, 2), (5, 3), (6, 2), (7, 3), (8, 2), (9, 3), (10, 2), (11, 3)]
length: 16 76
Estimated difference between T3^fnT3 - (T2^WT3 + h.c.) is: -1.8063364770839918e-06 3.2628514684442067e-12
total cost: -7.784455785880226
singles alt: [(4, 0), (5, 1), (6, 0), (7, 1), (8, 0), (9, 1), (10, 0), (11, 1), (4, 2), (5, 3), (6, 2), (7, 3), (8, 2), (9, 3), (10, 2), (11, 3)]
length: 16 76
Estimated difference between T3^fnT3 - (T2^WT3 + h.c.) is: -1.8063364770839918e-06 3.2628514684442067e-12
total cost: -7.784455785880532
singles alt: [(4, 0), (5, 1), (6, 0), (7, 1), (8, 0), (9, 1), (10, 0), (11, 1), (4, 2), (5, 3), (6, 2), (7, 3), (8, 2), (9, 3), (10, 2), (11, 3)]
length: 16 76
Estimated difference between T3^fnT3 - (T2^WT3 + h.c.) is: -1.8063364770839918e-06 3.2628514684442067e-12
total cost: -7.784455785880576
singles alt: [(4, 0), (5, 1), (6, 0), (7, 1), (8, 0), (9, 1), (10, 0), (11, 1), (4, 2), (5, 3), (6, 2), (7, 3), (8, 2), (9, 3), (10, 2), (11, 3)]
callback: energy=-7.784453979544
singles alt: [(4, 0), (5, 1), (6, 0), (7, 1), (8, 0), (9, 1), (10, 0), (11, 1), (4, 2), (5, 3), (6, 2), (7, 3), (8, 2), (9, 3), (10, 2), (11, 3)]
length: 16 76
Estimated difference between T3^fnT3 - (T2^WT3 + h.c.) is: -1.802601540429668e-06 3.249372313559412e-12
total cost: -7.784456721613514
singles alt: [(4, 0), (5, 1), (6, 0), (7, 1), (8, 0), (9, 1), (10, 0), (11, 1), (4, 2), (5, 3), (6, 2), (7, 3), (8, 2), (9, 3), (10, 2), (11, 3)]
length: 16 76
Estimated difference between T3^fnT3 - (T2^WT3 + h.c.) is: -1.8026018179483803e-06 3.2493733140708053e-12
total cost: -7.784456721619783
singles alt: [(4, 0), (5, 1), (6, 0), (7, 1), (8, 0), (9, 1), (10, 0), (11, 1), (4, 2), (5, 3), (6, 2), (7, 3), (8, 2), (9, 3), (10, 2), (11, 3)]
length: 16 76
Estimated difference between T3^fnT3 - (T2^WT3 + h.c.) is: -1.802601632067827e-06 3.2493726439335933e-12
total cost: -7.78445672161042
singles alt: [(4, 0), (5, 1), (6, 0), (7, 1), (8, 0), (9, 1), (10, 0), (11, 1), (4, 2), (5, 3), (6, 2), (7, 3), (8, 2), (9, 3), (10, 2), (11, 3)]
length: 16 76
Estimated difference between T3^fnT3 - (T2^WT3 + h.c.) is: -1.8026016321463096e-06 3.249372644216539e-12
total cost: -7.784456721610413
singles alt: [(4, 0), (5, 1), (6, 0), (7, 1), (8, 0), (9, 1), (10, 0), (11, 1), (4, 2), (5, 3), (6, 2), (7, 3), (8, 2), (9, 3), (10, 2), (11, 3)]
length: 16 76
Estimated difference between T3^fnT3 - (T2^WT3 + h.c.) is: -1.8026016931934437e-06 3.24937286430387e-12
total cost: -7.784456721609459
singles alt: [(4, 0), (5, 1), (6, 0), (7, 1), (8, 0), (9, 1), (10, 0), (11, 1), (4, 2), (5, 3), (6, 2), (7, 3), (8, 2), (9, 3), (10, 2), (11, 3)]
length: 16 76
Estimated difference between T3^fnT3 - (T2^WT3 + h.c.) is: -1.8026015403832184e-06 3.249372313391952e-12
total cost: -7.7844567216136396
singles alt: [(4, 0), (5, 1), (6, 0), (7, 1), (8, 0), (9, 1), (10, 0), (11, 1), (4, 2), (5, 3), (6, 2), (7, 3), (8, 2), (9, 3), (10, 2), (11, 3)]
length: 16 76
Estimated difference between T3^fnT3 - (T2^WT3 + h.c.) is: -1.8026015404303012e-06 3.249372313561695e-12
total cost: -7.784456721613514
singles alt: [(4, 0), (5, 1), (6, 0), (7, 1), (8, 0), (9, 1), (10, 0), (11, 1), (4, 2), (5, 3), (6, 2), (7, 3), (8, 2), (9, 3), (10, 2), (11, 3)]
length: 16 76
Estimated difference between T3^fnT3 - (T2^WT3 + h.c.) is: -1.802601540427583e-06 3.2493723135518955e-12
total cost: -7.784456721613512
singles alt: [(4, 0), (5, 1), (6, 0), (7, 1), (8, 0), (9, 1), (10, 0), (11, 1), (4, 2), (5, 3), (6, 2), (7, 3), (8, 2), (9, 3), (10, 2), (11, 3)]
length: 16 76
Estimated difference between T3^fnT3 - (T2^WT3 + h.c.) is: -1.8026015404246036e-06 3.249372313541154e-12
total cost: -7.784456721613516
singles alt: [(4, 0), (5, 1), (6, 0), (7, 1), (8, 0), (9, 1), (10, 0), (11, 1), (4, 2), (5, 3), (6, 2), (7, 3), (8, 2), (9, 3), (10, 2), (11, 3)]
length: 16 76
Estimated difference between T3^fnT3 - (T2^WT3 + h.c.) is: -1.8026015405011144e-06 3.2493723138169907e-12
total cost: -7.784456721613216
singles alt: [(4, 0), (5, 1), (6, 0), (7, 1), (8, 0), (9, 1), (10, 0), (11, 1), (4, 2), (5, 3), (6, 2), (7, 3), (8, 2), (9, 3), (10, 2), (11, 3)]
length: 16 76
Estimated difference between T3^fnT3 - (T2^WT3 + h.c.) is: -1.802601540424246e-06 3.2493723135398646e-12
total cost: -7.784456721613525
singles alt: [(4, 0), (5, 1), (6, 0), (7, 1), (8, 0), (9, 1), (10, 0), (11, 1), (4, 2), (5, 3), (6, 2), (7, 3), (8, 2), (9, 3), (10, 2), (11, 3)]
length: 16 76
Estimated difference between T3^fnT3 - (T2^WT3 + h.c.) is: -1.8026015404253437e-06 3.249372313543822e-12
total cost: -7.784456721613526
singles alt: [(4, 0), (5, 1), (6, 0), (7, 1), (8, 0), (9, 1), (10, 0), (11, 1), (4, 2), (5, 3), (6, 2), (7, 3), (8, 2), (9, 3), (10, 2), (11, 3)]
length: 16 76
Estimated difference between T3^fnT3 - (T2^WT3 + h.c.) is: -1.802601540437193e-06 3.2493723135865414e-12
total cost: -7.784456721613512
singles alt: [(4, 0), (5, 1), (6, 0), (7, 1), (8, 0), (9, 1), (10, 0), (11, 1), (4, 2), (5, 3), (6, 2), (7, 3), (8, 2), (9, 3), (10, 2), (11, 3)]
length: 16 76
Estimated difference between T3^fnT3 - (T2^WT3 + h.c.) is: -1.802601596849905e-06 3.2493725169658275e-12
total cost: -7.784456721613606
singles alt: [(4, 0), (5, 1), (6, 0), (7, 1), (8, 0), (9, 1), (10, 0), (11, 1), (4, 2), (5, 3), (6, 2), (7, 3), (8, 2), (9, 3), (10, 2), (11, 3)]
length: 16 76
Estimated difference between T3^fnT3 - (T2^WT3 + h.c.) is: -1.8026013192515185e-06 3.249371516167315e-12
total cost: -7.784456721612001
singles alt: [(4, 0), (5, 1), (6, 0), (7, 1), (8, 0), (9, 1), (10, 0), (11, 1), (4, 2), (5, 3), (6, 2), (7, 3), (8, 2), (9, 3), (10, 2), (11, 3)]
length: 16 76
Estimated difference between T3^fnT3 - (T2^WT3 + h.c.) is: -1.8026014959804816e-06 3.2493721533110702e-12
total cost: -7.784456721614792
singles alt: [(4, 0), (5, 1), (6, 0), (7, 1), (8, 0), (9, 1), (10, 0), (11, 1), (4, 2), (5, 3), (6, 2), (7, 3), (8, 2), (9, 3), (10, 2), (11, 3)]
length: 16 76
Estimated difference between T3^fnT3 - (T2^WT3 + h.c.) is: -1.8026013760209872e-06 3.2493717208327563e-12
total cost: -7.784456721611544
singles alt: [(4, 0), (5, 1), (6, 0), (7, 1), (8, 0), (9, 1), (10, 0), (11, 1), (4, 2), (5, 3), (6, 2), (7, 3), (8, 2), (9, 3), (10, 2), (11, 3)]
length: 16 76
Estimated difference between T3^fnT3 - (T2^WT3 + h.c.) is: -1.8026015404706017e-06 3.2493723137069866e-12
total cost: -7.7844567216132505
singles alt: [(4, 0), (5, 1), (6, 0), (7, 1), (8, 0), (9, 1), (10, 0), (11, 1), (4, 2), (5, 3), (6, 2), (7, 3), (8, 2), (9, 3), (10, 2), (11, 3)]
length: 16 76
Estimated difference between T3^fnT3 - (T2^WT3 + h.c.) is: -1.8026015404231393e-06 3.249372313535875e-12
total cost: -7.784456721613527
singles alt: [(4, 0), (5, 1), (6, 0), (7, 1), (8, 0), (9, 1), (10, 0), (11, 1), (4, 2), (5, 3), (6, 2), (7, 3), (8, 2), (9, 3), (10, 2), (11, 3)]
length: 16 76
Estimated difference between T3^fnT3 - (T2^WT3 + h.c.) is: -1.8026015404288312e-06 3.249372313556395e-12
total cost: -7.784456721613529
singles alt: [(4, 0), (5, 1), (6, 0), (7, 1), (8, 0), (9, 1), (10, 0), (11, 1), (4, 2), (5, 3), (6, 2), (7, 3), (8, 2), (9, 3), (10, 2), (11, 3)]
length: 16 76
Estimated difference between T3^fnT3 - (T2^WT3 + h.c.) is: -1.8026015404333543e-06 3.249372313572702e-12
total cost: -7.784456721613512
singles alt: [(4, 0), (5, 1), (6, 0), (7, 1), (8, 0), (9, 1), (10, 0), (11, 1), (4, 2), (5, 3), (6, 2), (7, 3), (8, 2), (9, 3), (10, 2), (11, 3)]
length: 16 76
Estimated difference between T3^fnT3 - (T2^WT3 + h.c.) is: -1.802601777701282e-06 3.249373168971822e-12
total cost: -7.784456721609538
singles alt: [(4, 0), (5, 1), (6, 0), (7, 1), (8, 0), (9, 1), (10, 0), (11, 1), (4, 2), (5, 3), (6, 2), (7, 3), (8, 2), (9, 3), (10, 2), (11, 3)]
length: 16 76
Estimated difference between T3^fnT3 - (T2^WT3 + h.c.) is: -1.8026018672893977e-06 3.2493734919552234e-12
total cost: -7.784456721612698
singles alt: [(4, 0), (5, 1), (6, 0), (7, 1), (8, 0), (9, 1), (10, 0), (11, 1), (4, 2), (5, 3), (6, 2), (7, 3), (8, 2), (9, 3), (10, 2), (11, 3)]
length: 16 76
Estimated difference between T3^fnT3 - (T2^WT3 + h.c.) is: -1.8026018673096708e-06 3.249373492028312e-12
total cost: -7.784456721612706
singles alt: [(4, 0), (5, 1), (6, 0), (7, 1), (8, 0), (9, 1), (10, 0), (11, 1), (4, 2), (5, 3), (6, 2), (7, 3), (8, 2), (9, 3), (10, 2), (11, 3)]
length: 16 76
Estimated difference between T3^fnT3 - (T2^WT3 + h.c.) is: -1.8026017297203813e-06 3.249372995990911e-12
total cost: -7.784456721611779
singles alt: [(4, 0), (5, 1), (6, 0), (7, 1), (8, 0), (9, 1), (10, 0), (11, 1), (4, 2), (5, 3), (6, 2), (7, 3), (8, 2), (9, 3), (10, 2), (11, 3)]
length: 16 76
Estimated difference between T3^fnT3 - (T2^WT3 + h.c.) is: -1.8026015404365985e-06 3.249372313584398e-12
total cost: -7.784456721613458
singles alt: [(4, 0), (5, 1), (6, 0), (7, 1), (8, 0), (9, 1), (10, 0), (11, 1), (4, 2), (5, 3), (6, 2), (7, 3), (8, 2), (9, 3), (10, 2), (11, 3)]
length: 16 76
Estimated difference between T3^fnT3 - (T2^WT3 + h.c.) is: -1.802601540429316e-06 3.2493723135581434e-12
total cost: -7.784456721613514
singles alt: [(4, 0), (5, 1), (6, 0), (7, 1), (8, 0), (9, 1), (10, 0), (11, 1), (4, 2), (5, 3), (6, 2), (7, 3), (8, 2), (9, 3), (10, 2), (11, 3)]
length: 16 76
Estimated difference between T3^fnT3 - (T2^WT3 + h.c.) is: -1.8026015404301093e-06 3.249372313561003e-12
total cost: -7.784456721613514
singles alt: [(4, 0), (5, 1), (6, 0), (7, 1), (8, 0), (9, 1), (10, 0), (11, 1), (4, 2), (5, 3), (6, 2), (7, 3), (8, 2), (9, 3), (10, 2), (11, 3)]
length: 16 76
Estimated difference between T3^fnT3 - (T2^WT3 + h.c.) is: -1.802601540431201e-06 3.2493723135649385e-12
total cost: -7.784456721613513
singles alt: [(4, 0), (5, 1), (6, 0), (7, 1), (8, 0), (9, 1), (10, 0), (11, 1), (4, 2), (5, 3), (6, 2), (7, 3), (8, 2), (9, 3), (10, 2), (11, 3)]
length: 16 76
Estimated difference between T3^fnT3 - (T2^WT3 + h.c.) is: -1.802601540389138e-06 3.249372313413293e-12
total cost: -7.784456721615601
singles alt: [(4, 0), (5, 1), (6, 0), (7, 1), (8, 0), (9, 1), (10, 0), (11, 1), (4, 2), (5, 3), (6, 2), (7, 3), (8, 2), (9, 3), (10, 2), (11, 3)]
length: 16 76
Estimated difference between T3^fnT3 - (T2^WT3 + h.c.) is: -1.8026015404417497e-06 3.249372313602969e-12
total cost: -7.784456721613405
singles alt: [(4, 0), (5, 1), (6, 0), (7, 1), (8, 0), (9, 1), (10, 0), (11, 1), (4, 2), (5, 3), (6, 2), (7, 3), (8, 2), (9, 3), (10, 2), (11, 3)]
length: 16 76
Estimated difference between T3^fnT3 - (T2^WT3 + h.c.) is: -1.8026015404505989e-06 3.249372313634872e-12
total cost: -7.784456721613407
singles alt: [(4, 0), (5, 1), (6, 0), (7, 1), (8, 0), (9, 1), (10, 0), (11, 1), (4, 2), (5, 3), (6, 2), (7, 3), (8, 2), (9, 3), (10, 2), (11, 3)]
length: 16 76
Estimated difference between T3^fnT3 - (T2^WT3 + h.c.) is: -1.8026015404172565e-06 3.249372313514666e-12
total cost: -7.784456721613526
singles alt: [(4, 0), (5, 1), (6, 0), (7, 1), (8, 0), (9, 1), (10, 0), (11, 1), (4, 2), (5, 3), (6, 2), (7, 3), (8, 2), (9, 3), (10, 2), (11, 3)]
length: 16 76
Estimated difference between T3^fnT3 - (T2^WT3 + h.c.) is: -1.8026015404553056e-06 3.2493723136518406e-12
total cost: -7.784456721613336
singles alt: [(4, 0), (5, 1), (6, 0), (7, 1), (8, 0), (9, 1), (10, 0), (11, 1), (4, 2), (5, 3), (6, 2), (7, 3), (8, 2), (9, 3), (10, 2), (11, 3)]
length: 16 76
Estimated difference between T3^fnT3 - (T2^WT3 + h.c.) is: -1.8026015404233305e-06 3.249372313536564e-12
total cost: -7.784456721613525
singles alt: [(4, 0), (5, 1), (6, 0), (7, 1), (8, 0), (9, 1), (10, 0), (11, 1), (4, 2), (5, 3), (6, 2), (7, 3), (8, 2), (9, 3), (10, 2), (11, 3)]
length: 16 76
Estimated difference between T3^fnT3 - (T2^WT3 + h.c.) is: -1.8026015404308e-06 3.2493723135634934e-12
total cost: -7.784456721613523
singles alt: [(4, 0), (5, 1), (6, 0), (7, 1), (8, 0), (9, 1), (10, 0), (11, 1), (4, 2), (5, 3), (6, 2), (7, 3), (8, 2), (9, 3), (10, 2), (11, 3)]
length: 16 76
Estimated difference between T3^fnT3 - (T2^WT3 + h.c.) is: -1.8026015404324984e-06 3.249372313569616e-12
total cost: -7.78445672161351
singles alt: [(4, 0), (5, 1), (6, 0), (7, 1), (8, 0), (9, 1), (10, 0), (11, 1), (4, 2), (5, 3), (6, 2), (7, 3), (8, 2), (9, 3), (10, 2), (11, 3)]
length: 16 76
Estimated difference between T3^fnT3 - (T2^WT3 + h.c.) is: -1.8026015404899361e-06 3.2493723137766907e-12
total cost: -7.784456721613186
singles alt: [(4, 0), (5, 1), (6, 0), (7, 1), (8, 0), (9, 1), (10, 0), (11, 1), (4, 2), (5, 3), (6, 2), (7, 3), (8, 2), (9, 3), (10, 2), (11, 3)]
length: 16 76
Estimated difference between T3^fnT3 - (T2^WT3 + h.c.) is: -1.8026015404198924e-06 3.249372313524169e-12
total cost: -7.784456721613533
singles alt: [(4, 0), (5, 1), (6, 0), (7, 1), (8, 0), (9, 1), (10, 0), (11, 1), (4, 2), (5, 3), (6, 2), (7, 3), (8, 2), (9, 3), (10, 2), (11, 3)]
length: 16 76
Estimated difference between T3^fnT3 - (T2^WT3 + h.c.) is: -1.8026015404238845e-06 3.2493723135385612e-12
total cost: -7.7844567216135285
singles alt: [(4, 0), (5, 1), (6, 0), (7, 1), (8, 0), (9, 1), (10, 0), (11, 1), (4, 2), (5, 3), (6, 2), (7, 3), (8, 2), (9, 3), (10, 2), (11, 3)]
length: 16 76
Estimated difference between T3^fnT3 - (T2^WT3 + h.c.) is: -1.8026015404378167e-06 3.24937231358879e-12
total cost: -7.784456721613513
singles alt: [(4, 0), (5, 1), (6, 0), (7, 1), (8, 0), (9, 1), (10, 0), (11, 1), (4, 2), (5, 3), (6, 2), (7, 3), (8, 2), (9, 3), (10, 2), (11, 3)]
length: 16 76
Estimated difference between T3^fnT3 - (T2^WT3 + h.c.) is: -1.8026017778401092e-06 3.2493731694723225e-12
total cost: -7.784456721609025
singles alt: [(4, 0), (5, 1), (6, 0), (7, 1), (8, 0), (9, 1), (10, 0), (11, 1), (4, 2), (5, 3), (6, 2), (7, 3), (8, 2), (9, 3), (10, 2), (11, 3)]
length: 16 76
Estimated difference between T3^fnT3 - (T2^WT3 + h.c.) is: -1.8026018673679685e-06 3.249373492238487e-12
total cost: -7.784456721612813
singles alt: [(4, 0), (5, 1), (6, 0), (7, 1), (8, 0), (9, 1), (10, 0), (11, 1), (4, 2), (5, 3), (6, 2), (7, 3), (8, 2), (9, 3), (10, 2), (11, 3)]
length: 16 76
Estimated difference between T3^fnT3 - (T2^WT3 + h.c.) is: -1.8026018673908091e-06 3.2493734923208323e-12
total cost: -7.7844567216128215
singles alt: [(4, 0), (5, 1), (6, 0), (7, 1), (8, 0), (9, 1), (10, 0), (11, 1), (4, 2), (5, 3), (6, 2), (7, 3), (8, 2), (9, 3), (10, 2), (11, 3)]
length: 16 76
Estimated difference between T3^fnT3 - (T2^WT3 + h.c.) is: -1.8026017298189175e-06 3.249372996346154e-12
total cost: -7.784456721611771
singles alt: [(4, 0), (5, 1), (6, 0), (7, 1), (8, 0), (9, 1), (10, 0), (11, 1), (4, 2), (5, 3), (6, 2), (7, 3), (8, 2), (9, 3), (10, 2), (11, 3)]
length: 16 76
Estimated difference between T3^fnT3 - (T2^WT3 + h.c.) is: -1.80260154039795e-06 3.2493723134450624e-12
total cost: -7.784456721615133
singles alt: [(4, 0), (5, 1), (6, 0), (7, 1), (8, 0), (9, 1), (10, 0), (11, 1), (4, 2), (5, 3), (6, 2), (7, 3), (8, 2), (9, 3), (10, 2), (11, 3)]
length: 16 76
Estimated difference between T3^fnT3 - (T2^WT3 + h.c.) is: -1.802601540439062e-06 3.2493723135932796e-12
total cost: -7.784456721613431
singles alt: [(4, 0), (5, 1), (6, 0), (7, 1), (8, 0), (9, 1), (10, 0), (11, 1), (4, 2), (5, 3), (6, 2), (7, 3), (8, 2), (9, 3), (10, 2), (11, 3)]
length: 16 76
Estimated difference between T3^fnT3 - (T2^WT3 + h.c.) is: -1.8026015404467544e-06 3.249372313621012e-12
total cost: -7.784456721613432
singles alt: [(4, 0), (5, 1), (6, 0), (7, 1), (8, 0), (9, 1), (10, 0), (11, 1), (4, 2), (5, 3), (6, 2), (7, 3), (8, 2), (9, 3), (10, 2), (11, 3)]
length: 16 76
Estimated difference between T3^fnT3 - (T2^WT3 + h.c.) is: -1.8026015404202645e-06 3.2493723135255105e-12
total cost: -7.784456721613523
singles alt: [(4, 0), (5, 1), (6, 0), (7, 1), (8, 0), (9, 1), (10, 0), (11, 1), (4, 2), (5, 3), (6, 2), (7, 3), (8, 2), (9, 3), (10, 2), (11, 3)]
length: 16 76
Estimated difference between T3^fnT3 - (T2^WT3 + h.c.) is: -1.8026015967942848e-06 3.2493725167653053e-12
total cost: -7.784456721613448
singles alt: [(4, 0), (5, 1), (6, 0), (7, 1), (8, 0), (9, 1), (10, 0), (11, 1), (4, 2), (5, 3), (6, 2), (7, 3), (8, 2), (9, 3), (10, 2), (11, 3)]
length: 16 76
Estimated difference between T3^fnT3 - (T2^WT3 + h.c.) is: -1.8026014959015439e-06 3.2493721530264838e-12
total cost: -7.784456721614838
singles alt: [(4, 0), (5, 1), (6, 0), (7, 1), (8, 0), (9, 1), (10, 0), (11, 1), (4, 2), (5, 3), (6, 2), (7, 3), (8, 2), (9, 3), (10, 2), (11, 3)]
length: 16 76
Estimated difference between T3^fnT3 - (T2^WT3 + h.c.) is: -1.8026013189558856e-06 3.2493715151014984e-12
total cost: -7.784456721612007
singles alt: [(4, 0), (5, 1), (6, 0), (7, 1), (8, 0), (9, 1), (10, 0), (11, 1), (4, 2), (5, 3), (6, 2), (7, 3), (8, 2), (9, 3), (10, 2), (11, 3)]
length: 16 76
Estimated difference between T3^fnT3 - (T2^WT3 + h.c.) is: -1.8026013757097225e-06 3.249371719710584e-12
total cost: -7.784456721611613
singles alt: [(4, 0), (5, 1), (6, 0), (7, 1), (8, 0), (9, 1), (10, 0), (11, 1), (4, 2), (5, 3), (6, 2), (7, 3), (8, 2), (9, 3), (10, 2), (11, 3)]
length: 16 76
Estimated difference between T3^fnT3 - (T2^WT3 + h.c.) is: -1.802601540405775e-06 3.2493723134732725e-12
total cost: -7.78445672161458
singles alt: [(4, 0), (5, 1), (6, 0), (7, 1), (8, 0), (9, 1), (10, 0), (11, 1), (4, 2), (5, 3), (6, 2), (7, 3), (8, 2), (9, 3), (10, 2), (11, 3)]
length: 16 76
Estimated difference between T3^fnT3 - (T2^WT3 + h.c.) is: -1.8026015404391798e-06 3.249372313593704e-12
total cost: -7.784456721613461
singles alt: [(4, 0), (5, 1), (6, 0), (7, 1), (8, 0), (9, 1), (10, 0), (11, 1), (4, 2), (5, 3), (6, 2), (7, 3), (8, 2), (9, 3), (10, 2), (11, 3)]
length: 16 76
Estimated difference between T3^fnT3 - (T2^WT3 + h.c.) is: -1.8026015404355223e-06 3.249372313580518e-12
total cost: -7.78445672161346
singles alt: [(4, 0), (5, 1), (6, 0), (7, 1), (8, 0), (9, 1), (10, 0), (11, 1), (4, 2), (5, 3), (6, 2), (7, 3), (8, 2), (9, 3), (10, 2), (11, 3)]
length: 16 76
Estimated difference between T3^fnT3 - (T2^WT3 + h.c.) is: -1.8026015404251457e-06 3.2493723135431083e-12
total cost: -7.784456721613522
singles alt: [(4, 0), (5, 1), (6, 0), (7, 1), (8, 0), (9, 1), (10, 0), (11, 1), (4, 2), (5, 3), (6, 2), (7, 3), (8, 2), (9, 3), (10, 2), (11, 3)]
length: 16 76
Estimated difference between T3^fnT3 - (T2^WT3 + h.c.) is: -1.8026015404269749e-06 3.2493723135497027e-12
total cost: -7.784456721613819
singles alt: [(4, 0), (5, 1), (6, 0), (7, 1), (8, 0), (9, 1), (10, 0), (11, 1), (4, 2), (5, 3), (6, 2), (7, 3), (8, 2), (9, 3), (10, 2), (11, 3)]
length: 16 76
Estimated difference between T3^fnT3 - (T2^WT3 + h.c.) is: -1.8026015404306804e-06 3.249372313563062e-12
total cost: -7.784456721613501
singles alt: [(4, 0), (5, 1), (6, 0), (7, 1), (8, 0), (9, 1), (10, 0), (11, 1), (4, 2), (5, 3), (6, 2), (7, 3), (8, 2), (9, 3), (10, 2), (11, 3)]
length: 16 76
Estimated difference between T3^fnT3 - (T2^WT3 + h.c.) is: -1.8026015404307044e-06 3.2493723135631485e-12
total cost: -7.784456721613504
singles alt: [(4, 0), (5, 1), (6, 0), (7, 1), (8, 0), (9, 1), (10, 0), (11, 1), (4, 2), (5, 3), (6, 2), (7, 3), (8, 2), (9, 3), (10, 2), (11, 3)]
length: 16 76
Estimated difference between T3^fnT3 - (T2^WT3 + h.c.) is: -1.8026015404260262e-06 3.2493723135462825e-12
total cost: -7.784456721613516
singles alt: [(4, 0), (5, 1), (6, 0), (7, 1), (8, 0), (9, 1), (10, 0), (11, 1), (4, 2), (5, 3), (6, 2), (7, 3), (8, 2), (9, 3), (10, 2), (11, 3)]
length: 16 76
Estimated difference between T3^fnT3 - (T2^WT3 + h.c.) is: -1.8026017714581534e-06 3.249373146464073e-12
total cost: -7.784456721611979
singles alt: [(4, 0), (5, 1), (6, 0), (7, 1), (8, 0), (9, 1), (10, 0), (11, 1), (4, 2), (5, 3), (6, 2), (7, 3), (8, 2), (9, 3), (10, 2), (11, 3)]
length: 16 76
Estimated difference between T3^fnT3 - (T2^WT3 + h.c.) is: -1.802601605880357e-06 3.249372549522442e-12
total cost: -7.7844567216104
singles alt: [(4, 0), (5, 1), (6, 0), (7, 1), (8, 0), (9, 1), (10, 0), (11, 1), (4, 2), (5, 3), (6, 2), (7, 3), (8, 2), (9, 3), (10, 2), (11, 3)]
length: 16 76
Estimated difference between T3^fnT3 - (T2^WT3 + h.c.) is: -1.8026016058096446e-06 3.2493725492675095e-12
total cost: -7.784456721610399
singles alt: [(4, 0), (5, 1), (6, 0), (7, 1), (8, 0), (9, 1), (10, 0), (11, 1), (4, 2), (5, 3), (6, 2), (7, 3), (8, 2), (9, 3), (10, 2), (11, 3)]
length: 16 76
Estimated difference between T3^fnT3 - (T2^WT3 + h.c.) is: -1.8026016744193472e-06 3.2493727966194343e-12
total cost: -7.784456721613691
singles alt: [(4, 0), (5, 1), (6, 0), (7, 1), (8, 0), (9, 1), (10, 0), (11, 1), (4, 2), (5, 3), (6, 2), (7, 3), (8, 2), (9, 3), (10, 2), (11, 3)]
length: 16 76
Estimated difference between T3^fnT3 - (T2^WT3 + h.c.) is: -1.802601540432201e-06 3.249372313568544e-12
total cost: -7.7844567216135205
singles alt: [(4, 0), (5, 1), (6, 0), (7, 1), (8, 0), (9, 1), (10, 0), (11, 1), (4, 2), (5, 3), (6, 2), (7, 3), (8, 2), (9, 3), (10, 2), (11, 3)]
length: 16 76
Estimated difference between T3^fnT3 - (T2^WT3 + h.c.) is: -1.802601540426893e-06 3.2493723135494075e-12
total cost: -7.784456721613521
singles alt: [(4, 0), (5, 1), (6, 0), (7, 1), (8, 0), (9, 1), (10, 0), (11, 1), (4, 2), (5, 3), (6, 2), (7, 3), (8, 2), (9, 3), (10, 2), (11, 3)]
length: 16 76
Estimated difference between T3^fnT3 - (T2^WT3 + h.c.) is: -1.8026015404314125e-06 3.249372313565701e-12
total cost: -7.784456721613519
singles alt: [(4, 0), (5, 1), (6, 0), (7, 1), (8, 0), (9, 1), (10, 0), (11, 1), (4, 2), (5, 3), (6, 2), (7, 3), (8, 2), (9, 3), (10, 2), (11, 3)]
length: 16 76
Estimated difference between T3^fnT3 - (T2^WT3 + h.c.) is: -1.8026015404307181e-06 3.249372313563198e-12
total cost: -7.784456721613517
singles alt: [(4, 0), (5, 1), (6, 0), (7, 1), (8, 0), (9, 1), (10, 0), (11, 1), (4, 2), (5, 3), (6, 2), (7, 3), (8, 2), (9, 3), (10, 2), (11, 3)]
length: 16 76
Estimated difference between T3^fnT3 - (T2^WT3 + h.c.) is: -1.8026014054675955e-06 3.2493718269937506e-12
total cost: -7.7844567216112575
singles alt: [(4, 0), (5, 1), (6, 0), (7, 1), (8, 0), (9, 1), (10, 0), (11, 1), (4, 2), (5, 3), (6, 2), (7, 3), (8, 2), (9, 3), (10, 2), (11, 3)]
length: 16 76
Estimated difference between T3^fnT3 - (T2^WT3 + h.c.) is: -1.8026014057823156e-06 3.2493718281283807e-12
total cost: -7.78445672161114
singles alt: [(4, 0), (5, 1), (6, 0), (7, 1), (8, 0), (9, 1), (10, 0), (11, 1), (4, 2), (5, 3), (6, 2), (7, 3), (8, 2), (9, 3), (10, 2), (11, 3)]
length: 16 76
Estimated difference between T3^fnT3 - (T2^WT3 + h.c.) is: -1.8026015404239912e-06 3.249372313538946e-12
total cost: -7.7844567216135205
singles alt: [(4, 0), (5, 1), (6, 0), (7, 1), (8, 0), (9, 1), (10, 0), (11, 1), (4, 2), (5, 3), (6, 2), (7, 3), (8, 2), (9, 3), (10, 2), (11, 3)]
length: 16 76
Estimated difference between T3^fnT3 - (T2^WT3 + h.c.) is: -1.8026015404314764e-06 3.2493723135659317e-12
total cost: -7.784456721613514
singles alt: [(4, 0), (5, 1), (6, 0), (7, 1), (8, 0), (9, 1), (10, 0), (11, 1), (4, 2), (5, 3), (6, 2), (7, 3), (8, 2), (9, 3), (10, 2), (11, 3)]
length: 16 76
Estimated difference between T3^fnT3 - (T2^WT3 + h.c.) is: -1.802601540425477e-06 3.2493723135443022e-12
total cost: -7.784456721613515
singles alt: [(4, 0), (5, 1), (6, 0), (7, 1), (8, 0), (9, 1), (10, 0), (11, 1), (4, 2), (5, 3), (6, 2), (7, 3), (8, 2), (9, 3), (10, 2), (11, 3)]
length: 16 76
Estimated difference between T3^fnT3 - (T2^WT3 + h.c.) is: -1.8026015404277127e-06 3.2493723135523624e-12
total cost: -7.784456721613511
singles alt: [(4, 0), (5, 1), (6, 0), (7, 1), (8, 0), (9, 1), (10, 0), (11, 1), (4, 2), (5, 3), (6, 2), (7, 3), (8, 2), (9, 3), (10, 2), (11, 3)]
length: 16 76
Estimated difference between T3^fnT3 - (T2^WT3 + h.c.) is: -1.802601540426135e-06 3.249372313546675e-12
total cost: -7.784456721613517
singles alt: [(4, 0), (5, 1), (6, 0), (7, 1), (8, 0), (9, 1), (10, 0), (11, 1), (4, 2), (5, 3), (6, 2), (7, 3), (8, 2), (9, 3), (10, 2), (11, 3)]
length: 16 76
Estimated difference between T3^fnT3 - (T2^WT3 + h.c.) is: -1.80260154042778e-06 3.2493723135526055e-12
total cost: -7.784456721613516
singles alt: [(4, 0), (5, 1), (6, 0), (7, 1), (8, 0), (9, 1), (10, 0), (11, 1), (4, 2), (5, 3), (6, 2), (7, 3), (8, 2), (9, 3), (10, 2), (11, 3)]
length: 16 76
Estimated difference between T3^fnT3 - (T2^WT3 + h.c.) is: -1.802601540429668e-06 3.249372313559412e-12
total cost: -7.784456721624051
singles alt: [(4, 0), (5, 1), (6, 0), (7, 1), (8, 0), (9, 1), (10, 0), (11, 1), (4, 2), (5, 3), (6, 2), (7, 3), (8, 2), (9, 3), (10, 2), (11, 3)]
length: 16 76
Estimated difference between T3^fnT3 - (T2^WT3 + h.c.) is: -1.802601540429668e-06 3.249372313559412e-12
total cost: -7.784456721624079
singles alt: [(4, 0), (5, 1), (6, 0), (7, 1), (8, 0), (9, 1), (10, 0), (11, 1), (4, 2), (5, 3), (6, 2), (7, 3), (8, 2), (9, 3), (10, 2), (11, 3)]
length: 16 76
Estimated difference between T3^fnT3 - (T2^WT3 + h.c.) is: -1.802601540429668e-06 3.249372313559412e-12
total cost: -7.784456721613495
singles alt: [(4, 0), (5, 1), (6, 0), (7, 1), (8, 0), (9, 1), (10, 0), (11, 1), (4, 2), (5, 3), (6, 2), (7, 3), (8, 2), (9, 3), (10, 2), (11, 3)]
length: 16 76
Estimated difference between T3^fnT3 - (T2^WT3 + h.c.) is: -1.802601540429668e-06 3.249372313559412e-12
total cost: -7.784456721613499
singles alt: [(4, 0), (5, 1), (6, 0), (7, 1), (8, 0), (9, 1), (10, 0), (11, 1), (4, 2), (5, 3), (6, 2), (7, 3), (8, 2), (9, 3), (10, 2), (11, 3)]
length: 16 76
Estimated difference between T3^fnT3 - (T2^WT3 + h.c.) is: -1.802601540429668e-06 3.249372313559412e-12
total cost: -7.784456721613501
singles alt: [(4, 0), (5, 1), (6, 0), (7, 1), (8, 0), (9, 1), (10, 0), (11, 1), (4, 2), (5, 3), (6, 2), (7, 3), (8, 2), (9, 3), (10, 2), (11, 3)]
length: 16 76
Estimated difference between T3^fnT3 - (T2^WT3 + h.c.) is: -1.802601540429668e-06 3.249372313559412e-12
total cost: -7.784456721613521
singles alt: [(4, 0), (5, 1), (6, 0), (7, 1), (8, 0), (9, 1), (10, 0), (11, 1), (4, 2), (5, 3), (6, 2), (7, 3), (8, 2), (9, 3), (10, 2), (11, 3)]
length: 16 76
Estimated difference between T3^fnT3 - (T2^WT3 + h.c.) is: -1.802601540429668e-06 3.249372313559412e-12
total cost: -7.784456721611422
singles alt: [(4, 0), (5, 1), (6, 0), (7, 1), (8, 0), (9, 1), (10, 0), (11, 1), (4, 2), (5, 3), (6, 2), (7, 3), (8, 2), (9, 3), (10, 2), (11, 3)]
length: 16 76
Estimated difference between T3^fnT3 - (T2^WT3 + h.c.) is: -1.802601540429668e-06 3.249372313559412e-12
total cost: -7.784456721611405
singles alt: [(4, 0), (5, 1), (6, 0), (7, 1), (8, 0), (9, 1), (10, 0), (11, 1), (4, 2), (5, 3), (6, 2), (7, 3), (8, 2), (9, 3), (10, 2), (11, 3)]
length: 16 76
Estimated difference between T3^fnT3 - (T2^WT3 + h.c.) is: -1.802601540429668e-06 3.249372313559412e-12
total cost: -7.784456721614358
singles alt: [(4, 0), (5, 1), (6, 0), (7, 1), (8, 0), (9, 1), (10, 0), (11, 1), (4, 2), (5, 3), (6, 2), (7, 3), (8, 2), (9, 3), (10, 2), (11, 3)]
length: 16 76
Estimated difference between T3^fnT3 - (T2^WT3 + h.c.) is: -1.802601540429668e-06 3.249372313559412e-12
total cost: -7.784456721614389
singles alt: [(4, 0), (5, 1), (6, 0), (7, 1), (8, 0), (9, 1), (10, 0), (11, 1), (4, 2), (5, 3), (6, 2), (7, 3), (8, 2), (9, 3), (10, 2), (11, 3)]
length: 16 76
Estimated difference between T3^fnT3 - (T2^WT3 + h.c.) is: -1.802601540429668e-06 3.249372313559412e-12
total cost: -7.784456721613518
singles alt: [(4, 0), (5, 1), (6, 0), (7, 1), (8, 0), (9, 1), (10, 0), (11, 1), (4, 2), (5, 3), (6, 2), (7, 3), (8, 2), (9, 3), (10, 2), (11, 3)]
length: 16 76
Estimated difference between T3^fnT3 - (T2^WT3 + h.c.) is: -1.802601540429668e-06 3.249372313559412e-12
total cost: -7.784456721613518
singles alt: [(4, 0), (5, 1), (6, 0), (7, 1), (8, 0), (9, 1), (10, 0), (11, 1), (4, 2), (5, 3), (6, 2), (7, 3), (8, 2), (9, 3), (10, 2), (11, 3)]
length: 16 76
Estimated difference between T3^fnT3 - (T2^WT3 + h.c.) is: -1.802601540429668e-06 3.249372313559412e-12
total cost: -7.784456721613517
singles alt: [(4, 0), (5, 1), (6, 0), (7, 1), (8, 0), (9, 1), (10, 0), (11, 1), (4, 2), (5, 3), (6, 2), (7, 3), (8, 2), (9, 3), (10, 2), (11, 3)]
length: 16 76
Estimated difference between T3^fnT3 - (T2^WT3 + h.c.) is: -1.802601540429668e-06 3.249372313559412e-12
total cost: -7.784456721613515
singles alt: [(4, 0), (5, 1), (6, 0), (7, 1), (8, 0), (9, 1), (10, 0), (11, 1), (4, 2), (5, 3), (6, 2), (7, 3), (8, 2), (9, 3), (10, 2), (11, 3)]
length: 16 76
Estimated difference between T3^fnT3 - (T2^WT3 + h.c.) is: -1.802601540429668e-06 3.249372313559412e-12
total cost: -7.784456721613927
singles alt: [(4, 0), (5, 1), (6, 0), (7, 1), (8, 0), (9, 1), (10, 0), (11, 1), (4, 2), (5, 3), (6, 2), (7, 3), (8, 2), (9, 3), (10, 2), (11, 3)]
length: 16 76
Estimated difference between T3^fnT3 - (T2^WT3 + h.c.) is: -1.802601540429668e-06 3.249372313559412e-12
total cost: -7.784456721613932
singles alt: [(4, 0), (5, 1), (6, 0), (7, 1), (8, 0), (9, 1), (10, 0), (11, 1), (4, 2), (5, 3), (6, 2), (7, 3), (8, 2), (9, 3), (10, 2), (11, 3)]
callback: energy=-7.784454919012
singles alt: [(4, 0), (5, 1), (6, 0), (7, 1), (8, 0), (9, 1), (10, 0), (11, 1), (4, 2), (5, 3), (6, 2), (7, 3), (8, 2), (9, 3), (10, 2), (11, 3)]
length: 16 76
Estimated difference between T3^fnT3 - (T2^WT3 + h.c.) is: -1.7961605486357354e-06 3.226192716475426e-12
total cost: -7.784455723775775
singles alt: [(4, 0), (5, 1), (6, 0), (7, 1), (8, 0), (9, 1), (10, 0), (11, 1), (4, 2), (5, 3), (6, 2), (7, 3), (8, 2), (9, 3), (10, 2), (11, 3)]
length: 16 76
Estimated difference between T3^fnT3 - (T2^WT3 + h.c.) is: -1.7961608316793786e-06 3.226193733259157e-12
total cost: -7.78445572376878
singles alt: [(4, 0), (5, 1), (6, 0), (7, 1), (8, 0), (9, 1), (10, 0), (11, 1), (4, 2), (5, 3), (6, 2), (7, 3), (8, 2), (9, 3), (10, 2), (11, 3)]
length: 16 76
Estimated difference between T3^fnT3 - (T2^WT3 + h.c.) is: -1.7961606494130157e-06 3.2261930784997864e-12
total cost: -7.784455723769222
singles alt: [(4, 0), (5, 1), (6, 0), (7, 1), (8, 0), (9, 1), (10, 0), (11, 1), (4, 2), (5, 3), (6, 2), (7, 3), (8, 2), (9, 3), (10, 2), (11, 3)]
length: 16 76
Estimated difference between T3^fnT3 - (T2^WT3 + h.c.) is: -1.7961606484514963e-06 3.2261930750457e-12
total cost: -7.7844557237695255
singles alt: [(4, 0), (5, 1), (6, 0), (7, 1), (8, 0), (9, 1), (10, 0), (11, 1), (4, 2), (5, 3), (6, 2), (7, 3), (8, 2), (9, 3), (10, 2), (11, 3)]
length: 16 76
Estimated difference between T3^fnT3 - (T2^WT3 + h.c.) is: -1.796160701103863e-06 3.226193264189921e-12
total cost: -7.784455723779751
singles alt: [(4, 0), (5, 1), (6, 0), (7, 1), (8, 0), (9, 1), (10, 0), (11, 1), (4, 2), (5, 3), (6, 2), (7, 3), (8, 2), (9, 3), (10, 2), (11, 3)]
length: 16 76
Estimated difference between T3^fnT3 - (T2^WT3 + h.c.) is: -1.7961605494145754e-06 3.2261927192732695e-12
total cost: -7.7844557237737755
singles alt: [(4, 0), (5, 1), (6, 0), (7, 1), (8, 0), (9, 1), (10, 0), (11, 1), (4, 2), (5, 3), (6, 2), (7, 3), (8, 2), (9, 3), (10, 2), (11, 3)]
length: 16 76
Estimated difference between T3^fnT3 - (T2^WT3 + h.c.) is: -1.7961605485841496e-06 3.2261927162901133e-12
total cost: -7.7844557237757845
singles alt: [(4, 0), (5, 1), (6, 0), (7, 1), (8, 0), (9, 1), (10, 0), (11, 1), (4, 2), (5, 3), (6, 2), (7, 3), (8, 2), (9, 3), (10, 2), (11, 3)]
length: 16 76
Estimated difference between T3^fnT3 - (T2^WT3 + h.c.) is: -1.796160548639622e-06 3.226192716489388e-12
total cost: -7.784455723775823
singles alt: [(4, 0), (5, 1), (6, 0), (7, 1), (8, 0), (9, 1), (10, 0), (11, 1), (4, 2), (5, 3), (6, 2), (7, 3), (8, 2), (9, 3), (10, 2), (11, 3)]
length: 16 76
Estimated difference between T3^fnT3 - (T2^WT3 + h.c.) is: -1.7961605487183603e-06 3.2261927167722412e-12
total cost: -7.7844557237757614
singles alt: [(4, 0), (5, 1), (6, 0), (7, 1), (8, 0), (9, 1), (10, 0), (11, 1), (4, 2), (5, 3), (6, 2), (7, 3), (8, 2), (9, 3), (10, 2), (11, 3)]
length: 16 76
Estimated difference between T3^fnT3 - (T2^WT3 + h.c.) is: -1.7961605473821707e-06 3.2261927119722187e-12
total cost: -7.78445572378106
singles alt: [(4, 0), (5, 1), (6, 0), (7, 1), (8, 0), (9, 1), (10, 0), (11, 1), (4, 2), (5, 3), (6, 2), (7, 3), (8, 2), (9, 3), (10, 2), (11, 3)]
length: 16 76
Estimated difference between T3^fnT3 - (T2^WT3 + h.c.) is: -1.7961605487775367e-06 3.2261927169848218e-12
total cost: -7.784455723775539
singles alt: [(4, 0), (5, 1), (6, 0), (7, 1), (8, 0), (9, 1), (10, 0), (11, 1), (4, 2), (5, 3), (6, 2), (7, 3), (8, 2), (9, 3), (10, 2), (11, 3)]
length: 16 76
Estimated difference between T3^fnT3 - (T2^WT3 + h.c.) is: -1.7961605487643304e-06 3.2261927169373805e-12
total cost: -7.784455723775523
singles alt: [(4, 0), (5, 1), (6, 0), (7, 1), (8, 0), (9, 1), (10, 0), (11, 1), (4, 2), (5, 3), (6, 2), (7, 3), (8, 2), (9, 3), (10, 2), (11, 3)]
length: 16 76
Estimated difference between T3^fnT3 - (T2^WT3 + h.c.) is: -1.7961605485131337e-06 3.2261927160350015e-12
total cost: -7.784455723775808
singles alt: [(4, 0), (5, 1), (6, 0), (7, 1), (8, 0), (9, 1), (10, 0), (11, 1), (4, 2), (5, 3), (6, 2), (7, 3), (8, 2), (9, 3), (10, 2), (11, 3)]
length: 16 76
Estimated difference between T3^fnT3 - (T2^WT3 + h.c.) is: -1.79616060578904e-06 3.226192921788451e-12
total cost: -7.784455723772539
singles alt: [(4, 0), (5, 1), (6, 0), (7, 1), (8, 0), (9, 1), (10, 0), (11, 1), (4, 2), (5, 3), (6, 2), (7, 3), (8, 2), (9, 3), (10, 2), (11, 3)]
length: 16 76
Estimated difference between T3^fnT3 - (T2^WT3 + h.c.) is: -1.7961603262127312e-06 3.226191917460625e-12
total cost: -7.784455723772428
singles alt: [(4, 0), (5, 1), (6, 0), (7, 1), (8, 0), (9, 1), (10, 0), (11, 1), (4, 2), (5, 3), (6, 2), (7, 3), (8, 2), (9, 3), (10, 2), (11, 3)]
length: 16 76
Estimated difference between T3^fnT3 - (T2^WT3 + h.c.) is: -1.7961605079344182e-06 3.2261925702632272e-12
total cost: -7.784455723769972
singles alt: [(4, 0), (5, 1), (6, 0), (7, 1), (8, 0), (9, 1), (10, 0), (11, 1), (4, 2), (5, 3), (6, 2), (7, 3), (8, 2), (9, 3), (10, 2), (11, 3)]
length: 16 76
Estimated difference between T3^fnT3 - (T2^WT3 + h.c.) is: -1.7961603836977284e-06 3.226192123965171e-12
total cost: -7.784455723777659
singles alt: [(4, 0), (5, 1), (6, 0), (7, 1), (8, 0), (9, 1), (10, 0), (11, 1), (4, 2), (5, 3), (6, 2), (7, 3), (8, 2), (9, 3), (10, 2), (11, 3)]
length: 16 76
Estimated difference between T3^fnT3 - (T2^WT3 + h.c.) is: -1.7961605479056065e-06 3.2261927138525687e-12
total cost: -7.78445572378052
singles alt: [(4, 0), (5, 1), (6, 0), (7, 1), (8, 0), (9, 1), (10, 0), (11, 1), (4, 2), (5, 3), (6, 2), (7, 3), (8, 2), (9, 3), (10, 2), (11, 3)]
length: 16 76
Estimated difference between T3^fnT3 - (T2^WT3 + h.c.) is: -1.7961605488271957e-06 3.226192717163213e-12
total cost: -7.784455723775487
singles alt: [(4, 0), (5, 1), (6, 0), (7, 1), (8, 0), (9, 1), (10, 0), (11, 1), (4, 2), (5, 3), (6, 2), (7, 3), (8, 2), (9, 3), (10, 2), (11, 3)]
length: 16 76
Estimated difference between T3^fnT3 - (T2^WT3 + h.c.) is: -1.7961605486896753e-06 3.2261927166691954e-12
total cost: -7.784455723775472
singles alt: [(4, 0), (5, 1), (6, 0), (7, 1), (8, 0), (9, 1), (10, 0), (11, 1), (4, 2), (5, 3), (6, 2), (7, 3), (8, 2), (9, 3), (10, 2), (11, 3)]
length: 16 76
Estimated difference between T3^fnT3 - (T2^WT3 + h.c.) is: -1.796160548572493e-06 3.226192716248239e-12
total cost: -7.784455723775805
singles alt: [(4, 0), (5, 1), (6, 0), (7, 1), (8, 0), (9, 1), (10, 0), (11, 1), (4, 2), (5, 3), (6, 2), (7, 3), (8, 2), (9, 3), (10, 2), (11, 3)]
length: 16 76
Estimated difference between T3^fnT3 - (T2^WT3 + h.c.) is: -1.7961607844209194e-06 3.2261935634915723e-12
total cost: -7.784455723775364
singles alt: [(4, 0), (5, 1), (6, 0), (7, 1), (8, 0), (9, 1), (10, 0), (11, 1), (4, 2), (5, 3), (6, 2), (7, 3), (8, 2), (9, 3), (10, 2), (11, 3)]
length: 16 76
Estimated difference between T3^fnT3 - (T2^WT3 + h.c.) is: -1.7961608687795767e-06 3.226193866535004e-12
total cost: -7.784455723780138
singles alt: [(4, 0), (5, 1), (6, 0), (7, 1), (8, 0), (9, 1), (10, 0), (11, 1), (4, 2), (5, 3), (6, 2), (7, 3), (8, 2), (9, 3), (10, 2), (11, 3)]
length: 16 76
Estimated difference between T3^fnT3 - (T2^WT3 + h.c.) is: -1.796160869338092e-06 3.2261938685413704e-12
total cost: -7.784455723780009
singles alt: [(4, 0), (5, 1), (6, 0), (7, 1), (8, 0), (9, 1), (10, 0), (11, 1), (4, 2), (5, 3), (6, 2), (7, 3), (8, 2), (9, 3), (10, 2), (11, 3)]
length: 16 76
Estimated difference between T3^fnT3 - (T2^WT3 + h.c.) is: -1.79616073688981e-06 3.226193392744545e-12
total cost: -7.784455723777814
singles alt: [(4, 0), (5, 1), (6, 0), (7, 1), (8, 0), (9, 1), (10, 0), (11, 1), (4, 2), (5, 3), (6, 2), (7, 3), (8, 2), (9, 3), (10, 2), (11, 3)]
length: 16 76
Estimated difference between T3^fnT3 - (T2^WT3 + h.c.) is: -1.796160548511781e-06 3.226192716030142e-12
total cost: -7.784455723776785
singles alt: [(4, 0), (5, 1), (6, 0), (7, 1), (8, 0), (9, 1), (10, 0), (11, 1), (4, 2), (5, 3), (6, 2), (7, 3), (8, 2), (9, 3), (10, 2), (11, 3)]
length: 16 76
Estimated difference between T3^fnT3 - (T2^WT3 + h.c.) is: -1.7961605486612908e-06 3.2261927165672293e-12
total cost: -7.784455723775734
singles alt: [(4, 0), (5, 1), (6, 0), (7, 1), (8, 0), (9, 1), (10, 0), (11, 1), (4, 2), (5, 3), (6, 2), (7, 3), (8, 2), (9, 3), (10, 2), (11, 3)]
length: 16 76
Estimated difference between T3^fnT3 - (T2^WT3 + h.c.) is: -1.7961605486439446e-06 3.226192716504916e-12
total cost: -7.784455723775734
singles alt: [(4, 0), (5, 1), (6, 0), (7, 1), (8, 0), (9, 1), (10, 0), (11, 1), (4, 2), (5, 3), (6, 2), (7, 3), (8, 2), (9, 3), (10, 2), (11, 3)]
length: 16 76
Estimated difference between T3^fnT3 - (T2^WT3 + h.c.) is: -1.7961605486112794e-06 3.2261927163875723e-12
total cost: -7.784455723775781
singles alt: [(4, 0), (5, 1), (6, 0), (7, 1), (8, 0), (9, 1), (10, 0), (11, 1), (4, 2), (5, 3), (6, 2), (7, 3), (8, 2), (9, 3), (10, 2), (11, 3)]
length: 16 76
Estimated difference between T3^fnT3 - (T2^WT3 + h.c.) is: -1.7961605493972883e-06 3.2261927192111687e-12
total cost: -7.784455723736734
singles alt: [(4, 0), (5, 1), (6, 0), (7, 1), (8, 0), (9, 1), (10, 0), (11, 1), (4, 2), (5, 3), (6, 2), (7, 3), (8, 2), (9, 3), (10, 2), (11, 3)]
length: 16 76
Estimated difference between T3^fnT3 - (T2^WT3 + h.c.) is: -1.796160548408248e-06 3.226192715658218e-12
total cost: -7.784455723777835
singles alt: [(4, 0), (5, 1), (6, 0), (7, 1), (8, 0), (9, 1), (10, 0), (11, 1), (4, 2), (5, 3), (6, 2), (7, 3), (8, 2), (9, 3), (10, 2), (11, 3)]
length: 16 76
Estimated difference between T3^fnT3 - (T2^WT3 + h.c.) is: -1.7961605482310036e-06 3.2261927150214993e-12
total cost: -7.784455723777825
singles alt: [(4, 0), (5, 1), (6, 0), (7, 1), (8, 0), (9, 1), (10, 0), (11, 1), (4, 2), (5, 3), (6, 2), (7, 3), (8, 2), (9, 3), (10, 2), (11, 3)]
length: 16 76
Estimated difference between T3^fnT3 - (T2^WT3 + h.c.) is: -1.7961605488716586e-06 3.226192717322938e-12
total cost: -7.784455723775537
singles alt: [(4, 0), (5, 1), (6, 0), (7, 1), (8, 0), (9, 1), (10, 0), (11, 1), (4, 2), (5, 3), (6, 2), (7, 3), (8, 2), (9, 3), (10, 2), (11, 3)]
length: 16 76
Estimated difference between T3^fnT3 - (T2^WT3 + h.c.) is: -1.7961605481841605e-06 3.226192714853224e-12
total cost: -7.784455723779039
singles alt: [(4, 0), (5, 1), (6, 0), (7, 1), (8, 0), (9, 1), (10, 0), (11, 1), (4, 2), (5, 3), (6, 2), (7, 3), (8, 2), (9, 3), (10, 2), (11, 3)]
length: 16 76
Estimated difference between T3^fnT3 - (T2^WT3 + h.c.) is: -1.7961605487875559e-06 3.226192717020814e-12
total cost: -7.78445572377556
singles alt: [(4, 0), (5, 1), (6, 0), (7, 1), (8, 0), (9, 1), (10, 0), (11, 1), (4, 2), (5, 3), (6, 2), (7, 3), (8, 2), (9, 3), (10, 2), (11, 3)]
length: 16 76
Estimated difference between T3^fnT3 - (T2^WT3 + h.c.) is: -1.7961605486396758e-06 3.226192716489581e-12
total cost: -7.784455723775567
singles alt: [(4, 0), (5, 1), (6, 0), (7, 1), (8, 0), (9, 1), (10, 0), (11, 1), (4, 2), (5, 3), (6, 2), (7, 3), (8, 2), (9, 3), (10, 2), (11, 3)]
length: 16 76
Estimated difference between T3^fnT3 - (T2^WT3 + h.c.) is: -1.7961605485971907e-06 3.2261927163369612e-12
total cost: -7.7844557237758
singles alt: [(4, 0), (5, 1), (6, 0), (7, 1), (8, 0), (9, 1), (10, 0), (11, 1), (4, 2), (5, 3), (6, 2), (7, 3), (8, 2), (9, 3), (10, 2), (11, 3)]
length: 16 76
Estimated difference between T3^fnT3 - (T2^WT3 + h.c.) is: -1.7961605475855996e-06 3.226192712703001e-12
total cost: -7.784455723781525
singles alt: [(4, 0), (5, 1), (6, 0), (7, 1), (8, 0), (9, 1), (10, 0), (11, 1), (4, 2), (5, 3), (6, 2), (7, 3), (8, 2), (9, 3), (10, 2), (11, 3)]
length: 16 76
Estimated difference between T3^fnT3 - (T2^WT3 + h.c.) is: -1.7961605488214495e-06 3.2261927171425705e-12
total cost: -7.784455723775476
singles alt: [(4, 0), (5, 1), (6, 0), (7, 1), (8, 0), (9, 1), (10, 0), (11, 1), (4, 2), (5, 3), (6, 2), (7, 3), (8, 2), (9, 3), (10, 2), (11, 3)]
length: 16 76
Estimated difference between T3^fnT3 - (T2^WT3 + h.c.) is: -1.7961605488507011e-06 3.226192717247652e-12
total cost: -7.784455723775464
singles alt: [(4, 0), (5, 1), (6, 0), (7, 1), (8, 0), (9, 1), (10, 0), (11, 1), (4, 2), (5, 3), (6, 2), (7, 3), (8, 2), (9, 3), (10, 2), (11, 3)]
length: 16 76
Estimated difference between T3^fnT3 - (T2^WT3 + h.c.) is: -1.7961605484945723e-06 3.2261927159683226e-12
total cost: -7.7844557237758085
singles alt: [(4, 0), (5, 1), (6, 0), (7, 1), (8, 0), (9, 1), (10, 0), (11, 1), (4, 2), (5, 3), (6, 2), (7, 3), (8, 2), (9, 3), (10, 2), (11, 3)]
length: 16 76
Estimated difference between T3^fnT3 - (T2^WT3 + h.c.) is: -1.7961607828251334e-06 3.226193557758996e-12
total cost: -7.784455723784792
singles alt: [(4, 0), (5, 1), (6, 0), (7, 1), (8, 0), (9, 1), (10, 0), (11, 1), (4, 2), (5, 3), (6, 2), (7, 3), (8, 2), (9, 3), (10, 2), (11, 3)]
length: 16 76
Estimated difference between T3^fnT3 - (T2^WT3 + h.c.) is: -1.7961608687207346e-06 3.226193866323624e-12
total cost: -7.784455723780085
singles alt: [(4, 0), (5, 1), (6, 0), (7, 1), (8, 0), (9, 1), (10, 0), (11, 1), (4, 2), (5, 3), (6, 2), (7, 3), (8, 2), (9, 3), (10, 2), (11, 3)]
length: 16 76
Estimated difference between T3^fnT3 - (T2^WT3 + h.c.) is: -1.7961608693025615e-06 3.2261938684137333e-12
total cost: -7.784455723779937
singles alt: [(4, 0), (5, 1), (6, 0), (7, 1), (8, 0), (9, 1), (10, 0), (11, 1), (4, 2), (5, 3), (6, 2), (7, 3), (8, 2), (9, 3), (10, 2), (11, 3)]
length: 16 76
Estimated difference between T3^fnT3 - (T2^WT3 + h.c.) is: -1.7961607367404386e-06 3.2261933922079554e-12
total cost: -7.784455723777885
singles alt: [(4, 0), (5, 1), (6, 0), (7, 1), (8, 0), (9, 1), (10, 0), (11, 1), (4, 2), (5, 3), (6, 2), (7, 3), (8, 2), (9, 3), (10, 2), (11, 3)]
length: 16 76
Estimated difference between T3^fnT3 - (T2^WT3 + h.c.) is: -1.796160549232163e-06 3.2261927186179857e-12
total cost: -7.784455723745496
singles alt: [(4, 0), (5, 1), (6, 0), (7, 1), (8, 0), (9, 1), (10, 0), (11, 1), (4, 2), (5, 3), (6, 2), (7, 3), (8, 2), (9, 3), (10, 2), (11, 3)]
length: 16 76
Estimated difference between T3^fnT3 - (T2^WT3 + h.c.) is: -1.7961605484614867e-06 3.2261927158494687e-12
total cost: -7.784455723777361
singles alt: [(4, 0), (5, 1), (6, 0), (7, 1), (8, 0), (9, 1), (10, 0), (11, 1), (4, 2), (5, 3), (6, 2), (7, 3), (8, 2), (9, 3), (10, 2), (11, 3)]
length: 16 76
Estimated difference between T3^fnT3 - (T2^WT3 + h.c.) is: -1.7961605483169168e-06 3.2261927153301273e-12
total cost: -7.784455723777346
singles alt: [(4, 0), (5, 1), (6, 0), (7, 1), (8, 0), (9, 1), (10, 0), (11, 1), (4, 2), (5, 3), (6, 2), (7, 3), (8, 2), (9, 3), (10, 2), (11, 3)]
length: 16 76
Estimated difference between T3^fnT3 - (T2^WT3 + h.c.) is: -1.796160548815148e-06 3.2261927171199337e-12
total cost: -7.78445572377559
singles alt: [(4, 0), (5, 1), (6, 0), (7, 1), (8, 0), (9, 1), (10, 0), (11, 1), (4, 2), (5, 3), (6, 2), (7, 3), (8, 2), (9, 3), (10, 2), (11, 3)]
length: 16 76
Estimated difference between T3^fnT3 - (T2^WT3 + h.c.) is: -1.7961606056778343e-06 3.2261929213889645e-12
total cost: -7.784455723775463
singles alt: [(4, 0), (5, 1), (6, 0), (7, 1), (8, 0), (9, 1), (10, 0), (11, 1), (4, 2), (5, 3), (6, 2), (7, 3), (8, 2), (9, 3), (10, 2), (11, 3)]
length: 16 76
Estimated difference between T3^fnT3 - (T2^WT3 + h.c.) is: -1.7961605083914753e-06 3.226192571905123e-12
total cost: -7.784455723769623
singles alt: [(4, 0), (5, 1), (6, 0), (7, 1), (8, 0), (9, 1), (10, 0), (11, 1), (4, 2), (5, 3), (6, 2), (7, 3), (8, 2), (9, 3), (10, 2), (11, 3)]
length: 16 76
Estimated difference between T3^fnT3 - (T2^WT3 + h.c.) is: -1.7961603249967218e-06 3.226191913092329e-12
total cost: -7.784455723776893
singles alt: [(4, 0), (5, 1), (6, 0), (7, 1), (8, 0), (9, 1), (10, 0), (11, 1), (4, 2), (5, 3), (6, 2), (7, 3), (8, 2), (9, 3), (10, 2), (11, 3)]
length: 16 76
Estimated difference between T3^fnT3 - (T2^WT3 + h.c.) is: -1.796160383389917e-06 3.2261921228594137e-12
total cost: -7.78445572377762
singles alt: [(4, 0), (5, 1), (6, 0), (7, 1), (8, 0), (9, 1), (10, 0), (11, 1), (4, 2), (5, 3), (6, 2), (7, 3), (8, 2), (9, 3), (10, 2), (11, 3)]
length: 16 76
Estimated difference between T3^fnT3 - (T2^WT3 + h.c.) is: -1.796160549079751e-06 3.226192718070472e-12
total cost: -7.784455723755776
singles alt: [(4, 0), (5, 1), (6, 0), (7, 1), (8, 0), (9, 1), (10, 0), (11, 1), (4, 2), (5, 3), (6, 2), (7, 3), (8, 2), (9, 3), (10, 2), (11, 3)]
length: 16 76
Estimated difference between T3^fnT3 - (T2^WT3 + h.c.) is: -1.796160548438223e-06 3.226192715765898e-12
total cost: -7.784455723776792
singles alt: [(4, 0), (5, 1), (6, 0), (7, 1), (8, 0), (9, 1), (10, 0), (11, 1), (4, 2), (5, 3), (6, 2), (7, 3), (8, 2), (9, 3), (10, 2), (11, 3)]
length: 16 76
Estimated difference between T3^fnT3 - (T2^WT3 + h.c.) is: -1.7961605485271057e-06 3.2261927160851934e-12
total cost: -7.784455723776826
singles alt: [(4, 0), (5, 1), (6, 0), (7, 1), (8, 0), (9, 1), (10, 0), (11, 1), (4, 2), (5, 3), (6, 2), (7, 3), (8, 2), (9, 3), (10, 2), (11, 3)]
length: 16 76
Estimated difference between T3^fnT3 - (T2^WT3 + h.c.) is: -1.7961605487219883e-06 3.226192716785274e-12
total cost: -7.784455723775643
singles alt: [(4, 0), (5, 1), (6, 0), (7, 1), (8, 0), (9, 1), (10, 0), (11, 1), (4, 2), (5, 3), (6, 2), (7, 3), (8, 2), (9, 3), (10, 2), (11, 3)]
length: 16 76
Estimated difference between T3^fnT3 - (T2^WT3 + h.c.) is: -1.7961605486917429e-06 3.2261927166766227e-12
total cost: -7.784455723769996
singles alt: [(4, 0), (5, 1), (6, 0), (7, 1), (8, 0), (9, 1), (10, 0), (11, 1), (4, 2), (5, 3), (6, 2), (7, 3), (8, 2), (9, 3), (10, 2), (11, 3)]
length: 16 76
Estimated difference between T3^fnT3 - (T2^WT3 + h.c.) is: -1.7961605485964693e-06 3.2261927163343694e-12
total cost: -7.784455723776084
singles alt: [(4, 0), (5, 1), (6, 0), (7, 1), (8, 0), (9, 1), (10, 0), (11, 1), (4, 2), (5, 3), (6, 2), (7, 3), (8, 2), (9, 3), (10, 2), (11, 3)]
length: 16 76
Estimated difference between T3^fnT3 - (T2^WT3 + h.c.) is: -1.7961605486011502e-06 3.226192716351185e-12
total cost: -7.784455723776057
singles alt: [(4, 0), (5, 1), (6, 0), (7, 1), (8, 0), (9, 1), (10, 0), (11, 1), (4, 2), (5, 3), (6, 2), (7, 3), (8, 2), (9, 3), (10, 2), (11, 3)]
length: 16 76
Estimated difference between T3^fnT3 - (T2^WT3 + h.c.) is: -1.7961605487048113e-06 3.226192716723569e-12
total cost: -7.784455723775737
singles alt: [(4, 0), (5, 1), (6, 0), (7, 1), (8, 0), (9, 1), (10, 0), (11, 1), (4, 2), (5, 3), (6, 2), (7, 3), (8, 2), (9, 3), (10, 2), (11, 3)]
length: 16 76
Estimated difference between T3^fnT3 - (T2^WT3 + h.c.) is: -1.7961607790827102e-06 3.2261935443150086e-12
total cost: -7.784455723777246
singles alt: [(4, 0), (5, 1), (6, 0), (7, 1), (8, 0), (9, 1), (10, 0), (11, 1), (4, 2), (5, 3), (6, 2), (7, 3), (8, 2), (9, 3), (10, 2), (11, 3)]
length: 16 76
Estimated difference between T3^fnT3 - (T2^WT3 + h.c.) is: -1.7961606104627264e-06 3.2261929385778338e-12
total cost: -7.784455723775638
singles alt: [(4, 0), (5, 1), (6, 0), (7, 1), (8, 0), (9, 1), (10, 0), (11, 1), (4, 2), (5, 3), (6, 2), (7, 3), (8, 2), (9, 3), (10, 2), (11, 3)]
length: 16 76
Estimated difference between T3^fnT3 - (T2^WT3 + h.c.) is: -1.796160610812479e-06 3.2261929398342577e-12
total cost: -7.7844557237754985
singles alt: [(4, 0), (5, 1), (6, 0), (7, 1), (8, 0), (9, 1), (10, 0), (11, 1), (4, 2), (5, 3), (6, 2), (7, 3), (8, 2), (9, 3), (10, 2), (11, 3)]
length: 16 76
Estimated difference between T3^fnT3 - (T2^WT3 + h.c.) is: -1.7961606825045993e-06 3.226193197375388e-12
total cost: -7.784455723774941
singles alt: [(4, 0), (5, 1), (6, 0), (7, 1), (8, 0), (9, 1), (10, 0), (11, 1), (4, 2), (5, 3), (6, 2), (7, 3), (8, 2), (9, 3), (10, 2), (11, 3)]
length: 16 76
Estimated difference between T3^fnT3 - (T2^WT3 + h.c.) is: -1.7961605485571134e-06 3.2261927161929902e-12
total cost: -7.784455723775712
singles alt: [(4, 0), (5, 1), (6, 0), (7, 1), (8, 0), (9, 1), (10, 0), (11, 1), (4, 2), (5, 3), (6, 2), (7, 3), (8, 2), (9, 3), (10, 2), (11, 3)]
length: 16 76
Estimated difference between T3^fnT3 - (T2^WT3 + h.c.) is: -1.7961605485590692e-06 3.2261927162000164e-12
total cost: -7.784455723775737
singles alt: [(4, 0), (5, 1), (6, 0), (7, 1), (8, 0), (9, 1), (10, 0), (11, 1), (4, 2), (5, 3), (6, 2), (7, 3), (8, 2), (9, 3), (10, 2), (11, 3)]
length: 16 76
Estimated difference between T3^fnT3 - (T2^WT3 + h.c.) is: -1.7961605486051734e-06 3.2261927163656375e-12
total cost: -7.784455723775732
singles alt: [(4, 0), (5, 1), (6, 0), (7, 1), (8, 0), (9, 1), (10, 0), (11, 1), (4, 2), (5, 3), (6, 2), (7, 3), (8, 2), (9, 3), (10, 2), (11, 3)]
length: 16 76
Estimated difference between T3^fnT3 - (T2^WT3 + h.c.) is: -1.7961605486104061e-06 3.2261927163844353e-12
total cost: -7.784455723775757
singles alt: [(4, 0), (5, 1), (6, 0), (7, 1), (8, 0), (9, 1), (10, 0), (11, 1), (4, 2), (5, 3), (6, 2), (7, 3), (8, 2), (9, 3), (10, 2), (11, 3)]
length: 16 76
Estimated difference between T3^fnT3 - (T2^WT3 + h.c.) is: -1.7961604076513263e-06 3.2261922100141785e-12
total cost: -7.784455723780258
singles alt: [(4, 0), (5, 1), (6, 0), (7, 1), (8, 0), (9, 1), (10, 0), (11, 1), (4, 2), (5, 3), (6, 2), (7, 3), (8, 2), (9, 3), (10, 2), (11, 3)]
length: 16 76
Estimated difference between T3^fnT3 - (T2^WT3 + h.c.) is: -1.7961604082226763e-06 3.226192212066651e-12
total cost: -7.784455723782578
singles alt: [(4, 0), (5, 1), (6, 0), (7, 1), (8, 0), (9, 1), (10, 0), (11, 1), (4, 2), (5, 3), (6, 2), (7, 3), (8, 2), (9, 3), (10, 2), (11, 3)]
length: 16 76
Estimated difference between T3^fnT3 - (T2^WT3 + h.c.) is: -1.796160548675328e-06 3.2261927166176554e-12
total cost: -7.784455723775725
singles alt: [(4, 0), (5, 1), (6, 0), (7, 1), (8, 0), (9, 1), (10, 0), (11, 1), (4, 2), (5, 3), (6, 2), (7, 3), (8, 2), (9, 3), (10, 2), (11, 3)]
length: 16 76
Estimated difference between T3^fnT3 - (T2^WT3 + h.c.) is: -1.7961605487215114e-06 3.2261927167835612e-12
total cost: -7.784455723775743
singles alt: [(4, 0), (5, 1), (6, 0), (7, 1), (8, 0), (9, 1), (10, 0), (11, 1), (4, 2), (5, 3), (6, 2), (7, 3), (8, 2), (9, 3), (10, 2), (11, 3)]
length: 16 76
Estimated difference between T3^fnT3 - (T2^WT3 + h.c.) is: -1.7961605487112168e-06 3.2261927167465796e-12
total cost: -7.7844557237757925
singles alt: [(4, 0), (5, 1), (6, 0), (7, 1), (8, 0), (9, 1), (10, 0), (11, 1), (4, 2), (5, 3), (6, 2), (7, 3), (8, 2), (9, 3), (10, 2), (11, 3)]
length: 16 76
Estimated difference between T3^fnT3 - (T2^WT3 + h.c.) is: -1.7961605486951873e-06 3.2261927166889965e-12
total cost: -7.7844557237758645
singles alt: [(4, 0), (5, 1), (6, 0), (7, 1), (8, 0), (9, 1), (10, 0), (11, 1), (4, 2), (5, 3), (6, 2), (7, 3), (8, 2), (9, 3), (10, 2), (11, 3)]
length: 16 76
Estimated difference between T3^fnT3 - (T2^WT3 + h.c.) is: -1.7961605487023621e-06 3.2261927167147707e-12
total cost: -7.784455723775727
singles alt: [(4, 0), (5, 1), (6, 0), (7, 1), (8, 0), (9, 1), (10, 0), (11, 1), (4, 2), (5, 3), (6, 2), (7, 3), (8, 2), (9, 3), (10, 2), (11, 3)]
length: 16 76
Estimated difference between T3^fnT3 - (T2^WT3 + h.c.) is: -1.79616054866747e-06 3.2261927165894274e-12
total cost: -7.7844557237757686
singles alt: [(4, 0), (5, 1), (6, 0), (7, 1), (8, 0), (9, 1), (10, 0), (11, 1), (4, 2), (5, 3), (6, 2), (7, 3), (8, 2), (9, 3), (10, 2), (11, 3)]
length: 16 76
Estimated difference between T3^fnT3 - (T2^WT3 + h.c.) is: -1.7961605486357354e-06 3.226192716475426e-12
total cost: -7.78445572376119
singles alt: [(4, 0), (5, 1), (6, 0), (7, 1), (8, 0), (9, 1), (10, 0), (11, 1), (4, 2), (5, 3), (6, 2), (7, 3), (8, 2), (9, 3), (10, 2), (11, 3)]
length: 16 76
Estimated difference between T3^fnT3 - (T2^WT3 + h.c.) is: -1.7961605486357354e-06 3.226192716475426e-12
total cost: -7.784455723761618
singles alt: [(4, 0), (5, 1), (6, 0), (7, 1), (8, 0), (9, 1), (10, 0), (11, 1), (4, 2), (5, 3), (6, 2), (7, 3), (8, 2), (9, 3), (10, 2), (11, 3)]
length: 16 76
Estimated difference between T3^fnT3 - (T2^WT3 + h.c.) is: -1.7961605486357354e-06 3.226192716475426e-12
total cost: -7.784455723776291
singles alt: [(4, 0), (5, 1), (6, 0), (7, 1), (8, 0), (9, 1), (10, 0), (11, 1), (4, 2), (5, 3), (6, 2), (7, 3), (8, 2), (9, 3), (10, 2), (11, 3)]
length: 16 76
Estimated difference between T3^fnT3 - (T2^WT3 + h.c.) is: -1.7961605486357354e-06 3.226192716475426e-12
total cost: -7.78445572377616
singles alt: [(4, 0), (5, 1), (6, 0), (7, 1), (8, 0), (9, 1), (10, 0), (11, 1), (4, 2), (5, 3), (6, 2), (7, 3), (8, 2), (9, 3), (10, 2), (11, 3)]
length: 16 76
Estimated difference between T3^fnT3 - (T2^WT3 + h.c.) is: -1.7961605486357354e-06 3.226192716475426e-12
total cost: -7.784455723776157
singles alt: [(4, 0), (5, 1), (6, 0), (7, 1), (8, 0), (9, 1), (10, 0), (11, 1), (4, 2), (5, 3), (6, 2), (7, 3), (8, 2), (9, 3), (10, 2), (11, 3)]
length: 16 76
Estimated difference between T3^fnT3 - (T2^WT3 + h.c.) is: -1.7961605486357354e-06 3.226192716475426e-12
total cost: -7.7844557237756655
singles alt: [(4, 0), (5, 1), (6, 0), (7, 1), (8, 0), (9, 1), (10, 0), (11, 1), (4, 2), (5, 3), (6, 2), (7, 3), (8, 2), (9, 3), (10, 2), (11, 3)]
length: 16 76
Estimated difference between T3^fnT3 - (T2^WT3 + h.c.) is: -1.7961605486357354e-06 3.226192716475426e-12
total cost: -7.784455723760321
singles alt: [(4, 0), (5, 1), (6, 0), (7, 1), (8, 0), (9, 1), (10, 0), (11, 1), (4, 2), (5, 3), (6, 2), (7, 3), (8, 2), (9, 3), (10, 2), (11, 3)]
length: 16 76
Estimated difference between T3^fnT3 - (T2^WT3 + h.c.) is: -1.7961605486357354e-06 3.226192716475426e-12
total cost: -7.784455723760696
singles alt: [(4, 0), (5, 1), (6, 0), (7, 1), (8, 0), (9, 1), (10, 0), (11, 1), (4, 2), (5, 3), (6, 2), (7, 3), (8, 2), (9, 3), (10, 2), (11, 3)]
length: 16 76
Estimated difference between T3^fnT3 - (T2^WT3 + h.c.) is: -1.7961605486357354e-06 3.226192716475426e-12
total cost: -7.784455723774988
singles alt: [(4, 0), (5, 1), (6, 0), (7, 1), (8, 0), (9, 1), (10, 0), (11, 1), (4, 2), (5, 3), (6, 2), (7, 3), (8, 2), (9, 3), (10, 2), (11, 3)]
length: 16 76
Estimated difference between T3^fnT3 - (T2^WT3 + h.c.) is: -1.7961605486357354e-06 3.226192716475426e-12
total cost: -7.784455723775031
singles alt: [(4, 0), (5, 1), (6, 0), (7, 1), (8, 0), (9, 1), (10, 0), (11, 1), (4, 2), (5, 3), (6, 2), (7, 3), (8, 2), (9, 3), (10, 2), (11, 3)]
length: 16 76
Estimated difference between T3^fnT3 - (T2^WT3 + h.c.) is: -1.7961605486357354e-06 3.226192716475426e-12
total cost: -7.784455723775715
singles alt: [(4, 0), (5, 1), (6, 0), (7, 1), (8, 0), (9, 1), (10, 0), (11, 1), (4, 2), (5, 3), (6, 2), (7, 3), (8, 2), (9, 3), (10, 2), (11, 3)]
length: 16 76
Estimated difference between T3^fnT3 - (T2^WT3 + h.c.) is: -1.7961605486357354e-06 3.226192716475426e-12
total cost: -7.78445572377573
singles alt: [(4, 0), (5, 1), (6, 0), (7, 1), (8, 0), (9, 1), (10, 0), (11, 1), (4, 2), (5, 3), (6, 2), (7, 3), (8, 2), (9, 3), (10, 2), (11, 3)]
length: 16 76
Estimated difference between T3^fnT3 - (T2^WT3 + h.c.) is: -1.7961605486357354e-06 3.226192716475426e-12
total cost: -7.784455723775726
singles alt: [(4, 0), (5, 1), (6, 0), (7, 1), (8, 0), (9, 1), (10, 0), (11, 1), (4, 2), (5, 3), (6, 2), (7, 3), (8, 2), (9, 3), (10, 2), (11, 3)]
length: 16 76
Estimated difference between T3^fnT3 - (T2^WT3 + h.c.) is: -1.7961605486357354e-06 3.226192716475426e-12
total cost: -7.784455723775776
singles alt: [(4, 0), (5, 1), (6, 0), (7, 1), (8, 0), (9, 1), (10, 0), (11, 1), (4, 2), (5, 3), (6, 2), (7, 3), (8, 2), (9, 3), (10, 2), (11, 3)]
length: 16 76
Estimated difference between T3^fnT3 - (T2^WT3 + h.c.) is: -1.7961605486357354e-06 3.226192716475426e-12
total cost: -7.784455723775551
singles alt: [(4, 0), (5, 1), (6, 0), (7, 1), (8, 0), (9, 1), (10, 0), (11, 1), (4, 2), (5, 3), (6, 2), (7, 3), (8, 2), (9, 3), (10, 2), (11, 3)]
length: 16 76
Estimated difference between T3^fnT3 - (T2^WT3 + h.c.) is: -1.7961605486357354e-06 3.226192716475426e-12
total cost: -7.784455723775551
singles alt: [(4, 0), (5, 1), (6, 0), (7, 1), (8, 0), (9, 1), (10, 0), (11, 1), (4, 2), (5, 3), (6, 2), (7, 3), (8, 2), (9, 3), (10, 2), (11, 3)]
length: 16 76
Estimated difference between T3^fnT3 - (T2^WT3 + h.c.) is: -1.801026159222449e-06 3.243695226203566e-12
total cost: -7.784456829479623
singles alt: [(4, 0), (5, 1), (6, 0), (7, 1), (8, 0), (9, 1), (10, 0), (11, 1), (4, 2), (5, 3), (6, 2), (7, 3), (8, 2), (9, 3), (10, 2), (11, 3)]
length: 16 76
Estimated difference between T3^fnT3 - (T2^WT3 + h.c.) is: -1.8010264380560556e-06 3.243696230576883e-12
total cost: -7.784456829482734
singles alt: [(4, 0), (5, 1), (6, 0), (7, 1), (8, 0), (9, 1), (10, 0), (11, 1), (4, 2), (5, 3), (6, 2), (7, 3), (8, 2), (9, 3), (10, 2), (11, 3)]
length: 16 76
Estimated difference between T3^fnT3 - (T2^WT3 + h.c.) is: -1.8010262530356546e-06 3.24369556412365e-12
total cost: -7.784456829475708
singles alt: [(4, 0), (5, 1), (6, 0), (7, 1), (8, 0), (9, 1), (10, 0), (11, 1), (4, 2), (5, 3), (6, 2), (7, 3), (8, 2), (9, 3), (10, 2), (11, 3)]
length: 16 76
Estimated difference between T3^fnT3 - (T2^WT3 + h.c.) is: -1.8010262528666241e-06 3.243695563514793e-12
total cost: -7.784456829475772
singles alt: [(4, 0), (5, 1), (6, 0), (7, 1), (8, 0), (9, 1), (10, 0), (11, 1), (4, 2), (5, 3), (6, 2), (7, 3), (8, 2), (9, 3), (10, 2), (11, 3)]
length: 16 76
Estimated difference between T3^fnT3 - (T2^WT3 + h.c.) is: -1.8010263119158622e-06 3.2436957762132526e-12
total cost: -7.784456829477479
singles alt: [(4, 0), (5, 1), (6, 0), (7, 1), (8, 0), (9, 1), (10, 0), (11, 1), (4, 2), (5, 3), (6, 2), (7, 3), (8, 2), (9, 3), (10, 2), (11, 3)]
length: 16 76
Estimated difference between T3^fnT3 - (T2^WT3 + h.c.) is: -1.8010261593724126e-06 3.243695226743743e-12
total cost: -7.7844568294792404
singles alt: [(4, 0), (5, 1), (6, 0), (7, 1), (8, 0), (9, 1), (10, 0), (11, 1), (4, 2), (5, 3), (6, 2), (7, 3), (8, 2), (9, 3), (10, 2), (11, 3)]
length: 16 76
Estimated difference between T3^fnT3 - (T2^WT3 + h.c.) is: -1.8010261592106538e-06 3.2436952261610793e-12
total cost: -7.784456829479625
singles alt: [(4, 0), (5, 1), (6, 0), (7, 1), (8, 0), (9, 1), (10, 0), (11, 1), (4, 2), (5, 3), (6, 2), (7, 3), (8, 2), (9, 3), (10, 2), (11, 3)]
length: 16 76
Estimated difference between T3^fnT3 - (T2^WT3 + h.c.) is: -1.801026159221785e-06 3.243695226201174e-12
total cost: -7.784456829479634
singles alt: [(4, 0), (5, 1), (6, 0), (7, 1), (8, 0), (9, 1), (10, 0), (11, 1), (4, 2), (5, 3), (6, 2), (7, 3), (8, 2), (9, 3), (10, 2), (11, 3)]
length: 16 76
Estimated difference between T3^fnT3 - (T2^WT3 + h.c.) is: -1.8010261592382531e-06 3.2436952262604937e-12
total cost: -7.7844568294796215
singles alt: [(4, 0), (5, 1), (6, 0), (7, 1), (8, 0), (9, 1), (10, 0), (11, 1), (4, 2), (5, 3), (6, 2), (7, 3), (8, 2), (9, 3), (10, 2), (11, 3)]
length: 16 76
Estimated difference between T3^fnT3 - (T2^WT3 + h.c.) is: -1.8010261589785522e-06 3.2436952253250372e-12
total cost: -7.784456829480656
singles alt: [(4, 0), (5, 1), (6, 0), (7, 1), (8, 0), (9, 1), (10, 0), (11, 1), (4, 2), (5, 3), (6, 2), (7, 3), (8, 2), (9, 3), (10, 2), (11, 3)]
length: 16 76
Estimated difference between T3^fnT3 - (T2^WT3 + h.c.) is: -1.8010261592520642e-06 3.2436952263102416e-12
total cost: -7.784456829479576
singles alt: [(4, 0), (5, 1), (6, 0), (7, 1), (8, 0), (9, 1), (10, 0), (11, 1), (4, 2), (5, 3), (6, 2), (7, 3), (8, 2), (9, 3), (10, 2), (11, 3)]
length: 16 76
Estimated difference between T3^fnT3 - (T2^WT3 + h.c.) is: -1.8010261592497586e-06 3.2436952263019367e-12
total cost: -7.78445682947957
singles alt: [(4, 0), (5, 1), (6, 0), (7, 1), (8, 0), (9, 1), (10, 0), (11, 1), (4, 2), (5, 3), (6, 2), (7, 3), (8, 2), (9, 3), (10, 2), (11, 3)]
length: 16 76
Estimated difference between T3^fnT3 - (T2^WT3 + h.c.) is: -1.8010261591990042e-06 3.243695226119117e-12
total cost: -7.784456829479627
singles alt: [(4, 0), (5, 1), (6, 0), (7, 1), (8, 0), (9, 1), (10, 0), (11, 1), (4, 2), (5, 3), (6, 2), (7, 3), (8, 2), (9, 3), (10, 2), (11, 3)]
length: 16 76
Estimated difference between T3^fnT3 - (T2^WT3 + h.c.) is: -1.8010262158171506e-06 3.2436954300606455e-12
total cost: -7.784456829478926
singles alt: [(4, 0), (5, 1), (6, 0), (7, 1), (8, 0), (9, 1), (10, 0), (11, 1), (4, 2), (5, 3), (6, 2), (7, 3), (8, 2), (9, 3), (10, 2), (11, 3)]
length: 16 76
Estimated difference between T3^fnT3 - (T2^WT3 + h.c.) is: -1.8010259377480323e-06 3.2436944284411792e-12
total cost: -7.784456829477672
singles alt: [(4, 0), (5, 1), (6, 0), (7, 1), (8, 0), (9, 1), (10, 0), (11, 1), (4, 2), (5, 3), (6, 2), (7, 3), (8, 2), (9, 3), (10, 2), (11, 3)]
length: 16 76
Estimated difference between T3^fnT3 - (T2^WT3 + h.c.) is: -1.801026115665229e-06 3.2436950693081827e-12
total cost: -7.784456829479212
singles alt: [(4, 0), (5, 1), (6, 0), (7, 1), (8, 0), (9, 1), (10, 0), (11, 1), (4, 2), (5, 3), (6, 2), (7, 3), (8, 2), (9, 3), (10, 2), (11, 3)]
length: 16 76
Estimated difference between T3^fnT3 - (T2^WT3 + h.c.) is: -1.8010259946877919e-06 3.24369463354115e-12
total cost: -7.784456829478566
singles alt: [(4, 0), (5, 1), (6, 0), (7, 1), (8, 0), (9, 1), (10, 0), (11, 1), (4, 2), (5, 3), (6, 2), (7, 3), (8, 2), (9, 3), (10, 2), (11, 3)]
length: 16 76
Estimated difference between T3^fnT3 - (T2^WT3 + h.c.) is: -1.8010261590798751e-06 3.2436952256900076e-12
total cost: -7.784456829480552
singles alt: [(4, 0), (5, 1), (6, 0), (7, 1), (8, 0), (9, 1), (10, 0), (11, 1), (4, 2), (5, 3), (6, 2), (7, 3), (8, 2), (9, 3), (10, 2), (11, 3)]
length: 16 76
Estimated difference between T3^fnT3 - (T2^WT3 + h.c.) is: -1.8010261592630403e-06 3.2436952263497783e-12
total cost: -7.784456829479564
singles alt: [(4, 0), (5, 1), (6, 0), (7, 1), (8, 0), (9, 1), (10, 0), (11, 1), (4, 2), (5, 3), (6, 2), (7, 3), (8, 2), (9, 3), (10, 2), (11, 3)]
length: 16 76
Estimated difference between T3^fnT3 - (T2^WT3 + h.c.) is: -1.8010261592346484e-06 3.2436952262475088e-12
total cost: -7.784456829479563
singles alt: [(4, 0), (5, 1), (6, 0), (7, 1), (8, 0), (9, 1), (10, 0), (11, 1), (4, 2), (5, 3), (6, 2), (7, 3), (8, 2), (9, 3), (10, 2), (11, 3)]
length: 16 76
Estimated difference between T3^fnT3 - (T2^WT3 + h.c.) is: -1.8010261592102066e-06 3.2436952261594686e-12
total cost: -7.784456829479629
singles alt: [(4, 0), (5, 1), (6, 0), (7, 1), (8, 0), (9, 1), (10, 0), (11, 1), (4, 2), (5, 3), (6, 2), (7, 3), (8, 2), (9, 3), (10, 2), (11, 3)]
length: 16 76
Estimated difference between T3^fnT3 - (T2^WT3 + h.c.) is: -1.8010263961403024e-06 3.2436960795941253e-12
total cost: -7.7844568294764915
singles alt: [(4, 0), (5, 1), (6, 0), (7, 1), (8, 0), (9, 1), (10, 0), (11, 1), (4, 2), (5, 3), (6, 2), (7, 3), (8, 2), (9, 3), (10, 2), (11, 3)]
length: 16 76
Estimated difference between T3^fnT3 - (T2^WT3 + h.c.) is: -1.801026484483844e-06 3.243696397812234e-12
total cost: -7.7844568294800425
singles alt: [(4, 0), (5, 1), (6, 0), (7, 1), (8, 0), (9, 1), (10, 0), (11, 1), (4, 2), (5, 3), (6, 2), (7, 3), (8, 2), (9, 3), (10, 2), (11, 3)]
length: 16 76
Estimated difference between T3^fnT3 - (T2^WT3 + h.c.) is: -1.8010264846322158e-06 3.243696398346677e-12
total cost: -7.78445682948002
singles alt: [(4, 0), (5, 1), (6, 0), (7, 1), (8, 0), (9, 1), (10, 0), (11, 1), (4, 2), (5, 3), (6, 2), (7, 3), (8, 2), (9, 3), (10, 2), (11, 3)]
length: 16 76
Estimated difference between T3^fnT3 - (T2^WT3 + h.c.) is: -1.801026348266449e-06 3.243695907149981e-12
total cost: -7.784456829478784
singles alt: [(4, 0), (5, 1), (6, 0), (7, 1), (8, 0), (9, 1), (10, 0), (11, 1), (4, 2), (5, 3), (6, 2), (7, 3), (8, 2), (9, 3), (10, 2), (11, 3)]
length: 16 76
Estimated difference between T3^fnT3 - (T2^WT3 + h.c.) is: -1.8010261591982296e-06 3.2436952261163264e-12
total cost: -7.784456829479824
singles alt: [(4, 0), (5, 1), (6, 0), (7, 1), (8, 0), (9, 1), (10, 0), (11, 1), (4, 2), (5, 3), (6, 2), (7, 3), (8, 2), (9, 3), (10, 2), (11, 3)]
length: 16 76
Estimated difference between T3^fnT3 - (T2^WT3 + h.c.) is: -1.8010261592282622e-06 3.2436952262245057e-12
total cost: -7.784456829479614
singles alt: [(4, 0), (5, 1), (6, 0), (7, 1), (8, 0), (9, 1), (10, 0), (11, 1), (4, 2), (5, 3), (6, 2), (7, 3), (8, 2), (9, 3), (10, 2), (11, 3)]
length: 16 76
Estimated difference between T3^fnT3 - (T2^WT3 + h.c.) is: -1.8010261592247391e-06 3.2436952262118152e-12
total cost: -7.7844568294796135
singles alt: [(4, 0), (5, 1), (6, 0), (7, 1), (8, 0), (9, 1), (10, 0), (11, 1), (4, 2), (5, 3), (6, 2), (7, 3), (8, 2), (9, 3), (10, 2), (11, 3)]
length: 16 76
Estimated difference between T3^fnT3 - (T2^WT3 + h.c.) is: -1.8010261592177966e-06 3.2436952261868084e-12
total cost: -7.784456829479623
singles alt: [(4, 0), (5, 1), (6, 0), (7, 1), (8, 0), (9, 1), (10, 0), (11, 1), (4, 2), (5, 3), (6, 2), (7, 3), (8, 2), (9, 3), (10, 2), (11, 3)]
length: 16 76
Estimated difference between T3^fnT3 - (T2^WT3 + h.c.) is: -1.8010261593728092e-06 3.2436952267451714e-12
total cost: -7.784456829471924
singles alt: [(4, 0), (5, 1), (6, 0), (7, 1), (8, 0), (9, 1), (10, 0), (11, 1), (4, 2), (5, 3), (6, 2), (7, 3), (8, 2), (9, 3), (10, 2), (11, 3)]
length: 16 76
Estimated difference between T3^fnT3 - (T2^WT3 + h.c.) is: -1.8010261591775147e-06 3.2436952260417105e-12
total cost: -7.784456829480032
singles alt: [(4, 0), (5, 1), (6, 0), (7, 1), (8, 0), (9, 1), (10, 0), (11, 1), (4, 2), (5, 3), (6, 2), (7, 3), (8, 2), (9, 3), (10, 2), (11, 3)]
length: 16 76
Estimated difference between T3^fnT3 - (T2^WT3 + h.c.) is: -1.801026159142075e-06 3.2436952259140552e-12
total cost: -7.784456829480029
singles alt: [(4, 0), (5, 1), (6, 0), (7, 1), (8, 0), (9, 1), (10, 0), (11, 1), (4, 2), (5, 3), (6, 2), (7, 3), (8, 2), (9, 3), (10, 2), (11, 3)]
length: 16 76
Estimated difference between T3^fnT3 - (T2^WT3 + h.c.) is: -1.8010261592691393e-06 3.2436952263717474e-12
total cost: -7.7844568294795735
singles alt: [(4, 0), (5, 1), (6, 0), (7, 1), (8, 0), (9, 1), (10, 0), (11, 1), (4, 2), (5, 3), (6, 2), (7, 3), (8, 2), (9, 3), (10, 2), (11, 3)]
length: 16 76
Estimated difference between T3^fnT3 - (T2^WT3 + h.c.) is: -1.8010261591345134e-06 3.2436952258868177e-12
total cost: -7.784456829480266
singles alt: [(4, 0), (5, 1), (6, 0), (7, 1), (8, 0), (9, 1), (10, 0), (11, 1), (4, 2), (5, 3), (6, 2), (7, 3), (8, 2), (9, 3), (10, 2), (11, 3)]
length: 16 76
Estimated difference between T3^fnT3 - (T2^WT3 + h.c.) is: -1.8010261592537515e-06 3.2436952263163195e-12
total cost: -7.784456829479579
singles alt: [(4, 0), (5, 1), (6, 0), (7, 1), (8, 0), (9, 1), (10, 0), (11, 1), (4, 2), (5, 3), (6, 2), (7, 3), (8, 2), (9, 3), (10, 2), (11, 3)]
length: 16 76
Estimated difference between T3^fnT3 - (T2^WT3 + h.c.) is: -1.8010261592242485e-06 3.243695226210048e-12
total cost: -7.784456829479581
singles alt: [(4, 0), (5, 1), (6, 0), (7, 1), (8, 0), (9, 1), (10, 0), (11, 1), (4, 2), (5, 3), (6, 2), (7, 3), (8, 2), (9, 3), (10, 2), (11, 3)]
length: 16 76
Estimated difference between T3^fnT3 - (T2^WT3 + h.c.) is: -1.8010261592154322e-06 3.243695226178291e-12
total cost: -7.784456829479626
singles alt: [(4, 0), (5, 1), (6, 0), (7, 1), (8, 0), (9, 1), (10, 0), (11, 1), (4, 2), (5, 3), (6, 2), (7, 3), (8, 2), (9, 3), (10, 2), (11, 3)]
length: 16 76
Estimated difference between T3^fnT3 - (T2^WT3 + h.c.) is: -1.8010261590184485e-06 3.2436952254687457e-12
total cost: -7.784456829480743
singles alt: [(4, 0), (5, 1), (6, 0), (7, 1), (8, 0), (9, 1), (10, 0), (11, 1), (4, 2), (5, 3), (6, 2), (7, 3), (8, 2), (9, 3), (10, 2), (11, 3)]
length: 16 76
Estimated difference between T3^fnT3 - (T2^WT3 + h.c.) is: -1.8010261592591988e-06 3.2436952263359408e-12
total cost: -7.784456829479565
singles alt: [(4, 0), (5, 1), (6, 0), (7, 1), (8, 0), (9, 1), (10, 0), (11, 1), (4, 2), (5, 3), (6, 2), (7, 3), (8, 2), (9, 3), (10, 2), (11, 3)]
length: 16 76
Estimated difference between T3^fnT3 - (T2^WT3 + h.c.) is: -1.801026159269202e-06 3.2436952263719732e-12
total cost: -7.784456829479559
singles alt: [(4, 0), (5, 1), (6, 0), (7, 1), (8, 0), (9, 1), (10, 0), (11, 1), (4, 2), (5, 3), (6, 2), (7, 3), (8, 2), (9, 3), (10, 2), (11, 3)]
length: 16 76
Estimated difference between T3^fnT3 - (T2^WT3 + h.c.) is: -1.8010261591950619e-06 3.2436952261049163e-12
total cost: -7.78445682947963
singles alt: [(4, 0), (5, 1), (6, 0), (7, 1), (8, 0), (9, 1), (10, 0), (11, 1), (4, 2), (5, 3), (6, 2), (7, 3), (8, 2), (9, 3), (10, 2), (11, 3)]
length: 16 76
Estimated difference between T3^fnT3 - (T2^WT3 + h.c.) is: -1.8010263958663046e-06 3.243696078607171e-12
total cost: -7.7844568294783505
singles alt: [(4, 0), (5, 1), (6, 0), (7, 1), (8, 0), (9, 1), (10, 0), (11, 1), (4, 2), (5, 3), (6, 2), (7, 3), (8, 2), (9, 3), (10, 2), (11, 3)]
length: 16 76
Estimated difference between T3^fnT3 - (T2^WT3 + h.c.) is: -1.801026484529712e-06 3.2436963979774533e-12
total cost: -7.7844568294801135
singles alt: [(4, 0), (5, 1), (6, 0), (7, 1), (8, 0), (9, 1), (10, 0), (11, 1), (4, 2), (5, 3), (6, 2), (7, 3), (8, 2), (9, 3), (10, 2), (11, 3)]
length: 16 76
Estimated difference between T3^fnT3 - (T2^WT3 + h.c.) is: -1.8010264846855875e-06 3.2436963985389247e-12
total cost: -7.784456829480088
singles alt: [(4, 0), (5, 1), (6, 0), (7, 1), (8, 0), (9, 1), (10, 0), (11, 1), (4, 2), (5, 3), (6, 2), (7, 3), (8, 2), (9, 3), (10, 2), (11, 3)]
length: 16 76
Estimated difference between T3^fnT3 - (T2^WT3 + h.c.) is: -1.8010263483059852e-06 3.243695907292392e-12
total cost: -7.784456829478794
singles alt: [(4, 0), (5, 1), (6, 0), (7, 1), (8, 0), (9, 1), (10, 0), (11, 1), (4, 2), (5, 3), (6, 2), (7, 3), (8, 2), (9, 3), (10, 2), (11, 3)]
length: 16 76
Estimated difference between T3^fnT3 - (T2^WT3 + h.c.) is: -1.8010261593402247e-06 3.2436952266278002e-12
total cost: -7.784456829473648
singles alt: [(4, 0), (5, 1), (6, 0), (7, 1), (8, 0), (9, 1), (10, 0), (11, 1), (4, 2), (5, 3), (6, 2), (7, 3), (8, 2), (9, 3), (10, 2), (11, 3)]
length: 16 76
Estimated difference between T3^fnT3 - (T2^WT3 + h.c.) is: -1.8010261591881374e-06 3.243695226079974e-12
total cost: -7.7844568294799386
singles alt: [(4, 0), (5, 1), (6, 0), (7, 1), (8, 0), (9, 1), (10, 0), (11, 1), (4, 2), (5, 3), (6, 2), (7, 3), (8, 2), (9, 3), (10, 2), (11, 3)]
length: 16 76
Estimated difference between T3^fnT3 - (T2^WT3 + h.c.) is: -1.8010261591595921e-06 3.2436952259771524e-12
total cost: -7.784456829479936
singles alt: [(4, 0), (5, 1), (6, 0), (7, 1), (8, 0), (9, 1), (10, 0), (11, 1), (4, 2), (5, 3), (6, 2), (7, 3), (8, 2), (9, 3), (10, 2), (11, 3)]
length: 16 76
Estimated difference between T3^fnT3 - (T2^WT3 + h.c.) is: -1.801026159257982e-06 3.243695226331558e-12
total cost: -7.784456829479585
singles alt: [(4, 0), (5, 1), (6, 0), (7, 1), (8, 0), (9, 1), (10, 0), (11, 1), (4, 2), (5, 3), (6, 2), (7, 3), (8, 2), (9, 3), (10, 2), (11, 3)]
length: 16 76
Estimated difference between T3^fnT3 - (T2^WT3 + h.c.) is: -1.8010262157483016e-06 3.243695429812648e-12
total cost: -7.784456829479497
singles alt: [(4, 0), (5, 1), (6, 0), (7, 1), (8, 0), (9, 1), (10, 0), (11, 1), (4, 2), (5, 3), (6, 2), (7, 3), (8, 2), (9, 3), (10, 2), (11, 3)]
length: 16 76
Estimated difference between T3^fnT3 - (T2^WT3 + h.c.) is: -1.8010261157138546e-06 3.2436950694833346e-12
total cost: -7.78445682947916
singles alt: [(4, 0), (5, 1), (6, 0), (7, 1), (8, 0), (9, 1), (10, 0), (11, 1), (4, 2), (5, 3), (6, 2), (7, 3), (8, 2), (9, 3), (10, 2), (11, 3)]
length: 16 76
Estimated difference between T3^fnT3 - (T2^WT3 + h.c.) is: -1.8010259372333567e-06 3.243694426587291e-12
total cost: -7.784456829478738
singles alt: [(4, 0), (5, 1), (6, 0), (7, 1), (8, 0), (9, 1), (10, 0), (11, 1), (4, 2), (5, 3), (6, 2), (7, 3), (8, 2), (9, 3), (10, 2), (11, 3)]
length: 16 76
Estimated difference between T3^fnT3 - (T2^WT3 + h.c.) is: -1.8010259943773492e-06 3.2436946324229194e-12
total cost: -7.784456829478606
singles alt: [(4, 0), (5, 1), (6, 0), (7, 1), (8, 0), (9, 1), (10, 0), (11, 1), (4, 2), (5, 3), (6, 2), (7, 3), (8, 2), (9, 3), (10, 2), (11, 3)]
length: 16 76
Estimated difference between T3^fnT3 - (T2^WT3 + h.c.) is: -1.8010261593099149e-06 3.243695226518623e-12
total cost: -7.7844568294756735
singles alt: [(4, 0), (5, 1), (6, 0), (7, 1), (8, 0), (9, 1), (10, 0), (11, 1), (4, 2), (5, 3), (6, 2), (7, 3), (8, 2), (9, 3), (10, 2), (11, 3)]
length: 16 76
Estimated difference between T3^fnT3 - (T2^WT3 + h.c.) is: -1.8010261591826892e-06 3.2436952260603495e-12
total cost: -7.784456829479825
singles alt: [(4, 0), (5, 1), (6, 0), (7, 1), (8, 0), (9, 1), (10, 0), (11, 1), (4, 2), (5, 3), (6, 2), (7, 3), (8, 2), (9, 3), (10, 2), (11, 3)]
length: 16 76
Estimated difference between T3^fnT3 - (T2^WT3 + h.c.) is: -1.8010261592010567e-06 3.2436952261265102e-12
total cost: -7.784456829479831
singles alt: [(4, 0), (5, 1), (6, 0), (7, 1), (8, 0), (9, 1), (10, 0), (11, 1), (4, 2), (5, 3), (6, 2), (7, 3), (8, 2), (9, 3), (10, 2), (11, 3)]
length: 16 76
Estimated difference between T3^fnT3 - (T2^WT3 + h.c.) is: -1.8010261592395298e-06 3.243695226265092e-12
total cost: -7.784456829479598
singles alt: [(4, 0), (5, 1), (6, 0), (7, 1), (8, 0), (9, 1), (10, 0), (11, 1), (4, 2), (5, 3), (6, 2), (7, 3), (8, 2), (9, 3), (10, 2), (11, 3)]
length: 16 76
Estimated difference between T3^fnT3 - (T2^WT3 + h.c.) is: -1.8010261592337257e-06 3.2436952262441855e-12
total cost: -7.784456829478483
singles alt: [(4, 0), (5, 1), (6, 0), (7, 1), (8, 0), (9, 1), (10, 0), (11, 1), (4, 2), (5, 3), (6, 2), (7, 3), (8, 2), (9, 3), (10, 2), (11, 3)]
length: 16 76
Estimated difference between T3^fnT3 - (T2^WT3 + h.c.) is: -1.8010261592138742e-06 3.2436952261726796e-12
total cost: -7.784456829479685
singles alt: [(4, 0), (5, 1), (6, 0), (7, 1), (8, 0), (9, 1), (10, 0), (11, 1), (4, 2), (5, 3), (6, 2), (7, 3), (8, 2), (9, 3), (10, 2), (11, 3)]
length: 16 76
Estimated difference between T3^fnT3 - (T2^WT3 + h.c.) is: -1.8010261592150072e-06 3.2436952261767602e-12
total cost: -7.784456829479678
singles alt: [(4, 0), (5, 1), (6, 0), (7, 1), (8, 0), (9, 1), (10, 0), (11, 1), (4, 2), (5, 3), (6, 2), (7, 3), (8, 2), (9, 3), (10, 2), (11, 3)]
length: 16 76
Estimated difference between T3^fnT3 - (T2^WT3 + h.c.) is: -1.8010261592361129e-06 3.243695226252784e-12
total cost: -7.784456829479619
singles alt: [(4, 0), (5, 1), (6, 0), (7, 1), (8, 0), (9, 1), (10, 0), (11, 1), (4, 2), (5, 3), (6, 2), (7, 3), (8, 2), (9, 3), (10, 2), (11, 3)]
length: 16 76
Estimated difference between T3^fnT3 - (T2^WT3 + h.c.) is: -1.801026390112539e-06 3.243696057881803e-12
total cost: -7.7844568294788035
singles alt: [(4, 0), (5, 1), (6, 0), (7, 1), (8, 0), (9, 1), (10, 0), (11, 1), (4, 2), (5, 3), (6, 2), (7, 3), (8, 2), (9, 3), (10, 2), (11, 3)]
length: 16 76
Estimated difference between T3^fnT3 - (T2^WT3 + h.c.) is: -1.801026223810723e-06 3.243695458853912e-12
total cost: -7.784456829477215
singles alt: [(4, 0), (5, 1), (6, 0), (7, 1), (8, 0), (9, 1), (10, 0), (11, 1), (4, 2), (5, 3), (6, 2), (7, 3), (8, 2), (9, 3), (10, 2), (11, 3)]
length: 16 76
Estimated difference between T3^fnT3 - (T2^WT3 + h.c.) is: -1.801026223840078e-06 3.243695458959651e-12
total cost: -7.784456829477183
singles alt: [(4, 0), (5, 1), (6, 0), (7, 1), (8, 0), (9, 1), (10, 0), (11, 1), (4, 2), (5, 3), (6, 2), (7, 3), (8, 2), (9, 3), (10, 2), (11, 3)]
length: 16 76
Estimated difference between T3^fnT3 - (T2^WT3 + h.c.) is: -1.8010262931833752e-06 3.243695708737849e-12
total cost: -7.784456829479559
singles alt: [(4, 0), (5, 1), (6, 0), (7, 1), (8, 0), (9, 1), (10, 0), (11, 1), (4, 2), (5, 3), (6, 2), (7, 3), (8, 2), (9, 3), (10, 2), (11, 3)]
length: 16 76
Estimated difference between T3^fnT3 - (T2^WT3 + h.c.) is: -1.8010261592056673e-06 3.2436952261431176e-12
total cost: -7.784456829479612
singles alt: [(4, 0), (5, 1), (6, 0), (7, 1), (8, 0), (9, 1), (10, 0), (11, 1), (4, 2), (5, 3), (6, 2), (7, 3), (8, 2), (9, 3), (10, 2), (11, 3)]
length: 16 76
Estimated difference between T3^fnT3 - (T2^WT3 + h.c.) is: -1.8010261592020888e-06 3.2436952261302277e-12
total cost: -7.784456829479621
singles alt: [(4, 0), (5, 1), (6, 0), (7, 1), (8, 0), (9, 1), (10, 0), (11, 1), (4, 2), (5, 3), (6, 2), (7, 3), (8, 2), (9, 3), (10, 2), (11, 3)]
length: 16 76
Estimated difference between T3^fnT3 - (T2^WT3 + h.c.) is: -1.8010261592165045e-06 3.243695226182154e-12
total cost: -7.784456829479616
singles alt: [(4, 0), (5, 1), (6, 0), (7, 1), (8, 0), (9, 1), (10, 0), (11, 1), (4, 2), (5, 3), (6, 2), (7, 3), (8, 2), (9, 3), (10, 2), (11, 3)]
length: 16 76
Estimated difference between T3^fnT3 - (T2^WT3 + h.c.) is: -1.8010261592172205e-06 3.2436952261847327e-12
total cost: -7.784456829479619
singles alt: [(4, 0), (5, 1), (6, 0), (7, 1), (8, 0), (9, 1), (10, 0), (11, 1), (4, 2), (5, 3), (6, 2), (7, 3), (8, 2), (9, 3), (10, 2), (11, 3)]
length: 16 76
Estimated difference between T3^fnT3 - (T2^WT3 + h.c.) is: -1.8010260228271026e-06 3.243694734900411e-12
total cost: -7.784456829478971
singles alt: [(4, 0), (5, 1), (6, 0), (7, 1), (8, 0), (9, 1), (10, 0), (11, 1), (4, 2), (5, 3), (6, 2), (7, 3), (8, 2), (9, 3), (10, 2), (11, 3)]
length: 16 76
Estimated difference between T3^fnT3 - (T2^WT3 + h.c.) is: -1.8010260232028987e-06 3.2436947362540485e-12
total cost: -7.784456829479432
singles alt: [(4, 0), (5, 1), (6, 0), (7, 1), (8, 0), (9, 1), (10, 0), (11, 1), (4, 2), (5, 3), (6, 2), (7, 3), (8, 2), (9, 3), (10, 2), (11, 3)]
length: 16 76
Estimated difference between T3^fnT3 - (T2^WT3 + h.c.) is: -1.801026159227546e-06 3.243695226221926e-12
total cost: -7.784456829479614
singles alt: [(4, 0), (5, 1), (6, 0), (7, 1), (8, 0), (9, 1), (10, 0), (11, 1), (4, 2), (5, 3), (6, 2), (7, 3), (8, 2), (9, 3), (10, 2), (11, 3)]
length: 16 76
Estimated difference between T3^fnT3 - (T2^WT3 + h.c.) is: -1.801026159244241e-06 3.243695226282062e-12
total cost: -7.784456829479614
singles alt: [(4, 0), (5, 1), (6, 0), (7, 1), (8, 0), (9, 1), (10, 0), (11, 1), (4, 2), (5, 3), (6, 2), (7, 3), (8, 2), (9, 3), (10, 2), (11, 3)]
length: 16 76
Estimated difference between T3^fnT3 - (T2^WT3 + h.c.) is: -1.8010261592372191e-06 3.243695226256769e-12
total cost: -7.78445682947963
singles alt: [(4, 0), (5, 1), (6, 0), (7, 1), (8, 0), (9, 1), (10, 0), (11, 1), (4, 2), (5, 3), (6, 2), (7, 3), (8, 2), (9, 3), (10, 2), (11, 3)]
length: 16 76
Estimated difference between T3^fnT3 - (T2^WT3 + h.c.) is: -1.8010261592351083e-06 3.2436952262491656e-12
total cost: -7.78445682947964
singles alt: [(4, 0), (5, 1), (6, 0), (7, 1), (8, 0), (9, 1), (10, 0), (11, 1), (4, 2), (5, 3), (6, 2), (7, 3), (8, 2), (9, 3), (10, 2), (11, 3)]
length: 16 76
Estimated difference between T3^fnT3 - (T2^WT3 + h.c.) is: -1.8010261592356131e-06 3.2436952262509843e-12
total cost: -7.784456829479615
singles alt: [(4, 0), (5, 1), (6, 0), (7, 1), (8, 0), (9, 1), (10, 0), (11, 1), (4, 2), (5, 3), (6, 2), (7, 3), (8, 2), (9, 3), (10, 2), (11, 3)]
length: 16 76
Estimated difference between T3^fnT3 - (T2^WT3 + h.c.) is: -1.8010261592285624e-06 3.2436952262255873e-12
total cost: -7.784456829479625
singles alt: [(4, 0), (5, 1), (6, 0), (7, 1), (8, 0), (9, 1), (10, 0), (11, 1), (4, 2), (5, 3), (6, 2), (7, 3), (8, 2), (9, 3), (10, 2), (11, 3)]
length: 16 76
Estimated difference between T3^fnT3 - (T2^WT3 + h.c.) is: -1.801026159222449e-06 3.243695226203566e-12
total cost: -7.784456829484181
singles alt: [(4, 0), (5, 1), (6, 0), (7, 1), (8, 0), (9, 1), (10, 0), (11, 1), (4, 2), (5, 3), (6, 2), (7, 3), (8, 2), (9, 3), (10, 2), (11, 3)]
length: 16 76
Estimated difference between T3^fnT3 - (T2^WT3 + h.c.) is: -1.801026159222449e-06 3.243695226203566e-12
total cost: -7.784456829484296
singles alt: [(4, 0), (5, 1), (6, 0), (7, 1), (8, 0), (9, 1), (10, 0), (11, 1), (4, 2), (5, 3), (6, 2), (7, 3), (8, 2), (9, 3), (10, 2), (11, 3)]
length: 16 76
Estimated difference between T3^fnT3 - (T2^WT3 + h.c.) is: -1.801026159222449e-06 3.243695226203566e-12
total cost: -7.784456829479728
singles alt: [(4, 0), (5, 1), (6, 0), (7, 1), (8, 0), (9, 1), (10, 0), (11, 1), (4, 2), (5, 3), (6, 2), (7, 3), (8, 2), (9, 3), (10, 2), (11, 3)]
length: 16 76
Estimated difference between T3^fnT3 - (T2^WT3 + h.c.) is: -1.801026159222449e-06 3.243695226203566e-12
total cost: -7.784456829479701
singles alt: [(4, 0), (5, 1), (6, 0), (7, 1), (8, 0), (9, 1), (10, 0), (11, 1), (4, 2), (5, 3), (6, 2), (7, 3), (8, 2), (9, 3), (10, 2), (11, 3)]
length: 16 76
Estimated difference between T3^fnT3 - (T2^WT3 + h.c.) is: -1.801026159222449e-06 3.243695226203566e-12
total cost: -7.7844568294797005
singles alt: [(4, 0), (5, 1), (6, 0), (7, 1), (8, 0), (9, 1), (10, 0), (11, 1), (4, 2), (5, 3), (6, 2), (7, 3), (8, 2), (9, 3), (10, 2), (11, 3)]
length: 16 76
Estimated difference between T3^fnT3 - (T2^WT3 + h.c.) is: -1.801026159222449e-06 3.243695226203566e-12
total cost: -7.784456829479601
singles alt: [(4, 0), (5, 1), (6, 0), (7, 1), (8, 0), (9, 1), (10, 0), (11, 1), (4, 2), (5, 3), (6, 2), (7, 3), (8, 2), (9, 3), (10, 2), (11, 3)]
length: 16 76
Estimated difference between T3^fnT3 - (T2^WT3 + h.c.) is: -1.801026159222449e-06 3.243695226203566e-12
total cost: -7.78445682947435
singles alt: [(4, 0), (5, 1), (6, 0), (7, 1), (8, 0), (9, 1), (10, 0), (11, 1), (4, 2), (5, 3), (6, 2), (7, 3), (8, 2), (9, 3), (10, 2), (11, 3)]
length: 16 76
Estimated difference between T3^fnT3 - (T2^WT3 + h.c.) is: -1.801026159222449e-06 3.243695226203566e-12
total cost: -7.784456829474425
singles alt: [(4, 0), (5, 1), (6, 0), (7, 1), (8, 0), (9, 1), (10, 0), (11, 1), (4, 2), (5, 3), (6, 2), (7, 3), (8, 2), (9, 3), (10, 2), (11, 3)]
length: 16 76
Estimated difference between T3^fnT3 - (T2^WT3 + h.c.) is: -1.801026159222449e-06 3.243695226203566e-12
total cost: -7.7844568294800816
singles alt: [(4, 0), (5, 1), (6, 0), (7, 1), (8, 0), (9, 1), (10, 0), (11, 1), (4, 2), (5, 3), (6, 2), (7, 3), (8, 2), (9, 3), (10, 2), (11, 3)]
length: 16 76
Estimated difference between T3^fnT3 - (T2^WT3 + h.c.) is: -1.801026159222449e-06 3.243695226203566e-12
total cost: -7.784456829480112
singles alt: [(4, 0), (5, 1), (6, 0), (7, 1), (8, 0), (9, 1), (10, 0), (11, 1), (4, 2), (5, 3), (6, 2), (7, 3), (8, 2), (9, 3), (10, 2), (11, 3)]
length: 16 76
Estimated difference between T3^fnT3 - (T2^WT3 + h.c.) is: -1.801026159222449e-06 3.243695226203566e-12
total cost: -7.7844568294796135
singles alt: [(4, 0), (5, 1), (6, 0), (7, 1), (8, 0), (9, 1), (10, 0), (11, 1), (4, 2), (5, 3), (6, 2), (7, 3), (8, 2), (9, 3), (10, 2), (11, 3)]
length: 16 76
Estimated difference between T3^fnT3 - (T2^WT3 + h.c.) is: -1.801026159222449e-06 3.243695226203566e-12
total cost: -7.784456829479615
singles alt: [(4, 0), (5, 1), (6, 0), (7, 1), (8, 0), (9, 1), (10, 0), (11, 1), (4, 2), (5, 3), (6, 2), (7, 3), (8, 2), (9, 3), (10, 2), (11, 3)]
length: 16 76
Estimated difference between T3^fnT3 - (T2^WT3 + h.c.) is: -1.801026159222449e-06 3.243695226203566e-12
total cost: -7.7844568294796135
singles alt: [(4, 0), (5, 1), (6, 0), (7, 1), (8, 0), (9, 1), (10, 0), (11, 1), (4, 2), (5, 3), (6, 2), (7, 3), (8, 2), (9, 3), (10, 2), (11, 3)]
length: 16 76
Estimated difference between T3^fnT3 - (T2^WT3 + h.c.) is: -1.801026159222449e-06 3.243695226203566e-12
total cost: -7.784456829479624
singles alt: [(4, 0), (5, 1), (6, 0), (7, 1), (8, 0), (9, 1), (10, 0), (11, 1), (4, 2), (5, 3), (6, 2), (7, 3), (8, 2), (9, 3), (10, 2), (11, 3)]
length: 16 76
Estimated difference between T3^fnT3 - (T2^WT3 + h.c.) is: -1.801026159222449e-06 3.243695226203566e-12
total cost: -7.784456829479887
singles alt: [(4, 0), (5, 1), (6, 0), (7, 1), (8, 0), (9, 1), (10, 0), (11, 1), (4, 2), (5, 3), (6, 2), (7, 3), (8, 2), (9, 3), (10, 2), (11, 3)]
length: 16 76
Estimated difference between T3^fnT3 - (T2^WT3 + h.c.) is: -1.801026159222449e-06 3.243695226203566e-12
total cost: -7.784456829479889
singles alt: [(4, 0), (5, 1), (6, 0), (7, 1), (8, 0), (9, 1), (10, 0), (11, 1), (4, 2), (5, 3), (6, 2), (7, 3), (8, 2), (9, 3), (10, 2), (11, 3)]
callback: energy=-7.784455028453
singles alt: [(4, 0), (5, 1), (6, 0), (7, 1), (8, 0), (9, 1), (10, 0), (11, 1), (4, 2), (5, 3), (6, 2), (7, 3), (8, 2), (9, 3), (10, 2), (11, 3)]
length: 16 76
Estimated difference between T3^fnT3 - (T2^WT3 + h.c.) is: -1.7998721553380843e-06 3.2395397755613612e-12
total cost: -7.7844568209026335
singles alt: [(4, 0), (5, 1), (6, 0), (7, 1), (8, 0), (9, 1), (10, 0), (11, 1), (4, 2), (5, 3), (6, 2), (7, 3), (8, 2), (9, 3), (10, 2), (11, 3)]
length: 16 76
Estimated difference between T3^fnT3 - (T2^WT3 + h.c.) is: -1.799872435640373e-06 3.2395407845780085e-12
total cost: -7.7844568209022
singles alt: [(4, 0), (5, 1), (6, 0), (7, 1), (8, 0), (9, 1), (10, 0), (11, 1), (4, 2), (5, 3), (6, 2), (7, 3), (8, 2), (9, 3), (10, 2), (11, 3)]
length: 16 76
Estimated difference between T3^fnT3 - (T2^WT3 + h.c.) is: -1.7998722496489106e-06 3.2395401150562302e-12
total cost: -7.784456820898926
singles alt: [(4, 0), (5, 1), (6, 0), (7, 1), (8, 0), (9, 1), (10, 0), (11, 1), (4, 2), (5, 3), (6, 2), (7, 3), (8, 2), (9, 3), (10, 2), (11, 3)]
length: 16 76
Estimated difference between T3^fnT3 - (T2^WT3 + h.c.) is: -1.7998722493875251e-06 3.2395401141153095e-12
total cost: -7.784456820899028
singles alt: [(4, 0), (5, 1), (6, 0), (7, 1), (8, 0), (9, 1), (10, 0), (11, 1), (4, 2), (5, 3), (6, 2), (7, 3), (8, 2), (9, 3), (10, 2), (11, 3)]
length: 16 76
Estimated difference between T3^fnT3 - (T2^WT3 + h.c.) is: -1.7998723079836597e-06 3.239540325046426e-12
total cost: -7.784456820902424
singles alt: [(4, 0), (5, 1), (6, 0), (7, 1), (8, 0), (9, 1), (10, 0), (11, 1), (4, 2), (5, 3), (6, 2), (7, 3), (8, 2), (9, 3), (10, 2), (11, 3)]
length: 16 76
Estimated difference between T3^fnT3 - (T2^WT3 + h.c.) is: -1.799872155204302e-06 3.239539775079779e-12
total cost: -7.7844568209028395
singles alt: [(4, 0), (5, 1), (6, 0), (7, 1), (8, 0), (9, 1), (10, 0), (11, 1), (4, 2), (5, 3), (6, 2), (7, 3), (8, 2), (9, 3), (10, 2), (11, 3)]
length: 16 76
Estimated difference between T3^fnT3 - (T2^WT3 + h.c.) is: -1.799872155392088e-06 3.2395397757557604e-12
total cost: -7.784456820902628
singles alt: [(4, 0), (5, 1), (6, 0), (7, 1), (8, 0), (9, 1), (10, 0), (11, 1), (4, 2), (5, 3), (6, 2), (7, 3), (8, 2), (9, 3), (10, 2), (11, 3)]
length: 16 76
Estimated difference between T3^fnT3 - (T2^WT3 + h.c.) is: -1.7998721553367835e-06 3.2395397755566784e-12
total cost: -7.784456820902626
singles alt: [(4, 0), (5, 1), (6, 0), (7, 1), (8, 0), (9, 1), (10, 0), (11, 1), (4, 2), (5, 3), (6, 2), (7, 3), (8, 2), (9, 3), (10, 2), (11, 3)]
length: 16 76
Estimated difference between T3^fnT3 - (T2^WT3 + h.c.) is: -1.7998721553239285e-06 3.239539775510404e-12
total cost: -7.784456820902633
singles alt: [(4, 0), (5, 1), (6, 0), (7, 1), (8, 0), (9, 1), (10, 0), (11, 1), (4, 2), (5, 3), (6, 2), (7, 3), (8, 2), (9, 3), (10, 2), (11, 3)]
length: 16 76
Estimated difference between T3^fnT3 - (T2^WT3 + h.c.) is: -1.7998721556175076e-06 3.2395397765672132e-12
total cost: -7.784456820901425
singles alt: [(4, 0), (5, 1), (6, 0), (7, 1), (8, 0), (9, 1), (10, 0), (11, 1), (4, 2), (5, 3), (6, 2), (7, 3), (8, 2), (9, 3), (10, 2), (11, 3)]
length: 16 76
Estimated difference between T3^fnT3 - (T2^WT3 + h.c.) is: -1.7998721552914552e-06 3.239539775393508e-12
total cost: -7.784456820902699
singles alt: [(4, 0), (5, 1), (6, 0), (7, 1), (8, 0), (9, 1), (10, 0), (11, 1), (4, 2), (5, 3), (6, 2), (7, 3), (8, 2), (9, 3), (10, 2), (11, 3)]
length: 16 76
Estimated difference between T3^fnT3 - (T2^WT3 + h.c.) is: -1.7998721553021602e-06 3.2395397754320436e-12
total cost: -7.784456820902701
singles alt: [(4, 0), (5, 1), (6, 0), (7, 1), (8, 0), (9, 1), (10, 0), (11, 1), (4, 2), (5, 3), (6, 2), (7, 3), (8, 2), (9, 3), (10, 2), (11, 3)]
length: 16 76
Estimated difference between T3^fnT3 - (T2^WT3 + h.c.) is: -1.799872155365348e-06 3.2395397756595033e-12
total cost: -7.784456820902626
singles alt: [(4, 0), (5, 1), (6, 0), (7, 1), (8, 0), (9, 1), (10, 0), (11, 1), (4, 2), (5, 3), (6, 2), (7, 3), (8, 2), (9, 3), (10, 2), (11, 3)]
length: 16 76
Estimated difference between T3^fnT3 - (T2^WT3 + h.c.) is: -1.7998722120998096e-06 3.239539979889062e-12
total cost: -7.784456820902575
singles alt: [(4, 0), (5, 1), (6, 0), (7, 1), (8, 0), (9, 1), (10, 0), (11, 1), (4, 2), (5, 3), (6, 2), (7, 3), (8, 2), (9, 3), (10, 2), (11, 3)]
length: 16 76
Estimated difference between T3^fnT3 - (T2^WT3 + h.c.) is: -1.7998719331930664e-06 3.239538975896146e-12
total cost: -7.784456820901391
singles alt: [(4, 0), (5, 1), (6, 0), (7, 1), (8, 0), (9, 1), (10, 0), (11, 1), (4, 2), (5, 3), (6, 2), (7, 3), (8, 2), (9, 3), (10, 2), (11, 3)]
length: 16 76
Estimated difference between T3^fnT3 - (T2^WT3 + h.c.) is: -1.799872112354927e-06 3.2395396208329875e-12
total cost: -7.784456820901337
singles alt: [(4, 0), (5, 1), (6, 0), (7, 1), (8, 0), (9, 1), (10, 0), (11, 1), (4, 2), (5, 3), (6, 2), (7, 3), (8, 2), (9, 3), (10, 2), (11, 3)]
length: 16 76
Estimated difference between T3^fnT3 - (T2^WT3 + h.c.) is: -1.7998719906542738e-06 3.2395391827417785e-12
total cost: -7.784456820902539
singles alt: [(4, 0), (5, 1), (6, 0), (7, 1), (8, 0), (9, 1), (10, 0), (11, 1), (4, 2), (5, 3), (6, 2), (7, 3), (8, 2), (9, 3), (10, 2), (11, 3)]
length: 16 76
Estimated difference between T3^fnT3 - (T2^WT3 + h.c.) is: -1.7998721554930543e-06 3.2395397761192134e-12
total cost: -7.784456820901455
singles alt: [(4, 0), (5, 1), (6, 0), (7, 1), (8, 0), (9, 1), (10, 0), (11, 1), (4, 2), (5, 3), (6, 2), (7, 3), (8, 2), (9, 3), (10, 2), (11, 3)]
length: 16 76
Estimated difference between T3^fnT3 - (T2^WT3 + h.c.) is: -1.7998721552835733e-06 3.2395397753651352e-12
total cost: -7.784456820902714
singles alt: [(4, 0), (5, 1), (6, 0), (7, 1), (8, 0), (9, 1), (10, 0), (11, 1), (4, 2), (5, 3), (6, 2), (7, 3), (8, 2), (9, 3), (10, 2), (11, 3)]
length: 16 76
Estimated difference between T3^fnT3 - (T2^WT3 + h.c.) is: -1.7998721553431608e-06 3.239539775579635e-12
total cost: -7.784456820902716
singles alt: [(4, 0), (5, 1), (6, 0), (7, 1), (8, 0), (9, 1), (10, 0), (11, 1), (4, 2), (5, 3), (6, 2), (7, 3), (8, 2), (9, 3), (10, 2), (11, 3)]
length: 16 76
Estimated difference between T3^fnT3 - (T2^WT3 + h.c.) is: -1.7998721553505325e-06 3.2395397756061715e-12
total cost: -7.784456820902626
singles alt: [(4, 0), (5, 1), (6, 0), (7, 1), (8, 0), (9, 1), (10, 0), (11, 1), (4, 2), (5, 3), (6, 2), (7, 3), (8, 2), (9, 3), (10, 2), (11, 3)]
length: 16 76
Estimated difference between T3^fnT3 - (T2^WT3 + h.c.) is: -1.7998723913568563e-06 3.2395406251686484e-12
total cost: -7.784456820903699
singles alt: [(4, 0), (5, 1), (6, 0), (7, 1), (8, 0), (9, 1), (10, 0), (11, 1), (4, 2), (5, 3), (6, 2), (7, 3), (8, 2), (9, 3), (10, 2), (11, 3)]
length: 16 76
Estimated difference between T3^fnT3 - (T2^WT3 + h.c.) is: -1.7998724792277669e-06 3.239540941481508e-12
total cost: -7.784456820904093
singles alt: [(4, 0), (5, 1), (6, 0), (7, 1), (8, 0), (9, 1), (10, 0), (11, 1), (4, 2), (5, 3), (6, 2), (7, 3), (8, 2), (9, 3), (10, 2), (11, 3)]
length: 16 76
Estimated difference between T3^fnT3 - (T2^WT3 + h.c.) is: -1.7998724794316943e-06 3.2395409422155946e-12
total cost: -7.784456820904042
singles alt: [(4, 0), (5, 1), (6, 0), (7, 1), (8, 0), (9, 1), (10, 0), (11, 1), (4, 2), (5, 3), (6, 2), (7, 3), (8, 2), (9, 3), (10, 2), (11, 3)]
length: 16 76
Estimated difference between T3^fnT3 - (T2^WT3 + h.c.) is: -1.799872344073334e-06 3.239540454960038e-12
total cost: -7.784456820902645
singles alt: [(4, 0), (5, 1), (6, 0), (7, 1), (8, 0), (9, 1), (10, 0), (11, 1), (4, 2), (5, 3), (6, 2), (7, 3), (8, 2), (9, 3), (10, 2), (11, 3)]
length: 16 76
Estimated difference between T3^fnT3 - (T2^WT3 + h.c.) is: -1.7998721553695446e-06 3.2395397756746102e-12
total cost: -7.784456820902394
singles alt: [(4, 0), (5, 1), (6, 0), (7, 1), (8, 0), (9, 1), (10, 0), (11, 1), (4, 2), (5, 3), (6, 2), (7, 3), (8, 2), (9, 3), (10, 2), (11, 3)]
length: 16 76
Estimated difference between T3^fnT3 - (T2^WT3 + h.c.) is: -1.799872155334343e-06 3.2395397755478933e-12
total cost: -7.784456820902646
singles alt: [(4, 0), (5, 1), (6, 0), (7, 1), (8, 0), (9, 1), (10, 0), (11, 1), (4, 2), (5, 3), (6, 2), (7, 3), (8, 2), (9, 3), (10, 2), (11, 3)]
length: 16 76
Estimated difference between T3^fnT3 - (T2^WT3 + h.c.) is: -1.7998721553268669e-06 3.2395397755209812e-12
total cost: -7.784456820902649
singles alt: [(4, 0), (5, 1), (6, 0), (7, 1), (8, 0), (9, 1), (10, 0), (11, 1), (4, 2), (5, 3), (6, 2), (7, 3), (8, 2), (9, 3), (10, 2), (11, 3)]
length: 16 76
Estimated difference between T3^fnT3 - (T2^WT3 + h.c.) is: -1.7998721553440133e-06 3.239539775582704e-12
total cost: -7.784456820902633
singles alt: [(4, 0), (5, 1), (6, 0), (7, 1), (8, 0), (9, 1), (10, 0), (11, 1), (4, 2), (5, 3), (6, 2), (7, 3), (8, 2), (9, 3), (10, 2), (11, 3)]
length: 16 76
Estimated difference between T3^fnT3 - (T2^WT3 + h.c.) is: -1.7998721551033717e-06 3.2395397747164556e-12
total cost: -7.78445682091451
singles alt: [(4, 0), (5, 1), (6, 0), (7, 1), (8, 0), (9, 1), (10, 0), (11, 1), (4, 2), (5, 3), (6, 2), (7, 3), (8, 2), (9, 3), (10, 2), (11, 3)]
length: 16 76
Estimated difference between T3^fnT3 - (T2^WT3 + h.c.) is: -1.7998721554127204e-06 3.239539775830032e-12
total cost: -7.784456820901986
singles alt: [(4, 0), (5, 1), (6, 0), (7, 1), (8, 0), (9, 1), (10, 0), (11, 1), (4, 2), (5, 3), (6, 2), (7, 3), (8, 2), (9, 3), (10, 2), (11, 3)]
length: 16 76
Estimated difference between T3^fnT3 - (T2^WT3 + h.c.) is: -1.7998721554701774e-06 3.2395397760368624e-12
total cost: -7.784456820902014
singles alt: [(4, 0), (5, 1), (6, 0), (7, 1), (8, 0), (9, 1), (10, 0), (11, 1), (4, 2), (5, 3), (6, 2), (7, 3), (8, 2), (9, 3), (10, 2), (11, 3)]
length: 16 76
Estimated difference between T3^fnT3 - (T2^WT3 + h.c.) is: -1.7998721552683271e-06 3.239539775310253e-12
total cost: -7.78445682090271
singles alt: [(4, 0), (5, 1), (6, 0), (7, 1), (8, 0), (9, 1), (10, 0), (11, 1), (4, 2), (5, 3), (6, 2), (7, 3), (8, 2), (9, 3), (10, 2), (11, 3)]
length: 16 76
Estimated difference between T3^fnT3 - (T2^WT3 + h.c.) is: -1.7998721554453922e-06 3.239539775947642e-12
total cost: -7.784456820901768
singles alt: [(4, 0), (5, 1), (6, 0), (7, 1), (8, 0), (9, 1), (10, 0), (11, 1), (4, 2), (5, 3), (6, 2), (7, 3), (8, 2), (9, 3), (10, 2), (11, 3)]
length: 16 76
Estimated difference between T3^fnT3 - (T2^WT3 + h.c.) is: -1.7998721553003416e-06 3.239539775425497e-12
total cost: -7.7844568209026885
singles alt: [(4, 0), (5, 1), (6, 0), (7, 1), (8, 0), (9, 1), (10, 0), (11, 1), (4, 2), (5, 3), (6, 2), (7, 3), (8, 2), (9, 3), (10, 2), (11, 3)]
length: 16 76
Estimated difference between T3^fnT3 - (T2^WT3 + h.c.) is: -1.7998721553413414e-06 3.2395397755730855e-12
total cost: -7.7844568209026965
singles alt: [(4, 0), (5, 1), (6, 0), (7, 1), (8, 0), (9, 1), (10, 0), (11, 1), (4, 2), (5, 3), (6, 2), (7, 3), (8, 2), (9, 3), (10, 2), (11, 3)]
length: 16 76
Estimated difference between T3^fnT3 - (T2^WT3 + h.c.) is: -1.7998721553460907e-06 3.239539775590182e-12
total cost: -7.784456820902631
singles alt: [(4, 0), (5, 1), (6, 0), (7, 1), (8, 0), (9, 1), (10, 0), (11, 1), (4, 2), (5, 3), (6, 2), (7, 3), (8, 2), (9, 3), (10, 2), (11, 3)]
length: 16 76
Estimated difference between T3^fnT3 - (T2^WT3 + h.c.) is: -1.7998721555674066e-06 3.239539776386863e-12
total cost: -7.784456820901382
singles alt: [(4, 0), (5, 1), (6, 0), (7, 1), (8, 0), (9, 1), (10, 0), (11, 1), (4, 2), (5, 3), (6, 2), (7, 3), (8, 2), (9, 3), (10, 2), (11, 3)]
length: 16 76
Estimated difference between T3^fnT3 - (T2^WT3 + h.c.) is: -1.799872155306432e-06 3.2395397754474207e-12
total cost: -7.784456820902689
singles alt: [(4, 0), (5, 1), (6, 0), (7, 1), (8, 0), (9, 1), (10, 0), (11, 1), (4, 2), (5, 3), (6, 2), (7, 3), (8, 2), (9, 3), (10, 2), (11, 3)]
length: 16 76
Estimated difference between T3^fnT3 - (T2^WT3 + h.c.) is: -1.7998721553189888e-06 3.239539775492622e-12
total cost: -7.784456820902684
singles alt: [(4, 0), (5, 1), (6, 0), (7, 1), (8, 0), (9, 1), (10, 0), (11, 1), (4, 2), (5, 3), (6, 2), (7, 3), (8, 2), (9, 3), (10, 2), (11, 3)]
length: 16 76
Estimated difference between T3^fnT3 - (T2^WT3 + h.c.) is: -1.7998721553693017e-06 3.239539775673736e-12
total cost: -7.784456820902622
singles alt: [(4, 0), (5, 1), (6, 0), (7, 1), (8, 0), (9, 1), (10, 0), (11, 1), (4, 2), (5, 3), (6, 2), (7, 3), (8, 2), (9, 3), (10, 2), (11, 3)]
length: 16 76
Estimated difference between T3^fnT3 - (T2^WT3 + h.c.) is: -1.7998723917616489e-06 3.2395406266257986e-12
total cost: -7.784456820901627
singles alt: [(4, 0), (5, 1), (6, 0), (7, 1), (8, 0), (9, 1), (10, 0), (11, 1), (4, 2), (5, 3), (6, 2), (7, 3), (8, 2), (9, 3), (10, 2), (11, 3)]
length: 16 76
Estimated difference between T3^fnT3 - (T2^WT3 + h.c.) is: -1.7998724791060675e-06 3.2395409410434215e-12
total cost: -7.784456820904393
singles alt: [(4, 0), (5, 1), (6, 0), (7, 1), (8, 0), (9, 1), (10, 0), (11, 1), (4, 2), (5, 3), (6, 2), (7, 3), (8, 2), (9, 3), (10, 2), (11, 3)]
length: 16 76
Estimated difference between T3^fnT3 - (T2^WT3 + h.c.) is: -1.7998724793187767e-06 3.2395409418091205e-12
total cost: -7.784456820904341
singles alt: [(4, 0), (5, 1), (6, 0), (7, 1), (8, 0), (9, 1), (10, 0), (11, 1), (4, 2), (5, 3), (6, 2), (7, 3), (8, 2), (9, 3), (10, 2), (11, 3)]
length: 16 76
Estimated difference between T3^fnT3 - (T2^WT3 + h.c.) is: -1.7998723442070504e-06 3.2395404554413827e-12
total cost: -7.784456820902646
singles alt: [(4, 0), (5, 1), (6, 0), (7, 1), (8, 0), (9, 1), (10, 0), (11, 1), (4, 2), (5, 3), (6, 2), (7, 3), (8, 2), (9, 3), (10, 2), (11, 3)]
length: 16 76
Estimated difference between T3^fnT3 - (T2^WT3 + h.c.) is: -1.7998721551553046e-06 3.239539774903401e-12
total cost: -7.7844568209118465
singles alt: [(4, 0), (5, 1), (6, 0), (7, 1), (8, 0), (9, 1), (10, 0), (11, 1), (4, 2), (5, 3), (6, 2), (7, 3), (8, 2), (9, 3), (10, 2), (11, 3)]
length: 16 76
Estimated difference between T3^fnT3 - (T2^WT3 + h.c.) is: -1.7998721553964055e-06 3.2395397757713023e-12
total cost: -7.7844568209021245
singles alt: [(4, 0), (5, 1), (6, 0), (7, 1), (8, 0), (9, 1), (10, 0), (11, 1), (4, 2), (5, 3), (6, 2), (7, 3), (8, 2), (9, 3), (10, 2), (11, 3)]
length: 16 76
Estimated difference between T3^fnT3 - (T2^WT3 + h.c.) is: -1.7998721554426207e-06 3.2395397759376654e-12
total cost: -7.784456820902143
singles alt: [(4, 0), (5, 1), (6, 0), (7, 1), (8, 0), (9, 1), (10, 0), (11, 1), (4, 2), (5, 3), (6, 2), (7, 3), (8, 2), (9, 3), (10, 2), (11, 3)]
length: 16 76
Estimated difference between T3^fnT3 - (T2^WT3 + h.c.) is: -1.7998721552842763e-06 3.239539775367666e-12
total cost: -7.784456820902694
singles alt: [(4, 0), (5, 1), (6, 0), (7, 1), (8, 0), (9, 1), (10, 0), (11, 1), (4, 2), (5, 3), (6, 2), (7, 3), (8, 2), (9, 3), (10, 2), (11, 3)]
length: 16 76
Estimated difference between T3^fnT3 - (T2^WT3 + h.c.) is: -1.7998722120527756e-06 3.2395399797197513e-12
total cost: -7.784456820901901
singles alt: [(4, 0), (5, 1), (6, 0), (7, 1), (8, 0), (9, 1), (10, 0), (11, 1), (4, 2), (5, 3), (6, 2), (7, 3), (8, 2), (9, 3), (10, 2), (11, 3)]
length: 16 76
Estimated difference between T3^fnT3 - (T2^WT3 + h.c.) is: -1.7998721124447545e-06 3.2395396211563433e-12
total cost: -7.784456820901308
singles alt: [(4, 0), (5, 1), (6, 0), (7, 1), (8, 0), (9, 1), (10, 0), (11, 1), (4, 2), (5, 3), (6, 2), (7, 3), (8, 2), (9, 3), (10, 2), (11, 3)]
length: 16 76
Estimated difference between T3^fnT3 - (T2^WT3 + h.c.) is: -1.7998719325921795e-06 3.2395389737331074e-12
total cost: -7.784456820902868
singles alt: [(4, 0), (5, 1), (6, 0), (7, 1), (8, 0), (9, 1), (10, 0), (11, 1), (4, 2), (5, 3), (6, 2), (7, 3), (8, 2), (9, 3), (10, 2), (11, 3)]
length: 16 76
Estimated difference between T3^fnT3 - (T2^WT3 + h.c.) is: -1.7998719903498138e-06 3.2395391816458e-12
total cost: -7.784456820902549
singles alt: [(4, 0), (5, 1), (6, 0), (7, 1), (8, 0), (9, 1), (10, 0), (11, 1), (4, 2), (5, 3), (6, 2), (7, 3), (8, 2), (9, 3), (10, 2), (11, 3)]
length: 16 76
Estimated difference between T3^fnT3 - (T2^WT3 + h.c.) is: -1.799872155206426e-06 3.2395397750874247e-12
total cost: -7.7844568209088
singles alt: [(4, 0), (5, 1), (6, 0), (7, 1), (8, 0), (9, 1), (10, 0), (11, 1), (4, 2), (5, 3), (6, 2), (7, 3), (8, 2), (9, 3), (10, 2), (11, 3)]
length: 16 76
Estimated difference between T3^fnT3 - (T2^WT3 + h.c.) is: -1.799872155416979e-06 3.239539775845362e-12
total cost: -7.784456820902305
singles alt: [(4, 0), (5, 1), (6, 0), (7, 1), (8, 0), (9, 1), (10, 0), (11, 1), (4, 2), (5, 3), (6, 2), (7, 3), (8, 2), (9, 3), (10, 2), (11, 3)]
length: 16 76
Estimated difference between T3^fnT3 - (T2^WT3 + h.c.) is: -1.7998721553750673e-06 3.2395397756944904e-12
total cost: -7.784456820902296
singles alt: [(4, 0), (5, 1), (6, 0), (7, 1), (8, 0), (9, 1), (10, 0), (11, 1), (4, 2), (5, 3), (6, 2), (7, 3), (8, 2), (9, 3), (10, 2), (11, 3)]
length: 16 76
Estimated difference between T3^fnT3 - (T2^WT3 + h.c.) is: -1.7998721553088062e-06 3.2395397754559676e-12
total cost: -7.784456820902669
singles alt: [(4, 0), (5, 1), (6, 0), (7, 1), (8, 0), (9, 1), (10, 0), (11, 1), (4, 2), (5, 3), (6, 2), (7, 3), (8, 2), (9, 3), (10, 2), (11, 3)]
length: 16 76
Estimated difference between T3^fnT3 - (T2^WT3 + h.c.) is: -1.7998721553143087e-06 3.239539775475775e-12
total cost: -7.784456820904487
singles alt: [(4, 0), (5, 1), (6, 0), (7, 1), (8, 0), (9, 1), (10, 0), (11, 1), (4, 2), (5, 3), (6, 2), (7, 3), (8, 2), (9, 3), (10, 2), (11, 3)]
length: 16 76
Estimated difference between T3^fnT3 - (T2^WT3 + h.c.) is: -1.7998721553513931e-06 3.2395397756092694e-12
total cost: -7.784456820902533
singles alt: [(4, 0), (5, 1), (6, 0), (7, 1), (8, 0), (9, 1), (10, 0), (11, 1), (4, 2), (5, 3), (6, 2), (7, 3), (8, 2), (9, 3), (10, 2), (11, 3)]
length: 16 76
Estimated difference between T3^fnT3 - (T2^WT3 + h.c.) is: -1.7998721553496893e-06 3.2395397756031363e-12
total cost: -7.784456820902538
singles alt: [(4, 0), (5, 1), (6, 0), (7, 1), (8, 0), (9, 1), (10, 0), (11, 1), (4, 2), (5, 3), (6, 2), (7, 3), (8, 2), (9, 3), (10, 2), (11, 3)]
length: 16 76
Estimated difference between T3^fnT3 - (T2^WT3 + h.c.) is: -1.7998721553198602e-06 3.239539775495759e-12
total cost: -7.784456820902641
singles alt: [(4, 0), (5, 1), (6, 0), (7, 1), (8, 0), (9, 1), (10, 0), (11, 1), (4, 2), (5, 3), (6, 2), (7, 3), (8, 2), (9, 3), (10, 2), (11, 3)]
length: 16 76
Estimated difference between T3^fnT3 - (T2^WT3 + h.c.) is: -1.799872386086731e-06 3.2395406061975426e-12
total cost: -7.78445682090231
singles alt: [(4, 0), (5, 1), (6, 0), (7, 1), (8, 0), (9, 1), (10, 0), (11, 1), (4, 2), (5, 3), (6, 2), (7, 3), (8, 2), (9, 3), (10, 2), (11, 3)]
length: 16 76
Estimated difference between T3^fnT3 - (T2^WT3 + h.c.) is: -1.7998722190672487e-06 3.2395400049700624e-12
total cost: -7.784456820901649
singles alt: [(4, 0), (5, 1), (6, 0), (7, 1), (8, 0), (9, 1), (10, 0), (11, 1), (4, 2), (5, 3), (6, 2), (7, 3), (8, 2), (9, 3), (10, 2), (11, 3)]
length: 16 76
Estimated difference between T3^fnT3 - (T2^WT3 + h.c.) is: -1.7998722191286775e-06 3.2395400051911898e-12
total cost: -7.784456820901597
singles alt: [(4, 0), (5, 1), (6, 0), (7, 1), (8, 0), (9, 1), (10, 0), (11, 1), (4, 2), (5, 3), (6, 2), (7, 3), (8, 2), (9, 3), (10, 2), (11, 3)]
length: 16 76
Estimated difference between T3^fnT3 - (T2^WT3 + h.c.) is: -1.7998722892614813e-06 3.2395402576513652e-12
total cost: -7.784456820902471
singles alt: [(4, 0), (5, 1), (6, 0), (7, 1), (8, 0), (9, 1), (10, 0), (11, 1), (4, 2), (5, 3), (6, 2), (7, 3), (8, 2), (9, 3), (10, 2), (11, 3)]
length: 16 76
Estimated difference between T3^fnT3 - (T2^WT3 + h.c.) is: -1.7998721553973802e-06 3.2395397757748114e-12
total cost: -7.7844568209026335
singles alt: [(4, 0), (5, 1), (6, 0), (7, 1), (8, 0), (9, 1), (10, 0), (11, 1), (4, 2), (5, 3), (6, 2), (7, 3), (8, 2), (9, 3), (10, 2), (11, 3)]
length: 16 76
Estimated difference between T3^fnT3 - (T2^WT3 + h.c.) is: -1.7998721554142353e-06 3.239539775835485e-12
total cost: -7.78445682090262
singles alt: [(4, 0), (5, 1), (6, 0), (7, 1), (8, 0), (9, 1), (10, 0), (11, 1), (4, 2), (5, 3), (6, 2), (7, 3), (8, 2), (9, 3), (10, 2), (11, 3)]
length: 16 76
Estimated difference between T3^fnT3 - (T2^WT3 + h.c.) is: -1.799872155377355e-06 3.239539775702726e-12
total cost: -7.784456820902626
singles alt: [(4, 0), (5, 1), (6, 0), (7, 1), (8, 0), (9, 1), (10, 0), (11, 1), (4, 2), (5, 3), (6, 2), (7, 3), (8, 2), (9, 3), (10, 2), (11, 3)]
length: 16 76
Estimated difference between T3^fnT3 - (T2^WT3 + h.c.) is: -1.7998721553534482e-06 3.2395397756166672e-12
total cost: -7.784456820902632
singles alt: [(4, 0), (5, 1), (6, 0), (7, 1), (8, 0), (9, 1), (10, 0), (11, 1), (4, 2), (5, 3), (6, 2), (7, 3), (8, 2), (9, 3), (10, 2), (11, 3)]
length: 16 76
Estimated difference between T3^fnT3 - (T2^WT3 + h.c.) is: -1.7998720175562882e-06 3.2395392795821433e-12
total cost: -7.784456820903623
singles alt: [(4, 0), (5, 1), (6, 0), (7, 1), (8, 0), (9, 1), (10, 0), (11, 1), (4, 2), (5, 3), (6, 2), (7, 3), (8, 2), (9, 3), (10, 2), (11, 3)]
length: 16 76
Estimated difference between T3^fnT3 - (T2^WT3 + h.c.) is: -1.7998720179619698e-06 3.239539281042493e-12
total cost: -7.78445682090427
singles alt: [(4, 0), (5, 1), (6, 0), (7, 1), (8, 0), (9, 1), (10, 0), (11, 1), (4, 2), (5, 3), (6, 2), (7, 3), (8, 2), (9, 3), (10, 2), (11, 3)]
length: 16 76
Estimated difference between T3^fnT3 - (T2^WT3 + h.c.) is: -1.7998721553563957e-06 3.2395397756272776e-12
total cost: -7.7844568209026255
singles alt: [(4, 0), (5, 1), (6, 0), (7, 1), (8, 0), (9, 1), (10, 0), (11, 1), (4, 2), (5, 3), (6, 2), (7, 3), (8, 2), (9, 3), (10, 2), (11, 3)]
length: 16 76
Estimated difference between T3^fnT3 - (T2^WT3 + h.c.) is: -1.7998721553594442e-06 3.239539775638251e-12
total cost: -7.784456820902617
singles alt: [(4, 0), (5, 1), (6, 0), (7, 1), (8, 0), (9, 1), (10, 0), (11, 1), (4, 2), (5, 3), (6, 2), (7, 3), (8, 2), (9, 3), (10, 2), (11, 3)]
length: 16 76
Estimated difference between T3^fnT3 - (T2^WT3 + h.c.) is: -1.7998721553058547e-06 3.2395397754453427e-12
total cost: -7.7844568209026335
singles alt: [(4, 0), (5, 1), (6, 0), (7, 1), (8, 0), (9, 1), (10, 0), (11, 1), (4, 2), (5, 3), (6, 2), (7, 3), (8, 2), (9, 3), (10, 2), (11, 3)]
length: 16 76
Estimated difference between T3^fnT3 - (T2^WT3 + h.c.) is: -1.7998721553062873e-06 3.2395397754469e-12
total cost: -7.784456820902614
singles alt: [(4, 0), (5, 1), (6, 0), (7, 1), (8, 0), (9, 1), (10, 0), (11, 1), (4, 2), (5, 3), (6, 2), (7, 3), (8, 2), (9, 3), (10, 2), (11, 3)]
length: 16 76
Estimated difference between T3^fnT3 - (T2^WT3 + h.c.) is: -1.79987215531928e-06 3.23953977549367e-12
total cost: -7.784456820902627
singles alt: [(4, 0), (5, 1), (6, 0), (7, 1), (8, 0), (9, 1), (10, 0), (11, 1), (4, 2), (5, 3), (6, 2), (7, 3), (8, 2), (9, 3), (10, 2), (11, 3)]
length: 16 76
Estimated difference between T3^fnT3 - (T2^WT3 + h.c.) is: -1.7998721553392213e-06 3.239539775565454e-12
total cost: -7.784456820902599
singles alt: [(4, 0), (5, 1), (6, 0), (7, 1), (8, 0), (9, 1), (10, 0), (11, 1), (4, 2), (5, 3), (6, 2), (7, 3), (8, 2), (9, 3), (10, 2), (11, 3)]
length: 16 76
Estimated difference between T3^fnT3 - (T2^WT3 + h.c.) is: -1.7998721553380843e-06 3.2395397755613612e-12
total cost: -7.784456820899972
singles alt: [(4, 0), (5, 1), (6, 0), (7, 1), (8, 0), (9, 1), (10, 0), (11, 1), (4, 2), (5, 3), (6, 2), (7, 3), (8, 2), (9, 3), (10, 2), (11, 3)]
length: 16 76
Estimated difference between T3^fnT3 - (T2^WT3 + h.c.) is: -1.7998721553380843e-06 3.2395397755613612e-12
total cost: -7.784456820900148
singles alt: [(4, 0), (5, 1), (6, 0), (7, 1), (8, 0), (9, 1), (10, 0), (11, 1), (4, 2), (5, 3), (6, 2), (7, 3), (8, 2), (9, 3), (10, 2), (11, 3)]
length: 16 76
Estimated difference between T3^fnT3 - (T2^WT3 + h.c.) is: -1.7998721553380843e-06 3.2395397755613612e-12
total cost: -7.784456820902462
singles alt: [(4, 0), (5, 1), (6, 0), (7, 1), (8, 0), (9, 1), (10, 0), (11, 1), (4, 2), (5, 3), (6, 2), (7, 3), (8, 2), (9, 3), (10, 2), (11, 3)]
length: 16 76
Estimated difference between T3^fnT3 - (T2^WT3 + h.c.) is: -1.7998721553380843e-06 3.2395397755613612e-12
total cost: -7.784456820902521
singles alt: [(4, 0), (5, 1), (6, 0), (7, 1), (8, 0), (9, 1), (10, 0), (11, 1), (4, 2), (5, 3), (6, 2), (7, 3), (8, 2), (9, 3), (10, 2), (11, 3)]
length: 16 76
Estimated difference between T3^fnT3 - (T2^WT3 + h.c.) is: -1.7998721553380843e-06 3.2395397755613612e-12
total cost: -7.7844568209024905
singles alt: [(4, 0), (5, 1), (6, 0), (7, 1), (8, 0), (9, 1), (10, 0), (11, 1), (4, 2), (5, 3), (6, 2), (7, 3), (8, 2), (9, 3), (10, 2), (11, 3)]
length: 16 76
Estimated difference between T3^fnT3 - (T2^WT3 + h.c.) is: -1.7998721553380843e-06 3.2395397755613612e-12
total cost: -7.784456820902657
singles alt: [(4, 0), (5, 1), (6, 0), (7, 1), (8, 0), (9, 1), (10, 0), (11, 1), (4, 2), (5, 3), (6, 2), (7, 3), (8, 2), (9, 3), (10, 2), (11, 3)]
length: 16 76
Estimated difference between T3^fnT3 - (T2^WT3 + h.c.) is: -1.7998721553380843e-06 3.2395397755613612e-12
total cost: -7.784456820896317
singles alt: [(4, 0), (5, 1), (6, 0), (7, 1), (8, 0), (9, 1), (10, 0), (11, 1), (4, 2), (5, 3), (6, 2), (7, 3), (8, 2), (9, 3), (10, 2), (11, 3)]
length: 16 76
Estimated difference between T3^fnT3 - (T2^WT3 + h.c.) is: -1.7998721553380843e-06 3.2395397755613612e-12
total cost: -7.784456820896373
singles alt: [(4, 0), (5, 1), (6, 0), (7, 1), (8, 0), (9, 1), (10, 0), (11, 1), (4, 2), (5, 3), (6, 2), (7, 3), (8, 2), (9, 3), (10, 2), (11, 3)]
length: 16 76
Estimated difference between T3^fnT3 - (T2^WT3 + h.c.) is: -1.7998721553380843e-06 3.2395397755613612e-12
total cost: -7.784456820902638
singles alt: [(4, 0), (5, 1), (6, 0), (7, 1), (8, 0), (9, 1), (10, 0), (11, 1), (4, 2), (5, 3), (6, 2), (7, 3), (8, 2), (9, 3), (10, 2), (11, 3)]
length: 16 76
Estimated difference between T3^fnT3 - (T2^WT3 + h.c.) is: -1.7998721553380843e-06 3.2395397755613612e-12
total cost: -7.784456820902656
singles alt: [(4, 0), (5, 1), (6, 0), (7, 1), (8, 0), (9, 1), (10, 0), (11, 1), (4, 2), (5, 3), (6, 2), (7, 3), (8, 2), (9, 3), (10, 2), (11, 3)]
length: 16 76
Estimated difference between T3^fnT3 - (T2^WT3 + h.c.) is: -1.7998721553380843e-06 3.2395397755613612e-12
total cost: -7.784456820902652
singles alt: [(4, 0), (5, 1), (6, 0), (7, 1), (8, 0), (9, 1), (10, 0), (11, 1), (4, 2), (5, 3), (6, 2), (7, 3), (8, 2), (9, 3), (10, 2), (11, 3)]
length: 16 76
Estimated difference between T3^fnT3 - (T2^WT3 + h.c.) is: -1.7998721553380843e-06 3.2395397755613612e-12
total cost: -7.784456820902645
singles alt: [(4, 0), (5, 1), (6, 0), (7, 1), (8, 0), (9, 1), (10, 0), (11, 1), (4, 2), (5, 3), (6, 2), (7, 3), (8, 2), (9, 3), (10, 2), (11, 3)]
length: 16 76
Estimated difference between T3^fnT3 - (T2^WT3 + h.c.) is: -1.7998721553380843e-06 3.2395397755613612e-12
total cost: -7.784456820902647
singles alt: [(4, 0), (5, 1), (6, 0), (7, 1), (8, 0), (9, 1), (10, 0), (11, 1), (4, 2), (5, 3), (6, 2), (7, 3), (8, 2), (9, 3), (10, 2), (11, 3)]
length: 16 76
Estimated difference between T3^fnT3 - (T2^WT3 + h.c.) is: -1.7998721553380843e-06 3.2395397755613612e-12
total cost: -7.784456820902633
singles alt: [(4, 0), (5, 1), (6, 0), (7, 1), (8, 0), (9, 1), (10, 0), (11, 1), (4, 2), (5, 3), (6, 2), (7, 3), (8, 2), (9, 3), (10, 2), (11, 3)]
length: 16 76
Estimated difference between T3^fnT3 - (T2^WT3 + h.c.) is: -1.7998721553380843e-06 3.2395397755613612e-12
total cost: -7.784456820902508
singles alt: [(4, 0), (5, 1), (6, 0), (7, 1), (8, 0), (9, 1), (10, 0), (11, 1), (4, 2), (5, 3), (6, 2), (7, 3), (8, 2), (9, 3), (10, 2), (11, 3)]
length: 16 76
Estimated difference between T3^fnT3 - (T2^WT3 + h.c.) is: -1.7998721553380843e-06 3.2395397755613612e-12
total cost: -7.784456820902518
singles alt: [(4, 0), (5, 1), (6, 0), (7, 1), (8, 0), (9, 1), (10, 0), (11, 1), (4, 2), (5, 3), (6, 2), (7, 3), (8, 2), (9, 3), (10, 2), (11, 3)]
length: 16 76
Estimated difference between T3^fnT3 - (T2^WT3 + h.c.) is: -1.8004675522173266e-06 3.241683406587452e-12
total cost: -7.784456881895211
singles alt: [(4, 0), (5, 1), (6, 0), (7, 1), (8, 0), (9, 1), (10, 0), (11, 1), (4, 2), (5, 3), (6, 2), (7, 3), (8, 2), (9, 3), (10, 2), (11, 3)]
length: 16 76
Estimated difference between T3^fnT3 - (T2^WT3 + h.c.) is: -1.8004678317575044e-06 3.2416844131935692e-12
total cost: -7.784456881896614
singles alt: [(4, 0), (5, 1), (6, 0), (7, 1), (8, 0), (9, 1), (10, 0), (11, 1), (4, 2), (5, 3), (6, 2), (7, 3), (8, 2), (9, 3), (10, 2), (11, 3)]
length: 16 76
Estimated difference between T3^fnT3 - (T2^WT3 + h.c.) is: -1.8004676462699334e-06 3.2416837452647942e-12
total cost: -7.784456881891391
singles alt: [(4, 0), (5, 1), (6, 0), (7, 1), (8, 0), (9, 1), (10, 0), (11, 1), (4, 2), (5, 3), (6, 2), (7, 3), (8, 2), (9, 3), (10, 2), (11, 3)]
length: 16 76
Estimated difference between T3^fnT3 - (T2^WT3 + h.c.) is: -1.8004676460564714e-06 3.241683744496131e-12
total cost: -7.784456881891476
singles alt: [(4, 0), (5, 1), (6, 0), (7, 1), (8, 0), (9, 1), (10, 0), (11, 1), (4, 2), (5, 3), (6, 2), (7, 3), (8, 2), (9, 3), (10, 2), (11, 3)]
length: 16 76
Estimated difference between T3^fnT3 - (T2^WT3 + h.c.) is: -1.8004677048877262e-06 3.2416839563436762e-12
total cost: -7.784456881893993
singles alt: [(4, 0), (5, 1), (6, 0), (7, 1), (8, 0), (9, 1), (10, 0), (11, 1), (4, 2), (5, 3), (6, 2), (7, 3), (8, 2), (9, 3), (10, 2), (11, 3)]
length: 16 76
Estimated difference between T3^fnT3 - (T2^WT3 + h.c.) is: -1.8004675522307826e-06 3.2416834066359057e-12
total cost: -7.78445688189511
singles alt: [(4, 0), (5, 1), (6, 0), (7, 1), (8, 0), (9, 1), (10, 0), (11, 1), (4, 2), (5, 3), (6, 2), (7, 3), (8, 2), (9, 3), (10, 2), (11, 3)]
length: 16 76
Estimated difference between T3^fnT3 - (T2^WT3 + h.c.) is: -1.8004675522371862e-06 3.2416834066589646e-12
total cost: -7.78445688189521
singles alt: [(4, 0), (5, 1), (6, 0), (7, 1), (8, 0), (9, 1), (10, 0), (11, 1), (4, 2), (5, 3), (6, 2), (7, 3), (8, 2), (9, 3), (10, 2), (11, 3)]
length: 16 76
Estimated difference between T3^fnT3 - (T2^WT3 + h.c.) is: -1.8004675522163563e-06 3.2416834065839577e-12
total cost: -7.7844568818952125
singles alt: [(4, 0), (5, 1), (6, 0), (7, 1), (8, 0), (9, 1), (10, 0), (11, 1), (4, 2), (5, 3), (6, 2), (7, 3), (8, 2), (9, 3), (10, 2), (11, 3)]
length: 16 76
Estimated difference between T3^fnT3 - (T2^WT3 + h.c.) is: -1.8004675522187179e-06 3.2416834065924614e-12
total cost: -7.784456881895209
singles alt: [(4, 0), (5, 1), (6, 0), (7, 1), (8, 0), (9, 1), (10, 0), (11, 1), (4, 2), (5, 3), (6, 2), (7, 3), (8, 2), (9, 3), (10, 2), (11, 3)]
length: 16 76
Estimated difference between T3^fnT3 - (T2^WT3 + h.c.) is: -1.8004675522251943e-06 3.2416834066157828e-12
total cost: -7.784456881895164
singles alt: [(4, 0), (5, 1), (6, 0), (7, 1), (8, 0), (9, 1), (10, 0), (11, 1), (4, 2), (5, 3), (6, 2), (7, 3), (8, 2), (9, 3), (10, 2), (11, 3)]
length: 16 76
Estimated difference between T3^fnT3 - (T2^WT3 + h.c.) is: -1.800467552210262e-06 3.2416834065620124e-12
total cost: -7.784456881895218
singles alt: [(4, 0), (5, 1), (6, 0), (7, 1), (8, 0), (9, 1), (10, 0), (11, 1), (4, 2), (5, 3), (6, 2), (7, 3), (8, 2), (9, 3), (10, 2), (11, 3)]
length: 16 76
Estimated difference between T3^fnT3 - (T2^WT3 + h.c.) is: -1.800467552214215e-06 3.2416834065762473e-12
total cost: -7.784456881895215
singles alt: [(4, 0), (5, 1), (6, 0), (7, 1), (8, 0), (9, 1), (10, 0), (11, 1), (4, 2), (5, 3), (6, 2), (7, 3), (8, 2), (9, 3), (10, 2), (11, 3)]
length: 16 76
Estimated difference between T3^fnT3 - (T2^WT3 + h.c.) is: -1.8004675522182766e-06 3.2416834065908725e-12
total cost: -7.784456881895209
singles alt: [(4, 0), (5, 1), (6, 0), (7, 1), (8, 0), (9, 1), (10, 0), (11, 1), (4, 2), (5, 3), (6, 2), (7, 3), (8, 2), (9, 3), (10, 2), (11, 3)]
length: 16 76
Estimated difference between T3^fnT3 - (T2^WT3 + h.c.) is: -1.8004676088923824e-06 3.241683610670653e-12
total cost: -7.784456881894818
singles alt: [(4, 0), (5, 1), (6, 0), (7, 1), (8, 0), (9, 1), (10, 0), (11, 1), (4, 2), (5, 3), (6, 2), (7, 3), (8, 2), (9, 3), (10, 2), (11, 3)]
length: 16 76
Estimated difference between T3^fnT3 - (T2^WT3 + h.c.) is: -1.800467330420289e-06 3.2416826079107627e-12
total cost: -7.784456881893601
singles alt: [(4, 0), (5, 1), (6, 0), (7, 1), (8, 0), (9, 1), (10, 0), (11, 1), (4, 2), (5, 3), (6, 2), (7, 3), (8, 2), (9, 3), (10, 2), (11, 3)]
length: 16 76
Estimated difference between T3^fnT3 - (T2^WT3 + h.c.) is: -1.800467508936283e-06 3.241683250735224e-12
total cost: -7.7844568818943705
singles alt: [(4, 0), (5, 1), (6, 0), (7, 1), (8, 0), (9, 1), (10, 0), (11, 1), (4, 2), (5, 3), (6, 2), (7, 3), (8, 2), (9, 3), (10, 2), (11, 3)]
length: 16 76
Estimated difference between T3^fnT3 - (T2^WT3 + h.c.) is: -1.800467387610913e-06 3.2416828138504652e-12
total cost: -7.784456881894614
singles alt: [(4, 0), (5, 1), (6, 0), (7, 1), (8, 0), (9, 1), (10, 0), (11, 1), (4, 2), (5, 3), (6, 2), (7, 3), (8, 2), (9, 3), (10, 2), (11, 3)]
length: 16 76
Estimated difference between T3^fnT3 - (T2^WT3 + h.c.) is: -1.800467552217898e-06 3.241683406589509e-12
total cost: -7.7844568818951245
singles alt: [(4, 0), (5, 1), (6, 0), (7, 1), (8, 0), (9, 1), (10, 0), (11, 1), (4, 2), (5, 3), (6, 2), (7, 3), (8, 2), (9, 3), (10, 2), (11, 3)]
length: 16 76
Estimated difference between T3^fnT3 - (T2^WT3 + h.c.) is: -1.8004675522121652e-06 3.2416834065688657e-12
total cost: -7.78445688189522
singles alt: [(4, 0), (5, 1), (6, 0), (7, 1), (8, 0), (9, 1), (10, 0), (11, 1), (4, 2), (5, 3), (6, 2), (7, 3), (8, 2), (9, 3), (10, 2), (11, 3)]
length: 16 76
Estimated difference between T3^fnT3 - (T2^WT3 + h.c.) is: -1.8004675522260998e-06 3.2416834066190434e-12
total cost: -7.784456881895219
singles alt: [(4, 0), (5, 1), (6, 0), (7, 1), (8, 0), (9, 1), (10, 0), (11, 1), (4, 2), (5, 3), (6, 2), (7, 3), (8, 2), (9, 3), (10, 2), (11, 3)]
length: 16 76
Estimated difference between T3^fnT3 - (T2^WT3 + h.c.) is: -1.8004675522169622e-06 3.2416834065861396e-12
total cost: -7.784456881895211
singles alt: [(4, 0), (5, 1), (6, 0), (7, 1), (8, 0), (9, 1), (10, 0), (11, 1), (4, 2), (5, 3), (6, 2), (7, 3), (8, 2), (9, 3), (10, 2), (11, 3)]
length: 16 76
Estimated difference between T3^fnT3 - (T2^WT3 + h.c.) is: -1.80046778870264e-06 3.2416842581557747e-12
total cost: -7.7844568818941
singles alt: [(4, 0), (5, 1), (6, 0), (7, 1), (8, 0), (9, 1), (10, 0), (11, 1), (4, 2), (5, 3), (6, 2), (7, 3), (8, 2), (9, 3), (10, 2), (11, 3)]
length: 16 76
Estimated difference between T3^fnT3 - (T2^WT3 + h.c.) is: -1.8004678768188025e-06 3.2416845754564064e-12
total cost: -7.784456881896132
singles alt: [(4, 0), (5, 1), (6, 0), (7, 1), (8, 0), (9, 1), (10, 0), (11, 1), (4, 2), (5, 3), (6, 2), (7, 3), (8, 2), (9, 3), (10, 2), (11, 3)]
length: 16 76
Estimated difference between T3^fnT3 - (T2^WT3 + h.c.) is: -1.8004678769939012e-06 3.2416845760869256e-12
total cost: -7.7844568818960935
singles alt: [(4, 0), (5, 1), (6, 0), (7, 1), (8, 0), (9, 1), (10, 0), (11, 1), (4, 2), (5, 3), (6, 2), (7, 3), (8, 2), (9, 3), (10, 2), (11, 3)]
length: 16 76
Estimated difference between T3^fnT3 - (T2^WT3 + h.c.) is: -1.8004677411127898e-06 3.2416840867877918e-12
total cost: -7.78445688189478
singles alt: [(4, 0), (5, 1), (6, 0), (7, 1), (8, 0), (9, 1), (10, 0), (11, 1), (4, 2), (5, 3), (6, 2), (7, 3), (8, 2), (9, 3), (10, 2), (11, 3)]
length: 16 76
Estimated difference between T3^fnT3 - (T2^WT3 + h.c.) is: -1.8004675522198944e-06 3.2416834065966983e-12
total cost: -7.784456881895197
singles alt: [(4, 0), (5, 1), (6, 0), (7, 1), (8, 0), (9, 1), (10, 0), (11, 1), (4, 2), (5, 3), (6, 2), (7, 3), (8, 2), (9, 3), (10, 2), (11, 3)]
length: 16 76
Estimated difference between T3^fnT3 - (T2^WT3 + h.c.) is: -1.8004675522185432e-06 3.2416834065918325e-12
total cost: -7.7844568818952125
singles alt: [(4, 0), (5, 1), (6, 0), (7, 1), (8, 0), (9, 1), (10, 0), (11, 1), (4, 2), (5, 3), (6, 2), (7, 3), (8, 2), (9, 3), (10, 2), (11, 3)]
length: 16 76
Estimated difference between T3^fnT3 - (T2^WT3 + h.c.) is: -1.8004675522131186e-06 3.241683406572299e-12
total cost: -7.7844568818952125
singles alt: [(4, 0), (5, 1), (6, 0), (7, 1), (8, 0), (9, 1), (10, 0), (11, 1), (4, 2), (5, 3), (6, 2), (7, 3), (8, 2), (9, 3), (10, 2), (11, 3)]
length: 16 76
Estimated difference between T3^fnT3 - (T2^WT3 + h.c.) is: -1.8004675522177641e-06 3.241683406589027e-12
total cost: -7.784456881895212
singles alt: [(4, 0), (5, 1), (6, 0), (7, 1), (8, 0), (9, 1), (10, 0), (11, 1), (4, 2), (5, 3), (6, 2), (7, 3), (8, 2), (9, 3), (10, 2), (11, 3)]
length: 16 76
Estimated difference between T3^fnT3 - (T2^WT3 + h.c.) is: -1.8004675521824312e-06 3.2416834064617955e-12
total cost: -7.7844568818969275
singles alt: [(4, 0), (5, 1), (6, 0), (7, 1), (8, 0), (9, 1), (10, 0), (11, 1), (4, 2), (5, 3), (6, 2), (7, 3), (8, 2), (9, 3), (10, 2), (11, 3)]
length: 16 76
Estimated difference between T3^fnT3 - (T2^WT3 + h.c.) is: -1.800467552229917e-06 3.2416834066327885e-12
total cost: -7.784456881895109
singles alt: [(4, 0), (5, 1), (6, 0), (7, 1), (8, 0), (9, 1), (10, 0), (11, 1), (4, 2), (5, 3), (6, 2), (7, 3), (8, 2), (9, 3), (10, 2), (11, 3)]
length: 16 76
Estimated difference between T3^fnT3 - (T2^WT3 + h.c.) is: -1.8004675522391684e-06 3.2416834066661027e-12
total cost: -7.784456881895122
singles alt: [(4, 0), (5, 1), (6, 0), (7, 1), (8, 0), (9, 1), (10, 0), (11, 1), (4, 2), (5, 3), (6, 2), (7, 3), (8, 2), (9, 3), (10, 2), (11, 3)]
length: 16 76
Estimated difference between T3^fnT3 - (T2^WT3 + h.c.) is: -1.8004675522079944e-06 3.2416834065538472e-12
total cost: -7.784456881895221
singles alt: [(4, 0), (5, 1), (6, 0), (7, 1), (8, 0), (9, 1), (10, 0), (11, 1), (4, 2), (5, 3), (6, 2), (7, 3), (8, 2), (9, 3), (10, 2), (11, 3)]
length: 16 76
Estimated difference between T3^fnT3 - (T2^WT3 + h.c.) is: -1.8004675522233202e-06 3.2416834066090345e-12
total cost: -7.7844568818951245
singles alt: [(4, 0), (5, 1), (6, 0), (7, 1), (8, 0), (9, 1), (10, 0), (11, 1), (4, 2), (5, 3), (6, 2), (7, 3), (8, 2), (9, 3), (10, 2), (11, 3)]
length: 16 76
Estimated difference between T3^fnT3 - (T2^WT3 + h.c.) is: -1.8004675522154127e-06 3.24168340658056e-12
total cost: -7.784456881895214
singles alt: [(4, 0), (5, 1), (6, 0), (7, 1), (8, 0), (9, 1), (10, 0), (11, 1), (4, 2), (5, 3), (6, 2), (7, 3), (8, 2), (9, 3), (10, 2), (11, 3)]
length: 16 76
Estimated difference between T3^fnT3 - (T2^WT3 + h.c.) is: -1.8004675522198275e-06 3.241683406596457e-12
total cost: -7.784456881895218
singles alt: [(4, 0), (5, 1), (6, 0), (7, 1), (8, 0), (9, 1), (10, 0), (11, 1), (4, 2), (5, 3), (6, 2), (7, 3), (8, 2), (9, 3), (10, 2), (11, 3)]
length: 16 76
Estimated difference between T3^fnT3 - (T2^WT3 + h.c.) is: -1.8004675522175375e-06 3.241683406588211e-12
total cost: -7.784456881895211
singles alt: [(4, 0), (5, 1), (6, 0), (7, 1), (8, 0), (9, 1), (10, 0), (11, 1), (4, 2), (5, 3), (6, 2), (7, 3), (8, 2), (9, 3), (10, 2), (11, 3)]
length: 16 76
Estimated difference between T3^fnT3 - (T2^WT3 + h.c.) is: -1.8004675522217947e-06 3.241683406603541e-12
total cost: -7.7844568818951885
singles alt: [(4, 0), (5, 1), (6, 0), (7, 1), (8, 0), (9, 1), (10, 0), (11, 1), (4, 2), (5, 3), (6, 2), (7, 3), (8, 2), (9, 3), (10, 2), (11, 3)]
length: 16 76
Estimated difference between T3^fnT3 - (T2^WT3 + h.c.) is: -1.8004675522211683e-06 3.2416834066012857e-12
total cost: -7.78445688189521
singles alt: [(4, 0), (5, 1), (6, 0), (7, 1), (8, 0), (9, 1), (10, 0), (11, 1), (4, 2), (5, 3), (6, 2), (7, 3), (8, 2), (9, 3), (10, 2), (11, 3)]
length: 16 76
Estimated difference between T3^fnT3 - (T2^WT3 + h.c.) is: -1.800467552232401e-06 3.241683406641734e-12
total cost: -7.784456881895201
singles alt: [(4, 0), (5, 1), (6, 0), (7, 1), (8, 0), (9, 1), (10, 0), (11, 1), (4, 2), (5, 3), (6, 2), (7, 3), (8, 2), (9, 3), (10, 2), (11, 3)]
length: 16 76
Estimated difference between T3^fnT3 - (T2^WT3 + h.c.) is: -1.8004675522181343e-06 3.24168340659036e-12
total cost: -7.784456881895211
singles alt: [(4, 0), (5, 1), (6, 0), (7, 1), (8, 0), (9, 1), (10, 0), (11, 1), (4, 2), (5, 3), (6, 2), (7, 3), (8, 2), (9, 3), (10, 2), (11, 3)]
length: 16 76
Estimated difference between T3^fnT3 - (T2^WT3 + h.c.) is: -1.8004677887552023e-06 3.2416842583450476e-12
total cost: -7.784456881894066
singles alt: [(4, 0), (5, 1), (6, 0), (7, 1), (8, 0), (9, 1), (10, 0), (11, 1), (4, 2), (5, 3), (6, 2), (7, 3), (8, 2), (9, 3), (10, 2), (11, 3)]
length: 16 76
Estimated difference between T3^fnT3 - (T2^WT3 + h.c.) is: -1.8004678767840553e-06 3.241684575331284e-12
total cost: -7.784456881896315
singles alt: [(4, 0), (5, 1), (6, 0), (7, 1), (8, 0), (9, 1), (10, 0), (11, 1), (4, 2), (5, 3), (6, 2), (7, 3), (8, 2), (9, 3), (10, 2), (11, 3)]
length: 16 76
Estimated difference between T3^fnT3 - (T2^WT3 + h.c.) is: -1.800467876967273e-06 3.2416845759910393e-12
total cost: -7.784456881896271
singles alt: [(4, 0), (5, 1), (6, 0), (7, 1), (8, 0), (9, 1), (10, 0), (11, 1), (4, 2), (5, 3), (6, 2), (7, 3), (8, 2), (9, 3), (10, 2), (11, 3)]
length: 16 76
Estimated difference between T3^fnT3 - (T2^WT3 + h.c.) is: -1.8004677411976354e-06 3.2416840870933154e-12
total cost: -7.784456881894788
singles alt: [(4, 0), (5, 1), (6, 0), (7, 1), (8, 0), (9, 1), (10, 0), (11, 1), (4, 2), (5, 3), (6, 2), (7, 3), (8, 2), (9, 3), (10, 2), (11, 3)]
length: 16 76
Estimated difference between T3^fnT3 - (T2^WT3 + h.c.) is: -1.8004675521905079e-06 3.2416834064908793e-12
total cost: -7.7844568818965385
singles alt: [(4, 0), (5, 1), (6, 0), (7, 1), (8, 0), (9, 1), (10, 0), (11, 1), (4, 2), (5, 3), (6, 2), (7, 3), (8, 2), (9, 3), (10, 2), (11, 3)]
length: 16 76
Estimated difference between T3^fnT3 - (T2^WT3 + h.c.) is: -1.80046755222758e-06 3.2416834066243733e-12
total cost: -7.78445688189513
singles alt: [(4, 0), (5, 1), (6, 0), (7, 1), (8, 0), (9, 1), (10, 0), (11, 1), (4, 2), (5, 3), (6, 2), (7, 3), (8, 2), (9, 3), (10, 2), (11, 3)]
length: 16 76
Estimated difference between T3^fnT3 - (T2^WT3 + h.c.) is: -1.800467552235001e-06 3.2416834066510963e-12
total cost: -7.784456881895136
singles alt: [(4, 0), (5, 1), (6, 0), (7, 1), (8, 0), (9, 1), (10, 0), (11, 1), (4, 2), (5, 3), (6, 2), (7, 3), (8, 2), (9, 3), (10, 2), (11, 3)]
length: 16 76
Estimated difference between T3^fnT3 - (T2^WT3 + h.c.) is: -1.8004675522098787e-06 3.2416834065606323e-12
total cost: -7.784456881895218
singles alt: [(4, 0), (5, 1), (6, 0), (7, 1), (8, 0), (9, 1), (10, 0), (11, 1), (4, 2), (5, 3), (6, 2), (7, 3), (8, 2), (9, 3), (10, 2), (11, 3)]
length: 16 76
Estimated difference between T3^fnT3 - (T2^WT3 + h.c.) is: -1.8004676088340282e-06 3.2416836104605232e-12
total cost: -7.784456881894788
singles alt: [(4, 0), (5, 1), (6, 0), (7, 1), (8, 0), (9, 1), (10, 0), (11, 1), (4, 2), (5, 3), (6, 2), (7, 3), (8, 2), (9, 3), (10, 2), (11, 3)]
length: 16 76
Estimated difference between T3^fnT3 - (T2^WT3 + h.c.) is: -1.800467509004731e-06 3.2416832509817013e-12
total cost: -7.784456881894333
singles alt: [(4, 0), (5, 1), (6, 0), (7, 1), (8, 0), (9, 1), (10, 0), (11, 1), (4, 2), (5, 3), (6, 2), (7, 3), (8, 2), (9, 3), (10, 2), (11, 3)]
length: 16 76
Estimated difference between T3^fnT3 - (T2^WT3 + h.c.) is: -1.8004673298641385e-06 3.2416826059081006e-12
total cost: -7.784456881894865
singles alt: [(4, 0), (5, 1), (6, 0), (7, 1), (8, 0), (9, 1), (10, 0), (11, 1), (4, 2), (5, 3), (6, 2), (7, 3), (8, 2), (9, 3), (10, 2), (11, 3)]
length: 16 76
Estimated difference between T3^fnT3 - (T2^WT3 + h.c.) is: -1.800467387303349e-06 3.241682812742948e-12
total cost: -7.784456881894642
singles alt: [(4, 0), (5, 1), (6, 0), (7, 1), (8, 0), (9, 1), (10, 0), (11, 1), (4, 2), (5, 3), (6, 2), (7, 3), (8, 2), (9, 3), (10, 2), (11, 3)]
length: 16 76
Estimated difference between T3^fnT3 - (T2^WT3 + h.c.) is: -1.8004675521993738e-06 3.2416834065228045e-12
total cost: -7.78445688189613
singles alt: [(4, 0), (5, 1), (6, 0), (7, 1), (8, 0), (9, 1), (10, 0), (11, 1), (4, 2), (5, 3), (6, 2), (7, 3), (8, 2), (9, 3), (10, 2), (11, 3)]
length: 16 76
Estimated difference between T3^fnT3 - (T2^WT3 + h.c.) is: -1.8004675522346506e-06 3.241683406649834e-12
total cost: -7.784456881895157
singles alt: [(4, 0), (5, 1), (6, 0), (7, 1), (8, 0), (9, 1), (10, 0), (11, 1), (4, 2), (5, 3), (6, 2), (7, 3), (8, 2), (9, 3), (10, 2), (11, 3)]
length: 16 76
Estimated difference between T3^fnT3 - (T2^WT3 + h.c.) is: -1.8004675522240184e-06 3.2416834066115483e-12
total cost: -7.784456881895154
singles alt: [(4, 0), (5, 1), (6, 0), (7, 1), (8, 0), (9, 1), (10, 0), (11, 1), (4, 2), (5, 3), (6, 2), (7, 3), (8, 2), (9, 3), (10, 2), (11, 3)]
length: 16 76
Estimated difference between T3^fnT3 - (T2^WT3 + h.c.) is: -1.8004675522121049e-06 3.2416834065686484e-12
total cost: -7.7844568818952125
singles alt: [(4, 0), (5, 1), (6, 0), (7, 1), (8, 0), (9, 1), (10, 0), (11, 1), (4, 2), (5, 3), (6, 2), (7, 3), (8, 2), (9, 3), (10, 2), (11, 3)]
length: 16 76
Estimated difference between T3^fnT3 - (T2^WT3 + h.c.) is: -1.8004675522117396e-06 3.2416834065673333e-12
total cost: -7.784456881895509
singles alt: [(4, 0), (5, 1), (6, 0), (7, 1), (8, 0), (9, 1), (10, 0), (11, 1), (4, 2), (5, 3), (6, 2), (7, 3), (8, 2), (9, 3), (10, 2), (11, 3)]
length: 16 76
Estimated difference between T3^fnT3 - (T2^WT3 + h.c.) is: -1.8004675522192799e-06 3.2416834065944853e-12
total cost: -7.784456881895196
singles alt: [(4, 0), (5, 1), (6, 0), (7, 1), (8, 0), (9, 1), (10, 0), (11, 1), (4, 2), (5, 3), (6, 2), (7, 3), (8, 2), (9, 3), (10, 2), (11, 3)]
length: 16 76
Estimated difference between T3^fnT3 - (T2^WT3 + h.c.) is: -1.800467552219048e-06 3.2416834065936505e-12
total cost: -7.784456881895195
singles alt: [(4, 0), (5, 1), (6, 0), (7, 1), (8, 0), (9, 1), (10, 0), (11, 1), (4, 2), (5, 3), (6, 2), (7, 3), (8, 2), (9, 3), (10, 2), (11, 3)]
length: 16 76
Estimated difference between T3^fnT3 - (T2^WT3 + h.c.) is: -1.8004675522156486e-06 3.2416834065814096e-12
total cost: -7.7844568818952125
singles alt: [(4, 0), (5, 1), (6, 0), (7, 1), (8, 0), (9, 1), (10, 0), (11, 1), (4, 2), (5, 3), (6, 2), (7, 3), (8, 2), (9, 3), (10, 2), (11, 3)]
length: 16 76
Estimated difference between T3^fnT3 - (T2^WT3 + h.c.) is: -1.8004677830393698e-06 3.241684237762703e-12
total cost: -7.78445688189463
singles alt: [(4, 0), (5, 1), (6, 0), (7, 1), (8, 0), (9, 1), (10, 0), (11, 1), (4, 2), (5, 3), (6, 2), (7, 3), (8, 2), (9, 3), (10, 2), (11, 3)]
length: 16 76
Estimated difference between T3^fnT3 - (T2^WT3 + h.c.) is: -1.8004676163922908e-06 3.2416836376773374e-12
total cost: -7.784456881893487
singles alt: [(4, 0), (5, 1), (6, 0), (7, 1), (8, 0), (9, 1), (10, 0), (11, 1), (4, 2), (5, 3), (6, 2), (7, 3), (8, 2), (9, 3), (10, 2), (11, 3)]
length: 16 76
Estimated difference between T3^fnT3 - (T2^WT3 + h.c.) is: -1.800467616437076e-06 3.2416836378386057e-12
total cost: -7.784456881893447
singles alt: [(4, 0), (5, 1), (6, 0), (7, 1), (8, 0), (9, 1), (10, 0), (11, 1), (4, 2), (5, 3), (6, 2), (7, 3), (8, 2), (9, 3), (10, 2), (11, 3)]
length: 16 76
Estimated difference between T3^fnT3 - (T2^WT3 + h.c.) is: -1.800467686160198e-06 3.241683888907057e-12
total cost: -7.784456881895097
singles alt: [(4, 0), (5, 1), (6, 0), (7, 1), (8, 0), (9, 1), (10, 0), (11, 1), (4, 2), (5, 3), (6, 2), (7, 3), (8, 2), (9, 3), (10, 2), (11, 3)]
length: 16 76
Estimated difference between T3^fnT3 - (T2^WT3 + h.c.) is: -1.8004675522371457e-06 3.241683406658819e-12
total cost: -7.784456881895208
singles alt: [(4, 0), (5, 1), (6, 0), (7, 1), (8, 0), (9, 1), (10, 0), (11, 1), (4, 2), (5, 3), (6, 2), (7, 3), (8, 2), (9, 3), (10, 2), (11, 3)]
length: 16 76
Estimated difference between T3^fnT3 - (T2^WT3 + h.c.) is: -1.800467552243397e-06 3.2416834066813296e-12
total cost: -7.784456881895204
singles alt: [(4, 0), (5, 1), (6, 0), (7, 1), (8, 0), (9, 1), (10, 0), (11, 1), (4, 2), (5, 3), (6, 2), (7, 3), (8, 2), (9, 3), (10, 2), (11, 3)]
length: 16 76
Estimated difference between T3^fnT3 - (T2^WT3 + h.c.) is: -1.8004675522331348e-06 3.241683406644376e-12
total cost: -7.784456881895203
singles alt: [(4, 0), (5, 1), (6, 0), (7, 1), (8, 0), (9, 1), (10, 0), (11, 1), (4, 2), (5, 3), (6, 2), (7, 3), (8, 2), (9, 3), (10, 2), (11, 3)]
length: 16 76
Estimated difference between T3^fnT3 - (T2^WT3 + h.c.) is: -1.8004675522220048e-06 3.2416834066042976e-12
total cost: -7.784456881895209
singles alt: [(4, 0), (5, 1), (6, 0), (7, 1), (8, 0), (9, 1), (10, 0), (11, 1), (4, 2), (5, 3), (6, 2), (7, 3), (8, 2), (9, 3), (10, 2), (11, 3)]
length: 16 76
Estimated difference between T3^fnT3 - (T2^WT3 + h.c.) is: -1.8004674151549713e-06 3.2416829130348236e-12
total cost: -7.784456881895351
singles alt: [(4, 0), (5, 1), (6, 0), (7, 1), (8, 0), (9, 1), (10, 0), (11, 1), (4, 2), (5, 3), (6, 2), (7, 3), (8, 2), (9, 3), (10, 2), (11, 3)]
length: 16 76
Estimated difference between T3^fnT3 - (T2^WT3 + h.c.) is: -1.8004674155451451e-06 3.2416829144398145e-12
total cost: -7.784456881895898
singles alt: [(4, 0), (5, 1), (6, 0), (7, 1), (8, 0), (9, 1), (10, 0), (11, 1), (4, 2), (5, 3), (6, 2), (7, 3), (8, 2), (9, 3), (10, 2), (11, 3)]
length: 16 76
Estimated difference between T3^fnT3 - (T2^WT3 + h.c.) is: -1.8004675522287806e-06 3.241683406628697e-12
total cost: -7.784456881895203
singles alt: [(4, 0), (5, 1), (6, 0), (7, 1), (8, 0), (9, 1), (10, 0), (11, 1), (4, 2), (5, 3), (6, 2), (7, 3), (8, 2), (9, 3), (10, 2), (11, 3)]
length: 16 76
Estimated difference between T3^fnT3 - (T2^WT3 + h.c.) is: -1.8004675522389107e-06 3.2416834066651745e-12
total cost: -7.784456881895197
singles alt: [(4, 0), (5, 1), (6, 0), (7, 1), (8, 0), (9, 1), (10, 0), (11, 1), (4, 2), (5, 3), (6, 2), (7, 3), (8, 2), (9, 3), (10, 2), (11, 3)]
length: 16 76
Estimated difference between T3^fnT3 - (T2^WT3 + h.c.) is: -1.8004675522094852e-06 3.2416834065592154e-12
total cost: -7.784456881895215
singles alt: [(4, 0), (5, 1), (6, 0), (7, 1), (8, 0), (9, 1), (10, 0), (11, 1), (4, 2), (5, 3), (6, 2), (7, 3), (8, 2), (9, 3), (10, 2), (11, 3)]
length: 16 76
Estimated difference between T3^fnT3 - (T2^WT3 + h.c.) is: -1.800467552208598e-06 3.24168340655602e-12
total cost: -7.78445688189521
singles alt: [(4, 0), (5, 1), (6, 0), (7, 1), (8, 0), (9, 1), (10, 0), (11, 1), (4, 2), (5, 3), (6, 2), (7, 3), (8, 2), (9, 3), (10, 2), (11, 3)]
length: 16 76
Estimated difference between T3^fnT3 - (T2^WT3 + h.c.) is: -1.8004675522151112e-06 3.241683406579474e-12
total cost: -7.7844568818952045
singles alt: [(4, 0), (5, 1), (6, 0), (7, 1), (8, 0), (9, 1), (10, 0), (11, 1), (4, 2), (5, 3), (6, 2), (7, 3), (8, 2), (9, 3), (10, 2), (11, 3)]
length: 16 76
Estimated difference between T3^fnT3 - (T2^WT3 + h.c.) is: -1.800467552221046e-06 3.2416834066008447e-12
total cost: -7.784456881895193
singles alt: [(4, 0), (5, 1), (6, 0), (7, 1), (8, 0), (9, 1), (10, 0), (11, 1), (4, 2), (5, 3), (6, 2), (7, 3), (8, 2), (9, 3), (10, 2), (11, 3)]
length: 16 76
Estimated difference between T3^fnT3 - (T2^WT3 + h.c.) is: -1.8004675522173266e-06 3.241683406587452e-12
total cost: -7.784456881896293
singles alt: [(4, 0), (5, 1), (6, 0), (7, 1), (8, 0), (9, 1), (10, 0), (11, 1), (4, 2), (5, 3), (6, 2), (7, 3), (8, 2), (9, 3), (10, 2), (11, 3)]
length: 16 76
Estimated difference between T3^fnT3 - (T2^WT3 + h.c.) is: -1.8004675522173266e-06 3.241683406587452e-12
total cost: -7.784456881896441
singles alt: [(4, 0), (5, 1), (6, 0), (7, 1), (8, 0), (9, 1), (10, 0), (11, 1), (4, 2), (5, 3), (6, 2), (7, 3), (8, 2), (9, 3), (10, 2), (11, 3)]
length: 16 76
Estimated difference between T3^fnT3 - (T2^WT3 + h.c.) is: -1.8004675522173266e-06 3.241683406587452e-12
total cost: -7.784456881895185
singles alt: [(4, 0), (5, 1), (6, 0), (7, 1), (8, 0), (9, 1), (10, 0), (11, 1), (4, 2), (5, 3), (6, 2), (7, 3), (8, 2), (9, 3), (10, 2), (11, 3)]
length: 16 76
Estimated difference between T3^fnT3 - (T2^WT3 + h.c.) is: -1.8004675522173266e-06 3.241683406587452e-12
total cost: -7.784456881895197
singles alt: [(4, 0), (5, 1), (6, 0), (7, 1), (8, 0), (9, 1), (10, 0), (11, 1), (4, 2), (5, 3), (6, 2), (7, 3), (8, 2), (9, 3), (10, 2), (11, 3)]
length: 16 76
Estimated difference between T3^fnT3 - (T2^WT3 + h.c.) is: -1.8004675522173266e-06 3.241683406587452e-12
total cost: -7.784456881895181
singles alt: [(4, 0), (5, 1), (6, 0), (7, 1), (8, 0), (9, 1), (10, 0), (11, 1), (4, 2), (5, 3), (6, 2), (7, 3), (8, 2), (9, 3), (10, 2), (11, 3)]
length: 16 76
Estimated difference between T3^fnT3 - (T2^WT3 + h.c.) is: -1.8004675522173266e-06 3.241683406587452e-12
total cost: -7.7844568818952125
singles alt: [(4, 0), (5, 1), (6, 0), (7, 1), (8, 0), (9, 1), (10, 0), (11, 1), (4, 2), (5, 3), (6, 2), (7, 3), (8, 2), (9, 3), (10, 2), (11, 3)]
length: 16 76
Estimated difference between T3^fnT3 - (T2^WT3 + h.c.) is: -1.8004675522173266e-06 3.241683406587452e-12
total cost: -7.784456881889431
singles alt: [(4, 0), (5, 1), (6, 0), (7, 1), (8, 0), (9, 1), (10, 0), (11, 1), (4, 2), (5, 3), (6, 2), (7, 3), (8, 2), (9, 3), (10, 2), (11, 3)]
length: 16 76
Estimated difference between T3^fnT3 - (T2^WT3 + h.c.) is: -1.8004675522173266e-06 3.241683406587452e-12
total cost: -7.784456881889499
singles alt: [(4, 0), (5, 1), (6, 0), (7, 1), (8, 0), (9, 1), (10, 0), (11, 1), (4, 2), (5, 3), (6, 2), (7, 3), (8, 2), (9, 3), (10, 2), (11, 3)]
length: 16 76
Estimated difference between T3^fnT3 - (T2^WT3 + h.c.) is: -1.8004675522173266e-06 3.241683406587452e-12
total cost: -7.784456881895446
singles alt: [(4, 0), (5, 1), (6, 0), (7, 1), (8, 0), (9, 1), (10, 0), (11, 1), (4, 2), (5, 3), (6, 2), (7, 3), (8, 2), (9, 3), (10, 2), (11, 3)]
length: 16 76
Estimated difference between T3^fnT3 - (T2^WT3 + h.c.) is: -1.8004675522173266e-06 3.241683406587452e-12
total cost: -7.784456881895475
singles alt: [(4, 0), (5, 1), (6, 0), (7, 1), (8, 0), (9, 1), (10, 0), (11, 1), (4, 2), (5, 3), (6, 2), (7, 3), (8, 2), (9, 3), (10, 2), (11, 3)]
length: 16 76
Estimated difference between T3^fnT3 - (T2^WT3 + h.c.) is: -1.8004675522173266e-06 3.241683406587452e-12
total cost: -7.784456881895213
singles alt: [(4, 0), (5, 1), (6, 0), (7, 1), (8, 0), (9, 1), (10, 0), (11, 1), (4, 2), (5, 3), (6, 2), (7, 3), (8, 2), (9, 3), (10, 2), (11, 3)]
length: 16 76
Estimated difference between T3^fnT3 - (T2^WT3 + h.c.) is: -1.8004675522173266e-06 3.241683406587452e-12
total cost: -7.784456881895212
singles alt: [(4, 0), (5, 1), (6, 0), (7, 1), (8, 0), (9, 1), (10, 0), (11, 1), (4, 2), (5, 3), (6, 2), (7, 3), (8, 2), (9, 3), (10, 2), (11, 3)]
length: 16 76
Estimated difference between T3^fnT3 - (T2^WT3 + h.c.) is: -1.8004675522173266e-06 3.241683406587452e-12
total cost: -7.7844568818952125
singles alt: [(4, 0), (5, 1), (6, 0), (7, 1), (8, 0), (9, 1), (10, 0), (11, 1), (4, 2), (5, 3), (6, 2), (7, 3), (8, 2), (9, 3), (10, 2), (11, 3)]
length: 16 76
Estimated difference between T3^fnT3 - (T2^WT3 + h.c.) is: -1.8004675522173266e-06 3.241683406587452e-12
total cost: -7.784456881895209
singles alt: [(4, 0), (5, 1), (6, 0), (7, 1), (8, 0), (9, 1), (10, 0), (11, 1), (4, 2), (5, 3), (6, 2), (7, 3), (8, 2), (9, 3), (10, 2), (11, 3)]
length: 16 76
Estimated difference between T3^fnT3 - (T2^WT3 + h.c.) is: -1.8004675522173266e-06 3.241683406587452e-12
total cost: -7.784456881895289
singles alt: [(4, 0), (5, 1), (6, 0), (7, 1), (8, 0), (9, 1), (10, 0), (11, 1), (4, 2), (5, 3), (6, 2), (7, 3), (8, 2), (9, 3), (10, 2), (11, 3)]
length: 16 76
Estimated difference between T3^fnT3 - (T2^WT3 + h.c.) is: -1.8004675522173266e-06 3.241683406587452e-12
total cost: -7.784456881895292
singles alt: [(4, 0), (5, 1), (6, 0), (7, 1), (8, 0), (9, 1), (10, 0), (11, 1), (4, 2), (5, 3), (6, 2), (7, 3), (8, 2), (9, 3), (10, 2), (11, 3)]
callback: energy=-7.784455081428
singles alt: [(4, 0), (5, 1), (6, 0), (7, 1), (8, 0), (9, 1), (10, 0), (11, 1), (4, 2), (5, 3), (6, 2), (7, 3), (8, 2), (9, 3), (10, 2), (11, 3)]
length: 16 76
Estimated difference between T3^fnT3 - (T2^WT3 + h.c.) is: -1.8010418555346354e-06 3.2437517653876427e-12
total cost: -7.7844569353548625
singles alt: [(4, 0), (5, 1), (6, 0), (7, 1), (8, 0), (9, 1), (10, 0), (11, 1), (4, 2), (5, 3), (6, 2), (7, 3), (8, 2), (9, 3), (10, 2), (11, 3)]
length: 16 76
Estimated difference between T3^fnT3 - (T2^WT3 + h.c.) is: -1.8010421354089228e-06 3.2437527735183327e-12
total cost: -7.784456935354966
singles alt: [(4, 0), (5, 1), (6, 0), (7, 1), (8, 0), (9, 1), (10, 0), (11, 1), (4, 2), (5, 3), (6, 2), (7, 3), (8, 2), (9, 3), (10, 2), (11, 3)]
length: 16 76
Estimated difference between T3^fnT3 - (T2^WT3 + h.c.) is: -1.8010419445143327e-06 3.2437520858999687e-12
total cost: -7.784456935354369
singles alt: [(4, 0), (5, 1), (6, 0), (7, 1), (8, 0), (9, 1), (10, 0), (11, 1), (4, 2), (5, 3), (6, 2), (7, 3), (8, 2), (9, 3), (10, 2), (11, 3)]
length: 16 76
Estimated difference between T3^fnT3 - (T2^WT3 + h.c.) is: -1.8010419446182793e-06 3.243752086274393e-12
total cost: -7.7844569353543465
singles alt: [(4, 0), (5, 1), (6, 0), (7, 1), (8, 0), (9, 1), (10, 0), (11, 1), (4, 2), (5, 3), (6, 2), (7, 3), (8, 2), (9, 3), (10, 2), (11, 3)]
length: 16 76
Estimated difference between T3^fnT3 - (T2^WT3 + h.c.) is: -1.8010420081736919e-06 3.243752315206325e-12
total cost: -7.784456935354534
singles alt: [(4, 0), (5, 1), (6, 0), (7, 1), (8, 0), (9, 1), (10, 0), (11, 1), (4, 2), (5, 3), (6, 2), (7, 3), (8, 2), (9, 3), (10, 2), (11, 3)]
length: 16 76
Estimated difference between T3^fnT3 - (T2^WT3 + h.c.) is: -1.8010418554248898e-06 3.24375176499233e-12
total cost: -7.784456935355302
singles alt: [(4, 0), (5, 1), (6, 0), (7, 1), (8, 0), (9, 1), (10, 0), (11, 1), (4, 2), (5, 3), (6, 2), (7, 3), (8, 2), (9, 3), (10, 2), (11, 3)]
length: 16 76
Estimated difference between T3^fnT3 - (T2^WT3 + h.c.) is: -1.8010418555512123e-06 3.243751765447354e-12
total cost: -7.784456935354841
singles alt: [(4, 0), (5, 1), (6, 0), (7, 1), (8, 0), (9, 1), (10, 0), (11, 1), (4, 2), (5, 3), (6, 2), (7, 3), (8, 2), (9, 3), (10, 2), (11, 3)]
length: 16 76
Estimated difference between T3^fnT3 - (T2^WT3 + h.c.) is: -1.801041855545172e-06 3.2437517654255965e-12
total cost: -7.784456935354843
singles alt: [(4, 0), (5, 1), (6, 0), (7, 1), (8, 0), (9, 1), (10, 0), (11, 1), (4, 2), (5, 3), (6, 2), (7, 3), (8, 2), (9, 3), (10, 2), (11, 3)]
length: 16 76
Estimated difference between T3^fnT3 - (T2^WT3 + h.c.) is: -1.8010418555242688e-06 3.2437517653503012e-12
total cost: -7.784456935354864
singles alt: [(4, 0), (5, 1), (6, 0), (7, 1), (8, 0), (9, 1), (10, 0), (11, 1), (4, 2), (5, 3), (6, 2), (7, 3), (8, 2), (9, 3), (10, 2), (11, 3)]
length: 16 76
Estimated difference between T3^fnT3 - (T2^WT3 + h.c.) is: -1.8010418556434012e-06 3.243751765779426e-12
total cost: -7.78445693535444
singles alt: [(4, 0), (5, 1), (6, 0), (7, 1), (8, 0), (9, 1), (10, 0), (11, 1), (4, 2), (5, 3), (6, 2), (7, 3), (8, 2), (9, 3), (10, 2), (11, 3)]
length: 16 76
Estimated difference between T3^fnT3 - (T2^WT3 + h.c.) is: -1.801041855524369e-06 3.243751765350662e-12
total cost: -7.7844569353548785
singles alt: [(4, 0), (5, 1), (6, 0), (7, 1), (8, 0), (9, 1), (10, 0), (11, 1), (4, 2), (5, 3), (6, 2), (7, 3), (8, 2), (9, 3), (10, 2), (11, 3)]
length: 16 76
Estimated difference between T3^fnT3 - (T2^WT3 + h.c.) is: -1.80104185552685e-06 3.2437517653595985e-12
total cost: -7.784456935354881
singles alt: [(4, 0), (5, 1), (6, 0), (7, 1), (8, 0), (9, 1), (10, 0), (11, 1), (4, 2), (5, 3), (6, 2), (7, 3), (8, 2), (9, 3), (10, 2), (11, 3)]
length: 16 76
Estimated difference between T3^fnT3 - (T2^WT3 + h.c.) is: -1.8010418555452649e-06 3.2437517654259305e-12
total cost: -7.784456935354859
singles alt: [(4, 0), (5, 1), (6, 0), (7, 1), (8, 0), (9, 1), (10, 0), (11, 1), (4, 2), (5, 3), (6, 2), (7, 3), (8, 2), (9, 3), (10, 2), (11, 3)]
length: 16 76
Estimated difference between T3^fnT3 - (T2^WT3 + h.c.) is: -1.8010419122422656e-06 3.2437519696532767e-12
total cost: -7.784456935355071
singles alt: [(4, 0), (5, 1), (6, 0), (7, 1), (8, 0), (9, 1), (10, 0), (11, 1), (4, 2), (5, 3), (6, 2), (7, 3), (8, 2), (9, 3), (10, 2), (11, 3)]
length: 16 76
Estimated difference between T3^fnT3 - (T2^WT3 + h.c.) is: -1.801041633046856e-06 3.2437509639680864e-12
total cost: -7.784456935355271
singles alt: [(4, 0), (5, 1), (6, 0), (7, 1), (8, 0), (9, 1), (10, 0), (11, 1), (4, 2), (5, 3), (6, 2), (7, 3), (8, 2), (9, 3), (10, 2), (11, 3)]
length: 16 76
Estimated difference between T3^fnT3 - (T2^WT3 + h.c.) is: -1.8010418114251016e-06 3.2437516065014113e-12
total cost: -7.784456935355449
singles alt: [(4, 0), (5, 1), (6, 0), (7, 1), (8, 0), (9, 1), (10, 0), (11, 1), (4, 2), (5, 3), (6, 2), (7, 3), (8, 2), (9, 3), (10, 2), (11, 3)]
length: 16 76
Estimated difference between T3^fnT3 - (T2^WT3 + h.c.) is: -1.801041690863426e-06 3.2437511722281885e-12
total cost: -7.784456935354709
singles alt: [(4, 0), (5, 1), (6, 0), (7, 1), (8, 0), (9, 1), (10, 0), (11, 1), (4, 2), (5, 3), (6, 2), (7, 3), (8, 2), (9, 3), (10, 2), (11, 3)]
length: 16 76
Estimated difference between T3^fnT3 - (T2^WT3 + h.c.) is: -1.8010418556058641e-06 3.2437517656442145e-12
total cost: -7.784456935354594
singles alt: [(4, 0), (5, 1), (6, 0), (7, 1), (8, 0), (9, 1), (10, 0), (11, 1), (4, 2), (5, 3), (6, 2), (7, 3), (8, 2), (9, 3), (10, 2), (11, 3)]
length: 16 76
Estimated difference between T3^fnT3 - (T2^WT3 + h.c.) is: -1.8010418555353431e-06 3.2437517653901917e-12
total cost: -7.784456935354868
singles alt: [(4, 0), (5, 1), (6, 0), (7, 1), (8, 0), (9, 1), (10, 0), (11, 1), (4, 2), (5, 3), (6, 2), (7, 3), (8, 2), (9, 3), (10, 2), (11, 3)]
length: 16 76
Estimated difference between T3^fnT3 - (T2^WT3 + h.c.) is: -1.8010418555270714e-06 3.2437517653603966e-12
total cost: -7.7844569353548705
singles alt: [(4, 0), (5, 1), (6, 0), (7, 1), (8, 0), (9, 1), (10, 0), (11, 1), (4, 2), (5, 3), (6, 2), (7, 3), (8, 2), (9, 3), (10, 2), (11, 3)]
length: 16 76
Estimated difference between T3^fnT3 - (T2^WT3 + h.c.) is: -1.8010418555417315e-06 3.243751765413203e-12
total cost: -7.78445693535486
singles alt: [(4, 0), (5, 1), (6, 0), (7, 1), (8, 0), (9, 1), (10, 0), (11, 1), (4, 2), (5, 3), (6, 2), (7, 3), (8, 2), (9, 3), (10, 2), (11, 3)]
length: 16 76
Estimated difference between T3^fnT3 - (T2^WT3 + h.c.) is: -1.8010420917677753e-06 3.2437526163192436e-12
total cost: -7.78445693535512
singles alt: [(4, 0), (5, 1), (6, 0), (7, 1), (8, 0), (9, 1), (10, 0), (11, 1), (4, 2), (5, 3), (6, 2), (7, 3), (8, 2), (9, 3), (10, 2), (11, 3)]
length: 16 76
Estimated difference between T3^fnT3 - (T2^WT3 + h.c.) is: -1.8010421812611104e-06 3.2437529386817784e-12
total cost: -7.78445693535498
singles alt: [(4, 0), (5, 1), (6, 0), (7, 1), (8, 0), (9, 1), (10, 0), (11, 1), (4, 2), (5, 3), (6, 2), (7, 3), (8, 2), (9, 3), (10, 2), (11, 3)]
length: 16 76
Estimated difference between T3^fnT3 - (T2^WT3 + h.c.) is: -1.8010421812536667e-06 3.2437529386549657e-12
total cost: -7.784456935354992
singles alt: [(4, 0), (5, 1), (6, 0), (7, 1), (8, 0), (9, 1), (10, 0), (11, 1), (4, 2), (5, 3), (6, 2), (7, 3), (8, 2), (9, 3), (10, 2), (11, 3)]
length: 16 76
Estimated difference between T3^fnT3 - (T2^WT3 + h.c.) is: -1.8010420443344046e-06 3.2437524454602514e-12
total cost: -7.78445693535469
singles alt: [(4, 0), (5, 1), (6, 0), (7, 1), (8, 0), (9, 1), (10, 0), (11, 1), (4, 2), (5, 3), (6, 2), (7, 3), (8, 2), (9, 3), (10, 2), (11, 3)]
length: 16 76
Estimated difference between T3^fnT3 - (T2^WT3 + h.c.) is: -1.801041855543143e-06 3.2437517654182875e-12
total cost: -7.784456935354784
singles alt: [(4, 0), (5, 1), (6, 0), (7, 1), (8, 0), (9, 1), (10, 0), (11, 1), (4, 2), (5, 3), (6, 2), (7, 3), (8, 2), (9, 3), (10, 2), (11, 3)]
length: 16 76
Estimated difference between T3^fnT3 - (T2^WT3 + h.c.) is: -1.8010418555375e-06 3.2437517653979614e-12
total cost: -7.784456935354862
singles alt: [(4, 0), (5, 1), (6, 0), (7, 1), (8, 0), (9, 1), (10, 0), (11, 1), (4, 2), (5, 3), (6, 2), (7, 3), (8, 2), (9, 3), (10, 2), (11, 3)]
length: 16 76
Estimated difference between T3^fnT3 - (T2^WT3 + h.c.) is: -1.8010418555358795e-06 3.243751765392124e-12
total cost: -7.784456935354864
singles alt: [(4, 0), (5, 1), (6, 0), (7, 1), (8, 0), (9, 1), (10, 0), (11, 1), (4, 2), (5, 3), (6, 2), (7, 3), (8, 2), (9, 3), (10, 2), (11, 3)]
length: 16 76
Estimated difference between T3^fnT3 - (T2^WT3 + h.c.) is: -1.8010418555366393e-06 3.2437517653948607e-12
total cost: -7.784456935354861
singles alt: [(4, 0), (5, 1), (6, 0), (7, 1), (8, 0), (9, 1), (10, 0), (11, 1), (4, 2), (5, 3), (6, 2), (7, 3), (8, 2), (9, 3), (10, 2), (11, 3)]
length: 16 76
Estimated difference between T3^fnT3 - (T2^WT3 + h.c.) is: -1.801041855541978e-06 3.243751765414091e-12
total cost: -7.784456935354668
singles alt: [(4, 0), (5, 1), (6, 0), (7, 1), (8, 0), (9, 1), (10, 0), (11, 1), (4, 2), (5, 3), (6, 2), (7, 3), (8, 2), (9, 3), (10, 2), (11, 3)]
length: 16 76
Estimated difference between T3^fnT3 - (T2^WT3 + h.c.) is: -1.8010418555333037e-06 3.2437517653828456e-12
total cost: -7.784456935354872
singles alt: [(4, 0), (5, 1), (6, 0), (7, 1), (8, 0), (9, 1), (10, 0), (11, 1), (4, 2), (5, 3), (6, 2), (7, 3), (8, 2), (9, 3), (10, 2), (11, 3)]
length: 16 76
Estimated difference between T3^fnT3 - (T2^WT3 + h.c.) is: -1.8010418555327038e-06 3.2437517653806848e-12
total cost: -7.784456935354871
singles alt: [(4, 0), (5, 1), (6, 0), (7, 1), (8, 0), (9, 1), (10, 0), (11, 1), (4, 2), (5, 3), (6, 2), (7, 3), (8, 2), (9, 3), (10, 2), (11, 3)]
length: 16 76
Estimated difference between T3^fnT3 - (T2^WT3 + h.c.) is: -1.8010418555335087e-06 3.243751765383584e-12
total cost: -7.784456935354859
singles alt: [(4, 0), (5, 1), (6, 0), (7, 1), (8, 0), (9, 1), (10, 0), (11, 1), (4, 2), (5, 3), (6, 2), (7, 3), (8, 2), (9, 3), (10, 2), (11, 3)]
length: 16 76
Estimated difference between T3^fnT3 - (T2^WT3 + h.c.) is: -1.8010418555685161e-06 3.2437517655096837e-12
total cost: -7.784456935354729
singles alt: [(4, 0), (5, 1), (6, 0), (7, 1), (8, 0), (9, 1), (10, 0), (11, 1), (4, 2), (5, 3), (6, 2), (7, 3), (8, 2), (9, 3), (10, 2), (11, 3)]
length: 16 76
Estimated difference between T3^fnT3 - (T2^WT3 + h.c.) is: -1.8010418555326873e-06 3.243751765380625e-12
total cost: -7.784456935354868
singles alt: [(4, 0), (5, 1), (6, 0), (7, 1), (8, 0), (9, 1), (10, 0), (11, 1), (4, 2), (5, 3), (6, 2), (7, 3), (8, 2), (9, 3), (10, 2), (11, 3)]
length: 16 76
Estimated difference between T3^fnT3 - (T2^WT3 + h.c.) is: -1.801041855528503e-06 3.2437517653655528e-12
total cost: -7.784456935354868
singles alt: [(4, 0), (5, 1), (6, 0), (7, 1), (8, 0), (9, 1), (10, 0), (11, 1), (4, 2), (5, 3), (6, 2), (7, 3), (8, 2), (9, 3), (10, 2), (11, 3)]
length: 16 76
Estimated difference between T3^fnT3 - (T2^WT3 + h.c.) is: -1.8010418555375609e-06 3.2437517653981803e-12
total cost: -7.784456935354863
singles alt: [(4, 0), (5, 1), (6, 0), (7, 1), (8, 0), (9, 1), (10, 0), (11, 1), (4, 2), (5, 3), (6, 2), (7, 3), (8, 2), (9, 3), (10, 2), (11, 3)]
length: 16 76
Estimated difference between T3^fnT3 - (T2^WT3 + h.c.) is: -1.8010418556340873e-06 3.2437517657458765e-12
total cost: -7.784456935354325
singles alt: [(4, 0), (5, 1), (6, 0), (7, 1), (8, 0), (9, 1), (10, 0), (11, 1), (4, 2), (5, 3), (6, 2), (7, 3), (8, 2), (9, 3), (10, 2), (11, 3)]
length: 16 76
Estimated difference between T3^fnT3 - (T2^WT3 + h.c.) is: -1.8010418555236488e-06 3.2437517653480677e-12
total cost: -7.784456935354886
singles alt: [(4, 0), (5, 1), (6, 0), (7, 1), (8, 0), (9, 1), (10, 0), (11, 1), (4, 2), (5, 3), (6, 2), (7, 3), (8, 2), (9, 3), (10, 2), (11, 3)]
length: 16 76
Estimated difference between T3^fnT3 - (T2^WT3 + h.c.) is: -1.801041855516074e-06 3.243751765320783e-12
total cost: -7.784456935354888
singles alt: [(4, 0), (5, 1), (6, 0), (7, 1), (8, 0), (9, 1), (10, 0), (11, 1), (4, 2), (5, 3), (6, 2), (7, 3), (8, 2), (9, 3), (10, 2), (11, 3)]
length: 16 76
Estimated difference between T3^fnT3 - (T2^WT3 + h.c.) is: -1.801041855548293e-06 3.243751765436838e-12
total cost: -7.784456935354856
singles alt: [(4, 0), (5, 1), (6, 0), (7, 1), (8, 0), (9, 1), (10, 0), (11, 1), (4, 2), (5, 3), (6, 2), (7, 3), (8, 2), (9, 3), (10, 2), (11, 3)]
length: 16 76
Estimated difference between T3^fnT3 - (T2^WT3 + h.c.) is: -1.8010420919628017e-06 3.243752617021745e-12
total cost: -7.784456935354279
singles alt: [(4, 0), (5, 1), (6, 0), (7, 1), (8, 0), (9, 1), (10, 0), (11, 1), (4, 2), (5, 3), (6, 2), (7, 3), (8, 2), (9, 3), (10, 2), (11, 3)]
length: 16 76
Estimated difference between T3^fnT3 - (T2^WT3 + h.c.) is: -1.8010421814012626e-06 3.2437529391866183e-12
total cost: -7.784456935355053
singles alt: [(4, 0), (5, 1), (6, 0), (7, 1), (8, 0), (9, 1), (10, 0), (11, 1), (4, 2), (5, 3), (6, 2), (7, 3), (8, 2), (9, 3), (10, 2), (11, 3)]
length: 16 76
Estimated difference between T3^fnT3 - (T2^WT3 + h.c.) is: -1.8010421813925439e-06 3.243752939155213e-12
total cost: -7.7844569353550686
singles alt: [(4, 0), (5, 1), (6, 0), (7, 1), (8, 0), (9, 1), (10, 0), (11, 1), (4, 2), (5, 3), (6, 2), (7, 3), (8, 2), (9, 3), (10, 2), (11, 3)]
length: 16 76
Estimated difference between T3^fnT3 - (T2^WT3 + h.c.) is: -1.8010420444385126e-06 3.243752445835257e-12
total cost: -7.784456935354694
singles alt: [(4, 0), (5, 1), (6, 0), (7, 1), (8, 0), (9, 1), (10, 0), (11, 1), (4, 2), (5, 3), (6, 2), (7, 3), (8, 2), (9, 3), (10, 2), (11, 3)]
length: 16 76
Estimated difference between T3^fnT3 - (T2^WT3 + h.c.) is: -1.8010418555388647e-06 3.243751765402877e-12
total cost: -7.78445693535473
singles alt: [(4, 0), (5, 1), (6, 0), (7, 1), (8, 0), (9, 1), (10, 0), (11, 1), (4, 2), (5, 3), (6, 2), (7, 3), (8, 2), (9, 3), (10, 2), (11, 3)]
length: 16 76
Estimated difference between T3^fnT3 - (T2^WT3 + h.c.) is: -1.8010418555335563e-06 3.2437517653837556e-12
total cost: -7.784456935354871
singles alt: [(4, 0), (5, 1), (6, 0), (7, 1), (8, 0), (9, 1), (10, 0), (11, 1), (4, 2), (5, 3), (6, 2), (7, 3), (8, 2), (9, 3), (10, 2), (11, 3)]
length: 16 76
Estimated difference between T3^fnT3 - (T2^WT3 + h.c.) is: -1.8010418555324937e-06 3.243751765379928e-12
total cost: -7.7844569353548705
singles alt: [(4, 0), (5, 1), (6, 0), (7, 1), (8, 0), (9, 1), (10, 0), (11, 1), (4, 2), (5, 3), (6, 2), (7, 3), (8, 2), (9, 3), (10, 2), (11, 3)]
length: 16 76
Estimated difference between T3^fnT3 - (T2^WT3 + h.c.) is: -1.8010418555341594e-06 3.2437517653859277e-12
total cost: -7.784456935354863
singles alt: [(4, 0), (5, 1), (6, 0), (7, 1), (8, 0), (9, 1), (10, 0), (11, 1), (4, 2), (5, 3), (6, 2), (7, 3), (8, 2), (9, 3), (10, 2), (11, 3)]
length: 16 76
Estimated difference between T3^fnT3 - (T2^WT3 + h.c.) is: -1.8010419121860315e-06 3.243751969450717e-12
total cost: -7.784456935355003
singles alt: [(4, 0), (5, 1), (6, 0), (7, 1), (8, 0), (9, 1), (10, 0), (11, 1), (4, 2), (5, 3), (6, 2), (7, 3), (8, 2), (9, 3), (10, 2), (11, 3)]
length: 16 76
Estimated difference between T3^fnT3 - (T2^WT3 + h.c.) is: -1.80104181133835e-06 3.243751606188925e-12
total cost: -7.784456935355457
singles alt: [(4, 0), (5, 1), (6, 0), (7, 1), (8, 0), (9, 1), (10, 0), (11, 1), (4, 2), (5, 3), (6, 2), (7, 3), (8, 2), (9, 3), (10, 2), (11, 3)]
length: 16 76
Estimated difference between T3^fnT3 - (T2^WT3 + h.c.) is: -1.8010416328245506e-06 3.2437509631673235e-12
total cost: -7.784456935355001
singles alt: [(4, 0), (5, 1), (6, 0), (7, 1), (8, 0), (9, 1), (10, 0), (11, 1), (4, 2), (5, 3), (6, 2), (7, 3), (8, 2), (9, 3), (10, 2), (11, 3)]
length: 16 76
Estimated difference between T3^fnT3 - (T2^WT3 + h.c.) is: -1.8010416905561564e-06 3.2437511711213776e-12
total cost: -7.784456935354728
singles alt: [(4, 0), (5, 1), (6, 0), (7, 1), (8, 0), (9, 1), (10, 0), (11, 1), (4, 2), (5, 3), (6, 2), (7, 3), (8, 2), (9, 3), (10, 2), (11, 3)]
length: 16 76
Estimated difference between T3^fnT3 - (T2^WT3 + h.c.) is: -1.8010418555336681e-06 3.2437517653841583e-12
total cost: -7.7844569353546476
singles alt: [(4, 0), (5, 1), (6, 0), (7, 1), (8, 0), (9, 1), (10, 0), (11, 1), (4, 2), (5, 3), (6, 2), (7, 3), (8, 2), (9, 3), (10, 2), (11, 3)]
length: 16 76
Estimated difference between T3^fnT3 - (T2^WT3 + h.c.) is: -1.8010418555348773e-06 3.243751765388514e-12
total cost: -7.784456935354875
singles alt: [(4, 0), (5, 1), (6, 0), (7, 1), (8, 0), (9, 1), (10, 0), (11, 1), (4, 2), (5, 3), (6, 2), (7, 3), (8, 2), (9, 3), (10, 2), (11, 3)]
length: 16 76
Estimated difference between T3^fnT3 - (T2^WT3 + h.c.) is: -1.8010418555312827e-06 3.2437517653755658e-12
total cost: -7.784456935354879
singles alt: [(4, 0), (5, 1), (6, 0), (7, 1), (8, 0), (9, 1), (10, 0), (11, 1), (4, 2), (5, 3), (6, 2), (7, 3), (8, 2), (9, 3), (10, 2), (11, 3)]
length: 16 76
Estimated difference between T3^fnT3 - (T2^WT3 + h.c.) is: -1.8010418555392374e-06 3.243751765404219e-12
total cost: -7.784456935354858
singles alt: [(4, 0), (5, 1), (6, 0), (7, 1), (8, 0), (9, 1), (10, 0), (11, 1), (4, 2), (5, 3), (6, 2), (7, 3), (8, 2), (9, 3), (10, 2), (11, 3)]
length: 16 76
Estimated difference between T3^fnT3 - (T2^WT3 + h.c.) is: -1.8010418555430372e-06 3.2437517654179063e-12
total cost: -7.784456935354707
singles alt: [(4, 0), (5, 1), (6, 0), (7, 1), (8, 0), (9, 1), (10, 0), (11, 1), (4, 2), (5, 3), (6, 2), (7, 3), (8, 2), (9, 3), (10, 2), (11, 3)]
length: 16 76
Estimated difference between T3^fnT3 - (T2^WT3 + h.c.) is: -1.8010418555327233e-06 3.2437517653807546e-12
total cost: -7.784456935354869
singles alt: [(4, 0), (5, 1), (6, 0), (7, 1), (8, 0), (9, 1), (10, 0), (11, 1), (4, 2), (5, 3), (6, 2), (7, 3), (8, 2), (9, 3), (10, 2), (11, 3)]
length: 16 76
Estimated difference between T3^fnT3 - (T2^WT3 + h.c.) is: -1.8010418555331294e-06 3.243751765382218e-12
total cost: -7.784456935354875
singles alt: [(4, 0), (5, 1), (6, 0), (7, 1), (8, 0), (9, 1), (10, 0), (11, 1), (4, 2), (5, 3), (6, 2), (7, 3), (8, 2), (9, 3), (10, 2), (11, 3)]
length: 16 76
Estimated difference between T3^fnT3 - (T2^WT3 + h.c.) is: -1.8010418555323571e-06 3.243751765379436e-12
total cost: -7.784456935354857
singles alt: [(4, 0), (5, 1), (6, 0), (7, 1), (8, 0), (9, 1), (10, 0), (11, 1), (4, 2), (5, 3), (6, 2), (7, 3), (8, 2), (9, 3), (10, 2), (11, 3)]
length: 16 76
Estimated difference between T3^fnT3 - (T2^WT3 + h.c.) is: -1.801042086301173e-06 3.2437525966280815e-12
total cost: -7.784456935354598
singles alt: [(4, 0), (5, 1), (6, 0), (7, 1), (8, 0), (9, 1), (10, 0), (11, 1), (4, 2), (5, 3), (6, 2), (7, 3), (8, 2), (9, 3), (10, 2), (11, 3)]
length: 16 76
Estimated difference between T3^fnT3 - (T2^WT3 + h.c.) is: -1.8010419197353458e-06 3.2437519966439798e-12
total cost: -7.784456935354883
singles alt: [(4, 0), (5, 1), (6, 0), (7, 1), (8, 0), (9, 1), (10, 0), (11, 1), (4, 2), (5, 3), (6, 2), (7, 3), (8, 2), (9, 3), (10, 2), (11, 3)]
length: 16 76
Estimated difference between T3^fnT3 - (T2^WT3 + h.c.) is: -1.8010419196594701e-06 3.2437519963706693e-12
total cost: -7.784456935354885
singles alt: [(4, 0), (5, 1), (6, 0), (7, 1), (8, 0), (9, 1), (10, 0), (11, 1), (4, 2), (5, 3), (6, 2), (7, 3), (8, 2), (9, 3), (10, 2), (11, 3)]
length: 16 76
Estimated difference between T3^fnT3 - (T2^WT3 + h.c.) is: -1.8010419894522486e-06 3.2437522477701136e-12
total cost: -7.784456935354924
singles alt: [(4, 0), (5, 1), (6, 0), (7, 1), (8, 0), (9, 1), (10, 0), (11, 1), (4, 2), (5, 3), (6, 2), (7, 3), (8, 2), (9, 3), (10, 2), (11, 3)]
length: 16 76
Estimated difference between T3^fnT3 - (T2^WT3 + h.c.) is: -1.8010418555381506e-06 3.2437517654003044e-12
total cost: -7.78445693535486
singles alt: [(4, 0), (5, 1), (6, 0), (7, 1), (8, 0), (9, 1), (10, 0), (11, 1), (4, 2), (5, 3), (6, 2), (7, 3), (8, 2), (9, 3), (10, 2), (11, 3)]
length: 16 76
Estimated difference between T3^fnT3 - (T2^WT3 + h.c.) is: -1.8010418555430003e-06 3.2437517654177738e-12
total cost: -7.784456935354856
singles alt: [(4, 0), (5, 1), (6, 0), (7, 1), (8, 0), (9, 1), (10, 0), (11, 1), (4, 2), (5, 3), (6, 2), (7, 3), (8, 2), (9, 3), (10, 2), (11, 3)]
length: 16 76
Estimated difference between T3^fnT3 - (T2^WT3 + h.c.) is: -1.8010418555286516e-06 3.2437517653660883e-12
total cost: -7.784456935354863
singles alt: [(4, 0), (5, 1), (6, 0), (7, 1), (8, 0), (9, 1), (10, 0), (11, 1), (4, 2), (5, 3), (6, 2), (7, 3), (8, 2), (9, 3), (10, 2), (11, 3)]
length: 16 76
Estimated difference between T3^fnT3 - (T2^WT3 + h.c.) is: -1.8010418555360271e-06 3.2437517653926554e-12
total cost: -7.784456935354857
singles alt: [(4, 0), (5, 1), (6, 0), (7, 1), (8, 0), (9, 1), (10, 0), (11, 1), (4, 2), (5, 3), (6, 2), (7, 3), (8, 2), (9, 3), (10, 2), (11, 3)]
length: 16 76
Estimated difference between T3^fnT3 - (T2^WT3 + h.c.) is: -1.8010417190676979e-06 3.2437512738223284e-12
total cost: -7.784456935354734
singles alt: [(4, 0), (5, 1), (6, 0), (7, 1), (8, 0), (9, 1), (10, 0), (11, 1), (4, 2), (5, 3), (6, 2), (7, 3), (8, 2), (9, 3), (10, 2), (11, 3)]
length: 16 76
Estimated difference between T3^fnT3 - (T2^WT3 + h.c.) is: -1.8010417193304039e-06 3.2437512747686173e-12
total cost: -7.784456935354548
singles alt: [(4, 0), (5, 1), (6, 0), (7, 1), (8, 0), (9, 1), (10, 0), (11, 1), (4, 2), (5, 3), (6, 2), (7, 3), (8, 2), (9, 3), (10, 2), (11, 3)]
length: 16 76
Estimated difference between T3^fnT3 - (T2^WT3 + h.c.) is: -1.8010418555365525e-06 3.243751765394548e-12
total cost: -7.7844569353548625
singles alt: [(4, 0), (5, 1), (6, 0), (7, 1), (8, 0), (9, 1), (10, 0), (11, 1), (4, 2), (5, 3), (6, 2), (7, 3), (8, 2), (9, 3), (10, 2), (11, 3)]
length: 16 76
Estimated difference between T3^fnT3 - (T2^WT3 + h.c.) is: -1.8010418555306588e-06 3.2437517653733185e-12
total cost: -7.784456935354862
singles alt: [(4, 0), (5, 1), (6, 0), (7, 1), (8, 0), (9, 1), (10, 0), (11, 1), (4, 2), (5, 3), (6, 2), (7, 3), (8, 2), (9, 3), (10, 2), (11, 3)]
length: 16 76
Estimated difference between T3^fnT3 - (T2^WT3 + h.c.) is: -1.8010418555363333e-06 3.2437517653937585e-12
total cost: -7.78445693535486
singles alt: [(4, 0), (5, 1), (6, 0), (7, 1), (8, 0), (9, 1), (10, 0), (11, 1), (4, 2), (5, 3), (6, 2), (7, 3), (8, 2), (9, 3), (10, 2), (11, 3)]
length: 16 76
Estimated difference between T3^fnT3 - (T2^WT3 + h.c.) is: -1.8010418555323129e-06 3.2437517653792764e-12
total cost: -7.784456935354863
singles alt: [(4, 0), (5, 1), (6, 0), (7, 1), (8, 0), (9, 1), (10, 0), (11, 1), (4, 2), (5, 3), (6, 2), (7, 3), (8, 2), (9, 3), (10, 2), (11, 3)]
length: 16 76
Estimated difference between T3^fnT3 - (T2^WT3 + h.c.) is: -1.8010418555370126e-06 3.2437517653962053e-12
total cost: -7.784456935354861
singles alt: [(4, 0), (5, 1), (6, 0), (7, 1), (8, 0), (9, 1), (10, 0), (11, 1), (4, 2), (5, 3), (6, 2), (7, 3), (8, 2), (9, 3), (10, 2), (11, 3)]
length: 16 76
Estimated difference between T3^fnT3 - (T2^WT3 + h.c.) is: -1.8010418555336489e-06 3.2437517653840888e-12
total cost: -7.78445693535487
singles alt: [(4, 0), (5, 1), (6, 0), (7, 1), (8, 0), (9, 1), (10, 0), (11, 1), (4, 2), (5, 3), (6, 2), (7, 3), (8, 2), (9, 3), (10, 2), (11, 3)]
length: 16 76
Estimated difference between T3^fnT3 - (T2^WT3 + h.c.) is: -1.8010418555346354e-06 3.2437517653876427e-12
total cost: -7.78445693535459
singles alt: [(4, 0), (5, 1), (6, 0), (7, 1), (8, 0), (9, 1), (10, 0), (11, 1), (4, 2), (5, 3), (6, 2), (7, 3), (8, 2), (9, 3), (10, 2), (11, 3)]
length: 16 76
Estimated difference between T3^fnT3 - (T2^WT3 + h.c.) is: -1.8010418555346354e-06 3.2437517653876427e-12
total cost: -7.784456935354556
singles alt: [(4, 0), (5, 1), (6, 0), (7, 1), (8, 0), (9, 1), (10, 0), (11, 1), (4, 2), (5, 3), (6, 2), (7, 3), (8, 2), (9, 3), (10, 2), (11, 3)]
length: 16 76
Estimated difference between T3^fnT3 - (T2^WT3 + h.c.) is: -1.8010418555346354e-06 3.2437517653876427e-12
total cost: -7.7844569353548705
singles alt: [(4, 0), (5, 1), (6, 0), (7, 1), (8, 0), (9, 1), (10, 0), (11, 1), (4, 2), (5, 3), (6, 2), (7, 3), (8, 2), (9, 3), (10, 2), (11, 3)]
length: 16 76
Estimated difference between T3^fnT3 - (T2^WT3 + h.c.) is: -1.8010418555346354e-06 3.2437517653876427e-12
total cost: -7.784456935354849
singles alt: [(4, 0), (5, 1), (6, 0), (7, 1), (8, 0), (9, 1), (10, 0), (11, 1), (4, 2), (5, 3), (6, 2), (7, 3), (8, 2), (9, 3), (10, 2), (11, 3)]
length: 16 76
Estimated difference between T3^fnT3 - (T2^WT3 + h.c.) is: -1.8010418555346354e-06 3.2437517653876427e-12
total cost: -7.784456935354871
singles alt: [(4, 0), (5, 1), (6, 0), (7, 1), (8, 0), (9, 1), (10, 0), (11, 1), (4, 2), (5, 3), (6, 2), (7, 3), (8, 2), (9, 3), (10, 2), (11, 3)]
length: 16 76
Estimated difference between T3^fnT3 - (T2^WT3 + h.c.) is: -1.8010418555346354e-06 3.2437517653876427e-12
total cost: -7.78445693535488
singles alt: [(4, 0), (5, 1), (6, 0), (7, 1), (8, 0), (9, 1), (10, 0), (11, 1), (4, 2), (5, 3), (6, 2), (7, 3), (8, 2), (9, 3), (10, 2), (11, 3)]
length: 16 76
Estimated difference between T3^fnT3 - (T2^WT3 + h.c.) is: -1.8010418555346354e-06 3.2437517653876427e-12
total cost: -7.784456935354802
singles alt: [(4, 0), (5, 1), (6, 0), (7, 1), (8, 0), (9, 1), (10, 0), (11, 1), (4, 2), (5, 3), (6, 2), (7, 3), (8, 2), (9, 3), (10, 2), (11, 3)]
length: 16 76
Estimated difference between T3^fnT3 - (T2^WT3 + h.c.) is: -1.8010418555346354e-06 3.2437517653876427e-12
total cost: -7.784456935354766
singles alt: [(4, 0), (5, 1), (6, 0), (7, 1), (8, 0), (9, 1), (10, 0), (11, 1), (4, 2), (5, 3), (6, 2), (7, 3), (8, 2), (9, 3), (10, 2), (11, 3)]
length: 16 76
Estimated difference between T3^fnT3 - (T2^WT3 + h.c.) is: -1.8010418555346354e-06 3.2437517653876427e-12
total cost: -7.784456935354889
singles alt: [(4, 0), (5, 1), (6, 0), (7, 1), (8, 0), (9, 1), (10, 0), (11, 1), (4, 2), (5, 3), (6, 2), (7, 3), (8, 2), (9, 3), (10, 2), (11, 3)]
length: 16 76
Estimated difference between T3^fnT3 - (T2^WT3 + h.c.) is: -1.8010418555346354e-06 3.2437517653876427e-12
total cost: -7.784456935354902
singles alt: [(4, 0), (5, 1), (6, 0), (7, 1), (8, 0), (9, 1), (10, 0), (11, 1), (4, 2), (5, 3), (6, 2), (7, 3), (8, 2), (9, 3), (10, 2), (11, 3)]
length: 16 76
Estimated difference between T3^fnT3 - (T2^WT3 + h.c.) is: -1.8010418555346354e-06 3.2437517653876427e-12
total cost: -7.78445693535486
singles alt: [(4, 0), (5, 1), (6, 0), (7, 1), (8, 0), (9, 1), (10, 0), (11, 1), (4, 2), (5, 3), (6, 2), (7, 3), (8, 2), (9, 3), (10, 2), (11, 3)]
length: 16 76
Estimated difference between T3^fnT3 - (T2^WT3 + h.c.) is: -1.8010418555346354e-06 3.2437517653876427e-12
total cost: -7.784456935354863
singles alt: [(4, 0), (5, 1), (6, 0), (7, 1), (8, 0), (9, 1), (10, 0), (11, 1), (4, 2), (5, 3), (6, 2), (7, 3), (8, 2), (9, 3), (10, 2), (11, 3)]
length: 16 76
Estimated difference between T3^fnT3 - (T2^WT3 + h.c.) is: -1.8010418555346354e-06 3.2437517653876427e-12
total cost: -7.78445693535486
singles alt: [(4, 0), (5, 1), (6, 0), (7, 1), (8, 0), (9, 1), (10, 0), (11, 1), (4, 2), (5, 3), (6, 2), (7, 3), (8, 2), (9, 3), (10, 2), (11, 3)]
length: 16 76
Estimated difference between T3^fnT3 - (T2^WT3 + h.c.) is: -1.8010418555346354e-06 3.2437517653876427e-12
total cost: -7.784456935354861
singles alt: [(4, 0), (5, 1), (6, 0), (7, 1), (8, 0), (9, 1), (10, 0), (11, 1), (4, 2), (5, 3), (6, 2), (7, 3), (8, 2), (9, 3), (10, 2), (11, 3)]
length: 16 76
Estimated difference between T3^fnT3 - (T2^WT3 + h.c.) is: -1.8010418555346354e-06 3.2437517653876427e-12
total cost: -7.784456935354628
singles alt: [(4, 0), (5, 1), (6, 0), (7, 1), (8, 0), (9, 1), (10, 0), (11, 1), (4, 2), (5, 3), (6, 2), (7, 3), (8, 2), (9, 3), (10, 2), (11, 3)]
length: 16 76
Estimated difference between T3^fnT3 - (T2^WT3 + h.c.) is: -1.8010418555346354e-06 3.2437517653876427e-12
total cost: -7.784456935354628
singles alt: [(4, 0), (5, 1), (6, 0), (7, 1), (8, 0), (9, 1), (10, 0), (11, 1), (4, 2), (5, 3), (6, 2), (7, 3), (8, 2), (9, 3), (10, 2), (11, 3)]
callback: energy=-7.784455134313
Optimization terminated successfully.
         Current function value: -7.784457
         Iterations: 17
         Function evaluations: 2418
         Gradient evaluations: 26
Optimization finished in 917.92 s
Success: True
Final energy: -7.7844569353548625
(4, 5, 0, 1) | 0.0033703796976403
(4, 5, 0, 3) | 0.0005292827445455
(4, 5, 2, 1) | 0.0005295628984268
(4, 5, 2, 3) | 0.0223835678446624
(4, 7, 0, 1) | -0.0000027696557077
(4, 7, 0, 3) | 0.0000001139671039
(4, 7, 2, 1) | 0.0000001135169395
(4, 7, 2, 3) | 0.0000000723731420
(4, 9, 0, 1) | 0.0000026318658316
(4, 9, 0, 3) | -0.0000000969285230
(4, 9, 2, 1) | -0.0000001103538179
(4, 9, 2, 3) | -0.0000000334355825
(4, 11, 0, 1) | 0.0015992896274225
(4, 11, 0, 3) | -0.0042123172087995
(4, 11, 2, 1) | -0.0014695796638684
(4, 11, 2, 3) | -0.0433029838386934
(6, 5, 0, 1) | 0.0000016904649027
(6, 5, 0, 3) | -0.0000000033308858
(6, 5, 2, 1) | -0.0000000736831515
(6, 5, 2, 3) | 0.0000000115989481
(6, 7, 0, 1) | 0.0017328748328172
(6, 7, 0, 3) | 0.0029804979119932
(6, 7, 2, 1) | 0.0029800834036198
(6, 7, 2, 3) | 0.0363773171664122
(6, 9, 0, 1) | 0.0000004605233796
(6, 9, 0, 3) | 0.0000000216600623
(6, 9, 2, 1) | -0.0000000003452070
(6, 9, 2, 3) | 0.0000000464049354
(6, 11, 0, 1) | 0.0000010996004709
(6, 11, 0, 3) | -0.0000000778577579
(6, 11, 2, 1) | -0.0000000497341199
(6, 11, 2, 3) | -0.0000000175878679
(8, 5, 0, 1) | 0.0000007978983999
(8, 5, 0, 3) | -0.0000000358326761
(8, 5, 2, 1) | -0.0000000475575143
(8, 5, 2, 3) | -0.0000000852223118
(8, 7, 0, 1) | 0.0000033364007913
(8, 7, 0, 3) | -0.0000001219083611
(8, 7, 2, 1) | -0.0000001962735374
(8, 7, 2, 3) | 0.0000000999912669
(8, 9, 0, 1) | 0.0017364189543165
(8, 9, 0, 3) | 0.0029819666569795
(8, 9, 2, 1) | 0.0029815387915153
(8, 9, 2, 3) | 0.0364013400918190
(8, 11, 0, 1) | 0.0000007364095834
(8, 11, 0, 3) | -0.0000000728267126
(8, 11, 2, 1) | -0.0000000460017601
(8, 11, 2, 3) | -0.0000000420607253
(10, 5, 0, 1) | 0.0016001929853174
(10, 5, 0, 3) | -0.0014733415168679
(10, 5, 2, 1) | -0.0042187995305270
(10, 5, 2, 3) | -0.0434026980276371
(10, 7, 0, 1) | 0.0000011799035313
(10, 7, 0, 3) | -0.0000000847492636
(10, 7, 2, 1) | -0.0000001540900056
(10, 7, 2, 3) | 0.0000000255945065
(10, 9, 0, 1) | 0.0000008718209234
(10, 9, 0, 3) | -0.0000000364091425
(10, 9, 2, 1) | -0.0000001138463512
(10, 9, 2, 3) | 0.0000000733167272
(10, 11, 0, 1) | 0.0007913785957591
(10, 11, 0, 3) | 0.0029538187015702
(10, 11, 2, 1) | 0.0029537534185704
(10, 11, 2, 3) | 0.0969039650929144
(4, 6, 0, 2) | 0.0000000428404346
(5, 7, 1, 3) | 0.0000000567948190
(4, 8, 0, 2) | -0.0000000262450257
(5, 9, 1, 3) | 0.0000000263589736
(4, 10, 0, 2) | -0.0027659166505682
(5, 11, 1, 3) | -0.0027637500907459
(6, 8, 0, 2) | -0.0000000093741609
(7, 9, 1, 3) | -0.0000000177871277
(6, 10, 0, 2) | 0.0000000216596891
(7, 11, 1, 3) | -0.0000000262871002
(8, 10, 0, 2) | 0.0000000064334472
(9, 11, 1, 3) | -0.0000000921270365
(4, 0)         | 0.0004740313345569
(5, 1)         | 0.0004744426817878
(6, 0)         | -0.0000000316147734
(7, 1)         | 0.0000000764170432
(8, 0)         | -0.0000000833243143
(9, 1)         | -0.0000001162324855
(10, 0)        | -0.0005021646887676
(11, 1)        | -0.0005017437454479
(4, 2)         | 0.0298922056747252
(5, 3)         | 0.0298898343343302
(6, 2)         | 0.0000000803032291
(7, 3)         | 0.0000002762391748
(8, 2)         | 0.0000000181080656
(9, 3)         | 0.0000001079040450
(10, 2)        | 0.0010071158551429
(11, 3)        | 0.0010074528129490
singles alt: [(4, 0), (5, 1), (6, 0), (7, 1), (8, 0), (9, 1), (10, 0), (11, 1), (4, 2), (5, 3), (6, 2), (7, 3), (8, 2), (9, 3), (10, 2), (11, 3)]
Final evaluation of (unbiased) <H>: -7.784455134313007
