converged SCF energy = -2.3077200828205
[[ 0.25746871 -0.44672839 -0.43387841  0.4627926  -0.50064625 -0.3024085 ]
 [ 0.36449014 -0.48045271 -0.28988534 -0.28281464  0.54140444  0.44726415]
 [ 0.47315387 -0.12532344  0.45682498 -0.47832785 -0.16112332 -0.56385223]
 [ 0.47315387  0.12532344  0.45682498  0.47832785 -0.16112332  0.56385223]
 [ 0.36449014  0.48045271 -0.28988534  0.28281464  0.54140444 -0.44726415]
 [ 0.25746871  0.44672839 -0.43387841 -0.4627926  -0.50064625  0.3024085 ]]
<class 'pyscf.gto.mole.Mole'> <class 'pyscf.scf.hf.RHF'>
 ecore:  -0.86386618
h1!!! [[ 9.90751269e-01  3.83716519e-16  7.74309026e-02 -4.23701533e-16
   3.34236718e-02 -2.40103354e-17]
 [ 4.29683222e-16  9.31606286e-01  4.98979150e-16  7.95062574e-02
  -1.19371847e-16 -5.45298917e-02]
 [ 7.74309026e-02  4.61496213e-16  1.00726317e+00  2.50959973e-16
  -1.09624591e-01  1.52097153e-15]
 [-3.81920120e-16  7.95062574e-02  2.49605331e-16  1.05699194e+00
   6.46270869e-16  8.54493703e-02]
 [ 3.34236718e-02 -4.94129637e-17 -1.09624591e-01  5.87600634e-16
   1.07682511e+00  9.81333833e-16]
 [-1.92339771e-17 -5.45298917e-02  1.39643114e-15  8.54493703e-02
   1.03270214e-15  1.21274933e+00]]
SCF energy pycc: -2.307720082820505 -2.307720082820505
dropcore: 0
calctype: None
dropcore: 0
n_mo=6, n_spin_orbitals=12, n_electrons=6
[-0.30410402 -0.30410402 -0.26594137 -0.26594137 -0.21148852 -0.21148852
  0.03354002  0.03354002  0.1015578   0.1015578   0.1544949   0.1544949 ]
geo: [['H', [0, 0, 0]], ['H', [0, 0, 2.1]], ['H', [0, 0, 4.2]], ['H', [0, 0, 6.300000000000001]], ['H', [0, 0, 8.4]], ['H', [0, 0, 10.5]]]
Original Hamiltonian shape: (4096, 4096)
Restricted Hamiltonian shape: (400, 400)
hf_index: 4032
restrict sz: (400,)
e cmp: -2.834050765085353
<1100|H|1100> = (-2.307720082820506+0j)

nelectrons: 6
singles alt: [(6, 0), (7, 1), (8, 0), (9, 1), (10, 0), (11, 1), (6, 2), (7, 3), (8, 2), (9, 3), (10, 2), (11, 3), (6, 4), (7, 5), (8, 4), (9, 5), (10, 4), (11, 5)]
singles alt: [(6, 0), (7, 1), (8, 0), (9, 1), (10, 0), (11, 1), (6, 2), (7, 3), (8, 2), (9, 3), (10, 2), (11, 3), (6, 4), (7, 5), (8, 4), (9, 5), (10, 4), (11, 5)]
singles alt: [(6, 0), (7, 1), (8, 0), (9, 1), (10, 0), (11, 1), (6, 2), (7, 3), (8, 2), (9, 3), (10, 2), (11, 3), (6, 4), (7, 5), (8, 4), (9, 5), (10, 4), (11, 5)]
Energy at theta=0 (should be HF energy): -2.307720082821  PySCF RHF energy: -2.307720082821,-2.307720082821
Starting optimization... (this may take some time for larger ansatz sizes)
singles alt: [(6, 0), (7, 1), (8, 0), (9, 1), (10, 0), (11, 1), (6, 2), (7, 3), (8, 2), (9, 3), (10, 2), (11, 3), (6, 4), (7, 5), (8, 4), (9, 5), (10, 4), (11, 5)]
length: 18 99
2*[T] vs T3fnT3: 0.0 0.0
Estimated difference between T3^fnT3 - (T2^WT3 + h.c.) is: 0.0 0.0
total cost: -2.307720082820506
singles alt: [(6, 0), (7, 1), (8, 0), (9, 1), (10, 0), (11, 1), (6, 2), (7, 3), (8, 2), (9, 3), (10, 2), (11, 3), (6, 4), (7, 5), (8, 4), (9, 5), (10, 4), (11, 5)]
length: 18 99
2*[T] vs T3fnT3: -2.814150056742668e-19 5.6283001303702375e-19
Estimated difference between T3^fnT3 - (T2^WT3 + h.c.) is: 2.8141500736275694e-19 7.919440636898054e-38
total cost: -2.3077200857450895
singles alt: [(6, 0), (7, 1), (8, 0), (9, 1), (10, 0), (11, 1), (6, 2), (7, 3), (8, 2), (9, 3), (10, 2), (11, 3), (6, 4), (7, 5), (8, 4), (9, 5), (10, 4), (11, 5)]
length: 18 99
2*[T] vs T3fnT3: -2.2787442572355764e-19 4.557488528143619e-19
Estimated difference between T3^fnT3 - (T2^WT3 + h.c.) is: 2.278744270908043e-19 5.192675452196228e-38
total cost: -2.3077200828205053
singles alt: [(6, 0), (7, 1), (8, 0), (9, 1), (10, 0), (11, 1), (6, 2), (7, 3), (8, 2), (9, 3), (10, 2), (11, 3), (6, 4), (7, 5), (8, 4), (9, 5), (10, 4), (11, 5)]
length: 18 99
2*[T] vs T3fnT3: -2.0404551730306607e-19 4.0809103583040535e-19
Estimated difference between T3^fnT3 - (T2^WT3 + h.c.) is: 2.0404551852733929e-19 4.163457363109076e-38
total cost: -2.307720083458355
singles alt: [(6, 0), (7, 1), (8, 0), (9, 1), (10, 0), (11, 1), (6, 2), (7, 3), (8, 2), (9, 3), (10, 2), (11, 3), (6, 4), (7, 5), (8, 4), (9, 5), (10, 4), (11, 5)]
length: 18 99
2*[T] vs T3fnT3: -2.2787442572355764e-19 4.557488528143618e-19
Estimated difference between T3^fnT3 - (T2^WT3 + h.c.) is: 2.278744270908042e-19 5.192675452196223e-38
total cost: -2.3077200828205053
singles alt: [(6, 0), (7, 1), (8, 0), (9, 1), (10, 0), (11, 1), (6, 2), (7, 3), (8, 2), (9, 3), (10, 2), (11, 3), (6, 4), (7, 5), (8, 4), (9, 5), (10, 4), (11, 5)]
length: 18 99
2*[T] vs T3fnT3: -3.2122842949569298e-19 6.424568609187568e-19
Estimated difference between T3^fnT3 - (T2^WT3 + h.c.) is: 3.212284314230638e-19 1.03187705154522e-37
total cost: -2.3077200852813724
singles alt: [(6, 0), (7, 1), (8, 0), (9, 1), (10, 0), (11, 1), (6, 2), (7, 3), (8, 2), (9, 3), (10, 2), (11, 3), (6, 4), (7, 5), (8, 4), (9, 5), (10, 4), (11, 5)]
length: 18 99
2*[T] vs T3fnT3: -2.472216268257079e-19 4.944432551347453e-19
Estimated difference between T3^fnT3 - (T2^WT3 + h.c.) is: 2.4722162830903746e-19 6.111853350377187e-38
total cost: -2.3077200828205053
singles alt: [(6, 0), (7, 1), (8, 0), (9, 1), (10, 0), (11, 1), (6, 2), (7, 3), (8, 2), (9, 3), (10, 2), (11, 3), (6, 4), (7, 5), (8, 4), (9, 5), (10, 4), (11, 5)]
length: 18 99
2*[T] vs T3fnT3: -2.0404551730306611e-19 4.080910358304053e-19
Estimated difference between T3^fnT3 - (T2^WT3 + h.c.) is: 2.040455185273392e-19 4.163457363109072e-38
total cost: -2.307720083458355
singles alt: [(6, 0), (7, 1), (8, 0), (9, 1), (10, 0), (11, 1), (6, 2), (7, 3), (8, 2), (9, 3), (10, 2), (11, 3), (6, 4), (7, 5), (8, 4), (9, 5), (10, 4), (11, 5)]
length: 18 99
2*[T] vs T3fnT3: -2.472216268257079e-19 4.944432551347454e-19
Estimated difference between T3^fnT3 - (T2^WT3 + h.c.) is: 2.4722162830903755e-19 6.111853350377192e-38
total cost: -2.3077200828205053
singles alt: [(6, 0), (7, 1), (8, 0), (9, 1), (10, 0), (11, 1), (6, 2), (7, 3), (8, 2), (9, 3), (10, 2), (11, 3), (6, 4), (7, 5), (8, 4), (9, 5), (10, 4), (11, 5)]
length: 18 99
2*[T] vs T3fnT3: -1.3411236413220644e-19 2.682247290690872e-19
Estimated difference between T3^fnT3 - (T2^WT3 + h.c.) is: 1.3411236493688077e-19 1.7986126428963087e-38
total cost: -2.3077200859120057
singles alt: [(6, 0), (7, 1), (8, 0), (9, 1), (10, 0), (11, 1), (6, 2), (7, 3), (8, 2), (9, 3), (10, 2), (11, 3), (6, 4), (7, 5), (8, 4), (9, 5), (10, 4), (11, 5)]
length: 18 99
2*[T] vs T3fnT3: -3.973258548347939e-19 7.946517120535429e-19
Estimated difference between T3^fnT3 - (T2^WT3 + h.c.) is: 3.9732585721874897e-19 1.578678368146137e-37
total cost: -2.3077200828205053
singles alt: [(6, 0), (7, 1), (8, 0), (9, 1), (10, 0), (11, 1), (6, 2), (7, 3), (8, 2), (9, 3), (10, 2), (11, 3), (6, 4), (7, 5), (8, 4), (9, 5), (10, 4), (11, 5)]
length: 18 99
2*[T] vs T3fnT3: -1.6967066728916019e-19 3.3934133559634446e-19
Estimated difference between T3^fnT3 - (T2^WT3 + h.c.) is: 1.6967066830718427e-19 2.8788135683806543e-38
total cost: -2.307720080905153
singles alt: [(6, 0), (7, 1), (8, 0), (9, 1), (10, 0), (11, 1), (6, 2), (7, 3), (8, 2), (9, 3), (10, 2), (11, 3), (6, 4), (7, 5), (8, 4), (9, 5), (10, 4), (11, 5)]
length: 18 99
2*[T] vs T3fnT3: -2.4246180149087476e-19 4.849236044365203e-19
Estimated difference between T3^fnT3 - (T2^WT3 + h.c.) is: 2.424618029456456e-19 5.878772588765307e-38
total cost: -2.3077200828205053
singles alt: [(6, 0), (7, 1), (8, 0), (9, 1), (10, 0), (11, 1), (6, 2), (7, 3), (8, 2), (9, 3), (10, 2), (11, 3), (6, 4), (7, 5), (8, 4), (9, 5), (10, 4), (11, 5)]
length: 18 99
2*[T] vs T3fnT3: -2.852496872064673e-19 5.704993761244325e-19
Estimated difference between T3^fnT3 - (T2^WT3 + h.c.) is: 2.8524968891796524e-19 8.136738502779594e-38
total cost: -2.307720081265025
singles alt: [(6, 0), (7, 1), (8, 0), (9, 1), (10, 0), (11, 1), (6, 2), (7, 3), (8, 2), (9, 3), (10, 2), (11, 3), (6, 4), (7, 5), (8, 4), (9, 5), (10, 4), (11, 5)]
length: 18 99
2*[T] vs T3fnT3: -3.3076309137966106e-19 6.615261847439006e-19
Estimated difference between T3^fnT3 - (T2^WT3 + h.c.) is: 3.307630933642395e-19 1.0940422393188063e-37
total cost: -2.3077200828205053
singles alt: [(6, 0), (7, 1), (8, 0), (9, 1), (10, 0), (11, 1), (6, 2), (7, 3), (8, 2), (9, 3), (10, 2), (11, 3), (6, 4), (7, 5), (8, 4), (9, 5), (10, 4), (11, 5)]
length: 18 99
2*[T] vs T3fnT3: -2.555706063952034e-19 5.111412143238305e-19
Estimated difference between T3^fnT3 - (T2^WT3 + h.c.) is: 2.555706079286271e-19 6.531633563700802e-38
total cost: -2.307720085307434
singles alt: [(6, 0), (7, 1), (8, 0), (9, 1), (10, 0), (11, 1), (6, 2), (7, 3), (8, 2), (9, 3), (10, 2), (11, 3), (6, 4), (7, 5), (8, 4), (9, 5), (10, 4), (11, 5)]
length: 18 99
2*[T] vs T3fnT3: -3.967036619319266e-19 7.934073262440753e-19
Estimated difference between T3^fnT3 - (T2^WT3 + h.c.) is: 3.9670366431214875e-19 1.57373797278686e-37
total cost: -2.3077200828205053
singles alt: [(6, 0), (7, 1), (8, 0), (9, 1), (10, 0), (11, 1), (6, 2), (7, 3), (8, 2), (9, 3), (10, 2), (11, 3), (6, 4), (7, 5), (8, 4), (9, 5), (10, 4), (11, 5)]
length: 18 99
2*[T] vs T3fnT3: -2.0898434886783269e-19 4.179686989895714e-19
Estimated difference between T3^fnT3 - (T2^WT3 + h.c.) is: 2.089843501217387e-19 4.3674458595805467e-38
total cost: -2.307720084685244
singles alt: [(6, 0), (7, 1), (8, 0), (9, 1), (10, 0), (11, 1), (6, 2), (7, 3), (8, 2), (9, 3), (10, 2), (11, 3), (6, 4), (7, 5), (8, 4), (9, 5), (10, 4), (11, 5)]
length: 18 99
2*[T] vs T3fnT3: -2.6269767271671007e-19 5.253953470096064e-19
Estimated difference between T3^fnT3 - (T2^WT3 + h.c.) is: 2.6269767429289634e-19 6.901006807889665e-38
total cost: -2.3077200828205053
singles alt: [(6, 0), (7, 1), (8, 0), (9, 1), (10, 0), (11, 1), (6, 2), (7, 3), (8, 2), (9, 3), (10, 2), (11, 3), (6, 4), (7, 5), (8, 4), (9, 5), (10, 4), (11, 5)]
length: 18 99
2*[T] vs T3fnT3: -3.100090802659791e-19 6.200181623920127e-19
Estimated difference between T3^fnT3 - (T2^WT3 + h.c.) is: 3.1000908212603357e-19 9.610563100062582e-38
total cost: -2.3077200838644205
singles alt: [(6, 0), (7, 1), (8, 0), (9, 1), (10, 0), (11, 1), (6, 2), (7, 3), (8, 2), (9, 3), (10, 2), (11, 3), (6, 4), (7, 5), (8, 4), (9, 5), (10, 4), (11, 5)]
length: 18 99
2*[T] vs T3fnT3: -1.5695992911313289e-19 3.139198591680253e-19
Estimated difference between T3^fnT3 - (T2^WT3 + h.c.) is: 1.569599300548924e-19 2.463641964283672e-38
total cost: -2.3077200828205053
singles alt: [(6, 0), (7, 1), (8, 0), (9, 1), (10, 0), (11, 1), (6, 2), (7, 3), (8, 2), (9, 3), (10, 2), (11, 3), (6, 4), (7, 5), (8, 4), (9, 5), (10, 4), (11, 5)]
length: 18 99
2*[T] vs T3fnT3: -2.7454221307414734e-19 5.490844277955479e-19
Estimated difference between T3^fnT3 - (T2^WT3 + h.c.) is: 2.745422147214005e-19 7.537342766413158e-38
total cost: -2.3077200857783073
singles alt: [(6, 0), (7, 1), (8, 0), (9, 1), (10, 0), (11, 1), (6, 2), (7, 3), (8, 2), (9, 3), (10, 2), (11, 3), (6, 4), (7, 5), (8, 4), (9, 5), (10, 4), (11, 5)]
length: 18 99
2*[T] vs T3fnT3: -3.203519861059679e-19 6.407039741340477e-19
Estimated difference between T3^fnT3 - (T2^WT3 + h.c.) is: 3.203519880280798e-19 1.0262539623354299e-37
total cost: -2.3077200828205053
singles alt: [(6, 0), (7, 1), (8, 0), (9, 1), (10, 0), (11, 1), (6, 2), (7, 3), (8, 2), (9, 3), (10, 2), (11, 3), (6, 4), (7, 5), (8, 4), (9, 5), (10, 4), (11, 5)]
length: 18 99
2*[T] vs T3fnT3: -3.8596452120134355e-19 7.719290447184742e-19
Estimated difference between T3^fnT3 - (T2^WT3 + h.c.) is: 3.8596452351713064e-19 1.4896861341380568e-37
total cost: -2.307720081244589
singles alt: [(6, 0), (7, 1), (8, 0), (9, 1), (10, 0), (11, 1), (6, 2), (7, 3), (8, 2), (9, 3), (10, 2), (11, 3), (6, 4), (7, 5), (8, 4), (9, 5), (10, 4), (11, 5)]
length: 18 99
2*[T] vs T3fnT3: -4.1805606632191754e-19 8.361121351521711e-19
Estimated difference between T3^fnT3 - (T2^WT3 + h.c.) is: 4.180560688302535e-19 1.7477087668580567e-37
total cost: -2.3077200828205053
singles alt: [(6, 0), (7, 1), (8, 0), (9, 1), (10, 0), (11, 1), (6, 2), (7, 3), (8, 2), (9, 3), (10, 2), (11, 3), (6, 4), (7, 5), (8, 4), (9, 5), (10, 4), (11, 5)]
length: 18 99
2*[T] vs T3fnT3: -2.248827002483328e-19 4.497654018459619e-19
Estimated difference between T3^fnT3 - (T2^WT3 + h.c.) is: 2.248827015976291e-19 5.05722294778483e-38
total cost: -2.3077200851655317
singles alt: [(6, 0), (7, 1), (8, 0), (9, 1), (10, 0), (11, 1), (6, 2), (7, 3), (8, 2), (9, 3), (10, 2), (11, 3), (6, 4), (7, 5), (8, 4), (9, 5), (10, 4), (11, 5)]
length: 18 99
2*[T] vs T3fnT3: -1.4498715307777538e-19 2.899743070254737e-19
Estimated difference between T3^fnT3 - (T2^WT3 + h.c.) is: 1.4498715394769834e-19 2.1021274809853578e-38
total cost: -2.3077200828205053
singles alt: [(6, 0), (7, 1), (8, 0), (9, 1), (10, 0), (11, 1), (6, 2), (7, 3), (8, 2), (9, 3), (10, 2), (11, 3), (6, 4), (7, 5), (8, 4), (9, 5), (10, 4), (11, 5)]
length: 18 99
2*[T] vs T3fnT3: -1.2370593721105803e-19 2.474118751643517e-19
Estimated difference between T3^fnT3 - (T2^WT3 + h.c.) is: 1.2370593795329366e-19 1.530315908490414e-38
total cost: -2.307720083444192
singles alt: [(6, 0), (7, 1), (8, 0), (9, 1), (10, 0), (11, 1), (6, 2), (7, 3), (8, 2), (9, 3), (10, 2), (11, 3), (6, 4), (7, 5), (8, 4), (9, 5), (10, 4), (11, 5)]
length: 18 99
2*[T] vs T3fnT3: -3.973258548347939e-19 7.946517120535429e-19
Estimated difference between T3^fnT3 - (T2^WT3 + h.c.) is: 3.9732585721874897e-19 1.578678368146137e-37
total cost: -2.3077200828205053
singles alt: [(6, 0), (7, 1), (8, 0), (9, 1), (10, 0), (11, 1), (6, 2), (7, 3), (8, 2), (9, 3), (10, 2), (11, 3), (6, 4), (7, 5), (8, 4), (9, 5), (10, 4), (11, 5)]
length: 18 99
2*[T] vs T3fnT3: -2.8524968720646732e-19 5.704993761244325e-19
Estimated difference between T3^fnT3 - (T2^WT3 + h.c.) is: 2.852496889179652e-19 8.136738502779591e-38
total cost: -2.307720081265025
singles alt: [(6, 0), (7, 1), (8, 0), (9, 1), (10, 0), (11, 1), (6, 2), (7, 3), (8, 2), (9, 3), (10, 2), (11, 3), (6, 4), (7, 5), (8, 4), (9, 5), (10, 4), (11, 5)]
length: 18 99
2*[T] vs T3fnT3: -3.967036619319265e-19 7.9340732624407515e-19
Estimated difference between T3^fnT3 - (T2^WT3 + h.c.) is: 3.9670366431214865e-19 1.5737379727868592e-37
total cost: -2.3077200828205053
singles alt: [(6, 0), (7, 1), (8, 0), (9, 1), (10, 0), (11, 1), (6, 2), (7, 3), (8, 2), (9, 3), (10, 2), (11, 3), (6, 4), (7, 5), (8, 4), (9, 5), (10, 4), (11, 5)]
length: 18 99
2*[T] vs T3fnT3: -1.6967066728916019e-19 3.3934133559634446e-19
Estimated difference between T3^fnT3 - (T2^WT3 + h.c.) is: 1.6967066830718427e-19 2.8788135683806543e-38
total cost: -2.307720080905153
singles alt: [(6, 0), (7, 1), (8, 0), (9, 1), (10, 0), (11, 1), (6, 2), (7, 3), (8, 2), (9, 3), (10, 2), (11, 3), (6, 4), (7, 5), (8, 4), (9, 5), (10, 4), (11, 5)]
length: 18 99
2*[T] vs T3fnT3: -3.3076309137966096e-19 6.615261847439006e-19
Estimated difference between T3^fnT3 - (T2^WT3 + h.c.) is: 3.307630933642396e-19 1.094042239318807e-37
total cost: -2.3077200828205053
singles alt: [(6, 0), (7, 1), (8, 0), (9, 1), (10, 0), (11, 1), (6, 2), (7, 3), (8, 2), (9, 3), (10, 2), (11, 3), (6, 4), (7, 5), (8, 4), (9, 5), (10, 4), (11, 5)]
length: 18 99
2*[T] vs T3fnT3: -2.0898434886783274e-19 4.179686989895714e-19
Estimated difference between T3^fnT3 - (T2^WT3 + h.c.) is: 2.0898435012173865e-19 4.3674458595805446e-38
total cost: -2.307720084685244
singles alt: [(6, 0), (7, 1), (8, 0), (9, 1), (10, 0), (11, 1), (6, 2), (7, 3), (8, 2), (9, 3), (10, 2), (11, 3), (6, 4), (7, 5), (8, 4), (9, 5), (10, 4), (11, 5)]
length: 18 99
2*[T] vs T3fnT3: -2.424618014908747e-19 4.849236044365203e-19
Estimated difference between T3^fnT3 - (T2^WT3 + h.c.) is: 2.4246180294564564e-19 5.878772588765309e-38
total cost: -2.3077200828205053
singles alt: [(6, 0), (7, 1), (8, 0), (9, 1), (10, 0), (11, 1), (6, 2), (7, 3), (8, 2), (9, 3), (10, 2), (11, 3), (6, 4), (7, 5), (8, 4), (9, 5), (10, 4), (11, 5)]
length: 18 99
2*[T] vs T3fnT3: -2.5557060639520344e-19 5.111412143238304e-19
Estimated difference between T3^fnT3 - (T2^WT3 + h.c.) is: 2.5557060792862694e-19 6.531633563700795e-38
total cost: -2.307720085307434
singles alt: [(6, 0), (7, 1), (8, 0), (9, 1), (10, 0), (11, 1), (6, 2), (7, 3), (8, 2), (9, 3), (10, 2), (11, 3), (6, 4), (7, 5), (8, 4), (9, 5), (10, 4), (11, 5)]
length: 18 99
2*[T] vs T3fnT3: -2.6269767271671007e-19 5.253953470096064e-19
Estimated difference between T3^fnT3 - (T2^WT3 + h.c.) is: 2.6269767429289634e-19 6.901006807889665e-38
total cost: -2.3077200828205053
singles alt: [(6, 0), (7, 1), (8, 0), (9, 1), (10, 0), (11, 1), (6, 2), (7, 3), (8, 2), (9, 3), (10, 2), (11, 3), (6, 4), (7, 5), (8, 4), (9, 5), (10, 4), (11, 5)]
length: 18 99
2*[T] vs T3fnT3: -5.22276790456196e-19 1.0445535840460526e-18
Estimated difference between T3^fnT3 - (T2^WT3 + h.c.) is: 5.222767935898566e-19 2.7277304912250166e-37
total cost: -2.3077200846963843
singles alt: [(6, 0), (7, 1), (8, 0), (9, 1), (10, 0), (11, 1), (6, 2), (7, 3), (8, 2), (9, 3), (10, 2), (11, 3), (6, 4), (7, 5), (8, 4), (9, 5), (10, 4), (11, 5)]
length: 18 99
2*[T] vs T3fnT3: -3.774477669669325e-19 7.548955361985515e-19
Estimated difference between T3^fnT3 - (T2^WT3 + h.c.) is: 3.7744776923161897e-19 1.4246681849792549e-37
total cost: -2.3077200828205053
singles alt: [(6, 0), (7, 1), (8, 0), (9, 1), (10, 0), (11, 1), (6, 2), (7, 3), (8, 2), (9, 3), (10, 2), (11, 3), (6, 4), (7, 5), (8, 4), (9, 5), (10, 4), (11, 5)]
length: 18 99
2*[T] vs T3fnT3: -4.445547322153837e-19 8.891094670980957e-19
Estimated difference between T3^fnT3 - (T2^WT3 + h.c.) is: 4.44554734882712e-19 1.976289123066383e-37
total cost: -2.3077200812423
singles alt: [(6, 0), (7, 1), (8, 0), (9, 1), (10, 0), (11, 1), (6, 2), (7, 3), (8, 2), (9, 3), (10, 2), (11, 3), (6, 4), (7, 5), (8, 4), (9, 5), (10, 4), (11, 5)]
length: 18 99
2*[T] vs T3fnT3: -3.774477669669325e-19 7.548955361985517e-19
Estimated difference between T3^fnT3 - (T2^WT3 + h.c.) is: 3.7744776923161916e-19 1.4246681849792563e-37
total cost: -2.3077200828205053
singles alt: [(6, 0), (7, 1), (8, 0), (9, 1), (10, 0), (11, 1), (6, 2), (7, 3), (8, 2), (9, 3), (10, 2), (11, 3), (6, 4), (7, 5), (8, 4), (9, 5), (10, 4), (11, 5)]
length: 18 99
2*[T] vs T3fnT3: -6.087331629165291e-19 1.217466329485457e-18
Estimated difference between T3^fnT3 - (T2^WT3 + h.c.) is: 6.087331665689279e-19 3.7055606808103415e-37
total cost: -2.3077200864062504
singles alt: [(6, 0), (7, 1), (8, 0), (9, 1), (10, 0), (11, 1), (6, 2), (7, 3), (8, 2), (9, 3), (10, 2), (11, 3), (6, 4), (7, 5), (8, 4), (9, 5), (10, 4), (11, 5)]
length: 18 99
2*[T] vs T3fnT3: -3.2187265395338512e-19 6.437453098380062e-19
Estimated difference between T3^fnT3 - (T2^WT3 + h.c.) is: 3.218726558846211e-19 1.0360200660621972e-37
total cost: -2.3077200828205053
singles alt: [(6, 0), (7, 1), (8, 0), (9, 1), (10, 0), (11, 1), (6, 2), (7, 3), (8, 2), (9, 3), (10, 2), (11, 3), (6, 4), (7, 5), (8, 4), (9, 5), (10, 4), (11, 5)]
length: 18 99
2*[T] vs T3fnT3: -4.445547322153837e-19 8.891094670980957e-19
Estimated difference between T3^fnT3 - (T2^WT3 + h.c.) is: 4.44554734882712e-19 1.976289123066383e-37
total cost: -2.3077200812423
singles alt: [(6, 0), (7, 1), (8, 0), (9, 1), (10, 0), (11, 1), (6, 2), (7, 3), (8, 2), (9, 3), (10, 2), (11, 3), (6, 4), (7, 5), (8, 4), (9, 5), (10, 4), (11, 5)]
length: 18 99
2*[T] vs T3fnT3: -3.2187265395338517e-19 6.437453098380062e-19
Estimated difference between T3^fnT3 - (T2^WT3 + h.c.) is: 3.2187265588462105e-19 1.0360200660621968e-37
total cost: -2.3077200828205053
singles alt: [(6, 0), (7, 1), (8, 0), (9, 1), (10, 0), (11, 1), (6, 2), (7, 3), (8, 2), (9, 3), (10, 2), (11, 3), (6, 4), (7, 5), (8, 4), (9, 5), (10, 4), (11, 5)]
length: 18 99
2*[T] vs T3fnT3: -3.112230649070311e-19 6.224461316814006e-19
Estimated difference between T3^fnT3 - (T2^WT3 + h.c.) is: 3.112230667743695e-19 9.685979729244366e-38
total cost: -2.3077200853620696
singles alt: [(6, 0), (7, 1), (8, 0), (9, 1), (10, 0), (11, 1), (6, 2), (7, 3), (8, 2), (9, 3), (10, 2), (11, 3), (6, 4), (7, 5), (8, 4), (9, 5), (10, 4), (11, 5)]
length: 18 99
2*[T] vs T3fnT3: -3.2594305855102967e-19 6.518861190577174e-19
Estimated difference between T3^fnT3 - (T2^WT3 + h.c.) is: 3.259430605066877e-19 1.0623887869246628e-37
total cost: -2.3077200828205053
singles alt: [(6, 0), (7, 1), (8, 0), (9, 1), (10, 0), (11, 1), (6, 2), (7, 3), (8, 2), (9, 3), (10, 2), (11, 3), (6, 4), (7, 5), (8, 4), (9, 5), (10, 4), (11, 5)]
length: 18 99
2*[T] vs T3fnT3: -1.3153090905694924e-19 2.6306181890308394e-19
Estimated difference between T3^fnT3 - (T2^WT3 + h.c.) is: 1.315309098461347e-19 1.7300380244952017e-38
total cost: -2.3077200847151604
singles alt: [(6, 0), (7, 1), (8, 0), (9, 1), (10, 0), (11, 1), (6, 2), (7, 3), (8, 2), (9, 3), (10, 2), (11, 3), (6, 4), (7, 5), (8, 4), (9, 5), (10, 4), (11, 5)]
length: 18 99
2*[T] vs T3fnT3: -3.5531567393830766e-19 7.106313500085093e-19
Estimated difference between T3^fnT3 - (T2^WT3 + h.c.) is: 3.5531567607020166e-19 1.2624922966122448e-37
total cost: -2.3077200828205053
singles alt: [(6, 0), (7, 1), (8, 0), (9, 1), (10, 0), (11, 1), (6, 2), (7, 3), (8, 2), (9, 3), (10, 2), (11, 3), (6, 4), (7, 5), (8, 4), (9, 5), (10, 4), (11, 5)]
length: 18 99
2*[T] vs T3fnT3: -2.321375954582338e-19 4.64275192309293e-19
Estimated difference between T3^fnT3 - (T2^WT3 + h.c.) is: 2.321375968510592e-19 5.388786387178489e-38
total cost: -2.307720084462493
singles alt: [(6, 0), (7, 1), (8, 0), (9, 1), (10, 0), (11, 1), (6, 2), (7, 3), (8, 2), (9, 3), (10, 2), (11, 3), (6, 4), (7, 5), (8, 4), (9, 5), (10, 4), (11, 5)]
length: 18 99
2*[T] vs T3fnT3: -3.610572334071902e-19 7.22114468980724e-19
Estimated difference between T3^fnT3 - (T2^WT3 + h.c.) is: 3.610572355735338e-19 1.3036232736000228e-37
total cost: -2.3077200828205053
singles alt: [(6, 0), (7, 1), (8, 0), (9, 1), (10, 0), (11, 1), (6, 2), (7, 3), (8, 2), (9, 3), (10, 2), (11, 3), (6, 4), (7, 5), (8, 4), (9, 5), (10, 4), (11, 5)]
length: 18 99
2*[T] vs T3fnT3: -3.695134598590834e-19 7.390269219352471e-19
Estimated difference between T3^fnT3 - (T2^WT3 + h.c.) is: 3.6951346207616376e-19 1.365401986555125e-37
total cost: -2.307720080836843
singles alt: [(6, 0), (7, 1), (8, 0), (9, 1), (10, 0), (11, 1), (6, 2), (7, 3), (8, 2), (9, 3), (10, 2), (11, 3), (6, 4), (7, 5), (8, 4), (9, 5), (10, 4), (11, 5)]
length: 18 99
2*[T] vs T3fnT3: -2.4220699477335763e-19 4.844139909999572e-19
Estimated difference between T3^fnT3 - (T2^WT3 + h.c.) is: 2.4220699622659956e-19 5.866422902111201e-38
total cost: -2.3077200828205053
singles alt: [(6, 0), (7, 1), (8, 0), (9, 1), (10, 0), (11, 1), (6, 2), (7, 3), (8, 2), (9, 3), (10, 2), (11, 3), (6, 4), (7, 5), (8, 4), (9, 5), (10, 4), (11, 5)]
length: 18 99
2*[T] vs T3fnT3: -1.2253787940319498e-19 2.450757595416173e-19
Estimated difference between T3^fnT3 - (T2^WT3 + h.c.) is: 1.225378801384223e-19 1.5015532068818352e-38
total cost: -2.307720081200175
singles alt: [(6, 0), (7, 1), (8, 0), (9, 1), (10, 0), (11, 1), (6, 2), (7, 3), (8, 2), (9, 3), (10, 2), (11, 3), (6, 4), (7, 5), (8, 4), (9, 5), (10, 4), (11, 5)]
length: 18 99
2*[T] vs T3fnT3: -2.204923605351054e-19 4.409847223931651e-19
Estimated difference between T3^fnT3 - (T2^WT3 + h.c.) is: 2.204923618580597e-19 4.861688163774553e-38
total cost: -2.3077200828205053
singles alt: [(6, 0), (7, 1), (8, 0), (9, 1), (10, 0), (11, 1), (6, 2), (7, 3), (8, 2), (9, 3), (10, 2), (11, 3), (6, 4), (7, 5), (8, 4), (9, 5), (10, 4), (11, 5)]
length: 18 99
2*[T] vs T3fnT3: -3.1000908026597905e-19 6.200181623920127e-19
Estimated difference between T3^fnT3 - (T2^WT3 + h.c.) is: 3.100090821260336e-19 9.610563100062586e-38
total cost: -2.3077200838644205
singles alt: [(6, 0), (7, 1), (8, 0), (9, 1), (10, 0), (11, 1), (6, 2), (7, 3), (8, 2), (9, 3), (10, 2), (11, 3), (6, 4), (7, 5), (8, 4), (9, 5), (10, 4), (11, 5)]
length: 18 99
2*[T] vs T3fnT3: -3.2035198610596788e-19 6.407039741340478e-19
Estimated difference between T3^fnT3 - (T2^WT3 + h.c.) is: 3.2035198802807995e-19 1.0262539623354307e-37
total cost: -2.3077200828205053
singles alt: [(6, 0), (7, 1), (8, 0), (9, 1), (10, 0), (11, 1), (6, 2), (7, 3), (8, 2), (9, 3), (10, 2), (11, 3), (6, 4), (7, 5), (8, 4), (9, 5), (10, 4), (11, 5)]
length: 18 99
2*[T] vs T3fnT3: -2.248827002483328e-19 4.497654018459619e-19
Estimated difference between T3^fnT3 - (T2^WT3 + h.c.) is: 2.248827015976291e-19 5.05722294778483e-38
total cost: -2.3077200851655317
singles alt: [(6, 0), (7, 1), (8, 0), (9, 1), (10, 0), (11, 1), (6, 2), (7, 3), (8, 2), (9, 3), (10, 2), (11, 3), (6, 4), (7, 5), (8, 4), (9, 5), (10, 4), (11, 5)]
length: 18 99
2*[T] vs T3fnT3: -1.5695992911313284e-19 3.139198591680253e-19
Estimated difference between T3^fnT3 - (T2^WT3 + h.c.) is: 1.5695993005489246e-19 2.4636419642836733e-38
total cost: -2.3077200828205053
singles alt: [(6, 0), (7, 1), (8, 0), (9, 1), (10, 0), (11, 1), (6, 2), (7, 3), (8, 2), (9, 3), (10, 2), (11, 3), (6, 4), (7, 5), (8, 4), (9, 5), (10, 4), (11, 5)]
length: 18 99
2*[T] vs T3fnT3: -3.8596452120134355e-19 7.719290447184742e-19
Estimated difference between T3^fnT3 - (T2^WT3 + h.c.) is: 3.8596452351713064e-19 1.4896861341380568e-37
total cost: -2.307720081244589
singles alt: [(6, 0), (7, 1), (8, 0), (9, 1), (10, 0), (11, 1), (6, 2), (7, 3), (8, 2), (9, 3), (10, 2), (11, 3), (6, 4), (7, 5), (8, 4), (9, 5), (10, 4), (11, 5)]
length: 18 99
2*[T] vs T3fnT3: -1.4498715307777538e-19 2.8997430702547376e-19
Estimated difference between T3^fnT3 - (T2^WT3 + h.c.) is: 1.4498715394769838e-19 2.102127480985359e-38
total cost: -2.3077200828205053
singles alt: [(6, 0), (7, 1), (8, 0), (9, 1), (10, 0), (11, 1), (6, 2), (7, 3), (8, 2), (9, 3), (10, 2), (11, 3), (6, 4), (7, 5), (8, 4), (9, 5), (10, 4), (11, 5)]
length: 18 99
2*[T] vs T3fnT3: -2.7454221307414724e-19 5.490844277955479e-19
Estimated difference between T3^fnT3 - (T2^WT3 + h.c.) is: 2.745422147214006e-19 7.537342766413164e-38
total cost: -2.3077200857783073
singles alt: [(6, 0), (7, 1), (8, 0), (9, 1), (10, 0), (11, 1), (6, 2), (7, 3), (8, 2), (9, 3), (10, 2), (11, 3), (6, 4), (7, 5), (8, 4), (9, 5), (10, 4), (11, 5)]
length: 18 99
2*[T] vs T3fnT3: -4.1805606632191744e-19 8.361121351521709e-19
Estimated difference between T3^fnT3 - (T2^WT3 + h.c.) is: 4.180560688302534e-19 1.7477087668580559e-37
total cost: -2.3077200828205053
singles alt: [(6, 0), (7, 1), (8, 0), (9, 1), (10, 0), (11, 1), (6, 2), (7, 3), (8, 2), (9, 3), (10, 2), (11, 3), (6, 4), (7, 5), (8, 4), (9, 5), (10, 4), (11, 5)]
length: 18 99
2*[T] vs T3fnT3: -1.23705937211058e-19 2.4741187516435174e-19
Estimated difference between T3^fnT3 - (T2^WT3 + h.c.) is: 1.2370593795329374e-19 1.530315908490416e-38
total cost: -2.307720083444192
singles alt: [(6, 0), (7, 1), (8, 0), (9, 1), (10, 0), (11, 1), (6, 2), (7, 3), (8, 2), (9, 3), (10, 2), (11, 3), (6, 4), (7, 5), (8, 4), (9, 5), (10, 4), (11, 5)]
length: 18 99
2*[T] vs T3fnT3: -3.2594305855102967e-19 6.518861190577175e-19
Estimated difference between T3^fnT3 - (T2^WT3 + h.c.) is: 3.259430605066878e-19 1.0623887869246635e-37
total cost: -2.3077200828205053
singles alt: [(6, 0), (7, 1), (8, 0), (9, 1), (10, 0), (11, 1), (6, 2), (7, 3), (8, 2), (9, 3), (10, 2), (11, 3), (6, 4), (7, 5), (8, 4), (9, 5), (10, 4), (11, 5)]
length: 18 99
2*[T] vs T3fnT3: -2.3213759545823375e-19 4.64275192309293e-19
Estimated difference between T3^fnT3 - (T2^WT3 + h.c.) is: 2.3213759685105925e-19 5.388786387178492e-38
total cost: -2.307720084462493
singles alt: [(6, 0), (7, 1), (8, 0), (9, 1), (10, 0), (11, 1), (6, 2), (7, 3), (8, 2), (9, 3), (10, 2), (11, 3), (6, 4), (7, 5), (8, 4), (9, 5), (10, 4), (11, 5)]
length: 18 99
2*[T] vs T3fnT3: -2.4220699477335754e-19 4.844139909999572e-19
Estimated difference between T3^fnT3 - (T2^WT3 + h.c.) is: 2.4220699622659966e-19 5.866422902111206e-38
total cost: -2.3077200828205053
singles alt: [(6, 0), (7, 1), (8, 0), (9, 1), (10, 0), (11, 1), (6, 2), (7, 3), (8, 2), (9, 3), (10, 2), (11, 3), (6, 4), (7, 5), (8, 4), (9, 5), (10, 4), (11, 5)]
length: 18 99
2*[T] vs T3fnT3: -1.3153090905694924e-19 2.6306181890308394e-19
Estimated difference between T3^fnT3 - (T2^WT3 + h.c.) is: 1.315309098461347e-19 1.7300380244952017e-38
total cost: -2.3077200847151604
singles alt: [(6, 0), (7, 1), (8, 0), (9, 1), (10, 0), (11, 1), (6, 2), (7, 3), (8, 2), (9, 3), (10, 2), (11, 3), (6, 4), (7, 5), (8, 4), (9, 5), (10, 4), (11, 5)]
length: 18 99
2*[T] vs T3fnT3: -3.610572334071903e-19 7.22114468980724e-19
Estimated difference between T3^fnT3 - (T2^WT3 + h.c.) is: 3.610572355735337e-19 1.3036232736000222e-37
total cost: -2.3077200828205053
singles alt: [(6, 0), (7, 1), (8, 0), (9, 1), (10, 0), (11, 1), (6, 2), (7, 3), (8, 2), (9, 3), (10, 2), (11, 3), (6, 4), (7, 5), (8, 4), (9, 5), (10, 4), (11, 5)]
length: 18 99
2*[T] vs T3fnT3: -1.2253787940319496e-19 2.4507575954161724e-19
Estimated difference between T3^fnT3 - (T2^WT3 + h.c.) is: 1.2253788013842228e-19 1.5015532068818345e-38
total cost: -2.307720081200175
singles alt: [(6, 0), (7, 1), (8, 0), (9, 1), (10, 0), (11, 1), (6, 2), (7, 3), (8, 2), (9, 3), (10, 2), (11, 3), (6, 4), (7, 5), (8, 4), (9, 5), (10, 4), (11, 5)]
length: 18 99
2*[T] vs T3fnT3: -3.553156739383077e-19 7.106313500085094e-19
Estimated difference between T3^fnT3 - (T2^WT3 + h.c.) is: 3.553156760702017e-19 1.262492296612245e-37
total cost: -2.3077200828205053
singles alt: [(6, 0), (7, 1), (8, 0), (9, 1), (10, 0), (11, 1), (6, 2), (7, 3), (8, 2), (9, 3), (10, 2), (11, 3), (6, 4), (7, 5), (8, 4), (9, 5), (10, 4), (11, 5)]
length: 18 99
2*[T] vs T3fnT3: -3.6951345985908323e-19 7.390269219352469e-19
Estimated difference between T3^fnT3 - (T2^WT3 + h.c.) is: 3.695134620761637e-19 1.3654019865551247e-37
total cost: -2.307720080836843
singles alt: [(6, 0), (7, 1), (8, 0), (9, 1), (10, 0), (11, 1), (6, 2), (7, 3), (8, 2), (9, 3), (10, 2), (11, 3), (6, 4), (7, 5), (8, 4), (9, 5), (10, 4), (11, 5)]
length: 18 99
2*[T] vs T3fnT3: -2.2049236053510547e-19 4.409847223931651e-19
Estimated difference between T3^fnT3 - (T2^WT3 + h.c.) is: 2.204923618580596e-19 4.861688163774549e-38
total cost: -2.3077200828205053
singles alt: [(6, 0), (7, 1), (8, 0), (9, 1), (10, 0), (11, 1), (6, 2), (7, 3), (8, 2), (9, 3), (10, 2), (11, 3), (6, 4), (7, 5), (8, 4), (9, 5), (10, 4), (11, 5)]
length: 18 99
2*[T] vs T3fnT3: -4.3022103762672156e-19 8.604420778347694e-19
Estimated difference between T3^fnT3 - (T2^WT3 + h.c.) is: 4.3022104020804788e-19 1.8509014343769476e-37
total cost: -2.3077200855594255
singles alt: [(6, 0), (7, 1), (8, 0), (9, 1), (10, 0), (11, 1), (6, 2), (7, 3), (8, 2), (9, 3), (10, 2), (11, 3), (6, 4), (7, 5), (8, 4), (9, 5), (10, 4), (11, 5)]
length: 18 99
2*[T] vs T3fnT3: -3.3983605020610987e-19 6.7967210245123625e-19
Estimated difference between T3^fnT3 - (T2^WT3 + h.c.) is: 3.398360522451264e-19 1.1548854240555226e-37
total cost: -2.3077200828205053
singles alt: [(6, 0), (7, 1), (8, 0), (9, 1), (10, 0), (11, 1), (6, 2), (7, 3), (8, 2), (9, 3), (10, 2), (11, 3), (6, 4), (7, 5), (8, 4), (9, 5), (10, 4), (11, 5)]
length: 18 99
2*[T] vs T3fnT3: -4.131283297930891e-19 8.262566620649482e-19
Estimated difference between T3^fnT3 - (T2^WT3 + h.c.) is: 4.1312833227185906e-19 1.706750189257276e-37
total cost: -2.307720083842937
singles alt: [(6, 0), (7, 1), (8, 0), (9, 1), (10, 0), (11, 1), (6, 2), (7, 3), (8, 2), (9, 3), (10, 2), (11, 3), (6, 4), (7, 5), (8, 4), (9, 5), (10, 4), (11, 5)]
length: 18 99
2*[T] vs T3fnT3: -3.3983605020610987e-19 6.796721024512362e-19
Estimated difference between T3^fnT3 - (T2^WT3 + h.c.) is: 3.398360522451263e-19 1.154885424055522e-37
total cost: -2.3077200828205053
singles alt: [(6, 0), (7, 1), (8, 0), (9, 1), (10, 0), (11, 1), (6, 2), (7, 3), (8, 2), (9, 3), (10, 2), (11, 3), (6, 4), (7, 5), (8, 4), (9, 5), (10, 4), (11, 5)]
length: 18 99
2*[T] vs T3fnT3: -5.134756702463237e-19 1.0269513435735018e-18
Estimated difference between T3^fnT3 - (T2^WT3 + h.c.) is: 5.1347567332717815e-19 2.6365726709879896e-37
total cost: -2.3077200847507666
singles alt: [(6, 0), (7, 1), (8, 0), (9, 1), (10, 0), (11, 1), (6, 2), (7, 3), (8, 2), (9, 3), (10, 2), (11, 3), (6, 4), (7, 5), (8, 4), (9, 5), (10, 4), (11, 5)]
length: 18 99
2*[T] vs T3fnT3: -4.513427891558118e-19 9.0268558101968e-19
Estimated difference between T3^fnT3 - (T2^WT3 + h.c.) is: 4.513427918638682e-19 2.0371031576747105e-37
total cost: -2.3077200828205053
singles alt: [(6, 0), (7, 1), (8, 0), (9, 1), (10, 0), (11, 1), (6, 2), (7, 3), (8, 2), (9, 3), (10, 2), (11, 3), (6, 4), (7, 5), (8, 4), (9, 5), (10, 4), (11, 5)]
length: 18 99
2*[T] vs T3fnT3: -4.131283297930892e-19 8.26256662064948e-19
Estimated difference between T3^fnT3 - (T2^WT3 + h.c.) is: 4.1312833227185877e-19 1.7067501892572734e-37
total cost: -2.307720083842937
singles alt: [(6, 0), (7, 1), (8, 0), (9, 1), (10, 0), (11, 1), (6, 2), (7, 3), (8, 2), (9, 3), (10, 2), (11, 3), (6, 4), (7, 5), (8, 4), (9, 5), (10, 4), (11, 5)]
length: 18 99
2*[T] vs T3fnT3: -4.513427891558115e-19 9.026855810196798e-19
Estimated difference between T3^fnT3 - (T2^WT3 + h.c.) is: 4.513427918638683e-19 2.0371031576747113e-37
total cost: -2.3077200828205053
singles alt: [(6, 0), (7, 1), (8, 0), (9, 1), (10, 0), (11, 1), (6, 2), (7, 3), (8, 2), (9, 3), (10, 2), (11, 3), (6, 4), (7, 5), (8, 4), (9, 5), (10, 4), (11, 5)]
length: 18 99
2*[T] vs T3fnT3: -2.787112641623255e-19 5.574225299969189e-19
Estimated difference between T3^fnT3 - (T2^WT3 + h.c.) is: 2.7871126583459334e-19 7.767996970312136e-38
total cost: -2.3077200858451223
singles alt: [(6, 0), (7, 1), (8, 0), (9, 1), (10, 0), (11, 1), (6, 2), (7, 3), (8, 2), (9, 3), (10, 2), (11, 3), (6, 4), (7, 5), (8, 4), (9, 5), (10, 4), (11, 5)]
length: 18 99
2*[T] vs T3fnT3: -3.015900248281017e-19 6.031800514657434e-19
Estimated difference between T3^fnT3 - (T2^WT3 + h.c.) is: 3.015900266376417e-19 9.095654416729344e-38
total cost: -2.307720082460633
singles alt: [(6, 0), (7, 1), (8, 0), (9, 1), (10, 0), (11, 1), (6, 2), (7, 3), (8, 2), (9, 3), (10, 2), (11, 3), (6, 4), (7, 5), (8, 4), (9, 5), (10, 4), (11, 5)]
length: 18 99
2*[T] vs T3fnT3: -3.015900248281017e-19 6.031800514657434e-19
Estimated difference between T3^fnT3 - (T2^WT3 + h.c.) is: 3.015900266376417e-19 9.095654416729344e-38
total cost: -2.307720082460633
singles alt: [(6, 0), (7, 1), (8, 0), (9, 1), (10, 0), (11, 1), (6, 2), (7, 3), (8, 2), (9, 3), (10, 2), (11, 3), (6, 4), (7, 5), (8, 4), (9, 5), (10, 4), (11, 5)]
length: 18 99
2*[T] vs T3fnT3: -3.3839613805659114e-19 6.767922781435592e-19
Estimated difference between T3^fnT3 - (T2^WT3 + h.c.) is: 3.38396140086968e-19 1.145119476257589e-37
total cost: -2.3077200828205053
singles alt: [(6, 0), (7, 1), (8, 0), (9, 1), (10, 0), (11, 1), (6, 2), (7, 3), (8, 2), (9, 3), (10, 2), (11, 3), (6, 4), (7, 5), (8, 4), (9, 5), (10, 4), (11, 5)]
length: 18 99
2*[T] vs T3fnT3: -3.383961380565912e-19 6.767922781435593e-19
Estimated difference between T3^fnT3 - (T2^WT3 + h.c.) is: 3.3839614008696807e-19 1.1451194762575891e-37
total cost: -2.3077200828205053
singles alt: [(6, 0), (7, 1), (8, 0), (9, 1), (10, 0), (11, 1), (6, 2), (7, 3), (8, 2), (9, 3), (10, 2), (11, 3), (6, 4), (7, 5), (8, 4), (9, 5), (10, 4), (11, 5)]
length: 18 99
2*[T] vs T3fnT3: -3.757466945941574e-19 7.51493391442795e-19
Estimated difference between T3^fnT3 - (T2^WT3 + h.c.) is: 3.757466968486376e-19 1.4118558019266197e-37
total cost: -2.3077200830731717
singles alt: [(6, 0), (7, 1), (8, 0), (9, 1), (10, 0), (11, 1), (6, 2), (7, 3), (8, 2), (9, 3), (10, 2), (11, 3), (6, 4), (7, 5), (8, 4), (9, 5), (10, 4), (11, 5)]
length: 18 99
2*[T] vs T3fnT3: -3.757466945941574e-19 7.51493391442795e-19
Estimated difference between T3^fnT3 - (T2^WT3 + h.c.) is: 3.757466968486376e-19 1.4118558019266197e-37
total cost: -2.3077200830731717
singles alt: [(6, 0), (7, 1), (8, 0), (9, 1), (10, 0), (11, 1), (6, 2), (7, 3), (8, 2), (9, 3), (10, 2), (11, 3), (6, 4), (7, 5), (8, 4), (9, 5), (10, 4), (11, 5)]
length: 18 99
2*[T] vs T3fnT3: -1.493509293867018e-19 2.987018596695093e-19
Estimated difference between T3^fnT3 - (T2^WT3 + h.c.) is: 1.4935093028280749e-19 2.2305700376340023e-38
total cost: -2.3077200828205053
singles alt: [(6, 0), (7, 1), (8, 0), (9, 1), (10, 0), (11, 1), (6, 2), (7, 3), (8, 2), (9, 3), (10, 2), (11, 3), (6, 4), (7, 5), (8, 4), (9, 5), (10, 4), (11, 5)]
length: 18 99
2*[T] vs T3fnT3: -1.4935092938670178e-19 2.987018596695093e-19
Estimated difference between T3^fnT3 - (T2^WT3 + h.c.) is: 1.493509302828075e-19 2.230570037634003e-38
total cost: -2.3077200828205053
singles alt: [(6, 0), (7, 1), (8, 0), (9, 1), (10, 0), (11, 1), (6, 2), (7, 3), (8, 2), (9, 3), (10, 2), (11, 3), (6, 4), (7, 5), (8, 4), (9, 5), (10, 4), (11, 5)]
length: 18 99
2*[T] vs T3fnT3: -2.391947939281673e-19 4.783895892915034e-19
Estimated difference between T3^fnT3 - (T2^WT3 + h.c.) is: 2.391947953633361e-19 5.721415012890824e-38
total cost: -2.307720083433281
singles alt: [(6, 0), (7, 1), (8, 0), (9, 1), (10, 0), (11, 1), (6, 2), (7, 3), (8, 2), (9, 3), (10, 2), (11, 3), (6, 4), (7, 5), (8, 4), (9, 5), (10, 4), (11, 5)]
length: 18 99
2*[T] vs T3fnT3: -2.391947939281673e-19 4.783895892915033e-19
Estimated difference between T3^fnT3 - (T2^WT3 + h.c.) is: 2.39194795363336e-19 5.721415012890818e-38
total cost: -2.307720083433281
singles alt: [(6, 0), (7, 1), (8, 0), (9, 1), (10, 0), (11, 1), (6, 2), (7, 3), (8, 2), (9, 3), (10, 2), (11, 3), (6, 4), (7, 5), (8, 4), (9, 5), (10, 4), (11, 5)]
length: 18 99
2*[T] vs T3fnT3: -3.0660305405349586e-19 6.132061099466102e-19
Estimated difference between T3^fnT3 - (T2^WT3 + h.c.) is: 3.066030558931144e-19 9.400543388299622e-38
total cost: -2.3077200828205053
singles alt: [(6, 0), (7, 1), (8, 0), (9, 1), (10, 0), (11, 1), (6, 2), (7, 3), (8, 2), (9, 3), (10, 2), (11, 3), (6, 4), (7, 5), (8, 4), (9, 5), (10, 4), (11, 5)]
length: 18 99
2*[T] vs T3fnT3: -3.0660305405349596e-19 6.1320610994661015e-19
Estimated difference between T3^fnT3 - (T2^WT3 + h.c.) is: 3.066030558931142e-19 9.400543388299611e-38
total cost: -2.3077200828205053
singles alt: [(6, 0), (7, 1), (8, 0), (9, 1), (10, 0), (11, 1), (6, 2), (7, 3), (8, 2), (9, 3), (10, 2), (11, 3), (6, 4), (7, 5), (8, 4), (9, 5), (10, 4), (11, 5)]
length: 18 99
2*[T] vs T3fnT3: -2.0835015622040368e-19 4.167003136909081e-19
Estimated difference between T3^fnT3 - (T2^WT3 + h.c.) is: 2.083501574705044e-19 4.340978811798398e-38
total cost: -2.3077200834426947
singles alt: [(6, 0), (7, 1), (8, 0), (9, 1), (10, 0), (11, 1), (6, 2), (7, 3), (8, 2), (9, 3), (10, 2), (11, 3), (6, 4), (7, 5), (8, 4), (9, 5), (10, 4), (11, 5)]
length: 18 99
2*[T] vs T3fnT3: -2.0835015622040364e-19 4.1670031369090813e-19
Estimated difference between T3^fnT3 - (T2^WT3 + h.c.) is: 2.083501574705045e-19 4.3409788117984017e-38
total cost: -2.3077200834426947
singles alt: [(6, 0), (7, 1), (8, 0), (9, 1), (10, 0), (11, 1), (6, 2), (7, 3), (8, 2), (9, 3), (10, 2), (11, 3), (6, 4), (7, 5), (8, 4), (9, 5), (10, 4), (11, 5)]
length: 18 99
2*[T] vs T3fnT3: -4.023271640807294e-19 8.046543305754223e-19
Estimated difference between T3^fnT3 - (T2^WT3 + h.c.) is: 4.023271664946929e-19 1.6186714889964834e-37
total cost: -2.3077200828205053
singles alt: [(6, 0), (7, 1), (8, 0), (9, 1), (10, 0), (11, 1), (6, 2), (7, 3), (8, 2), (9, 3), (10, 2), (11, 3), (6, 4), (7, 5), (8, 4), (9, 5), (10, 4), (11, 5)]
length: 18 99
2*[T] vs T3fnT3: -4.023271640807295e-19 8.046543305754221e-19
Estimated difference between T3^fnT3 - (T2^WT3 + h.c.) is: 4.023271664946926e-19 1.6186714889964811e-37
total cost: -2.3077200828205053
singles alt: [(6, 0), (7, 1), (8, 0), (9, 1), (10, 0), (11, 1), (6, 2), (7, 3), (8, 2), (9, 3), (10, 2), (11, 3), (6, 4), (7, 5), (8, 4), (9, 5), (10, 4), (11, 5)]
length: 18 99
2*[T] vs T3fnT3: -2.723258973219465e-19 5.446517962778479e-19
Estimated difference between T3^fnT3 - (T2^WT3 + h.c.) is: 2.723258989559014e-19 7.416139524213982e-38
total cost: -2.3077200824571737
singles alt: [(6, 0), (7, 1), (8, 0), (9, 1), (10, 0), (11, 1), (6, 2), (7, 3), (8, 2), (9, 3), (10, 2), (11, 3), (6, 4), (7, 5), (8, 4), (9, 5), (10, 4), (11, 5)]
length: 18 99
2*[T] vs T3fnT3: -2.723258973219465e-19 5.446517962778479e-19
Estimated difference between T3^fnT3 - (T2^WT3 + h.c.) is: 2.723258989559014e-19 7.416139524213982e-38
total cost: -2.3077200824571737
singles alt: [(6, 0), (7, 1), (8, 0), (9, 1), (10, 0), (11, 1), (6, 2), (7, 3), (8, 2), (9, 3), (10, 2), (11, 3), (6, 4), (7, 5), (8, 4), (9, 5), (10, 4), (11, 5)]
length: 18 99
2*[T] vs T3fnT3: 0.0 0.0
Estimated difference between T3^fnT3 - (T2^WT3 + h.c.) is: 0.0 0.0
total cost: -2.3077200828205053
singles alt: [(6, 0), (7, 1), (8, 0), (9, 1), (10, 0), (11, 1), (6, 2), (7, 3), (8, 2), (9, 3), (10, 2), (11, 3), (6, 4), (7, 5), (8, 4), (9, 5), (10, 4), (11, 5)]
length: 18 99
2*[T] vs T3fnT3: 0.0 0.0
Estimated difference between T3^fnT3 - (T2^WT3 + h.c.) is: 0.0 0.0
total cost: -2.3077200828205053
singles alt: [(6, 0), (7, 1), (8, 0), (9, 1), (10, 0), (11, 1), (6, 2), (7, 3), (8, 2), (9, 3), (10, 2), (11, 3), (6, 4), (7, 5), (8, 4), (9, 5), (10, 4), (11, 5)]
length: 18 99
2*[T] vs T3fnT3: 0.0 0.0
Estimated difference between T3^fnT3 - (T2^WT3 + h.c.) is: 0.0 0.0
total cost: -2.307720082820494
singles alt: [(6, 0), (7, 1), (8, 0), (9, 1), (10, 0), (11, 1), (6, 2), (7, 3), (8, 2), (9, 3), (10, 2), (11, 3), (6, 4), (7, 5), (8, 4), (9, 5), (10, 4), (11, 5)]
length: 18 99
2*[T] vs T3fnT3: 0.0 0.0
Estimated difference between T3^fnT3 - (T2^WT3 + h.c.) is: 0.0 0.0
total cost: -2.307720082820494
singles alt: [(6, 0), (7, 1), (8, 0), (9, 1), (10, 0), (11, 1), (6, 2), (7, 3), (8, 2), (9, 3), (10, 2), (11, 3), (6, 4), (7, 5), (8, 4), (9, 5), (10, 4), (11, 5)]
length: 18 99
2*[T] vs T3fnT3: 0.0 0.0
Estimated difference between T3^fnT3 - (T2^WT3 + h.c.) is: 0.0 0.0
total cost: -2.3077200828205053
singles alt: [(6, 0), (7, 1), (8, 0), (9, 1), (10, 0), (11, 1), (6, 2), (7, 3), (8, 2), (9, 3), (10, 2), (11, 3), (6, 4), (7, 5), (8, 4), (9, 5), (10, 4), (11, 5)]
length: 18 99
2*[T] vs T3fnT3: 0.0 0.0
Estimated difference between T3^fnT3 - (T2^WT3 + h.c.) is: 0.0 0.0
total cost: -2.3077200828205053
singles alt: [(6, 0), (7, 1), (8, 0), (9, 1), (10, 0), (11, 1), (6, 2), (7, 3), (8, 2), (9, 3), (10, 2), (11, 3), (6, 4), (7, 5), (8, 4), (9, 5), (10, 4), (11, 5)]
length: 18 99
2*[T] vs T3fnT3: 0.0 0.0
Estimated difference between T3^fnT3 - (T2^WT3 + h.c.) is: 0.0 0.0
total cost: -2.307720082820522
singles alt: [(6, 0), (7, 1), (8, 0), (9, 1), (10, 0), (11, 1), (6, 2), (7, 3), (8, 2), (9, 3), (10, 2), (11, 3), (6, 4), (7, 5), (8, 4), (9, 5), (10, 4), (11, 5)]
length: 18 99
2*[T] vs T3fnT3: 0.0 0.0
Estimated difference between T3^fnT3 - (T2^WT3 + h.c.) is: 0.0 0.0
total cost: -2.307720082820522
singles alt: [(6, 0), (7, 1), (8, 0), (9, 1), (10, 0), (11, 1), (6, 2), (7, 3), (8, 2), (9, 3), (10, 2), (11, 3), (6, 4), (7, 5), (8, 4), (9, 5), (10, 4), (11, 5)]
length: 18 99
2*[T] vs T3fnT3: 0.0 0.0
Estimated difference between T3^fnT3 - (T2^WT3 + h.c.) is: 0.0 0.0
total cost: -2.3077200828205053
singles alt: [(6, 0), (7, 1), (8, 0), (9, 1), (10, 0), (11, 1), (6, 2), (7, 3), (8, 2), (9, 3), (10, 2), (11, 3), (6, 4), (7, 5), (8, 4), (9, 5), (10, 4), (11, 5)]
length: 18 99
2*[T] vs T3fnT3: 0.0 0.0
Estimated difference between T3^fnT3 - (T2^WT3 + h.c.) is: 0.0 0.0
total cost: -2.3077200828205053
singles alt: [(6, 0), (7, 1), (8, 0), (9, 1), (10, 0), (11, 1), (6, 2), (7, 3), (8, 2), (9, 3), (10, 2), (11, 3), (6, 4), (7, 5), (8, 4), (9, 5), (10, 4), (11, 5)]
length: 18 99
2*[T] vs T3fnT3: 0.0 0.0
Estimated difference between T3^fnT3 - (T2^WT3 + h.c.) is: 0.0 0.0
total cost: -2.3077200828205124
singles alt: [(6, 0), (7, 1), (8, 0), (9, 1), (10, 0), (11, 1), (6, 2), (7, 3), (8, 2), (9, 3), (10, 2), (11, 3), (6, 4), (7, 5), (8, 4), (9, 5), (10, 4), (11, 5)]
length: 18 99
2*[T] vs T3fnT3: 0.0 0.0
Estimated difference between T3^fnT3 - (T2^WT3 + h.c.) is: 0.0 0.0
total cost: -2.3077200828205124
singles alt: [(6, 0), (7, 1), (8, 0), (9, 1), (10, 0), (11, 1), (6, 2), (7, 3), (8, 2), (9, 3), (10, 2), (11, 3), (6, 4), (7, 5), (8, 4), (9, 5), (10, 4), (11, 5)]
length: 18 99
2*[T] vs T3fnT3: 0.0 0.0
Estimated difference between T3^fnT3 - (T2^WT3 + h.c.) is: 0.0 0.0
total cost: -2.3077200828205053
singles alt: [(6, 0), (7, 1), (8, 0), (9, 1), (10, 0), (11, 1), (6, 2), (7, 3), (8, 2), (9, 3), (10, 2), (11, 3), (6, 4), (7, 5), (8, 4), (9, 5), (10, 4), (11, 5)]
length: 18 99
2*[T] vs T3fnT3: 0.0 0.0
Estimated difference between T3^fnT3 - (T2^WT3 + h.c.) is: 0.0 0.0
total cost: -2.3077200828205053
singles alt: [(6, 0), (7, 1), (8, 0), (9, 1), (10, 0), (11, 1), (6, 2), (7, 3), (8, 2), (9, 3), (10, 2), (11, 3), (6, 4), (7, 5), (8, 4), (9, 5), (10, 4), (11, 5)]
length: 18 99
2*[T] vs T3fnT3: 0.0 0.0
Estimated difference between T3^fnT3 - (T2^WT3 + h.c.) is: 0.0 0.0
total cost: -2.307720082820493
singles alt: [(6, 0), (7, 1), (8, 0), (9, 1), (10, 0), (11, 1), (6, 2), (7, 3), (8, 2), (9, 3), (10, 2), (11, 3), (6, 4), (7, 5), (8, 4), (9, 5), (10, 4), (11, 5)]
length: 18 99
2*[T] vs T3fnT3: 0.0 0.0
Estimated difference between T3^fnT3 - (T2^WT3 + h.c.) is: 0.0 0.0
total cost: -2.307720082820493
singles alt: [(6, 0), (7, 1), (8, 0), (9, 1), (10, 0), (11, 1), (6, 2), (7, 3), (8, 2), (9, 3), (10, 2), (11, 3), (6, 4), (7, 5), (8, 4), (9, 5), (10, 4), (11, 5)]
length: 18 99
2*[T] vs T3fnT3: 0.0 0.0
Estimated difference between T3^fnT3 - (T2^WT3 + h.c.) is: 0.0 0.0
total cost: -2.3077200828205053
singles alt: [(6, 0), (7, 1), (8, 0), (9, 1), (10, 0), (11, 1), (6, 2), (7, 3), (8, 2), (9, 3), (10, 2), (11, 3), (6, 4), (7, 5), (8, 4), (9, 5), (10, 4), (11, 5)]
length: 18 99
2*[T] vs T3fnT3: 0.0 0.0
Estimated difference between T3^fnT3 - (T2^WT3 + h.c.) is: 0.0 0.0
total cost: -2.3077200828205053
singles alt: [(6, 0), (7, 1), (8, 0), (9, 1), (10, 0), (11, 1), (6, 2), (7, 3), (8, 2), (9, 3), (10, 2), (11, 3), (6, 4), (7, 5), (8, 4), (9, 5), (10, 4), (11, 5)]
length: 18 99
2*[T] vs T3fnT3: -0.0007922226016119807 0.0015844452079772976
Estimated difference between T3^fnT3 - (T2^WT3 + h.c.) is: 0.0007922226063653169 6.276166580362558e-07
total cost: -2.783004770733969
singles alt: [(6, 0), (7, 1), (8, 0), (9, 1), (10, 0), (11, 1), (6, 2), (7, 3), (8, 2), (9, 3), (10, 2), (11, 3), (6, 4), (7, 5), (8, 4), (9, 5), (10, 4), (11, 5)]
length: 18 99
2*[T] vs T3fnT3: -0.0007922226044513879 0.0015844452136561124
Estimated difference between T3^fnT3 - (T2^WT3 + h.c.) is: 0.0007922226092047245 6.276166625351417e-07
total cost: -2.7830047706656487
singles alt: [(6, 0), (7, 1), (8, 0), (9, 1), (10, 0), (11, 1), (6, 2), (7, 3), (8, 2), (9, 3), (10, 2), (11, 3), (6, 4), (7, 5), (8, 4), (9, 5), (10, 4), (11, 5)]
length: 18 99
2*[T] vs T3fnT3: -0.0007922226016119809 0.0015844452079772984
Estimated difference between T3^fnT3 - (T2^WT3 + h.c.) is: 0.0007922226063653175 6.276166580362568e-07
total cost: -2.78300477073397
singles alt: [(6, 0), (7, 1), (8, 0), (9, 1), (10, 0), (11, 1), (6, 2), (7, 3), (8, 2), (9, 3), (10, 2), (11, 3), (6, 4), (7, 5), (8, 4), (9, 5), (10, 4), (11, 5)]
length: 18 99
2*[T] vs T3fnT3: -0.0007922226009649173 0.001584445206683172
Estimated difference between T3^fnT3 - (T2^WT3 + h.c.) is: 0.0007922226057182546 6.276166570110211e-07
total cost: -2.7830047709958756
singles alt: [(6, 0), (7, 1), (8, 0), (9, 1), (10, 0), (11, 1), (6, 2), (7, 3), (8, 2), (9, 3), (10, 2), (11, 3), (6, 4), (7, 5), (8, 4), (9, 5), (10, 4), (11, 5)]
length: 18 99
2*[T] vs T3fnT3: -0.0007922226016119811 0.0015844452079772984
Estimated difference between T3^fnT3 - (T2^WT3 + h.c.) is: 0.0007922226063653173 6.276166580362565e-07
total cost: -2.7830047707339696
singles alt: [(6, 0), (7, 1), (8, 0), (9, 1), (10, 0), (11, 1), (6, 2), (7, 3), (8, 2), (9, 3), (10, 2), (11, 3), (6, 4), (7, 5), (8, 4), (9, 5), (10, 4), (11, 5)]
length: 18 99
2*[T] vs T3fnT3: -0.0007922226047046683 0.0015844452141626727
Estimated difference between T3^fnT3 - (T2^WT3 + h.c.) is: 0.0007922226094580044 6.276166629364498e-07
total cost: -2.7830047708111483
singles alt: [(6, 0), (7, 1), (8, 0), (9, 1), (10, 0), (11, 1), (6, 2), (7, 3), (8, 2), (9, 3), (10, 2), (11, 3), (6, 4), (7, 5), (8, 4), (9, 5), (10, 4), (11, 5)]
length: 18 99
2*[T] vs T3fnT3: -0.0007922226016119803 0.0015844452079772971
Estimated difference between T3^fnT3 - (T2^WT3 + h.c.) is: 0.0007922226063653169 6.276166580362558e-07
total cost: -2.78300477073397
singles alt: [(6, 0), (7, 1), (8, 0), (9, 1), (10, 0), (11, 1), (6, 2), (7, 3), (8, 2), (9, 3), (10, 2), (11, 3), (6, 4), (7, 5), (8, 4), (9, 5), (10, 4), (11, 5)]
length: 18 99
2*[T] vs T3fnT3: -0.0007922226009649176 0.001584445206683172
Estimated difference between T3^fnT3 - (T2^WT3 + h.c.) is: 0.0007922226057182544 6.276166570110207e-07
total cost: -2.7830047710178154
singles alt: [(6, 0), (7, 1), (8, 0), (9, 1), (10, 0), (11, 1), (6, 2), (7, 3), (8, 2), (9, 3), (10, 2), (11, 3), (6, 4), (7, 5), (8, 4), (9, 5), (10, 4), (11, 5)]
length: 18 99
2*[T] vs T3fnT3: -0.0007922226016119803 0.0015844452079772971
Estimated difference between T3^fnT3 - (T2^WT3 + h.c.) is: 0.0007922226063653169 6.276166580362558e-07
total cost: -2.78300477073397
singles alt: [(6, 0), (7, 1), (8, 0), (9, 1), (10, 0), (11, 1), (6, 2), (7, 3), (8, 2), (9, 3), (10, 2), (11, 3), (6, 4), (7, 5), (8, 4), (9, 5), (10, 4), (11, 5)]
length: 18 99
2*[T] vs T3fnT3: -0.0007922226059676516 0.0015844452166886396
Estimated difference between T3^fnT3 - (T2^WT3 + h.c.) is: 0.000792222610720988 6.27616664937578e-07
total cost: -2.7830047723863474
singles alt: [(6, 0), (7, 1), (8, 0), (9, 1), (10, 0), (11, 1), (6, 2), (7, 3), (8, 2), (9, 3), (10, 2), (11, 3), (6, 4), (7, 5), (8, 4), (9, 5), (10, 4), (11, 5)]
length: 18 99
2*[T] vs T3fnT3: -0.0007922226016119807 0.0015844452079772971
Estimated difference between T3^fnT3 - (T2^WT3 + h.c.) is: 0.0007922226063653164 6.276166580362551e-07
total cost: -2.78300477073397
singles alt: [(6, 0), (7, 1), (8, 0), (9, 1), (10, 0), (11, 1), (6, 2), (7, 3), (8, 2), (9, 3), (10, 2), (11, 3), (6, 4), (7, 5), (8, 4), (9, 5), (10, 4), (11, 5)]
length: 18 99
2*[T] vs T3fnT3: -0.0007922225973766599 0.0015844451995066567
Estimated difference between T3^fnT3 - (T2^WT3 + h.c.) is: 0.0007922226021299968 6.276166513256232e-07
total cost: -2.783004770690026
singles alt: [(6, 0), (7, 1), (8, 0), (9, 1), (10, 0), (11, 1), (6, 2), (7, 3), (8, 2), (9, 3), (10, 2), (11, 3), (6, 4), (7, 5), (8, 4), (9, 5), (10, 4), (11, 5)]
length: 18 99
2*[T] vs T3fnT3: -0.0007922226016119794 0.001584445207977294
Estimated difference between T3^fnT3 - (T2^WT3 + h.c.) is: 0.0007922226063653147 6.276166580362524e-07
total cost: -2.7830047707339705
singles alt: [(6, 0), (7, 1), (8, 0), (9, 1), (10, 0), (11, 1), (6, 2), (7, 3), (8, 2), (9, 3), (10, 2), (11, 3), (6, 4), (7, 5), (8, 4), (9, 5), (10, 4), (11, 5)]
length: 18 99
2*[T] vs T3fnT3: -0.0007922226008455016 0.0015844452064443398
Estimated difference between T3^fnT3 - (T2^WT3 + h.c.) is: 0.0007922226055988382 6.276166568218123e-07
total cost: -2.783004770599532
singles alt: [(6, 0), (7, 1), (8, 0), (9, 1), (10, 0), (11, 1), (6, 2), (7, 3), (8, 2), (9, 3), (10, 2), (11, 3), (6, 4), (7, 5), (8, 4), (9, 5), (10, 4), (11, 5)]
length: 18 99
2*[T] vs T3fnT3: -0.0007922226016119786 0.0015844452079772935
Estimated difference between T3^fnT3 - (T2^WT3 + h.c.) is: 0.0007922226063653148 6.276166580362526e-07
total cost: -2.7830047707339705
singles alt: [(6, 0), (7, 1), (8, 0), (9, 1), (10, 0), (11, 1), (6, 2), (7, 3), (8, 2), (9, 3), (10, 2), (11, 3), (6, 4), (7, 5), (8, 4), (9, 5), (10, 4), (11, 5)]
length: 18 99
2*[T] vs T3fnT3: -0.0007922226091905758 0.0015844452231344882
Estimated difference between T3^fnT3 - (T2^WT3 + h.c.) is: 0.0007922226139439124 6.276166700441253e-07
total cost: -2.783004771425252
singles alt: [(6, 0), (7, 1), (8, 0), (9, 1), (10, 0), (11, 1), (6, 2), (7, 3), (8, 2), (9, 3), (10, 2), (11, 3), (6, 4), (7, 5), (8, 4), (9, 5), (10, 4), (11, 5)]
length: 18 99
2*[T] vs T3fnT3: -0.0007922226016119802 0.001584445207977296
Estimated difference between T3^fnT3 - (T2^WT3 + h.c.) is: 0.0007922226063653159 6.276166580362543e-07
total cost: -2.7830047707339705
singles alt: [(6, 0), (7, 1), (8, 0), (9, 1), (10, 0), (11, 1), (6, 2), (7, 3), (8, 2), (9, 3), (10, 2), (11, 3), (6, 4), (7, 5), (8, 4), (9, 5), (10, 4), (11, 5)]
length: 18 99
2*[T] vs T3fnT3: -0.0007922226048943114 0.0015844452145419607
Estimated difference between T3^fnT3 - (T2^WT3 + h.c.) is: 0.0007922226096476493 6.276166632369317e-07
total cost: -2.783004771612885
singles alt: [(6, 0), (7, 1), (8, 0), (9, 1), (10, 0), (11, 1), (6, 2), (7, 3), (8, 2), (9, 3), (10, 2), (11, 3), (6, 4), (7, 5), (8, 4), (9, 5), (10, 4), (11, 5)]
length: 18 99
2*[T] vs T3fnT3: -0.0007922226016119786 0.0015844452079772928
Estimated difference between T3^fnT3 - (T2^WT3 + h.c.) is: 0.0007922226063653142 6.276166580362515e-07
total cost: -2.7830047707339705
singles alt: [(6, 0), (7, 1), (8, 0), (9, 1), (10, 0), (11, 1), (6, 2), (7, 3), (8, 2), (9, 3), (10, 2), (11, 3), (6, 4), (7, 5), (8, 4), (9, 5), (10, 4), (11, 5)]
length: 18 99
2*[T] vs T3fnT3: -0.0007922226030553051 0.0015844452108639466
Estimated difference between T3^fnT3 - (T2^WT3 + h.c.) is: 0.0007922226078086415 6.276166603231247e-07
total cost: -2.7830047708816994
singles alt: [(6, 0), (7, 1), (8, 0), (9, 1), (10, 0), (11, 1), (6, 2), (7, 3), (8, 2), (9, 3), (10, 2), (11, 3), (6, 4), (7, 5), (8, 4), (9, 5), (10, 4), (11, 5)]
length: 18 99
2*[T] vs T3fnT3: -0.000792222601611981 0.001584445207977298
Estimated difference between T3^fnT3 - (T2^WT3 + h.c.) is: 0.000792222606365317 6.27616658036256e-07
total cost: -2.7830047707339705
singles alt: [(6, 0), (7, 1), (8, 0), (9, 1), (10, 0), (11, 1), (6, 2), (7, 3), (8, 2), (9, 3), (10, 2), (11, 3), (6, 4), (7, 5), (8, 4), (9, 5), (10, 4), (11, 5)]
length: 18 99
2*[T] vs T3fnT3: -0.0007922226101978261 0.0015844452251489887
Estimated difference between T3^fnT3 - (T2^WT3 + h.c.) is: 0.0007922226149511627 6.276166716400582e-07
total cost: -2.7830047711544816
singles alt: [(6, 0), (7, 1), (8, 0), (9, 1), (10, 0), (11, 1), (6, 2), (7, 3), (8, 2), (9, 3), (10, 2), (11, 3), (6, 4), (7, 5), (8, 4), (9, 5), (10, 4), (11, 5)]
length: 18 99
2*[T] vs T3fnT3: -0.0007922226016119811 0.0015844452079772984
Estimated difference between T3^fnT3 - (T2^WT3 + h.c.) is: 0.0007922226063653173 6.276166580362565e-07
total cost: -2.7830047707339705
singles alt: [(6, 0), (7, 1), (8, 0), (9, 1), (10, 0), (11, 1), (6, 2), (7, 3), (8, 2), (9, 3), (10, 2), (11, 3), (6, 4), (7, 5), (8, 4), (9, 5), (10, 4), (11, 5)]
length: 18 99
2*[T] vs T3fnT3: -0.0007922226014916166 0.0015844452077365698
Estimated difference between T3^fnT3 - (T2^WT3 + h.c.) is: 0.0007922226062449532 6.276166578455462e-07
total cost: -2.783004770283979
singles alt: [(6, 0), (7, 1), (8, 0), (9, 1), (10, 0), (11, 1), (6, 2), (7, 3), (8, 2), (9, 3), (10, 2), (11, 3), (6, 4), (7, 5), (8, 4), (9, 5), (10, 4), (11, 5)]
length: 18 99
2*[T] vs T3fnT3: -0.000792222601611979 0.0015844452079772943
Estimated difference between T3^fnT3 - (T2^WT3 + h.c.) is: 0.0007922226063653154 6.276166580362534e-07
total cost: -2.78300477073397
singles alt: [(6, 0), (7, 1), (8, 0), (9, 1), (10, 0), (11, 1), (6, 2), (7, 3), (8, 2), (9, 3), (10, 2), (11, 3), (6, 4), (7, 5), (8, 4), (9, 5), (10, 4), (11, 5)]
length: 18 99
2*[T] vs T3fnT3: -0.0007922226064497704 0.0015844452176528774
Estimated difference between T3^fnT3 - (T2^WT3 + h.c.) is: 0.000792222611203107 6.276166657014692e-07
total cost: -2.7830047711114583
singles alt: [(6, 0), (7, 1), (8, 0), (9, 1), (10, 0), (11, 1), (6, 2), (7, 3), (8, 2), (9, 3), (10, 2), (11, 3), (6, 4), (7, 5), (8, 4), (9, 5), (10, 4), (11, 5)]
length: 18 99
2*[T] vs T3fnT3: -0.0007922226016119799 0.001584445207977296
Estimated difference between T3^fnT3 - (T2^WT3 + h.c.) is: 0.0007922226063653161 6.276166580362546e-07
total cost: -2.78300477073397
singles alt: [(6, 0), (7, 1), (8, 0), (9, 1), (10, 0), (11, 1), (6, 2), (7, 3), (8, 2), (9, 3), (10, 2), (11, 3), (6, 4), (7, 5), (8, 4), (9, 5), (10, 4), (11, 5)]
length: 18 99
2*[T] vs T3fnT3: -0.0007922226002764836 0.0015844452053063048
Estimated difference between T3^fnT3 - (T2^WT3 + h.c.) is: 0.0007922226050298213 6.276166559202362e-07
total cost: -2.783004770847596
singles alt: [(6, 0), (7, 1), (8, 0), (9, 1), (10, 0), (11, 1), (6, 2), (7, 3), (8, 2), (9, 3), (10, 2), (11, 3), (6, 4), (7, 5), (8, 4), (9, 5), (10, 4), (11, 5)]
length: 18 99
2*[T] vs T3fnT3: -0.0007922226016119807 0.0015844452079772974
Estimated difference between T3^fnT3 - (T2^WT3 + h.c.) is: 0.0007922226063653167 6.276166580362554e-07
total cost: -2.783004770733971
singles alt: [(6, 0), (7, 1), (8, 0), (9, 1), (10, 0), (11, 1), (6, 2), (7, 3), (8, 2), (9, 3), (10, 2), (11, 3), (6, 4), (7, 5), (8, 4), (9, 5), (10, 4), (11, 5)]
length: 18 99
2*[T] vs T3fnT3: -0.0007922226008455018 0.0015844452064443398
Estimated difference between T3^fnT3 - (T2^WT3 + h.c.) is: 0.000792222605598838 6.27616656821812e-07
total cost: -2.7830047706215075
singles alt: [(6, 0), (7, 1), (8, 0), (9, 1), (10, 0), (11, 1), (6, 2), (7, 3), (8, 2), (9, 3), (10, 2), (11, 3), (6, 4), (7, 5), (8, 4), (9, 5), (10, 4), (11, 5)]
length: 18 99
2*[T] vs T3fnT3: -0.0007922226016119802 0.001584445207977296
Estimated difference between T3^fnT3 - (T2^WT3 + h.c.) is: 0.0007922226063653159 6.276166580362543e-07
total cost: -2.78300477073397
singles alt: [(6, 0), (7, 1), (8, 0), (9, 1), (10, 0), (11, 1), (6, 2), (7, 3), (8, 2), (9, 3), (10, 2), (11, 3), (6, 4), (7, 5), (8, 4), (9, 5), (10, 4), (11, 5)]
length: 18 99
2*[T] vs T3fnT3: -0.0007922225973766599 0.0015844451995066567
Estimated difference between T3^fnT3 - (T2^WT3 + h.c.) is: 0.0007922226021299968 6.276166513256232e-07
total cost: -2.7830047707124552
singles alt: [(6, 0), (7, 1), (8, 0), (9, 1), (10, 0), (11, 1), (6, 2), (7, 3), (8, 2), (9, 3), (10, 2), (11, 3), (6, 4), (7, 5), (8, 4), (9, 5), (10, 4), (11, 5)]
length: 18 99
2*[T] vs T3fnT3: -0.0007922226016119786 0.0015844452079772937
Estimated difference between T3^fnT3 - (T2^WT3 + h.c.) is: 0.000792222606365315 6.276166580362529e-07
total cost: -2.78300477073397
singles alt: [(6, 0), (7, 1), (8, 0), (9, 1), (10, 0), (11, 1), (6, 2), (7, 3), (8, 2), (9, 3), (10, 2), (11, 3), (6, 4), (7, 5), (8, 4), (9, 5), (10, 4), (11, 5)]
length: 18 99
2*[T] vs T3fnT3: -0.0007922226048943116 0.0015844452145419604
Estimated difference between T3^fnT3 - (T2^WT3 + h.c.) is: 0.0007922226096476489 6.27616663236931e-07
total cost: -2.7830047716923505
singles alt: [(6, 0), (7, 1), (8, 0), (9, 1), (10, 0), (11, 1), (6, 2), (7, 3), (8, 2), (9, 3), (10, 2), (11, 3), (6, 4), (7, 5), (8, 4), (9, 5), (10, 4), (11, 5)]
length: 18 99
2*[T] vs T3fnT3: -0.000792222601611979 0.0015844452079772945
Estimated difference between T3^fnT3 - (T2^WT3 + h.c.) is: 0.0007922226063653156 6.276166580362538e-07
total cost: -2.78300477073397
singles alt: [(6, 0), (7, 1), (8, 0), (9, 1), (10, 0), (11, 1), (6, 2), (7, 3), (8, 2), (9, 3), (10, 2), (11, 3), (6, 4), (7, 5), (8, 4), (9, 5), (10, 4), (11, 5)]
length: 18 99
2*[T] vs T3fnT3: -0.0007922226091905755 0.0015844452231344882
Estimated difference between T3^fnT3 - (T2^WT3 + h.c.) is: 0.0007922226139439127 6.276166700441258e-07
total cost: -2.7830047714684096
singles alt: [(6, 0), (7, 1), (8, 0), (9, 1), (10, 0), (11, 1), (6, 2), (7, 3), (8, 2), (9, 3), (10, 2), (11, 3), (6, 4), (7, 5), (8, 4), (9, 5), (10, 4), (11, 5)]
length: 18 99
2*[T] vs T3fnT3: -0.0007922226016119787 0.001584445207977293
Estimated difference between T3^fnT3 - (T2^WT3 + h.c.) is: 0.0007922226063653143 6.276166580362516e-07
total cost: -2.7830047707339696
singles alt: [(6, 0), (7, 1), (8, 0), (9, 1), (10, 0), (11, 1), (6, 2), (7, 3), (8, 2), (9, 3), (10, 2), (11, 3), (6, 4), (7, 5), (8, 4), (9, 5), (10, 4), (11, 5)]
length: 18 99
2*[T] vs T3fnT3: -0.0007922226086025096 0.0015844452219583552
Estimated difference between T3^fnT3 - (T2^WT3 + h.c.) is: 0.0007922226133558456 6.276166691123656e-07
total cost: -2.783004770541237
singles alt: [(6, 0), (7, 1), (8, 0), (9, 1), (10, 0), (11, 1), (6, 2), (7, 3), (8, 2), (9, 3), (10, 2), (11, 3), (6, 4), (7, 5), (8, 4), (9, 5), (10, 4), (11, 5)]
length: 18 99
2*[T] vs T3fnT3: -0.0007922226016119802 0.001584445207977296
Estimated difference between T3^fnT3 - (T2^WT3 + h.c.) is: 0.0007922226063653159 6.276166580362543e-07
total cost: -2.7830047707339705
singles alt: [(6, 0), (7, 1), (8, 0), (9, 1), (10, 0), (11, 1), (6, 2), (7, 3), (8, 2), (9, 3), (10, 2), (11, 3), (6, 4), (7, 5), (8, 4), (9, 5), (10, 4), (11, 5)]
length: 18 99
2*[T] vs T3fnT3: -0.00079222260051789 0.001584445205789116
Estimated difference between T3^fnT3 - (T2^WT3 + h.c.) is: 0.0007922226052712261 6.276166563027289e-07
total cost: -2.7830047699869893
singles alt: [(6, 0), (7, 1), (8, 0), (9, 1), (10, 0), (11, 1), (6, 2), (7, 3), (8, 2), (9, 3), (10, 2), (11, 3), (6, 4), (7, 5), (8, 4), (9, 5), (10, 4), (11, 5)]
length: 18 99
2*[T] vs T3fnT3: -0.00079222260161198 0.0015844452079772958
Estimated difference between T3^fnT3 - (T2^WT3 + h.c.) is: 0.0007922226063653158 6.276166580362541e-07
total cost: -2.78300477073397
singles alt: [(6, 0), (7, 1), (8, 0), (9, 1), (10, 0), (11, 1), (6, 2), (7, 3), (8, 2), (9, 3), (10, 2), (11, 3), (6, 4), (7, 5), (8, 4), (9, 5), (10, 4), (11, 5)]
length: 18 99
2*[T] vs T3fnT3: -0.0007922226172212258 0.0015844452391957872
Estimated difference between T3^fnT3 - (T2^WT3 + h.c.) is: 0.0007922226219745614 6.276166827682487e-07
total cost: -2.7830047713934474
singles alt: [(6, 0), (7, 1), (8, 0), (9, 1), (10, 0), (11, 1), (6, 2), (7, 3), (8, 2), (9, 3), (10, 2), (11, 3), (6, 4), (7, 5), (8, 4), (9, 5), (10, 4), (11, 5)]
length: 18 99
2*[T] vs T3fnT3: -0.0007922226016119807 0.0015844452079772971
Estimated difference between T3^fnT3 - (T2^WT3 + h.c.) is: 0.0007922226063653164 6.276166580362551e-07
total cost: -2.7830047707339696
singles alt: [(6, 0), (7, 1), (8, 0), (9, 1), (10, 0), (11, 1), (6, 2), (7, 3), (8, 2), (9, 3), (10, 2), (11, 3), (6, 4), (7, 5), (8, 4), (9, 5), (10, 4), (11, 5)]
length: 18 99
2*[T] vs T3fnT3: -0.0007922226005178901 0.001584445205789116
Estimated difference between T3^fnT3 - (T2^WT3 + h.c.) is: 0.000792222605271226 6.276166563027288e-07
total cost: -2.7830047700887666
singles alt: [(6, 0), (7, 1), (8, 0), (9, 1), (10, 0), (11, 1), (6, 2), (7, 3), (8, 2), (9, 3), (10, 2), (11, 3), (6, 4), (7, 5), (8, 4), (9, 5), (10, 4), (11, 5)]
length: 18 99
2*[T] vs T3fnT3: -0.0007922226016119805 0.0015844452079772971
Estimated difference between T3^fnT3 - (T2^WT3 + h.c.) is: 0.0007922226063653167 6.276166580362554e-07
total cost: -2.78300477073397
singles alt: [(6, 0), (7, 1), (8, 0), (9, 1), (10, 0), (11, 1), (6, 2), (7, 3), (8, 2), (9, 3), (10, 2), (11, 3), (6, 4), (7, 5), (8, 4), (9, 5), (10, 4), (11, 5)]
length: 18 99
2*[T] vs T3fnT3: -0.0007922226025651363 0.00158444520988361
Estimated difference between T3^fnT3 - (T2^WT3 + h.c.) is: 0.0007922226073184736 6.276166595464804e-07
total cost: -2.7830047706182257
singles alt: [(6, 0), (7, 1), (8, 0), (9, 1), (10, 0), (11, 1), (6, 2), (7, 3), (8, 2), (9, 3), (10, 2), (11, 3), (6, 4), (7, 5), (8, 4), (9, 5), (10, 4), (11, 5)]
length: 18 99
2*[T] vs T3fnT3: -0.0007922226016119805 0.0015844452079772971
Estimated difference between T3^fnT3 - (T2^WT3 + h.c.) is: 0.0007922226063653167 6.276166580362554e-07
total cost: -2.7830047707339696
singles alt: [(6, 0), (7, 1), (8, 0), (9, 1), (10, 0), (11, 1), (6, 2), (7, 3), (8, 2), (9, 3), (10, 2), (11, 3), (6, 4), (7, 5), (8, 4), (9, 5), (10, 4), (11, 5)]
length: 18 99
2*[T] vs T3fnT3: -0.000792222603817653 0.0015844452123886423
Estimated difference between T3^fnT3 - (T2^WT3 + h.c.) is: 0.0007922226085709894 6.276166615310231e-07
total cost: -2.7830047711490606
singles alt: [(6, 0), (7, 1), (8, 0), (9, 1), (10, 0), (11, 1), (6, 2), (7, 3), (8, 2), (9, 3), (10, 2), (11, 3), (6, 4), (7, 5), (8, 4), (9, 5), (10, 4), (11, 5)]
length: 18 99
2*[T] vs T3fnT3: -0.000792222601611979 0.001584445207977294
Estimated difference between T3^fnT3 - (T2^WT3 + h.c.) is: 0.0007922226063653151 6.27616658036253e-07
total cost: -2.7830047707339696
singles alt: [(6, 0), (7, 1), (8, 0), (9, 1), (10, 0), (11, 1), (6, 2), (7, 3), (8, 2), (9, 3), (10, 2), (11, 3), (6, 4), (7, 5), (8, 4), (9, 5), (10, 4), (11, 5)]
length: 18 99
2*[T] vs T3fnT3: -0.0007922226074516664 0.0015844452196566692
Estimated difference between T3^fnT3 - (T2^WT3 + h.c.) is: 0.0007922226122050028 6.276166672889183e-07
total cost: -2.783004771076693
singles alt: [(6, 0), (7, 1), (8, 0), (9, 1), (10, 0), (11, 1), (6, 2), (7, 3), (8, 2), (9, 3), (10, 2), (11, 3), (6, 4), (7, 5), (8, 4), (9, 5), (10, 4), (11, 5)]
length: 18 99
2*[T] vs T3fnT3: -0.0007922226016119785 0.0015844452079772924
Estimated difference between T3^fnT3 - (T2^WT3 + h.c.) is: 0.0007922226063653138 6.27616658036251e-07
total cost: -2.7830047707339696
singles alt: [(6, 0), (7, 1), (8, 0), (9, 1), (10, 0), (11, 1), (6, 2), (7, 3), (8, 2), (9, 3), (10, 2), (11, 3), (6, 4), (7, 5), (8, 4), (9, 5), (10, 4), (11, 5)]
length: 18 99
2*[T] vs T3fnT3: -0.0007922225986481699 0.0015844452020496768
Estimated difference between T3^fnT3 - (T2^WT3 + h.c.) is: 0.0007922226034015069 6.276166533402613e-07
total cost: -2.7830047708601975
singles alt: [(6, 0), (7, 1), (8, 0), (9, 1), (10, 0), (11, 1), (6, 2), (7, 3), (8, 2), (9, 3), (10, 2), (11, 3), (6, 4), (7, 5), (8, 4), (9, 5), (10, 4), (11, 5)]
length: 18 99
2*[T] vs T3fnT3: -0.0007922226016119791 0.0015844452079772939
Estimated difference between T3^fnT3 - (T2^WT3 + h.c.) is: 0.0007922226063653148 6.276166580362526e-07
total cost: -2.7830047707339696
singles alt: [(6, 0), (7, 1), (8, 0), (9, 1), (10, 0), (11, 1), (6, 2), (7, 3), (8, 2), (9, 3), (10, 2), (11, 3), (6, 4), (7, 5), (8, 4), (9, 5), (10, 4), (11, 5)]
length: 18 99
2*[T] vs T3fnT3: -0.0007922225998691544 0.0015844452044916457
Estimated difference between T3^fnT3 - (T2^WT3 + h.c.) is: 0.0007922226046224913 6.276166552748441e-07
total cost: -2.7830047707895504
singles alt: [(6, 0), (7, 1), (8, 0), (9, 1), (10, 0), (11, 1), (6, 2), (7, 3), (8, 2), (9, 3), (10, 2), (11, 3), (6, 4), (7, 5), (8, 4), (9, 5), (10, 4), (11, 5)]
length: 18 99
2*[T] vs T3fnT3: -0.0007922226016119785 0.0015844452079772935
Estimated difference between T3^fnT3 - (T2^WT3 + h.c.) is: 0.0007922226063653149 6.276166580362527e-07
total cost: -2.78300477073397
singles alt: [(6, 0), (7, 1), (8, 0), (9, 1), (10, 0), (11, 1), (6, 2), (7, 3), (8, 2), (9, 3), (10, 2), (11, 3), (6, 4), (7, 5), (8, 4), (9, 5), (10, 4), (11, 5)]
length: 18 99
2*[T] vs T3fnT3: -0.000792222603055305 0.0015844452108639468
Estimated difference between T3^fnT3 - (T2^WT3 + h.c.) is: 0.0007922226078086418 6.276166603231251e-07
total cost: -2.7830047707211802
singles alt: [(6, 0), (7, 1), (8, 0), (9, 1), (10, 0), (11, 1), (6, 2), (7, 3), (8, 2), (9, 3), (10, 2), (11, 3), (6, 4), (7, 5), (8, 4), (9, 5), (10, 4), (11, 5)]
length: 18 99
2*[T] vs T3fnT3: -0.0007922226016119815 0.0015844452079772982
Estimated difference between T3^fnT3 - (T2^WT3 + h.c.) is: 0.0007922226063653168 6.276166580362557e-07
total cost: -2.7830047707339696
singles alt: [(6, 0), (7, 1), (8, 0), (9, 1), (10, 0), (11, 1), (6, 2), (7, 3), (8, 2), (9, 3), (10, 2), (11, 3), (6, 4), (7, 5), (8, 4), (9, 5), (10, 4), (11, 5)]
length: 18 99
2*[T] vs T3fnT3: -0.0007922226064497704 0.0015844452176528771
Estimated difference between T3^fnT3 - (T2^WT3 + h.c.) is: 0.0007922226112031068 6.276166657014689e-07
total cost: -2.783004771206471
singles alt: [(6, 0), (7, 1), (8, 0), (9, 1), (10, 0), (11, 1), (6, 2), (7, 3), (8, 2), (9, 3), (10, 2), (11, 3), (6, 4), (7, 5), (8, 4), (9, 5), (10, 4), (11, 5)]
length: 18 99
2*[T] vs T3fnT3: -0.0007922226016119809 0.0015844452079772976
Estimated difference between T3^fnT3 - (T2^WT3 + h.c.) is: 0.0007922226063653167 6.276166580362554e-07
total cost: -2.7830047707339696
singles alt: [(6, 0), (7, 1), (8, 0), (9, 1), (10, 0), (11, 1), (6, 2), (7, 3), (8, 2), (9, 3), (10, 2), (11, 3), (6, 4), (7, 5), (8, 4), (9, 5), (10, 4), (11, 5)]
length: 18 99
2*[T] vs T3fnT3: -0.0007922226014916166 0.00158444520773657
Estimated difference between T3^fnT3 - (T2^WT3 + h.c.) is: 0.0007922226062449534 6.276166578455465e-07
total cost: -2.783004770248577
singles alt: [(6, 0), (7, 1), (8, 0), (9, 1), (10, 0), (11, 1), (6, 2), (7, 3), (8, 2), (9, 3), (10, 2), (11, 3), (6, 4), (7, 5), (8, 4), (9, 5), (10, 4), (11, 5)]
length: 18 99
2*[T] vs T3fnT3: -0.0007922226016119799 0.0015844452079772963
Estimated difference between T3^fnT3 - (T2^WT3 + h.c.) is: 0.0007922226063653163 6.276166580362549e-07
total cost: -2.7830047707339696
singles alt: [(6, 0), (7, 1), (8, 0), (9, 1), (10, 0), (11, 1), (6, 2), (7, 3), (8, 2), (9, 3), (10, 2), (11, 3), (6, 4), (7, 5), (8, 4), (9, 5), (10, 4), (11, 5)]
length: 18 99
2*[T] vs T3fnT3: -0.0007922226101978261 0.0015844452251489887
Estimated difference between T3^fnT3 - (T2^WT3 + h.c.) is: 0.0007922226149511627 6.276166716400582e-07
total cost: -2.7830047711882235
singles alt: [(6, 0), (7, 1), (8, 0), (9, 1), (10, 0), (11, 1), (6, 2), (7, 3), (8, 2), (9, 3), (10, 2), (11, 3), (6, 4), (7, 5), (8, 4), (9, 5), (10, 4), (11, 5)]
length: 18 99
2*[T] vs T3fnT3: -0.000792222601611979 0.0015844452079772943
Estimated difference between T3^fnT3 - (T2^WT3 + h.c.) is: 0.0007922226063653154 6.276166580362534e-07
total cost: -2.7830047707339696
singles alt: [(6, 0), (7, 1), (8, 0), (9, 1), (10, 0), (11, 1), (6, 2), (7, 3), (8, 2), (9, 3), (10, 2), (11, 3), (6, 4), (7, 5), (8, 4), (9, 5), (10, 4), (11, 5)]
length: 18 99
2*[T] vs T3fnT3: -0.0007922226002764838 0.0015844452053063044
Estimated difference between T3^fnT3 - (T2^WT3 + h.c.) is: 0.0007922226050298206 6.276166559202351e-07
total cost: -2.7830047708914423
singles alt: [(6, 0), (7, 1), (8, 0), (9, 1), (10, 0), (11, 1), (6, 2), (7, 3), (8, 2), (9, 3), (10, 2), (11, 3), (6, 4), (7, 5), (8, 4), (9, 5), (10, 4), (11, 5)]
length: 18 99
2*[T] vs T3fnT3: -0.0007922226016119804 0.0015844452079772971
Estimated difference between T3^fnT3 - (T2^WT3 + h.c.) is: 0.0007922226063653168 6.276166580362557e-07
total cost: -2.7830047707339696
singles alt: [(6, 0), (7, 1), (8, 0), (9, 1), (10, 0), (11, 1), (6, 2), (7, 3), (8, 2), (9, 3), (10, 2), (11, 3), (6, 4), (7, 5), (8, 4), (9, 5), (10, 4), (11, 5)]
length: 18 99
2*[T] vs T3fnT3: -0.0007922226074516659 0.0015844452196566692
Estimated difference between T3^fnT3 - (T2^WT3 + h.c.) is: 0.0007922226122050034 6.276166672889192e-07
total cost: -2.7830047710189083
singles alt: [(6, 0), (7, 1), (8, 0), (9, 1), (10, 0), (11, 1), (6, 2), (7, 3), (8, 2), (9, 3), (10, 2), (11, 3), (6, 4), (7, 5), (8, 4), (9, 5), (10, 4), (11, 5)]
length: 18 99
2*[T] vs T3fnT3: -0.0007922226016119789 0.001584445207977294
Estimated difference between T3^fnT3 - (T2^WT3 + h.c.) is: 0.0007922226063653153 6.276166580362532e-07
total cost: -2.7830047707339696
singles alt: [(6, 0), (7, 1), (8, 0), (9, 1), (10, 0), (11, 1), (6, 2), (7, 3), (8, 2), (9, 3), (10, 2), (11, 3), (6, 4), (7, 5), (8, 4), (9, 5), (10, 4), (11, 5)]
length: 18 99
2*[T] vs T3fnT3: -0.0007922226038176531 0.0015844452123886421
Estimated difference between T3^fnT3 - (T2^WT3 + h.c.) is: 0.000792222608570989 6.276166615310225e-07
total cost: -2.7830047711150687
singles alt: [(6, 0), (7, 1), (8, 0), (9, 1), (10, 0), (11, 1), (6, 2), (7, 3), (8, 2), (9, 3), (10, 2), (11, 3), (6, 4), (7, 5), (8, 4), (9, 5), (10, 4), (11, 5)]
length: 18 99
2*[T] vs T3fnT3: -0.0007922226016119782 0.0015844452079772924
Estimated difference between T3^fnT3 - (T2^WT3 + h.c.) is: 0.0007922226063653142 6.276166580362515e-07
total cost: -2.78300477073397
singles alt: [(6, 0), (7, 1), (8, 0), (9, 1), (10, 0), (11, 1), (6, 2), (7, 3), (8, 2), (9, 3), (10, 2), (11, 3), (6, 4), (7, 5), (8, 4), (9, 5), (10, 4), (11, 5)]
length: 18 99
2*[T] vs T3fnT3: -0.0007922225998691544 0.0015844452044916453
Estimated difference between T3^fnT3 - (T2^WT3 + h.c.) is: 0.0007922226046224908 6.276166552748434e-07
total cost: -2.783004770749933
singles alt: [(6, 0), (7, 1), (8, 0), (9, 1), (10, 0), (11, 1), (6, 2), (7, 3), (8, 2), (9, 3), (10, 2), (11, 3), (6, 4), (7, 5), (8, 4), (9, 5), (10, 4), (11, 5)]
length: 18 99
2*[T] vs T3fnT3: -0.0007922226016119789 0.001584445207977294
Estimated difference between T3^fnT3 - (T2^WT3 + h.c.) is: 0.0007922226063653153 6.276166580362532e-07
total cost: -2.7830047707339696
singles alt: [(6, 0), (7, 1), (8, 0), (9, 1), (10, 0), (11, 1), (6, 2), (7, 3), (8, 2), (9, 3), (10, 2), (11, 3), (6, 4), (7, 5), (8, 4), (9, 5), (10, 4), (11, 5)]
length: 18 99
2*[T] vs T3fnT3: -0.0007922225986481699 0.0015844452020496768
Estimated difference between T3^fnT3 - (T2^WT3 + h.c.) is: 0.0007922226034015069 6.276166533402613e-07
total cost: -2.783004770789416
singles alt: [(6, 0), (7, 1), (8, 0), (9, 1), (10, 0), (11, 1), (6, 2), (7, 3), (8, 2), (9, 3), (10, 2), (11, 3), (6, 4), (7, 5), (8, 4), (9, 5), (10, 4), (11, 5)]
length: 18 99
2*[T] vs T3fnT3: -0.0007922226016119784 0.0015844452079772932
Estimated difference between T3^fnT3 - (T2^WT3 + h.c.) is: 0.0007922226063653148 6.276166580362526e-07
total cost: -2.78300477073397
singles alt: [(6, 0), (7, 1), (8, 0), (9, 1), (10, 0), (11, 1), (6, 2), (7, 3), (8, 2), (9, 3), (10, 2), (11, 3), (6, 4), (7, 5), (8, 4), (9, 5), (10, 4), (11, 5)]
length: 18 99
2*[T] vs T3fnT3: -0.000792222606572014 0.001584445217897365
Estimated difference between T3^fnT3 - (T2^WT3 + h.c.) is: 0.000792222611325351 6.276166658951581e-07
total cost: -2.7830047711496997
singles alt: [(6, 0), (7, 1), (8, 0), (9, 1), (10, 0), (11, 1), (6, 2), (7, 3), (8, 2), (9, 3), (10, 2), (11, 3), (6, 4), (7, 5), (8, 4), (9, 5), (10, 4), (11, 5)]
length: 18 99
2*[T] vs T3fnT3: -0.0007922226016119799 0.0015844452079772958
Estimated difference between T3^fnT3 - (T2^WT3 + h.c.) is: 0.0007922226063653159 6.276166580362543e-07
total cost: -2.7830047707339696
singles alt: [(6, 0), (7, 1), (8, 0), (9, 1), (10, 0), (11, 1), (6, 2), (7, 3), (8, 2), (9, 3), (10, 2), (11, 3), (6, 4), (7, 5), (8, 4), (9, 5), (10, 4), (11, 5)]
length: 18 99
2*[T] vs T3fnT3: -0.0007922226009629974 0.001584445206679332
Estimated difference between T3^fnT3 - (T2^WT3 + h.c.) is: 0.0007922226057163345 6.276166570079787e-07
total cost: -2.783004770825198
singles alt: [(6, 0), (7, 1), (8, 0), (9, 1), (10, 0), (11, 1), (6, 2), (7, 3), (8, 2), (9, 3), (10, 2), (11, 3), (6, 4), (7, 5), (8, 4), (9, 5), (10, 4), (11, 5)]
length: 18 99
2*[T] vs T3fnT3: -0.0007922226016119798 0.0015844452079772958
Estimated difference between T3^fnT3 - (T2^WT3 + h.c.) is: 0.000792222606365316 6.276166580362544e-07
total cost: -2.7830047707339696
singles alt: [(6, 0), (7, 1), (8, 0), (9, 1), (10, 0), (11, 1), (6, 2), (7, 3), (8, 2), (9, 3), (10, 2), (11, 3), (6, 4), (7, 5), (8, 4), (9, 5), (10, 4), (11, 5)]
length: 18 99
2*[T] vs T3fnT3: -0.000792222615381524 0.0015844452355163845
Estimated difference between T3^fnT3 - (T2^WT3 + h.c.) is: 0.0007922226201348604 6.276166798533434e-07
total cost: -2.7830047706258942
singles alt: [(6, 0), (7, 1), (8, 0), (9, 1), (10, 0), (11, 1), (6, 2), (7, 3), (8, 2), (9, 3), (10, 2), (11, 3), (6, 4), (7, 5), (8, 4), (9, 5), (10, 4), (11, 5)]
length: 18 99
2*[T] vs T3fnT3: -0.0007922226016119795 0.0015844452079772954
Estimated difference between T3^fnT3 - (T2^WT3 + h.c.) is: 0.0007922226063653159 6.276166580362543e-07
total cost: -2.7830047707339696
singles alt: [(6, 0), (7, 1), (8, 0), (9, 1), (10, 0), (11, 1), (6, 2), (7, 3), (8, 2), (9, 3), (10, 2), (11, 3), (6, 4), (7, 5), (8, 4), (9, 5), (10, 4), (11, 5)]
length: 18 99
2*[T] vs T3fnT3: -0.0007922226009629976 0.001584445206679332
Estimated difference between T3^fnT3 - (T2^WT3 + h.c.) is: 0.0007922226057163344 6.276166570079786e-07
total cost: -2.7830047708466417
singles alt: [(6, 0), (7, 1), (8, 0), (9, 1), (10, 0), (11, 1), (6, 2), (7, 3), (8, 2), (9, 3), (10, 2), (11, 3), (6, 4), (7, 5), (8, 4), (9, 5), (10, 4), (11, 5)]
length: 18 99
2*[T] vs T3fnT3: -0.0007922226016119795 0.0015844452079772952
Estimated difference between T3^fnT3 - (T2^WT3 + h.c.) is: 0.0007922226063653157 6.27616658036254e-07
total cost: -2.7830047707339696
singles alt: [(6, 0), (7, 1), (8, 0), (9, 1), (10, 0), (11, 1), (6, 2), (7, 3), (8, 2), (9, 3), (10, 2), (11, 3), (6, 4), (7, 5), (8, 4), (9, 5), (10, 4), (11, 5)]
length: 18 99
2*[T] vs T3fnT3: -0.0007922226070308434 0.0015844452188150243
Estimated difference between T3^fnT3 - (T2^WT3 + h.c.) is: 0.0007922226117841809 6.27616666622149e-07
total cost: -2.783004770533793
singles alt: [(6, 0), (7, 1), (8, 0), (9, 1), (10, 0), (11, 1), (6, 2), (7, 3), (8, 2), (9, 3), (10, 2), (11, 3), (6, 4), (7, 5), (8, 4), (9, 5), (10, 4), (11, 5)]
length: 18 99
2*[T] vs T3fnT3: -0.0007922226012679483 0.0015844452072892327
Estimated difference between T3^fnT3 - (T2^WT3 + h.c.) is: 0.0007922226060212845 6.276166574911553e-07
total cost: -2.783004770769534
singles alt: [(6, 0), (7, 1), (8, 0), (9, 1), (10, 0), (11, 1), (6, 2), (7, 3), (8, 2), (9, 3), (10, 2), (11, 3), (6, 4), (7, 5), (8, 4), (9, 5), (10, 4), (11, 5)]
length: 18 99
2*[T] vs T3fnT3: -0.0007922226012679481 0.0015844452072892323
Estimated difference between T3^fnT3 - (T2^WT3 + h.c.) is: 0.0007922226060212842 6.276166574911549e-07
total cost: -2.783004770756122
singles alt: [(6, 0), (7, 1), (8, 0), (9, 1), (10, 0), (11, 1), (6, 2), (7, 3), (8, 2), (9, 3), (10, 2), (11, 3), (6, 4), (7, 5), (8, 4), (9, 5), (10, 4), (11, 5)]
length: 18 99
2*[T] vs T3fnT3: -0.000792222601611979 0.001584445207977294
Estimated difference between T3^fnT3 - (T2^WT3 + h.c.) is: 0.0007922226063653151 6.27616658036253e-07
total cost: -2.7830047707339696
singles alt: [(6, 0), (7, 1), (8, 0), (9, 1), (10, 0), (11, 1), (6, 2), (7, 3), (8, 2), (9, 3), (10, 2), (11, 3), (6, 4), (7, 5), (8, 4), (9, 5), (10, 4), (11, 5)]
length: 18 99
2*[T] vs T3fnT3: -0.000792222601611979 0.0015844452079772939
Estimated difference between T3^fnT3 - (T2^WT3 + h.c.) is: 0.0007922226063653149 6.276166580362527e-07
total cost: -2.7830047707339696
singles alt: [(6, 0), (7, 1), (8, 0), (9, 1), (10, 0), (11, 1), (6, 2), (7, 3), (8, 2), (9, 3), (10, 2), (11, 3), (6, 4), (7, 5), (8, 4), (9, 5), (10, 4), (11, 5)]
length: 18 99
2*[T] vs T3fnT3: -0.0007922225991366539 0.0015844452030266444
Estimated difference between T3^fnT3 - (T2^WT3 + h.c.) is: 0.0007922226038899905 6.276166541142368e-07
total cost: -2.7830047707939065
singles alt: [(6, 0), (7, 1), (8, 0), (9, 1), (10, 0), (11, 1), (6, 2), (7, 3), (8, 2), (9, 3), (10, 2), (11, 3), (6, 4), (7, 5), (8, 4), (9, 5), (10, 4), (11, 5)]
length: 18 99
2*[T] vs T3fnT3: -0.0007922225991366539 0.0015844452030266448
Estimated difference between T3^fnT3 - (T2^WT3 + h.c.) is: 0.0007922226038899909 6.276166541142375e-07
total cost: -2.7830047708186028
singles alt: [(6, 0), (7, 1), (8, 0), (9, 1), (10, 0), (11, 1), (6, 2), (7, 3), (8, 2), (9, 3), (10, 2), (11, 3), (6, 4), (7, 5), (8, 4), (9, 5), (10, 4), (11, 5)]
length: 18 99
2*[T] vs T3fnT3: -0.0007922226016119798 0.0015844452079772963
Estimated difference between T3^fnT3 - (T2^WT3 + h.c.) is: 0.0007922226063653164 6.276166580362551e-07
total cost: -2.7830047707339687
singles alt: [(6, 0), (7, 1), (8, 0), (9, 1), (10, 0), (11, 1), (6, 2), (7, 3), (8, 2), (9, 3), (10, 2), (11, 3), (6, 4), (7, 5), (8, 4), (9, 5), (10, 4), (11, 5)]
length: 18 99
2*[T] vs T3fnT3: -0.0007922226016119799 0.0015844452079772958
Estimated difference between T3^fnT3 - (T2^WT3 + h.c.) is: 0.0007922226063653159 6.276166580362543e-07
total cost: -2.7830047707339696
singles alt: [(6, 0), (7, 1), (8, 0), (9, 1), (10, 0), (11, 1), (6, 2), (7, 3), (8, 2), (9, 3), (10, 2), (11, 3), (6, 4), (7, 5), (8, 4), (9, 5), (10, 4), (11, 5)]
length: 18 99
2*[T] vs T3fnT3: -0.0007922226054175092 0.0015844452155883543
Estimated difference between T3^fnT3 - (T2^WT3 + h.c.) is: 0.0007922226101708451 6.276166640659069e-07
total cost: -2.783004770742374
singles alt: [(6, 0), (7, 1), (8, 0), (9, 1), (10, 0), (11, 1), (6, 2), (7, 3), (8, 2), (9, 3), (10, 2), (11, 3), (6, 4), (7, 5), (8, 4), (9, 5), (10, 4), (11, 5)]
length: 18 99
2*[T] vs T3fnT3: -0.0007922226054175093 0.0015844452155883543
Estimated difference between T3^fnT3 - (T2^WT3 + h.c.) is: 0.000792222610170845 6.276166640659067e-07
total cost: -2.783004770723756
singles alt: [(6, 0), (7, 1), (8, 0), (9, 1), (10, 0), (11, 1), (6, 2), (7, 3), (8, 2), (9, 3), (10, 2), (11, 3), (6, 4), (7, 5), (8, 4), (9, 5), (10, 4), (11, 5)]
length: 18 99
2*[T] vs T3fnT3: -0.0007922226016119796 0.0015844452079772956
Estimated difference between T3^fnT3 - (T2^WT3 + h.c.) is: 0.000792222606365316 6.276166580362544e-07
total cost: -2.7830047707339696
singles alt: [(6, 0), (7, 1), (8, 0), (9, 1), (10, 0), (11, 1), (6, 2), (7, 3), (8, 2), (9, 3), (10, 2), (11, 3), (6, 4), (7, 5), (8, 4), (9, 5), (10, 4), (11, 5)]
length: 18 99
2*[T] vs T3fnT3: -0.0007922226016119797 0.0015844452079772956
Estimated difference between T3^fnT3 - (T2^WT3 + h.c.) is: 0.0007922226063653159 6.276166580362543e-07
total cost: -2.783004770733969
singles alt: [(6, 0), (7, 1), (8, 0), (9, 1), (10, 0), (11, 1), (6, 2), (7, 3), (8, 2), (9, 3), (10, 2), (11, 3), (6, 4), (7, 5), (8, 4), (9, 5), (10, 4), (11, 5)]
length: 18 99
2*[T] vs T3fnT3: -0.000792222603675852 0.0015844452121050396
Estimated difference between T3^fnT3 - (T2^WT3 + h.c.) is: 0.0007922226084291875 6.276166613063458e-07
total cost: -2.7830047706125787
singles alt: [(6, 0), (7, 1), (8, 0), (9, 1), (10, 0), (11, 1), (6, 2), (7, 3), (8, 2), (9, 3), (10, 2), (11, 3), (6, 4), (7, 5), (8, 4), (9, 5), (10, 4), (11, 5)]
length: 18 99
2*[T] vs T3fnT3: -0.0007922226036758516 0.0015844452121050396
Estimated difference between T3^fnT3 - (T2^WT3 + h.c.) is: 0.000792222608429188 6.276166613063465e-07
total cost: -2.7830047706195913
singles alt: [(6, 0), (7, 1), (8, 0), (9, 1), (10, 0), (11, 1), (6, 2), (7, 3), (8, 2), (9, 3), (10, 2), (11, 3), (6, 4), (7, 5), (8, 4), (9, 5), (10, 4), (11, 5)]
length: 18 99
2*[T] vs T3fnT3: -0.0007922226016119786 0.0015844452079772932
Estimated difference between T3^fnT3 - (T2^WT3 + h.c.) is: 0.0007922226063653146 6.276166580362522e-07
total cost: -2.7830047707339687
singles alt: [(6, 0), (7, 1), (8, 0), (9, 1), (10, 0), (11, 1), (6, 2), (7, 3), (8, 2), (9, 3), (10, 2), (11, 3), (6, 4), (7, 5), (8, 4), (9, 5), (10, 4), (11, 5)]
length: 18 99
2*[T] vs T3fnT3: -0.0007922226016119786 0.0015844452079772928
Estimated difference between T3^fnT3 - (T2^WT3 + h.c.) is: 0.0007922226063653142 6.276166580362515e-07
total cost: -2.7830047707339687
singles alt: [(6, 0), (7, 1), (8, 0), (9, 1), (10, 0), (11, 1), (6, 2), (7, 3), (8, 2), (9, 3), (10, 2), (11, 3), (6, 4), (7, 5), (8, 4), (9, 5), (10, 4), (11, 5)]
length: 18 99
2*[T] vs T3fnT3: -0.0007922226041532129 0.0015844452130597615
Estimated difference between T3^fnT3 - (T2^WT3 + h.c.) is: 0.0007922226089065486 6.276166620626984e-07
total cost: -2.7830047707702597
singles alt: [(6, 0), (7, 1), (8, 0), (9, 1), (10, 0), (11, 1), (6, 2), (7, 3), (8, 2), (9, 3), (10, 2), (11, 3), (6, 4), (7, 5), (8, 4), (9, 5), (10, 4), (11, 5)]
length: 18 99
2*[T] vs T3fnT3: -0.0007922226041532128 0.0015844452130597615
Estimated difference between T3^fnT3 - (T2^WT3 + h.c.) is: 0.0007922226089065488 6.276166620626985e-07
total cost: -2.783004770760925
singles alt: [(6, 0), (7, 1), (8, 0), (9, 1), (10, 0), (11, 1), (6, 2), (7, 3), (8, 2), (9, 3), (10, 2), (11, 3), (6, 4), (7, 5), (8, 4), (9, 5), (10, 4), (11, 5)]
length: 18 99
2*[T] vs T3fnT3: -0.0007922226016119807 0.0015844452079772976
Estimated difference between T3^fnT3 - (T2^WT3 + h.c.) is: 0.0007922226063653169 6.276166580362558e-07
total cost: -2.7830047707339687
singles alt: [(6, 0), (7, 1), (8, 0), (9, 1), (10, 0), (11, 1), (6, 2), (7, 3), (8, 2), (9, 3), (10, 2), (11, 3), (6, 4), (7, 5), (8, 4), (9, 5), (10, 4), (11, 5)]
length: 18 99
2*[T] vs T3fnT3: -0.0007922226016119807 0.0015844452079772976
Estimated difference between T3^fnT3 - (T2^WT3 + h.c.) is: 0.0007922226063653169 6.276166580362558e-07
total cost: -2.7830047707339687
singles alt: [(6, 0), (7, 1), (8, 0), (9, 1), (10, 0), (11, 1), (6, 2), (7, 3), (8, 2), (9, 3), (10, 2), (11, 3), (6, 4), (7, 5), (8, 4), (9, 5), (10, 4), (11, 5)]
length: 18 99
2*[T] vs T3fnT3: -0.0007922226016119807 0.0015844452079772976
Estimated difference between T3^fnT3 - (T2^WT3 + h.c.) is: 0.0007922226063653169 6.276166580362558e-07
total cost: -2.7830047701096823
singles alt: [(6, 0), (7, 1), (8, 0), (9, 1), (10, 0), (11, 1), (6, 2), (7, 3), (8, 2), (9, 3), (10, 2), (11, 3), (6, 4), (7, 5), (8, 4), (9, 5), (10, 4), (11, 5)]
length: 18 99
2*[T] vs T3fnT3: -0.0007922226016119807 0.0015844452079772976
Estimated difference between T3^fnT3 - (T2^WT3 + h.c.) is: 0.0007922226063653169 6.276166580362558e-07
total cost: -2.7830047701156375
singles alt: [(6, 0), (7, 1), (8, 0), (9, 1), (10, 0), (11, 1), (6, 2), (7, 3), (8, 2), (9, 3), (10, 2), (11, 3), (6, 4), (7, 5), (8, 4), (9, 5), (10, 4), (11, 5)]
length: 18 99
2*[T] vs T3fnT3: -0.0007922226016119807 0.0015844452079772976
Estimated difference between T3^fnT3 - (T2^WT3 + h.c.) is: 0.0007922226063653169 6.276166580362558e-07
total cost: -2.78300477073397
singles alt: [(6, 0), (7, 1), (8, 0), (9, 1), (10, 0), (11, 1), (6, 2), (7, 3), (8, 2), (9, 3), (10, 2), (11, 3), (6, 4), (7, 5), (8, 4), (9, 5), (10, 4), (11, 5)]
length: 18 99
2*[T] vs T3fnT3: -0.0007922226016119807 0.0015844452079772976
Estimated difference between T3^fnT3 - (T2^WT3 + h.c.) is: 0.0007922226063653169 6.276166580362558e-07
total cost: -2.783004770733971
singles alt: [(6, 0), (7, 1), (8, 0), (9, 1), (10, 0), (11, 1), (6, 2), (7, 3), (8, 2), (9, 3), (10, 2), (11, 3), (6, 4), (7, 5), (8, 4), (9, 5), (10, 4), (11, 5)]
length: 18 99
2*[T] vs T3fnT3: -0.0007922226016119807 0.0015844452079772976
Estimated difference between T3^fnT3 - (T2^WT3 + h.c.) is: 0.0007922226063653169 6.276166580362558e-07
total cost: -2.783004771686927
singles alt: [(6, 0), (7, 1), (8, 0), (9, 1), (10, 0), (11, 1), (6, 2), (7, 3), (8, 2), (9, 3), (10, 2), (11, 3), (6, 4), (7, 5), (8, 4), (9, 5), (10, 4), (11, 5)]
length: 18 99
2*[T] vs T3fnT3: -0.0007922226016119807 0.0015844452079772976
Estimated difference between T3^fnT3 - (T2^WT3 + h.c.) is: 0.0007922226063653169 6.276166580362558e-07
total cost: -2.783004771687566
singles alt: [(6, 0), (7, 1), (8, 0), (9, 1), (10, 0), (11, 1), (6, 2), (7, 3), (8, 2), (9, 3), (10, 2), (11, 3), (6, 4), (7, 5), (8, 4), (9, 5), (10, 4), (11, 5)]
length: 18 99
2*[T] vs T3fnT3: -0.0007922226016119807 0.0015844452079772976
Estimated difference between T3^fnT3 - (T2^WT3 + h.c.) is: 0.0007922226063653169 6.276166580362558e-07
total cost: -2.7830047707339696
singles alt: [(6, 0), (7, 1), (8, 0), (9, 1), (10, 0), (11, 1), (6, 2), (7, 3), (8, 2), (9, 3), (10, 2), (11, 3), (6, 4), (7, 5), (8, 4), (9, 5), (10, 4), (11, 5)]
length: 18 99
2*[T] vs T3fnT3: -0.0007922226016119807 0.0015844452079772976
Estimated difference between T3^fnT3 - (T2^WT3 + h.c.) is: 0.0007922226063653169 6.276166580362558e-07
total cost: -2.78300477073397
singles alt: [(6, 0), (7, 1), (8, 0), (9, 1), (10, 0), (11, 1), (6, 2), (7, 3), (8, 2), (9, 3), (10, 2), (11, 3), (6, 4), (7, 5), (8, 4), (9, 5), (10, 4), (11, 5)]
length: 18 99
2*[T] vs T3fnT3: -0.0007922226016119807 0.0015844452079772976
Estimated difference between T3^fnT3 - (T2^WT3 + h.c.) is: 0.0007922226063653169 6.276166580362558e-07
total cost: -2.783004771337682
singles alt: [(6, 0), (7, 1), (8, 0), (9, 1), (10, 0), (11, 1), (6, 2), (7, 3), (8, 2), (9, 3), (10, 2), (11, 3), (6, 4), (7, 5), (8, 4), (9, 5), (10, 4), (11, 5)]
length: 18 99
2*[T] vs T3fnT3: -0.0007922226016119807 0.0015844452079772976
Estimated difference between T3^fnT3 - (T2^WT3 + h.c.) is: 0.0007922226063653169 6.276166580362558e-07
total cost: -2.7830047713391726
singles alt: [(6, 0), (7, 1), (8, 0), (9, 1), (10, 0), (11, 1), (6, 2), (7, 3), (8, 2), (9, 3), (10, 2), (11, 3), (6, 4), (7, 5), (8, 4), (9, 5), (10, 4), (11, 5)]
length: 18 99
2*[T] vs T3fnT3: -0.0007922226016119807 0.0015844452079772976
Estimated difference between T3^fnT3 - (T2^WT3 + h.c.) is: 0.0007922226063653169 6.276166580362558e-07
total cost: -2.78300477073397
singles alt: [(6, 0), (7, 1), (8, 0), (9, 1), (10, 0), (11, 1), (6, 2), (7, 3), (8, 2), (9, 3), (10, 2), (11, 3), (6, 4), (7, 5), (8, 4), (9, 5), (10, 4), (11, 5)]
length: 18 99
2*[T] vs T3fnT3: -0.0007922226016119807 0.0015844452079772976
Estimated difference between T3^fnT3 - (T2^WT3 + h.c.) is: 0.0007922226063653169 6.276166580362558e-07
total cost: -2.78300477073397
singles alt: [(6, 0), (7, 1), (8, 0), (9, 1), (10, 0), (11, 1), (6, 2), (7, 3), (8, 2), (9, 3), (10, 2), (11, 3), (6, 4), (7, 5), (8, 4), (9, 5), (10, 4), (11, 5)]
length: 18 99
2*[T] vs T3fnT3: -0.0007922226016119807 0.0015844452079772976
Estimated difference between T3^fnT3 - (T2^WT3 + h.c.) is: 0.0007922226063653169 6.276166580362558e-07
total cost: -2.7830047698429246
singles alt: [(6, 0), (7, 1), (8, 0), (9, 1), (10, 0), (11, 1), (6, 2), (7, 3), (8, 2), (9, 3), (10, 2), (11, 3), (6, 4), (7, 5), (8, 4), (9, 5), (10, 4), (11, 5)]
length: 18 99
2*[T] vs T3fnT3: -0.0007922226016119807 0.0015844452079772976
Estimated difference between T3^fnT3 - (T2^WT3 + h.c.) is: 0.0007922226063653169 6.276166580362558e-07
total cost: -2.783004769841297
singles alt: [(6, 0), (7, 1), (8, 0), (9, 1), (10, 0), (11, 1), (6, 2), (7, 3), (8, 2), (9, 3), (10, 2), (11, 3), (6, 4), (7, 5), (8, 4), (9, 5), (10, 4), (11, 5)]
length: 18 99
2*[T] vs T3fnT3: -0.0007922226016119807 0.0015844452079772976
Estimated difference between T3^fnT3 - (T2^WT3 + h.c.) is: 0.0007922226063653169 6.276166580362558e-07
total cost: -2.7830047707339696
singles alt: [(6, 0), (7, 1), (8, 0), (9, 1), (10, 0), (11, 1), (6, 2), (7, 3), (8, 2), (9, 3), (10, 2), (11, 3), (6, 4), (7, 5), (8, 4), (9, 5), (10, 4), (11, 5)]
length: 18 99
2*[T] vs T3fnT3: -0.0007922226016119807 0.0015844452079772976
Estimated difference between T3^fnT3 - (T2^WT3 + h.c.) is: 0.0007922226063653169 6.276166580362558e-07
total cost: -2.7830047707339696
singles alt: [(6, 0), (7, 1), (8, 0), (9, 1), (10, 0), (11, 1), (6, 2), (7, 3), (8, 2), (9, 3), (10, 2), (11, 3), (6, 4), (7, 5), (8, 4), (9, 5), (10, 4), (11, 5)]
callback: energy=-2.783796993340
singles alt: [(6, 0), (7, 1), (8, 0), (9, 1), (10, 0), (11, 1), (6, 2), (7, 3), (8, 2), (9, 3), (10, 2), (11, 3), (6, 4), (7, 5), (8, 4), (9, 5), (10, 4), (11, 5)]
length: 18 99
2*[T] vs T3fnT3: -0.001263677064844225 0.0025273541372705186
Estimated difference between T3^fnT3 - (T2^WT3 + h.c.) is: 0.0012636770724262936 1.5968797433758882e-06
total cost: -2.8173962140317226
singles alt: [(6, 0), (7, 1), (8, 0), (9, 1), (10, 0), (11, 1), (6, 2), (7, 3), (8, 2), (9, 3), (10, 2), (11, 3), (6, 4), (7, 5), (8, 4), (9, 5), (10, 4), (11, 5)]
length: 18 99
2*[T] vs T3fnT3: -0.00126367706801708 0.002527354143616229
Estimated difference between T3^fnT3 - (T2^WT3 + h.c.) is: 0.001263677075599149 1.5968797513948176e-06
total cost: -2.8173962140014623
singles alt: [(6, 0), (7, 1), (8, 0), (9, 1), (10, 0), (11, 1), (6, 2), (7, 3), (8, 2), (9, 3), (10, 2), (11, 3), (6, 4), (7, 5), (8, 4), (9, 5), (10, 4), (11, 5)]
length: 18 99
2*[T] vs T3fnT3: -0.001263677064844224 0.0025273541372705173
Estimated difference between T3^fnT3 - (T2^WT3 + h.c.) is: 0.0012636770724262934 1.5968797433758876e-06
total cost: -2.817396214031721
singles alt: [(6, 0), (7, 1), (8, 0), (9, 1), (10, 0), (11, 1), (6, 2), (7, 3), (8, 2), (9, 3), (10, 2), (11, 3), (6, 4), (7, 5), (8, 4), (9, 5), (10, 4), (11, 5)]
length: 18 99
2*[T] vs T3fnT3: -0.0012636770645145456 0.0025273541366111593
Estimated difference between T3^fnT3 - (T2^WT3 + h.c.) is: 0.0012636770720966138 1.5968797425426704e-06
total cost: -2.817396213815971
singles alt: [(6, 0), (7, 1), (8, 0), (9, 1), (10, 0), (11, 1), (6, 2), (7, 3), (8, 2), (9, 3), (10, 2), (11, 3), (6, 4), (7, 5), (8, 4), (9, 5), (10, 4), (11, 5)]
length: 18 99
2*[T] vs T3fnT3: -0.0012636770648442237 0.002527354137270516
Estimated difference between T3^fnT3 - (T2^WT3 + h.c.) is: 0.0012636770724262923 1.5968797433758849e-06
total cost: -2.817396214031722
singles alt: [(6, 0), (7, 1), (8, 0), (9, 1), (10, 0), (11, 1), (6, 2), (7, 3), (8, 2), (9, 3), (10, 2), (11, 3), (6, 4), (7, 5), (8, 4), (9, 5), (10, 4), (11, 5)]
length: 18 99
2*[T] vs T3fnT3: -0.001263677069278306 0.00252735414613868
Estimated difference between T3^fnT3 - (T2^WT3 + h.c.) is: 0.0012636770768603741 1.59687975458238e-06
total cost: -2.8173962144334816
singles alt: [(6, 0), (7, 1), (8, 0), (9, 1), (10, 0), (11, 1), (6, 2), (7, 3), (8, 2), (9, 3), (10, 2), (11, 3), (6, 4), (7, 5), (8, 4), (9, 5), (10, 4), (11, 5)]
length: 18 99
2*[T] vs T3fnT3: -0.001263677064844226 0.002527354137270522
Estimated difference between T3^fnT3 - (T2^WT3 + h.c.) is: 0.001263677072426296 1.5968797433758942e-06
total cost: -2.8173962140317217
singles alt: [(6, 0), (7, 1), (8, 0), (9, 1), (10, 0), (11, 1), (6, 2), (7, 3), (8, 2), (9, 3), (10, 2), (11, 3), (6, 4), (7, 5), (8, 4), (9, 5), (10, 4), (11, 5)]
length: 18 99
2*[T] vs T3fnT3: -0.0012636770644905016 0.0025273541365630715
Estimated difference between T3^fnT3 - (T2^WT3 + h.c.) is: 0.0012636770720725699 1.596879742481903e-06
total cost: -2.8173962138986415
singles alt: [(6, 0), (7, 1), (8, 0), (9, 1), (10, 0), (11, 1), (6, 2), (7, 3), (8, 2), (9, 3), (10, 2), (11, 3), (6, 4), (7, 5), (8, 4), (9, 5), (10, 4), (11, 5)]
length: 18 99
2*[T] vs T3fnT3: -0.0012636770648442256 0.00252735413727052
Estimated difference between T3^fnT3 - (T2^WT3 + h.c.) is: 0.0012636770724262943 1.5968797433758897e-06
total cost: -2.8173962140317226
singles alt: [(6, 0), (7, 1), (8, 0), (9, 1), (10, 0), (11, 1), (6, 2), (7, 3), (8, 2), (9, 3), (10, 2), (11, 3), (6, 4), (7, 5), (8, 4), (9, 5), (10, 4), (11, 5)]
length: 18 99
2*[T] vs T3fnT3: -0.0012636770714416843 0.002527354150465436
Estimated difference between T3^fnT3 - (T2^WT3 + h.c.) is: 0.0012636770790237517 1.5968797600500012e-06
total cost: -2.8173962138683772
singles alt: [(6, 0), (7, 1), (8, 0), (9, 1), (10, 0), (11, 1), (6, 2), (7, 3), (8, 2), (9, 3), (10, 2), (11, 3), (6, 4), (7, 5), (8, 4), (9, 5), (10, 4), (11, 5)]
length: 18 99
2*[T] vs T3fnT3: -0.001263677064844226 0.0025273541372705212
Estimated difference between T3^fnT3 - (T2^WT3 + h.c.) is: 0.0012636770724262952 1.596879743375892e-06
total cost: -2.8173962140317226
singles alt: [(6, 0), (7, 1), (8, 0), (9, 1), (10, 0), (11, 1), (6, 2), (7, 3), (8, 2), (9, 3), (10, 2), (11, 3), (6, 4), (7, 5), (8, 4), (9, 5), (10, 4), (11, 5)]
length: 18 99
2*[T] vs T3fnT3: -0.0012636770595136047 0.002527354126609278
Estimated difference between T3^fnT3 - (T2^WT3 + h.c.) is: 0.0012636770670956734 1.596879729903523e-06
total cost: -2.8173962140698814
singles alt: [(6, 0), (7, 1), (8, 0), (9, 1), (10, 0), (11, 1), (6, 2), (7, 3), (8, 2), (9, 3), (10, 2), (11, 3), (6, 4), (7, 5), (8, 4), (9, 5), (10, 4), (11, 5)]
length: 18 99
2*[T] vs T3fnT3: -0.0012636770648442295 0.002527354137270527
Estimated difference between T3^fnT3 - (T2^WT3 + h.c.) is: 0.0012636770724262973 1.5968797433758976e-06
total cost: -2.81739621403172
singles alt: [(6, 0), (7, 1), (8, 0), (9, 1), (10, 0), (11, 1), (6, 2), (7, 3), (8, 2), (9, 3), (10, 2), (11, 3), (6, 4), (7, 5), (8, 4), (9, 5), (10, 4), (11, 5)]
length: 18 99
2*[T] vs T3fnT3: -0.0012636770641880483 0.002527354135958165
Estimated difference between T3^fnT3 - (T2^WT3 + h.c.) is: 0.001263677071770117 1.5968797417174973e-06
total cost: -2.8173962142290687
singles alt: [(6, 0), (7, 1), (8, 0), (9, 1), (10, 0), (11, 1), (6, 2), (7, 3), (8, 2), (9, 3), (10, 2), (11, 3), (6, 4), (7, 5), (8, 4), (9, 5), (10, 4), (11, 5)]
length: 18 99
2*[T] vs T3fnT3: -0.0012636770648442304 0.00252735413727053
Estimated difference between T3^fnT3 - (T2^WT3 + h.c.) is: 0.0012636770724262995 1.596879743375903e-06
total cost: -2.8173962140317204
singles alt: [(6, 0), (7, 1), (8, 0), (9, 1), (10, 0), (11, 1), (6, 2), (7, 3), (8, 2), (9, 3), (10, 2), (11, 3), (6, 4), (7, 5), (8, 4), (9, 5), (10, 4), (11, 5)]
length: 18 99
2*[T] vs T3fnT3: -0.0012636770748889127 0.002527354157359894
Estimated difference between T3^fnT3 - (T2^WT3 + h.c.) is: 0.0012636770824709814 1.5968797687623714e-06
total cost: -2.8173962137160102
singles alt: [(6, 0), (7, 1), (8, 0), (9, 1), (10, 0), (11, 1), (6, 2), (7, 3), (8, 2), (9, 3), (10, 2), (11, 3), (6, 4), (7, 5), (8, 4), (9, 5), (10, 4), (11, 5)]
length: 18 99
2*[T] vs T3fnT3: -0.0012636770648442308 0.0025273541372705316
Estimated difference between T3^fnT3 - (T2^WT3 + h.c.) is: 0.0012636770724263008 1.5968797433759062e-06
total cost: -2.81739621403172
singles alt: [(6, 0), (7, 1), (8, 0), (9, 1), (10, 0), (11, 1), (6, 2), (7, 3), (8, 2), (9, 3), (10, 2), (11, 3), (6, 4), (7, 5), (8, 4), (9, 5), (10, 4), (11, 5)]
length: 18 99
2*[T] vs T3fnT3: -0.0012636770702917886 0.002527354148165645
Estimated difference between T3^fnT3 - (T2^WT3 + h.c.) is: 0.0012636770778738564 1.5968797571438085e-06
total cost: -2.817396213477531
singles alt: [(6, 0), (7, 1), (8, 0), (9, 1), (10, 0), (11, 1), (6, 2), (7, 3), (8, 2), (9, 3), (10, 2), (11, 3), (6, 4), (7, 5), (8, 4), (9, 5), (10, 4), (11, 5)]
length: 18 99
2*[T] vs T3fnT3: -0.0012636770648442287 0.0025273541372705256
Estimated difference between T3^fnT3 - (T2^WT3 + h.c.) is: 0.0012636770724262969 1.5968797433758963e-06
total cost: -2.81739621403172
singles alt: [(6, 0), (7, 1), (8, 0), (9, 1), (10, 0), (11, 1), (6, 2), (7, 3), (8, 2), (9, 3), (10, 2), (11, 3), (6, 4), (7, 5), (8, 4), (9, 5), (10, 4), (11, 5)]
length: 18 99
2*[T] vs T3fnT3: -0.0012636770669664306 0.00252735414151493
Estimated difference between T3^fnT3 - (T2^WT3 + h.c.) is: 0.0012636770745484993 1.5968797487394533e-06
total cost: -2.817396214002502
singles alt: [(6, 0), (7, 1), (8, 0), (9, 1), (10, 0), (11, 1), (6, 2), (7, 3), (8, 2), (9, 3), (10, 2), (11, 3), (6, 4), (7, 5), (8, 4), (9, 5), (10, 4), (11, 5)]
length: 18 99
2*[T] vs T3fnT3: -0.0012636770648442265 0.0025273541372705225
Estimated difference between T3^fnT3 - (T2^WT3 + h.c.) is: 0.001263677072426296 1.5968797433758942e-06
total cost: -2.8173962140317212
singles alt: [(6, 0), (7, 1), (8, 0), (9, 1), (10, 0), (11, 1), (6, 2), (7, 3), (8, 2), (9, 3), (10, 2), (11, 3), (6, 4), (7, 5), (8, 4), (9, 5), (10, 4), (11, 5)]
length: 18 99
2*[T] vs T3fnT3: -0.00126367707545068 0.0025273541584834285
Estimated difference between T3^fnT3 - (T2^WT3 + h.c.) is: 0.0012636770830327486 1.5968797701821561e-06
total cost: -2.8173962138797273
singles alt: [(6, 0), (7, 1), (8, 0), (9, 1), (10, 0), (11, 1), (6, 2), (7, 3), (8, 2), (9, 3), (10, 2), (11, 3), (6, 4), (7, 5), (8, 4), (9, 5), (10, 4), (11, 5)]
length: 18 99
2*[T] vs T3fnT3: -0.0012636770648442259 0.0025273541372705225
Estimated difference between T3^fnT3 - (T2^WT3 + h.c.) is: 0.0012636770724262967 1.5968797433758959e-06
total cost: -2.817396214031721
singles alt: [(6, 0), (7, 1), (8, 0), (9, 1), (10, 0), (11, 1), (6, 2), (7, 3), (8, 2), (9, 3), (10, 2), (11, 3), (6, 4), (7, 5), (8, 4), (9, 5), (10, 4), (11, 5)]
length: 18 99
2*[T] vs T3fnT3: -0.0012636770646996963 0.0025273541369814616
Estimated difference between T3^fnT3 - (T2^WT3 + h.c.) is: 0.0012636770722817654 1.596879743010614e-06
total cost: -2.81739621443207
singles alt: [(6, 0), (7, 1), (8, 0), (9, 1), (10, 0), (11, 1), (6, 2), (7, 3), (8, 2), (9, 3), (10, 2), (11, 3), (6, 4), (7, 5), (8, 4), (9, 5), (10, 4), (11, 5)]
length: 18 99
2*[T] vs T3fnT3: -0.001263677064844225 0.00252735413727052
Estimated difference between T3^fnT3 - (T2^WT3 + h.c.) is: 0.001263677072426295 1.5968797433758914e-06
total cost: -2.817396214031722
singles alt: [(6, 0), (7, 1), (8, 0), (9, 1), (10, 0), (11, 1), (6, 2), (7, 3), (8, 2), (9, 3), (10, 2), (11, 3), (6, 4), (7, 5), (8, 4), (9, 5), (10, 4), (11, 5)]
length: 18 99
2*[T] vs T3fnT3: -0.0012636770709157658 0.0025273541494136016
Estimated difference between T3^fnT3 - (T2^WT3 + h.c.) is: 0.0012636770784978358 1.5968797587208254e-06
total cost: -2.8173962135552784
singles alt: [(6, 0), (7, 1), (8, 0), (9, 1), (10, 0), (11, 1), (6, 2), (7, 3), (8, 2), (9, 3), (10, 2), (11, 3), (6, 4), (7, 5), (8, 4), (9, 5), (10, 4), (11, 5)]
length: 18 99
2*[T] vs T3fnT3: -0.0012636770648442232 0.0025273541372705165
Estimated difference between T3^fnT3 - (T2^WT3 + h.c.) is: 0.0012636770724262932 1.596879743375887e-06
total cost: -2.8173962140317217
singles alt: [(6, 0), (7, 1), (8, 0), (9, 1), (10, 0), (11, 1), (6, 2), (7, 3), (8, 2), (9, 3), (10, 2), (11, 3), (6, 4), (7, 5), (8, 4), (9, 5), (10, 4), (11, 5)]
length: 18 99
2*[T] vs T3fnT3: -0.001263677063299399 0.0025273541341808677
Estimated difference between T3^fnT3 - (T2^WT3 + h.c.) is: 0.0012636770708814686 1.5968797394715682e-06
total cost: -2.817396213983488
singles alt: [(6, 0), (7, 1), (8, 0), (9, 1), (10, 0), (11, 1), (6, 2), (7, 3), (8, 2), (9, 3), (10, 2), (11, 3), (6, 4), (7, 5), (8, 4), (9, 5), (10, 4), (11, 5)]
length: 18 99
2*[T] vs T3fnT3: -0.001263677064844229 0.0025273541372705277
Estimated difference between T3^fnT3 - (T2^WT3 + h.c.) is: 0.0012636770724262986 1.5968797433759007e-06
total cost: -2.817396214031719
singles alt: [(6, 0), (7, 1), (8, 0), (9, 1), (10, 0), (11, 1), (6, 2), (7, 3), (8, 2), (9, 3), (10, 2), (11, 3), (6, 4), (7, 5), (8, 4), (9, 5), (10, 4), (11, 5)]
length: 18 99
2*[T] vs T3fnT3: -0.001263677064128094 0.0025273541358382568
Estimated difference between T3^fnT3 - (T2^WT3 + h.c.) is: 0.0012636770717101627 1.5968797415659717e-06
total cost: -2.8173962142654245
singles alt: [(6, 0), (7, 1), (8, 0), (9, 1), (10, 0), (11, 1), (6, 2), (7, 3), (8, 2), (9, 3), (10, 2), (11, 3), (6, 4), (7, 5), (8, 4), (9, 5), (10, 4), (11, 5)]
length: 18 99
2*[T] vs T3fnT3: -0.0012636770648442289 0.0025273541372705256
Estimated difference between T3^fnT3 - (T2^WT3 + h.c.) is: 0.0012636770724262967 1.5968797433758959e-06
total cost: -2.8173962140317212
singles alt: [(6, 0), (7, 1), (8, 0), (9, 1), (10, 0), (11, 1), (6, 2), (7, 3), (8, 2), (9, 3), (10, 2), (11, 3), (6, 4), (7, 5), (8, 4), (9, 5), (10, 4), (11, 5)]
length: 18 99
2*[T] vs T3fnT3: -0.0012636770594939668 0.002527354126570003
Estimated difference between T3^fnT3 - (T2^WT3 + h.c.) is: 0.0012636770670760363 1.596879729853893e-06
total cost: -2.817396214160345
singles alt: [(6, 0), (7, 1), (8, 0), (9, 1), (10, 0), (11, 1), (6, 2), (7, 3), (8, 2), (9, 3), (10, 2), (11, 3), (6, 4), (7, 5), (8, 4), (9, 5), (10, 4), (11, 5)]
length: 18 99
2*[T] vs T3fnT3: -0.0012636770648442265 0.002527354137270522
Estimated difference between T3^fnT3 - (T2^WT3 + h.c.) is: 0.0012636770724262956 1.5968797433758931e-06
total cost: -2.817396214031721
singles alt: [(6, 0), (7, 1), (8, 0), (9, 1), (10, 0), (11, 1), (6, 2), (7, 3), (8, 2), (9, 3), (10, 2), (11, 3), (6, 4), (7, 5), (8, 4), (9, 5), (10, 4), (11, 5)]
length: 18 99
2*[T] vs T3fnT3: -0.0012636770704402692 0.002527354148462608
Estimated difference between T3^fnT3 - (T2^WT3 + h.c.) is: 0.0012636770780223387 1.596879757519076e-06
total cost: -2.8173962135764348
singles alt: [(6, 0), (7, 1), (8, 0), (9, 1), (10, 0), (11, 1), (6, 2), (7, 3), (8, 2), (9, 3), (10, 2), (11, 3), (6, 4), (7, 5), (8, 4), (9, 5), (10, 4), (11, 5)]
length: 18 99
2*[T] vs T3fnT3: -0.001263677064844228 0.0025273541372705247
Estimated difference between T3^fnT3 - (T2^WT3 + h.c.) is: 0.0012636770724262967 1.5968797433758959e-06
total cost: -2.817396214031721
singles alt: [(6, 0), (7, 1), (8, 0), (9, 1), (10, 0), (11, 1), (6, 2), (7, 3), (8, 2), (9, 3), (10, 2), (11, 3), (6, 4), (7, 5), (8, 4), (9, 5), (10, 4), (11, 5)]
length: 18 99
2*[T] vs T3fnT3: -0.0012636770751049964 0.0025273541577920627
Estimated difference between T3^fnT3 - (T2^WT3 + h.c.) is: 0.0012636770826870663 1.5968797693084948e-06
total cost: -2.8173962137304716
singles alt: [(6, 0), (7, 1), (8, 0), (9, 1), (10, 0), (11, 1), (6, 2), (7, 3), (8, 2), (9, 3), (10, 2), (11, 3), (6, 4), (7, 5), (8, 4), (9, 5), (10, 4), (11, 5)]
length: 18 99
2*[T] vs T3fnT3: -0.0012636770648442243 0.0025273541372705173
Estimated difference between T3^fnT3 - (T2^WT3 + h.c.) is: 0.001263677072426293 1.5968797433758866e-06
total cost: -2.8173962140317217
singles alt: [(6, 0), (7, 1), (8, 0), (9, 1), (10, 0), (11, 1), (6, 2), (7, 3), (8, 2), (9, 3), (10, 2), (11, 3), (6, 4), (7, 5), (8, 4), (9, 5), (10, 4), (11, 5)]
length: 18 99
2*[T] vs T3fnT3: -0.001263677072274755 0.0025273541521315794
Estimated difference between T3^fnT3 - (T2^WT3 + h.c.) is: 0.0012636770798568244 1.596879762155471e-06
total cost: -2.8173962141012607
singles alt: [(6, 0), (7, 1), (8, 0), (9, 1), (10, 0), (11, 1), (6, 2), (7, 3), (8, 2), (9, 3), (10, 2), (11, 3), (6, 4), (7, 5), (8, 4), (9, 5), (10, 4), (11, 5)]
length: 18 99
2*[T] vs T3fnT3: -0.0012636770648442287 0.002527354137270526
Estimated difference between T3^fnT3 - (T2^WT3 + h.c.) is: 0.0012636770724262973 1.5968797433758976e-06
total cost: -2.8173962140317204
singles alt: [(6, 0), (7, 1), (8, 0), (9, 1), (10, 0), (11, 1), (6, 2), (7, 3), (8, 2), (9, 3), (10, 2), (11, 3), (6, 4), (7, 5), (8, 4), (9, 5), (10, 4), (11, 5)]
length: 18 99
2*[T] vs T3fnT3: -0.0012636770604417312 0.002527354128465528
Estimated difference between T3^fnT3 - (T2^WT3 + h.c.) is: 0.0012636770680237968 1.5968797322492196e-06
total cost: -2.8173962145109948
singles alt: [(6, 0), (7, 1), (8, 0), (9, 1), (10, 0), (11, 1), (6, 2), (7, 3), (8, 2), (9, 3), (10, 2), (11, 3), (6, 4), (7, 5), (8, 4), (9, 5), (10, 4), (11, 5)]
length: 18 99
2*[T] vs T3fnT3: -0.0012636770648442276 0.0025273541372705247
Estimated difference between T3^fnT3 - (T2^WT3 + h.c.) is: 0.001263677072426297 1.596879743375897e-06
total cost: -2.817396214031721
singles alt: [(6, 0), (7, 1), (8, 0), (9, 1), (10, 0), (11, 1), (6, 2), (7, 3), (8, 2), (9, 3), (10, 2), (11, 3), (6, 4), (7, 5), (8, 4), (9, 5), (10, 4), (11, 5)]
length: 18 99
2*[T] vs T3fnT3: -0.001263677084023232 0.0025273541756285333
Estimated difference between T3^fnT3 - (T2^WT3 + h.c.) is: 0.0012636770916053012 1.5968797918480328e-06
total cost: -2.817396213667845
singles alt: [(6, 0), (7, 1), (8, 0), (9, 1), (10, 0), (11, 1), (6, 2), (7, 3), (8, 2), (9, 3), (10, 2), (11, 3), (6, 4), (7, 5), (8, 4), (9, 5), (10, 4), (11, 5)]
length: 18 99
2*[T] vs T3fnT3: -0.0012636770648442263 0.0025273541372705217
Estimated difference between T3^fnT3 - (T2^WT3 + h.c.) is: 0.0012636770724262954 1.5968797433758925e-06
total cost: -2.8173962140317226
singles alt: [(6, 0), (7, 1), (8, 0), (9, 1), (10, 0), (11, 1), (6, 2), (7, 3), (8, 2), (9, 3), (10, 2), (11, 3), (6, 4), (7, 5), (8, 4), (9, 5), (10, 4), (11, 5)]
length: 18 99
2*[T] vs T3fnT3: -0.001263677060699169 0.0025273541289804074
Estimated difference between T3^fnT3 - (T2^WT3 + h.c.) is: 0.0012636770682812385 1.5968797328998659e-06
total cost: -2.817396214445485
singles alt: [(6, 0), (7, 1), (8, 0), (9, 1), (10, 0), (11, 1), (6, 2), (7, 3), (8, 2), (9, 3), (10, 2), (11, 3), (6, 4), (7, 5), (8, 4), (9, 5), (10, 4), (11, 5)]
length: 18 99
2*[T] vs T3fnT3: -0.001263677064844227 0.002527354137270523
Estimated difference between T3^fnT3 - (T2^WT3 + h.c.) is: 0.001263677072426296 1.5968797433758942e-06
total cost: -2.817396214031722
singles alt: [(6, 0), (7, 1), (8, 0), (9, 1), (10, 0), (11, 1), (6, 2), (7, 3), (8, 2), (9, 3), (10, 2), (11, 3), (6, 4), (7, 5), (8, 4), (9, 5), (10, 4), (11, 5)]
length: 18 99
2*[T] vs T3fnT3: -0.0012636770641238013 0.002527354135829671
Estimated difference between T3^fnT3 - (T2^WT3 + h.c.) is: 0.00126367707170587 1.5968797415551223e-06
total cost: -2.817396213837794
singles alt: [(6, 0), (7, 1), (8, 0), (9, 1), (10, 0), (11, 1), (6, 2), (7, 3), (8, 2), (9, 3), (10, 2), (11, 3), (6, 4), (7, 5), (8, 4), (9, 5), (10, 4), (11, 5)]
length: 18 99
2*[T] vs T3fnT3: -0.0012636770648442252 0.0025273541372705195
Estimated difference between T3^fnT3 - (T2^WT3 + h.c.) is: 0.0012636770724262943 1.5968797433758897e-06
total cost: -2.817396214031722
singles alt: [(6, 0), (7, 1), (8, 0), (9, 1), (10, 0), (11, 1), (6, 2), (7, 3), (8, 2), (9, 3), (10, 2), (11, 3), (6, 4), (7, 5), (8, 4), (9, 5), (10, 4), (11, 5)]
length: 18 99
2*[T] vs T3fnT3: -0.001263677067812527 0.0025273541432071223
Estimated difference between T3^fnT3 - (T2^WT3 + h.c.) is: 0.0012636770753945952 1.5968797508778376e-06
total cost: -2.8173962139207216
singles alt: [(6, 0), (7, 1), (8, 0), (9, 1), (10, 0), (11, 1), (6, 2), (7, 3), (8, 2), (9, 3), (10, 2), (11, 3), (6, 4), (7, 5), (8, 4), (9, 5), (10, 4), (11, 5)]
length: 18 99
2*[T] vs T3fnT3: -0.001263677064844225 0.00252735413727052
Estimated difference between T3^fnT3 - (T2^WT3 + h.c.) is: 0.001263677072426295 1.5968797433758914e-06
total cost: -2.8173962140317226
singles alt: [(6, 0), (7, 1), (8, 0), (9, 1), (10, 0), (11, 1), (6, 2), (7, 3), (8, 2), (9, 3), (10, 2), (11, 3), (6, 4), (7, 5), (8, 4), (9, 5), (10, 4), (11, 5)]
length: 18 99
2*[T] vs T3fnT3: -0.0012636770715614564 0.0025273541507049827
Estimated difference between T3^fnT3 - (T2^WT3 + h.c.) is: 0.0012636770791435263 1.596879760352714e-06
total cost: -2.817396213850553
singles alt: [(6, 0), (7, 1), (8, 0), (9, 1), (10, 0), (11, 1), (6, 2), (7, 3), (8, 2), (9, 3), (10, 2), (11, 3), (6, 4), (7, 5), (8, 4), (9, 5), (10, 4), (11, 5)]
length: 18 99
2*[T] vs T3fnT3: -0.001263677064844227 0.0025273541372705225
Estimated difference between T3^fnT3 - (T2^WT3 + h.c.) is: 0.0012636770724262956 1.5968797433758931e-06
total cost: -2.8173962140317226
singles alt: [(6, 0), (7, 1), (8, 0), (9, 1), (10, 0), (11, 1), (6, 2), (7, 3), (8, 2), (9, 3), (10, 2), (11, 3), (6, 4), (7, 5), (8, 4), (9, 5), (10, 4), (11, 5)]
length: 18 99
2*[T] vs T3fnT3: -0.0012636770614038793 0.002527354130389827
Estimated difference between T3^fnT3 - (T2^WT3 + h.c.) is: 0.0012636770689859475 1.5968797346809153e-06
total cost: -2.8173962141565037
singles alt: [(6, 0), (7, 1), (8, 0), (9, 1), (10, 0), (11, 1), (6, 2), (7, 3), (8, 2), (9, 3), (10, 2), (11, 3), (6, 4), (7, 5), (8, 4), (9, 5), (10, 4), (11, 5)]
length: 18 99
2*[T] vs T3fnT3: -0.0012636770648442256 0.002527354137270521
Estimated difference between T3^fnT3 - (T2^WT3 + h.c.) is: 0.0012636770724262952 1.596879743375892e-06
total cost: -2.8173962140317235
singles alt: [(6, 0), (7, 1), (8, 0), (9, 1), (10, 0), (11, 1), (6, 2), (7, 3), (8, 2), (9, 3), (10, 2), (11, 3), (6, 4), (7, 5), (8, 4), (9, 5), (10, 4), (11, 5)]
length: 18 99
2*[T] vs T3fnT3: -0.0012636770630410413 0.0025273541336641512
Estimated difference between T3^fnT3 - (T2^WT3 + h.c.) is: 0.00126367707062311 1.5968797388186045e-06
total cost: -2.8173962142195927
singles alt: [(6, 0), (7, 1), (8, 0), (9, 1), (10, 0), (11, 1), (6, 2), (7, 3), (8, 2), (9, 3), (10, 2), (11, 3), (6, 4), (7, 5), (8, 4), (9, 5), (10, 4), (11, 5)]
length: 18 99
2*[T] vs T3fnT3: -0.0012636770648442272 0.0025273541372705234
Estimated difference between T3^fnT3 - (T2^WT3 + h.c.) is: 0.0012636770724262962 1.5968797433758948e-06
total cost: -2.8173962140317226
singles alt: [(6, 0), (7, 1), (8, 0), (9, 1), (10, 0), (11, 1), (6, 2), (7, 3), (8, 2), (9, 3), (10, 2), (11, 3), (6, 4), (7, 5), (8, 4), (9, 5), (10, 4), (11, 5)]
length: 18 99
2*[T] vs T3fnT3: -0.0012636770663598733 0.002527354140301815
Estimated difference between T3^fnT3 - (T2^WT3 + h.c.) is: 0.001263677073941942 1.5968797472064681e-06
total cost: -2.8173962139862683
singles alt: [(6, 0), (7, 1), (8, 0), (9, 1), (10, 0), (11, 1), (6, 2), (7, 3), (8, 2), (9, 3), (10, 2), (11, 3), (6, 4), (7, 5), (8, 4), (9, 5), (10, 4), (11, 5)]
length: 18 99
2*[T] vs T3fnT3: -0.0012636770648442254 0.002527354137270519
Estimated difference between T3^fnT3 - (T2^WT3 + h.c.) is: 0.0012636770724262936 1.5968797433758882e-06
total cost: -2.8173962140317226
singles alt: [(6, 0), (7, 1), (8, 0), (9, 1), (10, 0), (11, 1), (6, 2), (7, 3), (8, 2), (9, 3), (10, 2), (11, 3), (6, 4), (7, 5), (8, 4), (9, 5), (10, 4), (11, 5)]
length: 18 99
2*[T] vs T3fnT3: -0.0012636770713218384 0.002527354150225746
Estimated difference between T3^fnT3 - (T2^WT3 + h.c.) is: 0.0012636770789039074 1.5968797597471124e-06
total cost: -2.8173962136503947
singles alt: [(6, 0), (7, 1), (8, 0), (9, 1), (10, 0), (11, 1), (6, 2), (7, 3), (8, 2), (9, 3), (10, 2), (11, 3), (6, 4), (7, 5), (8, 4), (9, 5), (10, 4), (11, 5)]
length: 18 99
2*[T] vs T3fnT3: -0.001263677064844225 0.002527354137270519
Estimated difference between T3^fnT3 - (T2^WT3 + h.c.) is: 0.001263677072426294 1.5968797433758893e-06
total cost: -2.817396214031723
singles alt: [(6, 0), (7, 1), (8, 0), (9, 1), (10, 0), (11, 1), (6, 2), (7, 3), (8, 2), (9, 3), (10, 2), (11, 3), (6, 4), (7, 5), (8, 4), (9, 5), (10, 4), (11, 5)]
length: 18 99
2*[T] vs T3fnT3: -0.001263677064781397 0.002527354137144863
Estimated difference between T3^fnT3 - (T2^WT3 + h.c.) is: 0.001263677072363466 1.5968797432171007e-06
total cost: -2.817396214341376
singles alt: [(6, 0), (7, 1), (8, 0), (9, 1), (10, 0), (11, 1), (6, 2), (7, 3), (8, 2), (9, 3), (10, 2), (11, 3), (6, 4), (7, 5), (8, 4), (9, 5), (10, 4), (11, 5)]
length: 18 99
2*[T] vs T3fnT3: -0.001263677064844225 0.002527354137270519
Estimated difference between T3^fnT3 - (T2^WT3 + h.c.) is: 0.001263677072426294 1.5968797433758893e-06
total cost: -2.8173962140317226
singles alt: [(6, 0), (7, 1), (8, 0), (9, 1), (10, 0), (11, 1), (6, 2), (7, 3), (8, 2), (9, 3), (10, 2), (11, 3), (6, 4), (7, 5), (8, 4), (9, 5), (10, 4), (11, 5)]
length: 18 99
2*[T] vs T3fnT3: -0.001263677075588438 0.0025273541587589447
Estimated difference between T3^fnT3 - (T2^WT3 + h.c.) is: 0.0012636770831705067 1.5968797705303197e-06
total cost: -2.817396213812958
singles alt: [(6, 0), (7, 1), (8, 0), (9, 1), (10, 0), (11, 1), (6, 2), (7, 3), (8, 2), (9, 3), (10, 2), (11, 3), (6, 4), (7, 5), (8, 4), (9, 5), (10, 4), (11, 5)]
length: 18 99
2*[T] vs T3fnT3: -0.0012636770648442217 0.0025273541372705134
Estimated difference between T3^fnT3 - (T2^WT3 + h.c.) is: 0.0012636770724262917 1.5968797433758832e-06
total cost: -2.817396214031723
singles alt: [(6, 0), (7, 1), (8, 0), (9, 1), (10, 0), (11, 1), (6, 2), (7, 3), (8, 2), (9, 3), (10, 2), (11, 3), (6, 4), (7, 5), (8, 4), (9, 5), (10, 4), (11, 5)]
length: 18 99
2*[T] vs T3fnT3: -0.001263677063397612 0.002527354134377292
Estimated difference between T3^fnT3 - (T2^WT3 + h.c.) is: 0.0012636770709796802 1.5968797397197836e-06
total cost: -2.8173962139884456
singles alt: [(6, 0), (7, 1), (8, 0), (9, 1), (10, 0), (11, 1), (6, 2), (7, 3), (8, 2), (9, 3), (10, 2), (11, 3), (6, 4), (7, 5), (8, 4), (9, 5), (10, 4), (11, 5)]
length: 18 99
2*[T] vs T3fnT3: -0.001263677064844225 0.0025273541372705186
Estimated difference between T3^fnT3 - (T2^WT3 + h.c.) is: 0.0012636770724262936 1.5968797433758882e-06
total cost: -2.8173962140317226
singles alt: [(6, 0), (7, 1), (8, 0), (9, 1), (10, 0), (11, 1), (6, 2), (7, 3), (8, 2), (9, 3), (10, 2), (11, 3), (6, 4), (7, 5), (8, 4), (9, 5), (10, 4), (11, 5)]
length: 18 99
2*[T] vs T3fnT3: -0.0012636770713954294 0.002527354150372927
Estimated difference between T3^fnT3 - (T2^WT3 + h.c.) is: 0.0012636770789774977 1.5968797599331009e-06
total cost: -2.817396213844644
singles alt: [(6, 0), (7, 1), (8, 0), (9, 1), (10, 0), (11, 1), (6, 2), (7, 3), (8, 2), (9, 3), (10, 2), (11, 3), (6, 4), (7, 5), (8, 4), (9, 5), (10, 4), (11, 5)]
length: 18 99
2*[T] vs T3fnT3: -0.001263677064844226 0.0025273541372705212
Estimated difference between T3^fnT3 - (T2^WT3 + h.c.) is: 0.0012636770724262952 1.596879743375892e-06
total cost: -2.817396214031723
singles alt: [(6, 0), (7, 1), (8, 0), (9, 1), (10, 0), (11, 1), (6, 2), (7, 3), (8, 2), (9, 3), (10, 2), (11, 3), (6, 4), (7, 5), (8, 4), (9, 5), (10, 4), (11, 5)]
length: 18 99
2*[T] vs T3fnT3: -0.001263677067764034 0.0025273541431101373
Estimated difference between T3^fnT3 - (T2^WT3 + h.c.) is: 0.0012636770753461034 1.5968797507552816e-06
total cost: -2.81739621391386
singles alt: [(6, 0), (7, 1), (8, 0), (9, 1), (10, 0), (11, 1), (6, 2), (7, 3), (8, 2), (9, 3), (10, 2), (11, 3), (6, 4), (7, 5), (8, 4), (9, 5), (10, 4), (11, 5)]
length: 18 99
2*[T] vs T3fnT3: -0.0012636770648442285 0.0025273541372705256
Estimated difference between T3^fnT3 - (T2^WT3 + h.c.) is: 0.001263677072426297 1.596879743375897e-06
total cost: -2.817396214031722
singles alt: [(6, 0), (7, 1), (8, 0), (9, 1), (10, 0), (11, 1), (6, 2), (7, 3), (8, 2), (9, 3), (10, 2), (11, 3), (6, 4), (7, 5), (8, 4), (9, 5), (10, 4), (11, 5)]
length: 18 99
2*[T] vs T3fnT3: -0.0012636770629886422 0.002527354133559354
Estimated difference between T3^fnT3 - (T2^WT3 + h.c.) is: 0.0012636770705707118 1.5968797386861756e-06
total cost: -2.8173962141845004
singles alt: [(6, 0), (7, 1), (8, 0), (9, 1), (10, 0), (11, 1), (6, 2), (7, 3), (8, 2), (9, 3), (10, 2), (11, 3), (6, 4), (7, 5), (8, 4), (9, 5), (10, 4), (11, 5)]
length: 18 99
2*[T] vs T3fnT3: -0.0012636770648442254 0.00252735413727052
Estimated difference between T3^fnT3 - (T2^WT3 + h.c.) is: 0.0012636770724262945 1.5968797433758904e-06
total cost: -2.8173962140317226
singles alt: [(6, 0), (7, 1), (8, 0), (9, 1), (10, 0), (11, 1), (6, 2), (7, 3), (8, 2), (9, 3), (10, 2), (11, 3), (6, 4), (7, 5), (8, 4), (9, 5), (10, 4), (11, 5)]
length: 18 99
2*[T] vs T3fnT3: -0.0012636770613205965 0.0025273541302232626
Estimated difference between T3^fnT3 - (T2^WT3 + h.c.) is: 0.001263677068902666 1.5968797344704335e-06
total cost: -2.817396214153999
singles alt: [(6, 0), (7, 1), (8, 0), (9, 1), (10, 0), (11, 1), (6, 2), (7, 3), (8, 2), (9, 3), (10, 2), (11, 3), (6, 4), (7, 5), (8, 4), (9, 5), (10, 4), (11, 5)]
length: 18 99
2*[T] vs T3fnT3: -0.0012636770648442274 0.002527354137270524
Estimated difference between T3^fnT3 - (T2^WT3 + h.c.) is: 0.0012636770724262965 1.5968797433758952e-06
total cost: -2.8173962140317217
singles alt: [(6, 0), (7, 1), (8, 0), (9, 1), (10, 0), (11, 1), (6, 2), (7, 3), (8, 2), (9, 3), (10, 2), (11, 3), (6, 4), (7, 5), (8, 4), (9, 5), (10, 4), (11, 5)]
length: 18 99
2*[T] vs T3fnT3: -0.00126367707158296 0.002527354150747989
Estimated difference between T3^fnT3 - (T2^WT3 + h.c.) is: 0.001263677079165029 1.5968797604070592e-06
total cost: -2.817396214026475
singles alt: [(6, 0), (7, 1), (8, 0), (9, 1), (10, 0), (11, 1), (6, 2), (7, 3), (8, 2), (9, 3), (10, 2), (11, 3), (6, 4), (7, 5), (8, 4), (9, 5), (10, 4), (11, 5)]
length: 18 99
2*[T] vs T3fnT3: -0.0012636770648442248 0.002527354137270519
Estimated difference between T3^fnT3 - (T2^WT3 + h.c.) is: 0.0012636770724262943 1.5968797433758897e-06
total cost: -2.8173962140317217
singles alt: [(6, 0), (7, 1), (8, 0), (9, 1), (10, 0), (11, 1), (6, 2), (7, 3), (8, 2), (9, 3), (10, 2), (11, 3), (6, 4), (7, 5), (8, 4), (9, 5), (10, 4), (11, 5)]
length: 18 99
2*[T] vs T3fnT3: -0.0012636770634281446 0.0025273541344383575
Estimated difference between T3^fnT3 - (T2^WT3 + h.c.) is: 0.0012636770710102128 1.5968797397969504e-06
total cost: -2.8173962139079785
singles alt: [(6, 0), (7, 1), (8, 0), (9, 1), (10, 0), (11, 1), (6, 2), (7, 3), (8, 2), (9, 3), (10, 2), (11, 3), (6, 4), (7, 5), (8, 4), (9, 5), (10, 4), (11, 5)]
length: 18 99
2*[T] vs T3fnT3: -0.0012636770648442243 0.0025273541372705178
Estimated difference between T3^fnT3 - (T2^WT3 + h.c.) is: 0.0012636770724262934 1.5968797433758876e-06
total cost: -2.8173962140317217
singles alt: [(6, 0), (7, 1), (8, 0), (9, 1), (10, 0), (11, 1), (6, 2), (7, 3), (8, 2), (9, 3), (10, 2), (11, 3), (6, 4), (7, 5), (8, 4), (9, 5), (10, 4), (11, 5)]
length: 18 99
2*[T] vs T3fnT3: -0.001263677079702751 0.002527354166987571
Estimated difference between T3^fnT3 - (T2^WT3 + h.c.) is: 0.0012636770872848197 1.5968797809286459e-06
total cost: -2.8173962139848734
singles alt: [(6, 0), (7, 1), (8, 0), (9, 1), (10, 0), (11, 1), (6, 2), (7, 3), (8, 2), (9, 3), (10, 2), (11, 3), (6, 4), (7, 5), (8, 4), (9, 5), (10, 4), (11, 5)]
length: 18 99
2*[T] vs T3fnT3: -0.0012636770648442265 0.0025273541372705217
Estimated difference between T3^fnT3 - (T2^WT3 + h.c.) is: 0.0012636770724262952 1.596879743375892e-06
total cost: -2.817396214031723
singles alt: [(6, 0), (7, 1), (8, 0), (9, 1), (10, 0), (11, 1), (6, 2), (7, 3), (8, 2), (9, 3), (10, 2), (11, 3), (6, 4), (7, 5), (8, 4), (9, 5), (10, 4), (11, 5)]
length: 18 99
2*[T] vs T3fnT3: -0.0012636770634374258 0.0025273541344569207
Estimated difference between T3^fnT3 - (T2^WT3 + h.c.) is: 0.001263677071019495 1.5968797398204096e-06
total cost: -2.8173962139231246
singles alt: [(6, 0), (7, 1), (8, 0), (9, 1), (10, 0), (11, 1), (6, 2), (7, 3), (8, 2), (9, 3), (10, 2), (11, 3), (6, 4), (7, 5), (8, 4), (9, 5), (10, 4), (11, 5)]
length: 18 99
2*[T] vs T3fnT3: -0.0012636770648442256 0.0025273541372705212
Estimated difference between T3^fnT3 - (T2^WT3 + h.c.) is: 0.0012636770724262956 1.5968797433758931e-06
total cost: -2.817396214031723
singles alt: [(6, 0), (7, 1), (8, 0), (9, 1), (10, 0), (11, 1), (6, 2), (7, 3), (8, 2), (9, 3), (10, 2), (11, 3), (6, 4), (7, 5), (8, 4), (9, 5), (10, 4), (11, 5)]
length: 18 99
2*[T] vs T3fnT3: -0.0012636770694280375 0.002527354146438143
Estimated difference between T3^fnT3 - (T2^WT3 + h.c.) is: 0.0012636770770101057 1.5968797549608047e-06
total cost: -2.81739621365329
singles alt: [(6, 0), (7, 1), (8, 0), (9, 1), (10, 0), (11, 1), (6, 2), (7, 3), (8, 2), (9, 3), (10, 2), (11, 3), (6, 4), (7, 5), (8, 4), (9, 5), (10, 4), (11, 5)]
length: 18 99
2*[T] vs T3fnT3: -0.0012636770643621946 0.002527354136306458
Estimated difference between T3^fnT3 - (T2^WT3 + h.c.) is: 0.0012636770719442636 1.5968797421576277e-06
total cost: -2.8173962139844515
singles alt: [(6, 0), (7, 1), (8, 0), (9, 1), (10, 0), (11, 1), (6, 2), (7, 3), (8, 2), (9, 3), (10, 2), (11, 3), (6, 4), (7, 5), (8, 4), (9, 5), (10, 4), (11, 5)]
length: 18 99
2*[T] vs T3fnT3: -0.0012636770640310363 0.002527354135644142
Estimated difference between T3^fnT3 - (T2^WT3 + h.c.) is: 0.0012636770716131058 1.5968797413206746e-06
total cost: -2.8173962140031636
singles alt: [(6, 0), (7, 1), (8, 0), (9, 1), (10, 0), (11, 1), (6, 2), (7, 3), (8, 2), (9, 3), (10, 2), (11, 3), (6, 4), (7, 5), (8, 4), (9, 5), (10, 4), (11, 5)]
length: 18 99
2*[T] vs T3fnT3: -0.001263677064844224 0.0025273541372705173
Estimated difference between T3^fnT3 - (T2^WT3 + h.c.) is: 0.0012636770724262934 1.5968797433758876e-06
total cost: -2.8173962140317226
singles alt: [(6, 0), (7, 1), (8, 0), (9, 1), (10, 0), (11, 1), (6, 2), (7, 3), (8, 2), (9, 3), (10, 2), (11, 3), (6, 4), (7, 5), (8, 4), (9, 5), (10, 4), (11, 5)]
length: 18 99
2*[T] vs T3fnT3: -0.0012636770648442256 0.0025273541372705204
Estimated difference between T3^fnT3 - (T2^WT3 + h.c.) is: 0.0012636770724262947 1.596879743375891e-06
total cost: -2.8173962140317226
singles alt: [(6, 0), (7, 1), (8, 0), (9, 1), (10, 0), (11, 1), (6, 2), (7, 3), (8, 2), (9, 3), (10, 2), (11, 3), (6, 4), (7, 5), (8, 4), (9, 5), (10, 4), (11, 5)]
length: 18 99
2*[T] vs T3fnT3: -0.0012636770618775952 0.0025273541313372613
Estimated difference between T3^fnT3 - (T2^WT3 + h.c.) is: 0.001263677069459666 1.5968797358781696e-06
total cost: -2.8173962141068127
singles alt: [(6, 0), (7, 1), (8, 0), (9, 1), (10, 0), (11, 1), (6, 2), (7, 3), (8, 2), (9, 3), (10, 2), (11, 3), (6, 4), (7, 5), (8, 4), (9, 5), (10, 4), (11, 5)]
length: 18 99
2*[T] vs T3fnT3: -0.0012636770618361032 0.002527354131254275
Estimated difference between T3^fnT3 - (T2^WT3 + h.c.) is: 0.0012636770694181719 1.5968797357732991e-06
total cost: -2.817396214099878
singles alt: [(6, 0), (7, 1), (8, 0), (9, 1), (10, 0), (11, 1), (6, 2), (7, 3), (8, 2), (9, 3), (10, 2), (11, 3), (6, 4), (7, 5), (8, 4), (9, 5), (10, 4), (11, 5)]
length: 18 99
2*[T] vs T3fnT3: -0.0012636770648442232 0.0025273541372705165
Estimated difference between T3^fnT3 - (T2^WT3 + h.c.) is: 0.0012636770724262932 1.596879743375887e-06
total cost: -2.817396214031723
singles alt: [(6, 0), (7, 1), (8, 0), (9, 1), (10, 0), (11, 1), (6, 2), (7, 3), (8, 2), (9, 3), (10, 2), (11, 3), (6, 4), (7, 5), (8, 4), (9, 5), (10, 4), (11, 5)]
length: 18 99
2*[T] vs T3fnT3: -0.001263677064844225 0.002527354137270519
Estimated difference between T3^fnT3 - (T2^WT3 + h.c.) is: 0.001263677072426294 1.5968797433758893e-06
total cost: -2.8173962140317217
singles alt: [(6, 0), (7, 1), (8, 0), (9, 1), (10, 0), (11, 1), (6, 2), (7, 3), (8, 2), (9, 3), (10, 2), (11, 3), (6, 4), (7, 5), (8, 4), (9, 5), (10, 4), (11, 5)]
length: 18 99
2*[T] vs T3fnT3: -0.0012636770691232112 0.0025273541458284915
Estimated difference between T3^fnT3 - (T2^WT3 + h.c.) is: 0.0012636770767052803 1.5968797541904028e-06
total cost: -2.8173962141440665
singles alt: [(6, 0), (7, 1), (8, 0), (9, 1), (10, 0), (11, 1), (6, 2), (7, 3), (8, 2), (9, 3), (10, 2), (11, 3), (6, 4), (7, 5), (8, 4), (9, 5), (10, 4), (11, 5)]
length: 18 99
2*[T] vs T3fnT3: -0.0012636770690704331 0.002527354145722935
Estimated difference between T3^fnT3 - (T2^WT3 + h.c.) is: 0.0012636770766525018 1.5968797540570129e-06
total cost: -2.817396214147175
singles alt: [(6, 0), (7, 1), (8, 0), (9, 1), (10, 0), (11, 1), (6, 2), (7, 3), (8, 2), (9, 3), (10, 2), (11, 3), (6, 4), (7, 5), (8, 4), (9, 5), (10, 4), (11, 5)]
length: 18 99
2*[T] vs T3fnT3: -0.0012636770648442243 0.002527354137270518
Estimated difference between T3^fnT3 - (T2^WT3 + h.c.) is: 0.0012636770724262939 1.5968797433758887e-06
total cost: -2.8173962140317226
singles alt: [(6, 0), (7, 1), (8, 0), (9, 1), (10, 0), (11, 1), (6, 2), (7, 3), (8, 2), (9, 3), (10, 2), (11, 3), (6, 4), (7, 5), (8, 4), (9, 5), (10, 4), (11, 5)]
length: 18 99
2*[T] vs T3fnT3: -0.001263677064844224 0.0025273541372705165
Estimated difference between T3^fnT3 - (T2^WT3 + h.c.) is: 0.0012636770724262926 1.5968797433758855e-06
total cost: -2.817396214031723
singles alt: [(6, 0), (7, 1), (8, 0), (9, 1), (10, 0), (11, 1), (6, 2), (7, 3), (8, 2), (9, 3), (10, 2), (11, 3), (6, 4), (7, 5), (8, 4), (9, 5), (10, 4), (11, 5)]
length: 18 99
2*[T] vs T3fnT3: -0.0012636770672730536 0.0025273541421281763
Estimated difference between T3^fnT3 - (T2^WT3 + h.c.) is: 0.0012636770748551227 1.5968797495143993e-06
total cost: -2.817396214062631
singles alt: [(6, 0), (7, 1), (8, 0), (9, 1), (10, 0), (11, 1), (6, 2), (7, 3), (8, 2), (9, 3), (10, 2), (11, 3), (6, 4), (7, 5), (8, 4), (9, 5), (10, 4), (11, 5)]
length: 18 99
2*[T] vs T3fnT3: -0.0012636770670876444 0.002527354141757357
Estimated difference between T3^fnT3 - (T2^WT3 + h.c.) is: 0.0012636770746697126 1.5968797490458025e-06
total cost: -2.817396214056062
singles alt: [(6, 0), (7, 1), (8, 0), (9, 1), (10, 0), (11, 1), (6, 2), (7, 3), (8, 2), (9, 3), (10, 2), (11, 3), (6, 4), (7, 5), (8, 4), (9, 5), (10, 4), (11, 5)]
length: 18 99
2*[T] vs T3fnT3: -0.0012636770648442215 0.0025273541372705126
Estimated difference between T3^fnT3 - (T2^WT3 + h.c.) is: 0.001263677072426291 1.5968797433758817e-06
total cost: -2.817396214031722
singles alt: [(6, 0), (7, 1), (8, 0), (9, 1), (10, 0), (11, 1), (6, 2), (7, 3), (8, 2), (9, 3), (10, 2), (11, 3), (6, 4), (7, 5), (8, 4), (9, 5), (10, 4), (11, 5)]
length: 18 99
2*[T] vs T3fnT3: -0.0012636770648442215 0.0025273541372705117
Estimated difference between T3^fnT3 - (T2^WT3 + h.c.) is: 0.0012636770724262902 1.5968797433758794e-06
total cost: -2.8173962140317226
singles alt: [(6, 0), (7, 1), (8, 0), (9, 1), (10, 0), (11, 1), (6, 2), (7, 3), (8, 2), (9, 3), (10, 2), (11, 3), (6, 4), (7, 5), (8, 4), (9, 5), (10, 4), (11, 5)]
length: 18 99
2*[T] vs T3fnT3: -0.0012636770672033767 0.0025273541419888234
Estimated difference between T3^fnT3 - (T2^WT3 + h.c.) is: 0.0012636770747854467 1.5968797493383033e-06
total cost: -2.8173962140084337
singles alt: [(6, 0), (7, 1), (8, 0), (9, 1), (10, 0), (11, 1), (6, 2), (7, 3), (8, 2), (9, 3), (10, 2), (11, 3), (6, 4), (7, 5), (8, 4), (9, 5), (10, 4), (11, 5)]
length: 18 99
2*[T] vs T3fnT3: -0.0012636770672265788 0.002527354142035226
Estimated difference between T3^fnT3 - (T2^WT3 + h.c.) is: 0.001263677074808647 1.596879749396939e-06
total cost: -2.817396213993944
singles alt: [(6, 0), (7, 1), (8, 0), (9, 1), (10, 0), (11, 1), (6, 2), (7, 3), (8, 2), (9, 3), (10, 2), (11, 3), (6, 4), (7, 5), (8, 4), (9, 5), (10, 4), (11, 5)]
length: 18 99
2*[T] vs T3fnT3: -0.001263677064844225 0.0025273541372705186
Estimated difference between T3^fnT3 - (T2^WT3 + h.c.) is: 0.0012636770724262936 1.5968797433758882e-06
total cost: -2.817396214031725
singles alt: [(6, 0), (7, 1), (8, 0), (9, 1), (10, 0), (11, 1), (6, 2), (7, 3), (8, 2), (9, 3), (10, 2), (11, 3), (6, 4), (7, 5), (8, 4), (9, 5), (10, 4), (11, 5)]
length: 18 99
2*[T] vs T3fnT3: -0.001263677064844225 0.0025273541372705186
Estimated difference between T3^fnT3 - (T2^WT3 + h.c.) is: 0.0012636770724262936 1.5968797433758882e-06
total cost: -2.8173962140317235
singles alt: [(6, 0), (7, 1), (8, 0), (9, 1), (10, 0), (11, 1), (6, 2), (7, 3), (8, 2), (9, 3), (10, 2), (11, 3), (6, 4), (7, 5), (8, 4), (9, 5), (10, 4), (11, 5)]
length: 18 99
2*[T] vs T3fnT3: -0.001263677064844225 0.0025273541372705186
Estimated difference between T3^fnT3 - (T2^WT3 + h.c.) is: 0.0012636770724262936 1.5968797433758882e-06
total cost: -2.817396213809865
singles alt: [(6, 0), (7, 1), (8, 0), (9, 1), (10, 0), (11, 1), (6, 2), (7, 3), (8, 2), (9, 3), (10, 2), (11, 3), (6, 4), (7, 5), (8, 4), (9, 5), (10, 4), (11, 5)]
length: 18 99
2*[T] vs T3fnT3: -0.001263677064844225 0.0025273541372705186
Estimated difference between T3^fnT3 - (T2^WT3 + h.c.) is: 0.0012636770724262936 1.5968797433758882e-06
total cost: -2.817396213808495
singles alt: [(6, 0), (7, 1), (8, 0), (9, 1), (10, 0), (11, 1), (6, 2), (7, 3), (8, 2), (9, 3), (10, 2), (11, 3), (6, 4), (7, 5), (8, 4), (9, 5), (10, 4), (11, 5)]
length: 18 99
2*[T] vs T3fnT3: -0.001263677064844225 0.0025273541372705186
Estimated difference between T3^fnT3 - (T2^WT3 + h.c.) is: 0.0012636770724262936 1.5968797433758882e-06
total cost: -2.817396214031721
singles alt: [(6, 0), (7, 1), (8, 0), (9, 1), (10, 0), (11, 1), (6, 2), (7, 3), (8, 2), (9, 3), (10, 2), (11, 3), (6, 4), (7, 5), (8, 4), (9, 5), (10, 4), (11, 5)]
length: 18 99
2*[T] vs T3fnT3: -0.001263677064844225 0.0025273541372705186
Estimated difference between T3^fnT3 - (T2^WT3 + h.c.) is: 0.0012636770724262936 1.5968797433758882e-06
total cost: -2.8173962140317212
singles alt: [(6, 0), (7, 1), (8, 0), (9, 1), (10, 0), (11, 1), (6, 2), (7, 3), (8, 2), (9, 3), (10, 2), (11, 3), (6, 4), (7, 5), (8, 4), (9, 5), (10, 4), (11, 5)]
length: 18 99
2*[T] vs T3fnT3: -0.001263677064844225 0.0025273541372705186
Estimated difference between T3^fnT3 - (T2^WT3 + h.c.) is: 0.0012636770724262936 1.5968797433758882e-06
total cost: -2.8173962144550266
singles alt: [(6, 0), (7, 1), (8, 0), (9, 1), (10, 0), (11, 1), (6, 2), (7, 3), (8, 2), (9, 3), (10, 2), (11, 3), (6, 4), (7, 5), (8, 4), (9, 5), (10, 4), (11, 5)]
length: 18 99
2*[T] vs T3fnT3: -0.001263677064844225 0.0025273541372705186
Estimated difference between T3^fnT3 - (T2^WT3 + h.c.) is: 0.0012636770724262936 1.5968797433758882e-06
total cost: -2.8173962144553757
singles alt: [(6, 0), (7, 1), (8, 0), (9, 1), (10, 0), (11, 1), (6, 2), (7, 3), (8, 2), (9, 3), (10, 2), (11, 3), (6, 4), (7, 5), (8, 4), (9, 5), (10, 4), (11, 5)]
length: 18 99
2*[T] vs T3fnT3: -0.001263677064844225 0.0025273541372705186
Estimated difference between T3^fnT3 - (T2^WT3 + h.c.) is: 0.0012636770724262936 1.5968797433758882e-06
total cost: -2.817396214031721
singles alt: [(6, 0), (7, 1), (8, 0), (9, 1), (10, 0), (11, 1), (6, 2), (7, 3), (8, 2), (9, 3), (10, 2), (11, 3), (6, 4), (7, 5), (8, 4), (9, 5), (10, 4), (11, 5)]
length: 18 99
2*[T] vs T3fnT3: -0.001263677064844225 0.0025273541372705186
Estimated difference between T3^fnT3 - (T2^WT3 + h.c.) is: 0.0012636770724262936 1.5968797433758882e-06
total cost: -2.817396214031721
singles alt: [(6, 0), (7, 1), (8, 0), (9, 1), (10, 0), (11, 1), (6, 2), (7, 3), (8, 2), (9, 3), (10, 2), (11, 3), (6, 4), (7, 5), (8, 4), (9, 5), (10, 4), (11, 5)]
length: 18 99
2*[T] vs T3fnT3: -0.001263677064844225 0.0025273541372705186
Estimated difference between T3^fnT3 - (T2^WT3 + h.c.) is: 0.0012636770724262936 1.5968797433758882e-06
total cost: -2.8173962142604276
singles alt: [(6, 0), (7, 1), (8, 0), (9, 1), (10, 0), (11, 1), (6, 2), (7, 3), (8, 2), (9, 3), (10, 2), (11, 3), (6, 4), (7, 5), (8, 4), (9, 5), (10, 4), (11, 5)]
length: 18 99
2*[T] vs T3fnT3: -0.001263677064844225 0.0025273541372705186
Estimated difference between T3^fnT3 - (T2^WT3 + h.c.) is: 0.0012636770724262936 1.5968797433758882e-06
total cost: -2.817396214258304
singles alt: [(6, 0), (7, 1), (8, 0), (9, 1), (10, 0), (11, 1), (6, 2), (7, 3), (8, 2), (9, 3), (10, 2), (11, 3), (6, 4), (7, 5), (8, 4), (9, 5), (10, 4), (11, 5)]
length: 18 99
2*[T] vs T3fnT3: -0.001263677064844225 0.0025273541372705186
Estimated difference between T3^fnT3 - (T2^WT3 + h.c.) is: 0.0012636770724262936 1.5968797433758882e-06
total cost: -2.817396214031721
singles alt: [(6, 0), (7, 1), (8, 0), (9, 1), (10, 0), (11, 1), (6, 2), (7, 3), (8, 2), (9, 3), (10, 2), (11, 3), (6, 4), (7, 5), (8, 4), (9, 5), (10, 4), (11, 5)]
length: 18 99
2*[T] vs T3fnT3: -0.001263677064844225 0.0025273541372705186
Estimated difference between T3^fnT3 - (T2^WT3 + h.c.) is: 0.0012636770724262936 1.5968797433758882e-06
total cost: -2.8173962140317212
singles alt: [(6, 0), (7, 1), (8, 0), (9, 1), (10, 0), (11, 1), (6, 2), (7, 3), (8, 2), (9, 3), (10, 2), (11, 3), (6, 4), (7, 5), (8, 4), (9, 5), (10, 4), (11, 5)]
length: 18 99
2*[T] vs T3fnT3: -0.001263677064844225 0.0025273541372705186
Estimated difference between T3^fnT3 - (T2^WT3 + h.c.) is: 0.0012636770724262936 1.5968797433758882e-06
total cost: -2.8173962136022572
singles alt: [(6, 0), (7, 1), (8, 0), (9, 1), (10, 0), (11, 1), (6, 2), (7, 3), (8, 2), (9, 3), (10, 2), (11, 3), (6, 4), (7, 5), (8, 4), (9, 5), (10, 4), (11, 5)]
length: 18 99
2*[T] vs T3fnT3: -0.001263677064844225 0.0025273541372705186
Estimated difference between T3^fnT3 - (T2^WT3 + h.c.) is: 0.0012636770724262936 1.5968797433758882e-06
total cost: -2.817396213598117
singles alt: [(6, 0), (7, 1), (8, 0), (9, 1), (10, 0), (11, 1), (6, 2), (7, 3), (8, 2), (9, 3), (10, 2), (11, 3), (6, 4), (7, 5), (8, 4), (9, 5), (10, 4), (11, 5)]
length: 18 99
2*[T] vs T3fnT3: -0.001263677064844225 0.0025273541372705186
Estimated difference between T3^fnT3 - (T2^WT3 + h.c.) is: 0.0012636770724262936 1.5968797433758882e-06
total cost: -2.817396214031723
singles alt: [(6, 0), (7, 1), (8, 0), (9, 1), (10, 0), (11, 1), (6, 2), (7, 3), (8, 2), (9, 3), (10, 2), (11, 3), (6, 4), (7, 5), (8, 4), (9, 5), (10, 4), (11, 5)]
length: 18 99
2*[T] vs T3fnT3: -0.001263677064844225 0.0025273541372705186
Estimated difference between T3^fnT3 - (T2^WT3 + h.c.) is: 0.0012636770724262936 1.5968797433758882e-06
total cost: -2.8173962140317235
singles alt: [(6, 0), (7, 1), (8, 0), (9, 1), (10, 0), (11, 1), (6, 2), (7, 3), (8, 2), (9, 3), (10, 2), (11, 3), (6, 4), (7, 5), (8, 4), (9, 5), (10, 4), (11, 5)]
callback: energy=-2.818659891104
singles alt: [(6, 0), (7, 1), (8, 0), (9, 1), (10, 0), (11, 1), (6, 2), (7, 3), (8, 2), (9, 3), (10, 2), (11, 3), (6, 4), (7, 5), (8, 4), (9, 5), (10, 4), (11, 5)]
length: 18 99
2*[T] vs T3fnT3: -0.001165370031415898 0.002330740069824021
Estimated difference between T3^fnT3 - (T2^WT3 + h.c.) is: 0.001165370038408123 1.35808732641935e-06
total cost: -2.8240479419427977
singles alt: [(6, 0), (7, 1), (8, 0), (9, 1), (10, 0), (11, 1), (6, 2), (7, 3), (8, 2), (9, 3), (10, 2), (11, 3), (6, 4), (7, 5), (8, 4), (9, 5), (10, 4), (11, 5)]
length: 18 99
2*[T] vs T3fnT3: -0.0011653700346092892 0.002330740076210802
Estimated difference between T3^fnT3 - (T2^WT3 + h.c.) is: 0.0011653700416015128 1.3580873338623116e-06
total cost: -2.824047941527538
singles alt: [(6, 0), (7, 1), (8, 0), (9, 1), (10, 0), (11, 1), (6, 2), (7, 3), (8, 2), (9, 3), (10, 2), (11, 3), (6, 4), (7, 5), (8, 4), (9, 5), (10, 4), (11, 5)]
length: 18 99
2*[T] vs T3fnT3: -0.0011653700314158955 0.0023307400698240163
Estimated difference between T3^fnT3 - (T2^WT3 + h.c.) is: 0.0011653700384081209 1.358087326419345e-06
total cost: -2.8240479419428004
singles alt: [(6, 0), (7, 1), (8, 0), (9, 1), (10, 0), (11, 1), (6, 2), (7, 3), (8, 2), (9, 3), (10, 2), (11, 3), (6, 4), (7, 5), (8, 4), (9, 5), (10, 4), (11, 5)]
length: 18 99
2*[T] vs T3fnT3: -0.001165370030560422 0.0023307400681130703
Estimated difference between T3^fnT3 - (T2^WT3 + h.c.) is: 0.0011653700375526483 1.3580873244254608e-06
total cost: -2.8240479420930824
singles alt: [(6, 0), (7, 1), (8, 0), (9, 1), (10, 0), (11, 1), (6, 2), (7, 3), (8, 2), (9, 3), (10, 2), (11, 3), (6, 4), (7, 5), (8, 4), (9, 5), (10, 4), (11, 5)]
length: 18 99
2*[T] vs T3fnT3: -0.0011653700314158983 0.0023307400698240215
Estimated difference between T3^fnT3 - (T2^WT3 + h.c.) is: 0.0011653700384081232 1.3580873264193507e-06
total cost: -2.8240479419427995
singles alt: [(6, 0), (7, 1), (8, 0), (9, 1), (10, 0), (11, 1), (6, 2), (7, 3), (8, 2), (9, 3), (10, 2), (11, 3), (6, 4), (7, 5), (8, 4), (9, 5), (10, 4), (11, 5)]
length: 18 99
2*[T] vs T3fnT3: -0.0011653700373308606 0.002330740081653946
Estimated difference between T3^fnT3 - (T2^WT3 + h.c.) is: 0.0011653700443230856 1.3580873402055903e-06
total cost: -2.824047941306022
singles alt: [(6, 0), (7, 1), (8, 0), (9, 1), (10, 0), (11, 1), (6, 2), (7, 3), (8, 2), (9, 3), (10, 2), (11, 3), (6, 4), (7, 5), (8, 4), (9, 5), (10, 4), (11, 5)]
length: 18 99
2*[T] vs T3fnT3: -0.0011653700314158992 0.002330740069824023
Estimated difference between T3^fnT3 - (T2^WT3 + h.c.) is: 0.0011653700384081237 1.3580873264193516e-06
total cost: -2.824047941942797
singles alt: [(6, 0), (7, 1), (8, 0), (9, 1), (10, 0), (11, 1), (6, 2), (7, 3), (8, 2), (9, 3), (10, 2), (11, 3), (6, 4), (7, 5), (8, 4), (9, 5), (10, 4), (11, 5)]
length: 18 99
2*[T] vs T3fnT3: -0.0011653700306709616 0.002330740068334148
Estimated difference between T3^fnT3 - (T2^WT3 + h.c.) is: 0.0011653700376631861 1.3580873246830958e-06
total cost: -2.824047942047102
singles alt: [(6, 0), (7, 1), (8, 0), (9, 1), (10, 0), (11, 1), (6, 2), (7, 3), (8, 2), (9, 3), (10, 2), (11, 3), (6, 4), (7, 5), (8, 4), (9, 5), (10, 4), (11, 5)]
length: 18 99
2*[T] vs T3fnT3: -0.0011653700314159022 0.0023307400698240285
Estimated difference between T3^fnT3 - (T2^WT3 + h.c.) is: 0.0011653700384081263 1.3580873264193577e-06
total cost: -2.824047941942797
singles alt: [(6, 0), (7, 1), (8, 0), (9, 1), (10, 0), (11, 1), (6, 2), (7, 3), (8, 2), (9, 3), (10, 2), (11, 3), (6, 4), (7, 5), (8, 4), (9, 5), (10, 4), (11, 5)]
length: 18 99
2*[T] vs T3fnT3: -0.0011653700384636008 0.0023307400839194265
Estimated difference between T3^fnT3 - (T2^WT3 + h.c.) is: 0.0011653700454558257 1.3580873428457133e-06
total cost: -2.8240479414764312
singles alt: [(6, 0), (7, 1), (8, 0), (9, 1), (10, 0), (11, 1), (6, 2), (7, 3), (8, 2), (9, 3), (10, 2), (11, 3), (6, 4), (7, 5), (8, 4), (9, 5), (10, 4), (11, 5)]
length: 18 99
2*[T] vs T3fnT3: -0.0011653700314159029 0.002330740069824031
Estimated difference between T3^fnT3 - (T2^WT3 + h.c.) is: 0.0011653700384081282 1.3580873264193624e-06
total cost: -2.8240479419427977
singles alt: [(6, 0), (7, 1), (8, 0), (9, 1), (10, 0), (11, 1), (6, 2), (7, 3), (8, 2), (9, 3), (10, 2), (11, 3), (6, 4), (7, 5), (8, 4), (9, 5), (10, 4), (11, 5)]
length: 18 99
2*[T] vs T3fnT3: -0.001165370026352716 0.002330740059697657
Estimated difference between T3^fnT3 - (T2^WT3 + h.c.) is: 0.001165370033344941 1.3580873146183888e-06
total cost: -2.824047941882263
singles alt: [(6, 0), (7, 1), (8, 0), (9, 1), (10, 0), (11, 1), (6, 2), (7, 3), (8, 2), (9, 3), (10, 2), (11, 3), (6, 4), (7, 5), (8, 4), (9, 5), (10, 4), (11, 5)]
length: 18 99
2*[T] vs T3fnT3: -0.0011653700314158946 0.0023307400698240146
Estimated difference between T3^fnT3 - (T2^WT3 + h.c.) is: 0.00116537003840812 1.358087326419343e-06
total cost: -2.8240479419428
singles alt: [(6, 0), (7, 1), (8, 0), (9, 1), (10, 0), (11, 1), (6, 2), (7, 3), (8, 2), (9, 3), (10, 2), (11, 3), (6, 4), (7, 5), (8, 4), (9, 5), (10, 4), (11, 5)]
length: 18 99
2*[T] vs T3fnT3: -0.0011653700309360024 0.00233074006886423
Estimated difference between T3^fnT3 - (T2^WT3 + h.c.) is: 0.0011653700379282274 1.3580873253008382e-06
total cost: -2.8240479419020916
singles alt: [(6, 0), (7, 1), (8, 0), (9, 1), (10, 0), (11, 1), (6, 2), (7, 3), (8, 2), (9, 3), (10, 2), (11, 3), (6, 4), (7, 5), (8, 4), (9, 5), (10, 4), (11, 5)]
length: 18 99
2*[T] vs T3fnT3: -0.0011653700314158933 0.0023307400698240116
Estimated difference between T3^fnT3 - (T2^WT3 + h.c.) is: 0.0011653700384081183 1.358087326419339e-06
total cost: -2.8240479419428
singles alt: [(6, 0), (7, 1), (8, 0), (9, 1), (10, 0), (11, 1), (6, 2), (7, 3), (8, 2), (9, 3), (10, 2), (11, 3), (6, 4), (7, 5), (8, 4), (9, 5), (10, 4), (11, 5)]
length: 18 99
2*[T] vs T3fnT3: -0.0011653700411055686 0.0023307400892033634
Estimated difference between T3^fnT3 - (T2^WT3 + h.c.) is: 0.0011653700480977948 1.3580873490034567e-06
total cost: -2.8240479419888014
singles alt: [(6, 0), (7, 1), (8, 0), (9, 1), (10, 0), (11, 1), (6, 2), (7, 3), (8, 2), (9, 3), (10, 2), (11, 3), (6, 4), (7, 5), (8, 4), (9, 5), (10, 4), (11, 5)]
length: 18 99
2*[T] vs T3fnT3: -0.001165370031415894 0.0023307400698240133
Estimated difference between T3^fnT3 - (T2^WT3 + h.c.) is: 0.0011653700384081193 1.3580873264193416e-06
total cost: -2.8240479419427995
singles alt: [(6, 0), (7, 1), (8, 0), (9, 1), (10, 0), (11, 1), (6, 2), (7, 3), (8, 2), (9, 3), (10, 2), (11, 3), (6, 4), (7, 5), (8, 4), (9, 5), (10, 4), (11, 5)]
length: 18 99
2*[T] vs T3fnT3: -0.0011653700360915772 0.0023307400791753793
Estimated difference between T3^fnT3 - (T2^WT3 + h.c.) is: 0.0011653700430838021 1.3580873373171428e-06
total cost: -2.824047941952163
singles alt: [(6, 0), (7, 1), (8, 0), (9, 1), (10, 0), (11, 1), (6, 2), (7, 3), (8, 2), (9, 3), (10, 2), (11, 3), (6, 4), (7, 5), (8, 4), (9, 5), (10, 4), (11, 5)]
length: 18 99
2*[T] vs T3fnT3: -0.0011653700314158916 0.002330740069824009
Estimated difference between T3^fnT3 - (T2^WT3 + h.c.) is: 0.0011653700384081174 1.358087326419337e-06
total cost: -2.8240479419428
singles alt: [(6, 0), (7, 1), (8, 0), (9, 1), (10, 0), (11, 1), (6, 2), (7, 3), (8, 2), (9, 3), (10, 2), (11, 3), (6, 4), (7, 5), (8, 4), (9, 5), (10, 4), (11, 5)]
length: 18 99
2*[T] vs T3fnT3: -0.001165370033434788 0.0023307400738618008
Estimated difference between T3^fnT3 - (T2^WT3 + h.c.) is: 0.0011653700404270129 1.3580873311248576e-06
total cost: -2.8240479418651767
singles alt: [(6, 0), (7, 1), (8, 0), (9, 1), (10, 0), (11, 1), (6, 2), (7, 3), (8, 2), (9, 3), (10, 2), (11, 3), (6, 4), (7, 5), (8, 4), (9, 5), (10, 4), (11, 5)]
length: 18 99
2*[T] vs T3fnT3: -0.0011653700314158987 0.002330740069824023
Estimated difference between T3^fnT3 - (T2^WT3 + h.c.) is: 0.0011653700384081241 1.3580873264193526e-06
total cost: -2.824047941942798
singles alt: [(6, 0), (7, 1), (8, 0), (9, 1), (10, 0), (11, 1), (6, 2), (7, 3), (8, 2), (9, 3), (10, 2), (11, 3), (6, 4), (7, 5), (8, 4), (9, 5), (10, 4), (11, 5)]
length: 18 99
2*[T] vs T3fnT3: -0.0011653700419538774 0.00233074009089998
Estimated difference between T3^fnT3 - (T2^WT3 + h.c.) is: 0.0011653700489461024 1.358087350980641e-06
total cost: -2.8240479420156093
singles alt: [(6, 0), (7, 1), (8, 0), (9, 1), (10, 0), (11, 1), (6, 2), (7, 3), (8, 2), (9, 3), (10, 2), (11, 3), (6, 4), (7, 5), (8, 4), (9, 5), (10, 4), (11, 5)]
length: 18 99
2*[T] vs T3fnT3: -0.0011653700314158998 0.0023307400698240254
Estimated difference between T3^fnT3 - (T2^WT3 + h.c.) is: 0.0011653700384081256 1.3580873264193562e-06
total cost: -2.824047941942799
singles alt: [(6, 0), (7, 1), (8, 0), (9, 1), (10, 0), (11, 1), (6, 2), (7, 3), (8, 2), (9, 3), (10, 2), (11, 3), (6, 4), (7, 5), (8, 4), (9, 5), (10, 4), (11, 5)]
length: 18 99
2*[T] vs T3fnT3: -0.0011653700315140572 0.002330740070020339
Estimated difference between T3^fnT3 - (T2^WT3 + h.c.) is: 0.0011653700385062817 1.3580873266481324e-06
total cost: -2.8240479418271893
singles alt: [(6, 0), (7, 1), (8, 0), (9, 1), (10, 0), (11, 1), (6, 2), (7, 3), (8, 2), (9, 3), (10, 2), (11, 3), (6, 4), (7, 5), (8, 4), (9, 5), (10, 4), (11, 5)]
length: 18 99
2*[T] vs T3fnT3: -0.0011653700314158964 0.002330740069824017
Estimated difference between T3^fnT3 - (T2^WT3 + h.c.) is: 0.0011653700384081209 1.358087326419345e-06
total cost: -2.824047941942798
singles alt: [(6, 0), (7, 1), (8, 0), (9, 1), (10, 0), (11, 1), (6, 2), (7, 3), (8, 2), (9, 3), (10, 2), (11, 3), (6, 4), (7, 5), (8, 4), (9, 5), (10, 4), (11, 5)]
length: 18 99
2*[T] vs T3fnT3: -0.0011653700368238168 0.002330740080639859
Estimated difference between T3^fnT3 - (T2^WT3 + h.c.) is: 0.0011653700438160421 1.358087339023804e-06
total cost: -2.824047941941366
singles alt: [(6, 0), (7, 1), (8, 0), (9, 1), (10, 0), (11, 1), (6, 2), (7, 3), (8, 2), (9, 3), (10, 2), (11, 3), (6, 4), (7, 5), (8, 4), (9, 5), (10, 4), (11, 5)]
length: 18 99
2*[T] vs T3fnT3: -0.001165370031415897 0.0023307400698240194
Estimated difference between T3^fnT3 - (T2^WT3 + h.c.) is: 0.0011653700384081224 1.3580873264193486e-06
total cost: -2.8240479419427977
singles alt: [(6, 0), (7, 1), (8, 0), (9, 1), (10, 0), (11, 1), (6, 2), (7, 3), (8, 2), (9, 3), (10, 2), (11, 3), (6, 4), (7, 5), (8, 4), (9, 5), (10, 4), (11, 5)]
length: 18 99
2*[T] vs T3fnT3: -0.001165370029819253 0.002330740066630731
Estimated difference between T3^fnT3 - (T2^WT3 + h.c.) is: 0.001165370036811478 1.3580873226979854e-06
total cost: -2.824047941976993
singles alt: [(6, 0), (7, 1), (8, 0), (9, 1), (10, 0), (11, 1), (6, 2), (7, 3), (8, 2), (9, 3), (10, 2), (11, 3), (6, 4), (7, 5), (8, 4), (9, 5), (10, 4), (11, 5)]
length: 18 99
2*[T] vs T3fnT3: -0.0011653700314158957 0.0023307400698240163
Estimated difference between T3^fnT3 - (T2^WT3 + h.c.) is: 0.0011653700384081206 1.3580873264193446e-06
total cost: -2.8240479419428004
singles alt: [(6, 0), (7, 1), (8, 0), (9, 1), (10, 0), (11, 1), (6, 2), (7, 3), (8, 2), (9, 3), (10, 2), (11, 3), (6, 4), (7, 5), (8, 4), (9, 5), (10, 4), (11, 5)]
length: 18 99
2*[T] vs T3fnT3: -0.001165370030951674 0.0023307400688955733
Estimated difference between T3^fnT3 - (T2^WT3 + h.c.) is: 0.0011653700379438993 1.3580873253373654e-06
total cost: -2.824047941859633
singles alt: [(6, 0), (7, 1), (8, 0), (9, 1), (10, 0), (11, 1), (6, 2), (7, 3), (8, 2), (9, 3), (10, 2), (11, 3), (6, 4), (7, 5), (8, 4), (9, 5), (10, 4), (11, 5)]
length: 18 99
2*[T] vs T3fnT3: -0.001165370031415896 0.0023307400698240163
Estimated difference between T3^fnT3 - (T2^WT3 + h.c.) is: 0.0011653700384081204 1.3580873264193441e-06
total cost: -2.8240479419428
singles alt: [(6, 0), (7, 1), (8, 0), (9, 1), (10, 0), (11, 1), (6, 2), (7, 3), (8, 2), (9, 3), (10, 2), (11, 3), (6, 4), (7, 5), (8, 4), (9, 5), (10, 4), (11, 5)]
length: 18 99
2*[T] vs T3fnT3: -0.0011653700264062546 0.0023307400598047345
Estimated difference between T3^fnT3 - (T2^WT3 + h.c.) is: 0.00116537003339848 1.3580873147431743e-06
total cost: -2.8240479418352877
singles alt: [(6, 0), (7, 1), (8, 0), (9, 1), (10, 0), (11, 1), (6, 2), (7, 3), (8, 2), (9, 3), (10, 2), (11, 3), (6, 4), (7, 5), (8, 4), (9, 5), (10, 4), (11, 5)]
length: 18 99
2*[T] vs T3fnT3: -0.0011653700314158935 0.002330740069824013
Estimated difference between T3^fnT3 - (T2^WT3 + h.c.) is: 0.0011653700384081193 1.3580873264193416e-06
total cost: -2.8240479419427986
singles alt: [(6, 0), (7, 1), (8, 0), (9, 1), (10, 0), (11, 1), (6, 2), (7, 3), (8, 2), (9, 3), (10, 2), (11, 3), (6, 4), (7, 5), (8, 4), (9, 5), (10, 4), (11, 5)]
length: 18 99
2*[T] vs T3fnT3: -0.0011653700363836608 0.0023307400797595475
Estimated difference between T3^fnT3 - (T2^WT3 + h.c.) is: 0.0011653700433758866 1.3580873379979159e-06
total cost: -2.824047941961647
singles alt: [(6, 0), (7, 1), (8, 0), (9, 1), (10, 0), (11, 1), (6, 2), (7, 3), (8, 2), (9, 3), (10, 2), (11, 3), (6, 4), (7, 5), (8, 4), (9, 5), (10, 4), (11, 5)]
length: 18 99
2*[T] vs T3fnT3: -0.001165370031415895 0.002330740069824015
Estimated difference between T3^fnT3 - (T2^WT3 + h.c.) is: 0.00116537003840812 1.358087326419343e-06
total cost: -2.8240479419427995
singles alt: [(6, 0), (7, 1), (8, 0), (9, 1), (10, 0), (11, 1), (6, 2), (7, 3), (8, 2), (9, 3), (10, 2), (11, 3), (6, 4), (7, 5), (8, 4), (9, 5), (10, 4), (11, 5)]
length: 18 99
2*[T] vs T3fnT3: -0.0011653700414920283 0.002330740089976282
Estimated difference between T3^fnT3 - (T2^WT3 + h.c.) is: 0.0011653700484842537 1.358087349904192e-06
total cost: -2.824047942018885
singles alt: [(6, 0), (7, 1), (8, 0), (9, 1), (10, 0), (11, 1), (6, 2), (7, 3), (8, 2), (9, 3), (10, 2), (11, 3), (6, 4), (7, 5), (8, 4), (9, 5), (10, 4), (11, 5)]
length: 18 99
2*[T] vs T3fnT3: -0.0011653700314158944 0.002330740069824014
Estimated difference between T3^fnT3 - (T2^WT3 + h.c.) is: 0.0011653700384081198 1.3580873264193427e-06
total cost: -2.8240479419428004
singles alt: [(6, 0), (7, 1), (8, 0), (9, 1), (10, 0), (11, 1), (6, 2), (7, 3), (8, 2), (9, 3), (10, 2), (11, 3), (6, 4), (7, 5), (8, 4), (9, 5), (10, 4), (11, 5)]
length: 18 99
2*[T] vs T3fnT3: -0.0011653700389312055 0.002330740084854636
Estimated difference between T3^fnT3 - (T2^WT3 + h.c.) is: 0.0011653700459234304 1.3580873439355783e-06
total cost: -2.8240479418787836
singles alt: [(6, 0), (7, 1), (8, 0), (9, 1), (10, 0), (11, 1), (6, 2), (7, 3), (8, 2), (9, 3), (10, 2), (11, 3), (6, 4), (7, 5), (8, 4), (9, 5), (10, 4), (11, 5)]
length: 18 99
2*[T] vs T3fnT3: -0.0011653700314158977 0.0023307400698240194
Estimated difference between T3^fnT3 - (T2^WT3 + h.c.) is: 0.0011653700384081217 1.3580873264193471e-06
total cost: -2.8240479419427995
singles alt: [(6, 0), (7, 1), (8, 0), (9, 1), (10, 0), (11, 1), (6, 2), (7, 3), (8, 2), (9, 3), (10, 2), (11, 3), (6, 4), (7, 5), (8, 4), (9, 5), (10, 4), (11, 5)]
length: 18 99
2*[T] vs T3fnT3: -0.0011653700280106346 0.0023307400630134946
Estimated difference between T3^fnT3 - (T2^WT3 + h.c.) is: 0.00116537003500286 1.358087318482567e-06
total cost: -2.8240479419530646
singles alt: [(6, 0), (7, 1), (8, 0), (9, 1), (10, 0), (11, 1), (6, 2), (7, 3), (8, 2), (9, 3), (10, 2), (11, 3), (6, 4), (7, 5), (8, 4), (9, 5), (10, 4), (11, 5)]
length: 18 99
2*[T] vs T3fnT3: -0.0011653700314158961 0.0023307400698240176
Estimated difference between T3^fnT3 - (T2^WT3 + h.c.) is: 0.0011653700384081215 1.3580873264193467e-06
total cost: -2.8240479419427995
singles alt: [(6, 0), (7, 1), (8, 0), (9, 1), (10, 0), (11, 1), (6, 2), (7, 3), (8, 2), (9, 3), (10, 2), (11, 3), (6, 4), (7, 5), (8, 4), (9, 5), (10, 4), (11, 5)]
length: 18 99
2*[T] vs T3fnT3: -0.0011653700493647634 0.002330740105721751
Estimated difference between T3^fnT3 - (T2^WT3 + h.c.) is: 0.0011653700563569879 1.358087368253489e-06
total cost: -2.824047941959999
singles alt: [(6, 0), (7, 1), (8, 0), (9, 1), (10, 0), (11, 1), (6, 2), (7, 3), (8, 2), (9, 3), (10, 2), (11, 3), (6, 4), (7, 5), (8, 4), (9, 5), (10, 4), (11, 5)]
length: 18 99
2*[T] vs T3fnT3: -0.0011653700314158985 0.002330740069824022
Estimated difference between T3^fnT3 - (T2^WT3 + h.c.) is: 0.0011653700384081235 1.3580873264193511e-06
total cost: -2.824047941942797
singles alt: [(6, 0), (7, 1), (8, 0), (9, 1), (10, 0), (11, 1), (6, 2), (7, 3), (8, 2), (9, 3), (10, 2), (11, 3), (6, 4), (7, 5), (8, 4), (9, 5), (10, 4), (11, 5)]
length: 18 99
2*[T] vs T3fnT3: -0.0011653700280177405 0.002330740063027706
Estimated difference between T3^fnT3 - (T2^WT3 + h.c.) is: 0.0011653700350099654 1.358087318499128e-06
total cost: -2.8240479419875557
singles alt: [(6, 0), (7, 1), (8, 0), (9, 1), (10, 0), (11, 1), (6, 2), (7, 3), (8, 2), (9, 3), (10, 2), (11, 3), (6, 4), (7, 5), (8, 4), (9, 5), (10, 4), (11, 5)]
length: 18 99
2*[T] vs T3fnT3: -0.001165370031415899 0.002330740069824023
Estimated difference between T3^fnT3 - (T2^WT3 + h.c.) is: 0.001165370038408124 1.3580873264193522e-06
total cost: -2.8240479419427964
singles alt: [(6, 0), (7, 1), (8, 0), (9, 1), (10, 0), (11, 1), (6, 2), (7, 3), (8, 2), (9, 3), (10, 2), (11, 3), (6, 4), (7, 5), (8, 4), (9, 5), (10, 4), (11, 5)]
length: 18 99
2*[T] vs T3fnT3: -0.0011653700304908655 0.002330740067973957
Estimated difference between T3^fnT3 - (T2^WT3 + h.c.) is: 0.0011653700374830917 1.3580873242633425e-06
total cost: -2.8240479420247726
singles alt: [(6, 0), (7, 1), (8, 0), (9, 1), (10, 0), (11, 1), (6, 2), (7, 3), (8, 2), (9, 3), (10, 2), (11, 3), (6, 4), (7, 5), (8, 4), (9, 5), (10, 4), (11, 5)]
length: 18 99
2*[T] vs T3fnT3: -0.001165370031415896 0.0023307400698240168
Estimated difference between T3^fnT3 - (T2^WT3 + h.c.) is: 0.0011653700384081209 1.358087326419345e-06
total cost: -2.8240479419427977
singles alt: [(6, 0), (7, 1), (8, 0), (9, 1), (10, 0), (11, 1), (6, 2), (7, 3), (8, 2), (9, 3), (10, 2), (11, 3), (6, 4), (7, 5), (8, 4), (9, 5), (10, 4), (11, 5)]
length: 18 99
2*[T] vs T3fnT3: -0.00116537003433038 0.002330740075652985
Estimated difference between T3^fnT3 - (T2^WT3 + h.c.) is: 0.0011653700413226053 1.3580873332122506e-06
total cost: -2.8240479419197544
singles alt: [(6, 0), (7, 1), (8, 0), (9, 1), (10, 0), (11, 1), (6, 2), (7, 3), (8, 2), (9, 3), (10, 2), (11, 3), (6, 4), (7, 5), (8, 4), (9, 5), (10, 4), (11, 5)]
length: 18 99
2*[T] vs T3fnT3: -0.001165370031415899 0.002330740069824023
Estimated difference between T3^fnT3 - (T2^WT3 + h.c.) is: 0.001165370038408124 1.3580873264193522e-06
total cost: -2.824047941942797
singles alt: [(6, 0), (7, 1), (8, 0), (9, 1), (10, 0), (11, 1), (6, 2), (7, 3), (8, 2), (9, 3), (10, 2), (11, 3), (6, 4), (7, 5), (8, 4), (9, 5), (10, 4), (11, 5)]
length: 18 99
2*[T] vs T3fnT3: -0.0011653700379273592 0.002330740082846943
Estimated difference between T3^fnT3 - (T2^WT3 + h.c.) is: 0.0011653700449195837 1.3580873415958725e-06
total cost: -2.8240479418755804
singles alt: [(6, 0), (7, 1), (8, 0), (9, 1), (10, 0), (11, 1), (6, 2), (7, 3), (8, 2), (9, 3), (10, 2), (11, 3), (6, 4), (7, 5), (8, 4), (9, 5), (10, 4), (11, 5)]
length: 18 99
2*[T] vs T3fnT3: -0.0011653700314159011 0.0023307400698240263
Estimated difference between T3^fnT3 - (T2^WT3 + h.c.) is: 0.0011653700384081252 1.3580873264193552e-06
total cost: -2.8240479419427977
singles alt: [(6, 0), (7, 1), (8, 0), (9, 1), (10, 0), (11, 1), (6, 2), (7, 3), (8, 2), (9, 3), (10, 2), (11, 3), (6, 4), (7, 5), (8, 4), (9, 5), (10, 4), (11, 5)]
length: 18 99
2*[T] vs T3fnT3: -0.001165370028259289 0.0023307400635108025
Estimated difference between T3^fnT3 - (T2^WT3 + h.c.) is: 0.0011653700352515135 1.3580873190621138e-06
total cost: -2.824047941962757
singles alt: [(6, 0), (7, 1), (8, 0), (9, 1), (10, 0), (11, 1), (6, 2), (7, 3), (8, 2), (9, 3), (10, 2), (11, 3), (6, 4), (7, 5), (8, 4), (9, 5), (10, 4), (11, 5)]
length: 18 99
2*[T] vs T3fnT3: -0.0011653700314159022 0.002330740069824028
Estimated difference between T3^fnT3 - (T2^WT3 + h.c.) is: 0.0011653700384081258 1.3580873264193566e-06
total cost: -2.824047941942796
singles alt: [(6, 0), (7, 1), (8, 0), (9, 1), (10, 0), (11, 1), (6, 2), (7, 3), (8, 2), (9, 3), (10, 2), (11, 3), (6, 4), (7, 5), (8, 4), (9, 5), (10, 4), (11, 5)]
length: 18 99
2*[T] vs T3fnT3: -0.0011653700297776964 0.0023307400665476185
Estimated difference between T3^fnT3 - (T2^WT3 + h.c.) is: 0.0011653700367699222 1.3580873226011297e-06
total cost: -2.824047941995968
singles alt: [(6, 0), (7, 1), (8, 0), (9, 1), (10, 0), (11, 1), (6, 2), (7, 3), (8, 2), (9, 3), (10, 2), (11, 3), (6, 4), (7, 5), (8, 4), (9, 5), (10, 4), (11, 5)]
length: 18 99
2*[T] vs T3fnT3: -0.001165370031415901 0.002330740069824028
Estimated difference between T3^fnT3 - (T2^WT3 + h.c.) is: 0.0011653700384081271 1.3580873264193598e-06
total cost: -2.8240479419427955
singles alt: [(6, 0), (7, 1), (8, 0), (9, 1), (10, 0), (11, 1), (6, 2), (7, 3), (8, 2), (9, 3), (10, 2), (11, 3), (6, 4), (7, 5), (8, 4), (9, 5), (10, 4), (11, 5)]
length: 18 99
2*[T] vs T3fnT3: -0.0011653700328123873 0.0023307400726169996
Estimated difference between T3^fnT3 - (T2^WT3 + h.c.) is: 0.0011653700398046123 1.3580873296742036e-06
total cost: -2.8240479419377884
singles alt: [(6, 0), (7, 1), (8, 0), (9, 1), (10, 0), (11, 1), (6, 2), (7, 3), (8, 2), (9, 3), (10, 2), (11, 3), (6, 4), (7, 5), (8, 4), (9, 5), (10, 4), (11, 5)]
length: 18 99
2*[T] vs T3fnT3: -0.0011653700314158979 0.0023307400698240215
Estimated difference between T3^fnT3 - (T2^WT3 + h.c.) is: 0.0011653700384081237 1.3580873264193516e-06
total cost: -2.8240479419427973
singles alt: [(6, 0), (7, 1), (8, 0), (9, 1), (10, 0), (11, 1), (6, 2), (7, 3), (8, 2), (9, 3), (10, 2), (11, 3), (6, 4), (7, 5), (8, 4), (9, 5), (10, 4), (11, 5)]
length: 18 99
2*[T] vs T3fnT3: -0.0011653700373761072 0.0023307400817444398
Estimated difference between T3^fnT3 - (T2^WT3 + h.c.) is: 0.0011653700443683326 1.3580873403110493e-06
total cost: -2.82404794189586
singles alt: [(6, 0), (7, 1), (8, 0), (9, 1), (10, 0), (11, 1), (6, 2), (7, 3), (8, 2), (9, 3), (10, 2), (11, 3), (6, 4), (7, 5), (8, 4), (9, 5), (10, 4), (11, 5)]
length: 18 99
2*[T] vs T3fnT3: -0.0011653700314158994 0.0023307400698240237
Estimated difference between T3^fnT3 - (T2^WT3 + h.c.) is: 0.0011653700384081243 1.3580873264193532e-06
total cost: -2.824047941942797
singles alt: [(6, 0), (7, 1), (8, 0), (9, 1), (10, 0), (11, 1), (6, 2), (7, 3), (8, 2), (9, 3), (10, 2), (11, 3), (6, 4), (7, 5), (8, 4), (9, 5), (10, 4), (11, 5)]
length: 18 99
2*[T] vs T3fnT3: -0.0011653700314717217 0.0023307400699356688
Estimated difference between T3^fnT3 - (T2^WT3 + h.c.) is: 0.001165370038463947 1.3580873265494615e-06
total cost: -2.824047941889359
singles alt: [(6, 0), (7, 1), (8, 0), (9, 1), (10, 0), (11, 1), (6, 2), (7, 3), (8, 2), (9, 3), (10, 2), (11, 3), (6, 4), (7, 5), (8, 4), (9, 5), (10, 4), (11, 5)]
length: 18 99
2*[T] vs T3fnT3: -0.0011653700314158974 0.002330740069824019
Estimated difference between T3^fnT3 - (T2^WT3 + h.c.) is: 0.0011653700384081215 1.3580873264193467e-06
total cost: -2.8240479419427977
singles alt: [(6, 0), (7, 1), (8, 0), (9, 1), (10, 0), (11, 1), (6, 2), (7, 3), (8, 2), (9, 3), (10, 2), (11, 3), (6, 4), (7, 5), (8, 4), (9, 5), (10, 4), (11, 5)]
length: 18 99
2*[T] vs T3fnT3: -0.0011653700419220854 0.002330740090836396
Estimated difference between T3^fnT3 - (T2^WT3 + h.c.) is: 0.0011653700489143107 1.358087350906543e-06
total cost: -2.824047942033934
singles alt: [(6, 0), (7, 1), (8, 0), (9, 1), (10, 0), (11, 1), (6, 2), (7, 3), (8, 2), (9, 3), (10, 2), (11, 3), (6, 4), (7, 5), (8, 4), (9, 5), (10, 4), (11, 5)]
length: 18 99
2*[T] vs T3fnT3: -0.0011653700314158994 0.002330740069824023
Estimated difference between T3^fnT3 - (T2^WT3 + h.c.) is: 0.0011653700384081235 1.3580873264193511e-06
total cost: -2.8240479419427973
singles alt: [(6, 0), (7, 1), (8, 0), (9, 1), (10, 0), (11, 1), (6, 2), (7, 3), (8, 2), (9, 3), (10, 2), (11, 3), (6, 4), (7, 5), (8, 4), (9, 5), (10, 4), (11, 5)]
length: 18 99
2*[T] vs T3fnT3: -0.0011653700299531437 0.0023307400668985128
Estimated difference between T3^fnT3 - (T2^WT3 + h.c.) is: 0.001165370036945369 1.358087323010051e-06
total cost: -2.82404794198549
singles alt: [(6, 0), (7, 1), (8, 0), (9, 1), (10, 0), (11, 1), (6, 2), (7, 3), (8, 2), (9, 3), (10, 2), (11, 3), (6, 4), (7, 5), (8, 4), (9, 5), (10, 4), (11, 5)]
length: 18 99
2*[T] vs T3fnT3: -0.0011653700314158974 0.0023307400698240202
Estimated difference between T3^fnT3 - (T2^WT3 + h.c.) is: 0.0011653700384081228 1.3580873264193496e-06
total cost: -2.8240479419427973
singles alt: [(6, 0), (7, 1), (8, 0), (9, 1), (10, 0), (11, 1), (6, 2), (7, 3), (8, 2), (9, 3), (10, 2), (11, 3), (6, 4), (7, 5), (8, 4), (9, 5), (10, 4), (11, 5)]
length: 18 99
2*[T] vs T3fnT3: -0.0011653700377624347 0.0023307400825170947
Estimated difference between T3^fnT3 - (T2^WT3 + h.c.) is: 0.00116537004475466 1.3580873412114784e-06
total cost: -2.824047941902929
singles alt: [(6, 0), (7, 1), (8, 0), (9, 1), (10, 0), (11, 1), (6, 2), (7, 3), (8, 2), (9, 3), (10, 2), (11, 3), (6, 4), (7, 5), (8, 4), (9, 5), (10, 4), (11, 5)]
length: 18 99
2*[T] vs T3fnT3: -0.0011653700314159 0.0023307400698240246
Estimated difference between T3^fnT3 - (T2^WT3 + h.c.) is: 0.0011653700384081245 1.3580873264193537e-06
total cost: -2.824047941942797
singles alt: [(6, 0), (7, 1), (8, 0), (9, 1), (10, 0), (11, 1), (6, 2), (7, 3), (8, 2), (9, 3), (10, 2), (11, 3), (6, 4), (7, 5), (8, 4), (9, 5), (10, 4), (11, 5)]
length: 18 99
2*[T] vs T3fnT3: -0.0011653700342712456 0.002330740075534716
Estimated difference between T3^fnT3 - (T2^WT3 + h.c.) is: 0.0011653700412634705 1.358087333074423e-06
total cost: -2.8240479419365685
singles alt: [(6, 0), (7, 1), (8, 0), (9, 1), (10, 0), (11, 1), (6, 2), (7, 3), (8, 2), (9, 3), (10, 2), (11, 3), (6, 4), (7, 5), (8, 4), (9, 5), (10, 4), (11, 5)]
length: 18 99
2*[T] vs T3fnT3: -0.0011653700314158992 0.0023307400698240233
Estimated difference between T3^fnT3 - (T2^WT3 + h.c.) is: 0.0011653700384081241 1.3580873264193526e-06
total cost: -2.824047941942797
singles alt: [(6, 0), (7, 1), (8, 0), (9, 1), (10, 0), (11, 1), (6, 2), (7, 3), (8, 2), (9, 3), (10, 2), (11, 3), (6, 4), (7, 5), (8, 4), (9, 5), (10, 4), (11, 5)]
length: 18 99
2*[T] vs T3fnT3: -0.0011653700296885953 0.0023307400663694156
Estimated difference between T3^fnT3 - (T2^WT3 + h.c.) is: 0.0011653700366808203 1.3580873223934565e-06
total cost: -2.8240479419820854
singles alt: [(6, 0), (7, 1), (8, 0), (9, 1), (10, 0), (11, 1), (6, 2), (7, 3), (8, 2), (9, 3), (10, 2), (11, 3), (6, 4), (7, 5), (8, 4), (9, 5), (10, 4), (11, 5)]
length: 18 99
2*[T] vs T3fnT3: -0.001165370031415899 0.002330740069824022
Estimated difference between T3^fnT3 - (T2^WT3 + h.c.) is: 0.001165370038408123 1.35808732641935e-06
total cost: -2.824047941942797
singles alt: [(6, 0), (7, 1), (8, 0), (9, 1), (10, 0), (11, 1), (6, 2), (7, 3), (8, 2), (9, 3), (10, 2), (11, 3), (6, 4), (7, 5), (8, 4), (9, 5), (10, 4), (11, 5)]
length: 18 99
2*[T] vs T3fnT3: -0.001165370028054264 0.002330740063100754
Estimated difference between T3^fnT3 - (T2^WT3 + h.c.) is: 0.0011653700350464902 1.3580873185842578e-06
total cost: -2.8240479419706688
singles alt: [(6, 0), (7, 1), (8, 0), (9, 1), (10, 0), (11, 1), (6, 2), (7, 3), (8, 2), (9, 3), (10, 2), (11, 3), (6, 4), (7, 5), (8, 4), (9, 5), (10, 4), (11, 5)]
length: 18 99
2*[T] vs T3fnT3: -0.0011653700314158994 0.002330740069824023
Estimated difference between T3^fnT3 - (T2^WT3 + h.c.) is: 0.0011653700384081235 1.3580873264193511e-06
total cost: -2.824047941942797
singles alt: [(6, 0), (7, 1), (8, 0), (9, 1), (10, 0), (11, 1), (6, 2), (7, 3), (8, 2), (9, 3), (10, 2), (11, 3), (6, 4), (7, 5), (8, 4), (9, 5), (10, 4), (11, 5)]
length: 18 99
2*[T] vs T3fnT3: -0.0011653700385948092 0.0023307400841818425
Estimated difference between T3^fnT3 - (T2^WT3 + h.c.) is: 0.0011653700455870333 1.358087343151524e-06
total cost: -2.8240479420122333
singles alt: [(6, 0), (7, 1), (8, 0), (9, 1), (10, 0), (11, 1), (6, 2), (7, 3), (8, 2), (9, 3), (10, 2), (11, 3), (6, 4), (7, 5), (8, 4), (9, 5), (10, 4), (11, 5)]
length: 18 99
2*[T] vs T3fnT3: -0.0011653700314158957 0.002330740069824015
Estimated difference between T3^fnT3 - (T2^WT3 + h.c.) is: 0.0011653700384081193 1.3580873264193416e-06
total cost: -2.8240479419427995
singles alt: [(6, 0), (7, 1), (8, 0), (9, 1), (10, 0), (11, 1), (6, 2), (7, 3), (8, 2), (9, 3), (10, 2), (11, 3), (6, 4), (7, 5), (8, 4), (9, 5), (10, 4), (11, 5)]
length: 18 99
2*[T] vs T3fnT3: -0.001165370029441642 0.002330740065875511
Estimated difference between T3^fnT3 - (T2^WT3 + h.c.) is: 0.0011653700364338692 1.3580873218178775e-06
total cost: -2.824047942040101
singles alt: [(6, 0), (7, 1), (8, 0), (9, 1), (10, 0), (11, 1), (6, 2), (7, 3), (8, 2), (9, 3), (10, 2), (11, 3), (6, 4), (7, 5), (8, 4), (9, 5), (10, 4), (11, 5)]
length: 18 99
2*[T] vs T3fnT3: -0.0011653700314158961 0.0023307400698240168
Estimated difference between T3^fnT3 - (T2^WT3 + h.c.) is: 0.0011653700384081206 1.3580873264193446e-06
total cost: -2.8240479419427995
singles alt: [(6, 0), (7, 1), (8, 0), (9, 1), (10, 0), (11, 1), (6, 2), (7, 3), (8, 2), (9, 3), (10, 2), (11, 3), (6, 4), (7, 5), (8, 4), (9, 5), (10, 4), (11, 5)]
length: 18 99
2*[T] vs T3fnT3: -0.0011653700456803555 0.002330740098352937
Estimated difference between T3^fnT3 - (T2^WT3 + h.c.) is: 0.0011653700526725813 1.358087359666095e-06
total cost: -2.824047941825786
singles alt: [(6, 0), (7, 1), (8, 0), (9, 1), (10, 0), (11, 1), (6, 2), (7, 3), (8, 2), (9, 3), (10, 2), (11, 3), (6, 4), (7, 5), (8, 4), (9, 5), (10, 4), (11, 5)]
length: 18 99
2*[T] vs T3fnT3: -0.0011653700314159016 0.002330740069824028
Estimated difference between T3^fnT3 - (T2^WT3 + h.c.) is: 0.0011653700384081265 1.3580873264193583e-06
total cost: -2.824047941942797
singles alt: [(6, 0), (7, 1), (8, 0), (9, 1), (10, 0), (11, 1), (6, 2), (7, 3), (8, 2), (9, 3), (10, 2), (11, 3), (6, 4), (7, 5), (8, 4), (9, 5), (10, 4), (11, 5)]
length: 18 99
2*[T] vs T3fnT3: -0.001165370029517476 0.002330740066027177
Estimated difference between T3^fnT3 - (T2^WT3 + h.c.) is: 0.0011653700365097013 1.3580873219946225e-06
total cost: -2.8240479420414766
singles alt: [(6, 0), (7, 1), (8, 0), (9, 1), (10, 0), (11, 1), (6, 2), (7, 3), (8, 2), (9, 3), (10, 2), (11, 3), (6, 4), (7, 5), (8, 4), (9, 5), (10, 4), (11, 5)]
length: 18 99
2*[T] vs T3fnT3: -0.001165370031415903 0.0023307400698240307
Estimated difference between T3^fnT3 - (T2^WT3 + h.c.) is: 0.0011653700384081276 1.3580873264193607e-06
total cost: -2.824047941942797
singles alt: [(6, 0), (7, 1), (8, 0), (9, 1), (10, 0), (11, 1), (6, 2), (7, 3), (8, 2), (9, 3), (10, 2), (11, 3), (6, 4), (7, 5), (8, 4), (9, 5), (10, 4), (11, 5)]
length: 18 99
2*[T] vs T3fnT3: -0.0011653700355182435 0.002330740078028714
Estimated difference between T3^fnT3 - (T2^WT3 + h.c.) is: 0.0011653700425104706 1.3580873359808562e-06
total cost: -2.824047941879073
singles alt: [(6, 0), (7, 1), (8, 0), (9, 1), (10, 0), (11, 1), (6, 2), (7, 3), (8, 2), (9, 3), (10, 2), (11, 3), (6, 4), (7, 5), (8, 4), (9, 5), (10, 4), (11, 5)]
length: 18 99
2*[T] vs T3fnT3: -0.0011653700308838625 0.0023307400687599495
Estimated difference between T3^fnT3 - (T2^WT3 + h.c.) is: 0.001165370037876087 1.3580873251793125e-06
total cost: -2.82404794192679
singles alt: [(6, 0), (7, 1), (8, 0), (9, 1), (10, 0), (11, 1), (6, 2), (7, 3), (8, 2), (9, 3), (10, 2), (11, 3), (6, 4), (7, 5), (8, 4), (9, 5), (10, 4), (11, 5)]
length: 18 99
2*[T] vs T3fnT3: -0.0011653700305558226 0.0023307400681038706
Estimated difference between T3^fnT3 - (T2^WT3 + h.c.) is: 0.001165370037548048 1.3580873244147388e-06
total cost: -2.8240479419293205
singles alt: [(6, 0), (7, 1), (8, 0), (9, 1), (10, 0), (11, 1), (6, 2), (7, 3), (8, 2), (9, 3), (10, 2), (11, 3), (6, 4), (7, 5), (8, 4), (9, 5), (10, 4), (11, 5)]
length: 18 99
2*[T] vs T3fnT3: -0.0011653700314158972 0.0023307400698240194
Estimated difference between T3^fnT3 - (T2^WT3 + h.c.) is: 0.0011653700384081222 1.3580873264193482e-06
total cost: -2.8240479419427973
singles alt: [(6, 0), (7, 1), (8, 0), (9, 1), (10, 0), (11, 1), (6, 2), (7, 3), (8, 2), (9, 3), (10, 2), (11, 3), (6, 4), (7, 5), (8, 4), (9, 5), (10, 4), (11, 5)]
length: 18 99
2*[T] vs T3fnT3: -0.0011653700314158961 0.0023307400698240176
Estimated difference between T3^fnT3 - (T2^WT3 + h.c.) is: 0.0011653700384081215 1.3580873264193467e-06
total cost: -2.8240479419427977
singles alt: [(6, 0), (7, 1), (8, 0), (9, 1), (10, 0), (11, 1), (6, 2), (7, 3), (8, 2), (9, 3), (10, 2), (11, 3), (6, 4), (7, 5), (8, 4), (9, 5), (10, 4), (11, 5)]
length: 18 99
2*[T] vs T3fnT3: -0.0011653700284665889 0.002330740063925403
Estimated difference between T3^fnT3 - (T2^WT3 + h.c.) is: 0.0011653700354588143 1.358087319545278e-06
total cost: -2.824047941981353
singles alt: [(6, 0), (7, 1), (8, 0), (9, 1), (10, 0), (11, 1), (6, 2), (7, 3), (8, 2), (9, 3), (10, 2), (11, 3), (6, 4), (7, 5), (8, 4), (9, 5), (10, 4), (11, 5)]
length: 18 99
2*[T] vs T3fnT3: -0.001165370028461242 0.0023307400639147086
Estimated difference between T3^fnT3 - (T2^WT3 + h.c.) is: 0.0011653700354534665 1.3580873195328138e-06
total cost: -2.824047941954573
singles alt: [(6, 0), (7, 1), (8, 0), (9, 1), (10, 0), (11, 1), (6, 2), (7, 3), (8, 2), (9, 3), (10, 2), (11, 3), (6, 4), (7, 5), (8, 4), (9, 5), (10, 4), (11, 5)]
length: 18 99
2*[T] vs T3fnT3: -0.0011653700314158968 0.0023307400698240194
Estimated difference between T3^fnT3 - (T2^WT3 + h.c.) is: 0.0011653700384081226 1.3580873264193492e-06
total cost: -2.8240479419427977
singles alt: [(6, 0), (7, 1), (8, 0), (9, 1), (10, 0), (11, 1), (6, 2), (7, 3), (8, 2), (9, 3), (10, 2), (11, 3), (6, 4), (7, 5), (8, 4), (9, 5), (10, 4), (11, 5)]
length: 18 99
2*[T] vs T3fnT3: -0.0011653700314158974 0.0023307400698240194
Estimated difference between T3^fnT3 - (T2^WT3 + h.c.) is: 0.001165370038408122 1.3580873264193475e-06
total cost: -2.824047941942798
singles alt: [(6, 0), (7, 1), (8, 0), (9, 1), (10, 0), (11, 1), (6, 2), (7, 3), (8, 2), (9, 3), (10, 2), (11, 3), (6, 4), (7, 5), (8, 4), (9, 5), (10, 4), (11, 5)]
length: 18 99
2*[T] vs T3fnT3: -0.001165370035997545 0.0023307400789873145
Estimated difference between T3^fnT3 - (T2^WT3 + h.c.) is: 0.0011653700429897695 1.3580873370979772e-06
total cost: -2.8240479420025237
singles alt: [(6, 0), (7, 1), (8, 0), (9, 1), (10, 0), (11, 1), (6, 2), (7, 3), (8, 2), (9, 3), (10, 2), (11, 3), (6, 4), (7, 5), (8, 4), (9, 5), (10, 4), (11, 5)]
length: 18 99
2*[T] vs T3fnT3: -0.0011653700358549219 0.002330740078702069
Estimated difference between T3^fnT3 - (T2^WT3 + h.c.) is: 0.0011653700428471473 1.358087336765562e-06
total cost: -2.824047942022521
singles alt: [(6, 0), (7, 1), (8, 0), (9, 1), (10, 0), (11, 1), (6, 2), (7, 3), (8, 2), (9, 3), (10, 2), (11, 3), (6, 4), (7, 5), (8, 4), (9, 5), (10, 4), (11, 5)]
length: 18 99
2*[T] vs T3fnT3: -0.0011653700314158979 0.0023307400698240202
Estimated difference between T3^fnT3 - (T2^WT3 + h.c.) is: 0.0011653700384081224 1.3580873264193486e-06
total cost: -2.824047941942798
singles alt: [(6, 0), (7, 1), (8, 0), (9, 1), (10, 0), (11, 1), (6, 2), (7, 3), (8, 2), (9, 3), (10, 2), (11, 3), (6, 4), (7, 5), (8, 4), (9, 5), (10, 4), (11, 5)]
length: 18 99
2*[T] vs T3fnT3: -0.0011653700314158977 0.0023307400698240202
Estimated difference between T3^fnT3 - (T2^WT3 + h.c.) is: 0.0011653700384081226 1.3580873264193492e-06
total cost: -2.8240479419427977
singles alt: [(6, 0), (7, 1), (8, 0), (9, 1), (10, 0), (11, 1), (6, 2), (7, 3), (8, 2), (9, 3), (10, 2), (11, 3), (6, 4), (7, 5), (8, 4), (9, 5), (10, 4), (11, 5)]
length: 18 99
2*[T] vs T3fnT3: -0.0011653700339367527 0.0023307400748657304
Estimated difference between T3^fnT3 - (T2^WT3 + h.c.) is: 0.0011653700409289776 1.358087332294807e-06
total cost: -2.82404794194011
singles alt: [(6, 0), (7, 1), (8, 0), (9, 1), (10, 0), (11, 1), (6, 2), (7, 3), (8, 2), (9, 3), (10, 2), (11, 3), (6, 4), (7, 5), (8, 4), (9, 5), (10, 4), (11, 5)]
length: 18 99
2*[T] vs T3fnT3: -0.0011653700337008771 0.00233074007439398
Estimated difference between T3^fnT3 - (T2^WT3 + h.c.) is: 0.001165370040693103 1.3580873317450445e-06
total cost: -2.824047941941986
singles alt: [(6, 0), (7, 1), (8, 0), (9, 1), (10, 0), (11, 1), (6, 2), (7, 3), (8, 2), (9, 3), (10, 2), (11, 3), (6, 4), (7, 5), (8, 4), (9, 5), (10, 4), (11, 5)]
length: 18 99
2*[T] vs T3fnT3: -0.0011653700314158944 0.0023307400698240133
Estimated difference between T3^fnT3 - (T2^WT3 + h.c.) is: 0.001165370038408119 1.3580873264193405e-06
total cost: -2.8240479419427986
singles alt: [(6, 0), (7, 1), (8, 0), (9, 1), (10, 0), (11, 1), (6, 2), (7, 3), (8, 2), (9, 3), (10, 2), (11, 3), (6, 4), (7, 5), (8, 4), (9, 5), (10, 4), (11, 5)]
length: 18 99
2*[T] vs T3fnT3: -0.0011653700314158957 0.0023307400698240155
Estimated difference between T3^fnT3 - (T2^WT3 + h.c.) is: 0.0011653700384081198 1.3580873264193427e-06
total cost: -2.824047941942798
singles alt: [(6, 0), (7, 1), (8, 0), (9, 1), (10, 0), (11, 1), (6, 2), (7, 3), (8, 2), (9, 3), (10, 2), (11, 3), (6, 4), (7, 5), (8, 4), (9, 5), (10, 4), (11, 5)]
length: 18 99
2*[T] vs T3fnT3: -0.0011653700336571725 0.0023307400743065704
Estimated difference between T3^fnT3 - (T2^WT3 + h.c.) is: 0.001165370040649398 1.3580873316431793e-06
total cost: -2.824047941929982
singles alt: [(6, 0), (7, 1), (8, 0), (9, 1), (10, 0), (11, 1), (6, 2), (7, 3), (8, 2), (9, 3), (10, 2), (11, 3), (6, 4), (7, 5), (8, 4), (9, 5), (10, 4), (11, 5)]
length: 18 99
2*[T] vs T3fnT3: -0.0011653700335563985 0.002330740074105022
Estimated difference between T3^fnT3 - (T2^WT3 + h.c.) is: 0.0011653700405486235 1.3580873314083002e-06
total cost: -2.8240479419523297
singles alt: [(6, 0), (7, 1), (8, 0), (9, 1), (10, 0), (11, 1), (6, 2), (7, 3), (8, 2), (9, 3), (10, 2), (11, 3), (6, 4), (7, 5), (8, 4), (9, 5), (10, 4), (11, 5)]
length: 18 99
2*[T] vs T3fnT3: -0.001165370031415898 0.002330740069824021
Estimated difference between T3^fnT3 - (T2^WT3 + h.c.) is: 0.001165370038408123 1.35808732641935e-06
total cost: -2.824047941942796
singles alt: [(6, 0), (7, 1), (8, 0), (9, 1), (10, 0), (11, 1), (6, 2), (7, 3), (8, 2), (9, 3), (10, 2), (11, 3), (6, 4), (7, 5), (8, 4), (9, 5), (10, 4), (11, 5)]
length: 18 99
2*[T] vs T3fnT3: -0.001165370031415898 0.002330740069824021
Estimated difference between T3^fnT3 - (T2^WT3 + h.c.) is: 0.001165370038408123 1.35808732641935e-06
total cost: -2.8240479419427973
singles alt: [(6, 0), (7, 1), (8, 0), (9, 1), (10, 0), (11, 1), (6, 2), (7, 3), (8, 2), (9, 3), (10, 2), (11, 3), (6, 4), (7, 5), (8, 4), (9, 5), (10, 4), (11, 5)]
length: 18 99
2*[T] vs T3fnT3: -0.001165370031415898 0.002330740069824021
Estimated difference between T3^fnT3 - (T2^WT3 + h.c.) is: 0.001165370038408123 1.35808732641935e-06
total cost: -2.8240479418510205
singles alt: [(6, 0), (7, 1), (8, 0), (9, 1), (10, 0), (11, 1), (6, 2), (7, 3), (8, 2), (9, 3), (10, 2), (11, 3), (6, 4), (7, 5), (8, 4), (9, 5), (10, 4), (11, 5)]
length: 18 99
2*[T] vs T3fnT3: -0.001165370031415898 0.002330740069824021
Estimated difference between T3^fnT3 - (T2^WT3 + h.c.) is: 0.001165370038408123 1.35808732641935e-06
total cost: -2.824047941847706
singles alt: [(6, 0), (7, 1), (8, 0), (9, 1), (10, 0), (11, 1), (6, 2), (7, 3), (8, 2), (9, 3), (10, 2), (11, 3), (6, 4), (7, 5), (8, 4), (9, 5), (10, 4), (11, 5)]
length: 18 99
2*[T] vs T3fnT3: -0.001165370031415898 0.002330740069824021
Estimated difference between T3^fnT3 - (T2^WT3 + h.c.) is: 0.001165370038408123 1.35808732641935e-06
total cost: -2.824047941942799
singles alt: [(6, 0), (7, 1), (8, 0), (9, 1), (10, 0), (11, 1), (6, 2), (7, 3), (8, 2), (9, 3), (10, 2), (11, 3), (6, 4), (7, 5), (8, 4), (9, 5), (10, 4), (11, 5)]
length: 18 99
2*[T] vs T3fnT3: -0.001165370031415898 0.002330740069824021
Estimated difference between T3^fnT3 - (T2^WT3 + h.c.) is: 0.001165370038408123 1.35808732641935e-06
total cost: -2.824047941942798
singles alt: [(6, 0), (7, 1), (8, 0), (9, 1), (10, 0), (11, 1), (6, 2), (7, 3), (8, 2), (9, 3), (10, 2), (11, 3), (6, 4), (7, 5), (8, 4), (9, 5), (10, 4), (11, 5)]
length: 18 99
2*[T] vs T3fnT3: -0.001165370031415898 0.002330740069824021
Estimated difference between T3^fnT3 - (T2^WT3 + h.c.) is: 0.001165370038408123 1.35808732641935e-06
total cost: -2.824047942103264
singles alt: [(6, 0), (7, 1), (8, 0), (9, 1), (10, 0), (11, 1), (6, 2), (7, 3), (8, 2), (9, 3), (10, 2), (11, 3), (6, 4), (7, 5), (8, 4), (9, 5), (10, 4), (11, 5)]
length: 18 99
2*[T] vs T3fnT3: -0.001165370031415898 0.002330740069824021
Estimated difference between T3^fnT3 - (T2^WT3 + h.c.) is: 0.001165370038408123 1.35808732641935e-06
total cost: -2.82404794209694
singles alt: [(6, 0), (7, 1), (8, 0), (9, 1), (10, 0), (11, 1), (6, 2), (7, 3), (8, 2), (9, 3), (10, 2), (11, 3), (6, 4), (7, 5), (8, 4), (9, 5), (10, 4), (11, 5)]
length: 18 99
2*[T] vs T3fnT3: -0.001165370031415898 0.002330740069824021
Estimated difference between T3^fnT3 - (T2^WT3 + h.c.) is: 0.001165370038408123 1.35808732641935e-06
total cost: -2.8240479419427995
singles alt: [(6, 0), (7, 1), (8, 0), (9, 1), (10, 0), (11, 1), (6, 2), (7, 3), (8, 2), (9, 3), (10, 2), (11, 3), (6, 4), (7, 5), (8, 4), (9, 5), (10, 4), (11, 5)]
length: 18 99
2*[T] vs T3fnT3: -0.001165370031415898 0.002330740069824021
Estimated difference between T3^fnT3 - (T2^WT3 + h.c.) is: 0.001165370038408123 1.35808732641935e-06
total cost: -2.8240479419428
singles alt: [(6, 0), (7, 1), (8, 0), (9, 1), (10, 0), (11, 1), (6, 2), (7, 3), (8, 2), (9, 3), (10, 2), (11, 3), (6, 4), (7, 5), (8, 4), (9, 5), (10, 4), (11, 5)]
length: 18 99
2*[T] vs T3fnT3: -0.001165370031415898 0.002330740069824021
Estimated difference between T3^fnT3 - (T2^WT3 + h.c.) is: 0.001165370038408123 1.35808732641935e-06
total cost: -2.8240479420188302
singles alt: [(6, 0), (7, 1), (8, 0), (9, 1), (10, 0), (11, 1), (6, 2), (7, 3), (8, 2), (9, 3), (10, 2), (11, 3), (6, 4), (7, 5), (8, 4), (9, 5), (10, 4), (11, 5)]
length: 18 99
2*[T] vs T3fnT3: -0.001165370031415898 0.002330740069824021
Estimated difference between T3^fnT3 - (T2^WT3 + h.c.) is: 0.001165370038408123 1.35808732641935e-06
total cost: -2.8240479420232987
singles alt: [(6, 0), (7, 1), (8, 0), (9, 1), (10, 0), (11, 1), (6, 2), (7, 3), (8, 2), (9, 3), (10, 2), (11, 3), (6, 4), (7, 5), (8, 4), (9, 5), (10, 4), (11, 5)]
length: 18 99
2*[T] vs T3fnT3: -0.001165370031415898 0.002330740069824021
Estimated difference between T3^fnT3 - (T2^WT3 + h.c.) is: 0.001165370038408123 1.35808732641935e-06
total cost: -2.8240479419427995
singles alt: [(6, 0), (7, 1), (8, 0), (9, 1), (10, 0), (11, 1), (6, 2), (7, 3), (8, 2), (9, 3), (10, 2), (11, 3), (6, 4), (7, 5), (8, 4), (9, 5), (10, 4), (11, 5)]
length: 18 99
2*[T] vs T3fnT3: -0.001165370031415898 0.002330740069824021
Estimated difference between T3^fnT3 - (T2^WT3 + h.c.) is: 0.001165370038408123 1.35808732641935e-06
total cost: -2.824047941942799
singles alt: [(6, 0), (7, 1), (8, 0), (9, 1), (10, 0), (11, 1), (6, 2), (7, 3), (8, 2), (9, 3), (10, 2), (11, 3), (6, 4), (7, 5), (8, 4), (9, 5), (10, 4), (11, 5)]
length: 18 99
2*[T] vs T3fnT3: -0.001165370031415898 0.002330740069824021
Estimated difference between T3^fnT3 - (T2^WT3 + h.c.) is: 0.001165370038408123 1.35808732641935e-06
total cost: -2.824047941802772
singles alt: [(6, 0), (7, 1), (8, 0), (9, 1), (10, 0), (11, 1), (6, 2), (7, 3), (8, 2), (9, 3), (10, 2), (11, 3), (6, 4), (7, 5), (8, 4), (9, 5), (10, 4), (11, 5)]
length: 18 99
2*[T] vs T3fnT3: -0.001165370031415898 0.002330740069824021
Estimated difference between T3^fnT3 - (T2^WT3 + h.c.) is: 0.001165370038408123 1.35808732641935e-06
total cost: -2.8240479417986943
singles alt: [(6, 0), (7, 1), (8, 0), (9, 1), (10, 0), (11, 1), (6, 2), (7, 3), (8, 2), (9, 3), (10, 2), (11, 3), (6, 4), (7, 5), (8, 4), (9, 5), (10, 4), (11, 5)]
length: 18 99
2*[T] vs T3fnT3: -0.001165370031415898 0.002330740069824021
Estimated difference between T3^fnT3 - (T2^WT3 + h.c.) is: 0.001165370038408123 1.35808732641935e-06
total cost: -2.824047941942797
singles alt: [(6, 0), (7, 1), (8, 0), (9, 1), (10, 0), (11, 1), (6, 2), (7, 3), (8, 2), (9, 3), (10, 2), (11, 3), (6, 4), (7, 5), (8, 4), (9, 5), (10, 4), (11, 5)]
length: 18 99
2*[T] vs T3fnT3: -0.001165370031415898 0.002330740069824021
Estimated difference between T3^fnT3 - (T2^WT3 + h.c.) is: 0.001165370038408123 1.35808732641935e-06
total cost: -2.8240479419427964
singles alt: [(6, 0), (7, 1), (8, 0), (9, 1), (10, 0), (11, 1), (6, 2), (7, 3), (8, 2), (9, 3), (10, 2), (11, 3), (6, 4), (7, 5), (8, 4), (9, 5), (10, 4), (11, 5)]
callback: energy=-2.825213311981
singles alt: [(6, 0), (7, 1), (8, 0), (9, 1), (10, 0), (11, 1), (6, 2), (7, 3), (8, 2), (9, 3), (10, 2), (11, 3), (6, 4), (7, 5), (8, 4), (9, 5), (10, 4), (11, 5)]
length: 18 99
2*[T] vs T3fnT3: -0.0011015866098585687 0.0022031732263266615
Estimated difference between T3^fnT3 - (T2^WT3 + h.c.) is: 0.0011015866164680928 1.213493073581621e-06
total cost: -2.8250651464669896
singles alt: [(6, 0), (7, 1), (8, 0), (9, 1), (10, 0), (11, 1), (6, 2), (7, 3), (8, 2), (9, 3), (10, 2), (11, 3), (6, 4), (7, 5), (8, 4), (9, 5), (10, 4), (11, 5)]
length: 18 99
2*[T] vs T3fnT3: -0.0011015866120693961 0.002203173230748317
Estimated difference between T3^fnT3 - (T2^WT3 + h.c.) is: 0.0011015866186789207 1.2134930784524579e-06
total cost: -2.8250651467594334
singles alt: [(6, 0), (7, 1), (8, 0), (9, 1), (10, 0), (11, 1), (6, 2), (7, 3), (8, 2), (9, 3), (10, 2), (11, 3), (6, 4), (7, 5), (8, 4), (9, 5), (10, 4), (11, 5)]
length: 18 99
2*[T] vs T3fnT3: -0.001101586609858572 0.0022031732263266693
Estimated difference between T3^fnT3 - (T2^WT3 + h.c.) is: 0.0011015866164680974 1.2134930735816311e-06
total cost: -2.8250651464669874
singles alt: [(6, 0), (7, 1), (8, 0), (9, 1), (10, 0), (11, 1), (6, 2), (7, 3), (8, 2), (9, 3), (10, 2), (11, 3), (6, 4), (7, 5), (8, 4), (9, 5), (10, 4), (11, 5)]
length: 18 99
2*[T] vs T3fnT3: -0.0011015866093713768 0.0022031732253522777
Estimated difference between T3^fnT3 - (T2^WT3 + h.c.) is: 0.001101586615980901 1.213493072508253e-06
total cost: -2.825065146278966
singles alt: [(6, 0), (7, 1), (8, 0), (9, 1), (10, 0), (11, 1), (6, 2), (7, 3), (8, 2), (9, 3), (10, 2), (11, 3), (6, 4), (7, 5), (8, 4), (9, 5), (10, 4), (11, 5)]
length: 18 99
2*[T] vs T3fnT3: -0.0011015866098585732 0.002203173226326672
Estimated difference between T3^fnT3 - (T2^WT3 + h.c.) is: 0.0011015866164680987 1.2134930735816339e-06
total cost: -2.825065146466987
singles alt: [(6, 0), (7, 1), (8, 0), (9, 1), (10, 0), (11, 1), (6, 2), (7, 3), (8, 2), (9, 3), (10, 2), (11, 3), (6, 4), (7, 5), (8, 4), (9, 5), (10, 4), (11, 5)]
length: 18 99
2*[T] vs T3fnT3: -0.0011015866141832135 0.002203173234975953
Estimated difference between T3^fnT3 - (T2^WT3 + h.c.) is: 0.0011015866207927394 1.2134930831095666e-06
total cost: -2.825065146836244
singles alt: [(6, 0), (7, 1), (8, 0), (9, 1), (10, 0), (11, 1), (6, 2), (7, 3), (8, 2), (9, 3), (10, 2), (11, 3), (6, 4), (7, 5), (8, 4), (9, 5), (10, 4), (11, 5)]
length: 18 99
2*[T] vs T3fnT3: -0.001101586609858564 0.002203173226326652
Estimated difference between T3^fnT3 - (T2^WT3 + h.c.) is: 0.001101586616468088 1.2134930735816106e-06
total cost: -2.825065146466993
singles alt: [(6, 0), (7, 1), (8, 0), (9, 1), (10, 0), (11, 1), (6, 2), (7, 3), (8, 2), (9, 3), (10, 2), (11, 3), (6, 4), (7, 5), (8, 4), (9, 5), (10, 4), (11, 5)]
length: 18 99
2*[T] vs T3fnT3: -0.0011015866094342484 0.0022031732254780218
Estimated difference between T3^fnT3 - (T2^WT3 + h.c.) is: 0.0011015866160437734 1.2134930726467719e-06
total cost: -2.825065146276794
singles alt: [(6, 0), (7, 1), (8, 0), (9, 1), (10, 0), (11, 1), (6, 2), (7, 3), (8, 2), (9, 3), (10, 2), (11, 3), (6, 4), (7, 5), (8, 4), (9, 5), (10, 4), (11, 5)]
length: 18 99
2*[T] vs T3fnT3: -0.0011015866098585657 0.002203173226326657
Estimated difference between T3^fnT3 - (T2^WT3 + h.c.) is: 0.0011015866164680915 1.2134930735816182e-06
total cost: -2.825065146466992
singles alt: [(6, 0), (7, 1), (8, 0), (9, 1), (10, 0), (11, 1), (6, 2), (7, 3), (8, 2), (9, 3), (10, 2), (11, 3), (6, 4), (7, 5), (8, 4), (9, 5), (10, 4), (11, 5)]
length: 18 99
2*[T] vs T3fnT3: -0.001101586615794282 0.0022031732381980894
Estimated difference between T3^fnT3 - (T2^WT3 + h.c.) is: 0.0011015866224038074 1.2134930866590285e-06
total cost: -2.825065146791433
singles alt: [(6, 0), (7, 1), (8, 0), (9, 1), (10, 0), (11, 1), (6, 2), (7, 3), (8, 2), (9, 3), (10, 2), (11, 3), (6, 4), (7, 5), (8, 4), (9, 5), (10, 4), (11, 5)]
length: 18 99
2*[T] vs T3fnT3: -0.0011015866098585706 0.0022031732263266663
Estimated difference between T3^fnT3 - (T2^WT3 + h.c.) is: 0.0011015866164680956 1.2134930735816273e-06
total cost: -2.8250651464669887
singles alt: [(6, 0), (7, 1), (8, 0), (9, 1), (10, 0), (11, 1), (6, 2), (7, 3), (8, 2), (9, 3), (10, 2), (11, 3), (6, 4), (7, 5), (8, 4), (9, 5), (10, 4), (11, 5)]
length: 18 99
2*[T] vs T3fnT3: -0.0011015866047322266 0.002203173216073979
Estimated difference between T3^fnT3 - (T2^WT3 + h.c.) is: 0.0011015866113417525 1.2134930622874052e-06
total cost: -2.825065146644245
singles alt: [(6, 0), (7, 1), (8, 0), (9, 1), (10, 0), (11, 1), (6, 2), (7, 3), (8, 2), (9, 3), (10, 2), (11, 3), (6, 4), (7, 5), (8, 4), (9, 5), (10, 4), (11, 5)]
length: 18 99
2*[T] vs T3fnT3: -0.0011015866098585706 0.0022031732263266663
Estimated difference between T3^fnT3 - (T2^WT3 + h.c.) is: 0.0011015866164680956 1.2134930735816273e-06
total cost: -2.825065146466989
singles alt: [(6, 0), (7, 1), (8, 0), (9, 1), (10, 0), (11, 1), (6, 2), (7, 3), (8, 2), (9, 3), (10, 2), (11, 3), (6, 4), (7, 5), (8, 4), (9, 5), (10, 4), (11, 5)]
length: 18 99
2*[T] vs T3fnT3: -0.0011015866094701194 0.0022031732255497643
Estimated difference between T3^fnT3 - (T2^WT3 + h.c.) is: 0.0011015866160796449 1.2134930727258028e-06
total cost: -2.8250651465649526
singles alt: [(6, 0), (7, 1), (8, 0), (9, 1), (10, 0), (11, 1), (6, 2), (7, 3), (8, 2), (9, 3), (10, 2), (11, 3), (6, 4), (7, 5), (8, 4), (9, 5), (10, 4), (11, 5)]
length: 18 99
2*[T] vs T3fnT3: -0.0011015866098585717 0.0022031732263266685
Estimated difference between T3^fnT3 - (T2^WT3 + h.c.) is: 0.0011015866164680967 1.2134930735816297e-06
total cost: -2.825065146466988
singles alt: [(6, 0), (7, 1), (8, 0), (9, 1), (10, 0), (11, 1), (6, 2), (7, 3), (8, 2), (9, 3), (10, 2), (11, 3), (6, 4), (7, 5), (8, 4), (9, 5), (10, 4), (11, 5)]
length: 18 99
2*[T] vs T3fnT3: -0.001101586619633777 0.0022031732458770792
Estimated difference between T3^fnT3 - (T2^WT3 + h.c.) is: 0.0011015866262433023 1.2134930951181011e-06
total cost: -2.8250651464404153
singles alt: [(6, 0), (7, 1), (8, 0), (9, 1), (10, 0), (11, 1), (6, 2), (7, 3), (8, 2), (9, 3), (10, 2), (11, 3), (6, 4), (7, 5), (8, 4), (9, 5), (10, 4), (11, 5)]
length: 18 99
2*[T] vs T3fnT3: -0.0011015866098585693 0.0022031732263266637
Estimated difference between T3^fnT3 - (T2^WT3 + h.c.) is: 0.0011015866164680943 1.2134930735816244e-06
total cost: -2.8250651464669896
singles alt: [(6, 0), (7, 1), (8, 0), (9, 1), (10, 0), (11, 1), (6, 2), (7, 3), (8, 2), (9, 3), (10, 2), (11, 3), (6, 4), (7, 5), (8, 4), (9, 5), (10, 4), (11, 5)]
length: 18 99
2*[T] vs T3fnT3: -0.0011015866141447154 0.002203173234898956
Estimated difference between T3^fnT3 - (T2^WT3 + h.c.) is: 0.0011015866207542404 1.2134930830247468e-06
total cost: -2.82506514650639
singles alt: [(6, 0), (7, 1), (8, 0), (9, 1), (10, 0), (11, 1), (6, 2), (7, 3), (8, 2), (9, 3), (10, 2), (11, 3), (6, 4), (7, 5), (8, 4), (9, 5), (10, 4), (11, 5)]
length: 18 99
2*[T] vs T3fnT3: -0.0011015866098585698 0.0022031732263266637
Estimated difference between T3^fnT3 - (T2^WT3 + h.c.) is: 0.001101586616468094 1.2134930735816235e-06
total cost: -2.825065146466987
singles alt: [(6, 0), (7, 1), (8, 0), (9, 1), (10, 0), (11, 1), (6, 2), (7, 3), (8, 2), (9, 3), (10, 2), (11, 3), (6, 4), (7, 5), (8, 4), (9, 5), (10, 4), (11, 5)]
length: 18 99
2*[T] vs T3fnT3: -0.001101586611617407 0.002203173229844339
Estimated difference between T3^fnT3 - (T2^WT3 + h.c.) is: 0.001101586618226932 1.2134930774566485e-06
total cost: -2.825065146496995
singles alt: [(6, 0), (7, 1), (8, 0), (9, 1), (10, 0), (11, 1), (6, 2), (7, 3), (8, 2), (9, 3), (10, 2), (11, 3), (6, 4), (7, 5), (8, 4), (9, 5), (10, 4), (11, 5)]
length: 18 99
2*[T] vs T3fnT3: -0.0011015866098585691 0.0022031732263266637
Estimated difference between T3^fnT3 - (T2^WT3 + h.c.) is: 0.0011015866164680946 1.2134930735816248e-06
total cost: -2.82506514646699
singles alt: [(6, 0), (7, 1), (8, 0), (9, 1), (10, 0), (11, 1), (6, 2), (7, 3), (8, 2), (9, 3), (10, 2), (11, 3), (6, 4), (7, 5), (8, 4), (9, 5), (10, 4), (11, 5)]
length: 18 99
2*[T] vs T3fnT3: -0.0011015866205998375 0.0022031732478091995
Estimated difference between T3^fnT3 - (T2^WT3 + h.c.) is: 0.001101586627209362 1.213493097246498e-06
total cost: -2.8250651464569163
singles alt: [(6, 0), (7, 1), (8, 0), (9, 1), (10, 0), (11, 1), (6, 2), (7, 3), (8, 2), (9, 3), (10, 2), (11, 3), (6, 4), (7, 5), (8, 4), (9, 5), (10, 4), (11, 5)]
length: 18 99
2*[T] vs T3fnT3: -0.0011015866098585696 0.0022031732263266633
Estimated difference between T3^fnT3 - (T2^WT3 + h.c.) is: 0.0011015866164680937 1.2134930735816229e-06
total cost: -2.8250651464669887
singles alt: [(6, 0), (7, 1), (8, 0), (9, 1), (10, 0), (11, 1), (6, 2), (7, 3), (8, 2), (9, 3), (10, 2), (11, 3), (6, 4), (7, 5), (8, 4), (9, 5), (10, 4), (11, 5)]
length: 18 99
2*[T] vs T3fnT3: -0.0011015866098024996 0.0022031732262145242
Estimated difference between T3^fnT3 - (T2^WT3 + h.c.) is: 0.0011015866164120246 1.213493073458093e-06
total cost: -2.8250651464664327
singles alt: [(6, 0), (7, 1), (8, 0), (9, 1), (10, 0), (11, 1), (6, 2), (7, 3), (8, 2), (9, 3), (10, 2), (11, 3), (6, 4), (7, 5), (8, 4), (9, 5), (10, 4), (11, 5)]
length: 18 99
2*[T] vs T3fnT3: -0.0011015866098585674 0.0022031732263266598
Estimated difference between T3^fnT3 - (T2^WT3 + h.c.) is: 0.0011015866164680924 1.2134930735816201e-06
total cost: -2.8250651464669896
singles alt: [(6, 0), (7, 1), (8, 0), (9, 1), (10, 0), (11, 1), (6, 2), (7, 3), (8, 2), (9, 3), (10, 2), (11, 3), (6, 4), (7, 5), (8, 4), (9, 5), (10, 4), (11, 5)]
length: 18 99
2*[T] vs T3fnT3: -0.0011015866150332558 0.002203173236676037
Estimated difference between T3^fnT3 - (T2^WT3 + h.c.) is: 0.0011015866216427812 1.213493084982356e-06
total cost: -2.8250651465385457
singles alt: [(6, 0), (7, 1), (8, 0), (9, 1), (10, 0), (11, 1), (6, 2), (7, 3), (8, 2), (9, 3), (10, 2), (11, 3), (6, 4), (7, 5), (8, 4), (9, 5), (10, 4), (11, 5)]
length: 18 99
2*[T] vs T3fnT3: -0.001101586609858567 0.0022031732263266593
Estimated difference between T3^fnT3 - (T2^WT3 + h.c.) is: 0.0011015866164680924 1.2134930735816201e-06
total cost: -2.8250651464669896
singles alt: [(6, 0), (7, 1), (8, 0), (9, 1), (10, 0), (11, 1), (6, 2), (7, 3), (8, 2), (9, 3), (10, 2), (11, 3), (6, 4), (7, 5), (8, 4), (9, 5), (10, 4), (11, 5)]
length: 18 99
2*[T] vs T3fnT3: -0.0011015866081681364 0.0022031732229457987
Estimated difference between T3^fnT3 - (T2^WT3 + h.c.) is: 0.0011015866147776623 1.2134930698573096e-06
total cost: -2.8250651465916374
singles alt: [(6, 0), (7, 1), (8, 0), (9, 1), (10, 0), (11, 1), (6, 2), (7, 3), (8, 2), (9, 3), (10, 2), (11, 3), (6, 4), (7, 5), (8, 4), (9, 5), (10, 4), (11, 5)]
length: 18 99
2*[T] vs T3fnT3: -0.0011015866098585687 0.0022031732263266615
Estimated difference between T3^fnT3 - (T2^WT3 + h.c.) is: 0.0011015866164680928 1.213493073581621e-06
total cost: -2.825065146466988
singles alt: [(6, 0), (7, 1), (8, 0), (9, 1), (10, 0), (11, 1), (6, 2), (7, 3), (8, 2), (9, 3), (10, 2), (11, 3), (6, 4), (7, 5), (8, 4), (9, 5), (10, 4), (11, 5)]
length: 18 99
2*[T] vs T3fnT3: -0.0011015866094894865 0.0022031732255884994
Estimated difference between T3^fnT3 - (T2^WT3 + h.c.) is: 0.0011015866160990128 1.2134930727684738e-06
total cost: -2.825065146573107
singles alt: [(6, 0), (7, 1), (8, 0), (9, 1), (10, 0), (11, 1), (6, 2), (7, 3), (8, 2), (9, 3), (10, 2), (11, 3), (6, 4), (7, 5), (8, 4), (9, 5), (10, 4), (11, 5)]
length: 18 99
2*[T] vs T3fnT3: -0.0011015866098585737 0.002203173226326672
Estimated difference between T3^fnT3 - (T2^WT3 + h.c.) is: 0.0011015866164680982 1.213493073581633e-06
total cost: -2.825065146466988
singles alt: [(6, 0), (7, 1), (8, 0), (9, 1), (10, 0), (11, 1), (6, 2), (7, 3), (8, 2), (9, 3), (10, 2), (11, 3), (6, 4), (7, 5), (8, 4), (9, 5), (10, 4), (11, 5)]
length: 18 99
2*[T] vs T3fnT3: -0.001101586604778325 0.0022031732161661753
Estimated difference between T3^fnT3 - (T2^WT3 + h.c.) is: 0.0011015866113878504 1.213493062388967e-06
total cost: -2.8250651466137318
singles alt: [(6, 0), (7, 1), (8, 0), (9, 1), (10, 0), (11, 1), (6, 2), (7, 3), (8, 2), (9, 3), (10, 2), (11, 3), (6, 4), (7, 5), (8, 4), (9, 5), (10, 4), (11, 5)]
length: 18 99
2*[T] vs T3fnT3: -0.0011015866098585687 0.002203173226326663
Estimated difference between T3^fnT3 - (T2^WT3 + h.c.) is: 0.0011015866164680941 1.213493073581624e-06
total cost: -2.8250651464669887
singles alt: [(6, 0), (7, 1), (8, 0), (9, 1), (10, 0), (11, 1), (6, 2), (7, 3), (8, 2), (9, 3), (10, 2), (11, 3), (6, 4), (7, 5), (8, 4), (9, 5), (10, 4), (11, 5)]
length: 18 99
2*[T] vs T3fnT3: -0.0011015866145338295 0.0022031732356771845
Estimated difference between T3^fnT3 - (T2^WT3 + h.c.) is: 0.001101586621143355 1.2134930838820335e-06
total cost: -2.8250651464369745
singles alt: [(6, 0), (7, 1), (8, 0), (9, 1), (10, 0), (11, 1), (6, 2), (7, 3), (8, 2), (9, 3), (10, 2), (11, 3), (6, 4), (7, 5), (8, 4), (9, 5), (10, 4), (11, 5)]
length: 18 99
2*[T] vs T3fnT3: -0.0011015866098585706 0.0022031732263266654
Estimated difference between T3^fnT3 - (T2^WT3 + h.c.) is: 0.0011015866164680948 1.2134930735816254e-06
total cost: -2.8250651464669883
singles alt: [(6, 0), (7, 1), (8, 0), (9, 1), (10, 0), (11, 1), (6, 2), (7, 3), (8, 2), (9, 3), (10, 2), (11, 3), (6, 4), (7, 5), (8, 4), (9, 5), (10, 4), (11, 5)]
length: 18 99
2*[T] vs T3fnT3: -0.001101586620044964 0.002203173246699453
Estimated difference between T3^fnT3 - (T2^WT3 + h.c.) is: 0.001101586626654489 1.2134930960240166e-06
total cost: -2.8250651464250907
singles alt: [(6, 0), (7, 1), (8, 0), (9, 1), (10, 0), (11, 1), (6, 2), (7, 3), (8, 2), (9, 3), (10, 2), (11, 3), (6, 4), (7, 5), (8, 4), (9, 5), (10, 4), (11, 5)]
length: 18 99
2*[T] vs T3fnT3: -0.001101586609858572 0.0022031732263266693
Estimated difference between T3^fnT3 - (T2^WT3 + h.c.) is: 0.0011015866164680974 1.2134930735816311e-06
total cost: -2.825065146466986
singles alt: [(6, 0), (7, 1), (8, 0), (9, 1), (10, 0), (11, 1), (6, 2), (7, 3), (8, 2), (9, 3), (10, 2), (11, 3), (6, 4), (7, 5), (8, 4), (9, 5), (10, 4), (11, 5)]
length: 18 99
2*[T] vs T3fnT3: -0.0011015866173429453 0.0022031732412954143
Estimated difference between T3^fnT3 - (T2^WT3 + h.c.) is: 0.001101586623952469 1.2134930900709983e-06
total cost: -2.8250651464206036
singles alt: [(6, 0), (7, 1), (8, 0), (9, 1), (10, 0), (11, 1), (6, 2), (7, 3), (8, 2), (9, 3), (10, 2), (11, 3), (6, 4), (7, 5), (8, 4), (9, 5), (10, 4), (11, 5)]
length: 18 99
2*[T] vs T3fnT3: -0.0011015866098585674 0.00220317322632666
Estimated difference between T3^fnT3 - (T2^WT3 + h.c.) is: 0.0011015866164680928 1.213493073581621e-06
total cost: -2.8250651464669887
singles alt: [(6, 0), (7, 1), (8, 0), (9, 1), (10, 0), (11, 1), (6, 2), (7, 3), (8, 2), (9, 3), (10, 2), (11, 3), (6, 4), (7, 5), (8, 4), (9, 5), (10, 4), (11, 5)]
length: 18 99
2*[T] vs T3fnT3: -0.0011015866068606872 0.0022031732203308973
Estimated difference between T3^fnT3 - (T2^WT3 + h.c.) is: 0.00110158661347021 1.213493066976766e-06
total cost: -2.825065146269909
singles alt: [(6, 0), (7, 1), (8, 0), (9, 1), (10, 0), (11, 1), (6, 2), (7, 3), (8, 2), (9, 3), (10, 2), (11, 3), (6, 4), (7, 5), (8, 4), (9, 5), (10, 4), (11, 5)]
length: 18 99
2*[T] vs T3fnT3: -0.001101586609858568 0.0022031732263266593
Estimated difference between T3^fnT3 - (T2^WT3 + h.c.) is: 0.0011015866164680913 1.2134930735816176e-06
total cost: -2.8250651464669874
singles alt: [(6, 0), (7, 1), (8, 0), (9, 1), (10, 0), (11, 1), (6, 2), (7, 3), (8, 2), (9, 3), (10, 2), (11, 3), (6, 4), (7, 5), (8, 4), (9, 5), (10, 4), (11, 5)]
length: 18 99
2*[T] vs T3fnT3: -0.001101586628118215 0.002203173262845954
Estimated difference between T3^fnT3 - (T2^WT3 + h.c.) is: 0.0011015866347277388 1.2134931138107846e-06
total cost: -2.8250651465860424
singles alt: [(6, 0), (7, 1), (8, 0), (9, 1), (10, 0), (11, 1), (6, 2), (7, 3), (8, 2), (9, 3), (10, 2), (11, 3), (6, 4), (7, 5), (8, 4), (9, 5), (10, 4), (11, 5)]
length: 18 99
2*[T] vs T3fnT3: -0.001101586609858567 0.0022031732263266585
Estimated difference between T3^fnT3 - (T2^WT3 + h.c.) is: 0.0011015866164680915 1.2134930735816182e-06
total cost: -2.8250651464669922
singles alt: [(6, 0), (7, 1), (8, 0), (9, 1), (10, 0), (11, 1), (6, 2), (7, 3), (8, 2), (9, 3), (10, 2), (11, 3), (6, 4), (7, 5), (8, 4), (9, 5), (10, 4), (11, 5)]
length: 18 99
2*[T] vs T3fnT3: -0.0011015866069764575 0.0022031732205624386
Estimated difference between T3^fnT3 - (T2^WT3 + h.c.) is: 0.0011015866135859812 1.2134930672318298e-06
total cost: -2.825065146260395
singles alt: [(6, 0), (7, 1), (8, 0), (9, 1), (10, 0), (11, 1), (6, 2), (7, 3), (8, 2), (9, 3), (10, 2), (11, 3), (6, 4), (7, 5), (8, 4), (9, 5), (10, 4), (11, 5)]
length: 18 99
2*[T] vs T3fnT3: -0.0011015866098585644 0.0022031732263266533
Estimated difference between T3^fnT3 - (T2^WT3 + h.c.) is: 0.001101586616468089 1.2134930735816125e-06
total cost: -2.8250651464669922
singles alt: [(6, 0), (7, 1), (8, 0), (9, 1), (10, 0), (11, 1), (6, 2), (7, 3), (8, 2), (9, 3), (10, 2), (11, 3), (6, 4), (7, 5), (8, 4), (9, 5), (10, 4), (11, 5)]
length: 18 99
2*[T] vs T3fnT3: -0.001101586609721893 0.0022031732260533086
Estimated difference between T3^fnT3 - (T2^WT3 + h.c.) is: 0.0011015866163314155 1.2134930732804972e-06
total cost: -2.825065146351939
singles alt: [(6, 0), (7, 1), (8, 0), (9, 1), (10, 0), (11, 1), (6, 2), (7, 3), (8, 2), (9, 3), (10, 2), (11, 3), (6, 4), (7, 5), (8, 4), (9, 5), (10, 4), (11, 5)]
length: 18 99
2*[T] vs T3fnT3: -0.0011015866098585693 0.002203173226326664
Estimated difference between T3^fnT3 - (T2^WT3 + h.c.) is: 0.0011015866164680948 1.2134930735816254e-06
total cost: -2.8250651464669905
singles alt: [(6, 0), (7, 1), (8, 0), (9, 1), (10, 0), (11, 1), (6, 2), (7, 3), (8, 2), (9, 3), (10, 2), (11, 3), (6, 4), (7, 5), (8, 4), (9, 5), (10, 4), (11, 5)]
length: 18 99
2*[T] vs T3fnT3: -0.0011015866127253658 0.002203173232060257
Estimated difference between T3^fnT3 - (T2^WT3 + h.c.) is: 0.0011015866193348912 1.2134930798976744e-06
total cost: -2.8250651465046825
singles alt: [(6, 0), (7, 1), (8, 0), (9, 1), (10, 0), (11, 1), (6, 2), (7, 3), (8, 2), (9, 3), (10, 2), (11, 3), (6, 4), (7, 5), (8, 4), (9, 5), (10, 4), (11, 5)]
length: 18 99
2*[T] vs T3fnT3: -0.001101586609858567 0.0022031732263266593
Estimated difference between T3^fnT3 - (T2^WT3 + h.c.) is: 0.0011015866164680924 1.2134930735816201e-06
total cost: -2.8250651464669922
singles alt: [(6, 0), (7, 1), (8, 0), (9, 1), (10, 0), (11, 1), (6, 2), (7, 3), (8, 2), (9, 3), (10, 2), (11, 3), (6, 4), (7, 5), (8, 4), (9, 5), (10, 4), (11, 5)]
length: 18 99
2*[T] vs T3fnT3: -0.0011015866160707024 0.0022031732387509297
Estimated difference between T3^fnT3 - (T2^WT3 + h.c.) is: 0.0011015866226802274 1.2134930872680295e-06
total cost: -2.8250651465044476
singles alt: [(6, 0), (7, 1), (8, 0), (9, 1), (10, 0), (11, 1), (6, 2), (7, 3), (8, 2), (9, 3), (10, 2), (11, 3), (6, 4), (7, 5), (8, 4), (9, 5), (10, 4), (11, 5)]
length: 18 99
2*[T] vs T3fnT3: -0.001101586609858566 0.002203173226326656
Estimated difference between T3^fnT3 - (T2^WT3 + h.c.) is: 0.0011015866164680898 1.2134930735816144e-06
total cost: -2.8250651464669905
singles alt: [(6, 0), (7, 1), (8, 0), (9, 1), (10, 0), (11, 1), (6, 2), (7, 3), (8, 2), (9, 3), (10, 2), (11, 3), (6, 4), (7, 5), (8, 4), (9, 5), (10, 4), (11, 5)]
length: 18 99
2*[T] vs T3fnT3: -0.001101586606509653 0.0022031732196288304
Estimated difference between T3^fnT3 - (T2^WT3 + h.c.) is: 0.0011015866131191775 1.2134930662033804e-06
total cost: -2.8250651464088445
singles alt: [(6, 0), (7, 1), (8, 0), (9, 1), (10, 0), (11, 1), (6, 2), (7, 3), (8, 2), (9, 3), (10, 2), (11, 3), (6, 4), (7, 5), (8, 4), (9, 5), (10, 4), (11, 5)]
length: 18 99
2*[T] vs T3fnT3: -0.0011015866098585657 0.002203173226326656
Estimated difference between T3^fnT3 - (T2^WT3 + h.c.) is: 0.0011015866164680902 1.2134930735816153e-06
total cost: -2.8250651464669905
singles alt: [(6, 0), (7, 1), (8, 0), (9, 1), (10, 0), (11, 1), (6, 2), (7, 3), (8, 2), (9, 3), (10, 2), (11, 3), (6, 4), (7, 5), (8, 4), (9, 5), (10, 4), (11, 5)]
length: 18 99
2*[T] vs T3fnT3: -0.0011015866083331056 0.0022031732232757366
Estimated difference between T3^fnT3 - (T2^WT3 + h.c.) is: 0.001101586614942631 1.2134930702207643e-06
total cost: -2.8250651464116565
singles alt: [(6, 0), (7, 1), (8, 0), (9, 1), (10, 0), (11, 1), (6, 2), (7, 3), (8, 2), (9, 3), (10, 2), (11, 3), (6, 4), (7, 5), (8, 4), (9, 5), (10, 4), (11, 5)]
length: 18 99
2*[T] vs T3fnT3: -0.0011015866098585633 0.002203173226326652
Estimated difference between T3^fnT3 - (T2^WT3 + h.c.) is: 0.0011015866164680887 1.2134930735816119e-06
total cost: -2.8250651464669936
singles alt: [(6, 0), (7, 1), (8, 0), (9, 1), (10, 0), (11, 1), (6, 2), (7, 3), (8, 2), (9, 3), (10, 2), (11, 3), (6, 4), (7, 5), (8, 4), (9, 5), (10, 4), (11, 5)]
length: 18 99
2*[T] vs T3fnT3: -0.0011015866111715317 0.0022031732289525888
Estimated difference between T3^fnT3 - (T2^WT3 + h.c.) is: 0.001101586617781057 1.2134930764743088e-06
total cost: -2.825065146490923
singles alt: [(6, 0), (7, 1), (8, 0), (9, 1), (10, 0), (11, 1), (6, 2), (7, 3), (8, 2), (9, 3), (10, 2), (11, 3), (6, 4), (7, 5), (8, 4), (9, 5), (10, 4), (11, 5)]
length: 18 99
2*[T] vs T3fnT3: -0.001101586609858567 0.0022031732263266585
Estimated difference between T3^fnT3 - (T2^WT3 + h.c.) is: 0.0011015866164680915 1.2134930735816182e-06
total cost: -2.8250651464669896
singles alt: [(6, 0), (7, 1), (8, 0), (9, 1), (10, 0), (11, 1), (6, 2), (7, 3), (8, 2), (9, 3), (10, 2), (11, 3), (6, 4), (7, 5), (8, 4), (9, 5), (10, 4), (11, 5)]
length: 18 99
2*[T] vs T3fnT3: -0.0011015866155643882 0.0022031732377383014
Estimated difference between T3^fnT3 - (T2^WT3 + h.c.) is: 0.0011015866221739132 1.2134930861525318e-06
total cost: -2.825065146486585
singles alt: [(6, 0), (7, 1), (8, 0), (9, 1), (10, 0), (11, 1), (6, 2), (7, 3), (8, 2), (9, 3), (10, 2), (11, 3), (6, 4), (7, 5), (8, 4), (9, 5), (10, 4), (11, 5)]
length: 18 99
2*[T] vs T3fnT3: -0.0011015866098585687 0.0022031732263266615
Estimated difference between T3^fnT3 - (T2^WT3 + h.c.) is: 0.0011015866164680928 1.213493073581621e-06
total cost: -2.8250651464669896
singles alt: [(6, 0), (7, 1), (8, 0), (9, 1), (10, 0), (11, 1), (6, 2), (7, 3), (8, 2), (9, 3), (10, 2), (11, 3), (6, 4), (7, 5), (8, 4), (9, 5), (10, 4), (11, 5)]
length: 18 99
2*[T] vs T3fnT3: -0.0011015866098378199 0.0022031732262851656
Estimated difference between T3^fnT3 - (T2^WT3 + h.c.) is: 0.0011015866164473457 1.2134930735359117e-06
total cost: -2.825065146465448
singles alt: [(6, 0), (7, 1), (8, 0), (9, 1), (10, 0), (11, 1), (6, 2), (7, 3), (8, 2), (9, 3), (10, 2), (11, 3), (6, 4), (7, 5), (8, 4), (9, 5), (10, 4), (11, 5)]
length: 18 99
2*[T] vs T3fnT3: -0.0011015866098585687 0.0022031732263266615
Estimated difference between T3^fnT3 - (T2^WT3 + h.c.) is: 0.0011015866164680928 1.213493073581621e-06
total cost: -2.8250651464669896
singles alt: [(6, 0), (7, 1), (8, 0), (9, 1), (10, 0), (11, 1), (6, 2), (7, 3), (8, 2), (9, 3), (10, 2), (11, 3), (6, 4), (7, 5), (8, 4), (9, 5), (10, 4), (11, 5)]
length: 18 99
2*[T] vs T3fnT3: -0.0011015866205207857 0.002203173247651096
Estimated difference between T3^fnT3 - (T2^WT3 + h.c.) is: 0.0011015866271303102 1.2134930970723332e-06
total cost: -2.825065146527355
singles alt: [(6, 0), (7, 1), (8, 0), (9, 1), (10, 0), (11, 1), (6, 2), (7, 3), (8, 2), (9, 3), (10, 2), (11, 3), (6, 4), (7, 5), (8, 4), (9, 5), (10, 4), (11, 5)]
length: 18 99
2*[T] vs T3fnT3: -0.00110158660985857 0.002203173226326665
Estimated difference between T3^fnT3 - (T2^WT3 + h.c.) is: 0.001101586616468095 1.2134930735816258e-06
total cost: -2.8250651464669896
singles alt: [(6, 0), (7, 1), (8, 0), (9, 1), (10, 0), (11, 1), (6, 2), (7, 3), (8, 2), (9, 3), (10, 2), (11, 3), (6, 4), (7, 5), (8, 4), (9, 5), (10, 4), (11, 5)]
length: 18 99
2*[T] vs T3fnT3: -0.0011015866083318572 0.002203173223273239
Estimated difference between T3^fnT3 - (T2^WT3 + h.c.) is: 0.0011015866149413818 1.213493070218012e-06
total cost: -2.825065146592055
singles alt: [(6, 0), (7, 1), (8, 0), (9, 1), (10, 0), (11, 1), (6, 2), (7, 3), (8, 2), (9, 3), (10, 2), (11, 3), (6, 4), (7, 5), (8, 4), (9, 5), (10, 4), (11, 5)]
length: 18 99
2*[T] vs T3fnT3: -0.0011015866098585702 0.002203173226326665
Estimated difference between T3^fnT3 - (T2^WT3 + h.c.) is: 0.0011015866164680948 1.2134930735816254e-06
total cost: -2.8250651464669905
singles alt: [(6, 0), (7, 1), (8, 0), (9, 1), (10, 0), (11, 1), (6, 2), (7, 3), (8, 2), (9, 3), (10, 2), (11, 3), (6, 4), (7, 5), (8, 4), (9, 5), (10, 4), (11, 5)]
length: 18 99
2*[T] vs T3fnT3: -0.0011015866159494283 0.002203173238508381
Estimated difference between T3^fnT3 - (T2^WT3 + h.c.) is: 0.0011015866225589528 1.2134930870008408e-06
total cost: -2.8250651464994987
singles alt: [(6, 0), (7, 1), (8, 0), (9, 1), (10, 0), (11, 1), (6, 2), (7, 3), (8, 2), (9, 3), (10, 2), (11, 3), (6, 4), (7, 5), (8, 4), (9, 5), (10, 4), (11, 5)]
length: 18 99
2*[T] vs T3fnT3: -0.0011015866098585652 0.0022031732263266554
Estimated difference between T3^fnT3 - (T2^WT3 + h.c.) is: 0.0011015866164680902 1.2134930735816153e-06
total cost: -2.8250651464669896
singles alt: [(6, 0), (7, 1), (8, 0), (9, 1), (10, 0), (11, 1), (6, 2), (7, 3), (8, 2), (9, 3), (10, 2), (11, 3), (6, 4), (7, 5), (8, 4), (9, 5), (10, 4), (11, 5)]
length: 18 99
2*[T] vs T3fnT3: -0.0011015866126826551 0.0022031732319748344
Estimated difference between T3^fnT3 - (T2^WT3 + h.c.) is: 0.0011015866192921793 1.2134930798035726e-06
total cost: -2.8250651464980816
singles alt: [(6, 0), (7, 1), (8, 0), (9, 1), (10, 0), (11, 1), (6, 2), (7, 3), (8, 2), (9, 3), (10, 2), (11, 3), (6, 4), (7, 5), (8, 4), (9, 5), (10, 4), (11, 5)]
length: 18 99
2*[T] vs T3fnT3: -0.0011015866098585635 0.0022031732263266515
Estimated difference between T3^fnT3 - (T2^WT3 + h.c.) is: 0.001101586616468088 1.2134930735816106e-06
total cost: -2.8250651464669905
singles alt: [(6, 0), (7, 1), (8, 0), (9, 1), (10, 0), (11, 1), (6, 2), (7, 3), (8, 2), (9, 3), (10, 2), (11, 3), (6, 4), (7, 5), (8, 4), (9, 5), (10, 4), (11, 5)]
length: 18 99
2*[T] vs T3fnT3: -0.0011015866082160059 0.002203173223041537
Estimated difference between T3^fnT3 - (T2^WT3 + h.c.) is: 0.0011015866148255313 1.2134930699627735e-06
total cost: -2.8250651464267285
singles alt: [(6, 0), (7, 1), (8, 0), (9, 1), (10, 0), (11, 1), (6, 2), (7, 3), (8, 2), (9, 3), (10, 2), (11, 3), (6, 4), (7, 5), (8, 4), (9, 5), (10, 4), (11, 5)]
length: 18 99
2*[T] vs T3fnT3: -0.0011015866098585665 0.002203173226326657
Estimated difference between T3^fnT3 - (T2^WT3 + h.c.) is: 0.0011015866164680907 1.2134930735816163e-06
total cost: -2.8250651464669914
singles alt: [(6, 0), (7, 1), (8, 0), (9, 1), (10, 0), (11, 1), (6, 2), (7, 3), (8, 2), (9, 3), (10, 2), (11, 3), (6, 4), (7, 5), (8, 4), (9, 5), (10, 4), (11, 5)]
length: 18 99
2*[T] vs T3fnT3: -0.0011015866063610557 0.0022031732193316367
Estimated difference between T3^fnT3 - (T2^WT3 + h.c.) is: 0.001101586612970581 1.2134930658759969e-06
total cost: -2.8250651464195555
singles alt: [(6, 0), (7, 1), (8, 0), (9, 1), (10, 0), (11, 1), (6, 2), (7, 3), (8, 2), (9, 3), (10, 2), (11, 3), (6, 4), (7, 5), (8, 4), (9, 5), (10, 4), (11, 5)]
length: 18 99
2*[T] vs T3fnT3: -0.001101586609858563 0.002203173226326651
Estimated difference between T3^fnT3 - (T2^WT3 + h.c.) is: 0.001101586616468088 1.2134930735816106e-06
total cost: -2.8250651464669922
singles alt: [(6, 0), (7, 1), (8, 0), (9, 1), (10, 0), (11, 1), (6, 2), (7, 3), (8, 2), (9, 3), (10, 2), (11, 3), (6, 4), (7, 5), (8, 4), (9, 5), (10, 4), (11, 5)]
length: 18 99
2*[T] vs T3fnT3: -0.001101586617031463 0.00220317324067245
Estimated difference between T3^fnT3 - (T2^WT3 + h.c.) is: 0.001101586623640987 1.2134930893847496e-06
total cost: -2.825065146520362
singles alt: [(6, 0), (7, 1), (8, 0), (9, 1), (10, 0), (11, 1), (6, 2), (7, 3), (8, 2), (9, 3), (10, 2), (11, 3), (6, 4), (7, 5), (8, 4), (9, 5), (10, 4), (11, 5)]
length: 18 99
2*[T] vs T3fnT3: -0.0011015866098585724 0.0022031732263266698
Estimated difference between T3^fnT3 - (T2^WT3 + h.c.) is: 0.0011015866164680974 1.2134930735816311e-06
total cost: -2.825065146466988
singles alt: [(6, 0), (7, 1), (8, 0), (9, 1), (10, 0), (11, 1), (6, 2), (7, 3), (8, 2), (9, 3), (10, 2), (11, 3), (6, 4), (7, 5), (8, 4), (9, 5), (10, 4), (11, 5)]
length: 18 99
2*[T] vs T3fnT3: -0.001101586608588699 0.0022031732237869223
Estimated difference between T3^fnT3 - (T2^WT3 + h.c.) is: 0.0011015866151982232 1.2134930707838783e-06
total cost: -2.82506514642235
singles alt: [(6, 0), (7, 1), (8, 0), (9, 1), (10, 0), (11, 1), (6, 2), (7, 3), (8, 2), (9, 3), (10, 2), (11, 3), (6, 4), (7, 5), (8, 4), (9, 5), (10, 4), (11, 5)]
length: 18 99
2*[T] vs T3fnT3: -0.0011015866098585726 0.0022031732263266698
Estimated difference between T3^fnT3 - (T2^WT3 + h.c.) is: 0.0011015866164680972 1.2134930735816305e-06
total cost: -2.825065146466988
singles alt: [(6, 0), (7, 1), (8, 0), (9, 1), (10, 0), (11, 1), (6, 2), (7, 3), (8, 2), (9, 3), (10, 2), (11, 3), (6, 4), (7, 5), (8, 4), (9, 5), (10, 4), (11, 5)]
length: 18 99
2*[T] vs T3fnT3: -0.0011015866231137068 0.00220317325283694
Estimated difference between T3^fnT3 - (T2^WT3 + h.c.) is: 0.001101586629723233 1.2134931027849915e-06
total cost: -2.825065146543511
singles alt: [(6, 0), (7, 1), (8, 0), (9, 1), (10, 0), (11, 1), (6, 2), (7, 3), (8, 2), (9, 3), (10, 2), (11, 3), (6, 4), (7, 5), (8, 4), (9, 5), (10, 4), (11, 5)]
length: 18 99
2*[T] vs T3fnT3: -0.0011015866098585652 0.0022031732263266546
Estimated difference between T3^fnT3 - (T2^WT3 + h.c.) is: 0.0011015866164680894 1.2134930735816133e-06
total cost: -2.8250651464669905
singles alt: [(6, 0), (7, 1), (8, 0), (9, 1), (10, 0), (11, 1), (6, 2), (7, 3), (8, 2), (9, 3), (10, 2), (11, 3), (6, 4), (7, 5), (8, 4), (9, 5), (10, 4), (11, 5)]
length: 18 99
2*[T] vs T3fnT3: -0.00110158660866926 0.002203173223948046
Estimated difference between T3^fnT3 - (T2^WT3 + h.c.) is: 0.001101586615278786 1.213493070961372e-06
total cost: -2.825065146422767
singles alt: [(6, 0), (7, 1), (8, 0), (9, 1), (10, 0), (11, 1), (6, 2), (7, 3), (8, 2), (9, 3), (10, 2), (11, 3), (6, 4), (7, 5), (8, 4), (9, 5), (10, 4), (11, 5)]
length: 18 99
2*[T] vs T3fnT3: -0.0011015866098585659 0.002203173226326655
Estimated difference between T3^fnT3 - (T2^WT3 + h.c.) is: 0.0011015866164680891 1.213493073581613e-06
total cost: -2.825065146466991
singles alt: [(6, 0), (7, 1), (8, 0), (9, 1), (10, 0), (11, 1), (6, 2), (7, 3), (8, 2), (9, 3), (10, 2), (11, 3), (6, 4), (7, 5), (8, 4), (9, 5), (10, 4), (11, 5)]
length: 18 99
2*[T] vs T3fnT3: -0.001101586613441866 0.002203173233493257
Estimated difference between T3^fnT3 - (T2^WT3 + h.c.) is: 0.001101586620051391 1.2134930814762476e-06
total cost: -2.8250651465043424
singles alt: [(6, 0), (7, 1), (8, 0), (9, 1), (10, 0), (11, 1), (6, 2), (7, 3), (8, 2), (9, 3), (10, 2), (11, 3), (6, 4), (7, 5), (8, 4), (9, 5), (10, 4), (11, 5)]
length: 18 99
2*[T] vs T3fnT3: -0.0011015866091896487 0.002203173224988824
Estimated difference between T3^fnT3 - (T2^WT3 + h.c.) is: 0.0011015866157991754 1.2134930721078802e-06
total cost: -2.8250651464876
singles alt: [(6, 0), (7, 1), (8, 0), (9, 1), (10, 0), (11, 1), (6, 2), (7, 3), (8, 2), (9, 3), (10, 2), (11, 3), (6, 4), (7, 5), (8, 4), (9, 5), (10, 4), (11, 5)]
length: 18 99
2*[T] vs T3fnT3: -0.001101586608957373 0.0022031732245242717
Estimated difference between T3^fnT3 - (T2^WT3 + h.c.) is: 0.0011015866155668988 1.2134930715961344e-06
total cost: -2.825065146479716
singles alt: [(6, 0), (7, 1), (8, 0), (9, 1), (10, 0), (11, 1), (6, 2), (7, 3), (8, 2), (9, 3), (10, 2), (11, 3), (6, 4), (7, 5), (8, 4), (9, 5), (10, 4), (11, 5)]
length: 18 99
2*[T] vs T3fnT3: -0.0011015866098585687 0.002203173226326661
Estimated difference between T3^fnT3 - (T2^WT3 + h.c.) is: 0.0011015866164680924 1.2134930735816201e-06
total cost: -2.825065146466989
singles alt: [(6, 0), (7, 1), (8, 0), (9, 1), (10, 0), (11, 1), (6, 2), (7, 3), (8, 2), (9, 3), (10, 2), (11, 3), (6, 4), (7, 5), (8, 4), (9, 5), (10, 4), (11, 5)]
length: 18 99
2*[T] vs T3fnT3: -0.001101586609858569 0.002203173226326663
Estimated difference between T3^fnT3 - (T2^WT3 + h.c.) is: 0.001101586616468094 1.2134930735816235e-06
total cost: -2.8250651464669905
singles alt: [(6, 0), (7, 1), (8, 0), (9, 1), (10, 0), (11, 1), (6, 2), (7, 3), (8, 2), (9, 3), (10, 2), (11, 3), (6, 4), (7, 5), (8, 4), (9, 5), (10, 4), (11, 5)]
length: 18 99
2*[T] vs T3fnT3: -0.0011015866068220291 0.0022031732202535837
Estimated difference between T3^fnT3 - (T2^WT3 + h.c.) is: 0.0011015866134315546 1.2134930668916012e-06
total cost: -2.82506514646722
singles alt: [(6, 0), (7, 1), (8, 0), (9, 1), (10, 0), (11, 1), (6, 2), (7, 3), (8, 2), (9, 3), (10, 2), (11, 3), (6, 4), (7, 5), (8, 4), (9, 5), (10, 4), (11, 5)]
length: 18 99
2*[T] vs T3fnT3: -0.0011015866067177976 0.0022031732200451194
Estimated difference between T3^fnT3 - (T2^WT3 + h.c.) is: 0.0011015866133273218 1.2134930666619583e-06
total cost: -2.8250651464625443
singles alt: [(6, 0), (7, 1), (8, 0), (9, 1), (10, 0), (11, 1), (6, 2), (7, 3), (8, 2), (9, 3), (10, 2), (11, 3), (6, 4), (7, 5), (8, 4), (9, 5), (10, 4), (11, 5)]
length: 18 99
2*[T] vs T3fnT3: -0.001101586609858567 0.0022031732263266593
Estimated difference between T3^fnT3 - (T2^WT3 + h.c.) is: 0.0011015866164680924 1.2134930735816201e-06
total cost: -2.8250651464669887
singles alt: [(6, 0), (7, 1), (8, 0), (9, 1), (10, 0), (11, 1), (6, 2), (7, 3), (8, 2), (9, 3), (10, 2), (11, 3), (6, 4), (7, 5), (8, 4), (9, 5), (10, 4), (11, 5)]
length: 18 99
2*[T] vs T3fnT3: -0.0011015866098585683 0.0022031732263266615
Estimated difference between T3^fnT3 - (T2^WT3 + h.c.) is: 0.0011015866164680933 1.213493073581622e-06
total cost: -2.8250651464669887
singles alt: [(6, 0), (7, 1), (8, 0), (9, 1), (10, 0), (11, 1), (6, 2), (7, 3), (8, 2), (9, 3), (10, 2), (11, 3), (6, 4), (7, 5), (8, 4), (9, 5), (10, 4), (11, 5)]
length: 18 99
2*[T] vs T3fnT3: -0.0011015866147875105 0.0022031732361845464
Estimated difference between T3^fnT3 - (T2^WT3 + h.c.) is: 0.001101586621397036 1.2134930844409366e-06
total cost: -2.8250651464831664
singles alt: [(6, 0), (7, 1), (8, 0), (9, 1), (10, 0), (11, 1), (6, 2), (7, 3), (8, 2), (9, 3), (10, 2), (11, 3), (6, 4), (7, 5), (8, 4), (9, 5), (10, 4), (11, 5)]
length: 18 99
2*[T] vs T3fnT3: -0.0011015866146368136 0.002203173235883152
Estimated difference between T3^fnT3 - (T2^WT3 + h.c.) is: 0.0011015866212463385 1.2134930841089242e-06
total cost: -2.825065146488327
singles alt: [(6, 0), (7, 1), (8, 0), (9, 1), (10, 0), (11, 1), (6, 2), (7, 3), (8, 2), (9, 3), (10, 2), (11, 3), (6, 4), (7, 5), (8, 4), (9, 5), (10, 4), (11, 5)]
length: 18 99
2*[T] vs T3fnT3: -0.0011015866098585724 0.0022031732263266698
Estimated difference between T3^fnT3 - (T2^WT3 + h.c.) is: 0.0011015866164680974 1.2134930735816311e-06
total cost: -2.8250651464669887
singles alt: [(6, 0), (7, 1), (8, 0), (9, 1), (10, 0), (11, 1), (6, 2), (7, 3), (8, 2), (9, 3), (10, 2), (11, 3), (6, 4), (7, 5), (8, 4), (9, 5), (10, 4), (11, 5)]
length: 18 99
2*[T] vs T3fnT3: -0.0011015866098585704 0.0022031732263266654
Estimated difference between T3^fnT3 - (T2^WT3 + h.c.) is: 0.001101586616468095 1.2134930735816258e-06
total cost: -2.8250651464669887
singles alt: [(6, 0), (7, 1), (8, 0), (9, 1), (10, 0), (11, 1), (6, 2), (7, 3), (8, 2), (9, 3), (10, 2), (11, 3), (6, 4), (7, 5), (8, 4), (9, 5), (10, 4), (11, 5)]
length: 18 99
2*[T] vs T3fnT3: -0.0011015866124948238 0.0022031732315991727
Estimated difference between T3^fnT3 - (T2^WT3 + h.c.) is: 0.0011015866191043488 1.2134930793897498e-06
total cost: -2.8250651464481074
singles alt: [(6, 0), (7, 1), (8, 0), (9, 1), (10, 0), (11, 1), (6, 2), (7, 3), (8, 2), (9, 3), (10, 2), (11, 3), (6, 4), (7, 5), (8, 4), (9, 5), (10, 4), (11, 5)]
length: 18 99
2*[T] vs T3fnT3: -0.001101586612244516 0.002203173231098557
Estimated difference between T3^fnT3 - (T2^WT3 + h.c.) is: 0.001101586618854041 1.2134930788382782e-06
total cost: -2.8250651464526255
singles alt: [(6, 0), (7, 1), (8, 0), (9, 1), (10, 0), (11, 1), (6, 2), (7, 3), (8, 2), (9, 3), (10, 2), (11, 3), (6, 4), (7, 5), (8, 4), (9, 5), (10, 4), (11, 5)]
length: 18 99
2*[T] vs T3fnT3: -0.0011015866098585672 0.0022031732263266585
Estimated difference between T3^fnT3 - (T2^WT3 + h.c.) is: 0.0011015866164680913 1.2134930735816176e-06
total cost: -2.8250651464669896
singles alt: [(6, 0), (7, 1), (8, 0), (9, 1), (10, 0), (11, 1), (6, 2), (7, 3), (8, 2), (9, 3), (10, 2), (11, 3), (6, 4), (7, 5), (8, 4), (9, 5), (10, 4), (11, 5)]
length: 18 99
2*[T] vs T3fnT3: -0.0011015866098585678 0.0022031732263266606
Estimated difference between T3^fnT3 - (T2^WT3 + h.c.) is: 0.0011015866164680928 1.213493073581621e-06
total cost: -2.8250651464669887
singles alt: [(6, 0), (7, 1), (8, 0), (9, 1), (10, 0), (11, 1), (6, 2), (7, 3), (8, 2), (9, 3), (10, 2), (11, 3), (6, 4), (7, 5), (8, 4), (9, 5), (10, 4), (11, 5)]
length: 18 99
2*[T] vs T3fnT3: -0.0011015866118727242 0.002203173230354973
Estimated difference between T3^fnT3 - (T2^WT3 + h.c.) is: 0.0011015866184822488 1.2134930780191556e-06
total cost: -2.825065146466219
singles alt: [(6, 0), (7, 1), (8, 0), (9, 1), (10, 0), (11, 1), (6, 2), (7, 3), (8, 2), (9, 3), (10, 2), (11, 3), (6, 4), (7, 5), (8, 4), (9, 5), (10, 4), (11, 5)]
length: 18 99
2*[T] vs T3fnT3: -0.0011015866118061263 0.0022031732302217753
Estimated difference between T3^fnT3 - (T2^WT3 + h.c.) is: 0.001101586618415649 1.213493077872425e-06
total cost: -2.825065146478816
singles alt: [(6, 0), (7, 1), (8, 0), (9, 1), (10, 0), (11, 1), (6, 2), (7, 3), (8, 2), (9, 3), (10, 2), (11, 3), (6, 4), (7, 5), (8, 4), (9, 5), (10, 4), (11, 5)]
length: 18 99
2*[T] vs T3fnT3: -0.0011015866098585687 0.0022031732263266615
Estimated difference between T3^fnT3 - (T2^WT3 + h.c.) is: 0.0011015866164680928 1.213493073581621e-06
total cost: -2.825065146466989
singles alt: [(6, 0), (7, 1), (8, 0), (9, 1), (10, 0), (11, 1), (6, 2), (7, 3), (8, 2), (9, 3), (10, 2), (11, 3), (6, 4), (7, 5), (8, 4), (9, 5), (10, 4), (11, 5)]
length: 18 99
2*[T] vs T3fnT3: -0.0011015866098585687 0.0022031732263266615
Estimated difference between T3^fnT3 - (T2^WT3 + h.c.) is: 0.0011015866164680928 1.213493073581621e-06
total cost: -2.8250651464669887
singles alt: [(6, 0), (7, 1), (8, 0), (9, 1), (10, 0), (11, 1), (6, 2), (7, 3), (8, 2), (9, 3), (10, 2), (11, 3), (6, 4), (7, 5), (8, 4), (9, 5), (10, 4), (11, 5)]
length: 18 99
2*[T] vs T3fnT3: -0.0011015866098585687 0.0022031732263266615
Estimated difference between T3^fnT3 - (T2^WT3 + h.c.) is: 0.0011015866164680928 1.213493073581621e-06
total cost: -2.825065146464607
singles alt: [(6, 0), (7, 1), (8, 0), (9, 1), (10, 0), (11, 1), (6, 2), (7, 3), (8, 2), (9, 3), (10, 2), (11, 3), (6, 4), (7, 5), (8, 4), (9, 5), (10, 4), (11, 5)]
length: 18 99
2*[T] vs T3fnT3: -0.0011015866098585687 0.0022031732263266615
Estimated difference between T3^fnT3 - (T2^WT3 + h.c.) is: 0.0011015866164680928 1.213493073581621e-06
total cost: -2.8250651464682672
singles alt: [(6, 0), (7, 1), (8, 0), (9, 1), (10, 0), (11, 1), (6, 2), (7, 3), (8, 2), (9, 3), (10, 2), (11, 3), (6, 4), (7, 5), (8, 4), (9, 5), (10, 4), (11, 5)]
length: 18 99
2*[T] vs T3fnT3: -0.0011015866098585687 0.0022031732263266615
Estimated difference between T3^fnT3 - (T2^WT3 + h.c.) is: 0.0011015866164680928 1.213493073581621e-06
total cost: -2.8250651464669896
singles alt: [(6, 0), (7, 1), (8, 0), (9, 1), (10, 0), (11, 1), (6, 2), (7, 3), (8, 2), (9, 3), (10, 2), (11, 3), (6, 4), (7, 5), (8, 4), (9, 5), (10, 4), (11, 5)]
length: 18 99
2*[T] vs T3fnT3: -0.0011015866098585687 0.0022031732263266615
Estimated difference between T3^fnT3 - (T2^WT3 + h.c.) is: 0.0011015866164680928 1.213493073581621e-06
total cost: -2.8250651464669883
singles alt: [(6, 0), (7, 1), (8, 0), (9, 1), (10, 0), (11, 1), (6, 2), (7, 3), (8, 2), (9, 3), (10, 2), (11, 3), (6, 4), (7, 5), (8, 4), (9, 5), (10, 4), (11, 5)]
length: 18 99
2*[T] vs T3fnT3: -0.0011015866098585687 0.0022031732263266615
Estimated difference between T3^fnT3 - (T2^WT3 + h.c.) is: 0.0011015866164680928 1.213493073581621e-06
total cost: -2.825065146442616
singles alt: [(6, 0), (7, 1), (8, 0), (9, 1), (10, 0), (11, 1), (6, 2), (7, 3), (8, 2), (9, 3), (10, 2), (11, 3), (6, 4), (7, 5), (8, 4), (9, 5), (10, 4), (11, 5)]
length: 18 99
2*[T] vs T3fnT3: -0.0011015866098585687 0.0022031732263266615
Estimated difference between T3^fnT3 - (T2^WT3 + h.c.) is: 0.0011015866164680928 1.213493073581621e-06
total cost: -2.825065146438891
singles alt: [(6, 0), (7, 1), (8, 0), (9, 1), (10, 0), (11, 1), (6, 2), (7, 3), (8, 2), (9, 3), (10, 2), (11, 3), (6, 4), (7, 5), (8, 4), (9, 5), (10, 4), (11, 5)]
length: 18 99
2*[T] vs T3fnT3: -0.0011015866098585687 0.0022031732263266615
Estimated difference between T3^fnT3 - (T2^WT3 + h.c.) is: 0.0011015866164680928 1.213493073581621e-06
total cost: -2.8250651464669896
singles alt: [(6, 0), (7, 1), (8, 0), (9, 1), (10, 0), (11, 1), (6, 2), (7, 3), (8, 2), (9, 3), (10, 2), (11, 3), (6, 4), (7, 5), (8, 4), (9, 5), (10, 4), (11, 5)]
length: 18 99
2*[T] vs T3fnT3: -0.0011015866098585687 0.0022031732263266615
Estimated difference between T3^fnT3 - (T2^WT3 + h.c.) is: 0.0011015866164680928 1.213493073581621e-06
total cost: -2.8250651464669887
singles alt: [(6, 0), (7, 1), (8, 0), (9, 1), (10, 0), (11, 1), (6, 2), (7, 3), (8, 2), (9, 3), (10, 2), (11, 3), (6, 4), (7, 5), (8, 4), (9, 5), (10, 4), (11, 5)]
length: 18 99
2*[T] vs T3fnT3: -0.0011015866098585687 0.0022031732263266615
Estimated difference between T3^fnT3 - (T2^WT3 + h.c.) is: 0.0011015866164680928 1.213493073581621e-06
total cost: -2.8250651464856222
singles alt: [(6, 0), (7, 1), (8, 0), (9, 1), (10, 0), (11, 1), (6, 2), (7, 3), (8, 2), (9, 3), (10, 2), (11, 3), (6, 4), (7, 5), (8, 4), (9, 5), (10, 4), (11, 5)]
length: 18 99
2*[T] vs T3fnT3: -0.0011015866098585687 0.0022031732263266615
Estimated difference between T3^fnT3 - (T2^WT3 + h.c.) is: 0.0011015866164680928 1.213493073581621e-06
total cost: -2.825065146487233
singles alt: [(6, 0), (7, 1), (8, 0), (9, 1), (10, 0), (11, 1), (6, 2), (7, 3), (8, 2), (9, 3), (10, 2), (11, 3), (6, 4), (7, 5), (8, 4), (9, 5), (10, 4), (11, 5)]
length: 18 99
2*[T] vs T3fnT3: -0.0011015866098585687 0.0022031732263266615
Estimated difference between T3^fnT3 - (T2^WT3 + h.c.) is: 0.0011015866164680928 1.213493073581621e-06
total cost: -2.8250651464669887
singles alt: [(6, 0), (7, 1), (8, 0), (9, 1), (10, 0), (11, 1), (6, 2), (7, 3), (8, 2), (9, 3), (10, 2), (11, 3), (6, 4), (7, 5), (8, 4), (9, 5), (10, 4), (11, 5)]
length: 18 99
2*[T] vs T3fnT3: -0.0011015866098585687 0.0022031732263266615
Estimated difference between T3^fnT3 - (T2^WT3 + h.c.) is: 0.0011015866164680928 1.213493073581621e-06
total cost: -2.8250651464669887
singles alt: [(6, 0), (7, 1), (8, 0), (9, 1), (10, 0), (11, 1), (6, 2), (7, 3), (8, 2), (9, 3), (10, 2), (11, 3), (6, 4), (7, 5), (8, 4), (9, 5), (10, 4), (11, 5)]
length: 18 99
2*[T] vs T3fnT3: -0.0011015866098585687 0.0022031732263266615
Estimated difference between T3^fnT3 - (T2^WT3 + h.c.) is: 0.0011015866164680928 1.213493073581621e-06
total cost: -2.8250651464845062
singles alt: [(6, 0), (7, 1), (8, 0), (9, 1), (10, 0), (11, 1), (6, 2), (7, 3), (8, 2), (9, 3), (10, 2), (11, 3), (6, 4), (7, 5), (8, 4), (9, 5), (10, 4), (11, 5)]
length: 18 99
2*[T] vs T3fnT3: -0.0011015866098585687 0.0022031732263266615
Estimated difference between T3^fnT3 - (T2^WT3 + h.c.) is: 0.0011015866164680928 1.213493073581621e-06
total cost: -2.825065146485742
singles alt: [(6, 0), (7, 1), (8, 0), (9, 1), (10, 0), (11, 1), (6, 2), (7, 3), (8, 2), (9, 3), (10, 2), (11, 3), (6, 4), (7, 5), (8, 4), (9, 5), (10, 4), (11, 5)]
length: 18 99
2*[T] vs T3fnT3: -0.0011015866098585687 0.0022031732263266615
Estimated difference between T3^fnT3 - (T2^WT3 + h.c.) is: 0.0011015866164680928 1.213493073581621e-06
total cost: -2.8250651464669896
singles alt: [(6, 0), (7, 1), (8, 0), (9, 1), (10, 0), (11, 1), (6, 2), (7, 3), (8, 2), (9, 3), (10, 2), (11, 3), (6, 4), (7, 5), (8, 4), (9, 5), (10, 4), (11, 5)]
length: 18 99
2*[T] vs T3fnT3: -0.0011015866098585687 0.0022031732263266615
Estimated difference between T3^fnT3 - (T2^WT3 + h.c.) is: 0.0011015866164680928 1.213493073581621e-06
total cost: -2.8250651464669896
singles alt: [(6, 0), (7, 1), (8, 0), (9, 1), (10, 0), (11, 1), (6, 2), (7, 3), (8, 2), (9, 3), (10, 2), (11, 3), (6, 4), (7, 5), (8, 4), (9, 5), (10, 4), (11, 5)]
callback: energy=-2.826166733083
singles alt: [(6, 0), (7, 1), (8, 0), (9, 1), (10, 0), (11, 1), (6, 2), (7, 3), (8, 2), (9, 3), (10, 2), (11, 3), (6, 4), (7, 5), (8, 4), (9, 5), (10, 4), (11, 5)]
length: 18 99
2*[T] vs T3fnT3: -0.00113800163383667 0.0022760032745013535
Estimated difference between T3^fnT3 - (T2^WT3 + h.c.) is: 0.0011380016406646834 1.2950477341555113e-06
total cost: -2.82577787837291
singles alt: [(6, 0), (7, 1), (8, 0), (9, 1), (10, 0), (11, 1), (6, 2), (7, 3), (8, 2), (9, 3), (10, 2), (11, 3), (6, 4), (7, 5), (8, 4), (9, 5), (10, 4), (11, 5)]
length: 18 99
2*[T] vs T3fnT3: -0.0011380016364809114 0.0022760032797898362
Estimated difference between T3^fnT3 - (T2^WT3 + h.c.) is: 0.0011380016433089248 1.2950477401738133e-06
total cost: -2.8257778783939487
singles alt: [(6, 0), (7, 1), (8, 0), (9, 1), (10, 0), (11, 1), (6, 2), (7, 3), (8, 2), (9, 3), (10, 2), (11, 3), (6, 4), (7, 5), (8, 4), (9, 5), (10, 4), (11, 5)]
length: 18 99
2*[T] vs T3fnT3: -0.0011380016338366692 0.002276003274501351
Estimated difference between T3^fnT3 - (T2^WT3 + h.c.) is: 0.0011380016406646817 1.2950477341555074e-06
total cost: -2.8257778783729113
singles alt: [(6, 0), (7, 1), (8, 0), (9, 1), (10, 0), (11, 1), (6, 2), (7, 3), (8, 2), (9, 3), (10, 2), (11, 3), (6, 4), (7, 5), (8, 4), (9, 5), (10, 4), (11, 5)]
length: 18 99
2*[T] vs T3fnT3: -0.0011380016331279227 0.0022760032730838584
Estimated difference between T3^fnT3 - (T2^WT3 + h.c.) is: 0.0011380016399559357 1.295047732542399e-06
total cost: -2.825777878454534
singles alt: [(6, 0), (7, 1), (8, 0), (9, 1), (10, 0), (11, 1), (6, 2), (7, 3), (8, 2), (9, 3), (10, 2), (11, 3), (6, 4), (7, 5), (8, 4), (9, 5), (10, 4), (11, 5)]
length: 18 99
2*[T] vs T3fnT3: -0.00113800163383667 0.0022760032745013535
Estimated difference between T3^fnT3 - (T2^WT3 + h.c.) is: 0.0011380016406646834 1.2950477341555113e-06
total cost: -2.8257778783729117
singles alt: [(6, 0), (7, 1), (8, 0), (9, 1), (10, 0), (11, 1), (6, 2), (7, 3), (8, 2), (9, 3), (10, 2), (11, 3), (6, 4), (7, 5), (8, 4), (9, 5), (10, 4), (11, 5)]
length: 18 99
2*[T] vs T3fnT3: -0.0011380016385309295 0.002276003283889872
Estimated difference between T3^fnT3 - (T2^WT3 + h.c.) is: 0.0011380016453589425 1.2950477448396604e-06
total cost: -2.825777878376661
singles alt: [(6, 0), (7, 1), (8, 0), (9, 1), (10, 0), (11, 1), (6, 2), (7, 3), (8, 2), (9, 3), (10, 2), (11, 3), (6, 4), (7, 5), (8, 4), (9, 5), (10, 4), (11, 5)]
length: 18 99
2*[T] vs T3fnT3: -0.001138001633836672 0.002276003274501358
Estimated difference between T3^fnT3 - (T2^WT3 + h.c.) is: 0.0011380016406646858 1.2950477341555168e-06
total cost: -2.8257778783729073
singles alt: [(6, 0), (7, 1), (8, 0), (9, 1), (10, 0), (11, 1), (6, 2), (7, 3), (8, 2), (9, 3), (10, 2), (11, 3), (6, 4), (7, 5), (8, 4), (9, 5), (10, 4), (11, 5)]
length: 18 99
2*[T] vs T3fnT3: -0.001138001633170125 0.0022760032731682623
Estimated difference between T3^fnT3 - (T2^WT3 + h.c.) is: 0.0011380016399981372 1.2950477326384498e-06
total cost: -2.8257778784539043
singles alt: [(6, 0), (7, 1), (8, 0), (9, 1), (10, 0), (11, 1), (6, 2), (7, 3), (8, 2), (9, 3), (10, 2), (11, 3), (6, 4), (7, 5), (8, 4), (9, 5), (10, 4), (11, 5)]
length: 18 99
2*[T] vs T3fnT3: -0.0011380016338366726 0.0022760032745013587
Estimated difference between T3^fnT3 - (T2^WT3 + h.c.) is: 0.001138001640664686 1.2950477341555172e-06
total cost: -2.825777878372908
singles alt: [(6, 0), (7, 1), (8, 0), (9, 1), (10, 0), (11, 1), (6, 2), (7, 3), (8, 2), (9, 3), (10, 2), (11, 3), (6, 4), (7, 5), (8, 4), (9, 5), (10, 4), (11, 5)]
length: 18 99
2*[T] vs T3fnT3: -0.0011380016402517048 0.002276003287331422
Estimated difference between T3^fnT3 - (T2^WT3 + h.c.) is: 0.0011380016470797173 1.2950477487561496e-06
total cost: -2.825777878455772
singles alt: [(6, 0), (7, 1), (8, 0), (9, 1), (10, 0), (11, 1), (6, 2), (7, 3), (8, 2), (9, 3), (10, 2), (11, 3), (6, 4), (7, 5), (8, 4), (9, 5), (10, 4), (11, 5)]
length: 18 99
2*[T] vs T3fnT3: -0.0011380016338366718 0.0022760032745013565
Estimated difference between T3^fnT3 - (T2^WT3 + h.c.) is: 0.0011380016406646847 1.2950477341555142e-06
total cost: -2.825777878372911
singles alt: [(6, 0), (7, 1), (8, 0), (9, 1), (10, 0), (11, 1), (6, 2), (7, 3), (8, 2), (9, 3), (10, 2), (11, 3), (6, 4), (7, 5), (8, 4), (9, 5), (10, 4), (11, 5)]
length: 18 99
2*[T] vs T3fnT3: -0.0011380016288120908 0.0022760032644521945
Estimated difference between T3^fnT3 - (T2^WT3 + h.c.) is: 0.0011380016356401037 1.2950477227195515e-06
total cost: -2.8257778783068854
singles alt: [(6, 0), (7, 1), (8, 0), (9, 1), (10, 0), (11, 1), (6, 2), (7, 3), (8, 2), (9, 3), (10, 2), (11, 3), (6, 4), (7, 5), (8, 4), (9, 5), (10, 4), (11, 5)]
length: 18 99
2*[T] vs T3fnT3: -0.0011380016338366715 0.0022760032745013565
Estimated difference between T3^fnT3 - (T2^WT3 + h.c.) is: 0.001138001640664685 1.2950477341555149e-06
total cost: -2.82577787837291
singles alt: [(6, 0), (7, 1), (8, 0), (9, 1), (10, 0), (11, 1), (6, 2), (7, 3), (8, 2), (9, 3), (10, 2), (11, 3), (6, 4), (7, 5), (8, 4), (9, 5), (10, 4), (11, 5)]
length: 18 99
2*[T] vs T3fnT3: -0.0011380016335516966 0.0022760032739314057
Estimated difference between T3^fnT3 - (T2^WT3 + h.c.) is: 0.0011380016403797091 1.295047733506909e-06
total cost: -2.8257778782866114
singles alt: [(6, 0), (7, 1), (8, 0), (9, 1), (10, 0), (11, 1), (6, 2), (7, 3), (8, 2), (9, 3), (10, 2), (11, 3), (6, 4), (7, 5), (8, 4), (9, 5), (10, 4), (11, 5)]
length: 18 99
2*[T] vs T3fnT3: -0.0011380016338366711 0.0022760032745013543
Estimated difference between T3^fnT3 - (T2^WT3 + h.c.) is: 0.0011380016406646832 1.2950477341555108e-06
total cost: -2.8257778783729113
singles alt: [(6, 0), (7, 1), (8, 0), (9, 1), (10, 0), (11, 1), (6, 2), (7, 3), (8, 2), (9, 3), (10, 2), (11, 3), (6, 4), (7, 5), (8, 4), (9, 5), (10, 4), (11, 5)]
length: 18 99
2*[T] vs T3fnT3: -0.0011380016436480388 0.002276003294124092
Estimated difference between T3^fnT3 - (T2^WT3 + h.c.) is: 0.001138001650476053 1.2950477564862207e-06
total cost: -2.825777878399767
singles alt: [(6, 0), (7, 1), (8, 0), (9, 1), (10, 0), (11, 1), (6, 2), (7, 3), (8, 2), (9, 3), (10, 2), (11, 3), (6, 4), (7, 5), (8, 4), (9, 5), (10, 4), (11, 5)]
length: 18 99
2*[T] vs T3fnT3: -0.0011380016338366713 0.0022760032745013565
Estimated difference between T3^fnT3 - (T2^WT3 + h.c.) is: 0.0011380016406646852 1.2950477341555153e-06
total cost: -2.825777878372909
singles alt: [(6, 0), (7, 1), (8, 0), (9, 1), (10, 0), (11, 1), (6, 2), (7, 3), (8, 2), (9, 3), (10, 2), (11, 3), (6, 4), (7, 5), (8, 4), (9, 5), (10, 4), (11, 5)]
length: 18 99
2*[T] vs T3fnT3: -0.0011380016382417976 0.00227600328331161
Estimated difference between T3^fnT3 - (T2^WT3 + h.c.) is: 0.0011380016450698123 1.295047744181599e-06
total cost: -2.8257778784012677
singles alt: [(6, 0), (7, 1), (8, 0), (9, 1), (10, 0), (11, 1), (6, 2), (7, 3), (8, 2), (9, 3), (10, 2), (11, 3), (6, 4), (7, 5), (8, 4), (9, 5), (10, 4), (11, 5)]
length: 18 99
2*[T] vs T3fnT3: -0.001138001633836668 0.0022760032745013487
Estimated difference between T3^fnT3 - (T2^WT3 + h.c.) is: 0.0011380016406646806 1.295047734155505e-06
total cost: -2.8257778783729126
singles alt: [(6, 0), (7, 1), (8, 0), (9, 1), (10, 0), (11, 1), (6, 2), (7, 3), (8, 2), (9, 3), (10, 2), (11, 3), (6, 4), (7, 5), (8, 4), (9, 5), (10, 4), (11, 5)]
length: 18 99
2*[T] vs T3fnT3: -0.0011380016355992772 0.0022760032780265683
Estimated difference between T3^fnT3 - (T2^WT3 + h.c.) is: 0.001138001642427291 1.295047738167212e-06
total cost: -2.825777878352267
singles alt: [(6, 0), (7, 1), (8, 0), (9, 1), (10, 0), (11, 1), (6, 2), (7, 3), (8, 2), (9, 3), (10, 2), (11, 3), (6, 4), (7, 5), (8, 4), (9, 5), (10, 4), (11, 5)]
length: 18 99
2*[T] vs T3fnT3: -0.0011380016338366718 0.002276003274501357
Estimated difference between T3^fnT3 - (T2^WT3 + h.c.) is: 0.0011380016406646852 1.2950477341555153e-06
total cost: -2.8257778783729095
singles alt: [(6, 0), (7, 1), (8, 0), (9, 1), (10, 0), (11, 1), (6, 2), (7, 3), (8, 2), (9, 3), (10, 2), (11, 3), (6, 4), (7, 5), (8, 4), (9, 5), (10, 4), (11, 5)]
length: 18 99
2*[T] vs T3fnT3: -0.001138001644616551 0.0022760032960611157
Estimated difference between T3^fnT3 - (T2^WT3 + h.c.) is: 0.0011380016514445648 1.2950477586905566e-06
total cost: -2.825777878338207
singles alt: [(6, 0), (7, 1), (8, 0), (9, 1), (10, 0), (11, 1), (6, 2), (7, 3), (8, 2), (9, 3), (10, 2), (11, 3), (6, 4), (7, 5), (8, 4), (9, 5), (10, 4), (11, 5)]
length: 18 99
2*[T] vs T3fnT3: -0.0011380016338366718 0.002276003274501356
Estimated difference between T3^fnT3 - (T2^WT3 + h.c.) is: 0.0011380016406646843 1.2950477341555134e-06
total cost: -2.8257778783729104
singles alt: [(6, 0), (7, 1), (8, 0), (9, 1), (10, 0), (11, 1), (6, 2), (7, 3), (8, 2), (9, 3), (10, 2), (11, 3), (6, 4), (7, 5), (8, 4), (9, 5), (10, 4), (11, 5)]
length: 18 99
2*[T] vs T3fnT3: -0.001138001633817396 0.0022760032744628053
Estimated difference between T3^fnT3 - (T2^WT3 + h.c.) is: 0.0011380016406454094 1.2950477341116434e-06
total cost: -2.825777878407604
singles alt: [(6, 0), (7, 1), (8, 0), (9, 1), (10, 0), (11, 1), (6, 2), (7, 3), (8, 2), (9, 3), (10, 2), (11, 3), (6, 4), (7, 5), (8, 4), (9, 5), (10, 4), (11, 5)]
length: 18 99
2*[T] vs T3fnT3: -0.0011380016338366694 0.0022760032745013513
Estimated difference between T3^fnT3 - (T2^WT3 + h.c.) is: 0.001138001640664682 1.2950477341555079e-06
total cost: -2.8257778783729095
singles alt: [(6, 0), (7, 1), (8, 0), (9, 1), (10, 0), (11, 1), (6, 2), (7, 3), (8, 2), (9, 3), (10, 2), (11, 3), (6, 4), (7, 5), (8, 4), (9, 5), (10, 4), (11, 5)]
length: 18 99
2*[T] vs T3fnT3: -0.0011380016391727503 0.0022760032851735137
Estimated difference between T3^fnT3 - (T2^WT3 + h.c.) is: 0.0011380016460007633 1.2950477463004467e-06
total cost: -2.825777878348486
singles alt: [(6, 0), (7, 1), (8, 0), (9, 1), (10, 0), (11, 1), (6, 2), (7, 3), (8, 2), (9, 3), (10, 2), (11, 3), (6, 4), (7, 5), (8, 4), (9, 5), (10, 4), (11, 5)]
length: 18 99
2*[T] vs T3fnT3: -0.001138001633836668 0.002276003274501349
Estimated difference between T3^fnT3 - (T2^WT3 + h.c.) is: 0.001138001640664681 1.295047734155506e-06
total cost: -2.8257778783729104
singles alt: [(6, 0), (7, 1), (8, 0), (9, 1), (10, 0), (11, 1), (6, 2), (7, 3), (8, 2), (9, 3), (10, 2), (11, 3), (6, 4), (7, 5), (8, 4), (9, 5), (10, 4), (11, 5)]
length: 18 99
2*[T] vs T3fnT3: -0.0011380016322047658 0.0022760032712375463
Estimated difference between T3^fnT3 - (T2^WT3 + h.c.) is: 0.0011380016390327805 1.2950477304412949e-06
total cost: -2.8257778783470373
singles alt: [(6, 0), (7, 1), (8, 0), (9, 1), (10, 0), (11, 1), (6, 2), (7, 3), (8, 2), (9, 3), (10, 2), (11, 3), (6, 4), (7, 5), (8, 4), (9, 5), (10, 4), (11, 5)]
length: 18 99
2*[T] vs T3fnT3: -0.0011380016338366696 0.002276003274501352
Estimated difference between T3^fnT3 - (T2^WT3 + h.c.) is: 0.0011380016406646826 1.2950477341555094e-06
total cost: -2.8257778783729117
singles alt: [(6, 0), (7, 1), (8, 0), (9, 1), (10, 0), (11, 1), (6, 2), (7, 3), (8, 2), (9, 3), (10, 2), (11, 3), (6, 4), (7, 5), (8, 4), (9, 5), (10, 4), (11, 5)]
length: 18 99
2*[T] vs T3fnT3: -0.0011380016335315992 0.002276003273891211
Estimated difference between T3^fnT3 - (T2^WT3 + h.c.) is: 0.0011380016403596117 1.295047733461167e-06
total cost: -2.825777878319644
singles alt: [(6, 0), (7, 1), (8, 0), (9, 1), (10, 0), (11, 1), (6, 2), (7, 3), (8, 2), (9, 3), (10, 2), (11, 3), (6, 4), (7, 5), (8, 4), (9, 5), (10, 4), (11, 5)]
length: 18 99
2*[T] vs T3fnT3: -0.00113800163383667 0.002276003274501354
Estimated difference between T3^fnT3 - (T2^WT3 + h.c.) is: 0.0011380016406646839 1.2950477341555123e-06
total cost: -2.825777878372909
singles alt: [(6, 0), (7, 1), (8, 0), (9, 1), (10, 0), (11, 1), (6, 2), (7, 3), (8, 2), (9, 3), (10, 2), (11, 3), (6, 4), (7, 5), (8, 4), (9, 5), (10, 4), (11, 5)]
length: 18 99
2*[T] vs T3fnT3: -0.0011380016288259152 0.0022760032644798434
Estimated difference between T3^fnT3 - (T2^WT3 + h.c.) is: 0.0011380016356539282 1.2950477227510158e-06
total cost: -2.8257778783309018
singles alt: [(6, 0), (7, 1), (8, 0), (9, 1), (10, 0), (11, 1), (6, 2), (7, 3), (8, 2), (9, 3), (10, 2), (11, 3), (6, 4), (7, 5), (8, 4), (9, 5), (10, 4), (11, 5)]
length: 18 99
2*[T] vs T3fnT3: -0.0011380016338366666 0.0022760032745013465
Estimated difference between T3^fnT3 - (T2^WT3 + h.c.) is: 0.00113800164066468 1.2950477341555034e-06
total cost: -2.825777878372912
singles alt: [(6, 0), (7, 1), (8, 0), (9, 1), (10, 0), (11, 1), (6, 2), (7, 3), (8, 2), (9, 3), (10, 2), (11, 3), (6, 4), (7, 5), (8, 4), (9, 5), (10, 4), (11, 5)]
length: 18 99
2*[T] vs T3fnT3: -0.0011380016385259815 0.002276003283879976
Estimated difference between T3^fnT3 - (T2^WT3 + h.c.) is: 0.0011380016453539944 1.2950477448283985e-06
total cost: -2.825777878392006
singles alt: [(6, 0), (7, 1), (8, 0), (9, 1), (10, 0), (11, 1), (6, 2), (7, 3), (8, 2), (9, 3), (10, 2), (11, 3), (6, 4), (7, 5), (8, 4), (9, 5), (10, 4), (11, 5)]
length: 18 99
2*[T] vs T3fnT3: -0.001138001633836669 0.002276003274501351
Estimated difference between T3^fnT3 - (T2^WT3 + h.c.) is: 0.001138001640664682 1.2950477341555079e-06
total cost: -2.8257778783729086
singles alt: [(6, 0), (7, 1), (8, 0), (9, 1), (10, 0), (11, 1), (6, 2), (7, 3), (8, 2), (9, 3), (10, 2), (11, 3), (6, 4), (7, 5), (8, 4), (9, 5), (10, 4), (11, 5)]
length: 18 99
2*[T] vs T3fnT3: -0.0011380016439792788 0.0022760032947865723
Estimated difference between T3^fnT3 - (T2^WT3 + h.c.) is: 0.0011380016508072935 1.2950477572401252e-06
total cost: -2.8257778784021945
singles alt: [(6, 0), (7, 1), (8, 0), (9, 1), (10, 0), (11, 1), (6, 2), (7, 3), (8, 2), (9, 3), (10, 2), (11, 3), (6, 4), (7, 5), (8, 4), (9, 5), (10, 4), (11, 5)]
length: 18 99
2*[T] vs T3fnT3: -0.0011380016338366676 0.002276003274501349
Estimated difference between T3^fnT3 - (T2^WT3 + h.c.) is: 0.0011380016406646815 1.2950477341555068e-06
total cost: -2.8257778783729113
singles alt: [(6, 0), (7, 1), (8, 0), (9, 1), (10, 0), (11, 1), (6, 2), (7, 3), (8, 2), (9, 3), (10, 2), (11, 3), (6, 4), (7, 5), (8, 4), (9, 5), (10, 4), (11, 5)]
length: 18 99
2*[T] vs T3fnT3: -0.0011380016411932702 0.0022760032892145537
Estimated difference between T3^fnT3 - (T2^WT3 + h.c.) is: 0.0011380016480212836 1.2950477508991573e-06
total cost: -2.825777878399893
singles alt: [(6, 0), (7, 1), (8, 0), (9, 1), (10, 0), (11, 1), (6, 2), (7, 3), (8, 2), (9, 3), (10, 2), (11, 3), (6, 4), (7, 5), (8, 4), (9, 5), (10, 4), (11, 5)]
length: 18 99
2*[T] vs T3fnT3: -0.0011380016338366707 0.0022760032745013543
Estimated difference between T3^fnT3 - (T2^WT3 + h.c.) is: 0.0011380016406646837 1.2950477341555119e-06
total cost: -2.8257778783729117
singles alt: [(6, 0), (7, 1), (8, 0), (9, 1), (10, 0), (11, 1), (6, 2), (7, 3), (8, 2), (9, 3), (10, 2), (11, 3), (6, 4), (7, 5), (8, 4), (9, 5), (10, 4), (11, 5)]
length: 18 99
2*[T] vs T3fnT3: -0.0011380016303061365 0.0022760032674402856
Estimated difference between T3^fnT3 - (T2^WT3 + h.c.) is: 0.001138001637134149 1.2950477261200034e-06
total cost: -2.8257778784367202
singles alt: [(6, 0), (7, 1), (8, 0), (9, 1), (10, 0), (11, 1), (6, 2), (7, 3), (8, 2), (9, 3), (10, 2), (11, 3), (6, 4), (7, 5), (8, 4), (9, 5), (10, 4), (11, 5)]
length: 18 99
2*[T] vs T3fnT3: -0.001138001633836668 0.0022760032745013483
Estimated difference between T3^fnT3 - (T2^WT3 + h.c.) is: 0.0011380016406646802 1.2950477341555038e-06
total cost: -2.8257778783729113
singles alt: [(6, 0), (7, 1), (8, 0), (9, 1), (10, 0), (11, 1), (6, 2), (7, 3), (8, 2), (9, 3), (10, 2), (11, 3), (6, 4), (7, 5), (8, 4), (9, 5), (10, 4), (11, 5)]
length: 18 99
2*[T] vs T3fnT3: -0.0011380016521290828 0.002276003311086179
Estimated difference between T3^fnT3 - (T2^WT3 + h.c.) is: 0.0011380016589570962 1.295047775789103e-06
total cost: -2.8257778783699283
singles alt: [(6, 0), (7, 1), (8, 0), (9, 1), (10, 0), (11, 1), (6, 2), (7, 3), (8, 2), (9, 3), (10, 2), (11, 3), (6, 4), (7, 5), (8, 4), (9, 5), (10, 4), (11, 5)]
length: 18 99
2*[T] vs T3fnT3: -0.0011380016338366728 0.0022760032745013582
Estimated difference between T3^fnT3 - (T2^WT3 + h.c.) is: 0.0011380016406646854 1.2950477341555157e-06
total cost: -2.8257778783729086
singles alt: [(6, 0), (7, 1), (8, 0), (9, 1), (10, 0), (11, 1), (6, 2), (7, 3), (8, 2), (9, 3), (10, 2), (11, 3), (6, 4), (7, 5), (8, 4), (9, 5), (10, 4), (11, 5)]
length: 18 99
2*[T] vs T3fnT3: -0.0011380016304629384 0.00227600326775389
Estimated difference between T3^fnT3 - (T2^WT3 + h.c.) is: 0.0011380016372909518 1.295047726476887e-06
total cost: -2.825777878442699
singles alt: [(6, 0), (7, 1), (8, 0), (9, 1), (10, 0), (11, 1), (6, 2), (7, 3), (8, 2), (9, 3), (10, 2), (11, 3), (6, 4), (7, 5), (8, 4), (9, 5), (10, 4), (11, 5)]
length: 18 99
2*[T] vs T3fnT3: -0.0011380016338366715 0.0022760032745013543
Estimated difference between T3^fnT3 - (T2^WT3 + h.c.) is: 0.0011380016406646828 1.2950477341555098e-06
total cost: -2.8257778783729073
singles alt: [(6, 0), (7, 1), (8, 0), (9, 1), (10, 0), (11, 1), (6, 2), (7, 3), (8, 2), (9, 3), (10, 2), (11, 3), (6, 4), (7, 5), (8, 4), (9, 5), (10, 4), (11, 5)]
length: 18 99
2*[T] vs T3fnT3: -0.001138001633148321 0.0022760032731246544
Estimated difference between T3^fnT3 - (T2^WT3 + h.c.) is: 0.0011380016399763335 1.2950477325888245e-06
total cost: -2.82577787843078
singles alt: [(6, 0), (7, 1), (8, 0), (9, 1), (10, 0), (11, 1), (6, 2), (7, 3), (8, 2), (9, 3), (10, 2), (11, 3), (6, 4), (7, 5), (8, 4), (9, 5), (10, 4), (11, 5)]
length: 18 99
2*[T] vs T3fnT3: -0.00113800163383667 0.002276003274501353
Estimated difference between T3^fnT3 - (T2^WT3 + h.c.) is: 0.001138001640664683 1.2950477341555104e-06
total cost: -2.8257778783729086
singles alt: [(6, 0), (7, 1), (8, 0), (9, 1), (10, 0), (11, 1), (6, 2), (7, 3), (8, 2), (9, 3), (10, 2), (11, 3), (6, 4), (7, 5), (8, 4), (9, 5), (10, 4), (11, 5)]
length: 18 99
2*[T] vs T3fnT3: -0.0011380016367429418 0.002276003280313897
Estimated difference between T3^fnT3 - (T2^WT3 + h.c.) is: 0.0011380016435709552 1.2950477407701955e-06
total cost: -2.8257778783803364
singles alt: [(6, 0), (7, 1), (8, 0), (9, 1), (10, 0), (11, 1), (6, 2), (7, 3), (8, 2), (9, 3), (10, 2), (11, 3), (6, 4), (7, 5), (8, 4), (9, 5), (10, 4), (11, 5)]
length: 18 99
2*[T] vs T3fnT3: -0.0011380016338366733 0.002276003274501359
Estimated difference between T3^fnT3 - (T2^WT3 + h.c.) is: 0.0011380016406646858 1.2950477341555168e-06
total cost: -2.82577787837291
singles alt: [(6, 0), (7, 1), (8, 0), (9, 1), (10, 0), (11, 1), (6, 2), (7, 3), (8, 2), (9, 3), (10, 2), (11, 3), (6, 4), (7, 5), (8, 4), (9, 5), (10, 4), (11, 5)]
length: 18 99
2*[T] vs T3fnT3: -0.0011380016400863193 0.00227600328700065
Estimated difference between T3^fnT3 - (T2^WT3 + h.c.) is: 0.001138001646914331 1.2950477483797296e-06
total cost: -2.825777878384946
singles alt: [(6, 0), (7, 1), (8, 0), (9, 1), (10, 0), (11, 1), (6, 2), (7, 3), (8, 2), (9, 3), (10, 2), (11, 3), (6, 4), (7, 5), (8, 4), (9, 5), (10, 4), (11, 5)]
length: 18 99
2*[T] vs T3fnT3: -0.001138001633836674 0.0022760032745013604
Estimated difference between T3^fnT3 - (T2^WT3 + h.c.) is: 0.0011380016406646865 1.2950477341555182e-06
total cost: -2.825777878372909
singles alt: [(6, 0), (7, 1), (8, 0), (9, 1), (10, 0), (11, 1), (6, 2), (7, 3), (8, 2), (9, 3), (10, 2), (11, 3), (6, 4), (7, 5), (8, 4), (9, 5), (10, 4), (11, 5)]
length: 18 99
2*[T] vs T3fnT3: -0.0011380016303820914 0.0022760032675921953
Estimated difference between T3^fnT3 - (T2^WT3 + h.c.) is: 0.001138001637210104 1.295047726292877e-06
total cost: -2.825777878385067
singles alt: [(6, 0), (7, 1), (8, 0), (9, 1), (10, 0), (11, 1), (6, 2), (7, 3), (8, 2), (9, 3), (10, 2), (11, 3), (6, 4), (7, 5), (8, 4), (9, 5), (10, 4), (11, 5)]
length: 18 99
2*[T] vs T3fnT3: -0.0011380016338366715 0.002276003274501356
Estimated difference between T3^fnT3 - (T2^WT3 + h.c.) is: 0.0011380016406646845 1.2950477341555138e-06
total cost: -2.825777878372911
singles alt: [(6, 0), (7, 1), (8, 0), (9, 1), (10, 0), (11, 1), (6, 2), (7, 3), (8, 2), (9, 3), (10, 2), (11, 3), (6, 4), (7, 5), (8, 4), (9, 5), (10, 4), (11, 5)]
length: 18 99
2*[T] vs T3fnT3: -0.001138001632267362 0.002276003271362737
Estimated difference between T3^fnT3 - (T2^WT3 + h.c.) is: 0.001138001639095375 1.29504773058376e-06
total cost: -2.825777878389054
singles alt: [(6, 0), (7, 1), (8, 0), (9, 1), (10, 0), (11, 1), (6, 2), (7, 3), (8, 2), (9, 3), (10, 2), (11, 3), (6, 4), (7, 5), (8, 4), (9, 5), (10, 4), (11, 5)]
length: 18 99
2*[T] vs T3fnT3: -0.0011380016338366735 0.0022760032745013595
Estimated difference between T3^fnT3 - (T2^WT3 + h.c.) is: 0.001138001640664686 1.2950477341555172e-06
total cost: -2.825777878372908
singles alt: [(6, 0), (7, 1), (8, 0), (9, 1), (10, 0), (11, 1), (6, 2), (7, 3), (8, 2), (9, 3), (10, 2), (11, 3), (6, 4), (7, 5), (8, 4), (9, 5), (10, 4), (11, 5)]
length: 18 99
2*[T] vs T3fnT3: -0.0011380016351371124 0.0022760032771022374
Estimated difference between T3^fnT3 - (T2^WT3 + h.c.) is: 0.001138001641965125 1.2950477371153205e-06
total cost: -2.82577787834951
singles alt: [(6, 0), (7, 1), (8, 0), (9, 1), (10, 0), (11, 1), (6, 2), (7, 3), (8, 2), (9, 3), (10, 2), (11, 3), (6, 4), (7, 5), (8, 4), (9, 5), (10, 4), (11, 5)]
length: 18 99
2*[T] vs T3fnT3: -0.0011380016338366707 0.0022760032745013543
Estimated difference between T3^fnT3 - (T2^WT3 + h.c.) is: 0.0011380016406646837 1.2950477341555119e-06
total cost: -2.82577787837291
singles alt: [(6, 0), (7, 1), (8, 0), (9, 1), (10, 0), (11, 1), (6, 2), (7, 3), (8, 2), (9, 3), (10, 2), (11, 3), (6, 4), (7, 5), (8, 4), (9, 5), (10, 4), (11, 5)]
length: 18 99
2*[T] vs T3fnT3: -0.0011380016396453265 0.002276003286118667
Estimated difference between T3^fnT3 - (T2^WT3 + h.c.) is: 0.0011380016464733404 1.2950477473760337e-06
total cost: -2.8257778783572904
singles alt: [(6, 0), (7, 1), (8, 0), (9, 1), (10, 0), (11, 1), (6, 2), (7, 3), (8, 2), (9, 3), (10, 2), (11, 3), (6, 4), (7, 5), (8, 4), (9, 5), (10, 4), (11, 5)]
length: 18 99
2*[T] vs T3fnT3: -0.0011380016338366702 0.0022760032745013535
Estimated difference between T3^fnT3 - (T2^WT3 + h.c.) is: 0.0011380016406646832 1.2950477341555108e-06
total cost: -2.82577787837291
singles alt: [(6, 0), (7, 1), (8, 0), (9, 1), (10, 0), (11, 1), (6, 2), (7, 3), (8, 2), (9, 3), (10, 2), (11, 3), (6, 4), (7, 5), (8, 4), (9, 5), (10, 4), (11, 5)]
length: 18 99
2*[T] vs T3fnT3: -0.0011380016338467568 0.0022760032745215266
Estimated difference between T3^fnT3 - (T2^WT3 + h.c.) is: 0.0011380016406747698 1.2950477341784678e-06
total cost: -2.8257778783865835
singles alt: [(6, 0), (7, 1), (8, 0), (9, 1), (10, 0), (11, 1), (6, 2), (7, 3), (8, 2), (9, 3), (10, 2), (11, 3), (6, 4), (7, 5), (8, 4), (9, 5), (10, 4), (11, 5)]
length: 18 99
2*[T] vs T3fnT3: -0.0011380016338366698 0.002276003274501352
Estimated difference between T3^fnT3 - (T2^WT3 + h.c.) is: 0.0011380016406646824 1.295047734155509e-06
total cost: -2.8257778783729104
singles alt: [(6, 0), (7, 1), (8, 0), (9, 1), (10, 0), (11, 1), (6, 2), (7, 3), (8, 2), (9, 3), (10, 2), (11, 3), (6, 4), (7, 5), (8, 4), (9, 5), (10, 4), (11, 5)]
length: 18 99
2*[T] vs T3fnT3: -0.0011380016446606454 0.0022760032961493034
Estimated difference between T3^fnT3 - (T2^WT3 + h.c.) is: 0.001138001651488658 1.295047758790913e-06
total cost: -2.8257778783427727
singles alt: [(6, 0), (7, 1), (8, 0), (9, 1), (10, 0), (11, 1), (6, 2), (7, 3), (8, 2), (9, 3), (10, 2), (11, 3), (6, 4), (7, 5), (8, 4), (9, 5), (10, 4), (11, 5)]
length: 18 99
2*[T] vs T3fnT3: -0.0011380016338366694 0.002276003274501352
Estimated difference between T3^fnT3 - (T2^WT3 + h.c.) is: 0.0011380016406646828 1.2950477341555098e-06
total cost: -2.825777878372909
singles alt: [(6, 0), (7, 1), (8, 0), (9, 1), (10, 0), (11, 1), (6, 2), (7, 3), (8, 2), (9, 3), (10, 2), (11, 3), (6, 4), (7, 5), (8, 4), (9, 5), (10, 4), (11, 5)]
length: 18 99
2*[T] vs T3fnT3: -0.0011380016323252228 0.002276003271478459
Estimated difference between T3^fnT3 - (T2^WT3 + h.c.) is: 0.0011380016391532362 1.2950477307154525e-06
total cost: -2.8257778783445358
singles alt: [(6, 0), (7, 1), (8, 0), (9, 1), (10, 0), (11, 1), (6, 2), (7, 3), (8, 2), (9, 3), (10, 2), (11, 3), (6, 4), (7, 5), (8, 4), (9, 5), (10, 4), (11, 5)]
length: 18 99
2*[T] vs T3fnT3: -0.0011380016338366711 0.0022760032745013548
Estimated difference between T3^fnT3 - (T2^WT3 + h.c.) is: 0.0011380016406646837 1.2950477341555119e-06
total cost: -2.82577787837291
singles alt: [(6, 0), (7, 1), (8, 0), (9, 1), (10, 0), (11, 1), (6, 2), (7, 3), (8, 2), (9, 3), (10, 2), (11, 3), (6, 4), (7, 5), (8, 4), (9, 5), (10, 4), (11, 5)]
length: 18 99
2*[T] vs T3fnT3: -0.001138001639960984 0.002276003286749981
Estimated difference between T3^fnT3 - (T2^WT3 + h.c.) is: 0.001138001646788997 1.295047748094469e-06
total cost: -2.825777878371886
singles alt: [(6, 0), (7, 1), (8, 0), (9, 1), (10, 0), (11, 1), (6, 2), (7, 3), (8, 2), (9, 3), (10, 2), (11, 3), (6, 4), (7, 5), (8, 4), (9, 5), (10, 4), (11, 5)]
length: 18 99
2*[T] vs T3fnT3: -0.0011380016338366698 0.0022760032745013517
Estimated difference between T3^fnT3 - (T2^WT3 + h.c.) is: 0.001138001640664682 1.2950477341555079e-06
total cost: -2.82577787837291
singles alt: [(6, 0), (7, 1), (8, 0), (9, 1), (10, 0), (11, 1), (6, 2), (7, 3), (8, 2), (9, 3), (10, 2), (11, 3), (6, 4), (7, 5), (8, 4), (9, 5), (10, 4), (11, 5)]
length: 18 99
2*[T] vs T3fnT3: -0.0011380016366977653 0.0022760032802235444
Estimated difference between T3^fnT3 - (T2^WT3 + h.c.) is: 0.0011380016435257791 1.2950477406673746e-06
total cost: -2.8257778783754435
singles alt: [(6, 0), (7, 1), (8, 0), (9, 1), (10, 0), (11, 1), (6, 2), (7, 3), (8, 2), (9, 3), (10, 2), (11, 3), (6, 4), (7, 5), (8, 4), (9, 5), (10, 4), (11, 5)]
length: 18 99
2*[T] vs T3fnT3: -0.0011380016338366696 0.0022760032745013513
Estimated difference between T3^fnT3 - (T2^WT3 + h.c.) is: 0.0011380016406646817 1.2950477341555074e-06
total cost: -2.825777878372908
singles alt: [(6, 0), (7, 1), (8, 0), (9, 1), (10, 0), (11, 1), (6, 2), (7, 3), (8, 2), (9, 3), (10, 2), (11, 3), (6, 4), (7, 5), (8, 4), (9, 5), (10, 4), (11, 5)]
length: 18 99
2*[T] vs T3fnT3: -0.0011380016321603159 0.0022760032711486447
Estimated difference between T3^fnT3 - (T2^WT3 + h.c.) is: 0.0011380016389883289 1.2950477303401227e-06
total cost: -2.8257778783971355
singles alt: [(6, 0), (7, 1), (8, 0), (9, 1), (10, 0), (11, 1), (6, 2), (7, 3), (8, 2), (9, 3), (10, 2), (11, 3), (6, 4), (7, 5), (8, 4), (9, 5), (10, 4), (11, 5)]
length: 18 99
2*[T] vs T3fnT3: -0.00113800163383667 0.0022760032745013526
Estimated difference between T3^fnT3 - (T2^WT3 + h.c.) is: 0.0011380016406646826 1.2950477341555094e-06
total cost: -2.82577787837291
singles alt: [(6, 0), (7, 1), (8, 0), (9, 1), (10, 0), (11, 1), (6, 2), (7, 3), (8, 2), (9, 3), (10, 2), (11, 3), (6, 4), (7, 5), (8, 4), (9, 5), (10, 4), (11, 5)]
length: 18 99
2*[T] vs T3fnT3: -0.0011380016302711636 0.00227600326737034
Estimated difference between T3^fnT3 - (T2^WT3 + h.c.) is: 0.0011380016370991762 1.2950477260404052e-06
total cost: -2.825777878385995
singles alt: [(6, 0), (7, 1), (8, 0), (9, 1), (10, 0), (11, 1), (6, 2), (7, 3), (8, 2), (9, 3), (10, 2), (11, 3), (6, 4), (7, 5), (8, 4), (9, 5), (10, 4), (11, 5)]
length: 18 99
2*[T] vs T3fnT3: -0.0011380016338366711 0.002276003274501355
Estimated difference between T3^fnT3 - (T2^WT3 + h.c.) is: 0.001138001640664684 1.2950477341555127e-06
total cost: -2.8257778783729095
singles alt: [(6, 0), (7, 1), (8, 0), (9, 1), (10, 0), (11, 1), (6, 2), (7, 3), (8, 2), (9, 3), (10, 2), (11, 3), (6, 4), (7, 5), (8, 4), (9, 5), (10, 4), (11, 5)]
length: 18 99
2*[T] vs T3fnT3: -0.0011380016413453087 0.002276003289518629
Estimated difference between T3^fnT3 - (T2^WT3 + h.c.) is: 0.0011380016481733204 1.2950477512451936e-06
total cost: -2.8257778783727447
singles alt: [(6, 0), (7, 1), (8, 0), (9, 1), (10, 0), (11, 1), (6, 2), (7, 3), (8, 2), (9, 3), (10, 2), (11, 3), (6, 4), (7, 5), (8, 4), (9, 5), (10, 4), (11, 5)]
length: 18 99
2*[T] vs T3fnT3: -0.0011380016338366694 0.0022760032745013517
Estimated difference between T3^fnT3 - (T2^WT3 + h.c.) is: 0.0011380016406646824 1.295047734155509e-06
total cost: -2.825777878372911
singles alt: [(6, 0), (7, 1), (8, 0), (9, 1), (10, 0), (11, 1), (6, 2), (7, 3), (8, 2), (9, 3), (10, 2), (11, 3), (6, 4), (7, 5), (8, 4), (9, 5), (10, 4), (11, 5)]
length: 18 99
2*[T] vs T3fnT3: -0.0011380016323079313 0.0022760032714438756
Estimated difference between T3^fnT3 - (T2^WT3 + h.c.) is: 0.0011380016391359443 1.295047730676096e-06
total cost: -2.825777878401145
singles alt: [(6, 0), (7, 1), (8, 0), (9, 1), (10, 0), (11, 1), (6, 2), (7, 3), (8, 2), (9, 3), (10, 2), (11, 3), (6, 4), (7, 5), (8, 4), (9, 5), (10, 4), (11, 5)]
length: 18 99
2*[T] vs T3fnT3: -0.00113800163383667 0.002276003274501352
Estimated difference between T3^fnT3 - (T2^WT3 + h.c.) is: 0.0011380016406646821 1.2950477341555083e-06
total cost: -2.82577787837291
singles alt: [(6, 0), (7, 1), (8, 0), (9, 1), (10, 0), (11, 1), (6, 2), (7, 3), (8, 2), (9, 3), (10, 2), (11, 3), (6, 4), (7, 5), (8, 4), (9, 5), (10, 4), (11, 5)]
length: 18 99
2*[T] vs T3fnT3: -0.001138001647402005 0.0022760033016320214
Estimated difference between T3^fnT3 - (T2^WT3 + h.c.) is: 0.0011380016542300163 1.2950477650302537e-06
total cost: -2.825777878351897
singles alt: [(6, 0), (7, 1), (8, 0), (9, 1), (10, 0), (11, 1), (6, 2), (7, 3), (8, 2), (9, 3), (10, 2), (11, 3), (6, 4), (7, 5), (8, 4), (9, 5), (10, 4), (11, 5)]
length: 18 99
2*[T] vs T3fnT3: -0.0011380016338366718 0.0022760032745013556
Estimated difference between T3^fnT3 - (T2^WT3 + h.c.) is: 0.0011380016406646839 1.2950477341555123e-06
total cost: -2.8257778783729086
singles alt: [(6, 0), (7, 1), (8, 0), (9, 1), (10, 0), (11, 1), (6, 2), (7, 3), (8, 2), (9, 3), (10, 2), (11, 3), (6, 4), (7, 5), (8, 4), (9, 5), (10, 4), (11, 5)]
length: 18 99
2*[T] vs T3fnT3: -0.0011380016323816607 0.002276003271591333
Estimated difference between T3^fnT3 - (T2^WT3 + h.c.) is: 0.0011380016392096724 1.2950477308439015e-06
total cost: -2.825777878408379
singles alt: [(6, 0), (7, 1), (8, 0), (9, 1), (10, 0), (11, 1), (6, 2), (7, 3), (8, 2), (9, 3), (10, 2), (11, 3), (6, 4), (7, 5), (8, 4), (9, 5), (10, 4), (11, 5)]
length: 18 99
2*[T] vs T3fnT3: -0.0011380016338366726 0.0022760032745013582
Estimated difference between T3^fnT3 - (T2^WT3 + h.c.) is: 0.0011380016406646856 1.2950477341555163e-06
total cost: -2.8257778783729086
singles alt: [(6, 0), (7, 1), (8, 0), (9, 1), (10, 0), (11, 1), (6, 2), (7, 3), (8, 2), (9, 3), (10, 2), (11, 3), (6, 4), (7, 5), (8, 4), (9, 5), (10, 4), (11, 5)]
length: 18 99
2*[T] vs T3fnT3: -0.0011380016374762404 0.0022760032817804917
Estimated difference between T3^fnT3 - (T2^WT3 + h.c.) is: 0.0011380016443042513 1.2950477424391797e-06
total cost: -2.825777878369337
singles alt: [(6, 0), (7, 1), (8, 0), (9, 1), (10, 0), (11, 1), (6, 2), (7, 3), (8, 2), (9, 3), (10, 2), (11, 3), (6, 4), (7, 5), (8, 4), (9, 5), (10, 4), (11, 5)]
length: 18 99
2*[T] vs T3fnT3: -0.001138001633132206 0.002276003273092425
Estimated difference between T3^fnT3 - (T2^WT3 + h.c.) is: 0.001138001639960219 1.2950477325521478e-06
total cost: -2.825777878377408
singles alt: [(6, 0), (7, 1), (8, 0), (9, 1), (10, 0), (11, 1), (6, 2), (7, 3), (8, 2), (9, 3), (10, 2), (11, 3), (6, 4), (7, 5), (8, 4), (9, 5), (10, 4), (11, 5)]
length: 18 99
2*[T] vs T3fnT3: -0.001138001632895299 0.0022760032726186104
Estimated difference between T3^fnT3 - (T2^WT3 + h.c.) is: 0.0011380016397233115 1.2950477320129457e-06
total cost: -2.8257778783768535
singles alt: [(6, 0), (7, 1), (8, 0), (9, 1), (10, 0), (11, 1), (6, 2), (7, 3), (8, 2), (9, 3), (10, 2), (11, 3), (6, 4), (7, 5), (8, 4), (9, 5), (10, 4), (11, 5)]
length: 18 99
2*[T] vs T3fnT3: -0.0011380016338366668 0.0022760032745013474
Estimated difference between T3^fnT3 - (T2^WT3 + h.c.) is: 0.0011380016406646806 1.295047734155505e-06
total cost: -2.8257778783729104
singles alt: [(6, 0), (7, 1), (8, 0), (9, 1), (10, 0), (11, 1), (6, 2), (7, 3), (8, 2), (9, 3), (10, 2), (11, 3), (6, 4), (7, 5), (8, 4), (9, 5), (10, 4), (11, 5)]
length: 18 99
2*[T] vs T3fnT3: -0.0011380016338366718 0.002276003274501356
Estimated difference between T3^fnT3 - (T2^WT3 + h.c.) is: 0.0011380016406646843 1.2950477341555134e-06
total cost: -2.82577787837291
singles alt: [(6, 0), (7, 1), (8, 0), (9, 1), (10, 0), (11, 1), (6, 2), (7, 3), (8, 2), (9, 3), (10, 2), (11, 3), (6, 4), (7, 5), (8, 4), (9, 5), (10, 4), (11, 5)]
length: 18 99
2*[T] vs T3fnT3: -0.001138001630829129 0.002276003268486271
Estimated difference between T3^fnT3 - (T2^WT3 + h.c.) is: 0.001138001637657142 1.295047727310337e-06
total cost: -2.8257778783770147
singles alt: [(6, 0), (7, 1), (8, 0), (9, 1), (10, 0), (11, 1), (6, 2), (7, 3), (8, 2), (9, 3), (10, 2), (11, 3), (6, 4), (7, 5), (8, 4), (9, 5), (10, 4), (11, 5)]
length: 18 99
2*[T] vs T3fnT3: -0.001138001630712968 0.0022760032682539494
Estimated difference between T3^fnT3 - (T2^WT3 + h.c.) is: 0.0011380016375409814 1.2950477270459552e-06
total cost: -2.825777878385033
singles alt: [(6, 0), (7, 1), (8, 0), (9, 1), (10, 0), (11, 1), (6, 2), (7, 3), (8, 2), (9, 3), (10, 2), (11, 3), (6, 4), (7, 5), (8, 4), (9, 5), (10, 4), (11, 5)]
length: 18 99
2*[T] vs T3fnT3: -0.001138001633836668 0.002276003274501349
Estimated difference between T3^fnT3 - (T2^WT3 + h.c.) is: 0.001138001640664681 1.295047734155506e-06
total cost: -2.82577787837291
singles alt: [(6, 0), (7, 1), (8, 0), (9, 1), (10, 0), (11, 1), (6, 2), (7, 3), (8, 2), (9, 3), (10, 2), (11, 3), (6, 4), (7, 5), (8, 4), (9, 5), (10, 4), (11, 5)]
length: 18 99
2*[T] vs T3fnT3: -0.0011380016338366692 0.0022760032745013517
Estimated difference between T3^fnT3 - (T2^WT3 + h.c.) is: 0.0011380016406646826 1.2950477341555094e-06
total cost: -2.82577787837291
singles alt: [(6, 0), (7, 1), (8, 0), (9, 1), (10, 0), (11, 1), (6, 2), (7, 3), (8, 2), (9, 3), (10, 2), (11, 3), (6, 4), (7, 5), (8, 4), (9, 5), (10, 4), (11, 5)]
length: 18 99
2*[T] vs T3fnT3: -0.0011380016387624295 0.0022760032843528724
Estimated difference between T3^fnT3 - (T2^WT3 + h.c.) is: 0.001138001645590443 1.295047745366556e-06
total cost: -2.825777878388109
singles alt: [(6, 0), (7, 1), (8, 0), (9, 1), (10, 0), (11, 1), (6, 2), (7, 3), (8, 2), (9, 3), (10, 2), (11, 3), (6, 4), (7, 5), (8, 4), (9, 5), (10, 4), (11, 5)]
length: 18 99
2*[T] vs T3fnT3: -0.0011380016386957398 0.0022760032842194917
Estimated difference between T3^fnT3 - (T2^WT3 + h.c.) is: 0.0011380016455237519 1.295047745214767e-06
total cost: -2.8257778783846224
singles alt: [(6, 0), (7, 1), (8, 0), (9, 1), (10, 0), (11, 1), (6, 2), (7, 3), (8, 2), (9, 3), (10, 2), (11, 3), (6, 4), (7, 5), (8, 4), (9, 5), (10, 4), (11, 5)]
length: 18 99
2*[T] vs T3fnT3: -0.00113800163383667 0.0022760032745013543
Estimated difference between T3^fnT3 - (T2^WT3 + h.c.) is: 0.0011380016406646843 1.2950477341555134e-06
total cost: -2.82577787837291
singles alt: [(6, 0), (7, 1), (8, 0), (9, 1), (10, 0), (11, 1), (6, 2), (7, 3), (8, 2), (9, 3), (10, 2), (11, 3), (6, 4), (7, 5), (8, 4), (9, 5), (10, 4), (11, 5)]
length: 18 99
2*[T] vs T3fnT3: -0.0011380016338366685 0.0022760032745013496
Estimated difference between T3^fnT3 - (T2^WT3 + h.c.) is: 0.001138001640664681 1.295047734155506e-06
total cost: -2.8257778783729104
singles alt: [(6, 0), (7, 1), (8, 0), (9, 1), (10, 0), (11, 1), (6, 2), (7, 3), (8, 2), (9, 3), (10, 2), (11, 3), (6, 4), (7, 5), (8, 4), (9, 5), (10, 4), (11, 5)]
length: 18 99
2*[T] vs T3fnT3: -0.0011380016364341925 0.0022760032796963984
Estimated difference between T3^fnT3 - (T2^WT3 + h.c.) is: 0.001138001643262206 1.2950477400674808e-06
total cost: -2.8257778783739007
singles alt: [(6, 0), (7, 1), (8, 0), (9, 1), (10, 0), (11, 1), (6, 2), (7, 3), (8, 2), (9, 3), (10, 2), (11, 3), (6, 4), (7, 5), (8, 4), (9, 5), (10, 4), (11, 5)]
length: 18 99
2*[T] vs T3fnT3: -0.0011380016362236675 0.002276003279275347
Estimated difference between T3^fnT3 - (T2^WT3 + h.c.) is: 0.0011380016430516796 1.2950477395883226e-06
total cost: -2.8257778783723633
singles alt: [(6, 0), (7, 1), (8, 0), (9, 1), (10, 0), (11, 1), (6, 2), (7, 3), (8, 2), (9, 3), (10, 2), (11, 3), (6, 4), (7, 5), (8, 4), (9, 5), (10, 4), (11, 5)]
length: 18 99
2*[T] vs T3fnT3: -0.001138001633836668 0.0022760032745013483
Estimated difference between T3^fnT3 - (T2^WT3 + h.c.) is: 0.0011380016406646802 1.2950477341555038e-06
total cost: -2.82577787837291
singles alt: [(6, 0), (7, 1), (8, 0), (9, 1), (10, 0), (11, 1), (6, 2), (7, 3), (8, 2), (9, 3), (10, 2), (11, 3), (6, 4), (7, 5), (8, 4), (9, 5), (10, 4), (11, 5)]
length: 18 99
2*[T] vs T3fnT3: -0.0011380016338366666 0.002276003274501346
Estimated difference between T3^fnT3 - (T2^WT3 + h.c.) is: 0.0011380016406646795 1.2950477341555024e-06
total cost: -2.82577787837291
singles alt: [(6, 0), (7, 1), (8, 0), (9, 1), (10, 0), (11, 1), (6, 2), (7, 3), (8, 2), (9, 3), (10, 2), (11, 3), (6, 4), (7, 5), (8, 4), (9, 5), (10, 4), (11, 5)]
length: 18 99
2*[T] vs T3fnT3: -0.0011380016357657578 0.0022760032783595264
Estimated difference between T3^fnT3 - (T2^WT3 + h.c.) is: 0.0011380016425937686 1.2950477385461154e-06
total cost: -2.8257778783653382
singles alt: [(6, 0), (7, 1), (8, 0), (9, 1), (10, 0), (11, 1), (6, 2), (7, 3), (8, 2), (9, 3), (10, 2), (11, 3), (6, 4), (7, 5), (8, 4), (9, 5), (10, 4), (11, 5)]
length: 18 99
2*[T] vs T3fnT3: -0.0011380016357306884 0.0022760032782893898
Estimated difference between T3^fnT3 - (T2^WT3 + h.c.) is: 0.0011380016425587014 1.2950477384663023e-06
total cost: -2.8257778783605585
singles alt: [(6, 0), (7, 1), (8, 0), (9, 1), (10, 0), (11, 1), (6, 2), (7, 3), (8, 2), (9, 3), (10, 2), (11, 3), (6, 4), (7, 5), (8, 4), (9, 5), (10, 4), (11, 5)]
length: 18 99
2*[T] vs T3fnT3: -0.00113800163383667 0.0022760032745013535
Estimated difference between T3^fnT3 - (T2^WT3 + h.c.) is: 0.0011380016406646834 1.2950477341555113e-06
total cost: -2.825777878372911
singles alt: [(6, 0), (7, 1), (8, 0), (9, 1), (10, 0), (11, 1), (6, 2), (7, 3), (8, 2), (9, 3), (10, 2), (11, 3), (6, 4), (7, 5), (8, 4), (9, 5), (10, 4), (11, 5)]
length: 18 99
2*[T] vs T3fnT3: -0.00113800163383667 0.0022760032745013535
Estimated difference between T3^fnT3 - (T2^WT3 + h.c.) is: 0.0011380016406646834 1.2950477341555113e-06
total cost: -2.8257778783729104
singles alt: [(6, 0), (7, 1), (8, 0), (9, 1), (10, 0), (11, 1), (6, 2), (7, 3), (8, 2), (9, 3), (10, 2), (11, 3), (6, 4), (7, 5), (8, 4), (9, 5), (10, 4), (11, 5)]
length: 18 99
2*[T] vs T3fnT3: -0.00113800163383667 0.0022760032745013535
Estimated difference between T3^fnT3 - (T2^WT3 + h.c.) is: 0.0011380016406646834 1.2950477341555113e-06
total cost: -2.8257778783606176
singles alt: [(6, 0), (7, 1), (8, 0), (9, 1), (10, 0), (11, 1), (6, 2), (7, 3), (8, 2), (9, 3), (10, 2), (11, 3), (6, 4), (7, 5), (8, 4), (9, 5), (10, 4), (11, 5)]
length: 18 99
2*[T] vs T3fnT3: -0.00113800163383667 0.0022760032745013535
Estimated difference between T3^fnT3 - (T2^WT3 + h.c.) is: 0.0011380016406646834 1.2950477341555113e-06
total cost: -2.8257778783623007
singles alt: [(6, 0), (7, 1), (8, 0), (9, 1), (10, 0), (11, 1), (6, 2), (7, 3), (8, 2), (9, 3), (10, 2), (11, 3), (6, 4), (7, 5), (8, 4), (9, 5), (10, 4), (11, 5)]
length: 18 99
2*[T] vs T3fnT3: -0.00113800163383667 0.0022760032745013535
Estimated difference between T3^fnT3 - (T2^WT3 + h.c.) is: 0.0011380016406646834 1.2950477341555113e-06
total cost: -2.8257778783729104
singles alt: [(6, 0), (7, 1), (8, 0), (9, 1), (10, 0), (11, 1), (6, 2), (7, 3), (8, 2), (9, 3), (10, 2), (11, 3), (6, 4), (7, 5), (8, 4), (9, 5), (10, 4), (11, 5)]
length: 18 99
2*[T] vs T3fnT3: -0.00113800163383667 0.0022760032745013535
Estimated difference between T3^fnT3 - (T2^WT3 + h.c.) is: 0.0011380016406646834 1.2950477341555113e-06
total cost: -2.825777878372909
singles alt: [(6, 0), (7, 1), (8, 0), (9, 1), (10, 0), (11, 1), (6, 2), (7, 3), (8, 2), (9, 3), (10, 2), (11, 3), (6, 4), (7, 5), (8, 4), (9, 5), (10, 4), (11, 5)]
length: 18 99
2*[T] vs T3fnT3: -0.00113800163383667 0.0022760032745013535
Estimated difference between T3^fnT3 - (T2^WT3 + h.c.) is: 0.0011380016406646834 1.2950477341555113e-06
total cost: -2.8257778783665506
singles alt: [(6, 0), (7, 1), (8, 0), (9, 1), (10, 0), (11, 1), (6, 2), (7, 3), (8, 2), (9, 3), (10, 2), (11, 3), (6, 4), (7, 5), (8, 4), (9, 5), (10, 4), (11, 5)]
length: 18 99
2*[T] vs T3fnT3: -0.00113800163383667 0.0022760032745013535
Estimated difference between T3^fnT3 - (T2^WT3 + h.c.) is: 0.0011380016406646834 1.2950477341555113e-06
total cost: -2.8257778783663765
singles alt: [(6, 0), (7, 1), (8, 0), (9, 1), (10, 0), (11, 1), (6, 2), (7, 3), (8, 2), (9, 3), (10, 2), (11, 3), (6, 4), (7, 5), (8, 4), (9, 5), (10, 4), (11, 5)]
length: 18 99
2*[T] vs T3fnT3: -0.00113800163383667 0.0022760032745013535
Estimated difference between T3^fnT3 - (T2^WT3 + h.c.) is: 0.0011380016406646834 1.2950477341555113e-06
total cost: -2.8257778783729086
singles alt: [(6, 0), (7, 1), (8, 0), (9, 1), (10, 0), (11, 1), (6, 2), (7, 3), (8, 2), (9, 3), (10, 2), (11, 3), (6, 4), (7, 5), (8, 4), (9, 5), (10, 4), (11, 5)]
length: 18 99
2*[T] vs T3fnT3: -0.00113800163383667 0.0022760032745013535
Estimated difference between T3^fnT3 - (T2^WT3 + h.c.) is: 0.0011380016406646834 1.2950477341555113e-06
total cost: -2.825777878372909
singles alt: [(6, 0), (7, 1), (8, 0), (9, 1), (10, 0), (11, 1), (6, 2), (7, 3), (8, 2), (9, 3), (10, 2), (11, 3), (6, 4), (7, 5), (8, 4), (9, 5), (10, 4), (11, 5)]
length: 18 99
2*[T] vs T3fnT3: -0.00113800163383667 0.0022760032745013535
Estimated difference between T3^fnT3 - (T2^WT3 + h.c.) is: 0.0011380016406646834 1.2950477341555113e-06
total cost: -2.825777878383511
singles alt: [(6, 0), (7, 1), (8, 0), (9, 1), (10, 0), (11, 1), (6, 2), (7, 3), (8, 2), (9, 3), (10, 2), (11, 3), (6, 4), (7, 5), (8, 4), (9, 5), (10, 4), (11, 5)]
length: 18 99
2*[T] vs T3fnT3: -0.00113800163383667 0.0022760032745013535
Estimated difference between T3^fnT3 - (T2^WT3 + h.c.) is: 0.0011380016406646834 1.2950477341555113e-06
total cost: -2.825777878384086
singles alt: [(6, 0), (7, 1), (8, 0), (9, 1), (10, 0), (11, 1), (6, 2), (7, 3), (8, 2), (9, 3), (10, 2), (11, 3), (6, 4), (7, 5), (8, 4), (9, 5), (10, 4), (11, 5)]
length: 18 99
2*[T] vs T3fnT3: -0.00113800163383667 0.0022760032745013535
Estimated difference between T3^fnT3 - (T2^WT3 + h.c.) is: 0.0011380016406646834 1.2950477341555113e-06
total cost: -2.8257778783729095
singles alt: [(6, 0), (7, 1), (8, 0), (9, 1), (10, 0), (11, 1), (6, 2), (7, 3), (8, 2), (9, 3), (10, 2), (11, 3), (6, 4), (7, 5), (8, 4), (9, 5), (10, 4), (11, 5)]
length: 18 99
2*[T] vs T3fnT3: -0.00113800163383667 0.0022760032745013535
Estimated difference between T3^fnT3 - (T2^WT3 + h.c.) is: 0.0011380016406646834 1.2950477341555113e-06
total cost: -2.8257778783729095
singles alt: [(6, 0), (7, 1), (8, 0), (9, 1), (10, 0), (11, 1), (6, 2), (7, 3), (8, 2), (9, 3), (10, 2), (11, 3), (6, 4), (7, 5), (8, 4), (9, 5), (10, 4), (11, 5)]
length: 18 99
2*[T] vs T3fnT3: -0.00113800163383667 0.0022760032745013535
Estimated difference between T3^fnT3 - (T2^WT3 + h.c.) is: 0.0011380016406646834 1.2950477341555113e-06
total cost: -2.8257778783706637
singles alt: [(6, 0), (7, 1), (8, 0), (9, 1), (10, 0), (11, 1), (6, 2), (7, 3), (8, 2), (9, 3), (10, 2), (11, 3), (6, 4), (7, 5), (8, 4), (9, 5), (10, 4), (11, 5)]
length: 18 99
2*[T] vs T3fnT3: -0.00113800163383667 0.0022760032745013535
Estimated difference between T3^fnT3 - (T2^WT3 + h.c.) is: 0.0011380016406646834 1.2950477341555113e-06
total cost: -2.825777878371548
singles alt: [(6, 0), (7, 1), (8, 0), (9, 1), (10, 0), (11, 1), (6, 2), (7, 3), (8, 2), (9, 3), (10, 2), (11, 3), (6, 4), (7, 5), (8, 4), (9, 5), (10, 4), (11, 5)]
length: 18 99
2*[T] vs T3fnT3: -0.00113800163383667 0.0022760032745013535
Estimated difference between T3^fnT3 - (T2^WT3 + h.c.) is: 0.0011380016406646834 1.2950477341555113e-06
total cost: -2.8257778783729104
singles alt: [(6, 0), (7, 1), (8, 0), (9, 1), (10, 0), (11, 1), (6, 2), (7, 3), (8, 2), (9, 3), (10, 2), (11, 3), (6, 4), (7, 5), (8, 4), (9, 5), (10, 4), (11, 5)]
length: 18 99
2*[T] vs T3fnT3: -0.00113800163383667 0.0022760032745013535
Estimated difference between T3^fnT3 - (T2^WT3 + h.c.) is: 0.0011380016406646834 1.2950477341555113e-06
total cost: -2.825777878372911
singles alt: [(6, 0), (7, 1), (8, 0), (9, 1), (10, 0), (11, 1), (6, 2), (7, 3), (8, 2), (9, 3), (10, 2), (11, 3), (6, 4), (7, 5), (8, 4), (9, 5), (10, 4), (11, 5)]
callback: energy=-2.826915880014
singles alt: [(6, 0), (7, 1), (8, 0), (9, 1), (10, 0), (11, 1), (6, 2), (7, 3), (8, 2), (9, 3), (10, 2), (11, 3), (6, 4), (7, 5), (8, 4), (9, 5), (10, 4), (11, 5)]
length: 18 99
2*[T] vs T3fnT3: -0.001147413722135743 0.0022948274511559756
Estimated difference between T3^fnT3 - (T2^WT3 + h.c.) is: 0.0011474137290202325 1.3165582655441157e-06
total cost: -2.825819352040731
singles alt: [(6, 0), (7, 1), (8, 0), (9, 1), (10, 0), (11, 1), (6, 2), (7, 3), (8, 2), (9, 3), (10, 2), (11, 3), (6, 4), (7, 5), (8, 4), (9, 5), (10, 4), (11, 5)]
length: 18 99
2*[T] vs T3fnT3: -0.0011474137248493094 0.002294827456583109
Estimated difference between T3^fnT3 - (T2^WT3 + h.c.) is: 0.0011474137317337998 1.3165582717712842e-06
total cost: -2.825819351965888
singles alt: [(6, 0), (7, 1), (8, 0), (9, 1), (10, 0), (11, 1), (6, 2), (7, 3), (8, 2), (9, 3), (10, 2), (11, 3), (6, 4), (7, 5), (8, 4), (9, 5), (10, 4), (11, 5)]
length: 18 99
2*[T] vs T3fnT3: -0.0011474137221357446 0.0022948274511559786
Estimated difference between T3^fnT3 - (T2^WT3 + h.c.) is: 0.001147413729020234 1.316558265544119e-06
total cost: -2.825819352040729
singles alt: [(6, 0), (7, 1), (8, 0), (9, 1), (10, 0), (11, 1), (6, 2), (7, 3), (8, 2), (9, 3), (10, 2), (11, 3), (6, 4), (7, 5), (8, 4), (9, 5), (10, 4), (11, 5)]
length: 18 99
2*[T] vs T3fnT3: -0.0011474137214941395 0.0022948274498727677
Estimated difference between T3^fnT3 - (T2^WT3 + h.c.) is: 0.0011474137283786282 1.3165582640717444e-06
total cost: -2.825819351991709
singles alt: [(6, 0), (7, 1), (8, 0), (9, 1), (10, 0), (11, 1), (6, 2), (7, 3), (8, 2), (9, 3), (10, 2), (11, 3), (6, 4), (7, 5), (8, 4), (9, 5), (10, 4), (11, 5)]
length: 18 99
2*[T] vs T3fnT3: -0.001147413722135748 0.0022948274511559847
Estimated difference between T3^fnT3 - (T2^WT3 + h.c.) is: 0.0011474137290202367 1.316558265544125e-06
total cost: -2.8258193520407286
singles alt: [(6, 0), (7, 1), (8, 0), (9, 1), (10, 0), (11, 1), (6, 2), (7, 3), (8, 2), (9, 3), (10, 2), (11, 3), (6, 4), (7, 5), (8, 4), (9, 5), (10, 4), (11, 5)]
length: 18 99
2*[T] vs T3fnT3: -0.0011474137270360244 0.002294827460956537
Estimated difference between T3^fnT3 - (T2^WT3 + h.c.) is: 0.0011474137339205126 1.316558276789413e-06
total cost: -2.825819352006765
singles alt: [(6, 0), (7, 1), (8, 0), (9, 1), (10, 0), (11, 1), (6, 2), (7, 3), (8, 2), (9, 3), (10, 2), (11, 3), (6, 4), (7, 5), (8, 4), (9, 5), (10, 4), (11, 5)]
length: 18 99
2*[T] vs T3fnT3: -0.0011474137221357391 0.002294827451155967
Estimated difference between T3^fnT3 - (T2^WT3 + h.c.) is: 0.0011474137290202278 1.3165582655441047e-06
total cost: -2.8258193520407358
singles alt: [(6, 0), (7, 1), (8, 0), (9, 1), (10, 0), (11, 1), (6, 2), (7, 3), (8, 2), (9, 3), (10, 2), (11, 3), (6, 4), (7, 5), (8, 4), (9, 5), (10, 4), (11, 5)]
length: 18 99
2*[T] vs T3fnT3: -0.001147413721535734 0.002294827449955957
Estimated difference between T3^fnT3 - (T2^WT3 + h.c.) is: 0.0011474137284202231 1.3165582641671976e-06
total cost: -2.8258193519870543
singles alt: [(6, 0), (7, 1), (8, 0), (9, 1), (10, 0), (11, 1), (6, 2), (7, 3), (8, 2), (9, 3), (10, 2), (11, 3), (6, 4), (7, 5), (8, 4), (9, 5), (10, 4), (11, 5)]
length: 18 99
2*[T] vs T3fnT3: -0.001147413722135741 0.002294827451155972
Estimated difference between T3^fnT3 - (T2^WT3 + h.c.) is: 0.001147413729020231 1.316558265544112e-06
total cost: -2.825819352040735
singles alt: [(6, 0), (7, 1), (8, 0), (9, 1), (10, 0), (11, 1), (6, 2), (7, 3), (8, 2), (9, 3), (10, 2), (11, 3), (6, 4), (7, 5), (8, 4), (9, 5), (10, 4), (11, 5)]
length: 18 99
2*[T] vs T3fnT3: -0.0011474137286102382 0.0022948274641049655
Estimated difference between T3^fnT3 - (T2^WT3 + h.c.) is: 0.0011474137354947273 1.316558280401964e-06
total cost: -2.8258193519611683
singles alt: [(6, 0), (7, 1), (8, 0), (9, 1), (10, 0), (11, 1), (6, 2), (7, 3), (8, 2), (9, 3), (10, 2), (11, 3), (6, 4), (7, 5), (8, 4), (9, 5), (10, 4), (11, 5)]
length: 18 99
2*[T] vs T3fnT3: -0.0011474137221357465 0.002294827451155981
Estimated difference between T3^fnT3 - (T2^WT3 + h.c.) is: 0.0011474137290202347 1.3165582655441206e-06
total cost: -2.8258193520407278
singles alt: [(6, 0), (7, 1), (8, 0), (9, 1), (10, 0), (11, 1), (6, 2), (7, 3), (8, 2), (9, 3), (10, 2), (11, 3), (6, 4), (7, 5), (8, 4), (9, 5), (10, 4), (11, 5)]
length: 18 99
2*[T] vs T3fnT3: -0.0011474137170522994 0.0022948274409890883
Estimated difference between T3^fnT3 - (T2^WT3 + h.c.) is: 0.001147413723936789 1.3165582538784895e-06
total cost: -2.825819352056039
singles alt: [(6, 0), (7, 1), (8, 0), (9, 1), (10, 0), (11, 1), (6, 2), (7, 3), (8, 2), (9, 3), (10, 2), (11, 3), (6, 4), (7, 5), (8, 4), (9, 5), (10, 4), (11, 5)]
length: 18 99
2*[T] vs T3fnT3: -0.0011474137221357446 0.002294827451155978
Estimated difference between T3^fnT3 - (T2^WT3 + h.c.) is: 0.0011474137290202336 1.3165582655441182e-06
total cost: -2.8258193520407318
singles alt: [(6, 0), (7, 1), (8, 0), (9, 1), (10, 0), (11, 1), (6, 2), (7, 3), (8, 2), (9, 3), (10, 2), (11, 3), (6, 4), (7, 5), (8, 4), (9, 5), (10, 4), (11, 5)]
length: 18 99
2*[T] vs T3fnT3: -0.0011474137216674596 0.0022948274502194083
Estimated difference between T3^fnT3 - (T2^WT3 + h.c.) is: 0.0011474137285519487 1.316558264469485e-06
total cost: -2.8258193520652903
singles alt: [(6, 0), (7, 1), (8, 0), (9, 1), (10, 0), (11, 1), (6, 2), (7, 3), (8, 2), (9, 3), (10, 2), (11, 3), (6, 4), (7, 5), (8, 4), (9, 5), (10, 4), (11, 5)]
length: 18 99
2*[T] vs T3fnT3: -0.0011474137221357465 0.0022948274511559834
Estimated difference between T3^fnT3 - (T2^WT3 + h.c.) is: 0.0011474137290202369 1.3165582655441256e-06
total cost: -2.825819352040728
singles alt: [(6, 0), (7, 1), (8, 0), (9, 1), (10, 0), (11, 1), (6, 2), (7, 3), (8, 2), (9, 3), (10, 2), (11, 3), (6, 4), (7, 5), (8, 4), (9, 5), (10, 4), (11, 5)]
length: 18 99
2*[T] vs T3fnT3: -0.001147413732010827 0.002294827470906144
Estimated difference between T3^fnT3 - (T2^WT3 + h.c.) is: 0.001147413738895317 1.3165582882057307e-06
total cost: -2.82581935202818
singles alt: [(6, 0), (7, 1), (8, 0), (9, 1), (10, 0), (11, 1), (6, 2), (7, 3), (8, 2), (9, 3), (10, 2), (11, 3), (6, 4), (7, 5), (8, 4), (9, 5), (10, 4), (11, 5)]
length: 18 99
2*[T] vs T3fnT3: -0.0011474137221357448 0.0022948274511559786
Estimated difference between T3^fnT3 - (T2^WT3 + h.c.) is: 0.0011474137290202338 1.3165582655441187e-06
total cost: -2.8258193520407335
singles alt: [(6, 0), (7, 1), (8, 0), (9, 1), (10, 0), (11, 1), (6, 2), (7, 3), (8, 2), (9, 3), (10, 2), (11, 3), (6, 4), (7, 5), (8, 4), (9, 5), (10, 4), (11, 5)]
length: 18 99
2*[T] vs T3fnT3: -0.001147413726648337 0.0022948274601811633
Estimated difference between T3^fnT3 - (T2^WT3 + h.c.) is: 0.0011474137335328264 1.31655827589974e-06
total cost: -2.825819352015209
singles alt: [(6, 0), (7, 1), (8, 0), (9, 1), (10, 0), (11, 1), (6, 2), (7, 3), (8, 2), (9, 3), (10, 2), (11, 3), (6, 4), (7, 5), (8, 4), (9, 5), (10, 4), (11, 5)]
length: 18 99
2*[T] vs T3fnT3: -0.0011474137221357448 0.0022948274511559808
Estimated difference between T3^fnT3 - (T2^WT3 + h.c.) is: 0.001147413729020236 1.3165582655441235e-06
total cost: -2.8258193520407286
singles alt: [(6, 0), (7, 1), (8, 0), (9, 1), (10, 0), (11, 1), (6, 2), (7, 3), (8, 2), (9, 3), (10, 2), (11, 3), (6, 4), (7, 5), (8, 4), (9, 5), (10, 4), (11, 5)]
length: 18 99
2*[T] vs T3fnT3: -0.0011474137239178726 0.0022948274547202347
Estimated difference between T3^fnT3 - (T2^WT3 + h.c.) is: 0.001147413730802362 1.3165582696337955e-06
total cost: -2.8258193520527066
singles alt: [(6, 0), (7, 1), (8, 0), (9, 1), (10, 0), (11, 1), (6, 2), (7, 3), (8, 2), (9, 3), (10, 2), (11, 3), (6, 4), (7, 5), (8, 4), (9, 5), (10, 4), (11, 5)]
length: 18 99
2*[T] vs T3fnT3: -0.0011474137221357441 0.0022948274511559777
Estimated difference between T3^fnT3 - (T2^WT3 + h.c.) is: 0.0011474137290202336 1.3165582655441182e-06
total cost: -2.8258193520407313
singles alt: [(6, 0), (7, 1), (8, 0), (9, 1), (10, 0), (11, 1), (6, 2), (7, 3), (8, 2), (9, 3), (10, 2), (11, 3), (6, 4), (7, 5), (8, 4), (9, 5), (10, 4), (11, 5)]
length: 18 99
2*[T] vs T3fnT3: -0.0011474137328703236 0.0022948274726251362
Estimated difference between T3^fnT3 - (T2^WT3 + h.c.) is: 0.0011474137397548127 1.316558290178125e-06
total cost: -2.82581935207793
singles alt: [(6, 0), (7, 1), (8, 0), (9, 1), (10, 0), (11, 1), (6, 2), (7, 3), (8, 2), (9, 3), (10, 2), (11, 3), (6, 4), (7, 5), (8, 4), (9, 5), (10, 4), (11, 5)]
length: 18 99
2*[T] vs T3fnT3: -0.0011474137221357417 0.0022948274511559725
Estimated difference between T3^fnT3 - (T2^WT3 + h.c.) is: 0.0011474137290202308 1.3165582655441117e-06
total cost: -2.8258193520407318
singles alt: [(6, 0), (7, 1), (8, 0), (9, 1), (10, 0), (11, 1), (6, 2), (7, 3), (8, 2), (9, 3), (10, 2), (11, 3), (6, 4), (7, 5), (8, 4), (9, 5), (10, 4), (11, 5)]
length: 18 99
2*[T] vs T3fnT3: -0.0011474137222374568 0.002294827451359402
Estimated difference between T3^fnT3 - (T2^WT3 + h.c.) is: 0.001147413729121945 1.3165582657775283e-06
total cost: -2.825819352021916
singles alt: [(6, 0), (7, 1), (8, 0), (9, 1), (10, 0), (11, 1), (6, 2), (7, 3), (8, 2), (9, 3), (10, 2), (11, 3), (6, 4), (7, 5), (8, 4), (9, 5), (10, 4), (11, 5)]
length: 18 99
2*[T] vs T3fnT3: -0.0011474137221357446 0.0022948274511559777
Estimated difference between T3^fnT3 - (T2^WT3 + h.c.) is: 0.0011474137290202332 1.3165582655441172e-06
total cost: -2.8258193520407313
singles alt: [(6, 0), (7, 1), (8, 0), (9, 1), (10, 0), (11, 1), (6, 2), (7, 3), (8, 2), (9, 3), (10, 2), (11, 3), (6, 4), (7, 5), (8, 4), (9, 5), (10, 4), (11, 5)]
length: 18 99
2*[T] vs T3fnT3: -0.0011474137274459608 0.0022948274617764102
Estimated difference between T3^fnT3 - (T2^WT3 + h.c.) is: 0.0011474137343304494 1.3165582777301472e-06
total cost: -2.8258193520729926
singles alt: [(6, 0), (7, 1), (8, 0), (9, 1), (10, 0), (11, 1), (6, 2), (7, 3), (8, 2), (9, 3), (10, 2), (11, 3), (6, 4), (7, 5), (8, 4), (9, 5), (10, 4), (11, 5)]
length: 18 99
2*[T] vs T3fnT3: -0.0011474137221357417 0.002294827451155973
Estimated difference between T3^fnT3 - (T2^WT3 + h.c.) is: 0.0011474137290202312 1.3165582655441127e-06
total cost: -2.8258193520407304
singles alt: [(6, 0), (7, 1), (8, 0), (9, 1), (10, 0), (11, 1), (6, 2), (7, 3), (8, 2), (9, 3), (10, 2), (11, 3), (6, 4), (7, 5), (8, 4), (9, 5), (10, 4), (11, 5)]
length: 18 99
2*[T] vs T3fnT3: -0.0011474137205558417 0.0022948274479961724
Estimated difference between T3^fnT3 - (T2^WT3 + h.c.) is: 0.0011474137274403308 1.3165582619185136e-06
total cost: -2.825819352054778
singles alt: [(6, 0), (7, 1), (8, 0), (9, 1), (10, 0), (11, 1), (6, 2), (7, 3), (8, 2), (9, 3), (10, 2), (11, 3), (6, 4), (7, 5), (8, 4), (9, 5), (10, 4), (11, 5)]
length: 18 99
2*[T] vs T3fnT3: -0.0011474137221357472 0.002294827451155983
Estimated difference between T3^fnT3 - (T2^WT3 + h.c.) is: 0.0011474137290202358 1.316558265544123e-06
total cost: -2.825819352040728
singles alt: [(6, 0), (7, 1), (8, 0), (9, 1), (10, 0), (11, 1), (6, 2), (7, 3), (8, 2), (9, 3), (10, 2), (11, 3), (6, 4), (7, 5), (8, 4), (9, 5), (10, 4), (11, 5)]
length: 18 99
2*[T] vs T3fnT3: -0.001147413721698947 0.0022948274502823836
Estimated difference between T3^fnT3 - (T2^WT3 + h.c.) is: 0.0011474137285834365 1.316558264541744e-06
total cost: -2.825819352053159
singles alt: [(6, 0), (7, 1), (8, 0), (9, 1), (10, 0), (11, 1), (6, 2), (7, 3), (8, 2), (9, 3), (10, 2), (11, 3), (6, 4), (7, 5), (8, 4), (9, 5), (10, 4), (11, 5)]
length: 18 99
2*[T] vs T3fnT3: -0.0011474137221357437 0.002294827451155975
Estimated difference between T3^fnT3 - (T2^WT3 + h.c.) is: 0.0011474137290202315 1.3165582655441131e-06
total cost: -2.8258193520407326
singles alt: [(6, 0), (7, 1), (8, 0), (9, 1), (10, 0), (11, 1), (6, 2), (7, 3), (8, 2), (9, 3), (10, 2), (11, 3), (6, 4), (7, 5), (8, 4), (9, 5), (10, 4), (11, 5)]
length: 18 99
2*[T] vs T3fnT3: -0.0011474137170944653 0.002294827441073419
Estimated difference between T3^fnT3 - (T2^WT3 + h.c.) is: 0.0011474137239789535 1.3165582539752501e-06
total cost: -2.8258193520522386
singles alt: [(6, 0), (7, 1), (8, 0), (9, 1), (10, 0), (11, 1), (6, 2), (7, 3), (8, 2), (9, 3), (10, 2), (11, 3), (6, 4), (7, 5), (8, 4), (9, 5), (10, 4), (11, 5)]
length: 18 99
2*[T] vs T3fnT3: -0.0011474137221357441 0.0022948274511559764
Estimated difference between T3^fnT3 - (T2^WT3 + h.c.) is: 0.0011474137290202323 1.316558265544115e-06
total cost: -2.8258193520407273
singles alt: [(6, 0), (7, 1), (8, 0), (9, 1), (10, 0), (11, 1), (6, 2), (7, 3), (8, 2), (9, 3), (10, 2), (11, 3), (6, 4), (7, 5), (8, 4), (9, 5), (10, 4), (11, 5)]
length: 18 99
2*[T] vs T3fnT3: -0.0011474137268901023 0.0022948274606646927
Estimated difference between T3^fnT3 - (T2^WT3 + h.c.) is: 0.0011474137337745905 1.3165582764545468e-06
total cost: -2.8258193520299484
singles alt: [(6, 0), (7, 1), (8, 0), (9, 1), (10, 0), (11, 1), (6, 2), (7, 3), (8, 2), (9, 3), (10, 2), (11, 3), (6, 4), (7, 5), (8, 4), (9, 5), (10, 4), (11, 5)]
length: 18 99
2*[T] vs T3fnT3: -0.00114741372213574 0.0022948274511559695
Estimated difference between T3^fnT3 - (T2^WT3 + h.c.) is: 0.0011474137290202295 1.3165582655441087e-06
total cost: -2.825819352040734
singles alt: [(6, 0), (7, 1), (8, 0), (9, 1), (10, 0), (11, 1), (6, 2), (7, 3), (8, 2), (9, 3), (10, 2), (11, 3), (6, 4), (7, 5), (8, 4), (9, 5), (10, 4), (11, 5)]
length: 18 99
2*[T] vs T3fnT3: -0.001147413732357066 0.0022948274715986205
Estimated difference between T3^fnT3 - (T2^WT3 + h.c.) is: 0.0011474137392415546 1.3165582890002863e-06
total cost: -2.82581935203802
singles alt: [(6, 0), (7, 1), (8, 0), (9, 1), (10, 0), (11, 1), (6, 2), (7, 3), (8, 2), (9, 3), (10, 2), (11, 3), (6, 4), (7, 5), (8, 4), (9, 5), (10, 4), (11, 5)]
length: 18 99
2*[T] vs T3fnT3: -0.001147413722135742 0.0022948274511559743
Estimated difference between T3^fnT3 - (T2^WT3 + h.c.) is: 0.0011474137290202323 1.316558265544115e-06
total cost: -2.8258193520407295
singles alt: [(6, 0), (7, 1), (8, 0), (9, 1), (10, 0), (11, 1), (6, 2), (7, 3), (8, 2), (9, 3), (10, 2), (11, 3), (6, 4), (7, 5), (8, 4), (9, 5), (10, 4), (11, 5)]
length: 18 99
2*[T] vs T3fnT3: -0.0011474137294820166 0.0022948274658485227
Estimated difference between T3^fnT3 - (T2^WT3 + h.c.) is: 0.001147413736366506 1.316558282402546e-06
total cost: -2.825819352012524
singles alt: [(6, 0), (7, 1), (8, 0), (9, 1), (10, 0), (11, 1), (6, 2), (7, 3), (8, 2), (9, 3), (10, 2), (11, 3), (6, 4), (7, 5), (8, 4), (9, 5), (10, 4), (11, 5)]
length: 18 99
2*[T] vs T3fnT3: -0.0011474137221357472 0.002294827451155983
Estimated difference between T3^fnT3 - (T2^WT3 + h.c.) is: 0.0011474137290202358 1.316558265544123e-06
total cost: -2.8258193520407286
singles alt: [(6, 0), (7, 1), (8, 0), (9, 1), (10, 0), (11, 1), (6, 2), (7, 3), (8, 2), (9, 3), (10, 2), (11, 3), (6, 4), (7, 5), (8, 4), (9, 5), (10, 4), (11, 5)]
length: 18 99
2*[T] vs T3fnT3: -0.0011474137187468749 0.002294827444378239
Estimated difference between T3^fnT3 - (T2^WT3 + h.c.) is: 0.001147413725631364 1.316558257767247e-06
total cost: -2.825819352022745
singles alt: [(6, 0), (7, 1), (8, 0), (9, 1), (10, 0), (11, 1), (6, 2), (7, 3), (8, 2), (9, 3), (10, 2), (11, 3), (6, 4), (7, 5), (8, 4), (9, 5), (10, 4), (11, 5)]
length: 18 99
2*[T] vs T3fnT3: -0.0011474137221357422 0.002294827451155973
Estimated difference between T3^fnT3 - (T2^WT3 + h.c.) is: 0.0011474137290202308 1.3165582655441117e-06
total cost: -2.8258193520407273
singles alt: [(6, 0), (7, 1), (8, 0), (9, 1), (10, 0), (11, 1), (6, 2), (7, 3), (8, 2), (9, 3), (10, 2), (11, 3), (6, 4), (7, 5), (8, 4), (9, 5), (10, 4), (11, 5)]
length: 18 99
2*[T] vs T3fnT3: -0.0011474137406181967 0.002294827488120883
Estimated difference between T3^fnT3 - (T2^WT3 + h.c.) is: 0.0011474137475026862 1.316558307958158e-06
total cost: -2.8258193520351034
singles alt: [(6, 0), (7, 1), (8, 0), (9, 1), (10, 0), (11, 1), (6, 2), (7, 3), (8, 2), (9, 3), (10, 2), (11, 3), (6, 4), (7, 5), (8, 4), (9, 5), (10, 4), (11, 5)]
length: 18 99
2*[T] vs T3fnT3: -0.0011474137221357437 0.0022948274511559764
Estimated difference between T3^fnT3 - (T2^WT3 + h.c.) is: 0.0011474137290202328 1.3165582655441161e-06
total cost: -2.8258193520407335
singles alt: [(6, 0), (7, 1), (8, 0), (9, 1), (10, 0), (11, 1), (6, 2), (7, 3), (8, 2), (9, 3), (10, 2), (11, 3), (6, 4), (7, 5), (8, 4), (9, 5), (10, 4), (11, 5)]
length: 18 99
2*[T] vs T3fnT3: -0.0011474137189161227 0.002294827444716736
Estimated difference between T3^fnT3 - (T2^WT3 + h.c.) is: 0.001147413725800613 1.3165582581556444e-06
total cost: -2.8258193520215724
singles alt: [(6, 0), (7, 1), (8, 0), (9, 1), (10, 0), (11, 1), (6, 2), (7, 3), (8, 2), (9, 3), (10, 2), (11, 3), (6, 4), (7, 5), (8, 4), (9, 5), (10, 4), (11, 5)]
length: 18 99
2*[T] vs T3fnT3: -0.0011474137221357378 0.002294827451155965
Estimated difference between T3^fnT3 - (T2^WT3 + h.c.) is: 0.0011474137290202273 1.3165582655441036e-06
total cost: -2.8258193520407353
singles alt: [(6, 0), (7, 1), (8, 0), (9, 1), (10, 0), (11, 1), (6, 2), (7, 3), (8, 2), (9, 3), (10, 2), (11, 3), (6, 4), (7, 5), (8, 4), (9, 5), (10, 4), (11, 5)]
length: 18 99
2*[T] vs T3fnT3: -0.001147413721567544 0.0022948274500195764
Estimated difference between T3^fnT3 - (T2^WT3 + h.c.) is: 0.0011474137284520325 1.3165582642401946e-06
total cost: -2.825819352016272
singles alt: [(6, 0), (7, 1), (8, 0), (9, 1), (10, 0), (11, 1), (6, 2), (7, 3), (8, 2), (9, 3), (10, 2), (11, 3), (6, 4), (7, 5), (8, 4), (9, 5), (10, 4), (11, 5)]
length: 18 99
2*[T] vs T3fnT3: -0.00114741372213574 0.0022948274511559704
Estimated difference between T3^fnT3 - (T2^WT3 + h.c.) is: 0.0011474137290202304 1.3165582655441106e-06
total cost: -2.8258193520407326
singles alt: [(6, 0), (7, 1), (8, 0), (9, 1), (10, 0), (11, 1), (6, 2), (7, 3), (8, 2), (9, 3), (10, 2), (11, 3), (6, 4), (7, 5), (8, 4), (9, 5), (10, 4), (11, 5)]
length: 18 99
2*[T] vs T3fnT3: -0.0011474137250597832 0.002294827457004056
Estimated difference between T3^fnT3 - (T2^WT3 + h.c.) is: 0.0011474137319442727 1.3165582722542832e-06
total cost: -2.825819352041912
singles alt: [(6, 0), (7, 1), (8, 0), (9, 1), (10, 0), (11, 1), (6, 2), (7, 3), (8, 2), (9, 3), (10, 2), (11, 3), (6, 4), (7, 5), (8, 4), (9, 5), (10, 4), (11, 5)]
length: 18 99
2*[T] vs T3fnT3: -0.001147413722135748 0.002294827451155986
Estimated difference between T3^fnT3 - (T2^WT3 + h.c.) is: 0.001147413729020238 1.316558265544128e-06
total cost: -2.8258193520407304
singles alt: [(6, 0), (7, 1), (8, 0), (9, 1), (10, 0), (11, 1), (6, 2), (7, 3), (8, 2), (9, 3), (10, 2), (11, 3), (6, 4), (7, 5), (8, 4), (9, 5), (10, 4), (11, 5)]
length: 18 99
2*[T] vs T3fnT3: -0.0011474137284331809 0.002294827463750851
Estimated difference between T3^fnT3 - (T2^WT3 + h.c.) is: 0.00114741373531767 1.3165582799956478e-06
total cost: -2.8258193520333537
singles alt: [(6, 0), (7, 1), (8, 0), (9, 1), (10, 0), (11, 1), (6, 2), (7, 3), (8, 2), (9, 3), (10, 2), (11, 3), (6, 4), (7, 5), (8, 4), (9, 5), (10, 4), (11, 5)]
length: 18 99
2*[T] vs T3fnT3: -0.0011474137221357443 0.0022948274511559777
Estimated difference between T3^fnT3 - (T2^WT3 + h.c.) is: 0.0011474137290202334 1.3165582655441176e-06
total cost: -2.8258193520407335
singles alt: [(6, 0), (7, 1), (8, 0), (9, 1), (10, 0), (11, 1), (6, 2), (7, 3), (8, 2), (9, 3), (10, 2), (11, 3), (6, 4), (7, 5), (8, 4), (9, 5), (10, 4), (11, 5)]
length: 18 99
2*[T] vs T3fnT3: -0.0011474137187144743 0.002294827444313437
Estimated difference between T3^fnT3 - (T2^WT3 + h.c.) is: 0.0011474137255989625 1.3165582576928913e-06
total cost: -2.825819352038571
singles alt: [(6, 0), (7, 1), (8, 0), (9, 1), (10, 0), (11, 1), (6, 2), (7, 3), (8, 2), (9, 3), (10, 2), (11, 3), (6, 4), (7, 5), (8, 4), (9, 5), (10, 4), (11, 5)]
length: 18 99
2*[T] vs T3fnT3: -0.0011474137221357441 0.002294827451155978
Estimated difference between T3^fnT3 - (T2^WT3 + h.c.) is: 0.001147413729020234 1.316558265544119e-06
total cost: -2.8258193520407304
singles alt: [(6, 0), (7, 1), (8, 0), (9, 1), (10, 0), (11, 1), (6, 2), (7, 3), (8, 2), (9, 3), (10, 2), (11, 3), (6, 4), (7, 5), (8, 4), (9, 5), (10, 4), (11, 5)]
length: 18 99
2*[T] vs T3fnT3: -0.0011474137205737163 0.0022948274480319216
Estimated difference between T3^fnT3 - (T2^WT3 + h.c.) is: 0.0011474137274582053 1.3165582619595328e-06
total cost: -2.8258193520390056
singles alt: [(6, 0), (7, 1), (8, 0), (9, 1), (10, 0), (11, 1), (6, 2), (7, 3), (8, 2), (9, 3), (10, 2), (11, 3), (6, 4), (7, 5), (8, 4), (9, 5), (10, 4), (11, 5)]
length: 18 99
2*[T] vs T3fnT3: -0.0011474137221357409 0.0022948274511559712
Estimated difference between T3^fnT3 - (T2^WT3 + h.c.) is: 0.0011474137290202304 1.3165582655441106e-06
total cost: -2.825819352040733
singles alt: [(6, 0), (7, 1), (8, 0), (9, 1), (10, 0), (11, 1), (6, 2), (7, 3), (8, 2), (9, 3), (10, 2), (11, 3), (6, 4), (7, 5), (8, 4), (9, 5), (10, 4), (11, 5)]
length: 18 99
2*[T] vs T3fnT3: -0.0011474137234501957 0.002294827453784881
Estimated difference between T3^fnT3 - (T2^WT3 + h.c.) is: 0.0011474137303346852 1.3165582685605578e-06
total cost: -2.8258193520598827
singles alt: [(6, 0), (7, 1), (8, 0), (9, 1), (10, 0), (11, 1), (6, 2), (7, 3), (8, 2), (9, 3), (10, 2), (11, 3), (6, 4), (7, 5), (8, 4), (9, 5), (10, 4), (11, 5)]
length: 18 99
2*[T] vs T3fnT3: -0.0011474137221357417 0.0022948274511559734
Estimated difference between T3^fnT3 - (T2^WT3 + h.c.) is: 0.0011474137290202317 1.3165582655441136e-06
total cost: -2.8258193520407318
singles alt: [(6, 0), (7, 1), (8, 0), (9, 1), (10, 0), (11, 1), (6, 2), (7, 3), (8, 2), (9, 3), (10, 2), (11, 3), (6, 4), (7, 5), (8, 4), (9, 5), (10, 4), (11, 5)]
length: 18 99
2*[T] vs T3fnT3: -0.0011474137279261787 0.0022948274627368464
Estimated difference between T3^fnT3 - (T2^WT3 + h.c.) is: 0.0011474137348106677 1.3165582788321653e-06
total cost: -2.8258193520620756
singles alt: [(6, 0), (7, 1), (8, 0), (9, 1), (10, 0), (11, 1), (6, 2), (7, 3), (8, 2), (9, 3), (10, 2), (11, 3), (6, 4), (7, 5), (8, 4), (9, 5), (10, 4), (11, 5)]
length: 18 99
2*[T] vs T3fnT3: -0.0011474137221357433 0.0022948274511559747
Estimated difference between T3^fnT3 - (T2^WT3 + h.c.) is: 0.0011474137290202315 1.3165582655441131e-06
total cost: -2.8258193520407313
singles alt: [(6, 0), (7, 1), (8, 0), (9, 1), (10, 0), (11, 1), (6, 2), (7, 3), (8, 2), (9, 3), (10, 2), (11, 3), (6, 4), (7, 5), (8, 4), (9, 5), (10, 4), (11, 5)]
length: 18 99
2*[T] vs T3fnT3: -0.0011474137222365485 0.002294827451357587
Estimated difference between T3^fnT3 - (T2^WT3 + h.c.) is: 0.0011474137291210384 1.3165582657754478e-06
total cost: -2.8258193520397126
singles alt: [(6, 0), (7, 1), (8, 0), (9, 1), (10, 0), (11, 1), (6, 2), (7, 3), (8, 2), (9, 3), (10, 2), (11, 3), (6, 4), (7, 5), (8, 4), (9, 5), (10, 4), (11, 5)]
length: 18 99
2*[T] vs T3fnT3: -0.0011474137221357428 0.0022948274511559756
Estimated difference between T3^fnT3 - (T2^WT3 + h.c.) is: 0.0011474137290202328 1.3165582655441161e-06
total cost: -2.825819352040731
singles alt: [(6, 0), (7, 1), (8, 0), (9, 1), (10, 0), (11, 1), (6, 2), (7, 3), (8, 2), (9, 3), (10, 2), (11, 3), (6, 4), (7, 5), (8, 4), (9, 5), (10, 4), (11, 5)]
length: 18 99
2*[T] vs T3fnT3: -0.0011474137329202775 0.0022948274727250446
Estimated difference between T3^fnT3 - (T2^WT3 + h.c.) is: 0.001147413739804767 1.3165582902927616e-06
total cost: -2.8258193520664747
singles alt: [(6, 0), (7, 1), (8, 0), (9, 1), (10, 0), (11, 1), (6, 2), (7, 3), (8, 2), (9, 3), (10, 2), (11, 3), (6, 4), (7, 5), (8, 4), (9, 5), (10, 4), (11, 5)]
length: 18 99
2*[T] vs T3fnT3: -0.0011474137221357404 0.002294827451155971
Estimated difference between T3^fnT3 - (T2^WT3 + h.c.) is: 0.0011474137290202304 1.3165582655441106e-06
total cost: -2.825819352040731
singles alt: [(6, 0), (7, 1), (8, 0), (9, 1), (10, 0), (11, 1), (6, 2), (7, 3), (8, 2), (9, 3), (10, 2), (11, 3), (6, 4), (7, 5), (8, 4), (9, 5), (10, 4), (11, 5)]
length: 18 99
2*[T] vs T3fnT3: -0.0011474137206615974 0.002294827448207684
Estimated difference between T3^fnT3 - (T2^WT3 + h.c.) is: 0.0011474137275460864 1.3165582621612046e-06
total cost: -2.8258193520678816
singles alt: [(6, 0), (7, 1), (8, 0), (9, 1), (10, 0), (11, 1), (6, 2), (7, 3), (8, 2), (9, 3), (10, 2), (11, 3), (6, 4), (7, 5), (8, 4), (9, 5), (10, 4), (11, 5)]
length: 18 99
2*[T] vs T3fnT3: -0.0011474137221357448 0.0022948274511559795
Estimated difference between T3^fnT3 - (T2^WT3 + h.c.) is: 0.0011474137290202347 1.3165582655441206e-06
total cost: -2.8258193520407318
singles alt: [(6, 0), (7, 1), (8, 0), (9, 1), (10, 0), (11, 1), (6, 2), (7, 3), (8, 2), (9, 3), (10, 2), (11, 3), (6, 4), (7, 5), (8, 4), (9, 5), (10, 4), (11, 5)]
length: 18 99
2*[T] vs T3fnT3: -0.0011474137282799998 0.0022948274634444887
Estimated difference between T3^fnT3 - (T2^WT3 + h.c.) is: 0.0011474137351644889 1.3165582796441239e-06
total cost: -2.8258193520409054
singles alt: [(6, 0), (7, 1), (8, 0), (9, 1), (10, 0), (11, 1), (6, 2), (7, 3), (8, 2), (9, 3), (10, 2), (11, 3), (6, 4), (7, 5), (8, 4), (9, 5), (10, 4), (11, 5)]
length: 18 99
2*[T] vs T3fnT3: -0.00114741372213574 0.0022948274511559686
Estimated difference between T3^fnT3 - (T2^WT3 + h.c.) is: 0.0011474137290202286 1.3165582655441066e-06
total cost: -2.8258193520407318
singles alt: [(6, 0), (7, 1), (8, 0), (9, 1), (10, 0), (11, 1), (6, 2), (7, 3), (8, 2), (9, 3), (10, 2), (11, 3), (6, 4), (7, 5), (8, 4), (9, 5), (10, 4), (11, 5)]
length: 18 99
2*[T] vs T3fnT3: -0.0011474137250084828 0.0022948274569014556
Estimated difference between T3^fnT3 - (T2^WT3 + h.c.) is: 0.0011474137318929728 1.316558272136559e-06
total cost: -2.825819352038799
singles alt: [(6, 0), (7, 1), (8, 0), (9, 1), (10, 0), (11, 1), (6, 2), (7, 3), (8, 2), (9, 3), (10, 2), (11, 3), (6, 4), (7, 5), (8, 4), (9, 5), (10, 4), (11, 5)]
length: 18 99
2*[T] vs T3fnT3: -0.0011474137221357372 0.002294827451155963
Estimated difference between T3^fnT3 - (T2^WT3 + h.c.) is: 0.0011474137290202258 1.3165582655441002e-06
total cost: -2.825819352040734
singles alt: [(6, 0), (7, 1), (8, 0), (9, 1), (10, 0), (11, 1), (6, 2), (7, 3), (8, 2), (9, 3), (10, 2), (11, 3), (6, 4), (7, 5), (8, 4), (9, 5), (10, 4), (11, 5)]
length: 18 99
2*[T] vs T3fnT3: -0.001147413720476139 0.002294827447836768
Estimated difference between T3^fnT3 - (T2^WT3 + h.c.) is: 0.0011474137273606289 1.3165582617356116e-06
total cost: -2.8258193520333115
singles alt: [(6, 0), (7, 1), (8, 0), (9, 1), (10, 0), (11, 1), (6, 2), (7, 3), (8, 2), (9, 3), (10, 2), (11, 3), (6, 4), (7, 5), (8, 4), (9, 5), (10, 4), (11, 5)]
length: 18 99
2*[T] vs T3fnT3: -0.0011474137221357441 0.0022948274511559764
Estimated difference between T3^fnT3 - (T2^WT3 + h.c.) is: 0.0011474137290202323 1.316558265544115e-06
total cost: -2.82581935204073
singles alt: [(6, 0), (7, 1), (8, 0), (9, 1), (10, 0), (11, 1), (6, 2), (7, 3), (8, 2), (9, 3), (10, 2), (11, 3), (6, 4), (7, 5), (8, 4), (9, 5), (10, 4), (11, 5)]
length: 18 99
2*[T] vs T3fnT3: -0.0011474137186203652 0.00229482744412522
Estimated difference between T3^fnT3 - (T2^WT3 + h.c.) is: 0.0011474137255048547 1.31655825747693e-06
total cost: -2.825819352040744
singles alt: [(6, 0), (7, 1), (8, 0), (9, 1), (10, 0), (11, 1), (6, 2), (7, 3), (8, 2), (9, 3), (10, 2), (11, 3), (6, 4), (7, 5), (8, 4), (9, 5), (10, 4), (11, 5)]
length: 18 99
2*[T] vs T3fnT3: -0.0011474137221357398 0.002294827451155968
Estimated difference between T3^fnT3 - (T2^WT3 + h.c.) is: 0.0011474137290202284 1.3165582655441062e-06
total cost: -2.8258193520407326
singles alt: [(6, 0), (7, 1), (8, 0), (9, 1), (10, 0), (11, 1), (6, 2), (7, 3), (8, 2), (9, 3), (10, 2), (11, 3), (6, 4), (7, 5), (8, 4), (9, 5), (10, 4), (11, 5)]
length: 18 99
2*[T] vs T3fnT3: -0.0011474137295452633 0.0022948274659750157
Estimated difference between T3^fnT3 - (T2^WT3 + h.c.) is: 0.0011474137364297524 1.3165582825476852e-06
total cost: -2.8258193520434505
singles alt: [(6, 0), (7, 1), (8, 0), (9, 1), (10, 0), (11, 1), (6, 2), (7, 3), (8, 2), (9, 3), (10, 2), (11, 3), (6, 4), (7, 5), (8, 4), (9, 5), (10, 4), (11, 5)]
length: 18 99
2*[T] vs T3fnT3: -0.001147413722135745 0.0022948274511559803
Estimated difference between T3^fnT3 - (T2^WT3 + h.c.) is: 0.0011474137290202354 1.316558265544122e-06
total cost: -2.825819352040729
singles alt: [(6, 0), (7, 1), (8, 0), (9, 1), (10, 0), (11, 1), (6, 2), (7, 3), (8, 2), (9, 3), (10, 2), (11, 3), (6, 4), (7, 5), (8, 4), (9, 5), (10, 4), (11, 5)]
length: 18 99
2*[T] vs T3fnT3: -0.0011474137206311961 0.00229482744814688
Estimated difference between T3^fnT3 - (T2^WT3 + h.c.) is: 0.0011474137275156839 1.316558262091436e-06
total cost: -2.825819352026421
singles alt: [(6, 0), (7, 1), (8, 0), (9, 1), (10, 0), (11, 1), (6, 2), (7, 3), (8, 2), (9, 3), (10, 2), (11, 3), (6, 4), (7, 5), (8, 4), (9, 5), (10, 4), (11, 5)]
length: 18 99
2*[T] vs T3fnT3: -0.0011474137221357448 0.0022948274511559795
Estimated difference between T3^fnT3 - (T2^WT3 + h.c.) is: 0.0011474137290202347 1.3165582655441206e-06
total cost: -2.8258193520407304
singles alt: [(6, 0), (7, 1), (8, 0), (9, 1), (10, 0), (11, 1), (6, 2), (7, 3), (8, 2), (9, 3), (10, 2), (11, 3), (6, 4), (7, 5), (8, 4), (9, 5), (10, 4), (11, 5)]
length: 18 99
2*[T] vs T3fnT3: -0.001147413735711787 0.0022948274783080626
Estimated difference between T3^fnT3 - (T2^WT3 + h.c.) is: 0.0011474137425962756 1.3165582966987922e-06
total cost: -2.825819352052958
singles alt: [(6, 0), (7, 1), (8, 0), (9, 1), (10, 0), (11, 1), (6, 2), (7, 3), (8, 2), (9, 3), (10, 2), (11, 3), (6, 4), (7, 5), (8, 4), (9, 5), (10, 4), (11, 5)]
length: 18 99
2*[T] vs T3fnT3: -0.0011474137221357385 0.002294827451155966
Estimated difference between T3^fnT3 - (T2^WT3 + h.c.) is: 0.0011474137290202276 1.3165582655441043e-06
total cost: -2.8258193520407335
singles alt: [(6, 0), (7, 1), (8, 0), (9, 1), (10, 0), (11, 1), (6, 2), (7, 3), (8, 2), (9, 3), (10, 2), (11, 3), (6, 4), (7, 5), (8, 4), (9, 5), (10, 4), (11, 5)]
length: 18 99
2*[T] vs T3fnT3: -0.0011474137207251073 0.0022948274483347033
Estimated difference between T3^fnT3 - (T2^WT3 + h.c.) is: 0.001147413727609596 1.316558262306948e-06
total cost: -2.825819352023145
singles alt: [(6, 0), (7, 1), (8, 0), (9, 1), (10, 0), (11, 1), (6, 2), (7, 3), (8, 2), (9, 3), (10, 2), (11, 3), (6, 4), (7, 5), (8, 4), (9, 5), (10, 4), (11, 5)]
length: 18 99
2*[T] vs T3fnT3: -0.0011474137221357393 0.0022948274511559686
Estimated difference between T3^fnT3 - (T2^WT3 + h.c.) is: 0.0011474137290202293 1.3165582655441083e-06
total cost: -2.8258193520407335
singles alt: [(6, 0), (7, 1), (8, 0), (9, 1), (10, 0), (11, 1), (6, 2), (7, 3), (8, 2), (9, 3), (10, 2), (11, 3), (6, 4), (7, 5), (8, 4), (9, 5), (10, 4), (11, 5)]
length: 18 99
2*[T] vs T3fnT3: -0.0011474137257436712 0.002294827458371831
Estimated difference between T3^fnT3 - (T2^WT3 + h.c.) is: 0.0011474137326281599 1.3165582738236864e-06
total cost: -2.82581935203408
singles alt: [(6, 0), (7, 1), (8, 0), (9, 1), (10, 0), (11, 1), (6, 2), (7, 3), (8, 2), (9, 3), (10, 2), (11, 3), (6, 4), (7, 5), (8, 4), (9, 5), (10, 4), (11, 5)]
length: 18 99
2*[T] vs T3fnT3: -0.001147413721474671 0.0022948274498338305
Estimated difference between T3^fnT3 - (T2^WT3 + h.c.) is: 0.0011474137283591596 1.3165582640270672e-06
total cost: -2.825819352035102
singles alt: [(6, 0), (7, 1), (8, 0), (9, 1), (10, 0), (11, 1), (6, 2), (7, 3), (8, 2), (9, 3), (10, 2), (11, 3), (6, 4), (7, 5), (8, 4), (9, 5), (10, 4), (11, 5)]
length: 18 99
2*[T] vs T3fnT3: -0.0011474137212492148 0.002294827449382918
Estimated difference between T3^fnT3 - (T2^WT3 + h.c.) is: 0.0011474137281337034 1.3165582635096842e-06
total cost: -2.8258193520353005
singles alt: [(6, 0), (7, 1), (8, 0), (9, 1), (10, 0), (11, 1), (6, 2), (7, 3), (8, 2), (9, 3), (10, 2), (11, 3), (6, 4), (7, 5), (8, 4), (9, 5), (10, 4), (11, 5)]
length: 18 99
2*[T] vs T3fnT3: -0.0011474137221357413 0.002294827451155973
Estimated difference between T3^fnT3 - (T2^WT3 + h.c.) is: 0.0011474137290202317 1.3165582655441136e-06
total cost: -2.8258193520407326
singles alt: [(6, 0), (7, 1), (8, 0), (9, 1), (10, 0), (11, 1), (6, 2), (7, 3), (8, 2), (9, 3), (10, 2), (11, 3), (6, 4), (7, 5), (8, 4), (9, 5), (10, 4), (11, 5)]
length: 18 99
2*[T] vs T3fnT3: -0.001147413722135746 0.002294827451155981
Estimated difference between T3^fnT3 - (T2^WT3 + h.c.) is: 0.0011474137290202351 1.3165582655441216e-06
total cost: -2.8258193520407318
singles alt: [(6, 0), (7, 1), (8, 0), (9, 1), (10, 0), (11, 1), (6, 2), (7, 3), (8, 2), (9, 3), (10, 2), (11, 3), (6, 4), (7, 5), (8, 4), (9, 5), (10, 4), (11, 5)]
length: 18 99
2*[T] vs T3fnT3: -0.0011474137190712731 0.002294827445027036
Estimated difference between T3^fnT3 - (T2^WT3 + h.c.) is: 0.001147413725955763 1.316558258511687e-06
total cost: -2.82581935204708
singles alt: [(6, 0), (7, 1), (8, 0), (9, 1), (10, 0), (11, 1), (6, 2), (7, 3), (8, 2), (9, 3), (10, 2), (11, 3), (6, 4), (7, 5), (8, 4), (9, 5), (10, 4), (11, 5)]
length: 18 99
2*[T] vs T3fnT3: -0.0011474137189719437 0.0022948274448283765
Estimated difference between T3^fnT3 - (T2^WT3 + h.c.) is: 0.0011474137258564328 1.3165582582837412e-06
total cost: -2.82581935204809
singles alt: [(6, 0), (7, 1), (8, 0), (9, 1), (10, 0), (11, 1), (6, 2), (7, 3), (8, 2), (9, 3), (10, 2), (11, 3), (6, 4), (7, 5), (8, 4), (9, 5), (10, 4), (11, 5)]
length: 18 99
2*[T] vs T3fnT3: -0.0011474137221357413 0.0022948274511559725
Estimated difference between T3^fnT3 - (T2^WT3 + h.c.) is: 0.0011474137290202312 1.3165582655441127e-06
total cost: -2.825819352040731
singles alt: [(6, 0), (7, 1), (8, 0), (9, 1), (10, 0), (11, 1), (6, 2), (7, 3), (8, 2), (9, 3), (10, 2), (11, 3), (6, 4), (7, 5), (8, 4), (9, 5), (10, 4), (11, 5)]
length: 18 99
2*[T] vs T3fnT3: -0.0011474137221357426 0.0022948274511559747
Estimated difference between T3^fnT3 - (T2^WT3 + h.c.) is: 0.001147413729020232 1.3165582655441146e-06
total cost: -2.8258193520407335
singles alt: [(6, 0), (7, 1), (8, 0), (9, 1), (10, 0), (11, 1), (6, 2), (7, 3), (8, 2), (9, 3), (10, 2), (11, 3), (6, 4), (7, 5), (8, 4), (9, 5), (10, 4), (11, 5)]
length: 18 99
2*[T] vs T3fnT3: -0.0011474137270399204 0.002294827460964331
Estimated difference between T3^fnT3 - (T2^WT3 + h.c.) is: 0.0011474137339244107 1.3165582767983585e-06
total cost: -2.82581935205758
singles alt: [(6, 0), (7, 1), (8, 0), (9, 1), (10, 0), (11, 1), (6, 2), (7, 3), (8, 2), (9, 3), (10, 2), (11, 3), (6, 4), (7, 5), (8, 4), (9, 5), (10, 4), (11, 5)]
length: 18 99
2*[T] vs T3fnT3: -0.0011474137269876573 0.002294827460859804
Estimated difference between T3^fnT3 - (T2^WT3 + h.c.) is: 0.0011474137338721468 1.3165582766784216e-06
total cost: -2.8258193520570654
singles alt: [(6, 0), (7, 1), (8, 0), (9, 1), (10, 0), (11, 1), (6, 2), (7, 3), (8, 2), (9, 3), (10, 2), (11, 3), (6, 4), (7, 5), (8, 4), (9, 5), (10, 4), (11, 5)]
length: 18 99
2*[T] vs T3fnT3: -0.001147413722135747 0.0022948274511559834
Estimated difference between T3^fnT3 - (T2^WT3 + h.c.) is: 0.0011474137290202364 1.3165582655441246e-06
total cost: -2.8258193520407318
singles alt: [(6, 0), (7, 1), (8, 0), (9, 1), (10, 0), (11, 1), (6, 2), (7, 3), (8, 2), (9, 3), (10, 2), (11, 3), (6, 4), (7, 5), (8, 4), (9, 5), (10, 4), (11, 5)]
length: 18 99
2*[T] vs T3fnT3: -0.0011474137221357435 0.002294827451155976
Estimated difference between T3^fnT3 - (T2^WT3 + h.c.) is: 0.0011474137290202325 1.3165582655441157e-06
total cost: -2.825819352040732
singles alt: [(6, 0), (7, 1), (8, 0), (9, 1), (10, 0), (11, 1), (6, 2), (7, 3), (8, 2), (9, 3), (10, 2), (11, 3), (6, 4), (7, 5), (8, 4), (9, 5), (10, 4), (11, 5)]
length: 18 99
2*[T] vs T3fnT3: -0.0011474137247153727 0.0022948274563152336
Estimated difference between T3^fnT3 - (T2^WT3 + h.c.) is: 0.001147413731599861 1.3165582714639176e-06
total cost: -2.8258193520445367
singles alt: [(6, 0), (7, 1), (8, 0), (9, 1), (10, 0), (11, 1), (6, 2), (7, 3), (8, 2), (9, 3), (10, 2), (11, 3), (6, 4), (7, 5), (8, 4), (9, 5), (10, 4), (11, 5)]
length: 18 99
2*[T] vs T3fnT3: -0.0011474137245079165 0.002294827455900322
Estimated difference between T3^fnT3 - (T2^WT3 + h.c.) is: 0.0011474137313924055 1.3165582709878433e-06
total cost: -2.82581935204302
singles alt: [(6, 0), (7, 1), (8, 0), (9, 1), (10, 0), (11, 1), (6, 2), (7, 3), (8, 2), (9, 3), (10, 2), (11, 3), (6, 4), (7, 5), (8, 4), (9, 5), (10, 4), (11, 5)]
length: 18 99
2*[T] vs T3fnT3: -0.001147413722135743 0.002294827451155975
Estimated difference between T3^fnT3 - (T2^WT3 + h.c.) is: 0.001147413729020232 1.3165582655441146e-06
total cost: -2.8258193520407318
singles alt: [(6, 0), (7, 1), (8, 0), (9, 1), (10, 0), (11, 1), (6, 2), (7, 3), (8, 2), (9, 3), (10, 2), (11, 3), (6, 4), (7, 5), (8, 4), (9, 5), (10, 4), (11, 5)]
length: 18 99
2*[T] vs T3fnT3: -0.0011474137221357404 0.0022948274511559712
Estimated difference between T3^fnT3 - (T2^WT3 + h.c.) is: 0.0011474137290202308 1.3165582655441117e-06
total cost: -2.8258193520407326
singles alt: [(6, 0), (7, 1), (8, 0), (9, 1), (10, 0), (11, 1), (6, 2), (7, 3), (8, 2), (9, 3), (10, 2), (11, 3), (6, 4), (7, 5), (8, 4), (9, 5), (10, 4), (11, 5)]
length: 18 99
2*[T] vs T3fnT3: -0.001147413724113333 0.0022948274551111564
Estimated difference between T3^fnT3 - (T2^WT3 + h.c.) is: 0.0011474137309978234 1.3165582700823454e-06
total cost: -2.8258193520372306
singles alt: [(6, 0), (7, 1), (8, 0), (9, 1), (10, 0), (11, 1), (6, 2), (7, 3), (8, 2), (9, 3), (10, 2), (11, 3), (6, 4), (7, 5), (8, 4), (9, 5), (10, 4), (11, 5)]
length: 18 99
2*[T] vs T3fnT3: -0.0011474137240777697 0.0022948274550400275
Estimated difference between T3^fnT3 - (T2^WT3 + h.c.) is: 0.0011474137309622579 1.3165582700007287e-06
total cost: -2.8258193520369974
singles alt: [(6, 0), (7, 1), (8, 0), (9, 1), (10, 0), (11, 1), (6, 2), (7, 3), (8, 2), (9, 3), (10, 2), (11, 3), (6, 4), (7, 5), (8, 4), (9, 5), (10, 4), (11, 5)]
length: 18 99
2*[T] vs T3fnT3: -0.001147413722135743 0.0022948274511559756
Estimated difference between T3^fnT3 - (T2^WT3 + h.c.) is: 0.0011474137290202325 1.3165582655441157e-06
total cost: -2.82581935204073
singles alt: [(6, 0), (7, 1), (8, 0), (9, 1), (10, 0), (11, 1), (6, 2), (7, 3), (8, 2), (9, 3), (10, 2), (11, 3), (6, 4), (7, 5), (8, 4), (9, 5), (10, 4), (11, 5)]
length: 18 99
2*[T] vs T3fnT3: -0.001147413722135743 0.0022948274511559756
Estimated difference between T3^fnT3 - (T2^WT3 + h.c.) is: 0.0011474137290202325 1.3165582655441157e-06
total cost: -2.8258193520407313
singles alt: [(6, 0), (7, 1), (8, 0), (9, 1), (10, 0), (11, 1), (6, 2), (7, 3), (8, 2), (9, 3), (10, 2), (11, 3), (6, 4), (7, 5), (8, 4), (9, 5), (10, 4), (11, 5)]
length: 18 99
2*[T] vs T3fnT3: -0.001147413722135743 0.0022948274511559756
Estimated difference between T3^fnT3 - (T2^WT3 + h.c.) is: 0.0011474137290202325 1.3165582655441157e-06
total cost: -2.825819352033244
singles alt: [(6, 0), (7, 1), (8, 0), (9, 1), (10, 0), (11, 1), (6, 2), (7, 3), (8, 2), (9, 3), (10, 2), (11, 3), (6, 4), (7, 5), (8, 4), (9, 5), (10, 4), (11, 5)]
length: 18 99
2*[T] vs T3fnT3: -0.001147413722135743 0.0022948274511559756
Estimated difference between T3^fnT3 - (T2^WT3 + h.c.) is: 0.0011474137290202325 1.3165582655441157e-06
total cost: -2.8258193520329247
singles alt: [(6, 0), (7, 1), (8, 0), (9, 1), (10, 0), (11, 1), (6, 2), (7, 3), (8, 2), (9, 3), (10, 2), (11, 3), (6, 4), (7, 5), (8, 4), (9, 5), (10, 4), (11, 5)]
length: 18 99
2*[T] vs T3fnT3: -0.001147413722135743 0.0022948274511559756
Estimated difference between T3^fnT3 - (T2^WT3 + h.c.) is: 0.0011474137290202325 1.3165582655441157e-06
total cost: -2.8258193520407318
singles alt: [(6, 0), (7, 1), (8, 0), (9, 1), (10, 0), (11, 1), (6, 2), (7, 3), (8, 2), (9, 3), (10, 2), (11, 3), (6, 4), (7, 5), (8, 4), (9, 5), (10, 4), (11, 5)]
length: 18 99
2*[T] vs T3fnT3: -0.001147413722135743 0.0022948274511559756
Estimated difference between T3^fnT3 - (T2^WT3 + h.c.) is: 0.0011474137290202325 1.3165582655441157e-06
total cost: -2.825819352040732
singles alt: [(6, 0), (7, 1), (8, 0), (9, 1), (10, 0), (11, 1), (6, 2), (7, 3), (8, 2), (9, 3), (10, 2), (11, 3), (6, 4), (7, 5), (8, 4), (9, 5), (10, 4), (11, 5)]
length: 18 99
2*[T] vs T3fnT3: -0.001147413722135743 0.0022948274511559756
Estimated difference between T3^fnT3 - (T2^WT3 + h.c.) is: 0.0011474137290202325 1.3165582655441157e-06
total cost: -2.825819352051016
singles alt: [(6, 0), (7, 1), (8, 0), (9, 1), (10, 0), (11, 1), (6, 2), (7, 3), (8, 2), (9, 3), (10, 2), (11, 3), (6, 4), (7, 5), (8, 4), (9, 5), (10, 4), (11, 5)]
length: 18 99
2*[T] vs T3fnT3: -0.001147413722135743 0.0022948274511559756
Estimated difference between T3^fnT3 - (T2^WT3 + h.c.) is: 0.0011474137290202325 1.3165582655441157e-06
total cost: -2.8258193520515813
singles alt: [(6, 0), (7, 1), (8, 0), (9, 1), (10, 0), (11, 1), (6, 2), (7, 3), (8, 2), (9, 3), (10, 2), (11, 3), (6, 4), (7, 5), (8, 4), (9, 5), (10, 4), (11, 5)]
length: 18 99
2*[T] vs T3fnT3: -0.001147413722135743 0.0022948274511559756
Estimated difference between T3^fnT3 - (T2^WT3 + h.c.) is: 0.0011474137290202325 1.3165582655441157e-06
total cost: -2.8258193520407335
singles alt: [(6, 0), (7, 1), (8, 0), (9, 1), (10, 0), (11, 1), (6, 2), (7, 3), (8, 2), (9, 3), (10, 2), (11, 3), (6, 4), (7, 5), (8, 4), (9, 5), (10, 4), (11, 5)]
length: 18 99
2*[T] vs T3fnT3: -0.001147413722135743 0.0022948274511559756
Estimated difference between T3^fnT3 - (T2^WT3 + h.c.) is: 0.0011474137290202325 1.3165582655441157e-06
total cost: -2.8258193520407318
singles alt: [(6, 0), (7, 1), (8, 0), (9, 1), (10, 0), (11, 1), (6, 2), (7, 3), (8, 2), (9, 3), (10, 2), (11, 3), (6, 4), (7, 5), (8, 4), (9, 5), (10, 4), (11, 5)]
length: 18 99
2*[T] vs T3fnT3: -0.001147413722135743 0.0022948274511559756
Estimated difference between T3^fnT3 - (T2^WT3 + h.c.) is: 0.0011474137290202325 1.3165582655441157e-06
total cost: -2.8258193520399613
singles alt: [(6, 0), (7, 1), (8, 0), (9, 1), (10, 0), (11, 1), (6, 2), (7, 3), (8, 2), (9, 3), (10, 2), (11, 3), (6, 4), (7, 5), (8, 4), (9, 5), (10, 4), (11, 5)]
length: 18 99
2*[T] vs T3fnT3: -0.001147413722135743 0.0022948274511559756
Estimated difference between T3^fnT3 - (T2^WT3 + h.c.) is: 0.0011474137290202325 1.3165582655441157e-06
total cost: -2.825819352039817
singles alt: [(6, 0), (7, 1), (8, 0), (9, 1), (10, 0), (11, 1), (6, 2), (7, 3), (8, 2), (9, 3), (10, 2), (11, 3), (6, 4), (7, 5), (8, 4), (9, 5), (10, 4), (11, 5)]
length: 18 99
2*[T] vs T3fnT3: -0.001147413722135743 0.0022948274511559756
Estimated difference between T3^fnT3 - (T2^WT3 + h.c.) is: 0.0011474137290202325 1.3165582655441157e-06
total cost: -2.8258193520407326
singles alt: [(6, 0), (7, 1), (8, 0), (9, 1), (10, 0), (11, 1), (6, 2), (7, 3), (8, 2), (9, 3), (10, 2), (11, 3), (6, 4), (7, 5), (8, 4), (9, 5), (10, 4), (11, 5)]
length: 18 99
2*[T] vs T3fnT3: -0.001147413722135743 0.0022948274511559756
Estimated difference between T3^fnT3 - (T2^WT3 + h.c.) is: 0.0011474137290202325 1.3165582655441157e-06
total cost: -2.8258193520407326
singles alt: [(6, 0), (7, 1), (8, 0), (9, 1), (10, 0), (11, 1), (6, 2), (7, 3), (8, 2), (9, 3), (10, 2), (11, 3), (6, 4), (7, 5), (8, 4), (9, 5), (10, 4), (11, 5)]
length: 18 99
2*[T] vs T3fnT3: -0.001147413722135743 0.0022948274511559756
Estimated difference between T3^fnT3 - (T2^WT3 + h.c.) is: 0.0011474137290202325 1.3165582655441157e-06
total cost: -2.8258193520381965
singles alt: [(6, 0), (7, 1), (8, 0), (9, 1), (10, 0), (11, 1), (6, 2), (7, 3), (8, 2), (9, 3), (10, 2), (11, 3), (6, 4), (7, 5), (8, 4), (9, 5), (10, 4), (11, 5)]
length: 18 99
2*[T] vs T3fnT3: -0.001147413722135743 0.0022948274511559756
Estimated difference between T3^fnT3 - (T2^WT3 + h.c.) is: 0.0011474137290202325 1.3165582655441157e-06
total cost: -2.8258193520377612
singles alt: [(6, 0), (7, 1), (8, 0), (9, 1), (10, 0), (11, 1), (6, 2), (7, 3), (8, 2), (9, 3), (10, 2), (11, 3), (6, 4), (7, 5), (8, 4), (9, 5), (10, 4), (11, 5)]
length: 18 99
2*[T] vs T3fnT3: -0.001147413722135743 0.0022948274511559756
Estimated difference between T3^fnT3 - (T2^WT3 + h.c.) is: 0.0011474137290202325 1.3165582655441157e-06
total cost: -2.825819352040732
singles alt: [(6, 0), (7, 1), (8, 0), (9, 1), (10, 0), (11, 1), (6, 2), (7, 3), (8, 2), (9, 3), (10, 2), (11, 3), (6, 4), (7, 5), (8, 4), (9, 5), (10, 4), (11, 5)]
length: 18 99
2*[T] vs T3fnT3: -0.001147413722135743 0.0022948274511559756
Estimated difference between T3^fnT3 - (T2^WT3 + h.c.) is: 0.0011474137290202325 1.3165582655441157e-06
total cost: -2.8258193520407313
singles alt: [(6, 0), (7, 1), (8, 0), (9, 1), (10, 0), (11, 1), (6, 2), (7, 3), (8, 2), (9, 3), (10, 2), (11, 3), (6, 4), (7, 5), (8, 4), (9, 5), (10, 4), (11, 5)]
callback: energy=-2.826966765770
singles alt: [(6, 0), (7, 1), (8, 0), (9, 1), (10, 0), (11, 1), (6, 2), (7, 3), (8, 2), (9, 3), (10, 2), (11, 3), (6, 4), (7, 5), (8, 4), (9, 5), (10, 4), (11, 5)]
length: 18 99
2*[T] vs T3fnT3: -0.0011445107638813443 0.002289021534629755
Estimated difference between T3^fnT3 - (T2^WT3 + h.c.) is: 0.0011445107707484107 1.3099049043591212e-06
total cost: -2.8258571699137893
singles alt: [(6, 0), (7, 1), (8, 0), (9, 1), (10, 0), (11, 1), (6, 2), (7, 3), (8, 2), (9, 3), (10, 2), (11, 3), (6, 4), (7, 5), (8, 4), (9, 5), (10, 4), (11, 5)]
length: 18 99
2*[T] vs T3fnT3: -0.0011445107665035163 0.0022890215398740986
Estimated difference between T3^fnT3 - (T2^WT3 + h.c.) is: 0.0011445107733705823 1.3099049103613283e-06
total cost: -2.8258571699270116
singles alt: [(6, 0), (7, 1), (8, 0), (9, 1), (10, 0), (11, 1), (6, 2), (7, 3), (8, 2), (9, 3), (10, 2), (11, 3), (6, 4), (7, 5), (8, 4), (9, 5), (10, 4), (11, 5)]
length: 18 99
2*[T] vs T3fnT3: -0.0011445107638813408 0.002289021534629749
Estimated difference between T3^fnT3 - (T2^WT3 + h.c.) is: 0.001144510770748408 1.309904904359115e-06
total cost: -2.8258571699137907
singles alt: [(6, 0), (7, 1), (8, 0), (9, 1), (10, 0), (11, 1), (6, 2), (7, 3), (8, 2), (9, 3), (10, 2), (11, 3), (6, 4), (7, 5), (8, 4), (9, 5), (10, 4), (11, 5)]
length: 18 99
2*[T] vs T3fnT3: -0.0011445107632000726 0.0022890215332672104
Estimated difference between T3^fnT3 - (T2^WT3 + h.c.) is: 0.0011445107700671377 1.3099049027996725e-06
total cost: -2.8258571699144084
singles alt: [(6, 0), (7, 1), (8, 0), (9, 1), (10, 0), (11, 1), (6, 2), (7, 3), (8, 2), (9, 3), (10, 2), (11, 3), (6, 4), (7, 5), (8, 4), (9, 5), (10, 4), (11, 5)]
length: 18 99
2*[T] vs T3fnT3: -0.0011445107638813443 0.002289021534629755
Estimated difference between T3^fnT3 - (T2^WT3 + h.c.) is: 0.0011445107707484107 1.3099049043591212e-06
total cost: -2.8258571699137907
singles alt: [(6, 0), (7, 1), (8, 0), (9, 1), (10, 0), (11, 1), (6, 2), (7, 3), (8, 2), (9, 3), (10, 2), (11, 3), (6, 4), (7, 5), (8, 4), (9, 5), (10, 4), (11, 5)]
length: 18 99
2*[T] vs T3fnT3: -0.0011445107686963885 0.002289021544259843
Estimated difference between T3^fnT3 - (T2^WT3 + h.c.) is: 0.0011445107755634544 1.30990491538086e-06
total cost: -2.8258571699054236
singles alt: [(6, 0), (7, 1), (8, 0), (9, 1), (10, 0), (11, 1), (6, 2), (7, 3), (8, 2), (9, 3), (10, 2), (11, 3), (6, 4), (7, 5), (8, 4), (9, 5), (10, 4), (11, 5)]
length: 18 99
2*[T] vs T3fnT3: -0.0011445107638813495 0.0022890215346297645
Estimated difference between T3^fnT3 - (T2^WT3 + h.c.) is: 0.001144510770748415 1.309904904359131e-06
total cost: -2.8258571699137853
singles alt: [(6, 0), (7, 1), (8, 0), (9, 1), (10, 0), (11, 1), (6, 2), (7, 3), (8, 2), (9, 3), (10, 2), (11, 3), (6, 4), (7, 5), (8, 4), (9, 5), (10, 4), (11, 5)]
length: 18 99
2*[T] vs T3fnT3: -0.0011445107632392822 0.0022890215333456303
Estimated difference between T3^fnT3 - (T2^WT3 + h.c.) is: 0.001144510770106348 1.309904902889426e-06
total cost: -2.825857169912262
singles alt: [(6, 0), (7, 1), (8, 0), (9, 1), (10, 0), (11, 1), (6, 2), (7, 3), (8, 2), (9, 3), (10, 2), (11, 3), (6, 4), (7, 5), (8, 4), (9, 5), (10, 4), (11, 5)]
length: 18 99
2*[T] vs T3fnT3: -0.0011445107638813502 0.0022890215346297654
Estimated difference between T3^fnT3 - (T2^WT3 + h.c.) is: 0.0011445107707484152 1.3099049043591315e-06
total cost: -2.825857169913785
singles alt: [(6, 0), (7, 1), (8, 0), (9, 1), (10, 0), (11, 1), (6, 2), (7, 3), (8, 2), (9, 3), (10, 2), (11, 3), (6, 4), (7, 5), (8, 4), (9, 5), (10, 4), (11, 5)]
length: 18 99
2*[T] vs T3fnT3: -0.00114451077032521 0.002289021547517484
Estimated difference between T3^fnT3 - (T2^WT3 + h.c.) is: 0.0011445107771922741 1.3099049191092633e-06
total cost: -2.8258571699156736
singles alt: [(6, 0), (7, 1), (8, 0), (9, 1), (10, 0), (11, 1), (6, 2), (7, 3), (8, 2), (9, 3), (10, 2), (11, 3), (6, 4), (7, 5), (8, 4), (9, 5), (10, 4), (11, 5)]
length: 18 99
2*[T] vs T3fnT3: -0.0011445107638813421 0.0022890215346297507
Estimated difference between T3^fnT3 - (T2^WT3 + h.c.) is: 0.0011445107707484085 1.309904904359116e-06
total cost: -2.825857169913791
singles alt: [(6, 0), (7, 1), (8, 0), (9, 1), (10, 0), (11, 1), (6, 2), (7, 3), (8, 2), (9, 3), (10, 2), (11, 3), (6, 4), (7, 5), (8, 4), (9, 5), (10, 4), (11, 5)]
length: 18 99
2*[T] vs T3fnT3: -0.0011445107588077526 0.002289021524482572
Estimated difference between T3^fnT3 - (T2^WT3 + h.c.) is: 0.0011445107656748194 1.3099048927455613e-06
total cost: -2.825857169927483
singles alt: [(6, 0), (7, 1), (8, 0), (9, 1), (10, 0), (11, 1), (6, 2), (7, 3), (8, 2), (9, 3), (10, 2), (11, 3), (6, 4), (7, 5), (8, 4), (9, 5), (10, 4), (11, 5)]
length: 18 99
2*[T] vs T3fnT3: -0.001144510763881346 0.0022890215346297585
Estimated difference between T3^fnT3 - (T2^WT3 + h.c.) is: 0.0011445107707484124 1.309904904359125e-06
total cost: -2.825857169913787
singles alt: [(6, 0), (7, 1), (8, 0), (9, 1), (10, 0), (11, 1), (6, 2), (7, 3), (8, 2), (9, 3), (10, 2), (11, 3), (6, 4), (7, 5), (8, 4), (9, 5), (10, 4), (11, 5)]
length: 18 99
2*[T] vs T3fnT3: -0.0011445107634390599 0.002289021533745187
Estimated difference between T3^fnT3 - (T2^WT3 + h.c.) is: 0.001144510770306127 1.3099049033467245e-06
total cost: -2.825857169922423
singles alt: [(6, 0), (7, 1), (8, 0), (9, 1), (10, 0), (11, 1), (6, 2), (7, 3), (8, 2), (9, 3), (10, 2), (11, 3), (6, 4), (7, 5), (8, 4), (9, 5), (10, 4), (11, 5)]
length: 18 99
2*[T] vs T3fnT3: -0.001144510763881344 0.0022890215346297546
Estimated difference between T3^fnT3 - (T2^WT3 + h.c.) is: 0.0011445107707484105 1.3099049043591205e-06
total cost: -2.8258571699137915
singles alt: [(6, 0), (7, 1), (8, 0), (9, 1), (10, 0), (11, 1), (6, 2), (7, 3), (8, 2), (9, 3), (10, 2), (11, 3), (6, 4), (7, 5), (8, 4), (9, 5), (10, 4), (11, 5)]
length: 18 99
2*[T] vs T3fnT3: -0.0011445107737434886 0.002289021554354043
Estimated difference between T3^fnT3 - (T2^WT3 + h.c.) is: 0.0011445107806105546 1.309904926933781e-06
total cost: -2.825857169914958
singles alt: [(6, 0), (7, 1), (8, 0), (9, 1), (10, 0), (11, 1), (6, 2), (7, 3), (8, 2), (9, 3), (10, 2), (11, 3), (6, 4), (7, 5), (8, 4), (9, 5), (10, 4), (11, 5)]
length: 18 99
2*[T] vs T3fnT3: -0.0011445107638813486 0.0022890215346297645
Estimated difference between T3^fnT3 - (T2^WT3 + h.c.) is: 0.0011445107707484159 1.309904904359133e-06
total cost: -2.8258571699137875
singles alt: [(6, 0), (7, 1), (8, 0), (9, 1), (10, 0), (11, 1), (6, 2), (7, 3), (8, 2), (9, 3), (10, 2), (11, 3), (6, 4), (7, 5), (8, 4), (9, 5), (10, 4), (11, 5)]
length: 18 99
2*[T] vs T3fnT3: -0.0011445107683394384 0.0022890215435459422
Estimated difference between T3^fnT3 - (T2^WT3 + h.c.) is: 0.0011445107752065039 1.3099049145637925e-06
total cost: -2.825857169913148
singles alt: [(6, 0), (7, 1), (8, 0), (9, 1), (10, 0), (11, 1), (6, 2), (7, 3), (8, 2), (9, 3), (10, 2), (11, 3), (6, 4), (7, 5), (8, 4), (9, 5), (10, 4), (11, 5)]
length: 18 99
2*[T] vs T3fnT3: -0.0011445107638813452 0.002289021534629758
Estimated difference between T3^fnT3 - (T2^WT3 + h.c.) is: 0.0011445107707484129 1.309904904359126e-06
total cost: -2.8258571699137907
singles alt: [(6, 0), (7, 1), (8, 0), (9, 1), (10, 0), (11, 1), (6, 2), (7, 3), (8, 2), (9, 3), (10, 2), (11, 3), (6, 4), (7, 5), (8, 4), (9, 5), (10, 4), (11, 5)]
length: 18 99
2*[T] vs T3fnT3: -0.001144510765645573 0.0022890215381582125
Estimated difference between T3^fnT3 - (T2^WT3 + h.c.) is: 0.0011445107725126394 1.3099049083974786e-06
total cost: -2.825857169900489
singles alt: [(6, 0), (7, 1), (8, 0), (9, 1), (10, 0), (11, 1), (6, 2), (7, 3), (8, 2), (9, 3), (10, 2), (11, 3), (6, 4), (7, 5), (8, 4), (9, 5), (10, 4), (11, 5)]
length: 18 99
2*[T] vs T3fnT3: -0.001144510763881346 0.0022890215346297585
Estimated difference between T3^fnT3 - (T2^WT3 + h.c.) is: 0.0011445107707484124 1.309904904359125e-06
total cost: -2.8258571699137893
singles alt: [(6, 0), (7, 1), (8, 0), (9, 1), (10, 0), (11, 1), (6, 2), (7, 3), (8, 2), (9, 3), (10, 2), (11, 3), (6, 4), (7, 5), (8, 4), (9, 5), (10, 4), (11, 5)]
length: 18 99
2*[T] vs T3fnT3: -0.0011445107746866768 0.0022890215562404188
Estimated difference between T3^fnT3 - (T2^WT3 + h.c.) is: 0.001144510781553742 1.3099049290927572e-06
total cost: -2.8258571699112016
singles alt: [(6, 0), (7, 1), (8, 0), (9, 1), (10, 0), (11, 1), (6, 2), (7, 3), (8, 2), (9, 3), (10, 2), (11, 3), (6, 4), (7, 5), (8, 4), (9, 5), (10, 4), (11, 5)]
length: 18 99
2*[T] vs T3fnT3: -0.001144510763881347 0.002289021534629761
Estimated difference between T3^fnT3 - (T2^WT3 + h.c.) is: 0.0011445107707484142 1.309904904359129e-06
total cost: -2.825857169913787
singles alt: [(6, 0), (7, 1), (8, 0), (9, 1), (10, 0), (11, 1), (6, 2), (7, 3), (8, 2), (9, 3), (10, 2), (11, 3), (6, 4), (7, 5), (8, 4), (9, 5), (10, 4), (11, 5)]
length: 18 99
2*[T] vs T3fnT3: -0.0011445107639621083 0.002289021534791283
Estimated difference between T3^fnT3 - (T2^WT3 + h.c.) is: 0.0011445107708291746 1.3099049045439916e-06
total cost: -2.8258571699068407
singles alt: [(6, 0), (7, 1), (8, 0), (9, 1), (10, 0), (11, 1), (6, 2), (7, 3), (8, 2), (9, 3), (10, 2), (11, 3), (6, 4), (7, 5), (8, 4), (9, 5), (10, 4), (11, 5)]
length: 18 99
2*[T] vs T3fnT3: -0.0011445107638813443 0.002289021534629755
Estimated difference between T3^fnT3 - (T2^WT3 + h.c.) is: 0.0011445107707484107 1.3099049043591212e-06
total cost: -2.8258571699137898
singles alt: [(6, 0), (7, 1), (8, 0), (9, 1), (10, 0), (11, 1), (6, 2), (7, 3), (8, 2), (9, 3), (10, 2), (11, 3), (6, 4), (7, 5), (8, 4), (9, 5), (10, 4), (11, 5)]
length: 18 99
2*[T] vs T3fnT3: -0.0011445107692201293 0.0022890215453073236
Estimated difference between T3^fnT3 - (T2^WT3 + h.c.) is: 0.0011445107760871944 1.3099049165797119e-06
total cost: -2.8258571699148245
singles alt: [(6, 0), (7, 1), (8, 0), (9, 1), (10, 0), (11, 1), (6, 2), (7, 3), (8, 2), (9, 3), (10, 2), (11, 3), (6, 4), (7, 5), (8, 4), (9, 5), (10, 4), (11, 5)]
length: 18 99
2*[T] vs T3fnT3: -0.0011445107638813426 0.0022890215346297515
Estimated difference between T3^fnT3 - (T2^WT3 + h.c.) is: 0.001144510770748409 1.3099049043591171e-06
total cost: -2.8258571699137898
singles alt: [(6, 0), (7, 1), (8, 0), (9, 1), (10, 0), (11, 1), (6, 2), (7, 3), (8, 2), (9, 3), (10, 2), (11, 3), (6, 4), (7, 5), (8, 4), (9, 5), (10, 4), (11, 5)]
length: 18 99
2*[T] vs T3fnT3: -0.0011445107622764328 0.002289021531419931
Estimated difference between T3^fnT3 - (T2^WT3 + h.c.) is: 0.0011445107691434983 1.309904900685442e-06
total cost: -2.8258571699143236
singles alt: [(6, 0), (7, 1), (8, 0), (9, 1), (10, 0), (11, 1), (6, 2), (7, 3), (8, 2), (9, 3), (10, 2), (11, 3), (6, 4), (7, 5), (8, 4), (9, 5), (10, 4), (11, 5)]
length: 18 99
2*[T] vs T3fnT3: -0.0011445107638813437 0.0022890215346297537
Estimated difference between T3^fnT3 - (T2^WT3 + h.c.) is: 0.00114451077074841 1.3099049043591197e-06
total cost: -2.8258571699137907
singles alt: [(6, 0), (7, 1), (8, 0), (9, 1), (10, 0), (11, 1), (6, 2), (7, 3), (8, 2), (9, 3), (10, 2), (11, 3), (6, 4), (7, 5), (8, 4), (9, 5), (10, 4), (11, 5)]
length: 18 99
2*[T] vs T3fnT3: -0.0011445107634788956 0.0022890215338248576
Estimated difference between T3^fnT3 - (T2^WT3 + h.c.) is: 0.001144510770345962 1.3099049034379074e-06
total cost: -2.825857169921947
singles alt: [(6, 0), (7, 1), (8, 0), (9, 1), (10, 0), (11, 1), (6, 2), (7, 3), (8, 2), (9, 3), (10, 2), (11, 3), (6, 4), (7, 5), (8, 4), (9, 5), (10, 4), (11, 5)]
length: 18 99
2*[T] vs T3fnT3: -0.0011445107638813463 0.0022890215346297593
Estimated difference between T3^fnT3 - (T2^WT3 + h.c.) is: 0.001144510770748413 1.3099049043591265e-06
total cost: -2.8258571699137884
singles alt: [(6, 0), (7, 1), (8, 0), (9, 1), (10, 0), (11, 1), (6, 2), (7, 3), (8, 2), (9, 3), (10, 2), (11, 3), (6, 4), (7, 5), (8, 4), (9, 5), (10, 4), (11, 5)]
length: 18 99
2*[T] vs T3fnT3: -0.0011445107588532557 0.0022890215245735777
Estimated difference between T3^fnT3 - (T2^WT3 + h.c.) is: 0.001144510765720322 1.309904892849718e-06
total cost: -2.825857169924127
singles alt: [(6, 0), (7, 1), (8, 0), (9, 1), (10, 0), (11, 1), (6, 2), (7, 3), (8, 2), (9, 3), (10, 2), (11, 3), (6, 4), (7, 5), (8, 4), (9, 5), (10, 4), (11, 5)]
length: 18 99
2*[T] vs T3fnT3: -0.001144510763881341 0.002289021534629749
Estimated difference between T3^fnT3 - (T2^WT3 + h.c.) is: 0.0011445107707484079 1.3099049043591146e-06
total cost: -2.8258571699137915
singles alt: [(6, 0), (7, 1), (8, 0), (9, 1), (10, 0), (11, 1), (6, 2), (7, 3), (8, 2), (9, 3), (10, 2), (11, 3), (6, 4), (7, 5), (8, 4), (9, 5), (10, 4), (11, 5)]
length: 18 99
2*[T] vs T3fnT3: -0.0011445107686092757 0.0022890215440856177
Estimated difference between T3^fnT3 - (T2^WT3 + h.c.) is: 0.001144510775476342 1.3099049151814578e-06
total cost: -2.825857169912862
singles alt: [(6, 0), (7, 1), (8, 0), (9, 1), (10, 0), (11, 1), (6, 2), (7, 3), (8, 2), (9, 3), (10, 2), (11, 3), (6, 4), (7, 5), (8, 4), (9, 5), (10, 4), (11, 5)]
length: 18 99
2*[T] vs T3fnT3: -0.0011445107638813443 0.002289021534629755
Estimated difference between T3^fnT3 - (T2^WT3 + h.c.) is: 0.0011445107707484107 1.3099049043591212e-06
total cost: -2.825857169913788
singles alt: [(6, 0), (7, 1), (8, 0), (9, 1), (10, 0), (11, 1), (6, 2), (7, 3), (8, 2), (9, 3), (10, 2), (11, 3), (6, 4), (7, 5), (8, 4), (9, 5), (10, 4), (11, 5)]
length: 18 99
2*[T] vs T3fnT3: -0.0011445107741019668 0.0022890215550710005
Estimated difference between T3^fnT3 - (T2^WT3 + h.c.) is: 0.0011445107809690336 1.3099049277543473e-06
total cost: -2.82585716991629
singles alt: [(6, 0), (7, 1), (8, 0), (9, 1), (10, 0), (11, 1), (6, 2), (7, 3), (8, 2), (9, 3), (10, 2), (11, 3), (6, 4), (7, 5), (8, 4), (9, 5), (10, 4), (11, 5)]
length: 18 99
2*[T] vs T3fnT3: -0.0011445107638813426 0.002289021534629753
Estimated difference between T3^fnT3 - (T2^WT3 + h.c.) is: 0.0011445107707484102 1.30990490435912e-06
total cost: -2.825857169913792
singles alt: [(6, 0), (7, 1), (8, 0), (9, 1), (10, 0), (11, 1), (6, 2), (7, 3), (8, 2), (9, 3), (10, 2), (11, 3), (6, 4), (7, 5), (8, 4), (9, 5), (10, 4), (11, 5)]
length: 18 99
2*[T] vs T3fnT3: -0.0011445107712339398 0.002289021549334945
Estimated difference between T3^fnT3 - (T2^WT3 + h.c.) is: 0.0011445107781010053 1.3099049211893687e-06
total cost: -2.825857169921346
singles alt: [(6, 0), (7, 1), (8, 0), (9, 1), (10, 0), (11, 1), (6, 2), (7, 3), (8, 2), (9, 3), (10, 2), (11, 3), (6, 4), (7, 5), (8, 4), (9, 5), (10, 4), (11, 5)]
length: 18 99
2*[T] vs T3fnT3: -0.0011445107638813465 0.0022890215346297593
Estimated difference between T3^fnT3 - (T2^WT3 + h.c.) is: 0.0011445107707484129 1.309904904359126e-06
total cost: -2.8258571699137915
singles alt: [(6, 0), (7, 1), (8, 0), (9, 1), (10, 0), (11, 1), (6, 2), (7, 3), (8, 2), (9, 3), (10, 2), (11, 3), (6, 4), (7, 5), (8, 4), (9, 5), (10, 4), (11, 5)]
length: 18 99
2*[T] vs T3fnT3: -0.001144510760486547 0.00228902152784016
Estimated difference between T3^fnT3 - (T2^WT3 + h.c.) is: 0.001144510767353613 1.309904896588356e-06
total cost: -2.8258571699114166
singles alt: [(6, 0), (7, 1), (8, 0), (9, 1), (10, 0), (11, 1), (6, 2), (7, 3), (8, 2), (9, 3), (10, 2), (11, 3), (6, 4), (7, 5), (8, 4), (9, 5), (10, 4), (11, 5)]
length: 18 99
2*[T] vs T3fnT3: -0.001144510763881338 0.002289021534629743
Estimated difference between T3^fnT3 - (T2^WT3 + h.c.) is: 0.0011445107707484048 1.3099049043591076e-06
total cost: -2.8258571699137924
singles alt: [(6, 0), (7, 1), (8, 0), (9, 1), (10, 0), (11, 1), (6, 2), (7, 3), (8, 2), (9, 3), (10, 2), (11, 3), (6, 4), (7, 5), (8, 4), (9, 5), (10, 4), (11, 5)]
length: 18 99
2*[T] vs T3fnT3: -0.0011445107822963898 0.0022890215714598465
Estimated difference between T3^fnT3 - (T2^WT3 + h.c.) is: 0.0011445107891634566 1.3099049465115582e-06
total cost: -2.825857169921727
singles alt: [(6, 0), (7, 1), (8, 0), (9, 1), (10, 0), (11, 1), (6, 2), (7, 3), (8, 2), (9, 3), (10, 2), (11, 3), (6, 4), (7, 5), (8, 4), (9, 5), (10, 4), (11, 5)]
length: 18 99
2*[T] vs T3fnT3: -0.0011445107638813471 0.002289021534629761
Estimated difference between T3^fnT3 - (T2^WT3 + h.c.) is: 0.001144510770748414 1.3099049043591286e-06
total cost: -2.8258571699137867
singles alt: [(6, 0), (7, 1), (8, 0), (9, 1), (10, 0), (11, 1), (6, 2), (7, 3), (8, 2), (9, 3), (10, 2), (11, 3), (6, 4), (7, 5), (8, 4), (9, 5), (10, 4), (11, 5)]
length: 18 99
2*[T] vs T3fnT3: -0.0011445107606539468 0.002289021528174959
Estimated difference between T3^fnT3 - (T2^WT3 + h.c.) is: 0.0011445107675210123 1.3099048969715368e-06
total cost: -2.825857169914822
singles alt: [(6, 0), (7, 1), (8, 0), (9, 1), (10, 0), (11, 1), (6, 2), (7, 3), (8, 2), (9, 3), (10, 2), (11, 3), (6, 4), (7, 5), (8, 4), (9, 5), (10, 4), (11, 5)]
length: 18 99
2*[T] vs T3fnT3: -0.001144510763881345 0.0022890215346297567
Estimated difference between T3^fnT3 - (T2^WT3 + h.c.) is: 0.0011445107707484118 1.3099049043591235e-06
total cost: -2.825857169913786
singles alt: [(6, 0), (7, 1), (8, 0), (9, 1), (10, 0), (11, 1), (6, 2), (7, 3), (8, 2), (9, 3), (10, 2), (11, 3), (6, 4), (7, 5), (8, 4), (9, 5), (10, 4), (11, 5)]
length: 18 99
2*[T] vs T3fnT3: -0.0011445107632884722 0.00228902153344401
Estimated difference between T3^fnT3 - (T2^WT3 + h.c.) is: 0.0011445107701555377 1.3099049030020221e-06
total cost: -2.8258571699133164
singles alt: [(6, 0), (7, 1), (8, 0), (9, 1), (10, 0), (11, 1), (6, 2), (7, 3), (8, 2), (9, 3), (10, 2), (11, 3), (6, 4), (7, 5), (8, 4), (9, 5), (10, 4), (11, 5)]
length: 18 99
2*[T] vs T3fnT3: -0.0011445107638813426 0.0022890215346297515
Estimated difference between T3^fnT3 - (T2^WT3 + h.c.) is: 0.001144510770748409 1.3099049043591171e-06
total cost: -2.8258571699137875
singles alt: [(6, 0), (7, 1), (8, 0), (9, 1), (10, 0), (11, 1), (6, 2), (7, 3), (8, 2), (9, 3), (10, 2), (11, 3), (6, 4), (7, 5), (8, 4), (9, 5), (10, 4), (11, 5)]
length: 18 99
2*[T] vs T3fnT3: -0.0011445107668047593 0.002289021540476585
Estimated difference between T3^fnT3 - (T2^WT3 + h.c.) is: 0.0011445107736718257 1.309904911050881e-06
total cost: -2.82585716991104
singles alt: [(6, 0), (7, 1), (8, 0), (9, 1), (10, 0), (11, 1), (6, 2), (7, 3), (8, 2), (9, 3), (10, 2), (11, 3), (6, 4), (7, 5), (8, 4), (9, 5), (10, 4), (11, 5)]
length: 18 99
2*[T] vs T3fnT3: -0.0011445107638813478 0.002289021534629762
Estimated difference between T3^fnT3 - (T2^WT3 + h.c.) is: 0.0011445107707484142 1.309904904359129e-06
total cost: -2.8258571699137893
singles alt: [(6, 0), (7, 1), (8, 0), (9, 1), (10, 0), (11, 1), (6, 2), (7, 3), (8, 2), (9, 3), (10, 2), (11, 3), (6, 4), (7, 5), (8, 4), (9, 5), (10, 4), (11, 5)]
length: 18 99
2*[T] vs T3fnT3: -0.0011445107701617567 0.0022890215471905785
Estimated difference between T3^fnT3 - (T2^WT3 + h.c.) is: 0.0011445107770288218 1.3099049187351174e-06
total cost: -2.8258571699093107
singles alt: [(6, 0), (7, 1), (8, 0), (9, 1), (10, 0), (11, 1), (6, 2), (7, 3), (8, 2), (9, 3), (10, 2), (11, 3), (6, 4), (7, 5), (8, 4), (9, 5), (10, 4), (11, 5)]
length: 18 99
2*[T] vs T3fnT3: -0.0011445107638813512 0.0022890215346297706
Estimated difference between T3^fnT3 - (T2^WT3 + h.c.) is: 0.0011445107707484194 1.3099049043591409e-06
total cost: -2.825857169913787
singles alt: [(6, 0), (7, 1), (8, 0), (9, 1), (10, 0), (11, 1), (6, 2), (7, 3), (8, 2), (9, 3), (10, 2), (11, 3), (6, 4), (7, 5), (8, 4), (9, 5), (10, 4), (11, 5)]
length: 18 99
2*[T] vs T3fnT3: -0.0011445107604433008 0.0022890215277536667
Estimated difference between T3^fnT3 - (T2^WT3 + h.c.) is: 0.001144510767310366 1.3099048964893626e-06
total cost: -2.825857169917459
singles alt: [(6, 0), (7, 1), (8, 0), (9, 1), (10, 0), (11, 1), (6, 2), (7, 3), (8, 2), (9, 3), (10, 2), (11, 3), (6, 4), (7, 5), (8, 4), (9, 5), (10, 4), (11, 5)]
length: 18 99
2*[T] vs T3fnT3: -0.0011445107638813484 0.002289021534629764
Estimated difference between T3^fnT3 - (T2^WT3 + h.c.) is: 0.0011445107707484157 1.3099049043591324e-06
total cost: -2.825857169913789
singles alt: [(6, 0), (7, 1), (8, 0), (9, 1), (10, 0), (11, 1), (6, 2), (7, 3), (8, 2), (9, 3), (10, 2), (11, 3), (6, 4), (7, 5), (8, 4), (9, 5), (10, 4), (11, 5)]
length: 18 99
2*[T] vs T3fnT3: -0.0011445107623228653 0.0022890215315127978
Estimated difference between T3^fnT3 - (T2^WT3 + h.c.) is: 0.0011445107691899325 1.309904900791731e-06
total cost: -2.82585716991479
singles alt: [(6, 0), (7, 1), (8, 0), (9, 1), (10, 0), (11, 1), (6, 2), (7, 3), (8, 2), (9, 3), (10, 2), (11, 3), (6, 4), (7, 5), (8, 4), (9, 5), (10, 4), (11, 5)]
length: 18 99
2*[T] vs T3fnT3: -0.0011445107638813504 0.002289021534629767
Estimated difference between T3^fnT3 - (T2^WT3 + h.c.) is: 0.0011445107707484168 1.309904904359135e-06
total cost: -2.825857169913788
singles alt: [(6, 0), (7, 1), (8, 0), (9, 1), (10, 0), (11, 1), (6, 2), (7, 3), (8, 2), (9, 3), (10, 2), (11, 3), (6, 4), (7, 5), (8, 4), (9, 5), (10, 4), (11, 5)]
length: 18 99
2*[T] vs T3fnT3: -0.001144510765193247 0.002289021537253561
Estimated difference between T3^fnT3 - (T2^WT3 + h.c.) is: 0.0011445107720603142 1.3099049073620965e-06
total cost: -2.8258571699059245
singles alt: [(6, 0), (7, 1), (8, 0), (9, 1), (10, 0), (11, 1), (6, 2), (7, 3), (8, 2), (9, 3), (10, 2), (11, 3), (6, 4), (7, 5), (8, 4), (9, 5), (10, 4), (11, 5)]
length: 18 99
2*[T] vs T3fnT3: -0.0011445107638813471 0.00228902153462976
Estimated difference between T3^fnT3 - (T2^WT3 + h.c.) is: 0.001144510770748413 1.3099049043591265e-06
total cost: -2.825857169913789
singles alt: [(6, 0), (7, 1), (8, 0), (9, 1), (10, 0), (11, 1), (6, 2), (7, 3), (8, 2), (9, 3), (10, 2), (11, 3), (6, 4), (7, 5), (8, 4), (9, 5), (10, 4), (11, 5)]
length: 18 99
2*[T] vs T3fnT3: -0.0011445107696930897 0.0022890215462532445
Estimated difference between T3^fnT3 - (T2^WT3 + h.c.) is: 0.0011445107765601548 1.3099049176623286e-06
total cost: -2.825857169913996
singles alt: [(6, 0), (7, 1), (8, 0), (9, 1), (10, 0), (11, 1), (6, 2), (7, 3), (8, 2), (9, 3), (10, 2), (11, 3), (6, 4), (7, 5), (8, 4), (9, 5), (10, 4), (11, 5)]
length: 18 99
2*[T] vs T3fnT3: -0.0011445107638813439 0.0022890215346297533
Estimated difference between T3^fnT3 - (T2^WT3 + h.c.) is: 0.0011445107707484094 1.3099049043591182e-06
total cost: -2.825857169913789
singles alt: [(6, 0), (7, 1), (8, 0), (9, 1), (10, 0), (11, 1), (6, 2), (7, 3), (8, 2), (9, 3), (10, 2), (11, 3), (6, 4), (7, 5), (8, 4), (9, 5), (10, 4), (11, 5)]
length: 18 99
2*[T] vs T3fnT3: -0.0011445107639910211 0.0022890215348491086
Estimated difference between T3^fnT3 - (T2^WT3 + h.c.) is: 0.0011445107708580875 1.3099049046101737e-06
total cost: -2.8258571699092085
singles alt: [(6, 0), (7, 1), (8, 0), (9, 1), (10, 0), (11, 1), (6, 2), (7, 3), (8, 2), (9, 3), (10, 2), (11, 3), (6, 4), (7, 5), (8, 4), (9, 5), (10, 4), (11, 5)]
length: 18 99
2*[T] vs T3fnT3: -0.001144510763881346 0.002289021534629758
Estimated difference between T3^fnT3 - (T2^WT3 + h.c.) is: 0.001144510770748412 1.3099049043591241e-06
total cost: -2.8258571699137898
singles alt: [(6, 0), (7, 1), (8, 0), (9, 1), (10, 0), (11, 1), (6, 2), (7, 3), (8, 2), (9, 3), (10, 2), (11, 3), (6, 4), (7, 5), (8, 4), (9, 5), (10, 4), (11, 5)]
length: 18 99
2*[T] vs T3fnT3: -0.0011445107747059546 0.002289021556278975
Estimated difference between T3^fnT3 - (T2^WT3 + h.c.) is: 0.0011445107815730206 1.3099049291368864e-06
total cost: -2.8258571699108543
singles alt: [(6, 0), (7, 1), (8, 0), (9, 1), (10, 0), (11, 1), (6, 2), (7, 3), (8, 2), (9, 3), (10, 2), (11, 3), (6, 4), (7, 5), (8, 4), (9, 5), (10, 4), (11, 5)]
length: 18 99
2*[T] vs T3fnT3: -0.0011445107638813395 0.002289021534629747
Estimated difference between T3^fnT3 - (T2^WT3 + h.c.) is: 0.0011445107707484076 1.3099049043591142e-06
total cost: -2.8258571699137898
singles alt: [(6, 0), (7, 1), (8, 0), (9, 1), (10, 0), (11, 1), (6, 2), (7, 3), (8, 2), (9, 3), (10, 2), (11, 3), (6, 4), (7, 5), (8, 4), (9, 5), (10, 4), (11, 5)]
length: 18 99
2*[T] vs T3fnT3: -0.001144510762404144 0.0022890215316753544
Estimated difference between T3^fnT3 - (T2^WT3 + h.c.) is: 0.0011445107692712104 1.3099049009777777e-06
total cost: -2.8258571699138306
singles alt: [(6, 0), (7, 1), (8, 0), (9, 1), (10, 0), (11, 1), (6, 2), (7, 3), (8, 2), (9, 3), (10, 2), (11, 3), (6, 4), (7, 5), (8, 4), (9, 5), (10, 4), (11, 5)]
length: 18 99
2*[T] vs T3fnT3: -0.001144510763881346 0.002289021534629758
Estimated difference between T3^fnT3 - (T2^WT3 + h.c.) is: 0.001144510770748412 1.3099049043591241e-06
total cost: -2.825857169913788
singles alt: [(6, 0), (7, 1), (8, 0), (9, 1), (10, 0), (11, 1), (6, 2), (7, 3), (8, 2), (9, 3), (10, 2), (11, 3), (6, 4), (7, 5), (8, 4), (9, 5), (10, 4), (11, 5)]
length: 18 99
2*[T] vs T3fnT3: -0.0011445107700168615 0.0022890215469007903
Estimated difference between T3^fnT3 - (T2^WT3 + h.c.) is: 0.0011445107768839288 1.3099049184034543e-06
total cost: -2.825857169910821
singles alt: [(6, 0), (7, 1), (8, 0), (9, 1), (10, 0), (11, 1), (6, 2), (7, 3), (8, 2), (9, 3), (10, 2), (11, 3), (6, 4), (7, 5), (8, 4), (9, 5), (10, 4), (11, 5)]
length: 18 99
2*[T] vs T3fnT3: -0.001144510763881346 0.0022890215346297576
Estimated difference between T3^fnT3 - (T2^WT3 + h.c.) is: 0.0011445107707484115 1.309904904359123e-06
total cost: -2.8258571699137884
singles alt: [(6, 0), (7, 1), (8, 0), (9, 1), (10, 0), (11, 1), (6, 2), (7, 3), (8, 2), (9, 3), (10, 2), (11, 3), (6, 4), (7, 5), (8, 4), (9, 5), (10, 4), (11, 5)]
length: 18 99
2*[T] vs T3fnT3: -0.0011445107667508263 0.0022890215403687185
Estimated difference between T3^fnT3 - (T2^WT3 + h.c.) is: 0.0011445107736178922 1.3099049109274263e-06
total cost: -2.8258571699095816
singles alt: [(6, 0), (7, 1), (8, 0), (9, 1), (10, 0), (11, 1), (6, 2), (7, 3), (8, 2), (9, 3), (10, 2), (11, 3), (6, 4), (7, 5), (8, 4), (9, 5), (10, 4), (11, 5)]
length: 18 99
2*[T] vs T3fnT3: -0.001144510763881345 0.0022890215346297563
Estimated difference between T3^fnT3 - (T2^WT3 + h.c.) is: 0.0011445107707484113 1.3099049043591226e-06
total cost: -2.825857169913788
singles alt: [(6, 0), (7, 1), (8, 0), (9, 1), (10, 0), (11, 1), (6, 2), (7, 3), (8, 2), (9, 3), (10, 2), (11, 3), (6, 4), (7, 5), (8, 4), (9, 5), (10, 4), (11, 5)]
length: 18 99
2*[T] vs T3fnT3: -0.0011445107622213198 0.0022890215313097063
Estimated difference between T3^fnT3 - (T2^WT3 + h.c.) is: 0.0011445107690883866 1.30990490055929e-06
total cost: -2.825857169912519
singles alt: [(6, 0), (7, 1), (8, 0), (9, 1), (10, 0), (11, 1), (6, 2), (7, 3), (8, 2), (9, 3), (10, 2), (11, 3), (6, 4), (7, 5), (8, 4), (9, 5), (10, 4), (11, 5)]
length: 18 99
2*[T] vs T3fnT3: -0.001144510763881344 0.0022890215346297537
Estimated difference between T3^fnT3 - (T2^WT3 + h.c.) is: 0.0011445107707484096 1.3099049043591186e-06
total cost: -2.8258571699137898
singles alt: [(6, 0), (7, 1), (8, 0), (9, 1), (10, 0), (11, 1), (6, 2), (7, 3), (8, 2), (9, 3), (10, 2), (11, 3), (6, 4), (7, 5), (8, 4), (9, 5), (10, 4), (11, 5)]
length: 18 99
2*[T] vs T3fnT3: -0.0011445107603515047 0.002289021527570074
Estimated difference between T3^fnT3 - (T2^WT3 + h.c.) is: 0.0011445107672185693 1.3099048962792383e-06
total cost: -2.8258571699183124
singles alt: [(6, 0), (7, 1), (8, 0), (9, 1), (10, 0), (11, 1), (6, 2), (7, 3), (8, 2), (9, 3), (10, 2), (11, 3), (6, 4), (7, 5), (8, 4), (9, 5), (10, 4), (11, 5)]
length: 18 99
2*[T] vs T3fnT3: -0.001144510763881348 0.002289021534629763
Estimated difference between T3^fnT3 - (T2^WT3 + h.c.) is: 0.0011445107707484148 1.3099049043591305e-06
total cost: -2.825857169913788
singles alt: [(6, 0), (7, 1), (8, 0), (9, 1), (10, 0), (11, 1), (6, 2), (7, 3), (8, 2), (9, 3), (10, 2), (11, 3), (6, 4), (7, 5), (8, 4), (9, 5), (10, 4), (11, 5)]
length: 18 99
2*[T] vs T3fnT3: -0.0011445107713333412 0.002289021549533747
Estimated difference between T3^fnT3 - (T2^WT3 + h.c.) is: 0.0011445107782004059 1.3099049214168987e-06
total cost: -2.8258571699169472
singles alt: [(6, 0), (7, 1), (8, 0), (9, 1), (10, 0), (11, 1), (6, 2), (7, 3), (8, 2), (9, 3), (10, 2), (11, 3), (6, 4), (7, 5), (8, 4), (9, 5), (10, 4), (11, 5)]
length: 18 99
2*[T] vs T3fnT3: -0.0011445107638813415 0.002289021534629749
Estimated difference between T3^fnT3 - (T2^WT3 + h.c.) is: 0.0011445107707484074 1.3099049043591135e-06
total cost: -2.8258571699137907
singles alt: [(6, 0), (7, 1), (8, 0), (9, 1), (10, 0), (11, 1), (6, 2), (7, 3), (8, 2), (9, 3), (10, 2), (11, 3), (6, 4), (7, 5), (8, 4), (9, 5), (10, 4), (11, 5)]
length: 18 99
2*[T] vs T3fnT3: -0.0011445107623814582 0.002289021531629981
Estimated difference between T3^fnT3 - (T2^WT3 + h.c.) is: 0.0011445107692485228 1.3099049009258455e-06
total cost: -2.8258571699202744
singles alt: [(6, 0), (7, 1), (8, 0), (9, 1), (10, 0), (11, 1), (6, 2), (7, 3), (8, 2), (9, 3), (10, 2), (11, 3), (6, 4), (7, 5), (8, 4), (9, 5), (10, 4), (11, 5)]
length: 18 99
2*[T] vs T3fnT3: -0.0011445107638813437 0.0022890215346297524
Estimated difference between T3^fnT3 - (T2^WT3 + h.c.) is: 0.0011445107707484087 1.3099049043591165e-06
total cost: -2.825857169913791
singles alt: [(6, 0), (7, 1), (8, 0), (9, 1), (10, 0), (11, 1), (6, 2), (7, 3), (8, 2), (9, 3), (10, 2), (11, 3), (6, 4), (7, 5), (8, 4), (9, 5), (10, 4), (11, 5)]
length: 18 99
2*[T] vs T3fnT3: -0.001144510777448578 0.0022890215617642224
Estimated difference between T3^fnT3 - (T2^WT3 + h.c.) is: 0.0011445107843156444 1.3099049354148115e-06
total cost: -2.825857169904454
singles alt: [(6, 0), (7, 1), (8, 0), (9, 1), (10, 0), (11, 1), (6, 2), (7, 3), (8, 2), (9, 3), (10, 2), (11, 3), (6, 4), (7, 5), (8, 4), (9, 5), (10, 4), (11, 5)]
length: 18 99
2*[T] vs T3fnT3: -0.0011445107638813493 0.0022890215346297645
Estimated difference between T3^fnT3 - (T2^WT3 + h.c.) is: 0.0011445107707484152 1.3099049043591315e-06
total cost: -2.825857169913788
singles alt: [(6, 0), (7, 1), (8, 0), (9, 1), (10, 0), (11, 1), (6, 2), (7, 3), (8, 2), (9, 3), (10, 2), (11, 3), (6, 4), (7, 5), (8, 4), (9, 5), (10, 4), (11, 5)]
length: 18 99
2*[T] vs T3fnT3: -0.0011445107624731912 0.002289021531813448
Estimated difference between T3^fnT3 - (T2^WT3 + h.c.) is: 0.0011445107693402567 1.3099049011358262e-06
total cost: -2.825857169920925
singles alt: [(6, 0), (7, 1), (8, 0), (9, 1), (10, 0), (11, 1), (6, 2), (7, 3), (8, 2), (9, 3), (10, 2), (11, 3), (6, 4), (7, 5), (8, 4), (9, 5), (10, 4), (11, 5)]
length: 18 99
2*[T] vs T3fnT3: -0.0011445107638813512 0.002289021534629767
Estimated difference between T3^fnT3 - (T2^WT3 + h.c.) is: 0.0011445107707484159 1.309904904359133e-06
total cost: -2.8258571699137875
singles alt: [(6, 0), (7, 1), (8, 0), (9, 1), (10, 0), (11, 1), (6, 2), (7, 3), (8, 2), (9, 3), (10, 2), (11, 3), (6, 4), (7, 5), (8, 4), (9, 5), (10, 4), (11, 5)]
length: 18 99
2*[T] vs T3fnT3: -0.0011445107674919045 0.0022890215418508745
Estimated difference between T3^fnT3 - (T2^WT3 + h.c.) is: 0.00114451077435897 1.3099049126237692e-06
total cost: -2.825857169908482
singles alt: [(6, 0), (7, 1), (8, 0), (9, 1), (10, 0), (11, 1), (6, 2), (7, 3), (8, 2), (9, 3), (10, 2), (11, 3), (6, 4), (7, 5), (8, 4), (9, 5), (10, 4), (11, 5)]
length: 18 99
2*[T] vs T3fnT3: -0.001144510763199251 0.0022890215332655676
Estimated difference between T3^fnT3 - (T2^WT3 + h.c.) is: 0.0011445107700663165 1.309904902797793e-06
total cost: -2.825857169910333
singles alt: [(6, 0), (7, 1), (8, 0), (9, 1), (10, 0), (11, 1), (6, 2), (7, 3), (8, 2), (9, 3), (10, 2), (11, 3), (6, 4), (7, 5), (8, 4), (9, 5), (10, 4), (11, 5)]
length: 18 99
2*[T] vs T3fnT3: -0.0011445107629822772 0.0022890215328316213
Estimated difference between T3^fnT3 - (T2^WT3 + h.c.) is: 0.001144510769849344 1.3099049023011382e-06
total cost: -2.8258571699099404
singles alt: [(6, 0), (7, 1), (8, 0), (9, 1), (10, 0), (11, 1), (6, 2), (7, 3), (8, 2), (9, 3), (10, 2), (11, 3), (6, 4), (7, 5), (8, 4), (9, 5), (10, 4), (11, 5)]
length: 18 99
2*[T] vs T3fnT3: -0.0011445107638813452 0.0022890215346297576
Estimated difference between T3^fnT3 - (T2^WT3 + h.c.) is: 0.0011445107707484124 1.309904904359125e-06
total cost: -2.825857169913789
singles alt: [(6, 0), (7, 1), (8, 0), (9, 1), (10, 0), (11, 1), (6, 2), (7, 3), (8, 2), (9, 3), (10, 2), (11, 3), (6, 4), (7, 5), (8, 4), (9, 5), (10, 4), (11, 5)]
length: 18 99
2*[T] vs T3fnT3: -0.001144510763881348 0.002289021534629763
Estimated difference between T3^fnT3 - (T2^WT3 + h.c.) is: 0.0011445107707484148 1.3099049043591305e-06
total cost: -2.8258571699137893
singles alt: [(6, 0), (7, 1), (8, 0), (9, 1), (10, 0), (11, 1), (6, 2), (7, 3), (8, 2), (9, 3), (10, 2), (11, 3), (6, 4), (7, 5), (8, 4), (9, 5), (10, 4), (11, 5)]
length: 18 99
2*[T] vs T3fnT3: -0.0011445107608333554 0.002289021528533777
Estimated difference between T3^fnT3 - (T2^WT3 + h.c.) is: 0.0011445107677004217 1.3099048973822088e-06
total cost: -2.825857169919128
singles alt: [(6, 0), (7, 1), (8, 0), (9, 1), (10, 0), (11, 1), (6, 2), (7, 3), (8, 2), (9, 3), (10, 2), (11, 3), (6, 4), (7, 5), (8, 4), (9, 5), (10, 4), (11, 5)]
length: 18 99
2*[T] vs T3fnT3: -0.0011445107607371797 0.002289021528341425
Estimated difference between T3^fnT3 - (T2^WT3 + h.c.) is: 0.0011445107676042452 1.3099048971620586e-06
total cost: -2.825857169919234
singles alt: [(6, 0), (7, 1), (8, 0), (9, 1), (10, 0), (11, 1), (6, 2), (7, 3), (8, 2), (9, 3), (10, 2), (11, 3), (6, 4), (7, 5), (8, 4), (9, 5), (10, 4), (11, 5)]
length: 18 99
2*[T] vs T3fnT3: -0.0011445107638813424 0.0022890215346297515
Estimated difference between T3^fnT3 - (T2^WT3 + h.c.) is: 0.0011445107707484092 1.3099049043591176e-06
total cost: -2.82585716991379
singles alt: [(6, 0), (7, 1), (8, 0), (9, 1), (10, 0), (11, 1), (6, 2), (7, 3), (8, 2), (9, 3), (10, 2), (11, 3), (6, 4), (7, 5), (8, 4), (9, 5), (10, 4), (11, 5)]
length: 18 99
2*[T] vs T3fnT3: -0.0011445107638813463 0.002289021534629758
Estimated difference between T3^fnT3 - (T2^WT3 + h.c.) is: 0.0011445107707484118 1.3099049043591235e-06
total cost: -2.8258571699137884
singles alt: [(6, 0), (7, 1), (8, 0), (9, 1), (10, 0), (11, 1), (6, 2), (7, 3), (8, 2), (9, 3), (10, 2), (11, 3), (6, 4), (7, 5), (8, 4), (9, 5), (10, 4), (11, 5)]
length: 18 99
2*[T] vs T3fnT3: -0.0011445107688457623 0.0022890215445585914
Estimated difference between T3^fnT3 - (T2^WT3 + h.c.) is: 0.001144510775712829 1.3099049157227818e-06
total cost: -2.8258571699261346
singles alt: [(6, 0), (7, 1), (8, 0), (9, 1), (10, 0), (11, 1), (6, 2), (7, 3), (8, 2), (9, 3), (10, 2), (11, 3), (6, 4), (7, 5), (8, 4), (9, 5), (10, 4), (11, 5)]
length: 18 99
2*[T] vs T3fnT3: -0.0011445107687732075 0.002289021544413481
Estimated difference between T3^fnT3 - (T2^WT3 + h.c.) is: 0.0011445107756402734 1.3099049155567002e-06
total cost: -2.825857169926297
singles alt: [(6, 0), (7, 1), (8, 0), (9, 1), (10, 0), (11, 1), (6, 2), (7, 3), (8, 2), (9, 3), (10, 2), (11, 3), (6, 4), (7, 5), (8, 4), (9, 5), (10, 4), (11, 5)]
length: 18 99
2*[T] vs T3fnT3: -0.001144510763881345 0.0022890215346297567
Estimated difference between T3^fnT3 - (T2^WT3 + h.c.) is: 0.0011445107707484118 1.3099049043591235e-06
total cost: -2.8258571699137898
singles alt: [(6, 0), (7, 1), (8, 0), (9, 1), (10, 0), (11, 1), (6, 2), (7, 3), (8, 2), (9, 3), (10, 2), (11, 3), (6, 4), (7, 5), (8, 4), (9, 5), (10, 4), (11, 5)]
length: 18 99
2*[T] vs T3fnT3: -0.001144510763881345 0.0022890215346297554
Estimated difference between T3^fnT3 - (T2^WT3 + h.c.) is: 0.0011445107707484105 1.3099049043591205e-06
total cost: -2.8258571699137898
singles alt: [(6, 0), (7, 1), (8, 0), (9, 1), (10, 0), (11, 1), (6, 2), (7, 3), (8, 2), (9, 3), (10, 2), (11, 3), (6, 4), (7, 5), (8, 4), (9, 5), (10, 4), (11, 5)]
length: 18 99
2*[T] vs T3fnT3: -0.0011445107664742333 0.002289021539815533
Estimated difference between T3^fnT3 - (T2^WT3 + h.c.) is: 0.0011445107733412997 1.3099049102942999e-06
total cost: -2.825857169916797
singles alt: [(6, 0), (7, 1), (8, 0), (9, 1), (10, 0), (11, 1), (6, 2), (7, 3), (8, 2), (9, 3), (10, 2), (11, 3), (6, 4), (7, 5), (8, 4), (9, 5), (10, 4), (11, 5)]
length: 18 99
2*[T] vs T3fnT3: -0.0011445107662543506 0.0022890215393757676
Estimated difference between T3^fnT3 - (T2^WT3 + h.c.) is: 0.001144510773121417 1.3099049097909836e-06
total cost: -2.8258571699161448
singles alt: [(6, 0), (7, 1), (8, 0), (9, 1), (10, 0), (11, 1), (6, 2), (7, 3), (8, 2), (9, 3), (10, 2), (11, 3), (6, 4), (7, 5), (8, 4), (9, 5), (10, 4), (11, 5)]
length: 18 99
2*[T] vs T3fnT3: -0.001144510763881344 0.0022890215346297554
Estimated difference between T3^fnT3 - (T2^WT3 + h.c.) is: 0.0011445107707484113 1.3099049043591226e-06
total cost: -2.8258571699137898
singles alt: [(6, 0), (7, 1), (8, 0), (9, 1), (10, 0), (11, 1), (6, 2), (7, 3), (8, 2), (9, 3), (10, 2), (11, 3), (6, 4), (7, 5), (8, 4), (9, 5), (10, 4), (11, 5)]
length: 18 99
2*[T] vs T3fnT3: -0.0011445107638813443 0.002289021534629754
Estimated difference between T3^fnT3 - (T2^WT3 + h.c.) is: 0.0011445107707484098 1.309904904359119e-06
total cost: -2.825857169913789
singles alt: [(6, 0), (7, 1), (8, 0), (9, 1), (10, 0), (11, 1), (6, 2), (7, 3), (8, 2), (9, 3), (10, 2), (11, 3), (6, 4), (7, 5), (8, 4), (9, 5), (10, 4), (11, 5)]
length: 18 99
2*[T] vs T3fnT3: -0.0011445107658265828 0.0022890215385202323
Estimated difference between T3^fnT3 - (T2^WT3 + h.c.) is: 0.0011445107726936496 1.3099049088118148e-06
total cost: -2.8258571699096704
singles alt: [(6, 0), (7, 1), (8, 0), (9, 1), (10, 0), (11, 1), (6, 2), (7, 3), (8, 2), (9, 3), (10, 2), (11, 3), (6, 4), (7, 5), (8, 4), (9, 5), (10, 4), (11, 5)]
length: 18 99
2*[T] vs T3fnT3: -0.0011445107657924096 0.0022890215384518842
Estimated difference between T3^fnT3 - (T2^WT3 + h.c.) is: 0.0011445107726594747 1.3099049087335877e-06
total cost: -2.8258571699105626
singles alt: [(6, 0), (7, 1), (8, 0), (9, 1), (10, 0), (11, 1), (6, 2), (7, 3), (8, 2), (9, 3), (10, 2), (11, 3), (6, 4), (7, 5), (8, 4), (9, 5), (10, 4), (11, 5)]
length: 18 99
2*[T] vs T3fnT3: -0.0011445107638813443 0.002289021534629755
Estimated difference between T3^fnT3 - (T2^WT3 + h.c.) is: 0.0011445107707484107 1.3099049043591212e-06
total cost: -2.8258571699137898
singles alt: [(6, 0), (7, 1), (8, 0), (9, 1), (10, 0), (11, 1), (6, 2), (7, 3), (8, 2), (9, 3), (10, 2), (11, 3), (6, 4), (7, 5), (8, 4), (9, 5), (10, 4), (11, 5)]
length: 18 99
2*[T] vs T3fnT3: -0.0011445107638813443 0.002289021534629755
Estimated difference between T3^fnT3 - (T2^WT3 + h.c.) is: 0.0011445107707484107 1.3099049043591212e-06
total cost: -2.825857169913789
singles alt: [(6, 0), (7, 1), (8, 0), (9, 1), (10, 0), (11, 1), (6, 2), (7, 3), (8, 2), (9, 3), (10, 2), (11, 3), (6, 4), (7, 5), (8, 4), (9, 5), (10, 4), (11, 5)]
length: 18 99
2*[T] vs T3fnT3: -0.0011445107638813443 0.002289021534629755
Estimated difference between T3^fnT3 - (T2^WT3 + h.c.) is: 0.0011445107707484107 1.3099049043591212e-06
total cost: -2.8258571699138644
singles alt: [(6, 0), (7, 1), (8, 0), (9, 1), (10, 0), (11, 1), (6, 2), (7, 3), (8, 2), (9, 3), (10, 2), (11, 3), (6, 4), (7, 5), (8, 4), (9, 5), (10, 4), (11, 5)]
length: 18 99
2*[T] vs T3fnT3: -0.0011445107638813443 0.002289021534629755
Estimated difference between T3^fnT3 - (T2^WT3 + h.c.) is: 0.0011445107707484107 1.3099049043591212e-06
total cost: -2.825857169913882
singles alt: [(6, 0), (7, 1), (8, 0), (9, 1), (10, 0), (11, 1), (6, 2), (7, 3), (8, 2), (9, 3), (10, 2), (11, 3), (6, 4), (7, 5), (8, 4), (9, 5), (10, 4), (11, 5)]
length: 18 99
2*[T] vs T3fnT3: -0.0011445107638813443 0.002289021534629755
Estimated difference between T3^fnT3 - (T2^WT3 + h.c.) is: 0.0011445107707484107 1.3099049043591212e-06
total cost: -2.8258571699137884
singles alt: [(6, 0), (7, 1), (8, 0), (9, 1), (10, 0), (11, 1), (6, 2), (7, 3), (8, 2), (9, 3), (10, 2), (11, 3), (6, 4), (7, 5), (8, 4), (9, 5), (10, 4), (11, 5)]
length: 18 99
2*[T] vs T3fnT3: -0.0011445107638813443 0.002289021534629755
Estimated difference between T3^fnT3 - (T2^WT3 + h.c.) is: 0.0011445107707484107 1.3099049043591212e-06
total cost: -2.8258571699137898
singles alt: [(6, 0), (7, 1), (8, 0), (9, 1), (10, 0), (11, 1), (6, 2), (7, 3), (8, 2), (9, 3), (10, 2), (11, 3), (6, 4), (7, 5), (8, 4), (9, 5), (10, 4), (11, 5)]
length: 18 99
2*[T] vs T3fnT3: -0.0011445107638813443 0.002289021534629755
Estimated difference between T3^fnT3 - (T2^WT3 + h.c.) is: 0.0011445107707484107 1.3099049043591212e-06
total cost: -2.8258571699100994
singles alt: [(6, 0), (7, 1), (8, 0), (9, 1), (10, 0), (11, 1), (6, 2), (7, 3), (8, 2), (9, 3), (10, 2), (11, 3), (6, 4), (7, 5), (8, 4), (9, 5), (10, 4), (11, 5)]
length: 18 99
2*[T] vs T3fnT3: -0.0011445107638813443 0.002289021534629755
Estimated difference between T3^fnT3 - (T2^WT3 + h.c.) is: 0.0011445107707484107 1.3099049043591212e-06
total cost: -2.8258571699102033
singles alt: [(6, 0), (7, 1), (8, 0), (9, 1), (10, 0), (11, 1), (6, 2), (7, 3), (8, 2), (9, 3), (10, 2), (11, 3), (6, 4), (7, 5), (8, 4), (9, 5), (10, 4), (11, 5)]
length: 18 99
2*[T] vs T3fnT3: -0.0011445107638813443 0.002289021534629755
Estimated difference between T3^fnT3 - (T2^WT3 + h.c.) is: 0.0011445107707484107 1.3099049043591212e-06
total cost: -2.825857169913789
singles alt: [(6, 0), (7, 1), (8, 0), (9, 1), (10, 0), (11, 1), (6, 2), (7, 3), (8, 2), (9, 3), (10, 2), (11, 3), (6, 4), (7, 5), (8, 4), (9, 5), (10, 4), (11, 5)]
length: 18 99
2*[T] vs T3fnT3: -0.0011445107638813443 0.002289021534629755
Estimated difference between T3^fnT3 - (T2^WT3 + h.c.) is: 0.0011445107707484107 1.3099049043591212e-06
total cost: -2.8258571699137898
singles alt: [(6, 0), (7, 1), (8, 0), (9, 1), (10, 0), (11, 1), (6, 2), (7, 3), (8, 2), (9, 3), (10, 2), (11, 3), (6, 4), (7, 5), (8, 4), (9, 5), (10, 4), (11, 5)]
length: 18 99
2*[T] vs T3fnT3: -0.0011445107638813443 0.002289021534629755
Estimated difference between T3^fnT3 - (T2^WT3 + h.c.) is: 0.0011445107707484107 1.3099049043591212e-06
total cost: -2.8258571699155026
singles alt: [(6, 0), (7, 1), (8, 0), (9, 1), (10, 0), (11, 1), (6, 2), (7, 3), (8, 2), (9, 3), (10, 2), (11, 3), (6, 4), (7, 5), (8, 4), (9, 5), (10, 4), (11, 5)]
length: 18 99
2*[T] vs T3fnT3: -0.0011445107638813443 0.002289021534629755
Estimated difference between T3^fnT3 - (T2^WT3 + h.c.) is: 0.0011445107707484107 1.3099049043591212e-06
total cost: -2.8258571699155706
singles alt: [(6, 0), (7, 1), (8, 0), (9, 1), (10, 0), (11, 1), (6, 2), (7, 3), (8, 2), (9, 3), (10, 2), (11, 3), (6, 4), (7, 5), (8, 4), (9, 5), (10, 4), (11, 5)]
length: 18 99
2*[T] vs T3fnT3: -0.0011445107638813443 0.002289021534629755
Estimated difference between T3^fnT3 - (T2^WT3 + h.c.) is: 0.0011445107707484107 1.3099049043591212e-06
total cost: -2.825857169913789
singles alt: [(6, 0), (7, 1), (8, 0), (9, 1), (10, 0), (11, 1), (6, 2), (7, 3), (8, 2), (9, 3), (10, 2), (11, 3), (6, 4), (7, 5), (8, 4), (9, 5), (10, 4), (11, 5)]
length: 18 99
2*[T] vs T3fnT3: -0.0011445107638813443 0.002289021534629755
Estimated difference between T3^fnT3 - (T2^WT3 + h.c.) is: 0.0011445107707484107 1.3099049043591212e-06
total cost: -2.825857169913788
singles alt: [(6, 0), (7, 1), (8, 0), (9, 1), (10, 0), (11, 1), (6, 2), (7, 3), (8, 2), (9, 3), (10, 2), (11, 3), (6, 4), (7, 5), (8, 4), (9, 5), (10, 4), (11, 5)]
length: 18 99
2*[T] vs T3fnT3: -0.0011445107638813443 0.002289021534629755
Estimated difference between T3^fnT3 - (T2^WT3 + h.c.) is: 0.0011445107707484107 1.3099049043591212e-06
total cost: -2.8258571699128967
singles alt: [(6, 0), (7, 1), (8, 0), (9, 1), (10, 0), (11, 1), (6, 2), (7, 3), (8, 2), (9, 3), (10, 2), (11, 3), (6, 4), (7, 5), (8, 4), (9, 5), (10, 4), (11, 5)]
length: 18 99
2*[T] vs T3fnT3: -0.0011445107638813443 0.002289021534629755
Estimated difference between T3^fnT3 - (T2^WT3 + h.c.) is: 0.0011445107707484107 1.3099049043591212e-06
total cost: -2.8258571699130934
singles alt: [(6, 0), (7, 1), (8, 0), (9, 1), (10, 0), (11, 1), (6, 2), (7, 3), (8, 2), (9, 3), (10, 2), (11, 3), (6, 4), (7, 5), (8, 4), (9, 5), (10, 4), (11, 5)]
length: 18 99
2*[T] vs T3fnT3: -0.0011445107638813443 0.002289021534629755
Estimated difference between T3^fnT3 - (T2^WT3 + h.c.) is: 0.0011445107707484107 1.3099049043591212e-06
total cost: -2.825857169913789
singles alt: [(6, 0), (7, 1), (8, 0), (9, 1), (10, 0), (11, 1), (6, 2), (7, 3), (8, 2), (9, 3), (10, 2), (11, 3), (6, 4), (7, 5), (8, 4), (9, 5), (10, 4), (11, 5)]
length: 18 99
2*[T] vs T3fnT3: -0.0011445107638813443 0.002289021534629755
Estimated difference between T3^fnT3 - (T2^WT3 + h.c.) is: 0.0011445107707484107 1.3099049043591212e-06
total cost: -2.825857169913788
singles alt: [(6, 0), (7, 1), (8, 0), (9, 1), (10, 0), (11, 1), (6, 2), (7, 3), (8, 2), (9, 3), (10, 2), (11, 3), (6, 4), (7, 5), (8, 4), (9, 5), (10, 4), (11, 5)]
callback: energy=-2.827001680685
singles alt: [(6, 0), (7, 1), (8, 0), (9, 1), (10, 0), (11, 1), (6, 2), (7, 3), (8, 2), (9, 3), (10, 2), (11, 3), (6, 4), (7, 5), (8, 4), (9, 5), (10, 4), (11, 5)]
length: 18 99
2*[T] vs T3fnT3: -0.0011435018613783707 0.002287003729617751
Estimated difference between T3^fnT3 - (T2^WT3 + h.c.) is: 0.0011435018682393802 1.307596522666953e-06
total cost: -2.8258595010420207
singles alt: [(6, 0), (7, 1), (8, 0), (9, 1), (10, 0), (11, 1), (6, 2), (7, 3), (8, 2), (9, 3), (10, 2), (11, 3), (6, 4), (7, 5), (8, 4), (9, 5), (10, 4), (11, 5)]
length: 18 99
2*[T] vs T3fnT3: -0.0011435018640085716 0.0022870037348781545
Estimated difference between T3^fnT3 - (T2^WT3 + h.c.) is: 0.001143501870869583 1.3075965286822364e-06
total cost: -2.825859501031173
singles alt: [(6, 0), (7, 1), (8, 0), (9, 1), (10, 0), (11, 1), (6, 2), (7, 3), (8, 2), (9, 3), (10, 2), (11, 3), (6, 4), (7, 5), (8, 4), (9, 5), (10, 4), (11, 5)]
length: 18 99
2*[T] vs T3fnT3: -0.0011435018613783746 0.0022870037296177587
Estimated difference between T3^fnT3 - (T2^WT3 + h.c.) is: 0.0011435018682393841 1.3075965226669619e-06
total cost: -2.8258595010420136
singles alt: [(6, 0), (7, 1), (8, 0), (9, 1), (10, 0), (11, 1), (6, 2), (7, 3), (8, 2), (9, 3), (10, 2), (11, 3), (6, 4), (7, 5), (8, 4), (9, 5), (10, 4), (11, 5)]
length: 18 99
2*[T] vs T3fnT3: -0.0011435018606956958 0.0022870037282524017
Estimated difference between T3^fnT3 - (T2^WT3 + h.c.) is: 0.0011435018675567058 1.307596521105674e-06
total cost: -2.8258595010409233
singles alt: [(6, 0), (7, 1), (8, 0), (9, 1), (10, 0), (11, 1), (6, 2), (7, 3), (8, 2), (9, 3), (10, 2), (11, 3), (6, 4), (7, 5), (8, 4), (9, 5), (10, 4), (11, 5)]
length: 18 99
2*[T] vs T3fnT3: -0.001143501861378376 0.0022870037296177617
Estimated difference between T3^fnT3 - (T2^WT3 + h.c.) is: 0.0011435018682393857 1.3075965226669652e-06
total cost: -2.8258595010420158
singles alt: [(6, 0), (7, 1), (8, 0), (9, 1), (10, 0), (11, 1), (6, 2), (7, 3), (8, 2), (9, 3), (10, 2), (11, 3), (6, 4), (7, 5), (8, 4), (9, 5), (10, 4), (11, 5)]
length: 18 99
2*[T] vs T3fnT3: -0.0011435018661507838 0.0022870037391625776
Estimated difference between T3^fnT3 - (T2^WT3 + h.c.) is: 0.0011435018730117938 1.3075965335814807e-06
total cost: -2.825859501047817
singles alt: [(6, 0), (7, 1), (8, 0), (9, 1), (10, 0), (11, 1), (6, 2), (7, 3), (8, 2), (9, 3), (10, 2), (11, 3), (6, 4), (7, 5), (8, 4), (9, 5), (10, 4), (11, 5)]
length: 18 99
2*[T] vs T3fnT3: -0.0011435018613783644 0.0022870037296177396
Estimated difference between T3^fnT3 - (T2^WT3 + h.c.) is: 0.0011435018682393753 1.3075965226669415e-06
total cost: -2.825859501042024
singles alt: [(6, 0), (7, 1), (8, 0), (9, 1), (10, 0), (11, 1), (6, 2), (7, 3), (8, 2), (9, 3), (10, 2), (11, 3), (6, 4), (7, 5), (8, 4), (9, 5), (10, 4), (11, 5)]
length: 18 99
2*[T] vs T3fnT3: -0.00114350186072863 0.0022870037283182695
Estimated difference between T3^fnT3 - (T2^WT3 + h.c.) is: 0.0011435018675896396 1.3075965211809935e-06
total cost: -2.8258595010400787
singles alt: [(6, 0), (7, 1), (8, 0), (9, 1), (10, 0), (11, 1), (6, 2), (7, 3), (8, 2), (9, 3), (10, 2), (11, 3), (6, 4), (7, 5), (8, 4), (9, 5), (10, 4), (11, 5)]
length: 18 99
2*[T] vs T3fnT3: -0.0011435018613783641 0.0022870037296177387
Estimated difference between T3^fnT3 - (T2^WT3 + h.c.) is: 0.0011435018682393746 1.30759652266694e-06
total cost: -2.8258595010420247
singles alt: [(6, 0), (7, 1), (8, 0), (9, 1), (10, 0), (11, 1), (6, 2), (7, 3), (8, 2), (9, 3), (10, 2), (11, 3), (6, 4), (7, 5), (8, 4), (9, 5), (10, 4), (11, 5)]
length: 18 99
2*[T] vs T3fnT3: -0.0011435018678053127 0.0022870037424716355
Estimated difference between T3^fnT3 - (T2^WT3 + h.c.) is: 0.0011435018746663228 1.3075965373653946e-06
total cost: -2.825859501054297
singles alt: [(6, 0), (7, 1), (8, 0), (9, 1), (10, 0), (11, 1), (6, 2), (7, 3), (8, 2), (9, 3), (10, 2), (11, 3), (6, 4), (7, 5), (8, 4), (9, 5), (10, 4), (11, 5)]
length: 18 99
2*[T] vs T3fnT3: -0.0011435018613783724 0.002287003729617754
Estimated difference between T3^fnT3 - (T2^WT3 + h.c.) is: 0.0011435018682393815 1.307596522666956e-06
total cost: -2.825859501042016
singles alt: [(6, 0), (7, 1), (8, 0), (9, 1), (10, 0), (11, 1), (6, 2), (7, 3), (8, 2), (9, 3), (10, 2), (11, 3), (6, 4), (7, 5), (8, 4), (9, 5), (10, 4), (11, 5)]
length: 18 99
2*[T] vs T3fnT3: -0.0011435018563204537 0.0022870037195019182
Estimated difference between T3^fnT3 - (T2^WT3 + h.c.) is: 0.0011435018631814646 1.307596511099481e-06
total cost: -2.82585950103303
singles alt: [(6, 0), (7, 1), (8, 0), (9, 1), (10, 0), (11, 1), (6, 2), (7, 3), (8, 2), (9, 3), (10, 2), (11, 3), (6, 4), (7, 5), (8, 4), (9, 5), (10, 4), (11, 5)]
length: 18 99
2*[T] vs T3fnT3: -0.0011435018613783687 0.00228700372961775
Estimated difference between T3^fnT3 - (T2^WT3 + h.c.) is: 0.0011435018682393813 1.3075965226669555e-06
total cost: -2.8258595010420224
singles alt: [(6, 0), (7, 1), (8, 0), (9, 1), (10, 0), (11, 1), (6, 2), (7, 3), (8, 2), (9, 3), (10, 2), (11, 3), (6, 4), (7, 5), (8, 4), (9, 5), (10, 4), (11, 5)]
length: 18 99
2*[T] vs T3fnT3: -0.001143501860971026 0.0022870037288030627
Estimated difference between T3^fnT3 - (T2^WT3 + h.c.) is: 0.0011435018678320368 1.307596521735357e-06
total cost: -2.825859501026019
singles alt: [(6, 0), (7, 1), (8, 0), (9, 1), (10, 0), (11, 1), (6, 2), (7, 3), (8, 2), (9, 3), (10, 2), (11, 3), (6, 4), (7, 5), (8, 4), (9, 5), (10, 4), (11, 5)]
length: 18 99
2*[T] vs T3fnT3: -0.0011435018613783756 0.002287003729617761
Estimated difference between T3^fnT3 - (T2^WT3 + h.c.) is: 0.0011435018682393852 1.3075965226669644e-06
total cost: -2.825859501042014
singles alt: [(6, 0), (7, 1), (8, 0), (9, 1), (10, 0), (11, 1), (6, 2), (7, 3), (8, 2), (9, 3), (10, 2), (11, 3), (6, 4), (7, 5), (8, 4), (9, 5), (10, 4), (11, 5)]
length: 18 99
2*[T] vs T3fnT3: -0.001143501871239464 0.002287003749339937
Estimated difference between T3^fnT3 - (T2^WT3 + h.c.) is: 0.001143501878100473 1.3075965452193092e-06
total cost: -2.8258595010461396
singles alt: [(6, 0), (7, 1), (8, 0), (9, 1), (10, 0), (11, 1), (6, 2), (7, 3), (8, 2), (9, 3), (10, 2), (11, 3), (6, 4), (7, 5), (8, 4), (9, 5), (10, 4), (11, 5)]
length: 18 99
2*[T] vs T3fnT3: -0.0011435018613783691 0.002287003729617749
Estimated difference between T3^fnT3 - (T2^WT3 + h.c.) is: 0.00114350186823938 1.3075965226669523e-06
total cost: -2.825859501042022
singles alt: [(6, 0), (7, 1), (8, 0), (9, 1), (10, 0), (11, 1), (6, 2), (7, 3), (8, 2), (9, 3), (10, 2), (11, 3), (6, 4), (7, 5), (8, 4), (9, 5), (10, 4), (11, 5)]
length: 18 99
2*[T] vs T3fnT3: -0.0011435018658106058 0.002287003738482222
Estimated difference between T3^fnT3 - (T2^WT3 + h.c.) is: 0.0011435018726716163 1.3075965328034934e-06
total cost: -2.825859501046017
singles alt: [(6, 0), (7, 1), (8, 0), (9, 1), (10, 0), (11, 1), (6, 2), (7, 3), (8, 2), (9, 3), (10, 2), (11, 3), (6, 4), (7, 5), (8, 4), (9, 5), (10, 4), (11, 5)]
length: 18 99
2*[T] vs T3fnT3: -0.0011435018613783763 0.0022870037296177626
Estimated difference between T3^fnT3 - (T2^WT3 + h.c.) is: 0.0011435018682393863 1.3075965226669667e-06
total cost: -2.8258595010420167
singles alt: [(6, 0), (7, 1), (8, 0), (9, 1), (10, 0), (11, 1), (6, 2), (7, 3), (8, 2), (9, 3), (10, 2), (11, 3), (6, 4), (7, 5), (8, 4), (9, 5), (10, 4), (11, 5)]
length: 18 99
2*[T] vs T3fnT3: -0.001143501863098293 0.0022870037330575952
Estimated difference between T3^fnT3 - (T2^WT3 + h.c.) is: 0.0011435018699593022 1.3075965266004209e-06
total cost: -2.8258595010527165
singles alt: [(6, 0), (7, 1), (8, 0), (9, 1), (10, 0), (11, 1), (6, 2), (7, 3), (8, 2), (9, 3), (10, 2), (11, 3), (6, 4), (7, 5), (8, 4), (9, 5), (10, 4), (11, 5)]
length: 18 99
2*[T] vs T3fnT3: -0.001143501861378371 0.0022870037296177526
Estimated difference between T3^fnT3 - (T2^WT3 + h.c.) is: 0.0011435018682393815 1.307596522666956e-06
total cost: -2.82585950104202
singles alt: [(6, 0), (7, 1), (8, 0), (9, 1), (10, 0), (11, 1), (6, 2), (7, 3), (8, 2), (9, 3), (10, 2), (11, 3), (6, 4), (7, 5), (8, 4), (9, 5), (10, 4), (11, 5)]
length: 18 99
2*[T] vs T3fnT3: -0.0011435018722090432 0.0022870037512790972
Estimated difference between T3^fnT3 - (T2^WT3 + h.c.) is: 0.001143501879070054 1.3075965474367444e-06
total cost: -2.8258595010350445
singles alt: [(6, 0), (7, 1), (8, 0), (9, 1), (10, 0), (11, 1), (6, 2), (7, 3), (8, 2), (9, 3), (10, 2), (11, 3), (6, 4), (7, 5), (8, 4), (9, 5), (10, 4), (11, 5)]
length: 18 99
2*[T] vs T3fnT3: -0.001143501861378363 0.002287003729617737
Estimated difference between T3^fnT3 - (T2^WT3 + h.c.) is: 0.001143501868239374 1.3075965226669386e-06
total cost: -2.8258595010420215
singles alt: [(6, 0), (7, 1), (8, 0), (9, 1), (10, 0), (11, 1), (6, 2), (7, 3), (8, 2), (9, 3), (10, 2), (11, 3), (6, 4), (7, 5), (8, 4), (9, 5), (10, 4), (11, 5)]
length: 18 99
2*[T] vs T3fnT3: -0.001143501861429284 0.0022870037297195787
Estimated difference between T3^fnT3 - (T2^WT3 + h.c.) is: 0.0011435018682902948 1.3075965227833948e-06
total cost: -2.8258595010568928
singles alt: [(6, 0), (7, 1), (8, 0), (9, 1), (10, 0), (11, 1), (6, 2), (7, 3), (8, 2), (9, 3), (10, 2), (11, 3), (6, 4), (7, 5), (8, 4), (9, 5), (10, 4), (11, 5)]
length: 18 99
2*[T] vs T3fnT3: -0.0011435018613783763 0.002287003729617762
Estimated difference between T3^fnT3 - (T2^WT3 + h.c.) is: 0.0011435018682393859 1.3075965226669659e-06
total cost: -2.825859501042018
singles alt: [(6, 0), (7, 1), (8, 0), (9, 1), (10, 0), (11, 1), (6, 2), (7, 3), (8, 2), (9, 3), (10, 2), (11, 3), (6, 4), (7, 5), (8, 4), (9, 5), (10, 4), (11, 5)]
length: 18 99
2*[T] vs T3fnT3: -0.0011435018667213896 0.002287003740303789
Estimated difference between T3^fnT3 - (T2^WT3 + h.c.) is: 0.0011435018735823992 1.3075965348864574e-06
total cost: -2.8258595010427188
singles alt: [(6, 0), (7, 1), (8, 0), (9, 1), (10, 0), (11, 1), (6, 2), (7, 3), (8, 2), (9, 3), (10, 2), (11, 3), (6, 4), (7, 5), (8, 4), (9, 5), (10, 4), (11, 5)]
length: 18 99
2*[T] vs T3fnT3: -0.0011435018613783704 0.0022870037296177505
Estimated difference between T3^fnT3 - (T2^WT3 + h.c.) is: 0.00114350186823938 1.3075965226669523e-06
total cost: -2.8258595010420193
singles alt: [(6, 0), (7, 1), (8, 0), (9, 1), (10, 0), (11, 1), (6, 2), (7, 3), (8, 2), (9, 3), (10, 2), (11, 3), (6, 4), (7, 5), (8, 4), (9, 5), (10, 4), (11, 5)]
length: 18 99
2*[T] vs T3fnT3: -0.0011435018597587064 0.0022870037263784232
Estimated difference between T3^fnT3 - (T2^WT3 + h.c.) is: 0.0011435018666197169 1.3075965189627767e-06
total cost: -2.825859501045081
singles alt: [(6, 0), (7, 1), (8, 0), (9, 1), (10, 0), (11, 1), (6, 2), (7, 3), (8, 2), (9, 3), (10, 2), (11, 3), (6, 4), (7, 5), (8, 4), (9, 5), (10, 4), (11, 5)]
length: 18 99
2*[T] vs T3fnT3: -0.001143501861378374 0.0022870037296177583
Estimated difference between T3^fnT3 - (T2^WT3 + h.c.) is: 0.0011435018682393844 1.3075965226669623e-06
total cost: -2.825859501042016
singles alt: [(6, 0), (7, 1), (8, 0), (9, 1), (10, 0), (11, 1), (6, 2), (7, 3), (8, 2), (9, 3), (10, 2), (11, 3), (6, 4), (7, 5), (8, 4), (9, 5), (10, 4), (11, 5)]
length: 18 99
2*[T] vs T3fnT3: -0.0011435018610148728 0.0022870037288907565
Estimated difference between T3^fnT3 - (T2^WT3 + h.c.) is: 0.0011435018678758837 1.307596521835635e-06
total cost: -2.8258595010324843
singles alt: [(6, 0), (7, 1), (8, 0), (9, 1), (10, 0), (11, 1), (6, 2), (7, 3), (8, 2), (9, 3), (10, 2), (11, 3), (6, 4), (7, 5), (8, 4), (9, 5), (10, 4), (11, 5)]
length: 18 99
2*[T] vs T3fnT3: -0.0011435018613783707 0.0022870037296177518
Estimated difference between T3^fnT3 - (T2^WT3 + h.c.) is: 0.001143501868239381 1.3075965226669549e-06
total cost: -2.825859501042022
singles alt: [(6, 0), (7, 1), (8, 0), (9, 1), (10, 0), (11, 1), (6, 2), (7, 3), (8, 2), (9, 3), (10, 2), (11, 3), (6, 4), (7, 5), (8, 4), (9, 5), (10, 4), (11, 5)]
length: 18 99
2*[T] vs T3fnT3: -0.0011435018563635932 0.002287003719588196
Estimated difference between T3^fnT3 - (T2^WT3 + h.c.) is: 0.0011435018632246028 1.3075965111981383e-06
total cost: -2.8258595010376766
singles alt: [(6, 0), (7, 1), (8, 0), (9, 1), (10, 0), (11, 1), (6, 2), (7, 3), (8, 2), (9, 3), (10, 2), (11, 3), (6, 4), (7, 5), (8, 4), (9, 5), (10, 4), (11, 5)]
length: 18 99
2*[T] vs T3fnT3: -0.0011435018613783752 0.00228700372961776
Estimated difference between T3^fnT3 - (T2^WT3 + h.c.) is: 0.0011435018682393848 1.3075965226669633e-06
total cost: -2.8258595010420153
singles alt: [(6, 0), (7, 1), (8, 0), (9, 1), (10, 0), (11, 1), (6, 2), (7, 3), (8, 2), (9, 3), (10, 2), (11, 3), (6, 4), (7, 5), (8, 4), (9, 5), (10, 4), (11, 5)]
length: 18 99
2*[T] vs T3fnT3: -0.0011435018660859292 0.0022870037390328693
Estimated difference between T3^fnT3 - (T2^WT3 + h.c.) is: 0.00114350187294694 1.30759653343316e-06
total cost: -2.8258595010431935
singles alt: [(6, 0), (7, 1), (8, 0), (9, 1), (10, 0), (11, 1), (6, 2), (7, 3), (8, 2), (9, 3), (10, 2), (11, 3), (6, 4), (7, 5), (8, 4), (9, 5), (10, 4), (11, 5)]
length: 18 99
2*[T] vs T3fnT3: -0.0011435018613783698 0.0022870037296177487
Estimated difference between T3^fnT3 - (T2^WT3 + h.c.) is: 0.001143501868239379 1.30759652266695e-06
total cost: -2.825859501042022
singles alt: [(6, 0), (7, 1), (8, 0), (9, 1), (10, 0), (11, 1), (6, 2), (7, 3), (8, 2), (9, 3), (10, 2), (11, 3), (6, 4), (7, 5), (8, 4), (9, 5), (10, 4), (11, 5)]
length: 18 99
2*[T] vs T3fnT3: -0.0011435018715992785 0.0022870037500595684
Estimated difference between T3^fnT3 - (T2^WT3 + h.c.) is: 0.0011435018784602899 1.3075965460422116e-06
total cost: -2.8258595010458274
singles alt: [(6, 0), (7, 1), (8, 0), (9, 1), (10, 0), (11, 1), (6, 2), (7, 3), (8, 2), (9, 3), (10, 2), (11, 3), (6, 4), (7, 5), (8, 4), (9, 5), (10, 4), (11, 5)]
length: 18 99
2*[T] vs T3fnT3: -0.0011435018613783765 0.0022870037296177635
Estimated difference between T3^fnT3 - (T2^WT3 + h.c.) is: 0.001143501868239387 1.3075965226669682e-06
total cost: -2.8258595010420158
singles alt: [(6, 0), (7, 1), (8, 0), (9, 1), (10, 0), (11, 1), (6, 2), (7, 3), (8, 2), (9, 3), (10, 2), (11, 3), (6, 4), (7, 5), (8, 4), (9, 5), (10, 4), (11, 5)]
length: 18 99
2*[T] vs T3fnT3: -0.0011435018687418592 0.0022870037443447283
Estimated difference between T3^fnT3 - (T2^WT3 + h.c.) is: 0.0011435018756028692 1.3075965395072798e-06
total cost: -2.825859501027321
singles alt: [(6, 0), (7, 1), (8, 0), (9, 1), (10, 0), (11, 1), (6, 2), (7, 3), (8, 2), (9, 3), (10, 2), (11, 3), (6, 4), (7, 5), (8, 4), (9, 5), (10, 4), (11, 5)]
length: 18 99
2*[T] vs T3fnT3: -0.0011435018613783763 0.002287003729617764
Estimated difference between T3^fnT3 - (T2^WT3 + h.c.) is: 0.0011435018682393876 1.3075965226669697e-06
total cost: -2.8258595010420144
singles alt: [(6, 0), (7, 1), (8, 0), (9, 1), (10, 0), (11, 1), (6, 2), (7, 3), (8, 2), (9, 3), (10, 2), (11, 3), (6, 4), (7, 5), (8, 4), (9, 5), (10, 4), (11, 5)]
length: 18 99
2*[T] vs T3fnT3: -0.0011435018579703912 0.0022870037228017947
Estimated difference between T3^fnT3 - (T2^WT3 + h.c.) is: 0.0011435018648314034 1.3075965148728971e-06
total cost: -2.8258595010436895
singles alt: [(6, 0), (7, 1), (8, 0), (9, 1), (10, 0), (11, 1), (6, 2), (7, 3), (8, 2), (9, 3), (10, 2), (11, 3), (6, 4), (7, 5), (8, 4), (9, 5), (10, 4), (11, 5)]
length: 18 99
2*[T] vs T3fnT3: -0.001143501861378372 0.002287003729617753
Estimated difference between T3^fnT3 - (T2^WT3 + h.c.) is: 0.001143501868239381 1.3075965226669549e-06
total cost: -2.8258595010420153
singles alt: [(6, 0), (7, 1), (8, 0), (9, 1), (10, 0), (11, 1), (6, 2), (7, 3), (8, 2), (9, 3), (10, 2), (11, 3), (6, 4), (7, 5), (8, 4), (9, 5), (10, 4), (11, 5)]
length: 18 99
2*[T] vs T3fnT3: -0.0011435018798210811 0.0022870037665031727
Estimated difference between T3^fnT3 - (T2^WT3 + h.c.) is: 0.0011435018866820916 1.307596564845503e-06
total cost: -2.8258595010374603
singles alt: [(6, 0), (7, 1), (8, 0), (9, 1), (10, 0), (11, 1), (6, 2), (7, 3), (8, 2), (9, 3), (10, 2), (11, 3), (6, 4), (7, 5), (8, 4), (9, 5), (10, 4), (11, 5)]
length: 18 99
2*[T] vs T3fnT3: -0.0011435018613783674 0.0022870037296177444
Estimated difference between T3^fnT3 - (T2^WT3 + h.c.) is: 0.001143501868239377 1.3075965226669456e-06
total cost: -2.825859501042025
singles alt: [(6, 0), (7, 1), (8, 0), (9, 1), (10, 0), (11, 1), (6, 2), (7, 3), (8, 2), (9, 3), (10, 2), (11, 3), (6, 4), (7, 5), (8, 4), (9, 5), (10, 4), (11, 5)]
length: 18 99
2*[T] vs T3fnT3: -0.0011435018581526606 0.0022870037231663316
Estimated difference between T3^fnT3 - (T2^WT3 + h.c.) is: 0.001143501865013671 1.3075965152897439e-06
total cost: -2.8258595010436824
singles alt: [(6, 0), (7, 1), (8, 0), (9, 1), (10, 0), (11, 1), (6, 2), (7, 3), (8, 2), (9, 3), (10, 2), (11, 3), (6, 4), (7, 5), (8, 4), (9, 5), (10, 4), (11, 5)]
length: 18 99
2*[T] vs T3fnT3: -0.0011435018613783635 0.0022870037296177387
Estimated difference between T3^fnT3 - (T2^WT3 + h.c.) is: 0.0011435018682393753 1.3075965226669415e-06
total cost: -2.8258595010420264
singles alt: [(6, 0), (7, 1), (8, 0), (9, 1), (10, 0), (11, 1), (6, 2), (7, 3), (8, 2), (9, 3), (10, 2), (11, 3), (6, 4), (7, 5), (8, 4), (9, 5), (10, 4), (11, 5)]
length: 18 99
2*[T] vs T3fnT3: -0.0011435018607804722 0.002287003728421955
Estimated difference between T3^fnT3 - (T2^WT3 + h.c.) is: 0.0011435018676414826 1.3075965212995589e-06
total cost: -2.825859501038126
singles alt: [(6, 0), (7, 1), (8, 0), (9, 1), (10, 0), (11, 1), (6, 2), (7, 3), (8, 2), (9, 3), (10, 2), (11, 3), (6, 4), (7, 5), (8, 4), (9, 5), (10, 4), (11, 5)]
length: 18 99
2*[T] vs T3fnT3: -0.0011435018613783676 0.0022870037296177444
Estimated difference between T3^fnT3 - (T2^WT3 + h.c.) is: 0.0011435018682393768 1.307596522666945e-06
total cost: -2.8258595010420224
singles alt: [(6, 0), (7, 1), (8, 0), (9, 1), (10, 0), (11, 1), (6, 2), (7, 3), (8, 2), (9, 3), (10, 2), (11, 3), (6, 4), (7, 5), (8, 4), (9, 5), (10, 4), (11, 5)]
length: 18 99
2*[T] vs T3fnT3: -0.0011435018642984467 0.002287003735457904
Estimated difference between T3^fnT3 - (T2^WT3 + h.c.) is: 0.0011435018711594572 1.3075965293451799e-06
total cost: -2.825859501047809
singles alt: [(6, 0), (7, 1), (8, 0), (9, 1), (10, 0), (11, 1), (6, 2), (7, 3), (8, 2), (9, 3), (10, 2), (11, 3), (6, 4), (7, 5), (8, 4), (9, 5), (10, 4), (11, 5)]
length: 18 99
2*[T] vs T3fnT3: -0.0011435018613783754 0.0022870037296177613
Estimated difference between T3^fnT3 - (T2^WT3 + h.c.) is: 0.0011435018682393859 1.3075965226669659e-06
total cost: -2.8258595010420198
singles alt: [(6, 0), (7, 1), (8, 0), (9, 1), (10, 0), (11, 1), (6, 2), (7, 3), (8, 2), (9, 3), (10, 2), (11, 3), (6, 4), (7, 5), (8, 4), (9, 5), (10, 4), (11, 5)]
length: 18 99
2*[T] vs T3fnT3: -0.0011435018676421655 0.002287003742145342
Estimated difference between T3^fnT3 - (T2^WT3 + h.c.) is: 0.0011435018745031764 1.307596536992278e-06
total cost: -2.8258595010482783
singles alt: [(6, 0), (7, 1), (8, 0), (9, 1), (10, 0), (11, 1), (6, 2), (7, 3), (8, 2), (9, 3), (10, 2), (11, 3), (6, 4), (7, 5), (8, 4), (9, 5), (10, 4), (11, 5)]
length: 18 99
2*[T] vs T3fnT3: -0.00114350186137837 0.00228700372961775
Estimated difference between T3^fnT3 - (T2^WT3 + h.c.) is: 0.00114350186823938 1.3075965226669523e-06
total cost: -2.8258595010420233
singles alt: [(6, 0), (7, 1), (8, 0), (9, 1), (10, 0), (11, 1), (6, 2), (7, 3), (8, 2), (9, 3), (10, 2), (11, 3), (6, 4), (7, 5), (8, 4), (9, 5), (10, 4), (11, 5)]
length: 18 99
2*[T] vs T3fnT3: -0.0011435018579287728 0.002287003722718556
Estimated difference between T3^fnT3 - (T2^WT3 + h.c.) is: 0.0011435018647897833 1.3075965147777118e-06
total cost: -2.8258595010449943
singles alt: [(6, 0), (7, 1), (8, 0), (9, 1), (10, 0), (11, 1), (6, 2), (7, 3), (8, 2), (9, 3), (10, 2), (11, 3), (6, 4), (7, 5), (8, 4), (9, 5), (10, 4), (11, 5)]
length: 18 99
2*[T] vs T3fnT3: -0.0011435018613783707 0.002287003729617751
Estimated difference between T3^fnT3 - (T2^WT3 + h.c.) is: 0.0011435018682393802 1.307596522666953e-06
total cost: -2.82585950104202
singles alt: [(6, 0), (7, 1), (8, 0), (9, 1), (10, 0), (11, 1), (6, 2), (7, 3), (8, 2), (9, 3), (10, 2), (11, 3), (6, 4), (7, 5), (8, 4), (9, 5), (10, 4), (11, 5)]
length: 18 99
2*[T] vs T3fnT3: -0.0011435018598217647 0.00228700372650454
Estimated difference between T3^fnT3 - (T2^WT3 + h.c.) is: 0.0011435018666827751 1.3075965191069912e-06
total cost: -2.8258595010420255
singles alt: [(6, 0), (7, 1), (8, 0), (9, 1), (10, 0), (11, 1), (6, 2), (7, 3), (8, 2), (9, 3), (10, 2), (11, 3), (6, 4), (7, 5), (8, 4), (9, 5), (10, 4), (11, 5)]
length: 18 99
2*[T] vs T3fnT3: -0.0011435018613783663 0.002287003729617744
Estimated difference between T3^fnT3 - (T2^WT3 + h.c.) is: 0.0011435018682393776 1.307596522666947e-06
total cost: -2.8258595010420233
singles alt: [(6, 0), (7, 1), (8, 0), (9, 1), (10, 0), (11, 1), (6, 2), (7, 3), (8, 2), (9, 3), (10, 2), (11, 3), (6, 4), (7, 5), (8, 4), (9, 5), (10, 4), (11, 5)]
length: 18 99
2*[T] vs T3fnT3: -0.0011435018626617423 0.0022870037321844933
Estimated difference between T3^fnT3 - (T2^WT3 + h.c.) is: 0.001143501869522751 1.3075965256020267e-06
total cost: -2.8258595010480483
singles alt: [(6, 0), (7, 1), (8, 0), (9, 1), (10, 0), (11, 1), (6, 2), (7, 3), (8, 2), (9, 3), (10, 2), (11, 3), (6, 4), (7, 5), (8, 4), (9, 5), (10, 4), (11, 5)]
length: 18 99
2*[T] vs T3fnT3: -0.0011435018613783678 0.0022870037296177453
Estimated difference between T3^fnT3 - (T2^WT3 + h.c.) is: 0.0011435018682393774 1.3075965226669464e-06
total cost: -2.8258595010420198
singles alt: [(6, 0), (7, 1), (8, 0), (9, 1), (10, 0), (11, 1), (6, 2), (7, 3), (8, 2), (9, 3), (10, 2), (11, 3), (6, 4), (7, 5), (8, 4), (9, 5), (10, 4), (11, 5)]
length: 18 99
2*[T] vs T3fnT3: -0.0011435018671908158 0.002287003741242642
Estimated difference between T3^fnT3 - (T2^WT3 + h.c.) is: 0.0011435018740518263 1.3075965359600388e-06
total cost: -2.8258595010441145
singles alt: [(6, 0), (7, 1), (8, 0), (9, 1), (10, 0), (11, 1), (6, 2), (7, 3), (8, 2), (9, 3), (10, 2), (11, 3), (6, 4), (7, 5), (8, 4), (9, 5), (10, 4), (11, 5)]
length: 18 99
2*[T] vs T3fnT3: -0.0011435018613783693 0.0022870037296177487
Estimated difference between T3^fnT3 - (T2^WT3 + h.c.) is: 0.0011435018682393794 1.3075965226669508e-06
total cost: -2.8258595010420207
singles alt: [(6, 0), (7, 1), (8, 0), (9, 1), (10, 0), (11, 1), (6, 2), (7, 3), (8, 2), (9, 3), (10, 2), (11, 3), (6, 4), (7, 5), (8, 4), (9, 5), (10, 4), (11, 5)]
length: 18 99
2*[T] vs T3fnT3: -0.001143501861465497 0.002287003729792003
Estimated difference between T3^fnT3 - (T2^WT3 + h.c.) is: 0.001143501868326506 1.30759652286621e-06
total cost: -2.8258595010508145
singles alt: [(6, 0), (7, 1), (8, 0), (9, 1), (10, 0), (11, 1), (6, 2), (7, 3), (8, 2), (9, 3), (10, 2), (11, 3), (6, 4), (7, 5), (8, 4), (9, 5), (10, 4), (11, 5)]
length: 18 99
2*[T] vs T3fnT3: -0.0011435018613783724 0.0022870037296177544
Estimated difference between T3^fnT3 - (T2^WT3 + h.c.) is: 0.001143501868239382 1.307596522666957e-06
total cost: -2.8258595010420176
singles alt: [(6, 0), (7, 1), (8, 0), (9, 1), (10, 0), (11, 1), (6, 2), (7, 3), (8, 2), (9, 3), (10, 2), (11, 3), (6, 4), (7, 5), (8, 4), (9, 5), (10, 4), (11, 5)]
length: 18 99
2*[T] vs T3fnT3: -0.0011435018722219014 0.002287003751304813
Estimated difference between T3^fnT3 - (T2^WT3 + h.c.) is: 0.0011435018790829118 1.3075965474661502e-06
total cost: -2.8258595010380474
singles alt: [(6, 0), (7, 1), (8, 0), (9, 1), (10, 0), (11, 1), (6, 2), (7, 3), (8, 2), (9, 3), (10, 2), (11, 3), (6, 4), (7, 5), (8, 4), (9, 5), (10, 4), (11, 5)]
length: 18 99
2*[T] vs T3fnT3: -0.0011435018613783728 0.0022870037296177552
Estimated difference between T3^fnT3 - (T2^WT3 + h.c.) is: 0.0011435018682393824 1.3075965226669578e-06
total cost: -2.825859501042019
singles alt: [(6, 0), (7, 1), (8, 0), (9, 1), (10, 0), (11, 1), (6, 2), (7, 3), (8, 2), (9, 3), (10, 2), (11, 3), (6, 4), (7, 5), (8, 4), (9, 5), (10, 4), (11, 5)]
length: 18 99
2*[T] vs T3fnT3: -0.001143501859889519 0.0022870037266400477
Estimated difference between T3^fnT3 - (T2^WT3 + h.c.) is: 0.0011435018667505287 1.3075965192619438e-06
total cost: -2.8258595010435803
singles alt: [(6, 0), (7, 1), (8, 0), (9, 1), (10, 0), (11, 1), (6, 2), (7, 3), (8, 2), (9, 3), (10, 2), (11, 3), (6, 4), (7, 5), (8, 4), (9, 5), (10, 4), (11, 5)]
length: 18 99
2*[T] vs T3fnT3: -0.0011435018613783715 0.002287003729617753
Estimated difference between T3^fnT3 - (T2^WT3 + h.c.) is: 0.0011435018682393815 1.307596522666956e-06
total cost: -2.825859501042021
singles alt: [(6, 0), (7, 1), (8, 0), (9, 1), (10, 0), (11, 1), (6, 2), (7, 3), (8, 2), (9, 3), (10, 2), (11, 3), (6, 4), (7, 5), (8, 4), (9, 5), (10, 4), (11, 5)]
length: 18 99
2*[T] vs T3fnT3: -0.0011435018674998596 0.00228700374186073
Estimated difference between T3^fnT3 - (T2^WT3 + h.c.) is: 0.0011435018743608705 1.307596536666824e-06
total cost: -2.8258595010465792
singles alt: [(6, 0), (7, 1), (8, 0), (9, 1), (10, 0), (11, 1), (6, 2), (7, 3), (8, 2), (9, 3), (10, 2), (11, 3), (6, 4), (7, 5), (8, 4), (9, 5), (10, 4), (11, 5)]
length: 18 99
2*[T] vs T3fnT3: -0.001143501861378368 0.0022870037296177453
Estimated difference between T3^fnT3 - (T2^WT3 + h.c.) is: 0.0011435018682393772 1.307596522666946e-06
total cost: -2.8258595010420198
singles alt: [(6, 0), (7, 1), (8, 0), (9, 1), (10, 0), (11, 1), (6, 2), (7, 3), (8, 2), (9, 3), (10, 2), (11, 3), (6, 4), (7, 5), (8, 4), (9, 5), (10, 4), (11, 5)]
length: 18 99
2*[T] vs T3fnT3: -0.0011435018642425103 0.0022870037353460307
Estimated difference between T3^fnT3 - (T2^WT3 + h.c.) is: 0.0011435018711035204 1.307596529217252e-06
total cost: -2.8258595010455534
singles alt: [(6, 0), (7, 1), (8, 0), (9, 1), (10, 0), (11, 1), (6, 2), (7, 3), (8, 2), (9, 3), (10, 2), (11, 3), (6, 4), (7, 5), (8, 4), (9, 5), (10, 4), (11, 5)]
length: 18 99
2*[T] vs T3fnT3: -0.0011435018613783663 0.0022870037296177427
Estimated difference between T3^fnT3 - (T2^WT3 + h.c.) is: 0.0011435018682393763 1.307596522666944e-06
total cost: -2.825859501042023
singles alt: [(6, 0), (7, 1), (8, 0), (9, 1), (10, 0), (11, 1), (6, 2), (7, 3), (8, 2), (9, 3), (10, 2), (11, 3), (6, 4), (7, 5), (8, 4), (9, 5), (10, 4), (11, 5)]
length: 18 99
2*[T] vs T3fnT3: -0.0011435018597172036 0.002287003726295417
Estimated difference between T3^fnT3 - (T2^WT3 + h.c.) is: 0.0011435018665782136 1.3075965188678586e-06
total cost: -2.8258595010418945
singles alt: [(6, 0), (7, 1), (8, 0), (9, 1), (10, 0), (11, 1), (6, 2), (7, 3), (8, 2), (9, 3), (10, 2), (11, 3), (6, 4), (7, 5), (8, 4), (9, 5), (10, 4), (11, 5)]
length: 18 99
2*[T] vs T3fnT3: -0.0011435018613783726 0.0022870037296177552
Estimated difference between T3^fnT3 - (T2^WT3 + h.c.) is: 0.0011435018682393826 1.3075965226669585e-06
total cost: -2.8258595010420198
singles alt: [(6, 0), (7, 1), (8, 0), (9, 1), (10, 0), (11, 1), (6, 2), (7, 3), (8, 2), (9, 3), (10, 2), (11, 3), (6, 4), (7, 5), (8, 4), (9, 5), (10, 4), (11, 5)]
length: 18 99
2*[T] vs T3fnT3: -0.0011435018578467091 0.002287003722554429
Estimated difference between T3^fnT3 - (T2^WT3 + h.c.) is: 0.00114350186470772 1.3075965145900328e-06
total cost: -2.825859501045869
singles alt: [(6, 0), (7, 1), (8, 0), (9, 1), (10, 0), (11, 1), (6, 2), (7, 3), (8, 2), (9, 3), (10, 2), (11, 3), (6, 4), (7, 5), (8, 4), (9, 5), (10, 4), (11, 5)]
length: 18 99
2*[T] vs T3fnT3: -0.001143501861378367 0.002287003729617743
Estimated difference between T3^fnT3 - (T2^WT3 + h.c.) is: 0.0011435018682393761 1.3075965226669434e-06
total cost: -2.825859501042021
singles alt: [(6, 0), (7, 1), (8, 0), (9, 1), (10, 0), (11, 1), (6, 2), (7, 3), (8, 2), (9, 3), (10, 2), (11, 3), (6, 4), (7, 5), (8, 4), (9, 5), (10, 4), (11, 5)]
length: 18 99
2*[T] vs T3fnT3: -0.001143501868824779 0.0022870037445105683
Estimated difference between T3^fnT3 - (T2^WT3 + h.c.) is: 0.0011435018756857894 1.3075965396969186e-06
total cost: -2.825859501044303
singles alt: [(6, 0), (7, 1), (8, 0), (9, 1), (10, 0), (11, 1), (6, 2), (7, 3), (8, 2), (9, 3), (10, 2), (11, 3), (6, 4), (7, 5), (8, 4), (9, 5), (10, 4), (11, 5)]
length: 18 99
2*[T] vs T3fnT3: -0.0011435018613783746 0.0022870037296177596
Estimated difference between T3^fnT3 - (T2^WT3 + h.c.) is: 0.001143501868239385 1.3075965226669638e-06
total cost: -2.8258595010420176
singles alt: [(6, 0), (7, 1), (8, 0), (9, 1), (10, 0), (11, 1), (6, 2), (7, 3), (8, 2), (9, 3), (10, 2), (11, 3), (6, 4), (7, 5), (8, 4), (9, 5), (10, 4), (11, 5)]
length: 18 99
2*[T] vs T3fnT3: -0.00114350185990569 0.0022870037266723917
Estimated difference between T3^fnT3 - (T2^WT3 + h.c.) is: 0.0011435018667667017 1.3075965192989316e-06
total cost: -2.8258595010347918
singles alt: [(6, 0), (7, 1), (8, 0), (9, 1), (10, 0), (11, 1), (6, 2), (7, 3), (8, 2), (9, 3), (10, 2), (11, 3), (6, 4), (7, 5), (8, 4), (9, 5), (10, 4), (11, 5)]
length: 18 99
2*[T] vs T3fnT3: -0.0011435018613783774 0.0022870037296177648
Estimated difference between T3^fnT3 - (T2^WT3 + h.c.) is: 0.0011435018682393874 1.3075965226669693e-06
total cost: -2.825859501042018
singles alt: [(6, 0), (7, 1), (8, 0), (9, 1), (10, 0), (11, 1), (6, 2), (7, 3), (8, 2), (9, 3), (10, 2), (11, 3), (6, 4), (7, 5), (8, 4), (9, 5), (10, 4), (11, 5)]
length: 18 99
2*[T] vs T3fnT3: -0.0011435018748883802 0.0022870037566377704
Estimated difference between T3^fnT3 - (T2^WT3 + h.c.) is: 0.0011435018817493902 1.3075965535643963e-06
total cost: -2.825859501049066
singles alt: [(6, 0), (7, 1), (8, 0), (9, 1), (10, 0), (11, 1), (6, 2), (7, 3), (8, 2), (9, 3), (10, 2), (11, 3), (6, 4), (7, 5), (8, 4), (9, 5), (10, 4), (11, 5)]
length: 18 99
2*[T] vs T3fnT3: -0.0011435018613783659 0.00228700372961774
Estimated difference between T3^fnT3 - (T2^WT3 + h.c.) is: 0.0011435018682393742 1.307596522666939e-06
total cost: -2.8258595010420224
singles alt: [(6, 0), (7, 1), (8, 0), (9, 1), (10, 0), (11, 1), (6, 2), (7, 3), (8, 2), (9, 3), (10, 2), (11, 3), (6, 4), (7, 5), (8, 4), (9, 5), (10, 4), (11, 5)]
length: 18 99
2*[T] vs T3fnT3: -0.001143501859998241 0.0022870037268574936
Estimated difference between T3^fnT3 - (T2^WT3 + h.c.) is: 0.0011435018668592527 1.307596519510596e-06
total cost: -2.825859501036499
singles alt: [(6, 0), (7, 1), (8, 0), (9, 1), (10, 0), (11, 1), (6, 2), (7, 3), (8, 2), (9, 3), (10, 2), (11, 3), (6, 4), (7, 5), (8, 4), (9, 5), (10, 4), (11, 5)]
length: 18 99
2*[T] vs T3fnT3: -0.0011435018613783646 0.0022870037296177414
Estimated difference between T3^fnT3 - (T2^WT3 + h.c.) is: 0.0011435018682393768 1.307596522666945e-06
total cost: -2.825859501042023
singles alt: [(6, 0), (7, 1), (8, 0), (9, 1), (10, 0), (11, 1), (6, 2), (7, 3), (8, 2), (9, 3), (10, 2), (11, 3), (6, 4), (7, 5), (8, 4), (9, 5), (10, 4), (11, 5)]
length: 18 99
2*[T] vs T3fnT3: -0.0011435018649609498 0.002287003736782911
Estimated difference between T3^fnT3 - (T2^WT3 + h.c.) is: 0.001143501871821961 1.3075965308603287e-06
total cost: -2.8258595010439085
singles alt: [(6, 0), (7, 1), (8, 0), (9, 1), (10, 0), (11, 1), (6, 2), (7, 3), (8, 2), (9, 3), (10, 2), (11, 3), (6, 4), (7, 5), (8, 4), (9, 5), (10, 4), (11, 5)]
length: 18 99
2*[T] vs T3fnT3: -0.0011435018606572851 0.0022870037281755807
Estimated difference between T3^fnT3 - (T2^WT3 + h.c.) is: 0.0011435018675182956 1.3075965210178296e-06
total cost: -2.8258595010391336
singles alt: [(6, 0), (7, 1), (8, 0), (9, 1), (10, 0), (11, 1), (6, 2), (7, 3), (8, 2), (9, 3), (10, 2), (11, 3), (6, 4), (7, 5), (8, 4), (9, 5), (10, 4), (11, 5)]
length: 18 99
2*[T] vs T3fnT3: -0.0011435018604482132 0.002287003727757437
Estimated difference between T3^fnT3 - (T2^WT3 + h.c.) is: 0.0011435018673092237 1.3075965205396814e-06
total cost: -2.8258595010390293
singles alt: [(6, 0), (7, 1), (8, 0), (9, 1), (10, 0), (11, 1), (6, 2), (7, 3), (8, 2), (9, 3), (10, 2), (11, 3), (6, 4), (7, 5), (8, 4), (9, 5), (10, 4), (11, 5)]
length: 18 99
2*[T] vs T3fnT3: -0.001143501861378374 0.0022870037296177587
Estimated difference between T3^fnT3 - (T2^WT3 + h.c.) is: 0.0011435018682393848 1.3075965226669633e-06
total cost: -2.825859501042019
singles alt: [(6, 0), (7, 1), (8, 0), (9, 1), (10, 0), (11, 1), (6, 2), (7, 3), (8, 2), (9, 3), (10, 2), (11, 3), (6, 4), (7, 5), (8, 4), (9, 5), (10, 4), (11, 5)]
length: 18 99
2*[T] vs T3fnT3: -0.0011435018613783763 0.0022870037296177626
Estimated difference between T3^fnT3 - (T2^WT3 + h.c.) is: 0.0011435018682393863 1.3075965226669667e-06
total cost: -2.8258595010420198
singles alt: [(6, 0), (7, 1), (8, 0), (9, 1), (10, 0), (11, 1), (6, 2), (7, 3), (8, 2), (9, 3), (10, 2), (11, 3), (6, 4), (7, 5), (8, 4), (9, 5), (10, 4), (11, 5)]
length: 18 99
2*[T] vs T3fnT3: -0.0011435018583355393 0.002287003723532089
Estimated difference between T3^fnT3 - (T2^WT3 + h.c.) is: 0.0011435018651965497 1.3075965157079882e-06
total cost: -2.8258595010466645
singles alt: [(6, 0), (7, 1), (8, 0), (9, 1), (10, 0), (11, 1), (6, 2), (7, 3), (8, 2), (9, 3), (10, 2), (11, 3), (6, 4), (7, 5), (8, 4), (9, 5), (10, 4), (11, 5)]
length: 18 99
2*[T] vs T3fnT3: -0.0011435018582368279 0.0022870037233346666
Estimated difference between T3^fnT3 - (T2^WT3 + h.c.) is: 0.0011435018650978387 1.3075965154822357e-06
total cost: -2.8258595010473027
singles alt: [(6, 0), (7, 1), (8, 0), (9, 1), (10, 0), (11, 1), (6, 2), (7, 3), (8, 2), (9, 3), (10, 2), (11, 3), (6, 4), (7, 5), (8, 4), (9, 5), (10, 4), (11, 5)]
length: 18 99
2*[T] vs T3fnT3: -0.0011435018613783702 0.0022870037296177505
Estimated difference between T3^fnT3 - (T2^WT3 + h.c.) is: 0.0011435018682393802 1.307596522666953e-06
total cost: -2.8258595010420198
singles alt: [(6, 0), (7, 1), (8, 0), (9, 1), (10, 0), (11, 1), (6, 2), (7, 3), (8, 2), (9, 3), (10, 2), (11, 3), (6, 4), (7, 5), (8, 4), (9, 5), (10, 4), (11, 5)]
length: 18 99
2*[T] vs T3fnT3: -0.0011435018613783724 0.0022870037296177535
Estimated difference between T3^fnT3 - (T2^WT3 + h.c.) is: 0.001143501868239381 1.3075965226669549e-06
total cost: -2.825859501042019
singles alt: [(6, 0), (7, 1), (8, 0), (9, 1), (10, 0), (11, 1), (6, 2), (7, 3), (8, 2), (9, 3), (10, 2), (11, 3), (6, 4), (7, 5), (8, 4), (9, 5), (10, 4), (11, 5)]
length: 18 99
2*[T] vs T3fnT3: -0.0011435018663824084 0.0022870037396258277
Estimated difference between T3^fnT3 - (T2^WT3 + h.c.) is: 0.0011435018732434193 1.307596534111209e-06
total cost: -2.825859501050691
singles alt: [(6, 0), (7, 1), (8, 0), (9, 1), (10, 0), (11, 1), (6, 2), (7, 3), (8, 2), (9, 3), (10, 2), (11, 3), (6, 4), (7, 5), (8, 4), (9, 5), (10, 4), (11, 5)]
length: 18 99
2*[T] vs T3fnT3: -0.0011435018663062168 0.0022870037394734427
Estimated difference between T3^fnT3 - (T2^WT3 + h.c.) is: 0.001143501873167226 1.3075965339369544e-06
total cost: -2.825859501050385
singles alt: [(6, 0), (7, 1), (8, 0), (9, 1), (10, 0), (11, 1), (6, 2), (7, 3), (8, 2), (9, 3), (10, 2), (11, 3), (6, 4), (7, 5), (8, 4), (9, 5), (10, 4), (11, 5)]
length: 18 99
2*[T] vs T3fnT3: -0.0011435018613783765 0.0022870037296177648
Estimated difference between T3^fnT3 - (T2^WT3 + h.c.) is: 0.0011435018682393883 1.3075965226669712e-06
total cost: -2.8258595010420198
singles alt: [(6, 0), (7, 1), (8, 0), (9, 1), (10, 0), (11, 1), (6, 2), (7, 3), (8, 2), (9, 3), (10, 2), (11, 3), (6, 4), (7, 5), (8, 4), (9, 5), (10, 4), (11, 5)]
length: 18 99
2*[T] vs T3fnT3: -0.001143501861378377 0.002287003729617763
Estimated difference between T3^fnT3 - (T2^WT3 + h.c.) is: 0.001143501868239386 1.3075965226669663e-06
total cost: -2.82585950104202
singles alt: [(6, 0), (7, 1), (8, 0), (9, 1), (10, 0), (11, 1), (6, 2), (7, 3), (8, 2), (9, 3), (10, 2), (11, 3), (6, 4), (7, 5), (8, 4), (9, 5), (10, 4), (11, 5)]
length: 18 99
2*[T] vs T3fnT3: -0.0011435018639859695 0.0022870037348329485
Estimated difference between T3^fnT3 - (T2^WT3 + h.c.) is: 0.001143501870846979 1.3075965286305412e-06
total cost: -2.8258595010461054
singles alt: [(6, 0), (7, 1), (8, 0), (9, 1), (10, 0), (11, 1), (6, 2), (7, 3), (8, 2), (9, 3), (10, 2), (11, 3), (6, 4), (7, 5), (8, 4), (9, 5), (10, 4), (11, 5)]
length: 18 99
2*[T] vs T3fnT3: -0.0011435018637635083 0.002287003734388026
Estimated difference between T3^fnT3 - (T2^WT3 + h.c.) is: 0.001143501870624518 1.3075965281217717e-06
total cost: -2.825859501045906
singles alt: [(6, 0), (7, 1), (8, 0), (9, 1), (10, 0), (11, 1), (6, 2), (7, 3), (8, 2), (9, 3), (10, 2), (11, 3), (6, 4), (7, 5), (8, 4), (9, 5), (10, 4), (11, 5)]
length: 18 99
2*[T] vs T3fnT3: -0.001143501861378378 0.0022870037296177656
Estimated difference between T3^fnT3 - (T2^WT3 + h.c.) is: 0.0011435018682393876 1.3075965226669697e-06
total cost: -2.8258595010420193
singles alt: [(6, 0), (7, 1), (8, 0), (9, 1), (10, 0), (11, 1), (6, 2), (7, 3), (8, 2), (9, 3), (10, 2), (11, 3), (6, 4), (7, 5), (8, 4), (9, 5), (10, 4), (11, 5)]
length: 18 99
2*[T] vs T3fnT3: -0.0011435018613783746 0.002287003729617759
Estimated difference between T3^fnT3 - (T2^WT3 + h.c.) is: 0.0011435018682393846 1.307596522666963e-06
total cost: -2.8258595010420207
singles alt: [(6, 0), (7, 1), (8, 0), (9, 1), (10, 0), (11, 1), (6, 2), (7, 3), (8, 2), (9, 3), (10, 2), (11, 3), (6, 4), (7, 5), (8, 4), (9, 5), (10, 4), (11, 5)]
length: 18 99
2*[T] vs T3fnT3: -0.0011435018632981184 0.002287003733457247
Estimated difference between T3^fnT3 - (T2^WT3 + h.c.) is: 0.0011435018701591285 1.3075965270574244e-06
total cost: -2.825859501036803
singles alt: [(6, 0), (7, 1), (8, 0), (9, 1), (10, 0), (11, 1), (6, 2), (7, 3), (8, 2), (9, 3), (10, 2), (11, 3), (6, 4), (7, 5), (8, 4), (9, 5), (10, 4), (11, 5)]
length: 18 99
2*[T] vs T3fnT3: -0.0011435018632702152 0.0022870037334014413
Estimated difference between T3^fnT3 - (T2^WT3 + h.c.) is: 0.001143501870131226 1.3075965269936114e-06
total cost: -2.8258595010365926
singles alt: [(6, 0), (7, 1), (8, 0), (9, 1), (10, 0), (11, 1), (6, 2), (7, 3), (8, 2), (9, 3), (10, 2), (11, 3), (6, 4), (7, 5), (8, 4), (9, 5), (10, 4), (11, 5)]
length: 18 99
2*[T] vs T3fnT3: -0.0011435018613783707 0.002287003729617751
Estimated difference between T3^fnT3 - (T2^WT3 + h.c.) is: 0.0011435018682393802 1.307596522666953e-06
total cost: -2.8258595010420198
singles alt: [(6, 0), (7, 1), (8, 0), (9, 1), (10, 0), (11, 1), (6, 2), (7, 3), (8, 2), (9, 3), (10, 2), (11, 3), (6, 4), (7, 5), (8, 4), (9, 5), (10, 4), (11, 5)]
length: 18 99
2*[T] vs T3fnT3: -0.0011435018613783707 0.002287003729617751
Estimated difference between T3^fnT3 - (T2^WT3 + h.c.) is: 0.0011435018682393802 1.307596522666953e-06
total cost: -2.8258595010420207
singles alt: [(6, 0), (7, 1), (8, 0), (9, 1), (10, 0), (11, 1), (6, 2), (7, 3), (8, 2), (9, 3), (10, 2), (11, 3), (6, 4), (7, 5), (8, 4), (9, 5), (10, 4), (11, 5)]
length: 18 99
2*[T] vs T3fnT3: -0.0011435018613783707 0.002287003729617751
Estimated difference between T3^fnT3 - (T2^WT3 + h.c.) is: 0.0011435018682393802 1.307596522666953e-06
total cost: -2.8258595010421783
singles alt: [(6, 0), (7, 1), (8, 0), (9, 1), (10, 0), (11, 1), (6, 2), (7, 3), (8, 2), (9, 3), (10, 2), (11, 3), (6, 4), (7, 5), (8, 4), (9, 5), (10, 4), (11, 5)]
length: 18 99
2*[T] vs T3fnT3: -0.0011435018613783707 0.002287003729617751
Estimated difference between T3^fnT3 - (T2^WT3 + h.c.) is: 0.0011435018682393802 1.307596522666953e-06
total cost: -2.8258595010424337
singles alt: [(6, 0), (7, 1), (8, 0), (9, 1), (10, 0), (11, 1), (6, 2), (7, 3), (8, 2), (9, 3), (10, 2), (11, 3), (6, 4), (7, 5), (8, 4), (9, 5), (10, 4), (11, 5)]
length: 18 99
2*[T] vs T3fnT3: -0.0011435018613783707 0.002287003729617751
Estimated difference between T3^fnT3 - (T2^WT3 + h.c.) is: 0.0011435018682393802 1.307596522666953e-06
total cost: -2.82585950104202
singles alt: [(6, 0), (7, 1), (8, 0), (9, 1), (10, 0), (11, 1), (6, 2), (7, 3), (8, 2), (9, 3), (10, 2), (11, 3), (6, 4), (7, 5), (8, 4), (9, 5), (10, 4), (11, 5)]
length: 18 99
2*[T] vs T3fnT3: -0.0011435018613783707 0.002287003729617751
Estimated difference between T3^fnT3 - (T2^WT3 + h.c.) is: 0.0011435018682393802 1.307596522666953e-06
total cost: -2.825859501042019
singles alt: [(6, 0), (7, 1), (8, 0), (9, 1), (10, 0), (11, 1), (6, 2), (7, 3), (8, 2), (9, 3), (10, 2), (11, 3), (6, 4), (7, 5), (8, 4), (9, 5), (10, 4), (11, 5)]
length: 18 99
2*[T] vs T3fnT3: -0.0011435018613783707 0.002287003729617751
Estimated difference between T3^fnT3 - (T2^WT3 + h.c.) is: 0.0011435018682393802 1.307596522666953e-06
total cost: -2.8258595010409118
singles alt: [(6, 0), (7, 1), (8, 0), (9, 1), (10, 0), (11, 1), (6, 2), (7, 3), (8, 2), (9, 3), (10, 2), (11, 3), (6, 4), (7, 5), (8, 4), (9, 5), (10, 4), (11, 5)]
length: 18 99
2*[T] vs T3fnT3: -0.0011435018613783707 0.002287003729617751
Estimated difference between T3^fnT3 - (T2^WT3 + h.c.) is: 0.0011435018682393802 1.307596522666953e-06
total cost: -2.8258595010411156
singles alt: [(6, 0), (7, 1), (8, 0), (9, 1), (10, 0), (11, 1), (6, 2), (7, 3), (8, 2), (9, 3), (10, 2), (11, 3), (6, 4), (7, 5), (8, 4), (9, 5), (10, 4), (11, 5)]
length: 18 99
2*[T] vs T3fnT3: -0.0011435018613783707 0.002287003729617751
Estimated difference between T3^fnT3 - (T2^WT3 + h.c.) is: 0.0011435018682393802 1.307596522666953e-06
total cost: -2.825859501042019
singles alt: [(6, 0), (7, 1), (8, 0), (9, 1), (10, 0), (11, 1), (6, 2), (7, 3), (8, 2), (9, 3), (10, 2), (11, 3), (6, 4), (7, 5), (8, 4), (9, 5), (10, 4), (11, 5)]
length: 18 99
2*[T] vs T3fnT3: -0.0011435018613783707 0.002287003729617751
Estimated difference between T3^fnT3 - (T2^WT3 + h.c.) is: 0.0011435018682393802 1.307596522666953e-06
total cost: -2.825859501042019
singles alt: [(6, 0), (7, 1), (8, 0), (9, 1), (10, 0), (11, 1), (6, 2), (7, 3), (8, 2), (9, 3), (10, 2), (11, 3), (6, 4), (7, 5), (8, 4), (9, 5), (10, 4), (11, 5)]
length: 18 99
2*[T] vs T3fnT3: -0.0011435018613783707 0.002287003729617751
Estimated difference between T3^fnT3 - (T2^WT3 + h.c.) is: 0.0011435018682393802 1.307596522666953e-06
total cost: -2.825859501040071
singles alt: [(6, 0), (7, 1), (8, 0), (9, 1), (10, 0), (11, 1), (6, 2), (7, 3), (8, 2), (9, 3), (10, 2), (11, 3), (6, 4), (7, 5), (8, 4), (9, 5), (10, 4), (11, 5)]
length: 18 99
2*[T] vs T3fnT3: -0.0011435018613783707 0.002287003729617751
Estimated difference between T3^fnT3 - (T2^WT3 + h.c.) is: 0.0011435018682393802 1.307596522666953e-06
total cost: -2.8258595010397616
singles alt: [(6, 0), (7, 1), (8, 0), (9, 1), (10, 0), (11, 1), (6, 2), (7, 3), (8, 2), (9, 3), (10, 2), (11, 3), (6, 4), (7, 5), (8, 4), (9, 5), (10, 4), (11, 5)]
length: 18 99
2*[T] vs T3fnT3: -0.0011435018613783707 0.002287003729617751
Estimated difference between T3^fnT3 - (T2^WT3 + h.c.) is: 0.0011435018682393802 1.307596522666953e-06
total cost: -2.8258595010420198
singles alt: [(6, 0), (7, 1), (8, 0), (9, 1), (10, 0), (11, 1), (6, 2), (7, 3), (8, 2), (9, 3), (10, 2), (11, 3), (6, 4), (7, 5), (8, 4), (9, 5), (10, 4), (11, 5)]
length: 18 99
2*[T] vs T3fnT3: -0.0011435018613783707 0.002287003729617751
Estimated difference between T3^fnT3 - (T2^WT3 + h.c.) is: 0.0011435018682393802 1.307596522666953e-06
total cost: -2.8258595010420198
singles alt: [(6, 0), (7, 1), (8, 0), (9, 1), (10, 0), (11, 1), (6, 2), (7, 3), (8, 2), (9, 3), (10, 2), (11, 3), (6, 4), (7, 5), (8, 4), (9, 5), (10, 4), (11, 5)]
length: 18 99
2*[T] vs T3fnT3: -0.0011435018613783707 0.002287003729617751
Estimated difference between T3^fnT3 - (T2^WT3 + h.c.) is: 0.0011435018682393802 1.307596522666953e-06
total cost: -2.8258595010456102
singles alt: [(6, 0), (7, 1), (8, 0), (9, 1), (10, 0), (11, 1), (6, 2), (7, 3), (8, 2), (9, 3), (10, 2), (11, 3), (6, 4), (7, 5), (8, 4), (9, 5), (10, 4), (11, 5)]
length: 18 99
2*[T] vs T3fnT3: -0.0011435018613783707 0.002287003729617751
Estimated difference between T3^fnT3 - (T2^WT3 + h.c.) is: 0.0011435018682393802 1.307596522666953e-06
total cost: -2.8258595010459993
singles alt: [(6, 0), (7, 1), (8, 0), (9, 1), (10, 0), (11, 1), (6, 2), (7, 3), (8, 2), (9, 3), (10, 2), (11, 3), (6, 4), (7, 5), (8, 4), (9, 5), (10, 4), (11, 5)]
length: 18 99
2*[T] vs T3fnT3: -0.0011435018613783707 0.002287003729617751
Estimated difference between T3^fnT3 - (T2^WT3 + h.c.) is: 0.0011435018682393802 1.307596522666953e-06
total cost: -2.825859501042021
singles alt: [(6, 0), (7, 1), (8, 0), (9, 1), (10, 0), (11, 1), (6, 2), (7, 3), (8, 2), (9, 3), (10, 2), (11, 3), (6, 4), (7, 5), (8, 4), (9, 5), (10, 4), (11, 5)]
length: 18 99
2*[T] vs T3fnT3: -0.0011435018613783707 0.002287003729617751
Estimated difference between T3^fnT3 - (T2^WT3 + h.c.) is: 0.0011435018682393802 1.307596522666953e-06
total cost: -2.8258595010420207
singles alt: [(6, 0), (7, 1), (8, 0), (9, 1), (10, 0), (11, 1), (6, 2), (7, 3), (8, 2), (9, 3), (10, 2), (11, 3), (6, 4), (7, 5), (8, 4), (9, 5), (10, 4), (11, 5)]
callback: energy=-2.827003002910
singles alt: [(6, 0), (7, 1), (8, 0), (9, 1), (10, 0), (11, 1), (6, 2), (7, 3), (8, 2), (9, 3), (10, 2), (11, 3), (6, 4), (7, 5), (8, 4), (9, 5), (10, 4), (11, 5)]
length: 18 99
2*[T] vs T3fnT3: -0.0011442099217451312 0.002288419850355523
Estimated difference between T3^fnT3 - (T2^WT3 + h.c.) is: 0.0011442099286103917 1.3092163607305976e-06
total cost: -2.825863326413944
singles alt: [(6, 0), (7, 1), (8, 0), (9, 1), (10, 0), (11, 1), (6, 2), (7, 3), (8, 2), (9, 3), (10, 2), (11, 3), (6, 4), (7, 5), (8, 4), (9, 5), (10, 4), (11, 5)]
length: 18 99
2*[T] vs T3fnT3: -0.0011442099243788968 0.002288419855623053
Estimated difference between T3^fnT3 - (T2^WT3 + h.c.) is: 0.0011442099312441564 1.3092163667577571e-06
total cost: -2.825863326405311
singles alt: [(6, 0), (7, 1), (8, 0), (9, 1), (10, 0), (11, 1), (6, 2), (7, 3), (8, 2), (9, 3), (10, 2), (11, 3), (6, 4), (7, 5), (8, 4), (9, 5), (10, 4), (11, 5)]
length: 18 99
2*[T] vs T3fnT3: -0.0011442099217451286 0.0022884198503555168
Estimated difference between T3^fnT3 - (T2^WT3 + h.c.) is: 0.0011442099286103882 1.3092163607305898e-06
total cost: -2.8258633264139483
singles alt: [(6, 0), (7, 1), (8, 0), (9, 1), (10, 0), (11, 1), (6, 2), (7, 3), (8, 2), (9, 3), (10, 2), (11, 3), (6, 4), (7, 5), (8, 4), (9, 5), (10, 4), (11, 5)]
length: 18 99
2*[T] vs T3fnT3: -0.0011442099210569197 0.0022884198489790996
Estimated difference between T3^fnT3 - (T2^WT3 + h.c.) is: 0.0011442099279221798 1.30921635915568e-06
total cost: -2.8258633264143573
singles alt: [(6, 0), (7, 1), (8, 0), (9, 1), (10, 0), (11, 1), (6, 2), (7, 3), (8, 2), (9, 3), (10, 2), (11, 3), (6, 4), (7, 5), (8, 4), (9, 5), (10, 4), (11, 5)]
length: 18 99
2*[T] vs T3fnT3: -0.0011442099217451325 0.0022884198503555254
Estimated difference between T3^fnT3 - (T2^WT3 + h.c.) is: 0.001144209928610393 1.3092163607306006e-06
total cost: -2.825863326413948
singles alt: [(6, 0), (7, 1), (8, 0), (9, 1), (10, 0), (11, 1), (6, 2), (7, 3), (8, 2), (9, 3), (10, 2), (11, 3), (6, 4), (7, 5), (8, 4), (9, 5), (10, 4), (11, 5)]
length: 18 99
2*[T] vs T3fnT3: -0.001144209926525293 0.002288419859915846
Estimated difference between T3^fnT3 - (T2^WT3 + h.c.) is: 0.0011442099333905528 1.309216371669613e-06
total cost: -2.8258633264176094
singles alt: [(6, 0), (7, 1), (8, 0), (9, 1), (10, 0), (11, 1), (6, 2), (7, 3), (8, 2), (9, 3), (10, 2), (11, 3), (6, 4), (7, 5), (8, 4), (9, 5), (10, 4), (11, 5)]
length: 18 99
2*[T] vs T3fnT3: -0.0011442099217451299 0.0022884198503555194
Estimated difference between T3^fnT3 - (T2^WT3 + h.c.) is: 0.0011442099286103895 1.3092163607305928e-06
total cost: -2.8258633264139448
singles alt: [(6, 0), (7, 1), (8, 0), (9, 1), (10, 0), (11, 1), (6, 2), (7, 3), (8, 2), (9, 3), (10, 2), (11, 3), (6, 4), (7, 5), (8, 4), (9, 5), (10, 4), (11, 5)]
length: 18 99
2*[T] vs T3fnT3: -0.0011442099210865824 0.0022884198490384254
Estimated difference between T3^fnT3 - (T2^WT3 + h.c.) is: 0.001144209927951843 1.3092163592235617e-06
total cost: -2.825863326413887
singles alt: [(6, 0), (7, 1), (8, 0), (9, 1), (10, 0), (11, 1), (6, 2), (7, 3), (8, 2), (9, 3), (10, 2), (11, 3), (6, 4), (7, 5), (8, 4), (9, 5), (10, 4), (11, 5)]
length: 18 99
2*[T] vs T3fnT3: -0.0011442099217451316 0.0022884198503555237
Estimated difference between T3^fnT3 - (T2^WT3 + h.c.) is: 0.0011442099286103921 1.3092163607305987e-06
total cost: -2.8258633264139466
singles alt: [(6, 0), (7, 1), (8, 0), (9, 1), (10, 0), (11, 1), (6, 2), (7, 3), (8, 2), (9, 3), (10, 2), (11, 3), (6, 4), (7, 5), (8, 4), (9, 5), (10, 4), (11, 5)]
length: 18 99
2*[T] vs T3fnT3: -0.00114420992818029 0.0022884198632258396
Estimated difference between T3^fnT3 - (T2^WT3 + h.c.) is: 0.0011442099350455497 1.309216375456941e-06
total cost: -2.825863326421713
singles alt: [(6, 0), (7, 1), (8, 0), (9, 1), (10, 0), (11, 1), (6, 2), (7, 3), (8, 2), (9, 3), (10, 2), (11, 3), (6, 4), (7, 5), (8, 4), (9, 5), (10, 4), (11, 5)]
length: 18 99
2*[T] vs T3fnT3: -0.0011442099217451283 0.0022884198503555163
Estimated difference between T3^fnT3 - (T2^WT3 + h.c.) is: 0.001144209928610388 1.3092163607305892e-06
total cost: -2.8258633264139483
singles alt: [(6, 0), (7, 1), (8, 0), (9, 1), (10, 0), (11, 1), (6, 2), (7, 3), (8, 2), (9, 3), (10, 2), (11, 3), (6, 4), (7, 5), (8, 4), (9, 5), (10, 4), (11, 5)]
length: 18 99
2*[T] vs T3fnT3: -0.001144209916691287 0.002288419840247834
Estimated difference between T3^fnT3 - (T2^WT3 + h.c.) is: 0.0011442099235565468 1.3092163491652786e-06
total cost: -2.825863326412538
singles alt: [(6, 0), (7, 1), (8, 0), (9, 1), (10, 0), (11, 1), (6, 2), (7, 3), (8, 2), (9, 3), (10, 2), (11, 3), (6, 4), (7, 5), (8, 4), (9, 5), (10, 4), (11, 5)]
length: 18 99
2*[T] vs T3fnT3: -0.0011442099217451281 0.0022884198503555168
Estimated difference between T3^fnT3 - (T2^WT3 + h.c.) is: 0.0011442099286103887 1.3092163607305906e-06
total cost: -2.8258633264139448
singles alt: [(6, 0), (7, 1), (8, 0), (9, 1), (10, 0), (11, 1), (6, 2), (7, 3), (8, 2), (9, 3), (10, 2), (11, 3), (6, 4), (7, 5), (8, 4), (9, 5), (10, 4), (11, 5)]
length: 18 99
2*[T] vs T3fnT3: -0.0011442099213199576 0.002288419849505176
Estimated difference between T3^fnT3 - (T2^WT3 + h.c.) is: 0.0011442099281852186 1.309216359757623e-06
total cost: -2.8258633264073776
singles alt: [(6, 0), (7, 1), (8, 0), (9, 1), (10, 0), (11, 1), (6, 2), (7, 3), (8, 2), (9, 3), (10, 2), (11, 3), (6, 4), (7, 5), (8, 4), (9, 5), (10, 4), (11, 5)]
length: 18 99
2*[T] vs T3fnT3: -0.0011442099217451255 0.0022884198503555116
Estimated difference between T3^fnT3 - (T2^WT3 + h.c.) is: 0.001144209928610386 1.3092163607305847e-06
total cost: -2.825863326413949
singles alt: [(6, 0), (7, 1), (8, 0), (9, 1), (10, 0), (11, 1), (6, 2), (7, 3), (8, 2), (9, 3), (10, 2), (11, 3), (6, 4), (7, 5), (8, 4), (9, 5), (10, 4), (11, 5)]
length: 18 99
2*[T] vs T3fnT3: -0.0011442099316174787 0.0022884198701002183
Estimated difference between T3^fnT3 - (T2^WT3 + h.c.) is: 0.0011442099384827396 1.3092163833226748e-06
total cost: -2.8258633264143604
singles alt: [(6, 0), (7, 1), (8, 0), (9, 1), (10, 0), (11, 1), (6, 2), (7, 3), (8, 2), (9, 3), (10, 2), (11, 3), (6, 4), (7, 5), (8, 4), (9, 5), (10, 4), (11, 5)]
length: 18 99
2*[T] vs T3fnT3: -0.0011442099217451305 0.0022884198503555207
Estimated difference between T3^fnT3 - (T2^WT3 + h.c.) is: 0.0011442099286103902 1.3092163607305942e-06
total cost: -2.8258633264139448
singles alt: [(6, 0), (7, 1), (8, 0), (9, 1), (10, 0), (11, 1), (6, 2), (7, 3), (8, 2), (9, 3), (10, 2), (11, 3), (6, 4), (7, 5), (8, 4), (9, 5), (10, 4), (11, 5)]
length: 18 99
2*[T] vs T3fnT3: -0.0011442099261829884 0.0022884198592312372
Estimated difference between T3^fnT3 - (T2^WT3 + h.c.) is: 0.0011442099330482489 1.3092163708862783e-06
total cost: -2.825863326414321
singles alt: [(6, 0), (7, 1), (8, 0), (9, 1), (10, 0), (11, 1), (6, 2), (7, 3), (8, 2), (9, 3), (10, 2), (11, 3), (6, 4), (7, 5), (8, 4), (9, 5), (10, 4), (11, 5)]
length: 18 99
2*[T] vs T3fnT3: -0.001144209921745129 0.002288419850355518
Estimated difference between T3^fnT3 - (T2^WT3 + h.c.) is: 0.001144209928610389 1.3092163607305917e-06
total cost: -2.8258633264139448
singles alt: [(6, 0), (7, 1), (8, 0), (9, 1), (10, 0), (11, 1), (6, 2), (7, 3), (8, 2), (9, 3), (10, 2), (11, 3), (6, 4), (7, 5), (8, 4), (9, 5), (10, 4), (11, 5)]
length: 18 99
2*[T] vs T3fnT3: -0.001144209923466657 0.0022884198537985747
Estimated difference between T3^fnT3 - (T2^WT3 + h.c.) is: 0.0011442099303319176 1.3092163646701718e-06
total cost: -2.8258633264167967
singles alt: [(6, 0), (7, 1), (8, 0), (9, 1), (10, 0), (11, 1), (6, 2), (7, 3), (8, 2), (9, 3), (10, 2), (11, 3), (6, 4), (7, 5), (8, 4), (9, 5), (10, 4), (11, 5)]
length: 18 99
2*[T] vs T3fnT3: -0.0011442099217451318 0.002288419850355525
Estimated difference between T3^fnT3 - (T2^WT3 + h.c.) is: 0.0011442099286103932 1.309216360730601e-06
total cost: -2.8258633264139426
singles alt: [(6, 0), (7, 1), (8, 0), (9, 1), (10, 0), (11, 1), (6, 2), (7, 3), (8, 2), (9, 3), (10, 2), (11, 3), (6, 4), (7, 5), (8, 4), (9, 5), (10, 4), (11, 5)]
length: 18 99
2*[T] vs T3fnT3: -0.0011442099325814717 0.002288419872028204
Estimated difference between T3^fnT3 - (T2^WT3 + h.c.) is: 0.0011442099394467322 1.3092163855286946e-06
total cost: -2.825863326411883
singles alt: [(6, 0), (7, 1), (8, 0), (9, 1), (10, 0), (11, 1), (6, 2), (7, 3), (8, 2), (9, 3), (10, 2), (11, 3), (6, 4), (7, 5), (8, 4), (9, 5), (10, 4), (11, 5)]
length: 18 99
2*[T] vs T3fnT3: -0.0011442099217451292 0.002288419850355518
Estimated difference between T3^fnT3 - (T2^WT3 + h.c.) is: 0.0011442099286103889 1.3092163607305913e-06
total cost: -2.825863326413946
singles alt: [(6, 0), (7, 1), (8, 0), (9, 1), (10, 0), (11, 1), (6, 2), (7, 3), (8, 2), (9, 3), (10, 2), (11, 3), (6, 4), (7, 5), (8, 4), (9, 5), (10, 4), (11, 5)]
length: 18 99
2*[T] vs T3fnT3: -0.0011442099218176164 0.0022884198505004924
Estimated difference between T3^fnT3 - (T2^WT3 + h.c.) is: 0.001144209928682876 1.3092163608964723e-06
total cost: -2.8258633264191353
singles alt: [(6, 0), (7, 1), (8, 0), (9, 1), (10, 0), (11, 1), (6, 2), (7, 3), (8, 2), (9, 3), (10, 2), (11, 3), (6, 4), (7, 5), (8, 4), (9, 5), (10, 4), (11, 5)]
length: 18 99
2*[T] vs T3fnT3: -0.0011442099217451286 0.002288419850355517
Estimated difference between T3^fnT3 - (T2^WT3 + h.c.) is: 0.0011442099286103887 1.3092163607305906e-06
total cost: -2.8258633264139448
singles alt: [(6, 0), (7, 1), (8, 0), (9, 1), (10, 0), (11, 1), (6, 2), (7, 3), (8, 2), (9, 3), (10, 2), (11, 3), (6, 4), (7, 5), (8, 4), (9, 5), (10, 4), (11, 5)]
length: 18 99
2*[T] vs T3fnT3: -0.001144209927088881 0.0022884198610430223
Estimated difference between T3^fnT3 - (T2^WT3 + h.c.) is: 0.0011442099339541414 1.3092163729593406e-06
total cost: -2.8258633264173767
singles alt: [(6, 0), (7, 1), (8, 0), (9, 1), (10, 0), (11, 1), (6, 2), (7, 3), (8, 2), (9, 3), (10, 2), (11, 3), (6, 4), (7, 5), (8, 4), (9, 5), (10, 4), (11, 5)]
length: 18 99
2*[T] vs T3fnT3: -0.00114420992174513 0.0022884198503555207
Estimated difference between T3^fnT3 - (T2^WT3 + h.c.) is: 0.0011442099286103906 1.309216360730595e-06
total cost: -2.825863326413944
singles alt: [(6, 0), (7, 1), (8, 0), (9, 1), (10, 0), (11, 1), (6, 2), (7, 3), (8, 2), (9, 3), (10, 2), (11, 3), (6, 4), (7, 5), (8, 4), (9, 5), (10, 4), (11, 5)]
length: 18 99
2*[T] vs T3fnT3: -0.0011442099201310716 0.0022884198471274033
Estimated difference between T3^fnT3 - (T2^WT3 + h.c.) is: 0.0011442099269963317 1.3092163570369506e-06
total cost: -2.8258633264123483
singles alt: [(6, 0), (7, 1), (8, 0), (9, 1), (10, 0), (11, 1), (6, 2), (7, 3), (8, 2), (9, 3), (10, 2), (11, 3), (6, 4), (7, 5), (8, 4), (9, 5), (10, 4), (11, 5)]
length: 18 99
2*[T] vs T3fnT3: -0.0011442099217451294 0.0022884198503555194
Estimated difference between T3^fnT3 - (T2^WT3 + h.c.) is: 0.00114420992861039 1.3092163607305936e-06
total cost: -2.825863326413947
singles alt: [(6, 0), (7, 1), (8, 0), (9, 1), (10, 0), (11, 1), (6, 2), (7, 3), (8, 2), (9, 3), (10, 2), (11, 3), (6, 4), (7, 5), (8, 4), (9, 5), (10, 4), (11, 5)]
length: 18 99
2*[T] vs T3fnT3: -0.0011442099213701646 0.002288419849605589
Estimated difference between T3^fnT3 - (T2^WT3 + h.c.) is: 0.0011442099282354243 1.3092163598725147e-06
total cost: -2.825863326409328
singles alt: [(6, 0), (7, 1), (8, 0), (9, 1), (10, 0), (11, 1), (6, 2), (7, 3), (8, 2), (9, 3), (10, 2), (11, 3), (6, 4), (7, 5), (8, 4), (9, 5), (10, 4), (11, 5)]
length: 18 99
2*[T] vs T3fnT3: -0.001144209921745133 0.0022884198503555263
Estimated difference between T3^fnT3 - (T2^WT3 + h.c.) is: 0.0011442099286103934 1.3092163607306016e-06
total cost: -2.825863326413943
singles alt: [(6, 0), (7, 1), (8, 0), (9, 1), (10, 0), (11, 1), (6, 2), (7, 3), (8, 2), (9, 3), (10, 2), (11, 3), (6, 4), (7, 5), (8, 4), (9, 5), (10, 4), (11, 5)]
length: 18 99
2*[T] vs T3fnT3: -0.001144209916736973 0.002288419840339206
Estimated difference between T3^fnT3 - (T2^WT3 + h.c.) is: 0.001144209923602233 1.309216349269828e-06
total cost: -2.8258633264145434
singles alt: [(6, 0), (7, 1), (8, 0), (9, 1), (10, 0), (11, 1), (6, 2), (7, 3), (8, 2), (9, 3), (10, 2), (11, 3), (6, 4), (7, 5), (8, 4), (9, 5), (10, 4), (11, 5)]
length: 18 99
2*[T] vs T3fnT3: -0.0011442099217451268 0.002288419850355514
Estimated difference between T3^fnT3 - (T2^WT3 + h.c.) is: 0.0011442099286103874 1.3092163607305877e-06
total cost: -2.825863326413947
singles alt: [(6, 0), (7, 1), (8, 0), (9, 1), (10, 0), (11, 1), (6, 2), (7, 3), (8, 2), (9, 3), (10, 2), (11, 3), (6, 4), (7, 5), (8, 4), (9, 5), (10, 4), (11, 5)]
length: 18 99
2*[T] vs T3fnT3: -0.00114420992645304 0.0022884198597713395
Estimated difference between T3^fnT3 - (T2^WT3 + h.c.) is: 0.0011442099333182996 1.3092163715042676e-06
total cost: -2.8258633264142836
singles alt: [(6, 0), (7, 1), (8, 0), (9, 1), (10, 0), (11, 1), (6, 2), (7, 3), (8, 2), (9, 3), (10, 2), (11, 3), (6, 4), (7, 5), (8, 4), (9, 5), (10, 4), (11, 5)]
length: 18 99
2*[T] vs T3fnT3: -0.0011442099217451283 0.002288419850355516
Estimated difference between T3^fnT3 - (T2^WT3 + h.c.) is: 0.0011442099286103876 1.3092163607305883e-06
total cost: -2.8258633264139443
singles alt: [(6, 0), (7, 1), (8, 0), (9, 1), (10, 0), (11, 1), (6, 2), (7, 3), (8, 2), (9, 3), (10, 2), (11, 3), (6, 4), (7, 5), (8, 4), (9, 5), (10, 4), (11, 5)]
length: 18 99
2*[T] vs T3fnT3: -0.0011442099319802124 0.0022884198708256853
Estimated difference between T3^fnT3 - (T2^WT3 + h.c.) is: 0.001144209938845473 1.309216384152761e-06
total cost: -2.8258633264155573
singles alt: [(6, 0), (7, 1), (8, 0), (9, 1), (10, 0), (11, 1), (6, 2), (7, 3), (8, 2), (9, 3), (10, 2), (11, 3), (6, 4), (7, 5), (8, 4), (9, 5), (10, 4), (11, 5)]
length: 18 99
2*[T] vs T3fnT3: -0.0011442099217451307 0.002288419850355522
Estimated difference between T3^fnT3 - (T2^WT3 + h.c.) is: 0.0011442099286103913 1.3092163607305966e-06
total cost: -2.8258633264139448
singles alt: [(6, 0), (7, 1), (8, 0), (9, 1), (10, 0), (11, 1), (6, 2), (7, 3), (8, 2), (9, 3), (10, 2), (11, 3), (6, 4), (7, 5), (8, 4), (9, 5), (10, 4), (11, 5)]
length: 18 99
2*[T] vs T3fnT3: -0.0011442099290868092 0.002288419865038878
Estimated difference between T3^fnT3 - (T2^WT3 + h.c.) is: 0.0011442099359520689 1.3092163775314375e-06
total cost: -2.825863326410467
singles alt: [(6, 0), (7, 1), (8, 0), (9, 1), (10, 0), (11, 1), (6, 2), (7, 3), (8, 2), (9, 3), (10, 2), (11, 3), (6, 4), (7, 5), (8, 4), (9, 5), (10, 4), (11, 5)]
length: 18 99
2*[T] vs T3fnT3: -0.001144209921745134 0.0022884198503555276
Estimated difference between T3^fnT3 - (T2^WT3 + h.c.) is: 0.0011442099286103936 1.309216360730602e-06
total cost: -2.825863326413946
singles alt: [(6, 0), (7, 1), (8, 0), (9, 1), (10, 0), (11, 1), (6, 2), (7, 3), (8, 2), (9, 3), (10, 2), (11, 3), (6, 4), (7, 5), (8, 4), (9, 5), (10, 4), (11, 5)]
length: 18 99
2*[T] vs T3fnT3: -0.0011442099183290165 0.002288419843523294
Estimated difference between T3^fnT3 - (T2^WT3 + h.c.) is: 0.0011442099251942775 1.3092163529130942e-06
total cost: -2.8258633264179585
singles alt: [(6, 0), (7, 1), (8, 0), (9, 1), (10, 0), (11, 1), (6, 2), (7, 3), (8, 2), (9, 3), (10, 2), (11, 3), (6, 4), (7, 5), (8, 4), (9, 5), (10, 4), (11, 5)]
length: 18 99
2*[T] vs T3fnT3: -0.001144209921745129 0.002288419850355518
Estimated difference between T3^fnT3 - (T2^WT3 + h.c.) is: 0.001144209928610389 1.3092163607305917e-06
total cost: -2.825863326413947
singles alt: [(6, 0), (7, 1), (8, 0), (9, 1), (10, 0), (11, 1), (6, 2), (7, 3), (8, 2), (9, 3), (10, 2), (11, 3), (6, 4), (7, 5), (8, 4), (9, 5), (10, 4), (11, 5)]
length: 18 99
2*[T] vs T3fnT3: -0.001144209940179144 0.002288419887223548
Estimated difference between T3^fnT3 - (T2^WT3 + h.c.) is: 0.001144209947044404 1.309216402915358e-06
total cost: -2.825863326414438
singles alt: [(6, 0), (7, 1), (8, 0), (9, 1), (10, 0), (11, 1), (6, 2), (7, 3), (8, 2), (9, 3), (10, 2), (11, 3), (6, 4), (7, 5), (8, 4), (9, 5), (10, 4), (11, 5)]
length: 18 99
2*[T] vs T3fnT3: -0.0011442099217451318 0.0022884198503555237
Estimated difference between T3^fnT3 - (T2^WT3 + h.c.) is: 0.001144209928610392 1.309216360730598e-06
total cost: -2.825863326413942
singles alt: [(6, 0), (7, 1), (8, 0), (9, 1), (10, 0), (11, 1), (6, 2), (7, 3), (8, 2), (9, 3), (10, 2), (11, 3), (6, 4), (7, 5), (8, 4), (9, 5), (10, 4), (11, 5)]
length: 18 99
2*[T] vs T3fnT3: -0.0011442099185189829 0.002288419843903226
Estimated difference between T3^fnT3 - (T2^WT3 + h.c.) is: 0.001144209925384243 1.3092163533478148e-06
total cost: -2.825863326416593
singles alt: [(6, 0), (7, 1), (8, 0), (9, 1), (10, 0), (11, 1), (6, 2), (7, 3), (8, 2), (9, 3), (10, 2), (11, 3), (6, 4), (7, 5), (8, 4), (9, 5), (10, 4), (11, 5)]
length: 18 99
2*[T] vs T3fnT3: -0.0011442099217451325 0.0022884198503555246
Estimated difference between T3^fnT3 - (T2^WT3 + h.c.) is: 0.0011442099286103921 1.3092163607305987e-06
total cost: -2.825863326413942
singles alt: [(6, 0), (7, 1), (8, 0), (9, 1), (10, 0), (11, 1), (6, 2), (7, 3), (8, 2), (9, 3), (10, 2), (11, 3), (6, 4), (7, 5), (8, 4), (9, 5), (10, 4), (11, 5)]
length: 18 99
2*[T] vs T3fnT3: -0.0011442099211291198 0.0022884198491235
Estimated difference between T3^fnT3 - (T2^WT3 + h.c.) is: 0.0011442099279943803 1.309216359320905e-06
total cost: -2.8258633264136743
singles alt: [(6, 0), (7, 1), (8, 0), (9, 1), (10, 0), (11, 1), (6, 2), (7, 3), (8, 2), (9, 3), (10, 2), (11, 3), (6, 4), (7, 5), (8, 4), (9, 5), (10, 4), (11, 5)]
length: 18 99
2*[T] vs T3fnT3: -0.0011442099217451275 0.002288419850355515
Estimated difference between T3^fnT3 - (T2^WT3 + h.c.) is: 0.0011442099286103876 1.3092163607305883e-06
total cost: -2.825863326413945
singles alt: [(6, 0), (7, 1), (8, 0), (9, 1), (10, 0), (11, 1), (6, 2), (7, 3), (8, 2), (9, 3), (10, 2), (11, 3), (6, 4), (7, 5), (8, 4), (9, 5), (10, 4), (11, 5)]
length: 18 99
2*[T] vs T3fnT3: -0.0011442099246685821 0.0022884198562024244
Estimated difference between T3^fnT3 - (T2^WT3 + h.c.) is: 0.0011442099315338422 1.3092163674206798e-06
total cost: -2.825863326417421
singles alt: [(6, 0), (7, 1), (8, 0), (9, 1), (10, 0), (11, 1), (6, 2), (7, 3), (8, 2), (9, 3), (10, 2), (11, 3), (6, 4), (7, 5), (8, 4), (9, 5), (10, 4), (11, 5)]
length: 18 99
2*[T] vs T3fnT3: -0.0011442099217451325 0.002288419850355525
Estimated difference between T3^fnT3 - (T2^WT3 + h.c.) is: 0.0011442099286103926 1.3092163607305995e-06
total cost: -2.825863326413944
singles alt: [(6, 0), (7, 1), (8, 0), (9, 1), (10, 0), (11, 1), (6, 2), (7, 3), (8, 2), (9, 3), (10, 2), (11, 3), (6, 4), (7, 5), (8, 4), (9, 5), (10, 4), (11, 5)]
length: 18 99
2*[T] vs T3fnT3: -0.0011442099280095535 0.002288419862884367
Estimated difference between T3^fnT3 - (T2^WT3 + h.c.) is: 0.0011442099348748136 1.3092163750662252e-06
total cost: -2.8258633264176067
singles alt: [(6, 0), (7, 1), (8, 0), (9, 1), (10, 0), (11, 1), (6, 2), (7, 3), (8, 2), (9, 3), (10, 2), (11, 3), (6, 4), (7, 5), (8, 4), (9, 5), (10, 4), (11, 5)]
length: 18 99
2*[T] vs T3fnT3: -0.0011442099217451333 0.0022884198503555267
Estimated difference between T3^fnT3 - (T2^WT3 + h.c.) is: 0.0011442099286103934 1.3092163607306016e-06
total cost: -2.825863326413943
singles alt: [(6, 0), (7, 1), (8, 0), (9, 1), (10, 0), (11, 1), (6, 2), (7, 3), (8, 2), (9, 3), (10, 2), (11, 3), (6, 4), (7, 5), (8, 4), (9, 5), (10, 4), (11, 5)]
length: 18 99
2*[T] vs T3fnT3: -0.0011442099182963263 0.0022884198434579128
Estimated difference between T3^fnT3 - (T2^WT3 + h.c.) is: 0.0011442099251615864 1.3092163528382832e-06
total cost: -2.825863326417343
singles alt: [(6, 0), (7, 1), (8, 0), (9, 1), (10, 0), (11, 1), (6, 2), (7, 3), (8, 2), (9, 3), (10, 2), (11, 3), (6, 4), (7, 5), (8, 4), (9, 5), (10, 4), (11, 5)]
length: 18 99
2*[T] vs T3fnT3: -0.0011442099217451327 0.002288419850355525
Estimated difference between T3^fnT3 - (T2^WT3 + h.c.) is: 0.0011442099286103923 1.3092163607305991e-06
total cost: -2.8258633264139448
singles alt: [(6, 0), (7, 1), (8, 0), (9, 1), (10, 0), (11, 1), (6, 2), (7, 3), (8, 2), (9, 3), (10, 2), (11, 3), (6, 4), (7, 5), (8, 4), (9, 5), (10, 4), (11, 5)]
length: 18 99
2*[T] vs T3fnT3: -0.001144209920189156 0.002288419847243573
Estimated difference between T3^fnT3 - (T2^WT3 + h.c.) is: 0.001144209927054417 1.3092163571698742e-06
total cost: -2.825863326413586
singles alt: [(6, 0), (7, 1), (8, 0), (9, 1), (10, 0), (11, 1), (6, 2), (7, 3), (8, 2), (9, 3), (10, 2), (11, 3), (6, 4), (7, 5), (8, 4), (9, 5), (10, 4), (11, 5)]
length: 18 99
2*[T] vs T3fnT3: -0.0011442099217451331 0.0022884198503555267
Estimated difference between T3^fnT3 - (T2^WT3 + h.c.) is: 0.0011442099286103936 1.309216360730602e-06
total cost: -2.825863326413942
singles alt: [(6, 0), (7, 1), (8, 0), (9, 1), (10, 0), (11, 1), (6, 2), (7, 3), (8, 2), (9, 3), (10, 2), (11, 3), (6, 4), (7, 5), (8, 4), (9, 5), (10, 4), (11, 5)]
length: 18 99
2*[T] vs T3fnT3: -0.0011442099230299311 0.0022884198529251228
Estimated difference between T3^fnT3 - (T2^WT3 + h.c.) is: 0.0011442099298951916 1.3092163636707593e-06
total cost: -2.8258633264163926
singles alt: [(6, 0), (7, 1), (8, 0), (9, 1), (10, 0), (11, 1), (6, 2), (7, 3), (8, 2), (9, 3), (10, 2), (11, 3), (6, 4), (7, 5), (8, 4), (9, 5), (10, 4), (11, 5)]
length: 18 99
2*[T] vs T3fnT3: -0.0011442099217451325 0.002288419850355525
Estimated difference between T3^fnT3 - (T2^WT3 + h.c.) is: 0.0011442099286103926 1.3092163607305995e-06
total cost: -2.8258633264139448
singles alt: [(6, 0), (7, 1), (8, 0), (9, 1), (10, 0), (11, 1), (6, 2), (7, 3), (8, 2), (9, 3), (10, 2), (11, 3), (6, 4), (7, 5), (8, 4), (9, 5), (10, 4), (11, 5)]
length: 18 99
2*[T] vs T3fnT3: -0.0011442099275591564 0.002288419861983572
Estimated difference between T3^fnT3 - (T2^WT3 + h.c.) is: 0.0011442099344244156 1.3092163740355256e-06
total cost: -2.8258633264175272
singles alt: [(6, 0), (7, 1), (8, 0), (9, 1), (10, 0), (11, 1), (6, 2), (7, 3), (8, 2), (9, 3), (10, 2), (11, 3), (6, 4), (7, 5), (8, 4), (9, 5), (10, 4), (11, 5)]
length: 18 99
2*[T] vs T3fnT3: -0.001144209921745132 0.002288419850355524
Estimated difference between T3^fnT3 - (T2^WT3 + h.c.) is: 0.0011442099286103921 1.3092163607305987e-06
total cost: -2.8258633264139448
singles alt: [(6, 0), (7, 1), (8, 0), (9, 1), (10, 0), (11, 1), (6, 2), (7, 3), (8, 2), (9, 3), (10, 2), (11, 3), (6, 4), (7, 5), (8, 4), (9, 5), (10, 4), (11, 5)]
length: 18 99
2*[T] vs T3fnT3: -0.001144209921849436 0.002288419850564133
Estimated difference between T3^fnT3 - (T2^WT3 + h.c.) is: 0.001144209928714697 1.3092163609692917e-06
total cost: -2.8258633264174344
singles alt: [(6, 0), (7, 1), (8, 0), (9, 1), (10, 0), (11, 1), (6, 2), (7, 3), (8, 2), (9, 3), (10, 2), (11, 3), (6, 4), (7, 5), (8, 4), (9, 5), (10, 4), (11, 5)]
length: 18 99
2*[T] vs T3fnT3: -0.001144209921745129 0.0022884198503555185
Estimated difference between T3^fnT3 - (T2^WT3 + h.c.) is: 0.0011442099286103895 1.3092163607305928e-06
total cost: -2.8258633264139448
singles alt: [(6, 0), (7, 1), (8, 0), (9, 1), (10, 0), (11, 1), (6, 2), (7, 3), (8, 2), (9, 3), (10, 2), (11, 3), (6, 4), (7, 5), (8, 4), (9, 5), (10, 4), (11, 5)]
length: 18 99
2*[T] vs T3fnT3: -0.0011442099325951938 0.0022884198720556476
Estimated difference between T3^fnT3 - (T2^WT3 + h.c.) is: 0.0011442099394604539 1.3092163855600954e-06
total cost: -2.8258633264119437
singles alt: [(6, 0), (7, 1), (8, 0), (9, 1), (10, 0), (11, 1), (6, 2), (7, 3), (8, 2), (9, 3), (10, 2), (11, 3), (6, 4), (7, 5), (8, 4), (9, 5), (10, 4), (11, 5)]
length: 18 99
2*[T] vs T3fnT3: -0.0011442099217451273 0.002288419850355515
Estimated difference between T3^fnT3 - (T2^WT3 + h.c.) is: 0.0011442099286103878 1.3092163607305887e-06
total cost: -2.8258633264139448
singles alt: [(6, 0), (7, 1), (8, 0), (9, 1), (10, 0), (11, 1), (6, 2), (7, 3), (8, 2), (9, 3), (10, 2), (11, 3), (6, 4), (7, 5), (8, 4), (9, 5), (10, 4), (11, 5)]
length: 18 99
2*[T] vs T3fnT3: -0.0011442099202595975 0.002288419847384456
Estimated difference between T3^fnT3 - (T2^WT3 + h.c.) is: 0.0011442099271248584 1.3092163573310739e-06
total cost: -2.825863326411215
singles alt: [(6, 0), (7, 1), (8, 0), (9, 1), (10, 0), (11, 1), (6, 2), (7, 3), (8, 2), (9, 3), (10, 2), (11, 3), (6, 4), (7, 5), (8, 4), (9, 5), (10, 4), (11, 5)]
length: 18 99
2*[T] vs T3fnT3: -0.0011442099217451316 0.002288419850355522
Estimated difference between T3^fnT3 - (T2^WT3 + h.c.) is: 0.0011442099286103904 1.3092163607305947e-06
total cost: -2.825863326413944
singles alt: [(6, 0), (7, 1), (8, 0), (9, 1), (10, 0), (11, 1), (6, 2), (7, 3), (8, 2), (9, 3), (10, 2), (11, 3), (6, 4), (7, 5), (8, 4), (9, 5), (10, 4), (11, 5)]
length: 18 99
2*[T] vs T3fnT3: -0.0011442099278658128 0.002288419862596886
Estimated difference between T3^fnT3 - (T2^WT3 + h.c.) is: 0.0011442099347310733 1.3092163747372871e-06
total cost: -2.825863326417312
singles alt: [(6, 0), (7, 1), (8, 0), (9, 1), (10, 0), (11, 1), (6, 2), (7, 3), (8, 2), (9, 3), (10, 2), (11, 3), (6, 4), (7, 5), (8, 4), (9, 5), (10, 4), (11, 5)]
length: 18 99
2*[T] vs T3fnT3: -0.0011442099217451286 0.0022884198503555163
Estimated difference between T3^fnT3 - (T2^WT3 + h.c.) is: 0.0011442099286103878 1.3092163607305887e-06
total cost: -2.825863326413944
singles alt: [(6, 0), (7, 1), (8, 0), (9, 1), (10, 0), (11, 1), (6, 2), (7, 3), (8, 2), (9, 3), (10, 2), (11, 3), (6, 4), (7, 5), (8, 4), (9, 5), (10, 4), (11, 5)]
length: 18 99
2*[T] vs T3fnT3: -0.0011442099246100146 0.002288419856085289
Estimated difference between T3^fnT3 - (T2^WT3 + h.c.) is: 0.0011442099314752743 1.309216367286652e-06
total cost: -2.8258633264161026
singles alt: [(6, 0), (7, 1), (8, 0), (9, 1), (10, 0), (11, 1), (6, 2), (7, 3), (8, 2), (9, 3), (10, 2), (11, 3), (6, 4), (7, 5), (8, 4), (9, 5), (10, 4), (11, 5)]
length: 18 99
2*[T] vs T3fnT3: -0.0011442099217451286 0.002288419850355517
Estimated difference between T3^fnT3 - (T2^WT3 + h.c.) is: 0.0011442099286103887 1.3092163607305906e-06
total cost: -2.825863326413943
singles alt: [(6, 0), (7, 1), (8, 0), (9, 1), (10, 0), (11, 1), (6, 2), (7, 3), (8, 2), (9, 3), (10, 2), (11, 3), (6, 4), (7, 5), (8, 4), (9, 5), (10, 4), (11, 5)]
length: 18 99
2*[T] vs T3fnT3: -0.0011442099200833352 0.00228841984703193
Estimated difference between T3^fnT3 - (T2^WT3 + h.c.) is: 0.001144209926948595 1.309216356927709e-06
total cost: -2.8258633264124904
singles alt: [(6, 0), (7, 1), (8, 0), (9, 1), (10, 0), (11, 1), (6, 2), (7, 3), (8, 2), (9, 3), (10, 2), (11, 3), (6, 4), (7, 5), (8, 4), (9, 5), (10, 4), (11, 5)]
length: 18 99
2*[T] vs T3fnT3: -0.0011442099217451307 0.002288419850355521
Estimated difference between T3^fnT3 - (T2^WT3 + h.c.) is: 0.0011442099286103904 1.3092163607305947e-06
total cost: -2.825863326413944
singles alt: [(6, 0), (7, 1), (8, 0), (9, 1), (10, 0), (11, 1), (6, 2), (7, 3), (8, 2), (9, 3), (10, 2), (11, 3), (6, 4), (7, 5), (8, 4), (9, 5), (10, 4), (11, 5)]
length: 18 99
2*[T] vs T3fnT3: -0.0011442099182216263 0.002288419843308513
Estimated difference between T3^fnT3 - (T2^WT3 + h.c.) is: 0.0011442099250868868 1.3092163526673393e-06
total cost: -2.825863326417319
singles alt: [(6, 0), (7, 1), (8, 0), (9, 1), (10, 0), (11, 1), (6, 2), (7, 3), (8, 2), (9, 3), (10, 2), (11, 3), (6, 4), (7, 5), (8, 4), (9, 5), (10, 4), (11, 5)]
length: 18 99
2*[T] vs T3fnT3: -0.0011442099217451292 0.002288419850355519
Estimated difference between T3^fnT3 - (T2^WT3 + h.c.) is: 0.0011442099286103897 1.3092163607305932e-06
total cost: -2.825863326413942
singles alt: [(6, 0), (7, 1), (8, 0), (9, 1), (10, 0), (11, 1), (6, 2), (7, 3), (8, 2), (9, 3), (10, 2), (11, 3), (6, 4), (7, 5), (8, 4), (9, 5), (10, 4), (11, 5)]
length: 18 99
2*[T] vs T3fnT3: -0.00114420992920383 0.002288419865272921
Estimated difference between T3^fnT3 - (T2^WT3 + h.c.) is: 0.001144209936069091 1.309216377799233e-06
total cost: -2.8258633264157313
singles alt: [(6, 0), (7, 1), (8, 0), (9, 1), (10, 0), (11, 1), (6, 2), (7, 3), (8, 2), (9, 3), (10, 2), (11, 3), (6, 4), (7, 5), (8, 4), (9, 5), (10, 4), (11, 5)]
length: 18 99
2*[T] vs T3fnT3: -0.001144209921745129 0.0022884198503555185
Estimated difference between T3^fnT3 - (T2^WT3 + h.c.) is: 0.0011442099286103895 1.3092163607305928e-06
total cost: -2.825863326413945
singles alt: [(6, 0), (7, 1), (8, 0), (9, 1), (10, 0), (11, 1), (6, 2), (7, 3), (8, 2), (9, 3), (10, 2), (11, 3), (6, 4), (7, 5), (8, 4), (9, 5), (10, 4), (11, 5)]
length: 18 99
2*[T] vs T3fnT3: -0.0011442099202603152 0.0022884198473858914
Estimated difference between T3^fnT3 - (T2^WT3 + h.c.) is: 0.0011442099271255762 1.3092163573327163e-06
total cost: -2.825863326410388
singles alt: [(6, 0), (7, 1), (8, 0), (9, 1), (10, 0), (11, 1), (6, 2), (7, 3), (8, 2), (9, 3), (10, 2), (11, 3), (6, 4), (7, 5), (8, 4), (9, 5), (10, 4), (11, 5)]
length: 18 99
2*[T] vs T3fnT3: -0.001144209921745134 0.0022884198503555276
Estimated difference between T3^fnT3 - (T2^WT3 + h.c.) is: 0.0011442099286103936 1.309216360730602e-06
total cost: -2.8258633264139443
singles alt: [(6, 0), (7, 1), (8, 0), (9, 1), (10, 0), (11, 1), (6, 2), (7, 3), (8, 2), (9, 3), (10, 2), (11, 3), (6, 4), (7, 5), (8, 4), (9, 5), (10, 4), (11, 5)]
length: 18 99
2*[T] vs T3fnT3: -0.001144209935255622 0.002288419877376505
Estimated difference between T3^fnT3 - (T2^WT3 + h.c.) is: 0.001144209942120883 1.3092163916482745e-06
total cost: -2.82586332641571
singles alt: [(6, 0), (7, 1), (8, 0), (9, 1), (10, 0), (11, 1), (6, 2), (7, 3), (8, 2), (9, 3), (10, 2), (11, 3), (6, 4), (7, 5), (8, 4), (9, 5), (10, 4), (11, 5)]
length: 18 99
2*[T] vs T3fnT3: -0.0011442099217451296 0.0022884198503555194
Estimated difference between T3^fnT3 - (T2^WT3 + h.c.) is: 0.0011442099286103897 1.3092163607305932e-06
total cost: -2.8258633264139426
singles alt: [(6, 0), (7, 1), (8, 0), (9, 1), (10, 0), (11, 1), (6, 2), (7, 3), (8, 2), (9, 3), (10, 2), (11, 3), (6, 4), (7, 5), (8, 4), (9, 5), (10, 4), (11, 5)]
length: 18 99
2*[T] vs T3fnT3: -0.0011442099203566405 0.002288419847578541
Estimated difference between T3^fnT3 - (T2^WT3 + h.c.) is: 0.0011442099272219006 1.309216357553147e-06
total cost: -2.825863326411731
singles alt: [(6, 0), (7, 1), (8, 0), (9, 1), (10, 0), (11, 1), (6, 2), (7, 3), (8, 2), (9, 3), (10, 2), (11, 3), (6, 4), (7, 5), (8, 4), (9, 5), (10, 4), (11, 5)]
length: 18 99
2*[T] vs T3fnT3: -0.0011442099217451327 0.002288419850355526
Estimated difference between T3^fnT3 - (T2^WT3 + h.c.) is: 0.0011442099286103932 1.309216360730601e-06
total cost: -2.825863326413943
singles alt: [(6, 0), (7, 1), (8, 0), (9, 1), (10, 0), (11, 1), (6, 2), (7, 3), (8, 2), (9, 3), (10, 2), (11, 3), (6, 4), (7, 5), (8, 4), (9, 5), (10, 4), (11, 5)]
length: 18 99
2*[T] vs T3fnT3: -0.0011442099253293455 0.002288419857523951
Estimated difference between T3^fnT3 - (T2^WT3 + h.c.) is: 0.0011442099321946056 1.3092163689327838e-06
total cost: -2.8258633264133737
singles alt: [(6, 0), (7, 1), (8, 0), (9, 1), (10, 0), (11, 1), (6, 2), (7, 3), (8, 2), (9, 3), (10, 2), (11, 3), (6, 4), (7, 5), (8, 4), (9, 5), (10, 4), (11, 5)]
length: 18 99
2*[T] vs T3fnT3: -0.0011442099210188137 0.0022884198489028862
Estimated difference between T3^fnT3 - (T2^WT3 + h.c.) is: 0.0011442099278840725 1.3092163590684744e-06
total cost: -2.8258633264102233
singles alt: [(6, 0), (7, 1), (8, 0), (9, 1), (10, 0), (11, 1), (6, 2), (7, 3), (8, 2), (9, 3), (10, 2), (11, 3), (6, 4), (7, 5), (8, 4), (9, 5), (10, 4), (11, 5)]
length: 18 99
2*[T] vs T3fnT3: -0.0011442099208115416 0.0022884198484883437
Estimated difference between T3^fnT3 - (T2^WT3 + h.c.) is: 0.0011442099276768021 1.3092163585941527e-06
total cost: -2.8258633264103503
singles alt: [(6, 0), (7, 1), (8, 0), (9, 1), (10, 0), (11, 1), (6, 2), (7, 3), (8, 2), (9, 3), (10, 2), (11, 3), (6, 4), (7, 5), (8, 4), (9, 5), (10, 4), (11, 5)]
length: 18 99
2*[T] vs T3fnT3: -0.0011442099217451292 0.0022884198503555194
Estimated difference between T3^fnT3 - (T2^WT3 + h.c.) is: 0.0011442099286103902 1.3092163607305942e-06
total cost: -2.8258633264139448
singles alt: [(6, 0), (7, 1), (8, 0), (9, 1), (10, 0), (11, 1), (6, 2), (7, 3), (8, 2), (9, 3), (10, 2), (11, 3), (6, 4), (7, 5), (8, 4), (9, 5), (10, 4), (11, 5)]
length: 18 99
2*[T] vs T3fnT3: -0.0011442099217451327 0.0022884198503555254
Estimated difference between T3^fnT3 - (T2^WT3 + h.c.) is: 0.0011442099286103928 1.3092163607306002e-06
total cost: -2.8258633264139426
singles alt: [(6, 0), (7, 1), (8, 0), (9, 1), (10, 0), (11, 1), (6, 2), (7, 3), (8, 2), (9, 3), (10, 2), (11, 3), (6, 4), (7, 5), (8, 4), (9, 5), (10, 4), (11, 5)]
length: 18 99
2*[T] vs T3fnT3: -0.001144209918709127 0.0022884198442835136
Estimated difference between T3^fnT3 - (T2^WT3 + h.c.) is: 0.0011442099255743866 1.3092163537829435e-06
total cost: -2.8258633264181934
singles alt: [(6, 0), (7, 1), (8, 0), (9, 1), (10, 0), (11, 1), (6, 2), (7, 3), (8, 2), (9, 3), (10, 2), (11, 3), (6, 4), (7, 5), (8, 4), (9, 5), (10, 4), (11, 5)]
length: 18 99
2*[T] vs T3fnT3: -0.0011442099186108252 0.0022884198440869113
Estimated difference between T3^fnT3 - (T2^WT3 + h.c.) is: 0.0011442099254760862 1.3092163535579906e-06
total cost: -2.8258633264184807
singles alt: [(6, 0), (7, 1), (8, 0), (9, 1), (10, 0), (11, 1), (6, 2), (7, 3), (8, 2), (9, 3), (10, 2), (11, 3), (6, 4), (7, 5), (8, 4), (9, 5), (10, 4), (11, 5)]
length: 18 99
2*[T] vs T3fnT3: -0.00114420992174513 0.0022884198503555207
Estimated difference between T3^fnT3 - (T2^WT3 + h.c.) is: 0.0011442099286103906 1.309216360730595e-06
total cost: -2.825863326413943
singles alt: [(6, 0), (7, 1), (8, 0), (9, 1), (10, 0), (11, 1), (6, 2), (7, 3), (8, 2), (9, 3), (10, 2), (11, 3), (6, 4), (7, 5), (8, 4), (9, 5), (10, 4), (11, 5)]
length: 18 99
2*[T] vs T3fnT3: -0.001144209921745129 0.002288419850355518
Estimated difference between T3^fnT3 - (T2^WT3 + h.c.) is: 0.001144209928610389 1.3092163607305917e-06
total cost: -2.8258633264139448
singles alt: [(6, 0), (7, 1), (8, 0), (9, 1), (10, 0), (11, 1), (6, 2), (7, 3), (8, 2), (9, 3), (10, 2), (11, 3), (6, 4), (7, 5), (8, 4), (9, 5), (10, 4), (11, 5)]
length: 18 99
2*[T] vs T3fnT3: -0.001144209926768983 0.002288419860403225
Estimated difference between T3^fnT3 - (T2^WT3 + h.c.) is: 0.0011442099336342422 1.309216372227277e-06
total cost: -2.8258633264217146
singles alt: [(6, 0), (7, 1), (8, 0), (9, 1), (10, 0), (11, 1), (6, 2), (7, 3), (8, 2), (9, 3), (10, 2), (11, 3), (6, 4), (7, 5), (8, 4), (9, 5), (10, 4), (11, 5)]
length: 18 99
2*[T] vs T3fnT3: -0.0011442099266950223 0.002288419860255306
Estimated difference between T3^fnT3 - (T2^WT3 + h.c.) is: 0.0011442099335602837 1.309216372058029e-06
total cost: -2.8258633264216395
singles alt: [(6, 0), (7, 1), (8, 0), (9, 1), (10, 0), (11, 1), (6, 2), (7, 3), (8, 2), (9, 3), (10, 2), (11, 3), (6, 4), (7, 5), (8, 4), (9, 5), (10, 4), (11, 5)]
length: 18 99
2*[T] vs T3fnT3: -0.0011442099217451316 0.0022884198503555237
Estimated difference between T3^fnT3 - (T2^WT3 + h.c.) is: 0.0011442099286103921 1.3092163607305987e-06
total cost: -2.8258633264139443
singles alt: [(6, 0), (7, 1), (8, 0), (9, 1), (10, 0), (11, 1), (6, 2), (7, 3), (8, 2), (9, 3), (10, 2), (11, 3), (6, 4), (7, 5), (8, 4), (9, 5), (10, 4), (11, 5)]
length: 18 99
2*[T] vs T3fnT3: -0.001144209921745134 0.002288419850355527
Estimated difference between T3^fnT3 - (T2^WT3 + h.c.) is: 0.0011442099286103932 1.309216360730601e-06
total cost: -2.825863326413943
singles alt: [(6, 0), (7, 1), (8, 0), (9, 1), (10, 0), (11, 1), (6, 2), (7, 3), (8, 2), (9, 3), (10, 2), (11, 3), (6, 4), (7, 5), (8, 4), (9, 5), (10, 4), (11, 5)]
length: 18 99
2*[T] vs T3fnT3: -0.0011442099243587434 0.002288419855582747
Estimated difference between T3^fnT3 - (T2^WT3 + h.c.) is: 0.0011442099312240035 1.3092163667116387e-06
total cost: -2.8258633264185566
singles alt: [(6, 0), (7, 1), (8, 0), (9, 1), (10, 0), (11, 1), (6, 2), (7, 3), (8, 2), (9, 3), (10, 2), (11, 3), (6, 4), (7, 5), (8, 4), (9, 5), (10, 4), (11, 5)]
length: 18 99
2*[T] vs T3fnT3: -0.0011442099241358399 0.002288419855136941
Estimated difference between T3^fnT3 - (T2^WT3 + h.c.) is: 0.0011442099310011013 1.3092163662015449e-06
total cost: -2.8258633264185153
singles alt: [(6, 0), (7, 1), (8, 0), (9, 1), (10, 0), (11, 1), (6, 2), (7, 3), (8, 2), (9, 3), (10, 2), (11, 3), (6, 4), (7, 5), (8, 4), (9, 5), (10, 4), (11, 5)]
length: 18 99
2*[T] vs T3fnT3: -0.0011442099217451303 0.0022884198503555207
Estimated difference between T3^fnT3 - (T2^WT3 + h.c.) is: 0.0011442099286103904 1.3092163607305947e-06
total cost: -2.825863326413944
singles alt: [(6, 0), (7, 1), (8, 0), (9, 1), (10, 0), (11, 1), (6, 2), (7, 3), (8, 2), (9, 3), (10, 2), (11, 3), (6, 4), (7, 5), (8, 4), (9, 5), (10, 4), (11, 5)]
length: 18 99
2*[T] vs T3fnT3: -0.0011442099217451292 0.0022884198503555194
Estimated difference between T3^fnT3 - (T2^WT3 + h.c.) is: 0.0011442099286103902 1.3092163607305942e-06
total cost: -2.825863326413944
singles alt: [(6, 0), (7, 1), (8, 0), (9, 1), (10, 0), (11, 1), (6, 2), (7, 3), (8, 2), (9, 3), (10, 2), (11, 3), (6, 4), (7, 5), (8, 4), (9, 5), (10, 4), (11, 5)]
length: 18 99
2*[T] vs T3fnT3: -0.0011442099236471696 0.002288419854159599
Estimated difference between T3^fnT3 - (T2^WT3 + h.c.) is: 0.0011442099305124292 1.3092163650832581e-06
total cost: -2.825863326409162
singles alt: [(6, 0), (7, 1), (8, 0), (9, 1), (10, 0), (11, 1), (6, 2), (7, 3), (8, 2), (9, 3), (10, 2), (11, 3), (6, 4), (7, 5), (8, 4), (9, 5), (10, 4), (11, 5)]
length: 18 99
2*[T] vs T3fnT3: -0.001144209923621958 0.002288419854109177
Estimated difference between T3^fnT3 - (T2^WT3 + h.c.) is: 0.001144209930487219 1.3092163650255665e-06
total cost: -2.8258633264088386
singles alt: [(6, 0), (7, 1), (8, 0), (9, 1), (10, 0), (11, 1), (6, 2), (7, 3), (8, 2), (9, 3), (10, 2), (11, 3), (6, 4), (7, 5), (8, 4), (9, 5), (10, 4), (11, 5)]
length: 18 99
2*[T] vs T3fnT3: -0.0011442099217451312 0.002288419850355523
Estimated difference between T3^fnT3 - (T2^WT3 + h.c.) is: 0.0011442099286103917 1.3092163607305976e-06
total cost: -2.825863326413944
singles alt: [(6, 0), (7, 1), (8, 0), (9, 1), (10, 0), (11, 1), (6, 2), (7, 3), (8, 2), (9, 3), (10, 2), (11, 3), (6, 4), (7, 5), (8, 4), (9, 5), (10, 4), (11, 5)]
length: 18 99
2*[T] vs T3fnT3: -0.0011442099217451312 0.002288419850355523
Estimated difference between T3^fnT3 - (T2^WT3 + h.c.) is: 0.0011442099286103917 1.3092163607305976e-06
total cost: -2.825863326413944
singles alt: [(6, 0), (7, 1), (8, 0), (9, 1), (10, 0), (11, 1), (6, 2), (7, 3), (8, 2), (9, 3), (10, 2), (11, 3), (6, 4), (7, 5), (8, 4), (9, 5), (10, 4), (11, 5)]
length: 18 99
2*[T] vs T3fnT3: -0.0011442099217451312 0.002288419850355523
Estimated difference between T3^fnT3 - (T2^WT3 + h.c.) is: 0.0011442099286103917 1.3092163607305976e-06
total cost: -2.825863326415164
singles alt: [(6, 0), (7, 1), (8, 0), (9, 1), (10, 0), (11, 1), (6, 2), (7, 3), (8, 2), (9, 3), (10, 2), (11, 3), (6, 4), (7, 5), (8, 4), (9, 5), (10, 4), (11, 5)]
length: 18 99
2*[T] vs T3fnT3: -0.0011442099217451312 0.002288419850355523
Estimated difference between T3^fnT3 - (T2^WT3 + h.c.) is: 0.0011442099286103917 1.3092163607305976e-06
total cost: -2.82586332641511
singles alt: [(6, 0), (7, 1), (8, 0), (9, 1), (10, 0), (11, 1), (6, 2), (7, 3), (8, 2), (9, 3), (10, 2), (11, 3), (6, 4), (7, 5), (8, 4), (9, 5), (10, 4), (11, 5)]
length: 18 99
2*[T] vs T3fnT3: -0.0011442099217451312 0.002288419850355523
Estimated difference between T3^fnT3 - (T2^WT3 + h.c.) is: 0.0011442099286103917 1.3092163607305976e-06
total cost: -2.8258633264139466
singles alt: [(6, 0), (7, 1), (8, 0), (9, 1), (10, 0), (11, 1), (6, 2), (7, 3), (8, 2), (9, 3), (10, 2), (11, 3), (6, 4), (7, 5), (8, 4), (9, 5), (10, 4), (11, 5)]
length: 18 99
2*[T] vs T3fnT3: -0.0011442099217451312 0.002288419850355523
Estimated difference between T3^fnT3 - (T2^WT3 + h.c.) is: 0.0011442099286103917 1.3092163607305976e-06
total cost: -2.8258633264139448
singles alt: [(6, 0), (7, 1), (8, 0), (9, 1), (10, 0), (11, 1), (6, 2), (7, 3), (8, 2), (9, 3), (10, 2), (11, 3), (6, 4), (7, 5), (8, 4), (9, 5), (10, 4), (11, 5)]
length: 18 99
2*[T] vs T3fnT3: -0.0011442099217451312 0.002288419850355523
Estimated difference between T3^fnT3 - (T2^WT3 + h.c.) is: 0.0011442099286103917 1.3092163607305976e-06
total cost: -2.8258633264130877
singles alt: [(6, 0), (7, 1), (8, 0), (9, 1), (10, 0), (11, 1), (6, 2), (7, 3), (8, 2), (9, 3), (10, 2), (11, 3), (6, 4), (7, 5), (8, 4), (9, 5), (10, 4), (11, 5)]
length: 18 99
2*[T] vs T3fnT3: -0.0011442099217451312 0.002288419850355523
Estimated difference between T3^fnT3 - (T2^WT3 + h.c.) is: 0.0011442099286103917 1.3092163607305976e-06
total cost: -2.825863326413315
singles alt: [(6, 0), (7, 1), (8, 0), (9, 1), (10, 0), (11, 1), (6, 2), (7, 3), (8, 2), (9, 3), (10, 2), (11, 3), (6, 4), (7, 5), (8, 4), (9, 5), (10, 4), (11, 5)]
length: 18 99
2*[T] vs T3fnT3: -0.0011442099217451312 0.002288419850355523
Estimated difference between T3^fnT3 - (T2^WT3 + h.c.) is: 0.0011442099286103917 1.3092163607305976e-06
total cost: -2.8258633264139448
singles alt: [(6, 0), (7, 1), (8, 0), (9, 1), (10, 0), (11, 1), (6, 2), (7, 3), (8, 2), (9, 3), (10, 2), (11, 3), (6, 4), (7, 5), (8, 4), (9, 5), (10, 4), (11, 5)]
length: 18 99
2*[T] vs T3fnT3: -0.0011442099217451312 0.002288419850355523
Estimated difference between T3^fnT3 - (T2^WT3 + h.c.) is: 0.0011442099286103917 1.3092163607305976e-06
total cost: -2.8258633264139457
singles alt: [(6, 0), (7, 1), (8, 0), (9, 1), (10, 0), (11, 1), (6, 2), (7, 3), (8, 2), (9, 3), (10, 2), (11, 3), (6, 4), (7, 5), (8, 4), (9, 5), (10, 4), (11, 5)]
length: 18 99
2*[T] vs T3fnT3: -0.0011442099217451312 0.002288419850355523
Estimated difference between T3^fnT3 - (T2^WT3 + h.c.) is: 0.0011442099286103917 1.3092163607305976e-06
total cost: -2.825863326411682
singles alt: [(6, 0), (7, 1), (8, 0), (9, 1), (10, 0), (11, 1), (6, 2), (7, 3), (8, 2), (9, 3), (10, 2), (11, 3), (6, 4), (7, 5), (8, 4), (9, 5), (10, 4), (11, 5)]
length: 18 99
2*[T] vs T3fnT3: -0.0011442099217451312 0.002288419850355523
Estimated difference between T3^fnT3 - (T2^WT3 + h.c.) is: 0.0011442099286103917 1.3092163607305976e-06
total cost: -2.8258633264113713
singles alt: [(6, 0), (7, 1), (8, 0), (9, 1), (10, 0), (11, 1), (6, 2), (7, 3), (8, 2), (9, 3), (10, 2), (11, 3), (6, 4), (7, 5), (8, 4), (9, 5), (10, 4), (11, 5)]
length: 18 99
2*[T] vs T3fnT3: -0.0011442099217451312 0.002288419850355523
Estimated difference between T3^fnT3 - (T2^WT3 + h.c.) is: 0.0011442099286103917 1.3092163607305976e-06
total cost: -2.8258633264139457
singles alt: [(6, 0), (7, 1), (8, 0), (9, 1), (10, 0), (11, 1), (6, 2), (7, 3), (8, 2), (9, 3), (10, 2), (11, 3), (6, 4), (7, 5), (8, 4), (9, 5), (10, 4), (11, 5)]
length: 18 99
2*[T] vs T3fnT3: -0.0011442099217451312 0.002288419850355523
Estimated difference between T3^fnT3 - (T2^WT3 + h.c.) is: 0.0011442099286103917 1.3092163607305976e-06
total cost: -2.8258633264139466
singles alt: [(6, 0), (7, 1), (8, 0), (9, 1), (10, 0), (11, 1), (6, 2), (7, 3), (8, 2), (9, 3), (10, 2), (11, 3), (6, 4), (7, 5), (8, 4), (9, 5), (10, 4), (11, 5)]
length: 18 99
2*[T] vs T3fnT3: -0.0011442099217451312 0.002288419850355523
Estimated difference between T3^fnT3 - (T2^WT3 + h.c.) is: 0.0011442099286103917 1.3092163607305976e-06
total cost: -2.8258633264164947
singles alt: [(6, 0), (7, 1), (8, 0), (9, 1), (10, 0), (11, 1), (6, 2), (7, 3), (8, 2), (9, 3), (10, 2), (11, 3), (6, 4), (7, 5), (8, 4), (9, 5), (10, 4), (11, 5)]
length: 18 99
2*[T] vs T3fnT3: -0.0011442099217451312 0.002288419850355523
Estimated difference between T3^fnT3 - (T2^WT3 + h.c.) is: 0.0011442099286103917 1.3092163607305976e-06
total cost: -2.825863326416747
singles alt: [(6, 0), (7, 1), (8, 0), (9, 1), (10, 0), (11, 1), (6, 2), (7, 3), (8, 2), (9, 3), (10, 2), (11, 3), (6, 4), (7, 5), (8, 4), (9, 5), (10, 4), (11, 5)]
length: 18 99
2*[T] vs T3fnT3: -0.0011442099217451312 0.002288419850355523
Estimated difference between T3^fnT3 - (T2^WT3 + h.c.) is: 0.0011442099286103917 1.3092163607305976e-06
total cost: -2.825863326413944
singles alt: [(6, 0), (7, 1), (8, 0), (9, 1), (10, 0), (11, 1), (6, 2), (7, 3), (8, 2), (9, 3), (10, 2), (11, 3), (6, 4), (7, 5), (8, 4), (9, 5), (10, 4), (11, 5)]
length: 18 99
2*[T] vs T3fnT3: -0.0011442099217451312 0.002288419850355523
Estimated difference between T3^fnT3 - (T2^WT3 + h.c.) is: 0.0011442099286103917 1.3092163607305976e-06
total cost: -2.8258633264139448
singles alt: [(6, 0), (7, 1), (8, 0), (9, 1), (10, 0), (11, 1), (6, 2), (7, 3), (8, 2), (9, 3), (10, 2), (11, 3), (6, 4), (7, 5), (8, 4), (9, 5), (10, 4), (11, 5)]
callback: energy=-2.827007536343
singles alt: [(6, 0), (7, 1), (8, 0), (9, 1), (10, 0), (11, 1), (6, 2), (7, 3), (8, 2), (9, 3), (10, 2), (11, 3), (6, 4), (7, 5), (8, 4), (9, 5), (10, 4), (11, 5)]
length: 18 99
2*[T] vs T3fnT3: -0.0011461446617343366 0.0022922893303455433
Estimated difference between T3^fnT3 - (T2^WT3 + h.c.) is: 0.0011461446686112067 1.313647601385893e-06
total cost: -2.825869619287993
singles alt: [(6, 0), (7, 1), (8, 0), (9, 1), (10, 0), (11, 1), (6, 2), (7, 3), (8, 2), (9, 3), (10, 2), (11, 3), (6, 4), (7, 5), (8, 4), (9, 5), (10, 4), (11, 5)]
length: 18 99
2*[T] vs T3fnT3: -0.0011461446643514412 0.0022922893355797522
Estimated difference between T3^fnT3 - (T2^WT3 + h.c.) is: 0.001146144671228311 1.3136476073850531e-06
total cost: -2.8258696192878796
singles alt: [(6, 0), (7, 1), (8, 0), (9, 1), (10, 0), (11, 1), (6, 2), (7, 3), (8, 2), (9, 3), (10, 2), (11, 3), (6, 4), (7, 5), (8, 4), (9, 5), (10, 4), (11, 5)]
length: 18 99
2*[T] vs T3fnT3: -0.0011461446617343411 0.0022922893303455533
Estimated difference between T3^fnT3 - (T2^WT3 + h.c.) is: 0.0011461446686112122 1.3136476013859055e-06
total cost: -2.825869619287984
singles alt: [(6, 0), (7, 1), (8, 0), (9, 1), (10, 0), (11, 1), (6, 2), (7, 3), (8, 2), (9, 3), (10, 2), (11, 3), (6, 4), (7, 5), (8, 4), (9, 5), (10, 4), (11, 5)]
length: 18 99
2*[T] vs T3fnT3: -0.001146144661031042 0.002292289328938955
Estimated difference between T3^fnT3 - (T2^WT3 + h.c.) is: 0.001146144667907913 1.3136475997737402e-06
total cost: -2.8258696192890276
singles alt: [(6, 0), (7, 1), (8, 0), (9, 1), (10, 0), (11, 1), (6, 2), (7, 3), (8, 2), (9, 3), (10, 2), (11, 3), (6, 4), (7, 5), (8, 4), (9, 5), (10, 4), (11, 5)]
length: 18 99
2*[T] vs T3fnT3: -0.001146144661734346 0.0022922893303455624
Estimated difference between T3^fnT3 - (T2^WT3 + h.c.) is: 0.0011461446686112165 1.3136476013859154e-06
total cost: -2.8258696192879826
singles alt: [(6, 0), (7, 1), (8, 0), (9, 1), (10, 0), (11, 1), (6, 2), (7, 3), (8, 2), (9, 3), (10, 2), (11, 3), (6, 4), (7, 5), (8, 4), (9, 5), (10, 4), (11, 5)]
length: 18 99
2*[T] vs T3fnT3: -0.0011461446665311716 0.0022922893399392134
Estimated difference between T3^fnT3 - (T2^WT3 + h.c.) is: 0.0011461446734080418 1.3136476123816268e-06
total cost: -2.825869619284061
singles alt: [(6, 0), (7, 1), (8, 0), (9, 1), (10, 0), (11, 1), (6, 2), (7, 3), (8, 2), (9, 3), (10, 2), (11, 3), (6, 4), (7, 5), (8, 4), (9, 5), (10, 4), (11, 5)]
length: 18 99
2*[T] vs T3fnT3: -0.001146144661734324 0.0022922893303455195
Estimated difference between T3^fnT3 - (T2^WT3 + h.c.) is: 0.0011461446686111955 1.3136476013858671e-06
total cost: -2.825869619287999
singles alt: [(6, 0), (7, 1), (8, 0), (9, 1), (10, 0), (11, 1), (6, 2), (7, 3), (8, 2), (9, 3), (10, 2), (11, 3), (6, 4), (7, 5), (8, 4), (9, 5), (10, 4), (11, 5)]
length: 18 99
2*[T] vs T3fnT3: -0.0011461446610554454 0.0022922893289877605
Estimated difference between T3^fnT3 - (T2^WT3 + h.c.) is: 0.0011461446679323151 1.3136475998296768e-06
total cost: -2.8258696192892474
singles alt: [(6, 0), (7, 1), (8, 0), (9, 1), (10, 0), (11, 1), (6, 2), (7, 3), (8, 2), (9, 3), (10, 2), (11, 3), (6, 4), (7, 5), (8, 4), (9, 5), (10, 4), (11, 5)]
length: 18 99
2*[T] vs T3fnT3: -0.001146144661734334 0.0022922893303455386
Estimated difference between T3^fnT3 - (T2^WT3 + h.c.) is: 0.0011461446686112046 1.3136476013858879e-06
total cost: -2.8258696192879973
singles alt: [(6, 0), (7, 1), (8, 0), (9, 1), (10, 0), (11, 1), (6, 2), (7, 3), (8, 2), (9, 3), (10, 2), (11, 3), (6, 4), (7, 5), (8, 4), (9, 5), (10, 4), (11, 5)]
length: 18 99
2*[T] vs T3fnT3: -0.0011461446681863704 0.0022922893432496096
Estimated difference between T3^fnT3 - (T2^WT3 + h.c.) is: 0.0011461446750632392 1.3136476161758181e-06
total cost: -2.8258696192875585
singles alt: [(6, 0), (7, 1), (8, 0), (9, 1), (10, 0), (11, 1), (6, 2), (7, 3), (8, 2), (9, 3), (10, 2), (11, 3), (6, 4), (7, 5), (8, 4), (9, 5), (10, 4), (11, 5)]
length: 18 99
2*[T] vs T3fnT3: -0.0011461446617343526 0.002292289330345576
Estimated difference between T3^fnT3 - (T2^WT3 + h.c.) is: 0.0011461446686112232 1.3136476013859307e-06
total cost: -2.825869619287981
singles alt: [(6, 0), (7, 1), (8, 0), (9, 1), (10, 0), (11, 1), (6, 2), (7, 3), (8, 2), (9, 3), (10, 2), (11, 3), (6, 4), (7, 5), (8, 4), (9, 5), (10, 4), (11, 5)]
length: 18 99
2*[T] vs T3fnT3: -0.0011461446566979733 0.0022922893202728177
Estimated difference between T3^fnT3 - (T2^WT3 + h.c.) is: 0.0011461446635748444 1.313647589841093e-06
total cost: -2.825869619294039
singles alt: [(6, 0), (7, 1), (8, 0), (9, 1), (10, 0), (11, 1), (6, 2), (7, 3), (8, 2), (9, 3), (10, 2), (11, 3), (6, 4), (7, 5), (8, 4), (9, 5), (10, 4), (11, 5)]
length: 18 99
2*[T] vs T3fnT3: -0.0011461446617343361 0.002292289330345544
Estimated difference between T3^fnT3 - (T2^WT3 + h.c.) is: 0.001146144668611208 1.313647601385896e-06
total cost: -2.8258696192879946
singles alt: [(6, 0), (7, 1), (8, 0), (9, 1), (10, 0), (11, 1), (6, 2), (7, 3), (8, 2), (9, 3), (10, 2), (11, 3), (6, 4), (7, 5), (8, 4), (9, 5), (10, 4), (11, 5)]
length: 18 99
2*[T] vs T3fnT3: -0.0011461446612894568 0.002292289329455785
Estimated difference between T3^fnT3 - (T2^WT3 + h.c.) is: 0.0011461446681663282 1.3136476003661028e-06
total cost: -2.8258696192922472
singles alt: [(6, 0), (7, 1), (8, 0), (9, 1), (10, 0), (11, 1), (6, 2), (7, 3), (8, 2), (9, 3), (10, 2), (11, 3), (6, 4), (7, 5), (8, 4), (9, 5), (10, 4), (11, 5)]
length: 18 99
2*[T] vs T3fnT3: -0.0011461446617343507 0.002292289330345573
Estimated difference between T3^fnT3 - (T2^WT3 + h.c.) is: 0.0011461446686112221 1.3136476013859283e-06
total cost: -2.825869619287981
singles alt: [(6, 0), (7, 1), (8, 0), (9, 1), (10, 0), (11, 1), (6, 2), (7, 3), (8, 2), (9, 3), (10, 2), (11, 3), (6, 4), (7, 5), (8, 4), (9, 5), (10, 4), (11, 5)]
length: 18 99
2*[T] vs T3fnT3: -0.0011461446716252148 0.0022922893501273007
Estimated difference between T3^fnT3 - (T2^WT3 + h.c.) is: 0.0011461446785020859 1.3136476240586498e-06
total cost: -2.8258696192881296
singles alt: [(6, 0), (7, 1), (8, 0), (9, 1), (10, 0), (11, 1), (6, 2), (7, 3), (8, 2), (9, 3), (10, 2), (11, 3), (6, 4), (7, 5), (8, 4), (9, 5), (10, 4), (11, 5)]
length: 18 99
2*[T] vs T3fnT3: -0.001146144661734341 0.002292289330345553
Estimated difference between T3^fnT3 - (T2^WT3 + h.c.) is: 0.001146144668611212 1.3136476013859048e-06
total cost: -2.825869619287993
singles alt: [(6, 0), (7, 1), (8, 0), (9, 1), (10, 0), (11, 1), (6, 2), (7, 3), (8, 2), (9, 3), (10, 2), (11, 3), (6, 4), (7, 5), (8, 4), (9, 5), (10, 4), (11, 5)]
length: 18 99
2*[T] vs T3fnT3: -0.001146144666165675 0.002292289339208221
Estimated difference between T3^fnT3 - (T2^WT3 + h.c.) is: 0.001146144673042546 1.3136476115438045e-06
total cost: -2.825869619288513
singles alt: [(6, 0), (7, 1), (8, 0), (9, 1), (10, 0), (11, 1), (6, 2), (7, 3), (8, 2), (9, 3), (10, 2), (11, 3), (6, 4), (7, 5), (8, 4), (9, 5), (10, 4), (11, 5)]
length: 18 99
2*[T] vs T3fnT3: -0.0011461446617343368 0.002292289330345545
Estimated difference between T3^fnT3 - (T2^WT3 + h.c.) is: 0.0011461446686112083 1.3136476013858963e-06
total cost: -2.8258696192879884
singles alt: [(6, 0), (7, 1), (8, 0), (9, 1), (10, 0), (11, 1), (6, 2), (7, 3), (8, 2), (9, 3), (10, 2), (11, 3), (6, 4), (7, 5), (8, 4), (9, 5), (10, 4), (11, 5)]
length: 18 99
2*[T] vs T3fnT3: -0.0011461446634370683 0.0022922893337510063
Estimated difference between T3^fnT3 - (T2^WT3 + h.c.) is: 0.001146144670313938 1.3136476052890458e-06
total cost: -2.825869619283976
singles alt: [(6, 0), (7, 1), (8, 0), (9, 1), (10, 0), (11, 1), (6, 2), (7, 3), (8, 2), (9, 3), (10, 2), (11, 3), (6, 4), (7, 5), (8, 4), (9, 5), (10, 4), (11, 5)]
length: 18 99
2*[T] vs T3fnT3: -0.0011461446617343353 0.0022922893303455403
Estimated difference between T3^fnT3 - (T2^WT3 + h.c.) is: 0.001146144668611205 1.313647601385889e-06
total cost: -2.8258696192879973
singles alt: [(6, 0), (7, 1), (8, 0), (9, 1), (10, 0), (11, 1), (6, 2), (7, 3), (8, 2), (9, 3), (10, 2), (11, 3), (6, 4), (7, 5), (8, 4), (9, 5), (10, 4), (11, 5)]
length: 18 99
2*[T] vs T3fnT3: -0.001146144672606779 0.0022922893520904283
Estimated difference between T3^fnT3 - (T2^WT3 + h.c.) is: 0.0011461446794836492 1.313647626308677e-06
total cost: -2.8258696192883495
singles alt: [(6, 0), (7, 1), (8, 0), (9, 1), (10, 0), (11, 1), (6, 2), (7, 3), (8, 2), (9, 3), (10, 2), (11, 3), (6, 4), (7, 5), (8, 4), (9, 5), (10, 4), (11, 5)]
length: 18 99
2*[T] vs T3fnT3: -0.0011461446617343368 0.002292289330345544
Estimated difference between T3^fnT3 - (T2^WT3 + h.c.) is: 0.0011461446686112074 1.3136476013858944e-06
total cost: -2.8258696192879937
singles alt: [(6, 0), (7, 1), (8, 0), (9, 1), (10, 0), (11, 1), (6, 2), (7, 3), (8, 2), (9, 3), (10, 2), (11, 3), (6, 4), (7, 5), (8, 4), (9, 5), (10, 4), (11, 5)]
length: 18 99
2*[T] vs T3fnT3: -0.0011461446618331395 0.00229228933054315
Estimated difference between T3^fnT3 - (T2^WT3 + h.c.) is: 0.0011461446687100105 1.3136476016123798e-06
total cost: -2.825869619285288
singles alt: [(6, 0), (7, 1), (8, 0), (9, 1), (10, 0), (11, 1), (6, 2), (7, 3), (8, 2), (9, 3), (10, 2), (11, 3), (6, 4), (7, 5), (8, 4), (9, 5), (10, 4), (11, 5)]
length: 18 99
2*[T] vs T3fnT3: -0.0011461446617343357 0.002292289330345543
Estimated difference between T3^fnT3 - (T2^WT3 + h.c.) is: 0.0011461446686112072 1.313647601385894e-06
total cost: -2.8258696192879937
singles alt: [(6, 0), (7, 1), (8, 0), (9, 1), (10, 0), (11, 1), (6, 2), (7, 3), (8, 2), (9, 3), (10, 2), (11, 3), (6, 4), (7, 5), (8, 4), (9, 5), (10, 4), (11, 5)]
length: 18 99
2*[T] vs T3fnT3: -0.0011461446670925442 0.0022922893410619576
Estimated difference between T3^fnT3 - (T2^WT3 + h.c.) is: 0.0011461446739694135 1.313647613668453e-06
total cost: -2.8258696192890915
singles alt: [(6, 0), (7, 1), (8, 0), (9, 1), (10, 0), (11, 1), (6, 2), (7, 3), (8, 2), (9, 3), (10, 2), (11, 3), (6, 4), (7, 5), (8, 4), (9, 5), (10, 4), (11, 5)]
length: 18 99
2*[T] vs T3fnT3: -0.001146144661734336 0.002292289330345542
Estimated difference between T3^fnT3 - (T2^WT3 + h.c.) is: 0.001146144668611206 1.3136476013858915e-06
total cost: -2.8258696192879924
singles alt: [(6, 0), (7, 1), (8, 0), (9, 1), (10, 0), (11, 1), (6, 2), (7, 3), (8, 2), (9, 3), (10, 2), (11, 3), (6, 4), (7, 5), (8, 4), (9, 5), (10, 4), (11, 5)]
length: 18 99
2*[T] vs T3fnT3: -0.0011461446601164797 0.0022922893271098295
Estimated difference between T3^fnT3 - (T2^WT3 + h.c.) is: 0.0011461446669933499 1.3136475976772968e-06
total cost: -2.8258696192857076
singles alt: [(6, 0), (7, 1), (8, 0), (9, 1), (10, 0), (11, 1), (6, 2), (7, 3), (8, 2), (9, 3), (10, 2), (11, 3), (6, 4), (7, 5), (8, 4), (9, 5), (10, 4), (11, 5)]
length: 18 99
2*[T] vs T3fnT3: -0.0011461446617343387 0.0022922893303455485
Estimated difference between T3^fnT3 - (T2^WT3 + h.c.) is: 0.0011461446686112098 1.3136476013859e-06
total cost: -2.8258696192879866
singles alt: [(6, 0), (7, 1), (8, 0), (9, 1), (10, 0), (11, 1), (6, 2), (7, 3), (8, 2), (9, 3), (10, 2), (11, 3), (6, 4), (7, 5), (8, 4), (9, 5), (10, 4), (11, 5)]
length: 18 99
2*[T] vs T3fnT3: -0.0011461446613537588 0.002292289329584387
Estimated difference between T3^fnT3 - (T2^WT3 + h.c.) is: 0.0011461446682306281 1.3136476005134967e-06
total cost: -2.8258696192900103
singles alt: [(6, 0), (7, 1), (8, 0), (9, 1), (10, 0), (11, 1), (6, 2), (7, 3), (8, 2), (9, 3), (10, 2), (11, 3), (6, 4), (7, 5), (8, 4), (9, 5), (10, 4), (11, 5)]
length: 18 99
2*[T] vs T3fnT3: -0.0011461446617343335 0.002292289330345539
Estimated difference between T3^fnT3 - (T2^WT3 + h.c.) is: 0.0011461446686112054 1.31364760138589e-06
total cost: -2.825869619287994
singles alt: [(6, 0), (7, 1), (8, 0), (9, 1), (10, 0), (11, 1), (6, 2), (7, 3), (8, 2), (9, 3), (10, 2), (11, 3), (6, 4), (7, 5), (8, 4), (9, 5), (10, 4), (11, 5)]
length: 18 99
2*[T] vs T3fnT3: -0.0011461446567494387 0.002292289320375748
Estimated difference between T3^fnT3 - (T2^WT3 + h.c.) is: 0.0011461446636263093 1.3136475899590657e-06
total cost: -2.825869619293151
singles alt: [(6, 0), (7, 1), (8, 0), (9, 1), (10, 0), (11, 1), (6, 2), (7, 3), (8, 2), (9, 3), (10, 2), (11, 3), (6, 4), (7, 5), (8, 4), (9, 5), (10, 4), (11, 5)]
length: 18 99
2*[T] vs T3fnT3: -0.0011461446617343455 0.002292289330345561
Estimated difference between T3^fnT3 - (T2^WT3 + h.c.) is: 0.0011461446686112156 1.3136476013859133e-06
total cost: -2.8258696192879844
singles alt: [(6, 0), (7, 1), (8, 0), (9, 1), (10, 0), (11, 1), (6, 2), (7, 3), (8, 2), (9, 3), (10, 2), (11, 3), (6, 4), (7, 5), (8, 4), (9, 5), (10, 4), (11, 5)]
length: 18 99
2*[T] vs T3fnT3: -0.0011461446664315618 0.0022922893397399947
Estimated difference between T3^fnT3 - (T2^WT3 + h.c.) is: 0.0011461446733084329 1.3136476121532943e-06
total cost: -2.825869619289943
singles alt: [(6, 0), (7, 1), (8, 0), (9, 1), (10, 0), (11, 1), (6, 2), (7, 3), (8, 2), (9, 3), (10, 2), (11, 3), (6, 4), (7, 5), (8, 4), (9, 5), (10, 4), (11, 5)]
length: 18 99
2*[T] vs T3fnT3: -0.001146144661734338 0.0022922893303455472
Estimated difference between T3^fnT3 - (T2^WT3 + h.c.) is: 0.0011461446686112091 1.3136476013858985e-06
total cost: -2.825869619287995
singles alt: [(6, 0), (7, 1), (8, 0), (9, 1), (10, 0), (11, 1), (6, 2), (7, 3), (8, 2), (9, 3), (10, 2), (11, 3), (6, 4), (7, 5), (8, 4), (9, 5), (10, 4), (11, 5)]
length: 18 99
2*[T] vs T3fnT3: -0.00114614467199815 0.0022922893508731702
Estimated difference between T3^fnT3 - (T2^WT3 + h.c.) is: 0.0011461446788750202 1.313647624913523e-06
total cost: -2.825869619289292
singles alt: [(6, 0), (7, 1), (8, 0), (9, 1), (10, 0), (11, 1), (6, 2), (7, 3), (8, 2), (9, 3), (10, 2), (11, 3), (6, 4), (7, 5), (8, 4), (9, 5), (10, 4), (11, 5)]
length: 18 99
2*[T] vs T3fnT3: -0.0011461446617343405 0.002292289330345553
Estimated difference between T3^fnT3 - (T2^WT3 + h.c.) is: 0.0011461446686112124 1.3136476013859059e-06
total cost: -2.8258696192879893
singles alt: [(6, 0), (7, 1), (8, 0), (9, 1), (10, 0), (11, 1), (6, 2), (7, 3), (8, 2), (9, 3), (10, 2), (11, 3), (6, 4), (7, 5), (8, 4), (9, 5), (10, 4), (11, 5)]
length: 18 99
2*[T] vs T3fnT3: -0.0011461446690629372 0.002292289345002745
Estimated difference between T3^fnT3 - (T2^WT3 + h.c.) is: 0.0011461446759398078 1.313647618185167e-06
total cost: -2.8258696192925976
singles alt: [(6, 0), (7, 1), (8, 0), (9, 1), (10, 0), (11, 1), (6, 2), (7, 3), (8, 2), (9, 3), (10, 2), (11, 3), (6, 4), (7, 5), (8, 4), (9, 5), (10, 4), (11, 5)]
length: 18 99
2*[T] vs T3fnT3: -0.0011461446617343379 0.0022922893303455455
Estimated difference between T3^fnT3 - (T2^WT3 + h.c.) is: 0.0011461446686112076 1.3136476013858949e-06
total cost: -2.8258696192879844
singles alt: [(6, 0), (7, 1), (8, 0), (9, 1), (10, 0), (11, 1), (6, 2), (7, 3), (8, 2), (9, 3), (10, 2), (11, 3), (6, 4), (7, 5), (8, 4), (9, 5), (10, 4), (11, 5)]
length: 18 99
2*[T] vs T3fnT3: -0.0011461446583216272 0.002292289323520125
Estimated difference between T3^fnT3 - (T2^WT3 + h.c.) is: 0.0011461446651984978 1.3136475935629766e-06
total cost: -2.825869619291202
singles alt: [(6, 0), (7, 1), (8, 0), (9, 1), (10, 0), (11, 1), (6, 2), (7, 3), (8, 2), (9, 3), (10, 2), (11, 3), (6, 4), (7, 5), (8, 4), (9, 5), (10, 4), (11, 5)]
length: 18 99
2*[T] vs T3fnT3: -0.0011461446617343424 0.002292289330345556
Estimated difference between T3^fnT3 - (T2^WT3 + h.c.) is: 0.0011461446686112135 1.3136476013859084e-06
total cost: -2.825869619287983
singles alt: [(6, 0), (7, 1), (8, 0), (9, 1), (10, 0), (11, 1), (6, 2), (7, 3), (8, 2), (9, 3), (10, 2), (11, 3), (6, 4), (7, 5), (8, 4), (9, 5), (10, 4), (11, 5)]
length: 18 99
2*[T] vs T3fnT3: -0.0011461446801783585 0.0022922893672335867
Estimated difference between T3^fnT3 - (T2^WT3 + h.c.) is: 0.0011461446870552282 1.3136476436649272e-06
total cost: -2.8258696192902026
singles alt: [(6, 0), (7, 1), (8, 0), (9, 1), (10, 0), (11, 1), (6, 2), (7, 3), (8, 2), (9, 3), (10, 2), (11, 3), (6, 4), (7, 5), (8, 4), (9, 5), (10, 4), (11, 5)]
length: 18 99
2*[T] vs T3fnT3: -0.001146144661734328 0.0022922893303455264
Estimated difference between T3^fnT3 - (T2^WT3 + h.c.) is: 0.0011461446686111985 1.3136476013858741e-06
total cost: -2.8258696192880004
singles alt: [(6, 0), (7, 1), (8, 0), (9, 1), (10, 0), (11, 1), (6, 2), (7, 3), (8, 2), (9, 3), (10, 2), (11, 3), (6, 4), (7, 5), (8, 4), (9, 5), (10, 4), (11, 5)]
length: 18 99
2*[T] vs T3fnT3: -0.0011461446585196433 0.0022922893239161564
Estimated difference between T3^fnT3 - (T2^WT3 + h.c.) is: 0.001146144665396513 1.3136475940168848e-06
total cost: -2.8258696192898123
singles alt: [(6, 0), (7, 1), (8, 0), (9, 1), (10, 0), (11, 1), (6, 2), (7, 3), (8, 2), (9, 3), (10, 2), (11, 3), (6, 4), (7, 5), (8, 4), (9, 5), (10, 4), (11, 5)]
length: 18 99
2*[T] vs T3fnT3: -0.001146144661734326 0.002292289330345522
Estimated difference between T3^fnT3 - (T2^WT3 + h.c.) is: 0.0011461446686111961 1.3136476013858686e-06
total cost: -2.8258696192880017
singles alt: [(6, 0), (7, 1), (8, 0), (9, 1), (10, 0), (11, 1), (6, 2), (7, 3), (8, 2), (9, 3), (10, 2), (11, 3), (6, 4), (7, 5), (8, 4), (9, 5), (10, 4), (11, 5)]
length: 18 99
2*[T] vs T3fnT3: -0.0011461446610879595 0.0022922893290527884
Estimated difference between T3^fnT3 - (T2^WT3 + h.c.) is: 0.0011461446679648288 1.3136475999042077e-06
total cost: -2.8258696192870647
singles alt: [(6, 0), (7, 1), (8, 0), (9, 1), (10, 0), (11, 1), (6, 2), (7, 3), (8, 2), (9, 3), (10, 2), (11, 3), (6, 4), (7, 5), (8, 4), (9, 5), (10, 4), (11, 5)]
length: 18 99
2*[T] vs T3fnT3: -0.0011461446617343394 0.0022922893303455503
Estimated difference between T3^fnT3 - (T2^WT3 + h.c.) is: 0.0011461446686112109 1.3136476013859023e-06
total cost: -2.825869619287996
singles alt: [(6, 0), (7, 1), (8, 0), (9, 1), (10, 0), (11, 1), (6, 2), (7, 3), (8, 2), (9, 3), (10, 2), (11, 3), (6, 4), (7, 5), (8, 4), (9, 5), (10, 4), (11, 5)]
length: 18 99
2*[T] vs T3fnT3: -0.001146144664665793 0.0022922893362084568
Estimated difference between T3^fnT3 - (T2^WT3 + h.c.) is: 0.0011461446715426637 1.3136476081056404e-06
total cost: -2.8258696192877792
singles alt: [(6, 0), (7, 1), (8, 0), (9, 1), (10, 0), (11, 1), (6, 2), (7, 3), (8, 2), (9, 3), (10, 2), (11, 3), (6, 4), (7, 5), (8, 4), (9, 5), (10, 4), (11, 5)]
length: 18 99
2*[T] vs T3fnT3: -0.0011461446617343387 0.0022922893303455464
Estimated difference between T3^fnT3 - (T2^WT3 + h.c.) is: 0.0011461446686112076 1.3136476013858949e-06
total cost: -2.8258696192879915
singles alt: [(6, 0), (7, 1), (8, 0), (9, 1), (10, 0), (11, 1), (6, 2), (7, 3), (8, 2), (9, 3), (10, 2), (11, 3), (6, 4), (7, 5), (8, 4), (9, 5), (10, 4), (11, 5)]
length: 18 99
2*[T] vs T3fnT3: -0.0011461446680021178 0.0022922893428811066
Estimated difference between T3^fnT3 - (T2^WT3 + h.c.) is: 0.0011461446748789888 1.313647615753463e-06
total cost: -2.825869619288105
singles alt: [(6, 0), (7, 1), (8, 0), (9, 1), (10, 0), (11, 1), (6, 2), (7, 3), (8, 2), (9, 3), (10, 2), (11, 3), (6, 4), (7, 5), (8, 4), (9, 5), (10, 4), (11, 5)]
length: 18 99
2*[T] vs T3fnT3: -0.0011461446617343286 0.002292289330345527
Estimated difference between T3^fnT3 - (T2^WT3 + h.c.) is: 0.0011461446686111983 1.3136476013858735e-06
total cost: -2.825869619287999
singles alt: [(6, 0), (7, 1), (8, 0), (9, 1), (10, 0), (11, 1), (6, 2), (7, 3), (8, 2), (9, 3), (10, 2), (11, 3), (6, 4), (7, 5), (8, 4), (9, 5), (10, 4), (11, 5)]
length: 18 99
2*[T] vs T3fnT3: -0.0011461446582923423 0.002292289323461555
Estimated difference between T3^fnT3 - (T2^WT3 + h.c.) is: 0.0011461446651692129 1.3136475934958471e-06
total cost: -2.8258696192923143
singles alt: [(6, 0), (7, 1), (8, 0), (9, 1), (10, 0), (11, 1), (6, 2), (7, 3), (8, 2), (9, 3), (10, 2), (11, 3), (6, 4), (7, 5), (8, 4), (9, 5), (10, 4), (11, 5)]
length: 18 99
2*[T] vs T3fnT3: -0.0011461446617343314 0.0022922893303455334
Estimated difference between T3^fnT3 - (T2^WT3 + h.c.) is: 0.001146144668611202 1.313647601385882e-06
total cost: -2.825869619287993
singles alt: [(6, 0), (7, 1), (8, 0), (9, 1), (10, 0), (11, 1), (6, 2), (7, 3), (8, 2), (9, 3), (10, 2), (11, 3), (6, 4), (7, 5), (8, 4), (9, 5), (10, 4), (11, 5)]
length: 18 99
2*[T] vs T3fnT3: -0.0011461446601792643 0.002292289327235399
Estimated difference between T3^fnT3 - (T2^WT3 + h.c.) is: 0.0011461446670561345 1.3136475978212175e-06
total cost: -2.8258696192862702
singles alt: [(6, 0), (7, 1), (8, 0), (9, 1), (10, 0), (11, 1), (6, 2), (7, 3), (8, 2), (9, 3), (10, 2), (11, 3), (6, 4), (7, 5), (8, 4), (9, 5), (10, 4), (11, 5)]
length: 18 99
2*[T] vs T3fnT3: -0.0011461446617343273 0.0022922893303455255
Estimated difference between T3^fnT3 - (T2^WT3 + h.c.) is: 0.0011461446686111983 1.3136476013858735e-06
total cost: -2.825869619287998
singles alt: [(6, 0), (7, 1), (8, 0), (9, 1), (10, 0), (11, 1), (6, 2), (7, 3), (8, 2), (9, 3), (10, 2), (11, 3), (6, 4), (7, 5), (8, 4), (9, 5), (10, 4), (11, 5)]
length: 18 99
2*[T] vs T3fnT3: -0.0011461446630108712 0.002292289332898614
Estimated difference between T3^fnT3 - (T2^WT3 + h.c.) is: 0.0011461446698877427 1.3136476043120826e-06
total cost: -2.8258696192862143
singles alt: [(6, 0), (7, 1), (8, 0), (9, 1), (10, 0), (11, 1), (6, 2), (7, 3), (8, 2), (9, 3), (10, 2), (11, 3), (6, 4), (7, 5), (8, 4), (9, 5), (10, 4), (11, 5)]
length: 18 99
2*[T] vs T3fnT3: -0.0011461446617343281 0.0022922893303455264
Estimated difference between T3^fnT3 - (T2^WT3 + h.c.) is: 0.0011461446686111983 1.3136476013858735e-06
total cost: -2.8258696192879924
singles alt: [(6, 0), (7, 1), (8, 0), (9, 1), (10, 0), (11, 1), (6, 2), (7, 3), (8, 2), (9, 3), (10, 2), (11, 3), (6, 4), (7, 5), (8, 4), (9, 5), (10, 4), (11, 5)]
length: 18 99
2*[T] vs T3fnT3: -0.001146144667561453 0.002292289341999776
Estimated difference between T3^fnT3 - (T2^WT3 + h.c.) is: 0.001146144674438323 1.3136476147433296e-06
total cost: -2.8258696192896835
singles alt: [(6, 0), (7, 1), (8, 0), (9, 1), (10, 0), (11, 1), (6, 2), (7, 3), (8, 2), (9, 3), (10, 2), (11, 3), (6, 4), (7, 5), (8, 4), (9, 5), (10, 4), (11, 5)]
length: 18 99
2*[T] vs T3fnT3: -0.0011461446617343385 0.0022922893303455472
Estimated difference between T3^fnT3 - (T2^WT3 + h.c.) is: 0.0011461446686112087 1.3136476013858974e-06
total cost: -2.825869619287994
singles alt: [(6, 0), (7, 1), (8, 0), (9, 1), (10, 0), (11, 1), (6, 2), (7, 3), (8, 2), (9, 3), (10, 2), (11, 3), (6, 4), (7, 5), (8, 4), (9, 5), (10, 4), (11, 5)]
length: 18 99
2*[T] vs T3fnT3: -0.001146144661860519 0.0022922893305979083
Estimated difference between T3^fnT3 - (T2^WT3 + h.c.) is: 0.0011461446687373892 1.3136476016751397e-06
total cost: -2.825869619287198
singles alt: [(6, 0), (7, 1), (8, 0), (9, 1), (10, 0), (11, 1), (6, 2), (7, 3), (8, 2), (9, 3), (10, 2), (11, 3), (6, 4), (7, 5), (8, 4), (9, 5), (10, 4), (11, 5)]
length: 18 99
2*[T] vs T3fnT3: -0.0011461446617343338 0.0022922893303455386
Estimated difference between T3^fnT3 - (T2^WT3 + h.c.) is: 0.0011461446686112048 1.3136476013858885e-06
total cost: -2.825869619287993
singles alt: [(6, 0), (7, 1), (8, 0), (9, 1), (10, 0), (11, 1), (6, 2), (7, 3), (8, 2), (9, 3), (10, 2), (11, 3), (6, 4), (7, 5), (8, 4), (9, 5), (10, 4), (11, 5)]
length: 18 99
2*[T] vs T3fnT3: -0.0011461446726130917 0.0022922893521030536
Estimated difference between T3^fnT3 - (T2^WT3 + h.c.) is: 0.001146144679489962 1.3136476263231475e-06
total cost: -2.82586961928604
singles alt: [(6, 0), (7, 1), (8, 0), (9, 1), (10, 0), (11, 1), (6, 2), (7, 3), (8, 2), (9, 3), (10, 2), (11, 3), (6, 4), (7, 5), (8, 4), (9, 5), (10, 4), (11, 5)]
length: 18 99
2*[T] vs T3fnT3: -0.0011461446617343405 0.0022922893303455516
Estimated difference between T3^fnT3 - (T2^WT3 + h.c.) is: 0.001146144668611211 1.313647601385903e-06
total cost: -2.825869619287993
singles alt: [(6, 0), (7, 1), (8, 0), (9, 1), (10, 0), (11, 1), (6, 2), (7, 3), (8, 2), (9, 3), (10, 2), (11, 3), (6, 4), (7, 5), (8, 4), (9, 5), (10, 4), (11, 5)]
length: 18 99
2*[T] vs T3fnT3: -0.0011461446602431722 0.002292289327363216
Estimated difference between T3^fnT3 - (T2^WT3 + h.c.) is: 0.0011461446671200437 1.3136475979677156e-06
total cost: -2.8258696192828627
singles alt: [(6, 0), (7, 1), (8, 0), (9, 1), (10, 0), (11, 1), (6, 2), (7, 3), (8, 2), (9, 3), (10, 2), (11, 3), (6, 4), (7, 5), (8, 4), (9, 5), (10, 4), (11, 5)]
length: 18 99
2*[T] vs T3fnT3: -0.0011461446617343379 0.0022922893303455464
Estimated difference between T3^fnT3 - (T2^WT3 + h.c.) is: 0.0011461446686112085 1.313647601385897e-06
total cost: -2.8258696192879977
singles alt: [(6, 0), (7, 1), (8, 0), (9, 1), (10, 0), (11, 1), (6, 2), (7, 3), (8, 2), (9, 3), (10, 2), (11, 3), (6, 4), (7, 5), (8, 4), (9, 5), (10, 4), (11, 5)]
length: 18 99
2*[T] vs T3fnT3: -0.0011461446678588327 0.002292289342594534
Estimated difference between T3^fnT3 - (T2^WT3 + h.c.) is: 0.0011461446747357015 1.313647615425007e-06
total cost: -2.825869619288785
singles alt: [(6, 0), (7, 1), (8, 0), (9, 1), (10, 0), (11, 1), (6, 2), (7, 3), (8, 2), (9, 3), (10, 2), (11, 3), (6, 4), (7, 5), (8, 4), (9, 5), (10, 4), (11, 5)]
length: 18 99
2*[T] vs T3fnT3: -0.0011461446617343244 0.0022922893303455195
Estimated difference between T3^fnT3 - (T2^WT3 + h.c.) is: 0.001146144668611195 1.313647601385866e-06
total cost: -2.8258696192879964
singles alt: [(6, 0), (7, 1), (8, 0), (9, 1), (10, 0), (11, 1), (6, 2), (7, 3), (8, 2), (9, 3), (10, 2), (11, 3), (6, 4), (7, 5), (8, 4), (9, 5), (10, 4), (11, 5)]
length: 18 99
2*[T] vs T3fnT3: -0.0011461446646009587 0.0022922893360787875
Estimated difference between T3^fnT3 - (T2^WT3 + h.c.) is: 0.0011461446714778288 1.3136476079570202e-06
total cost: -2.8258696192877686
singles alt: [(6, 0), (7, 1), (8, 0), (9, 1), (10, 0), (11, 1), (6, 2), (7, 3), (8, 2), (9, 3), (10, 2), (11, 3), (6, 4), (7, 5), (8, 4), (9, 5), (10, 4), (11, 5)]
length: 18 99
2*[T] vs T3fnT3: -0.0011461446617343244 0.0022922893303455195
Estimated difference between T3^fnT3 - (T2^WT3 + h.c.) is: 0.001146144668611195 1.313647601385866e-06
total cost: -2.8258696192879977
singles alt: [(6, 0), (7, 1), (8, 0), (9, 1), (10, 0), (11, 1), (6, 2), (7, 3), (8, 2), (9, 3), (10, 2), (11, 3), (6, 4), (7, 5), (8, 4), (9, 5), (10, 4), (11, 5)]
length: 18 99
2*[T] vs T3fnT3: -0.0011461446600685963 0.0022922893270140624
Estimated difference between T3^fnT3 - (T2^WT3 + h.c.) is: 0.001146144666945466 1.3136475975675334e-06
total cost: -2.8258696192847665
singles alt: [(6, 0), (7, 1), (8, 0), (9, 1), (10, 0), (11, 1), (6, 2), (7, 3), (8, 2), (9, 3), (10, 2), (11, 3), (6, 4), (7, 5), (8, 4), (9, 5), (10, 4), (11, 5)]
length: 18 99
2*[T] vs T3fnT3: -0.0011461446617343357 0.0022922893303455425
Estimated difference between T3^fnT3 - (T2^WT3 + h.c.) is: 0.0011461446686112067 1.313647601385893e-06
total cost: -2.8258696192879937
singles alt: [(6, 0), (7, 1), (8, 0), (9, 1), (10, 0), (11, 1), (6, 2), (7, 3), (8, 2), (9, 3), (10, 2), (11, 3), (6, 4), (7, 5), (8, 4), (9, 5), (10, 4), (11, 5)]
length: 18 99
2*[T] vs T3fnT3: -0.0011461446582284721 0.002292289323333813
Estimated difference between T3^fnT3 - (T2^WT3 + h.c.) is: 0.001146144665105341 1.3136475933494343e-06
total cost: -2.8258696192912143
singles alt: [(6, 0), (7, 1), (8, 0), (9, 1), (10, 0), (11, 1), (6, 2), (7, 3), (8, 2), (9, 3), (10, 2), (11, 3), (6, 4), (7, 5), (8, 4), (9, 5), (10, 4), (11, 5)]
length: 18 99
2*[T] vs T3fnT3: -0.0011461446617343205 0.0022922893303455112
Estimated difference between T3^fnT3 - (T2^WT3 + h.c.) is: 0.0011461446686111907 1.3136476013858561e-06
total cost: -2.825869619288001
singles alt: [(6, 0), (7, 1), (8, 0), (9, 1), (10, 0), (11, 1), (6, 2), (7, 3), (8, 2), (9, 3), (10, 2), (11, 3), (6, 4), (7, 5), (8, 4), (9, 5), (10, 4), (11, 5)]
length: 18 99
2*[T] vs T3fnT3: -0.001146144669215166 0.0022922893453072007
Estimated difference between T3^fnT3 - (T2^WT3 + h.c.) is: 0.0011461446760920348 1.3136476185341152e-06
total cost: -2.825869619288408
singles alt: [(6, 0), (7, 1), (8, 0), (9, 1), (10, 0), (11, 1), (6, 2), (7, 3), (8, 2), (9, 3), (10, 2), (11, 3), (6, 4), (7, 5), (8, 4), (9, 5), (10, 4), (11, 5)]
length: 18 99
2*[T] vs T3fnT3: -0.0011461446617343442 0.002292289330345559
Estimated difference between T3^fnT3 - (T2^WT3 + h.c.) is: 0.0011461446686112148 1.3136476013859114e-06
total cost: -2.825869619287989
singles alt: [(6, 0), (7, 1), (8, 0), (9, 1), (10, 0), (11, 1), (6, 2), (7, 3), (8, 2), (9, 3), (10, 2), (11, 3), (6, 4), (7, 5), (8, 4), (9, 5), (10, 4), (11, 5)]
length: 18 99
2*[T] vs T3fnT3: -0.0011461446602260797 0.0022922893273290296
Estimated difference between T3^fnT3 - (T2^WT3 + h.c.) is: 0.00114614466710295 1.313647597928532e-06
total cost: -2.8258696192860526
singles alt: [(6, 0), (7, 1), (8, 0), (9, 1), (10, 0), (11, 1), (6, 2), (7, 3), (8, 2), (9, 3), (10, 2), (11, 3), (6, 4), (7, 5), (8, 4), (9, 5), (10, 4), (11, 5)]
length: 18 99
2*[T] vs T3fnT3: -0.0011461446617343444 0.0022922893303455602
Estimated difference between T3^fnT3 - (T2^WT3 + h.c.) is: 0.0011461446686112159 1.3136476013859137e-06
total cost: -2.8258696192879875
singles alt: [(6, 0), (7, 1), (8, 0), (9, 1), (10, 0), (11, 1), (6, 2), (7, 3), (8, 2), (9, 3), (10, 2), (11, 3), (6, 4), (7, 5), (8, 4), (9, 5), (10, 4), (11, 5)]
length: 18 99
2*[T] vs T3fnT3: -0.0011461446752245121 0.0022922893573258953
Estimated difference between T3^fnT3 - (T2^WT3 + h.c.) is: 0.0011461446821013832 1.3136476323092807e-06
total cost: -2.8258696192847443
singles alt: [(6, 0), (7, 1), (8, 0), (9, 1), (10, 0), (11, 1), (6, 2), (7, 3), (8, 2), (9, 3), (10, 2), (11, 3), (6, 4), (7, 5), (8, 4), (9, 5), (10, 4), (11, 5)]
length: 18 99
2*[T] vs T3fnT3: -0.0011461446617343181 0.002292289330345508
Estimated difference between T3^fnT3 - (T2^WT3 + h.c.) is: 0.00114614466861119 1.3136476013858546e-06
total cost: -2.8258696192879986
singles alt: [(6, 0), (7, 1), (8, 0), (9, 1), (10, 0), (11, 1), (6, 2), (7, 3), (8, 2), (9, 3), (10, 2), (11, 3), (6, 4), (7, 5), (8, 4), (9, 5), (10, 4), (11, 5)]
length: 18 99
2*[T] vs T3fnT3: -0.0011461446603328446 0.0022922893275425594
Estimated difference between T3^fnT3 - (T2^WT3 + h.c.) is: 0.0011461446672097148 1.3136475981732679e-06
total cost: -2.8258696192871664
singles alt: [(6, 0), (7, 1), (8, 0), (9, 1), (10, 0), (11, 1), (6, 2), (7, 3), (8, 2), (9, 3), (10, 2), (11, 3), (6, 4), (7, 5), (8, 4), (9, 5), (10, 4), (11, 5)]
length: 18 99
2*[T] vs T3fnT3: -0.0011461446617343262 0.002292289330345522
Estimated difference between T3^fnT3 - (T2^WT3 + h.c.) is: 0.001146144668611196 1.3136476013858682e-06
total cost: -2.825869619287998
singles alt: [(6, 0), (7, 1), (8, 0), (9, 1), (10, 0), (11, 1), (6, 2), (7, 3), (8, 2), (9, 3), (10, 2), (11, 3), (6, 4), (7, 5), (8, 4), (9, 5), (10, 4), (11, 5)]
length: 18 99
2*[T] vs T3fnT3: -0.0011461446653148967 0.0022922893375066627
Estimated difference between T3^fnT3 - (T2^WT3 + h.c.) is: 0.001146144672191766 1.3136476095935706e-06
total cost: -2.8258696192841737
singles alt: [(6, 0), (7, 1), (8, 0), (9, 1), (10, 0), (11, 1), (6, 2), (7, 3), (8, 2), (9, 3), (10, 2), (11, 3), (6, 4), (7, 5), (8, 4), (9, 5), (10, 4), (11, 5)]
length: 18 99
2*[T] vs T3fnT3: -0.0011461446609747018 0.002292289328826274
Estimated difference between T3^fnT3 - (T2^WT3 + h.c.) is: 0.001146144667851572 1.3136475996445904e-06
total cost: -2.8258696192824817
singles alt: [(6, 0), (7, 1), (8, 0), (9, 1), (10, 0), (11, 1), (6, 2), (7, 3), (8, 2), (9, 3), (10, 2), (11, 3), (6, 4), (7, 5), (8, 4), (9, 5), (10, 4), (11, 5)]
length: 18 99
2*[T] vs T3fnT3: -0.0011461446607766515 0.0022922893284301727
Estimated difference between T3^fnT3 - (T2^WT3 + h.c.) is: 0.0011461446676535212 1.3136475991906006e-06
total cost: -2.8258696192826833
singles alt: [(6, 0), (7, 1), (8, 0), (9, 1), (10, 0), (11, 1), (6, 2), (7, 3), (8, 2), (9, 3), (10, 2), (11, 3), (6, 4), (7, 5), (8, 4), (9, 5), (10, 4), (11, 5)]
length: 18 99
2*[T] vs T3fnT3: -0.001146144661734337 0.002292289330345545
Estimated difference between T3^fnT3 - (T2^WT3 + h.c.) is: 0.001146144668611208 1.313647601385896e-06
total cost: -2.8258696192879937
singles alt: [(6, 0), (7, 1), (8, 0), (9, 1), (10, 0), (11, 1), (6, 2), (7, 3), (8, 2), (9, 3), (10, 2), (11, 3), (6, 4), (7, 5), (8, 4), (9, 5), (10, 4), (11, 5)]
length: 18 99
2*[T] vs T3fnT3: -0.0011461446617343335 0.002292289330345538
Estimated difference between T3^fnT3 - (T2^WT3 + h.c.) is: 0.0011461446686112046 1.3136476013858879e-06
total cost: -2.825869619287994
singles alt: [(6, 0), (7, 1), (8, 0), (9, 1), (10, 0), (11, 1), (6, 2), (7, 3), (8, 2), (9, 3), (10, 2), (11, 3), (6, 4), (7, 5), (8, 4), (9, 5), (10, 4), (11, 5)]
length: 18 99
2*[T] vs T3fnT3: -0.0011461446587092655 0.0022922893242954007
Estimated difference between T3^fnT3 - (T2^WT3 + h.c.) is: 0.0011461446655861352 1.3136475944515538e-06
total cost: -2.8258696192913386
singles alt: [(6, 0), (7, 1), (8, 0), (9, 1), (10, 0), (11, 1), (6, 2), (7, 3), (8, 2), (9, 3), (10, 2), (11, 3), (6, 4), (7, 5), (8, 4), (9, 5), (10, 4), (11, 5)]
length: 18 99
2*[T] vs T3fnT3: -0.0011461446586135734 0.0022922893241040165
Estimated difference between T3^fnT3 - (T2^WT3 + h.c.) is: 0.0011461446654904431 1.3136475942321998e-06
total cost: -2.8258696192907884
singles alt: [(6, 0), (7, 1), (8, 0), (9, 1), (10, 0), (11, 1), (6, 2), (7, 3), (8, 2), (9, 3), (10, 2), (11, 3), (6, 4), (7, 5), (8, 4), (9, 5), (10, 4), (11, 5)]
length: 18 99
2*[T] vs T3fnT3: -0.0011461446617343353 0.0022922893303455407
Estimated difference between T3^fnT3 - (T2^WT3 + h.c.) is: 0.0011461446686112054 1.31364760138589e-06
total cost: -2.8258696192879937
singles alt: [(6, 0), (7, 1), (8, 0), (9, 1), (10, 0), (11, 1), (6, 2), (7, 3), (8, 2), (9, 3), (10, 2), (11, 3), (6, 4), (7, 5), (8, 4), (9, 5), (10, 4), (11, 5)]
length: 18 99
2*[T] vs T3fnT3: -0.001146144661734334 0.0022922893303455377
Estimated difference between T3^fnT3 - (T2^WT3 + h.c.) is: 0.0011461446686112037 1.313647601385886e-06
total cost: -2.8258696192879937
singles alt: [(6, 0), (7, 1), (8, 0), (9, 1), (10, 0), (11, 1), (6, 2), (7, 3), (8, 2), (9, 3), (10, 2), (11, 3), (6, 4), (7, 5), (8, 4), (9, 5), (10, 4), (11, 5)]
length: 18 99
2*[T] vs T3fnT3: -0.0011461446668263053 0.002292289340529481
Estimated difference between T3^fnT3 - (T2^WT3 + h.c.) is: 0.0011461446737031755 1.3136476130581586e-06
total cost: -2.825869619294352
singles alt: [(6, 0), (7, 1), (8, 0), (9, 1), (10, 0), (11, 1), (6, 2), (7, 3), (8, 2), (9, 3), (10, 2), (11, 3), (6, 4), (7, 5), (8, 4), (9, 5), (10, 4), (11, 5)]
length: 18 99
2*[T] vs T3fnT3: -0.0011461446667519165 0.0022922893403807022
Estimated difference between T3^fnT3 - (T2^WT3 + h.c.) is: 0.0011461446736287858 1.3136476128876358e-06
total cost: -2.8258696192946102
singles alt: [(6, 0), (7, 1), (8, 0), (9, 1), (10, 0), (11, 1), (6, 2), (7, 3), (8, 2), (9, 3), (10, 2), (11, 3), (6, 4), (7, 5), (8, 4), (9, 5), (10, 4), (11, 5)]
length: 18 99
2*[T] vs T3fnT3: -0.0011461446617343463 0.002292289330345562
Estimated difference between T3^fnT3 - (T2^WT3 + h.c.) is: 0.0011461446686112156 1.3136476013859133e-06
total cost: -2.825869619287991
singles alt: [(6, 0), (7, 1), (8, 0), (9, 1), (10, 0), (11, 1), (6, 2), (7, 3), (8, 2), (9, 3), (10, 2), (11, 3), (6, 4), (7, 5), (8, 4), (9, 5), (10, 4), (11, 5)]
length: 18 99
2*[T] vs T3fnT3: -0.001146144661734342 0.0022922893303455533
Estimated difference between T3^fnT3 - (T2^WT3 + h.c.) is: 0.0011461446686112113 1.3136476013859033e-06
total cost: -2.8258696192879933
singles alt: [(6, 0), (7, 1), (8, 0), (9, 1), (10, 0), (11, 1), (6, 2), (7, 3), (8, 2), (9, 3), (10, 2), (11, 3), (6, 4), (7, 5), (8, 4), (9, 5), (10, 4), (11, 5)]
length: 18 99
2*[T] vs T3fnT3: -0.0011461446643711826 0.002292289335619236
Estimated difference between T3^fnT3 - (T2^WT3 + h.c.) is: 0.0011461446712480532 1.313647607430308e-06
total cost: -2.8258696192934276
singles alt: [(6, 0), (7, 1), (8, 0), (9, 1), (10, 0), (11, 1), (6, 2), (7, 3), (8, 2), (9, 3), (10, 2), (11, 3), (6, 4), (7, 5), (8, 4), (9, 5), (10, 4), (11, 5)]
length: 18 99
2*[T] vs T3fnT3: -0.0011461446641456074 0.0022922893351680837
Estimated difference between T3^fnT3 - (T2^WT3 + h.c.) is: 0.0011461446710224763 1.3136476069132204e-06
total cost: -2.82586961929387
singles alt: [(6, 0), (7, 1), (8, 0), (9, 1), (10, 0), (11, 1), (6, 2), (7, 3), (8, 2), (9, 3), (10, 2), (11, 3), (6, 4), (7, 5), (8, 4), (9, 5), (10, 4), (11, 5)]
length: 18 99
2*[T] vs T3fnT3: -0.0011461446617343368 0.0022922893303455446
Estimated difference between T3^fnT3 - (T2^WT3 + h.c.) is: 0.0011461446686112078 1.3136476013858955e-06
total cost: -2.825869619287993
singles alt: [(6, 0), (7, 1), (8, 0), (9, 1), (10, 0), (11, 1), (6, 2), (7, 3), (8, 2), (9, 3), (10, 2), (11, 3), (6, 4), (7, 5), (8, 4), (9, 5), (10, 4), (11, 5)]
length: 18 99
2*[T] vs T3fnT3: -0.0011461446617343342 0.0022922893303455386
Estimated difference between T3^fnT3 - (T2^WT3 + h.c.) is: 0.0011461446686112044 1.3136476013858875e-06
total cost: -2.8258696192879924
singles alt: [(6, 0), (7, 1), (8, 0), (9, 1), (10, 0), (11, 1), (6, 2), (7, 3), (8, 2), (9, 3), (10, 2), (11, 3), (6, 4), (7, 5), (8, 4), (9, 5), (10, 4), (11, 5)]
length: 18 99
2*[T] vs T3fnT3: -0.0011461446635922864 0.002292289334061442
Estimated difference between T3^fnT3 - (T2^WT3 + h.c.) is: 0.0011461446704691557 1.3136476056448494e-06
total cost: -2.8258696192846644
singles alt: [(6, 0), (7, 1), (8, 0), (9, 1), (10, 0), (11, 1), (6, 2), (7, 3), (8, 2), (9, 3), (10, 2), (11, 3), (6, 4), (7, 5), (8, 4), (9, 5), (10, 4), (11, 5)]
length: 18 99
2*[T] vs T3fnT3: -0.001146144663569179 0.0022922893340152285
Estimated difference between T3^fnT3 - (T2^WT3 + h.c.) is: 0.0011461446704460496 1.3136476055918835e-06
total cost: -2.8258696192845543
singles alt: [(6, 0), (7, 1), (8, 0), (9, 1), (10, 0), (11, 1), (6, 2), (7, 3), (8, 2), (9, 3), (10, 2), (11, 3), (6, 4), (7, 5), (8, 4), (9, 5), (10, 4), (11, 5)]
length: 18 99
2*[T] vs T3fnT3: -0.0011461446617343366 0.0022922893303455433
Estimated difference between T3^fnT3 - (T2^WT3 + h.c.) is: 0.0011461446686112067 1.313647601385893e-06
total cost: -2.8258696192879946
singles alt: [(6, 0), (7, 1), (8, 0), (9, 1), (10, 0), (11, 1), (6, 2), (7, 3), (8, 2), (9, 3), (10, 2), (11, 3), (6, 4), (7, 5), (8, 4), (9, 5), (10, 4), (11, 5)]
length: 18 99
2*[T] vs T3fnT3: -0.0011461446617343366 0.0022922893303455433
Estimated difference between T3^fnT3 - (T2^WT3 + h.c.) is: 0.0011461446686112067 1.313647601385893e-06
total cost: -2.8258696192879937
singles alt: [(6, 0), (7, 1), (8, 0), (9, 1), (10, 0), (11, 1), (6, 2), (7, 3), (8, 2), (9, 3), (10, 2), (11, 3), (6, 4), (7, 5), (8, 4), (9, 5), (10, 4), (11, 5)]
length: 18 99
2*[T] vs T3fnT3: -0.0011461446617343366 0.0022922893303455433
Estimated difference between T3^fnT3 - (T2^WT3 + h.c.) is: 0.0011461446686112067 1.313647601385893e-06
total cost: -2.82586961929163
singles alt: [(6, 0), (7, 1), (8, 0), (9, 1), (10, 0), (11, 1), (6, 2), (7, 3), (8, 2), (9, 3), (10, 2), (11, 3), (6, 4), (7, 5), (8, 4), (9, 5), (10, 4), (11, 5)]
length: 18 99
2*[T] vs T3fnT3: -0.0011461446617343366 0.0022922893303455433
Estimated difference between T3^fnT3 - (T2^WT3 + h.c.) is: 0.0011461446686112067 1.313647601385893e-06
total cost: -2.825869619291031
singles alt: [(6, 0), (7, 1), (8, 0), (9, 1), (10, 0), (11, 1), (6, 2), (7, 3), (8, 2), (9, 3), (10, 2), (11, 3), (6, 4), (7, 5), (8, 4), (9, 5), (10, 4), (11, 5)]
length: 18 99
2*[T] vs T3fnT3: -0.0011461446617343366 0.0022922893303455433
Estimated difference between T3^fnT3 - (T2^WT3 + h.c.) is: 0.0011461446686112067 1.313647601385893e-06
total cost: -2.825869619287988
singles alt: [(6, 0), (7, 1), (8, 0), (9, 1), (10, 0), (11, 1), (6, 2), (7, 3), (8, 2), (9, 3), (10, 2), (11, 3), (6, 4), (7, 5), (8, 4), (9, 5), (10, 4), (11, 5)]
length: 18 99
2*[T] vs T3fnT3: -0.0011461446617343366 0.0022922893303455433
Estimated difference between T3^fnT3 - (T2^WT3 + h.c.) is: 0.0011461446686112067 1.313647601385893e-06
total cost: -2.82586961928799
singles alt: [(6, 0), (7, 1), (8, 0), (9, 1), (10, 0), (11, 1), (6, 2), (7, 3), (8, 2), (9, 3), (10, 2), (11, 3), (6, 4), (7, 5), (8, 4), (9, 5), (10, 4), (11, 5)]
length: 18 99
2*[T] vs T3fnT3: -0.0011461446617343366 0.0022922893303455433
Estimated difference between T3^fnT3 - (T2^WT3 + h.c.) is: 0.0011461446686112067 1.313647601385893e-06
total cost: -2.8258696192869848
singles alt: [(6, 0), (7, 1), (8, 0), (9, 1), (10, 0), (11, 1), (6, 2), (7, 3), (8, 2), (9, 3), (10, 2), (11, 3), (6, 4), (7, 5), (8, 4), (9, 5), (10, 4), (11, 5)]
length: 18 99
2*[T] vs T3fnT3: -0.0011461446617343366 0.0022922893303455433
Estimated difference between T3^fnT3 - (T2^WT3 + h.c.) is: 0.0011461446686112067 1.313647601385893e-06
total cost: -2.8258696192872184
singles alt: [(6, 0), (7, 1), (8, 0), (9, 1), (10, 0), (11, 1), (6, 2), (7, 3), (8, 2), (9, 3), (10, 2), (11, 3), (6, 4), (7, 5), (8, 4), (9, 5), (10, 4), (11, 5)]
length: 18 99
2*[T] vs T3fnT3: -0.0011461446617343366 0.0022922893303455433
Estimated difference between T3^fnT3 - (T2^WT3 + h.c.) is: 0.0011461446686112067 1.313647601385893e-06
total cost: -2.825869619287991
singles alt: [(6, 0), (7, 1), (8, 0), (9, 1), (10, 0), (11, 1), (6, 2), (7, 3), (8, 2), (9, 3), (10, 2), (11, 3), (6, 4), (7, 5), (8, 4), (9, 5), (10, 4), (11, 5)]
length: 18 99
2*[T] vs T3fnT3: -0.0011461446617343366 0.0022922893303455433
Estimated difference between T3^fnT3 - (T2^WT3 + h.c.) is: 0.0011461446686112067 1.313647601385893e-06
total cost: -2.82586961928799
singles alt: [(6, 0), (7, 1), (8, 0), (9, 1), (10, 0), (11, 1), (6, 2), (7, 3), (8, 2), (9, 3), (10, 2), (11, 3), (6, 4), (7, 5), (8, 4), (9, 5), (10, 4), (11, 5)]
length: 18 99
2*[T] vs T3fnT3: -0.0011461446617343366 0.0022922893303455433
Estimated difference between T3^fnT3 - (T2^WT3 + h.c.) is: 0.0011461446686112067 1.313647601385893e-06
total cost: -2.825869619286369
singles alt: [(6, 0), (7, 1), (8, 0), (9, 1), (10, 0), (11, 1), (6, 2), (7, 3), (8, 2), (9, 3), (10, 2), (11, 3), (6, 4), (7, 5), (8, 4), (9, 5), (10, 4), (11, 5)]
length: 18 99
2*[T] vs T3fnT3: -0.0011461446617343366 0.0022922893303455433
Estimated difference between T3^fnT3 - (T2^WT3 + h.c.) is: 0.0011461446686112067 1.313647601385893e-06
total cost: -2.825869619286047
singles alt: [(6, 0), (7, 1), (8, 0), (9, 1), (10, 0), (11, 1), (6, 2), (7, 3), (8, 2), (9, 3), (10, 2), (11, 3), (6, 4), (7, 5), (8, 4), (9, 5), (10, 4), (11, 5)]
length: 18 99
2*[T] vs T3fnT3: -0.0011461446617343366 0.0022922893303455433
Estimated difference between T3^fnT3 - (T2^WT3 + h.c.) is: 0.0011461446686112067 1.313647601385893e-06
total cost: -2.8258696192879897
singles alt: [(6, 0), (7, 1), (8, 0), (9, 1), (10, 0), (11, 1), (6, 2), (7, 3), (8, 2), (9, 3), (10, 2), (11, 3), (6, 4), (7, 5), (8, 4), (9, 5), (10, 4), (11, 5)]
length: 18 99
2*[T] vs T3fnT3: -0.0011461446617343366 0.0022922893303455433
Estimated difference between T3^fnT3 - (T2^WT3 + h.c.) is: 0.0011461446686112067 1.313647601385893e-06
total cost: -2.82586961928799
singles alt: [(6, 0), (7, 1), (8, 0), (9, 1), (10, 0), (11, 1), (6, 2), (7, 3), (8, 2), (9, 3), (10, 2), (11, 3), (6, 4), (7, 5), (8, 4), (9, 5), (10, 4), (11, 5)]
length: 18 99
2*[T] vs T3fnT3: -0.0011461446617343366 0.0022922893303455433
Estimated difference between T3^fnT3 - (T2^WT3 + h.c.) is: 0.0011461446686112067 1.313647601385893e-06
total cost: -2.8258696192880683
singles alt: [(6, 0), (7, 1), (8, 0), (9, 1), (10, 0), (11, 1), (6, 2), (7, 3), (8, 2), (9, 3), (10, 2), (11, 3), (6, 4), (7, 5), (8, 4), (9, 5), (10, 4), (11, 5)]
length: 18 99
2*[T] vs T3fnT3: -0.0011461446617343366 0.0022922893303455433
Estimated difference between T3^fnT3 - (T2^WT3 + h.c.) is: 0.0011461446686112067 1.313647601385893e-06
total cost: -2.8258696192881705
singles alt: [(6, 0), (7, 1), (8, 0), (9, 1), (10, 0), (11, 1), (6, 2), (7, 3), (8, 2), (9, 3), (10, 2), (11, 3), (6, 4), (7, 5), (8, 4), (9, 5), (10, 4), (11, 5)]
length: 18 99
2*[T] vs T3fnT3: -0.0011461446617343366 0.0022922893303455433
Estimated difference between T3^fnT3 - (T2^WT3 + h.c.) is: 0.0011461446686112067 1.313647601385893e-06
total cost: -2.8258696192879946
singles alt: [(6, 0), (7, 1), (8, 0), (9, 1), (10, 0), (11, 1), (6, 2), (7, 3), (8, 2), (9, 3), (10, 2), (11, 3), (6, 4), (7, 5), (8, 4), (9, 5), (10, 4), (11, 5)]
length: 18 99
2*[T] vs T3fnT3: -0.0011461446617343366 0.0022922893303455433
Estimated difference between T3^fnT3 - (T2^WT3 + h.c.) is: 0.0011461446686112067 1.313647601385893e-06
total cost: -2.8258696192879933
singles alt: [(6, 0), (7, 1), (8, 0), (9, 1), (10, 0), (11, 1), (6, 2), (7, 3), (8, 2), (9, 3), (10, 2), (11, 3), (6, 4), (7, 5), (8, 4), (9, 5), (10, 4), (11, 5)]
callback: energy=-2.827015763957
singles alt: [(6, 0), (7, 1), (8, 0), (9, 1), (10, 0), (11, 1), (6, 2), (7, 3), (8, 2), (9, 3), (10, 2), (11, 3), (6, 4), (7, 5), (8, 4), (9, 5), (10, 4), (11, 5)]
length: 18 99
2*[T] vs T3fnT3: -0.0011493066827392268 0.0022986133723742943
Estimated difference between T3^fnT3 - (T2^WT3 + h.c.) is: 0.0011493066896350675 1.3209058668399173e-06
total cost: -2.8258791236591505
singles alt: [(6, 0), (7, 1), (8, 0), (9, 1), (10, 0), (11, 1), (6, 2), (7, 3), (8, 2), (9, 3), (10, 2), (11, 3), (6, 4), (7, 5), (8, 4), (9, 5), (10, 4), (11, 5)]
length: 18 99
2*[T] vs T3fnT3: -0.0011493066853378382 0.0022986133775715154
Estimated difference between T3^fnT3 - (T2^WT3 + h.c.) is: 0.0011493066922336772 1.3209058728131163e-06
total cost: -2.8258791236604215
singles alt: [(6, 0), (7, 1), (8, 0), (9, 1), (10, 0), (11, 1), (6, 2), (7, 3), (8, 2), (9, 3), (10, 2), (11, 3), (6, 4), (7, 5), (8, 4), (9, 5), (10, 4), (11, 5)]
length: 18 99
2*[T] vs T3fnT3: -0.0011493066827391832 0.002298613372374206
Estimated difference between T3^fnT3 - (T2^WT3 + h.c.) is: 0.0011493066896350226 1.3209058668398141e-06
total cost: -2.8258791236592073
singles alt: [(6, 0), (7, 1), (8, 0), (9, 1), (10, 0), (11, 1), (6, 2), (7, 3), (8, 2), (9, 3), (10, 2), (11, 3), (6, 4), (7, 5), (8, 4), (9, 5), (10, 4), (11, 5)]
length: 18 99
2*[T] vs T3fnT3: -0.001149306682004739 0.002298613370905316
Estimated difference between T3^fnT3 - (T2^WT3 + h.c.) is: 0.001149306688900577 1.320905865151608e-06
total cost: -2.8258791236628404
singles alt: [(6, 0), (7, 1), (8, 0), (9, 1), (10, 0), (11, 1), (6, 2), (7, 3), (8, 2), (9, 3), (10, 2), (11, 3), (6, 4), (7, 5), (8, 4), (9, 5), (10, 4), (11, 5)]
length: 18 99
2*[T] vs T3fnT3: -0.001149306682739186 0.0022986133723742128
Estimated difference between T3^fnT3 - (T2^WT3 + h.c.) is: 0.0011493066896350267 1.3209058668398237e-06
total cost: -2.825879123659202
singles alt: [(6, 0), (7, 1), (8, 0), (9, 1), (10, 0), (11, 1), (6, 2), (7, 3), (8, 2), (9, 3), (10, 2), (11, 3), (6, 4), (7, 5), (8, 4), (9, 5), (10, 4), (11, 5)]
length: 18 99
2*[T] vs T3fnT3: -0.0011493066875440793 0.0022986133819839984
Estimated difference between T3^fnT3 - (T2^WT3 + h.c.) is: 0.001149306694439919 1.3209058778844135e-06
total cost: -2.825879123653595
singles alt: [(6, 0), (7, 1), (8, 0), (9, 1), (10, 0), (11, 1), (6, 2), (7, 3), (8, 2), (9, 3), (10, 2), (11, 3), (6, 4), (7, 5), (8, 4), (9, 5), (10, 4), (11, 5)]
length: 18 99
2*[T] vs T3fnT3: -0.0011493066827392789 0.002298613372374396
Estimated difference between T3^fnT3 - (T2^WT3 + h.c.) is: 0.0011493066896351174 1.320905866840032e-06
total cost: -2.8258791236591057
singles alt: [(6, 0), (7, 1), (8, 0), (9, 1), (10, 0), (11, 1), (6, 2), (7, 3), (8, 2), (9, 3), (10, 2), (11, 3), (6, 4), (7, 5), (8, 4), (9, 5), (10, 4), (11, 5)]
length: 18 99
2*[T] vs T3fnT3: -0.001149306682018883 0.0022986133709336064
Estimated difference between T3^fnT3 - (T2^WT3 + h.c.) is: 0.0011493066889147233 1.3209058651841246e-06
total cost: -2.8258791236634107
singles alt: [(6, 0), (7, 1), (8, 0), (9, 1), (10, 0), (11, 1), (6, 2), (7, 3), (8, 2), (9, 3), (10, 2), (11, 3), (6, 4), (7, 5), (8, 4), (9, 5), (10, 4), (11, 5)]
length: 18 99
2*[T] vs T3fnT3: -0.0011493066827392819 0.0022986133723744044
Estimated difference between T3^fnT3 - (T2^WT3 + h.c.) is: 0.0011493066896351226 1.3209058668400439e-06
total cost: -2.8258791236591065
singles alt: [(6, 0), (7, 1), (8, 0), (9, 1), (10, 0), (11, 1), (6, 2), (7, 3), (8, 2), (9, 3), (10, 2), (11, 3), (6, 4), (7, 5), (8, 4), (9, 5), (10, 4), (11, 5)]
length: 18 99
2*[T] vs T3fnT3: -0.0011493066892138443 0.002298613385323528
Estimated difference between T3^fnT3 - (T2^WT3 + h.c.) is: 0.0011493066961096837 1.3209058817225568e-06
total cost: -2.825879123654843
singles alt: [(6, 0), (7, 1), (8, 0), (9, 1), (10, 0), (11, 1), (6, 2), (7, 3), (8, 2), (9, 3), (10, 2), (11, 3), (6, 4), (7, 5), (8, 4), (9, 5), (10, 4), (11, 5)]
length: 18 99
2*[T] vs T3fnT3: -0.0011493066827391843 0.002298613372374209
Estimated difference between T3^fnT3 - (T2^WT3 + h.c.) is: 0.0011493066896350245 1.3209058668398186e-06
total cost: -2.8258791236592034
singles alt: [(6, 0), (7, 1), (8, 0), (9, 1), (10, 0), (11, 1), (6, 2), (7, 3), (8, 2), (9, 3), (10, 2), (11, 3), (6, 4), (7, 5), (8, 4), (9, 5), (10, 4), (11, 5)]
length: 18 99
2*[T] vs T3fnT3: -0.0011493066777479419 0.0022986133623917244
Estimated difference between T3^fnT3 - (T2^WT3 + h.c.) is: 0.0011493066846437825 1.320905855366883e-06
total cost: -2.8258791236723075
singles alt: [(6, 0), (7, 1), (8, 0), (9, 1), (10, 0), (11, 1), (6, 2), (7, 3), (8, 2), (9, 3), (10, 2), (11, 3), (6, 4), (7, 5), (8, 4), (9, 5), (10, 4), (11, 5)]
length: 18 99
2*[T] vs T3fnT3: -0.0011493066827392184 0.0022986133723742774
Estimated difference between T3^fnT3 - (T2^WT3 + h.c.) is: 0.001149306689635059 1.320905866839898e-06
total cost: -2.825879123659137
singles alt: [(6, 0), (7, 1), (8, 0), (9, 1), (10, 0), (11, 1), (6, 2), (7, 3), (8, 2), (9, 3), (10, 2), (11, 3), (6, 4), (7, 5), (8, 4), (9, 5), (10, 4), (11, 5)]
length: 18 99
2*[T] vs T3fnT3: -0.0011493066822798376 0.0022986133714555154
Estimated difference between T3^fnT3 - (T2^WT3 + h.c.) is: 0.0011493066891756778 1.3209058657839581e-06
total cost: -2.825879123673936
singles alt: [(6, 0), (7, 1), (8, 0), (9, 1), (10, 0), (11, 1), (6, 2), (7, 3), (8, 2), (9, 3), (10, 2), (11, 3), (6, 4), (7, 5), (8, 4), (9, 5), (10, 4), (11, 5)]
length: 18 99
2*[T] vs T3fnT3: -0.0011493066827391685 0.0022986133723741768
Estimated difference between T3^fnT3 - (T2^WT3 + h.c.) is: 0.0011493066896350083 1.3209058668397813e-06
total cost: -2.8258791236592096
singles alt: [(6, 0), (7, 1), (8, 0), (9, 1), (10, 0), (11, 1), (6, 2), (7, 3), (8, 2), (9, 3), (10, 2), (11, 3), (6, 4), (7, 5), (8, 4), (9, 5), (10, 4), (11, 5)]
length: 18 99
2*[T] vs T3fnT3: -0.001149306692678947 0.0022986133922537335
Estimated difference between T3^fnT3 - (T2^WT3 + h.c.) is: 0.0011493066995747865 1.3209058896874884e-06
total cost: -2.8258791236539844
singles alt: [(6, 0), (7, 1), (8, 0), (9, 1), (10, 0), (11, 1), (6, 2), (7, 3), (8, 2), (9, 3), (10, 2), (11, 3), (6, 4), (7, 5), (8, 4), (9, 5), (10, 4), (11, 5)]
length: 18 99
2*[T] vs T3fnT3: -0.0011493066827392166 0.002298613372374275
Estimated difference between T3^fnT3 - (T2^WT3 + h.c.) is: 0.0011493066896350586 1.320905866839897e-06
total cost: -2.825879123659138
singles alt: [(6, 0), (7, 1), (8, 0), (9, 1), (10, 0), (11, 1), (6, 2), (7, 3), (8, 2), (9, 3), (10, 2), (11, 3), (6, 4), (7, 5), (8, 4), (9, 5), (10, 4), (11, 5)]
length: 18 99
2*[T] vs T3fnT3: -0.0011493066871527586 0.0022986133812013584
Estimated difference between T3^fnT3 - (T2^WT3 + h.c.) is: 0.0011493066940485997 1.3209058769849217e-06
total cost: -2.8258791236548095
singles alt: [(6, 0), (7, 1), (8, 0), (9, 1), (10, 0), (11, 1), (6, 2), (7, 3), (8, 2), (9, 3), (10, 2), (11, 3), (6, 4), (7, 5), (8, 4), (9, 5), (10, 4), (11, 5)]
length: 18 99
2*[T] vs T3fnT3: -0.0011493066827391871 0.0022986133723742136
Estimated difference between T3^fnT3 - (T2^WT3 + h.c.) is: 0.0011493066896350265 1.320905866839823e-06
total cost: -2.8258791236591847
singles alt: [(6, 0), (7, 1), (8, 0), (9, 1), (10, 0), (11, 1), (6, 2), (7, 3), (8, 2), (9, 3), (10, 2), (11, 3), (6, 4), (7, 5), (8, 4), (9, 5), (10, 4), (11, 5)]
length: 18 99
2*[T] vs T3fnT3: -0.001149306684387236 0.0022986133756703123
Estimated difference between T3^fnT3 - (T2^WT3 + h.c.) is: 0.0011493066912830763 1.3209058706280523e-06
total cost: -2.8258791236485212
singles alt: [(6, 0), (7, 1), (8, 0), (9, 1), (10, 0), (11, 1), (6, 2), (7, 3), (8, 2), (9, 3), (10, 2), (11, 3), (6, 4), (7, 5), (8, 4), (9, 5), (10, 4), (11, 5)]
length: 18 99
2*[T] vs T3fnT3: -0.0011493066827392357 0.0022986133723743108
Estimated difference between T3^fnT3 - (T2^WT3 + h.c.) is: 0.001149306689635075 1.3209058668399348e-06
total cost: -2.825879123659134
singles alt: [(6, 0), (7, 1), (8, 0), (9, 1), (10, 0), (11, 1), (6, 2), (7, 3), (8, 2), (9, 3), (10, 2), (11, 3), (6, 4), (7, 5), (8, 4), (9, 5), (10, 4), (11, 5)]
length: 18 99
2*[T] vs T3fnT3: -0.001149306693691191 0.002298613394278222
Estimated difference between T3^fnT3 - (T2^WT3 + h.c.) is: 0.0011493067005870312 1.3209058920142478e-06
total cost: -2.8258791236642495
singles alt: [(6, 0), (7, 1), (8, 0), (9, 1), (10, 0), (11, 1), (6, 2), (7, 3), (8, 2), (9, 3), (10, 2), (11, 3), (6, 4), (7, 5), (8, 4), (9, 5), (10, 4), (11, 5)]
length: 18 99
2*[T] vs T3fnT3: -0.0011493066827392578 0.0022986133723743563
Estimated difference between T3^fnT3 - (T2^WT3 + h.c.) is: 0.0011493066896350985 1.3209058668399886e-06
total cost: -2.8258791236591363
singles alt: [(6, 0), (7, 1), (8, 0), (9, 1), (10, 0), (11, 1), (6, 2), (7, 3), (8, 2), (9, 3), (10, 2), (11, 3), (6, 4), (7, 5), (8, 4), (9, 5), (10, 4), (11, 5)]
length: 18 99
2*[T] vs T3fnT3: -0.0011493066828817682 0.0022986133726593757
Estimated difference between T3^fnT3 - (T2^WT3 + h.c.) is: 0.0011493066897776075 1.3209058671675619e-06
total cost: -2.8258791236454117
singles alt: [(6, 0), (7, 1), (8, 0), (9, 1), (10, 0), (11, 1), (6, 2), (7, 3), (8, 2), (9, 3), (10, 2), (11, 3), (6, 4), (7, 5), (8, 4), (9, 5), (10, 4), (11, 5)]
length: 18 99
2*[T] vs T3fnT3: -0.0011493066827392058 0.002298613372374252
Estimated difference between T3^fnT3 - (T2^WT3 + h.c.) is: 0.001149306689635046 1.320905866839868e-06
total cost: -2.8258791236591585
singles alt: [(6, 0), (7, 1), (8, 0), (9, 1), (10, 0), (11, 1), (6, 2), (7, 3), (8, 2), (9, 3), (10, 2), (11, 3), (6, 4), (7, 5), (8, 4), (9, 5), (10, 4), (11, 5)]
length: 18 99
2*[T] vs T3fnT3: -0.0011493066881193054 0.0022986133831344505
Estimated difference between T3^fnT3 - (T2^WT3 + h.c.) is: 0.0011493066950151452 1.320905879206636e-06
total cost: -2.825879123661613
singles alt: [(6, 0), (7, 1), (8, 0), (9, 1), (10, 0), (11, 1), (6, 2), (7, 3), (8, 2), (9, 3), (10, 2), (11, 3), (6, 4), (7, 5), (8, 4), (9, 5), (10, 4), (11, 5)]
length: 18 99
2*[T] vs T3fnT3: -0.0011493066827392188 0.002298613372374278
Estimated difference between T3^fnT3 - (T2^WT3 + h.c.) is: 0.001149306689635059 1.320905866839898e-06
total cost: -2.8258791236591594
singles alt: [(6, 0), (7, 1), (8, 0), (9, 1), (10, 0), (11, 1), (6, 2), (7, 3), (8, 2), (9, 3), (10, 2), (11, 3), (6, 4), (7, 5), (8, 4), (9, 5), (10, 4), (11, 5)]
length: 18 99
2*[T] vs T3fnT3: -0.001149306681109369 0.0022986133691145793
Estimated difference between T3^fnT3 - (T2^WT3 + h.c.) is: 0.0011493066880052102 1.3209058630935056e-06
total cost: -2.8258791236513754
singles alt: [(6, 0), (7, 1), (8, 0), (9, 1), (10, 0), (11, 1), (6, 2), (7, 3), (8, 2), (9, 3), (10, 2), (11, 3), (6, 4), (7, 5), (8, 4), (9, 5), (10, 4), (11, 5)]
length: 18 99
2*[T] vs T3fnT3: -0.0011493066827391982 0.0022986133723742366
Estimated difference between T3^fnT3 - (T2^WT3 + h.c.) is: 0.0011493066896350384 1.3209058668398506e-06
total cost: -2.825879123659187
singles alt: [(6, 0), (7, 1), (8, 0), (9, 1), (10, 0), (11, 1), (6, 2), (7, 3), (8, 2), (9, 3), (10, 2), (11, 3), (6, 4), (7, 5), (8, 4), (9, 5), (10, 4), (11, 5)]
length: 18 99
2*[T] vs T3fnT3: -0.0011493066823683817 0.002298613371632604
Estimated difference between T3^fnT3 - (T2^WT3 + h.c.) is: 0.0011493066892642224 1.3209058659874879e-06
total cost: -2.8258791236669887
singles alt: [(6, 0), (7, 1), (8, 0), (9, 1), (10, 0), (11, 1), (6, 2), (7, 3), (8, 2), (9, 3), (10, 2), (11, 3), (6, 4), (7, 5), (8, 4), (9, 5), (10, 4), (11, 5)]
length: 18 99
2*[T] vs T3fnT3: -0.0011493066827392253 0.0022986133723742895
Estimated difference between T3^fnT3 - (T2^WT3 + h.c.) is: 0.0011493066896350642 1.3209058668399098e-06
total cost: -2.825879123659138
singles alt: [(6, 0), (7, 1), (8, 0), (9, 1), (10, 0), (11, 1), (6, 2), (7, 3), (8, 2), (9, 3), (10, 2), (11, 3), (6, 4), (7, 5), (8, 4), (9, 5), (10, 4), (11, 5)]
length: 18 99
2*[T] vs T3fnT3: -0.0011493066778098502 0.0022986133625155416
Estimated difference between T3^fnT3 - (T2^WT3 + h.c.) is: 0.0011493066847056913 1.3209058555091874e-06
total cost: -2.82587912366914
singles alt: [(6, 0), (7, 1), (8, 0), (9, 1), (10, 0), (11, 1), (6, 2), (7, 3), (8, 2), (9, 3), (10, 2), (11, 3), (6, 4), (7, 5), (8, 4), (9, 5), (10, 4), (11, 5)]
length: 18 99
2*[T] vs T3fnT3: -0.0011493066827391804 0.0022986133723742006
Estimated difference between T3^fnT3 - (T2^WT3 + h.c.) is: 0.0011493066896350202 1.3209058668398086e-06
total cost: -2.825879123659199
singles alt: [(6, 0), (7, 1), (8, 0), (9, 1), (10, 0), (11, 1), (6, 2), (7, 3), (8, 2), (9, 3), (10, 2), (11, 3), (6, 4), (7, 5), (8, 4), (9, 5), (10, 4), (11, 5)]
length: 18 99
2*[T] vs T3fnT3: -0.0011493066874114788 0.002298613381718799
Estimated difference between T3^fnT3 - (T2^WT3 + h.c.) is: 0.0011493066943073203 1.3209058775796202e-06
total cost: -2.8258791236589396
singles alt: [(6, 0), (7, 1), (8, 0), (9, 1), (10, 0), (11, 1), (6, 2), (7, 3), (8, 2), (9, 3), (10, 2), (11, 3), (6, 4), (7, 5), (8, 4), (9, 5), (10, 4), (11, 5)]
length: 18 99
2*[T] vs T3fnT3: -0.0011493066827392307 0.002298613372374301
Estimated difference between T3^fnT3 - (T2^WT3 + h.c.) is: 0.00114930668963507 1.3209058668399234e-06
total cost: -2.825879123659134
singles alt: [(6, 0), (7, 1), (8, 0), (9, 1), (10, 0), (11, 1), (6, 2), (7, 3), (8, 2), (9, 3), (10, 2), (11, 3), (6, 4), (7, 5), (8, 4), (9, 5), (10, 4), (11, 5)]
length: 18 99
2*[T] vs T3fnT3: -0.0011493066930725892 0.0022986133930410187
Estimated difference between T3^fnT3 - (T2^WT3 + h.c.) is: 0.0011493066999684295 1.3209058905923216e-06
total cost: -2.825879123654916
singles alt: [(6, 0), (7, 1), (8, 0), (9, 1), (10, 0), (11, 1), (6, 2), (7, 3), (8, 2), (9, 3), (10, 2), (11, 3), (6, 4), (7, 5), (8, 4), (9, 5), (10, 4), (11, 5)]
length: 18 99
2*[T] vs T3fnT3: -0.001149306682739197 0.0022986133723742353
Estimated difference between T3^fnT3 - (T2^WT3 + h.c.) is: 0.0011493066896350382 1.3209058668398501e-06
total cost: -2.8258791236591785
singles alt: [(6, 0), (7, 1), (8, 0), (9, 1), (10, 0), (11, 1), (6, 2), (7, 3), (8, 2), (9, 3), (10, 2), (11, 3), (6, 4), (7, 5), (8, 4), (9, 5), (10, 4), (11, 5)]
length: 18 99
2*[T] vs T3fnT3: -0.0011493066900378638 0.0022986133869715678
Estimated difference between T3^fnT3 - (T2^WT3 + h.c.) is: 0.001149306696933704 1.320905883616661e-06
total cost: -2.8258791236733765
singles alt: [(6, 0), (7, 1), (8, 0), (9, 1), (10, 0), (11, 1), (6, 2), (7, 3), (8, 2), (9, 3), (10, 2), (11, 3), (6, 4), (7, 5), (8, 4), (9, 5), (10, 4), (11, 5)]
length: 18 99
2*[T] vs T3fnT3: -0.0011493066827391986 0.0022986133723742366
Estimated difference between T3^fnT3 - (T2^WT3 + h.c.) is: 0.001149306689635038 1.3209058668398495e-06
total cost: -2.825879123659201
singles alt: [(6, 0), (7, 1), (8, 0), (9, 1), (10, 0), (11, 1), (6, 2), (7, 3), (8, 2), (9, 3), (10, 2), (11, 3), (6, 4), (7, 5), (8, 4), (9, 5), (10, 4), (11, 5)]
length: 18 99
2*[T] vs T3fnT3: -0.0011493066793219339 0.002298613365539709
Estimated difference between T3^fnT3 - (T2^WT3 + h.c.) is: 0.001149306686217775 1.3209058589848831e-06
total cost: -2.8258791236630176
singles alt: [(6, 0), (7, 1), (8, 0), (9, 1), (10, 0), (11, 1), (6, 2), (7, 3), (8, 2), (9, 3), (10, 2), (11, 3), (6, 4), (7, 5), (8, 4), (9, 5), (10, 4), (11, 5)]
length: 18 99
2*[T] vs T3fnT3: -0.0011493066827392066 0.0022986133723742544
Estimated difference between T3^fnT3 - (T2^WT3 + h.c.) is: 0.0011493066896350477 1.320905866839872e-06
total cost: -2.8258791236591994
singles alt: [(6, 0), (7, 1), (8, 0), (9, 1), (10, 0), (11, 1), (6, 2), (7, 3), (8, 2), (9, 3), (10, 2), (11, 3), (6, 4), (7, 5), (8, 4), (9, 5), (10, 4), (11, 5)]
length: 18 99
2*[T] vs T3fnT3: -0.0011493067011890303 0.002298613409273902
Estimated difference between T3^fnT3 - (T2^WT3 + h.c.) is: 0.0011493067080848714 1.320905909248884e-06
total cost: -2.8258791236663097
singles alt: [(6, 0), (7, 1), (8, 0), (9, 1), (10, 0), (11, 1), (6, 2), (7, 3), (8, 2), (9, 3), (10, 2), (11, 3), (6, 4), (7, 5), (8, 4), (9, 5), (10, 4), (11, 5)]
length: 18 99
2*[T] vs T3fnT3: -0.0011493066827392609 0.002298613372374362
Estimated difference between T3^fnT3 - (T2^WT3 + h.c.) is: 0.001149306689635101 1.3209058668399946e-06
total cost: -2.8258791236591043
singles alt: [(6, 0), (7, 1), (8, 0), (9, 1), (10, 0), (11, 1), (6, 2), (7, 3), (8, 2), (9, 3), (10, 2), (11, 3), (6, 4), (7, 5), (8, 4), (9, 5), (10, 4), (11, 5)]
length: 18 99
2*[T] vs T3fnT3: -0.0011493066795357607 0.0022986133659673624
Estimated difference between T3^fnT3 - (T2^WT3 + h.c.) is: 0.0011493066864316018 1.3209058594763882e-06
total cost: -2.8258791236597105
singles alt: [(6, 0), (7, 1), (8, 0), (9, 1), (10, 0), (11, 1), (6, 2), (7, 3), (8, 2), (9, 3), (10, 2), (11, 3), (6, 4), (7, 5), (8, 4), (9, 5), (10, 4), (11, 5)]
length: 18 99
2*[T] vs T3fnT3: -0.0011493066827392786 0.0022986133723743975
Estimated difference between T3^fnT3 - (T2^WT3 + h.c.) is: 0.0011493066896351189 1.3209058668400354e-06
total cost: -2.825879123659102
singles alt: [(6, 0), (7, 1), (8, 0), (9, 1), (10, 0), (11, 1), (6, 2), (7, 3), (8, 2), (9, 3), (10, 2), (11, 3), (6, 4), (7, 5), (8, 4), (9, 5), (10, 4), (11, 5)]
length: 18 99
2*[T] vs T3fnT3: -0.001149306682015578 0.002298613370926995
Estimated difference between T3^fnT3 - (T2^WT3 + h.c.) is: 0.001149306688911417 1.3209058651765245e-06
total cost: -2.825879123662599
singles alt: [(6, 0), (7, 1), (8, 0), (9, 1), (10, 0), (11, 1), (6, 2), (7, 3), (8, 2), (9, 3), (10, 2), (11, 3), (6, 4), (7, 5), (8, 4), (9, 5), (10, 4), (11, 5)]
length: 18 99
2*[T] vs T3fnT3: -0.0011493066827392361 0.0022986133723743125
Estimated difference between T3^fnT3 - (T2^WT3 + h.c.) is: 0.0011493066896350764 1.3209058668399378e-06
total cost: -2.8258791236591265
singles alt: [(6, 0), (7, 1), (8, 0), (9, 1), (10, 0), (11, 1), (6, 2), (7, 3), (8, 2), (9, 3), (10, 2), (11, 3), (6, 4), (7, 5), (8, 4), (9, 5), (10, 4), (11, 5)]
length: 18 99
2*[T] vs T3fnT3: -0.0011493066856844637 0.002298613378264768
Estimated difference between T3^fnT3 - (T2^WT3 + h.c.) is: 0.0011493066925803044 1.3209058736098783e-06
total cost: -2.8258791236563594
singles alt: [(6, 0), (7, 1), (8, 0), (9, 1), (10, 0), (11, 1), (6, 2), (7, 3), (8, 2), (9, 3), (10, 2), (11, 3), (6, 4), (7, 5), (8, 4), (9, 5), (10, 4), (11, 5)]
length: 18 99
2*[T] vs T3fnT3: -0.0011493066827392001 0.0022986133723742396
Estimated difference between T3^fnT3 - (T2^WT3 + h.c.) is: 0.0011493066896350395 1.320905866839853e-06
total cost: -2.825879123659161
singles alt: [(6, 0), (7, 1), (8, 0), (9, 1), (10, 0), (11, 1), (6, 2), (7, 3), (8, 2), (9, 3), (10, 2), (11, 3), (6, 4), (7, 5), (8, 4), (9, 5), (10, 4), (11, 5)]
length: 18 99
2*[T] vs T3fnT3: -0.0011493066890065952 0.0022986133849090306
Estimated difference between T3^fnT3 - (T2^WT3 + h.c.) is: 0.0011493066959024354 1.3209058812461732e-06
total cost: -2.825879123656791
singles alt: [(6, 0), (7, 1), (8, 0), (9, 1), (10, 0), (11, 1), (6, 2), (7, 3), (8, 2), (9, 3), (10, 2), (11, 3), (6, 4), (7, 5), (8, 4), (9, 5), (10, 4), (11, 5)]
length: 18 99
2*[T] vs T3fnT3: -0.0011493066827392624 0.0022986133723743645
Estimated difference between T3^fnT3 - (T2^WT3 + h.c.) is: 0.0011493066896351022 1.320905866839997e-06
total cost: -2.8258791236591163
singles alt: [(6, 0), (7, 1), (8, 0), (9, 1), (10, 0), (11, 1), (6, 2), (7, 3), (8, 2), (9, 3), (10, 2), (11, 3), (6, 4), (7, 5), (8, 4), (9, 5), (10, 4), (11, 5)]
length: 18 99
2*[T] vs T3fnT3: -0.0011493066793135055 0.0022986133655228513
Estimated difference between T3^fnT3 - (T2^WT3 + h.c.) is: 0.0011493066862093458 1.3209058589655074e-06
total cost: -2.82587912366366
singles alt: [(6, 0), (7, 1), (8, 0), (9, 1), (10, 0), (11, 1), (6, 2), (7, 3), (8, 2), (9, 3), (10, 2), (11, 3), (6, 4), (7, 5), (8, 4), (9, 5), (10, 4), (11, 5)]
length: 18 99
2*[T] vs T3fnT3: -0.0011493066827392457 0.0022986133723743316
Estimated difference between T3^fnT3 - (T2^WT3 + h.c.) is: 0.001149306689635086 1.3209058668399596e-06
total cost: -2.8258791236591567
singles alt: [(6, 0), (7, 1), (8, 0), (9, 1), (10, 0), (11, 1), (6, 2), (7, 3), (8, 2), (9, 3), (10, 2), (11, 3), (6, 4), (7, 5), (8, 4), (9, 5), (10, 4), (11, 5)]
length: 18 99
2*[T] vs T3fnT3: -0.001149306681183289 0.002298613369262418
Estimated difference between T3^fnT3 - (T2^WT3 + h.c.) is: 0.0011493066880791292 1.3209058632634168e-06
total cost: -2.825879123657446
singles alt: [(6, 0), (7, 1), (8, 0), (9, 1), (10, 0), (11, 1), (6, 2), (7, 3), (8, 2), (9, 3), (10, 2), (11, 3), (6, 4), (7, 5), (8, 4), (9, 5), (10, 4), (11, 5)]
length: 18 99
2*[T] vs T3fnT3: -0.0011493066827392773 0.002298613372374395
Estimated difference between T3^fnT3 - (T2^WT3 + h.c.) is: 0.0011493066896351176 1.3209058668400325e-06
total cost: -2.8258791236591216
singles alt: [(6, 0), (7, 1), (8, 0), (9, 1), (10, 0), (11, 1), (6, 2), (7, 3), (8, 2), (9, 3), (10, 2), (11, 3), (6, 4), (7, 5), (8, 4), (9, 5), (10, 4), (11, 5)]
length: 18 99
2*[T] vs T3fnT3: -0.001149306683986043 0.0022986133748679263
Estimated difference between T3^fnT3 - (T2^WT3 + h.c.) is: 0.0011493066908818833 1.3209058697058649e-06
total cost: -2.825879123653436
singles alt: [(6, 0), (7, 1), (8, 0), (9, 1), (10, 0), (11, 1), (6, 2), (7, 3), (8, 2), (9, 3), (10, 2), (11, 3), (6, 4), (7, 5), (8, 4), (9, 5), (10, 4), (11, 5)]
length: 18 99
2*[T] vs T3fnT3: -0.001149306682739253 0.0022986133723743463
Estimated difference between T3^fnT3 - (T2^WT3 + h.c.) is: 0.0011493066896350933 1.3209058668399766e-06
total cost: -2.8258791236591505
singles alt: [(6, 0), (7, 1), (8, 0), (9, 1), (10, 0), (11, 1), (6, 2), (7, 3), (8, 2), (9, 3), (10, 2), (11, 3), (6, 4), (7, 5), (8, 4), (9, 5), (10, 4), (11, 5)]
length: 18 99
2*[T] vs T3fnT3: -0.0011493066885870833 0.002298613384070007
Estimated difference between T3^fnT3 - (T2^WT3 + h.c.) is: 0.0011493066954829235 1.3209058802818776e-06
total cost: -2.8258791236613163
singles alt: [(6, 0), (7, 1), (8, 0), (9, 1), (10, 0), (11, 1), (6, 2), (7, 3), (8, 2), (9, 3), (10, 2), (11, 3), (6, 4), (7, 5), (8, 4), (9, 5), (10, 4), (11, 5)]
length: 18 99
2*[T] vs T3fnT3: -0.001149306682739237 0.0022986133723743147
Estimated difference between T3^fnT3 - (T2^WT3 + h.c.) is: 0.0011493066896350777 1.3209058668399408e-06
total cost: -2.8258791236591434
singles alt: [(6, 0), (7, 1), (8, 0), (9, 1), (10, 0), (11, 1), (6, 2), (7, 3), (8, 2), (9, 3), (10, 2), (11, 3), (6, 4), (7, 5), (8, 4), (9, 5), (10, 4), (11, 5)]
length: 18 99
2*[T] vs T3fnT3: -0.0011493066828989521 0.0022986133726937445
Estimated difference between T3^fnT3 - (T2^WT3 + h.c.) is: 0.0011493066897947924 1.320905867207063e-06
total cost: -2.8258791236519127
singles alt: [(6, 0), (7, 1), (8, 0), (9, 1), (10, 0), (11, 1), (6, 2), (7, 3), (8, 2), (9, 3), (10, 2), (11, 3), (6, 4), (7, 5), (8, 4), (9, 5), (10, 4), (11, 5)]
length: 18 99
2*[T] vs T3fnT3: -0.0011493066827392147 0.0022986133723742704
Estimated difference between T3^fnT3 - (T2^WT3 + h.c.) is: 0.0011493066896350558 1.3209058668398904e-06
total cost: -2.8258791236591567
singles alt: [(6, 0), (7, 1), (8, 0), (9, 1), (10, 0), (11, 1), (6, 2), (7, 3), (8, 2), (9, 3), (10, 2), (11, 3), (6, 4), (7, 5), (8, 4), (9, 5), (10, 4), (11, 5)]
length: 18 99
2*[T] vs T3fnT3: -0.0011493066936829864 0.0022986133942618143
Estimated difference between T3^fnT3 - (T2^WT3 + h.c.) is: 0.001149306700578828 1.3209058919953916e-06
total cost: -2.825879123660102
singles alt: [(6, 0), (7, 1), (8, 0), (9, 1), (10, 0), (11, 1), (6, 2), (7, 3), (8, 2), (9, 3), (10, 2), (11, 3), (6, 4), (7, 5), (8, 4), (9, 5), (10, 4), (11, 5)]
length: 18 99
2*[T] vs T3fnT3: -0.001149306682739211 0.0022986133723742626
Estimated difference between T3^fnT3 - (T2^WT3 + h.c.) is: 0.0011493066896350517 1.3209058668398808e-06
total cost: -2.8258791236591576
singles alt: [(6, 0), (7, 1), (8, 0), (9, 1), (10, 0), (11, 1), (6, 2), (7, 3), (8, 2), (9, 3), (10, 2), (11, 3), (6, 4), (7, 5), (8, 4), (9, 5), (10, 4), (11, 5)]
length: 18 99
2*[T] vs T3fnT3: -0.0011493066812286509 0.0022986133693531437
Estimated difference between T3^fnT3 - (T2^WT3 + h.c.) is: 0.0011493066881244928 1.3209058633676901e-06
total cost: -2.8258791236483303
singles alt: [(6, 0), (7, 1), (8, 0), (9, 1), (10, 0), (11, 1), (6, 2), (7, 3), (8, 2), (9, 3), (10, 2), (11, 3), (6, 4), (7, 5), (8, 4), (9, 5), (10, 4), (11, 5)]
length: 18 99
2*[T] vs T3fnT3: -0.001149306682739227 0.0022986133723742947
Estimated difference between T3^fnT3 - (T2^WT3 + h.c.) is: 0.0011493066896350677 1.320905866839918e-06
total cost: -2.825879123659128
singles alt: [(6, 0), (7, 1), (8, 0), (9, 1), (10, 0), (11, 1), (6, 2), (7, 3), (8, 2), (9, 3), (10, 2), (11, 3), (6, 4), (7, 5), (8, 4), (9, 5), (10, 4), (11, 5)]
length: 18 99
2*[T] vs T3fnT3: -0.0011493066888658276 0.002298613384627495
Estimated difference between T3^fnT3 - (T2^WT3 + h.c.) is: 0.0011493066957616674 1.320905880922602e-06
total cost: -2.8258791236583014
singles alt: [(6, 0), (7, 1), (8, 0), (9, 1), (10, 0), (11, 1), (6, 2), (7, 3), (8, 2), (9, 3), (10, 2), (11, 3), (6, 4), (7, 5), (8, 4), (9, 5), (10, 4), (11, 5)]
length: 18 99
2*[T] vs T3fnT3: -0.00114930668273925 0.0022986133723743403
Estimated difference between T3^fnT3 - (T2^WT3 + h.c.) is: 0.0011493066896350902 1.3209058668399696e-06
total cost: -2.825879123659151
singles alt: [(6, 0), (7, 1), (8, 0), (9, 1), (10, 0), (11, 1), (6, 2), (7, 3), (8, 2), (9, 3), (10, 2), (11, 3), (6, 4), (7, 5), (8, 4), (9, 5), (10, 4), (11, 5)]
length: 18 99
2*[T] vs T3fnT3: -0.0011493066856069977 0.002298613378109836
Estimated difference between T3^fnT3 - (T2^WT3 + h.c.) is: 0.0011493066925028384 1.320905873431814e-06
total cost: -2.8258791236581255
singles alt: [(6, 0), (7, 1), (8, 0), (9, 1), (10, 0), (11, 1), (6, 2), (7, 3), (8, 2), (9, 3), (10, 2), (11, 3), (6, 4), (7, 5), (8, 4), (9, 5), (10, 4), (11, 5)]
length: 18 99
2*[T] vs T3fnT3: -0.0011493066827392637 0.002298613372374367
Estimated difference between T3^fnT3 - (T2^WT3 + h.c.) is: 0.0011493066896351035 1.32090586684e-06
total cost: -2.825879123659123
singles alt: [(6, 0), (7, 1), (8, 0), (9, 1), (10, 0), (11, 1), (6, 2), (7, 3), (8, 2), (9, 3), (10, 2), (11, 3), (6, 4), (7, 5), (8, 4), (9, 5), (10, 4), (11, 5)]
length: 18 99
2*[T] vs T3fnT3: -0.0011493066810612806 0.002298613369018402
Estimated difference between T3^fnT3 - (T2^WT3 + h.c.) is: 0.0011493066879571213 1.3209058629829678e-06
total cost: -2.82587912365547
singles alt: [(6, 0), (7, 1), (8, 0), (9, 1), (10, 0), (11, 1), (6, 2), (7, 3), (8, 2), (9, 3), (10, 2), (11, 3), (6, 4), (7, 5), (8, 4), (9, 5), (10, 4), (11, 5)]
length: 18 99
2*[T] vs T3fnT3: -0.0011493066827392197 0.0022986133723742804
Estimated difference between T3^fnT3 - (T2^WT3 + h.c.) is: 0.0011493066896350608 1.3209058668399018e-06
total cost: -2.825879123659153
singles alt: [(6, 0), (7, 1), (8, 0), (9, 1), (10, 0), (11, 1), (6, 2), (7, 3), (8, 2), (9, 3), (10, 2), (11, 3), (6, 4), (7, 5), (8, 4), (9, 5), (10, 4), (11, 5)]
length: 18 99
2*[T] vs T3fnT3: -0.001149306679268899 0.0022986133654336388
Estimated difference between T3^fnT3 - (T2^WT3 + h.c.) is: 0.0011493066861647397 1.3209058588629756e-06
total cost: -2.8258791236615126
singles alt: [(6, 0), (7, 1), (8, 0), (9, 1), (10, 0), (11, 1), (6, 2), (7, 3), (8, 2), (9, 3), (10, 2), (11, 3), (6, 4), (7, 5), (8, 4), (9, 5), (10, 4), (11, 5)]
length: 18 99
2*[T] vs T3fnT3: -0.0011493066827392732 0.0022986133723743862
Estimated difference between T3^fnT3 - (T2^WT3 + h.c.) is: 0.001149306689635113 1.320905866840022e-06
total cost: -2.8258791236591225
singles alt: [(6, 0), (7, 1), (8, 0), (9, 1), (10, 0), (11, 1), (6, 2), (7, 3), (8, 2), (9, 3), (10, 2), (11, 3), (6, 4), (7, 5), (8, 4), (9, 5), (10, 4), (11, 5)]
length: 18 99
2*[T] vs T3fnT3: -0.0011493066902743363 0.0022986133874445132
Estimated difference between T3^fnT3 - (T2^WT3 + h.c.) is: 0.001149306697170177 1.3209058841602208e-06
total cost: -2.82587912365808
singles alt: [(6, 0), (7, 1), (8, 0), (9, 1), (10, 0), (11, 1), (6, 2), (7, 3), (8, 2), (9, 3), (10, 2), (11, 3), (6, 4), (7, 5), (8, 4), (9, 5), (10, 4), (11, 5)]
length: 18 99
2*[T] vs T3fnT3: -0.0011493066827391863 0.0022986133723742128
Estimated difference between T3^fnT3 - (T2^WT3 + h.c.) is: 0.0011493066896350265 1.320905866839823e-06
total cost: -2.8258791236591767
singles alt: [(6, 0), (7, 1), (8, 0), (9, 1), (10, 0), (11, 1), (6, 2), (7, 3), (8, 2), (9, 3), (10, 2), (11, 3), (6, 4), (7, 5), (8, 4), (9, 5), (10, 4), (11, 5)]
length: 18 99
2*[T] vs T3fnT3: -0.0011493066811715876 0.0022986133692390154
Estimated difference between T3^fnT3 - (T2^WT3 + h.c.) is: 0.0011493066880674278 1.3209058632365199e-06
total cost: -2.825879123660066
singles alt: [(6, 0), (7, 1), (8, 0), (9, 1), (10, 0), (11, 1), (6, 2), (7, 3), (8, 2), (9, 3), (10, 2), (11, 3), (6, 4), (7, 5), (8, 4), (9, 5), (10, 4), (11, 5)]
length: 18 99
2*[T] vs T3fnT3: -0.0011493066827391834 0.0022986133723742076
Estimated difference between T3^fnT3 - (T2^WT3 + h.c.) is: 0.0011493066896350241 1.3209058668398177e-06
total cost: -2.825879123659178
singles alt: [(6, 0), (7, 1), (8, 0), (9, 1), (10, 0), (11, 1), (6, 2), (7, 3), (8, 2), (9, 3), (10, 2), (11, 3), (6, 4), (7, 5), (8, 4), (9, 5), (10, 4), (11, 5)]
length: 18 99
2*[T] vs T3fnT3: -0.0011493066961537964 0.0022986133992034335
Estimated difference between T3^fnT3 - (T2^WT3 + h.c.) is: 0.001149306703049637 1.3209058976748267e-06
total cost: -2.825879123651475
singles alt: [(6, 0), (7, 1), (8, 0), (9, 1), (10, 0), (11, 1), (6, 2), (7, 3), (8, 2), (9, 3), (10, 2), (11, 3), (6, 4), (7, 5), (8, 4), (9, 5), (10, 4), (11, 5)]
length: 18 99
2*[T] vs T3fnT3: -0.0011493066827392864 0.002298613372374413
Estimated difference between T3^fnT3 - (T2^WT3 + h.c.) is: 0.0011493066896351267 1.3209058668400534e-06
total cost: -2.8258791236591225
singles alt: [(6, 0), (7, 1), (8, 0), (9, 1), (10, 0), (11, 1), (6, 2), (7, 3), (8, 2), (9, 3), (10, 2), (11, 3), (6, 4), (7, 5), (8, 4), (9, 5), (10, 4), (11, 5)]
length: 18 99
2*[T] vs T3fnT3: -0.0011493066813022441 0.0022986133695003285
Estimated difference between T3^fnT3 - (T2^WT3 + h.c.) is: 0.0011493066881980844 1.3209058635368488e-06
total cost: -2.8258791236608864
singles alt: [(6, 0), (7, 1), (8, 0), (9, 1), (10, 0), (11, 1), (6, 2), (7, 3), (8, 2), (9, 3), (10, 2), (11, 3), (6, 4), (7, 5), (8, 4), (9, 5), (10, 4), (11, 5)]
length: 18 99
2*[T] vs T3fnT3: -0.0011493066827392895 0.002298613372374419
Estimated difference between T3^fnT3 - (T2^WT3 + h.c.) is: 0.0011493066896351297 1.3209058668400604e-06
total cost: -2.8258791236591208
singles alt: [(6, 0), (7, 1), (8, 0), (9, 1), (10, 0), (11, 1), (6, 2), (7, 3), (8, 2), (9, 3), (10, 2), (11, 3), (6, 4), (7, 5), (8, 4), (9, 5), (10, 4), (11, 5)]
length: 18 99
2*[T] vs T3fnT3: -0.0011493066863046202 0.0022986133795050807
Estimated difference between T3^fnT3 - (T2^WT3 + h.c.) is: 0.0011493066932004605 1.3209058750353773e-06
total cost: -2.825879123653993
singles alt: [(6, 0), (7, 1), (8, 0), (9, 1), (10, 0), (11, 1), (6, 2), (7, 3), (8, 2), (9, 3), (10, 2), (11, 3), (6, 4), (7, 5), (8, 4), (9, 5), (10, 4), (11, 5)]
length: 18 99
2*[T] vs T3fnT3: -0.0011493066818856418 0.0022986133706671243
Estimated difference between T3^fnT3 - (T2^WT3 + h.c.) is: 0.0011493066887814825 1.3209058648778554e-06
total cost: -2.8258791236528737
singles alt: [(6, 0), (7, 1), (8, 0), (9, 1), (10, 0), (11, 1), (6, 2), (7, 3), (8, 2), (9, 3), (10, 2), (11, 3), (6, 4), (7, 5), (8, 4), (9, 5), (10, 4), (11, 5)]
length: 18 99
2*[T] vs T3fnT3: -0.001149306681706341 0.0022986133703085223
Estimated difference between T3^fnT3 - (T2^WT3 + h.c.) is: 0.0011493066886021812 1.3209058644657112e-06
total cost: -2.825879123653195
singles alt: [(6, 0), (7, 1), (8, 0), (9, 1), (10, 0), (11, 1), (6, 2), (7, 3), (8, 2), (9, 3), (10, 2), (11, 3), (6, 4), (7, 5), (8, 4), (9, 5), (10, 4), (11, 5)]
length: 18 99
2*[T] vs T3fnT3: -0.0011493066827392105 0.0022986133723742613
Estimated difference between T3^fnT3 - (T2^WT3 + h.c.) is: 0.0011493066896350508 1.320905866839879e-06
total cost: -2.8258791236591523
singles alt: [(6, 0), (7, 1), (8, 0), (9, 1), (10, 0), (11, 1), (6, 2), (7, 3), (8, 2), (9, 3), (10, 2), (11, 3), (6, 4), (7, 5), (8, 4), (9, 5), (10, 4), (11, 5)]
length: 18 99
2*[T] vs T3fnT3: -0.0011493066827391988 0.002298613372374238
Estimated difference between T3^fnT3 - (T2^WT3 + h.c.) is: 0.001149306689635039 1.320905866839852e-06
total cost: -2.825879123659151
singles alt: [(6, 0), (7, 1), (8, 0), (9, 1), (10, 0), (11, 1), (6, 2), (7, 3), (8, 2), (9, 3), (10, 2), (11, 3), (6, 4), (7, 5), (8, 4), (9, 5), (10, 4), (11, 5)]
length: 18 99
2*[T] vs T3fnT3: -0.0011493066797436098 0.0022986133663830616
Estimated difference between T3^fnT3 - (T2^WT3 + h.c.) is: 0.0011493066866394518 1.320905859954155e-06
total cost: -2.825879123660717
singles alt: [(6, 0), (7, 1), (8, 0), (9, 1), (10, 0), (11, 1), (6, 2), (7, 3), (8, 2), (9, 3), (10, 2), (11, 3), (6, 4), (7, 5), (8, 4), (9, 5), (10, 4), (11, 5)]
length: 18 99
2*[T] vs T3fnT3: -0.0011493066796499068 0.0022986133661956542
Estimated difference between T3^fnT3 - (T2^WT3 + h.c.) is: 0.0011493066865457474 1.3209058597387649e-06
total cost: -2.8258791236592455
singles alt: [(6, 0), (7, 1), (8, 0), (9, 1), (10, 0), (11, 1), (6, 2), (7, 3), (8, 2), (9, 3), (10, 2), (11, 3), (6, 4), (7, 5), (8, 4), (9, 5), (10, 4), (11, 5)]
length: 18 99
2*[T] vs T3fnT3: -0.0011493066827392197 0.00229861337237428
Estimated difference between T3^fnT3 - (T2^WT3 + h.c.) is: 0.0011493066896350603 1.320905866839901e-06
total cost: -2.8258791236591505
singles alt: [(6, 0), (7, 1), (8, 0), (9, 1), (10, 0), (11, 1), (6, 2), (7, 3), (8, 2), (9, 3), (10, 2), (11, 3), (6, 4), (7, 5), (8, 4), (9, 5), (10, 4), (11, 5)]
length: 18 99
2*[T] vs T3fnT3: -0.001149306682739215 0.0022986133723742713
Estimated difference between T3^fnT3 - (T2^WT3 + h.c.) is: 0.0011493066896350562 1.3209058668398914e-06
total cost: -2.8258791236591527
singles alt: [(6, 0), (7, 1), (8, 0), (9, 1), (10, 0), (11, 1), (6, 2), (7, 3), (8, 2), (9, 3), (10, 2), (11, 3), (6, 4), (7, 5), (8, 4), (9, 5), (10, 4), (11, 5)]
length: 18 99
2*[T] vs T3fnT3: -0.0011493066879880937 0.0022986133828720276
Estimated difference between T3^fnT3 - (T2^WT3 + h.c.) is: 0.001149306694883934 1.320905878905032e-06
total cost: -2.82587912366149
singles alt: [(6, 0), (7, 1), (8, 0), (9, 1), (10, 0), (11, 1), (6, 2), (7, 3), (8, 2), (9, 3), (10, 2), (11, 3), (6, 4), (7, 5), (8, 4), (9, 5), (10, 4), (11, 5)]
length: 18 99
2*[T] vs T3fnT3: -0.0011493066879129633 0.0022986133827217663
Estimated difference between T3^fnT3 - (T2^WT3 + h.c.) is: 0.001149306694808803 1.3209058787323352e-06
total cost: -2.8258791236618843
singles alt: [(6, 0), (7, 1), (8, 0), (9, 1), (10, 0), (11, 1), (6, 2), (7, 3), (8, 2), (9, 3), (10, 2), (11, 3), (6, 4), (7, 5), (8, 4), (9, 5), (10, 4), (11, 5)]
length: 18 99
2*[T] vs T3fnT3: -0.0011493066827391858 0.0022986133723742115
Estimated difference between T3^fnT3 - (T2^WT3 + h.c.) is: 0.0011493066896350256 1.3209058668398211e-06
total cost: -2.8258791236591523
singles alt: [(6, 0), (7, 1), (8, 0), (9, 1), (10, 0), (11, 1), (6, 2), (7, 3), (8, 2), (9, 3), (10, 2), (11, 3), (6, 4), (7, 5), (8, 4), (9, 5), (10, 4), (11, 5)]
length: 18 99
2*[T] vs T3fnT3: -0.0011493066827392001 0.0022986133723742405
Estimated difference between T3^fnT3 - (T2^WT3 + h.c.) is: 0.0011493066896350404 1.320905866839855e-06
total cost: -2.82587912365915
singles alt: [(6, 0), (7, 1), (8, 0), (9, 1), (10, 0), (11, 1), (6, 2), (7, 3), (8, 2), (9, 3), (10, 2), (11, 3), (6, 4), (7, 5), (8, 4), (9, 5), (10, 4), (11, 5)]
length: 18 99
2*[T] vs T3fnT3: -0.001149306685438575 0.0022986133777729914
Estimated difference between T3^fnT3 - (T2^WT3 + h.c.) is: 0.0011493066923344165 1.3209058730446771e-06
total cost: -2.825879123665622
singles alt: [(6, 0), (7, 1), (8, 0), (9, 1), (10, 0), (11, 1), (6, 2), (7, 3), (8, 2), (9, 3), (10, 2), (11, 3), (6, 4), (7, 5), (8, 4), (9, 5), (10, 4), (11, 5)]
length: 18 99
2*[T] vs T3fnT3: -0.0011493066852089225 0.0022986133773136843
Estimated difference between T3^fnT3 - (T2^WT3 + h.c.) is: 0.0011493066921047619 1.3209058725167899e-06
total cost: -2.8258791236669363
singles alt: [(6, 0), (7, 1), (8, 0), (9, 1), (10, 0), (11, 1), (6, 2), (7, 3), (8, 2), (9, 3), (10, 2), (11, 3), (6, 4), (7, 5), (8, 4), (9, 5), (10, 4), (11, 5)]
length: 18 99
2*[T] vs T3fnT3: -0.0011493066827392 0.0022986133723742405
Estimated difference between T3^fnT3 - (T2^WT3 + h.c.) is: 0.0011493066896350406 1.3209058668398554e-06
total cost: -2.825879123659151
singles alt: [(6, 0), (7, 1), (8, 0), (9, 1), (10, 0), (11, 1), (6, 2), (7, 3), (8, 2), (9, 3), (10, 2), (11, 3), (6, 4), (7, 5), (8, 4), (9, 5), (10, 4), (11, 5)]
length: 18 99
2*[T] vs T3fnT3: -0.0011493066827392032 0.0022986133723742475
Estimated difference between T3^fnT3 - (T2^WT3 + h.c.) is: 0.0011493066896350443 1.320905866839864e-06
total cost: -2.825879123659152
singles alt: [(6, 0), (7, 1), (8, 0), (9, 1), (10, 0), (11, 1), (6, 2), (7, 3), (8, 2), (9, 3), (10, 2), (11, 3), (6, 4), (7, 5), (8, 4), (9, 5), (10, 4), (11, 5)]
length: 18 99
2*[T] vs T3fnT3: -0.0011493066844894778 0.0022986133758747954
Estimated difference between T3^fnT3 - (T2^WT3 + h.c.) is: 0.0011493066913853176 1.3209058708630656e-06
total cost: -2.8258791236570864
singles alt: [(6, 0), (7, 1), (8, 0), (9, 1), (10, 0), (11, 1), (6, 2), (7, 3), (8, 2), (9, 3), (10, 2), (11, 3), (6, 4), (7, 5), (8, 4), (9, 5), (10, 4), (11, 5)]
length: 18 99
2*[T] vs T3fnT3: -0.001149306684468626 0.002298613375833092
Estimated difference between T3^fnT3 - (T2^WT3 + h.c.) is: 0.0011493066913644662 1.3209058708151365e-06
total cost: -2.8258791236568612
singles alt: [(6, 0), (7, 1), (8, 0), (9, 1), (10, 0), (11, 1), (6, 2), (7, 3), (8, 2), (9, 3), (10, 2), (11, 3), (6, 4), (7, 5), (8, 4), (9, 5), (10, 4), (11, 5)]
length: 18 99
2*[T] vs T3fnT3: -0.0011493066827392268 0.0022986133723742943
Estimated difference between T3^fnT3 - (T2^WT3 + h.c.) is: 0.0011493066896350675 1.3209058668399173e-06
total cost: -2.825879123659149
singles alt: [(6, 0), (7, 1), (8, 0), (9, 1), (10, 0), (11, 1), (6, 2), (7, 3), (8, 2), (9, 3), (10, 2), (11, 3), (6, 4), (7, 5), (8, 4), (9, 5), (10, 4), (11, 5)]
length: 18 99
2*[T] vs T3fnT3: -0.0011493066827392268 0.0022986133723742943
Estimated difference between T3^fnT3 - (T2^WT3 + h.c.) is: 0.0011493066896350675 1.3209058668399173e-06
total cost: -2.825879123659147
singles alt: [(6, 0), (7, 1), (8, 0), (9, 1), (10, 0), (11, 1), (6, 2), (7, 3), (8, 2), (9, 3), (10, 2), (11, 3), (6, 4), (7, 5), (8, 4), (9, 5), (10, 4), (11, 5)]
length: 18 99
2*[T] vs T3fnT3: -0.0011493066827392268 0.0022986133723742943
Estimated difference between T3^fnT3 - (T2^WT3 + h.c.) is: 0.0011493066896350675 1.3209058668399173e-06
total cost: -2.8258791236635648
singles alt: [(6, 0), (7, 1), (8, 0), (9, 1), (10, 0), (11, 1), (6, 2), (7, 3), (8, 2), (9, 3), (10, 2), (11, 3), (6, 4), (7, 5), (8, 4), (9, 5), (10, 4), (11, 5)]
length: 18 99
2*[T] vs T3fnT3: -0.0011493066827392268 0.0022986133723742943
Estimated difference between T3^fnT3 - (T2^WT3 + h.c.) is: 0.0011493066896350675 1.3209058668399173e-06
total cost: -2.8258791236623426
singles alt: [(6, 0), (7, 1), (8, 0), (9, 1), (10, 0), (11, 1), (6, 2), (7, 3), (8, 2), (9, 3), (10, 2), (11, 3), (6, 4), (7, 5), (8, 4), (9, 5), (10, 4), (11, 5)]
length: 18 99
2*[T] vs T3fnT3: -0.0011493066827392268 0.0022986133723742943
Estimated difference between T3^fnT3 - (T2^WT3 + h.c.) is: 0.0011493066896350675 1.3209058668399173e-06
total cost: -2.825879123659161
singles alt: [(6, 0), (7, 1), (8, 0), (9, 1), (10, 0), (11, 1), (6, 2), (7, 3), (8, 2), (9, 3), (10, 2), (11, 3), (6, 4), (7, 5), (8, 4), (9, 5), (10, 4), (11, 5)]
length: 18 99
2*[T] vs T3fnT3: -0.0011493066827392268 0.0022986133723742943
Estimated difference between T3^fnT3 - (T2^WT3 + h.c.) is: 0.0011493066896350675 1.3209058668399173e-06
total cost: -2.8258791236591603
singles alt: [(6, 0), (7, 1), (8, 0), (9, 1), (10, 0), (11, 1), (6, 2), (7, 3), (8, 2), (9, 3), (10, 2), (11, 3), (6, 4), (7, 5), (8, 4), (9, 5), (10, 4), (11, 5)]
length: 18 99
2*[T] vs T3fnT3: -0.0011493066827392268 0.0022986133723742943
Estimated difference between T3^fnT3 - (T2^WT3 + h.c.) is: 0.0011493066896350675 1.3209058668399173e-06
total cost: -2.8258791236602043
singles alt: [(6, 0), (7, 1), (8, 0), (9, 1), (10, 0), (11, 1), (6, 2), (7, 3), (8, 2), (9, 3), (10, 2), (11, 3), (6, 4), (7, 5), (8, 4), (9, 5), (10, 4), (11, 5)]
length: 18 99
2*[T] vs T3fnT3: -0.0011493066827392268 0.0022986133723742943
Estimated difference between T3^fnT3 - (T2^WT3 + h.c.) is: 0.0011493066896350675 1.3209058668399173e-06
total cost: -2.825879123660482
singles alt: [(6, 0), (7, 1), (8, 0), (9, 1), (10, 0), (11, 1), (6, 2), (7, 3), (8, 2), (9, 3), (10, 2), (11, 3), (6, 4), (7, 5), (8, 4), (9, 5), (10, 4), (11, 5)]
length: 18 99
2*[T] vs T3fnT3: -0.0011493066827392268 0.0022986133723742943
Estimated difference between T3^fnT3 - (T2^WT3 + h.c.) is: 0.0011493066896350675 1.3209058668399173e-06
total cost: -2.82587912365916
singles alt: [(6, 0), (7, 1), (8, 0), (9, 1), (10, 0), (11, 1), (6, 2), (7, 3), (8, 2), (9, 3), (10, 2), (11, 3), (6, 4), (7, 5), (8, 4), (9, 5), (10, 4), (11, 5)]
length: 18 99
2*[T] vs T3fnT3: -0.0011493066827392268 0.0022986133723742943
Estimated difference between T3^fnT3 - (T2^WT3 + h.c.) is: 0.0011493066896350675 1.3209058668399173e-06
total cost: -2.825879123659159
singles alt: [(6, 0), (7, 1), (8, 0), (9, 1), (10, 0), (11, 1), (6, 2), (7, 3), (8, 2), (9, 3), (10, 2), (11, 3), (6, 4), (7, 5), (8, 4), (9, 5), (10, 4), (11, 5)]
length: 18 99
2*[T] vs T3fnT3: -0.0011493066827392268 0.0022986133723742943
Estimated difference between T3^fnT3 - (T2^WT3 + h.c.) is: 0.0011493066896350675 1.3209058668399173e-06
total cost: -2.8258791236562923
singles alt: [(6, 0), (7, 1), (8, 0), (9, 1), (10, 0), (11, 1), (6, 2), (7, 3), (8, 2), (9, 3), (10, 2), (11, 3), (6, 4), (7, 5), (8, 4), (9, 5), (10, 4), (11, 5)]
length: 18 99
2*[T] vs T3fnT3: -0.0011493066827392268 0.0022986133723742943
Estimated difference between T3^fnT3 - (T2^WT3 + h.c.) is: 0.0011493066896350675 1.3209058668399173e-06
total cost: -2.8258791236560197
singles alt: [(6, 0), (7, 1), (8, 0), (9, 1), (10, 0), (11, 1), (6, 2), (7, 3), (8, 2), (9, 3), (10, 2), (11, 3), (6, 4), (7, 5), (8, 4), (9, 5), (10, 4), (11, 5)]
length: 18 99
2*[T] vs T3fnT3: -0.0011493066827392268 0.0022986133723742943
Estimated difference between T3^fnT3 - (T2^WT3 + h.c.) is: 0.0011493066896350675 1.3209058668399173e-06
total cost: -2.8258791236591585
singles alt: [(6, 0), (7, 1), (8, 0), (9, 1), (10, 0), (11, 1), (6, 2), (7, 3), (8, 2), (9, 3), (10, 2), (11, 3), (6, 4), (7, 5), (8, 4), (9, 5), (10, 4), (11, 5)]
length: 18 99
2*[T] vs T3fnT3: -0.0011493066827392268 0.0022986133723742943
Estimated difference between T3^fnT3 - (T2^WT3 + h.c.) is: 0.0011493066896350675 1.3209058668399173e-06
total cost: -2.8258791236591567
singles alt: [(6, 0), (7, 1), (8, 0), (9, 1), (10, 0), (11, 1), (6, 2), (7, 3), (8, 2), (9, 3), (10, 2), (11, 3), (6, 4), (7, 5), (8, 4), (9, 5), (10, 4), (11, 5)]
length: 18 99
2*[T] vs T3fnT3: -0.0011493066827392268 0.0022986133723742943
Estimated difference between T3^fnT3 - (T2^WT3 + h.c.) is: 0.0011493066896350675 1.3209058668399173e-06
total cost: -2.8258791236585954
singles alt: [(6, 0), (7, 1), (8, 0), (9, 1), (10, 0), (11, 1), (6, 2), (7, 3), (8, 2), (9, 3), (10, 2), (11, 3), (6, 4), (7, 5), (8, 4), (9, 5), (10, 4), (11, 5)]
length: 18 99
2*[T] vs T3fnT3: -0.0011493066827392268 0.0022986133723742943
Estimated difference between T3^fnT3 - (T2^WT3 + h.c.) is: 0.0011493066896350675 1.3209058668399173e-06
total cost: -2.825879123658509
singles alt: [(6, 0), (7, 1), (8, 0), (9, 1), (10, 0), (11, 1), (6, 2), (7, 3), (8, 2), (9, 3), (10, 2), (11, 3), (6, 4), (7, 5), (8, 4), (9, 5), (10, 4), (11, 5)]
length: 18 99
2*[T] vs T3fnT3: -0.0011493066827392268 0.0022986133723742943
Estimated difference between T3^fnT3 - (T2^WT3 + h.c.) is: 0.0011493066896350675 1.3209058668399173e-06
total cost: -2.825879123659148
singles alt: [(6, 0), (7, 1), (8, 0), (9, 1), (10, 0), (11, 1), (6, 2), (7, 3), (8, 2), (9, 3), (10, 2), (11, 3), (6, 4), (7, 5), (8, 4), (9, 5), (10, 4), (11, 5)]
length: 18 99
2*[T] vs T3fnT3: -0.0011493066827392268 0.0022986133723742943
Estimated difference between T3^fnT3 - (T2^WT3 + h.c.) is: 0.0011493066896350675 1.3209058668399173e-06
total cost: -2.8258791236591487
singles alt: [(6, 0), (7, 1), (8, 0), (9, 1), (10, 0), (11, 1), (6, 2), (7, 3), (8, 2), (9, 3), (10, 2), (11, 3), (6, 4), (7, 5), (8, 4), (9, 5), (10, 4), (11, 5)]
callback: energy=-2.827028430349
singles alt: [(6, 0), (7, 1), (8, 0), (9, 1), (10, 0), (11, 1), (6, 2), (7, 3), (8, 2), (9, 3), (10, 2), (11, 3), (6, 4), (7, 5), (8, 4), (9, 5), (10, 4), (11, 5)]
length: 18 99
2*[T] vs T3fnT3: -0.001153866638560757 0.0023077332840447133
Estimated difference between T3^fnT3 - (T2^WT3 + h.c.) is: 0.0011538666454839564 1.3314082355603983e-06
total cost: -2.825887834453212
singles alt: [(6, 0), (7, 1), (8, 0), (9, 1), (10, 0), (11, 1), (6, 2), (7, 3), (8, 2), (9, 3), (10, 2), (11, 3), (6, 4), (7, 5), (8, 4), (9, 5), (10, 4), (11, 5)]
length: 18 99
2*[T] vs T3fnT3: -0.001153866641112432 0.0023077332891480637
Estimated difference between T3^fnT3 - (T2^WT3 + h.c.) is: 0.0011538666480356318 1.3314082414489846e-06
total cost: -2.8258878344617773
singles alt: [(6, 0), (7, 1), (8, 0), (9, 1), (10, 0), (11, 1), (6, 2), (7, 3), (8, 2), (9, 3), (10, 2), (11, 3), (6, 4), (7, 5), (8, 4), (9, 5), (10, 4), (11, 5)]
length: 18 99
2*[T] vs T3fnT3: -0.0011538666385609367 0.0023077332840450724
Estimated difference between T3^fnT3 - (T2^WT3 + h.c.) is: 0.0011538666454841357 1.331408235560812e-06
total cost: -2.825887834453002
singles alt: [(6, 0), (7, 1), (8, 0), (9, 1), (10, 0), (11, 1), (6, 2), (7, 3), (8, 2), (9, 3), (10, 2), (11, 3), (6, 4), (7, 5), (8, 4), (9, 5), (10, 4), (11, 5)]
length: 18 99
2*[T] vs T3fnT3: -0.001153866637788752 0.002307733282500705
Estimated difference between T3^fnT3 - (T2^WT3 + h.c.) is: 0.0011538666447119528 1.3314082337788199e-06
total cost: -2.825887834454795
singles alt: [(6, 0), (7, 1), (8, 0), (9, 1), (10, 0), (11, 1), (6, 2), (7, 3), (8, 2), (9, 3), (10, 2), (11, 3), (6, 4), (7, 5), (8, 4), (9, 5), (10, 4), (11, 5)]
length: 18 99
2*[T] vs T3fnT3: -0.001153866638560929 0.002307733284045058
Estimated difference between T3^fnT3 - (T2^WT3 + h.c.) is: 0.001153866645484129 1.3314082355607966e-06
total cost: -2.8258878344530074
singles alt: [(6, 0), (7, 1), (8, 0), (9, 1), (10, 0), (11, 1), (6, 2), (7, 3), (8, 2), (9, 3), (10, 2), (11, 3), (6, 4), (7, 5), (8, 4), (9, 5), (10, 4), (11, 5)]
length: 18 99
2*[T] vs T3fnT3: -0.0011538666433775569 0.0023077332936783128
Estimated difference between T3^fnT3 - (T2^WT3 + h.c.) is: 0.0011538666503007559 1.331408246676287e-06
total cost: -2.8258878344438667
singles alt: [(6, 0), (7, 1), (8, 0), (9, 1), (10, 0), (11, 1), (6, 2), (7, 3), (8, 2), (9, 3), (10, 2), (11, 3), (6, 4), (7, 5), (8, 4), (9, 5), (10, 4), (11, 5)]
length: 18 99
2*[T] vs T3fnT3: -0.0011538666385605145 0.00230773328404423
Estimated difference between T3^fnT3 - (T2^WT3 + h.c.) is: 0.0011538666454837157 1.3314082355598428e-06
total cost: -2.8258878344534075
singles alt: [(6, 0), (7, 1), (8, 0), (9, 1), (10, 0), (11, 1), (6, 2), (7, 3), (8, 2), (9, 3), (10, 2), (11, 3), (6, 4), (7, 5), (8, 4), (9, 5), (10, 4), (11, 5)]
length: 18 99
2*[T] vs T3fnT3: -0.0011538666377925166 0.0023077332825082323
Estimated difference between T3^fnT3 - (T2^WT3 + h.c.) is: 0.0011538666447157156 1.3314082337875034e-06
total cost: -2.8258878344570872
singles alt: [(6, 0), (7, 1), (8, 0), (9, 1), (10, 0), (11, 1), (6, 2), (7, 3), (8, 2), (9, 3), (10, 2), (11, 3), (6, 4), (7, 5), (8, 4), (9, 5), (10, 4), (11, 5)]
length: 18 99
2*[T] vs T3fnT3: -0.0011538666385605201 0.0023077332840442397
Estimated difference between T3^fnT3 - (T2^WT3 + h.c.) is: 0.0011538666454837196 1.3314082355598517e-06
total cost: -2.8258878344534
singles alt: [(6, 0), (7, 1), (8, 0), (9, 1), (10, 0), (11, 1), (6, 2), (7, 3), (8, 2), (9, 3), (10, 2), (11, 3), (6, 4), (7, 5), (8, 4), (9, 5), (10, 4), (11, 5)]
length: 18 99
2*[T] vs T3fnT3: -0.0011538666450639104 0.0023077332970510207
Estimated difference between T3^fnT3 - (T2^WT3 + h.c.) is: 0.0011538666519871103 1.3314082505679431e-06
total cost: -2.825887834441288
singles alt: [(6, 0), (7, 1), (8, 0), (9, 1), (10, 0), (11, 1), (6, 2), (7, 3), (8, 2), (9, 3), (10, 2), (11, 3), (6, 4), (7, 5), (8, 4), (9, 5), (10, 4), (11, 5)]
length: 18 99
2*[T] vs T3fnT3: -0.0011538666385609232 0.0023077332840450455
Estimated difference between T3^fnT3 - (T2^WT3 + h.c.) is: 0.0011538666454841222 1.3314082355607811e-06
total cost: -2.825887834453017
singles alt: [(6, 0), (7, 1), (8, 0), (9, 1), (10, 0), (11, 1), (6, 2), (7, 3), (8, 2), (9, 3), (10, 2), (11, 3), (6, 4), (7, 5), (8, 4), (9, 5), (10, 4), (11, 5)]
length: 18 99
2*[T] vs T3fnT3: -0.0011538666336417486 0.002307733274206697
Estimated difference between T3^fnT3 - (T2^WT3 + h.c.) is: 0.0011538666405649484 1.33140822420864e-06
total cost: -2.825887834467526
singles alt: [(6, 0), (7, 1), (8, 0), (9, 1), (10, 0), (11, 1), (6, 2), (7, 3), (8, 2), (9, 3), (10, 2), (11, 3), (6, 4), (7, 5), (8, 4), (9, 5), (10, 4), (11, 5)]
length: 18 99
2*[T] vs T3fnT3: -0.001153866638560765 0.002307733284044729
Estimated difference between T3^fnT3 - (T2^WT3 + h.c.) is: 0.001153866645483964 1.3314082355604158e-06
total cost: -2.825887834453276
singles alt: [(6, 0), (7, 1), (8, 0), (9, 1), (10, 0), (11, 1), (6, 2), (7, 3), (8, 2), (9, 3), (10, 2), (11, 3), (6, 4), (7, 5), (8, 4), (9, 5), (10, 4), (11, 5)]
length: 18 99
2*[T] vs T3fnT3: -0.0011538666381157607 0.002307733283154721
Estimated difference between T3^fnT3 - (T2^WT3 + h.c.) is: 0.0011538666450389605 1.3314082345334665e-06
total cost: -2.8258878344721063
singles alt: [(6, 0), (7, 1), (8, 0), (9, 1), (10, 0), (11, 1), (6, 2), (7, 3), (8, 2), (9, 3), (10, 2), (11, 3), (6, 4), (7, 5), (8, 4), (9, 5), (10, 4), (11, 5)]
length: 18 99
2*[T] vs T3fnT3: -0.0011538666385609523 0.002307733284045104
Estimated difference between T3^fnT3 - (T2^WT3 + h.c.) is: 0.0011538666454841517 1.331408235560849e-06
total cost: -2.8258878344529887
singles alt: [(6, 0), (7, 1), (8, 0), (9, 1), (10, 0), (11, 1), (6, 2), (7, 3), (8, 2), (9, 3), (10, 2), (11, 3), (6, 4), (7, 5), (8, 4), (9, 5), (10, 4), (11, 5)]
length: 18 99
2*[T] vs T3fnT3: -0.001153866648560858 0.0023077333040449166
Estimated difference between T3^fnT3 - (T2^WT3 + h.c.) is: 0.0011538666554840587 1.3314082586379674e-06
total cost: -2.825887834451307
singles alt: [(6, 0), (7, 1), (8, 0), (9, 1), (10, 0), (11, 1), (6, 2), (7, 3), (8, 2), (9, 3), (10, 2), (11, 3), (6, 4), (7, 5), (8, 4), (9, 5), (10, 4), (11, 5)]
length: 18 99
2*[T] vs T3fnT3: -0.0011538666385607149 0.00230773328404463
Estimated difference between T3^fnT3 - (T2^WT3 + h.c.) is: 0.0011538666454839152 1.3314082355603032e-06
total cost: -2.8258878344532725
singles alt: [(6, 0), (7, 1), (8, 0), (9, 1), (10, 0), (11, 1), (6, 2), (7, 3), (8, 2), (9, 3), (10, 2), (11, 3), (6, 4), (7, 5), (8, 4), (9, 5), (10, 4), (11, 5)]
length: 18 99
2*[T] vs T3fnT3: -0.0011538666429256421 0.002307733292774484
Estimated difference between T3^fnT3 - (T2^WT3 + h.c.) is: 0.001153866649848842 1.33140824563339e-06
total cost: -2.8258878344537757
singles alt: [(6, 0), (7, 1), (8, 0), (9, 1), (10, 0), (11, 1), (6, 2), (7, 3), (8, 2), (9, 3), (10, 2), (11, 3), (6, 4), (7, 5), (8, 4), (9, 5), (10, 4), (11, 5)]
length: 18 99
2*[T] vs T3fnT3: -0.0011538666385608638 0.0023077332840449275
Estimated difference between T3^fnT3 - (T2^WT3 + h.c.) is: 0.0011538666454840637 1.331408235560646e-06
total cost: -2.825887834453088
singles alt: [(6, 0), (7, 1), (8, 0), (9, 1), (10, 0), (11, 1), (6, 2), (7, 3), (8, 2), (9, 3), (10, 2), (11, 3), (6, 4), (7, 5), (8, 4), (9, 5), (10, 4), (11, 5)]
length: 18 99
2*[T] vs T3fnT3: -0.0011538666401152814 0.0023077332871537623
Estimated difference between T3^fnT3 - (T2^WT3 + h.c.) is: 0.0011538666470384809 1.3314082391478263e-06
total cost: -2.825887834441711
singles alt: [(6, 0), (7, 1), (8, 0), (9, 1), (10, 0), (11, 1), (6, 2), (7, 3), (8, 2), (9, 3), (10, 2), (11, 3), (6, 4), (7, 5), (8, 4), (9, 5), (10, 4), (11, 5)]
length: 18 99
2*[T] vs T3fnT3: -0.0011538666385607131 0.0023077332840446257
Estimated difference between T3^fnT3 - (T2^WT3 + h.c.) is: 0.0011538666454839126 1.331408235560297e-06
total cost: -2.8258878344532734
singles alt: [(6, 0), (7, 1), (8, 0), (9, 1), (10, 0), (11, 1), (6, 2), (7, 3), (8, 2), (9, 3), (10, 2), (11, 3), (6, 4), (7, 5), (8, 4), (9, 5), (10, 4), (11, 5)]
length: 18 99
2*[T] vs T3fnT3: -0.0011538666496333815 0.002307733306189962
Estimated difference between T3^fnT3 - (T2^WT3 + h.c.) is: 0.0011538666565565805 1.3314082611130616e-06
total cost: -2.8258878344586384
singles alt: [(6, 0), (7, 1), (8, 0), (9, 1), (10, 0), (11, 1), (6, 2), (7, 3), (8, 2), (9, 3), (10, 2), (11, 3), (6, 4), (7, 5), (8, 4), (9, 5), (10, 4), (11, 5)]
length: 18 99
2*[T] vs T3fnT3: -0.0011538666385606056 0.0023077332840444114
Estimated difference between T3^fnT3 - (T2^WT3 + h.c.) is: 0.0011538666454838059 1.331408235560051e-06
total cost: -2.8258878344532725
singles alt: [(6, 0), (7, 1), (8, 0), (9, 1), (10, 0), (11, 1), (6, 2), (7, 3), (8, 2), (9, 3), (10, 2), (11, 3), (6, 4), (7, 5), (8, 4), (9, 5), (10, 4), (11, 5)]
length: 18 99
2*[T] vs T3fnT3: -0.0011538666387246217 0.002307733284372443
Estimated difference between T3^fnT3 - (T2^WT3 + h.c.) is: 0.0011538666456478212 1.3314082359385544e-06
total cost: -2.8258878344401483
singles alt: [(6, 0), (7, 1), (8, 0), (9, 1), (10, 0), (11, 1), (6, 2), (7, 3), (8, 2), (9, 3), (10, 2), (11, 3), (6, 4), (7, 5), (8, 4), (9, 5), (10, 4), (11, 5)]
length: 18 99
2*[T] vs T3fnT3: -0.0011538666385608647 0.002307733284044929
Estimated difference between T3^fnT3 - (T2^WT3 + h.c.) is: 0.0011538666454840641 1.3314082355606469e-06
total cost: -2.825887834453181
singles alt: [(6, 0), (7, 1), (8, 0), (9, 1), (10, 0), (11, 1), (6, 2), (7, 3), (8, 2), (9, 3), (10, 2), (11, 3), (6, 4), (7, 5), (8, 4), (9, 5), (10, 4), (11, 5)]
length: 18 99
2*[T] vs T3fnT3: -0.0011538666439759877 0.002307733294875175
Estimated difference between T3^fnT3 - (T2^WT3 + h.c.) is: 0.0011538666508991871 1.3314082480573066e-06
total cost: -2.825887834450836
singles alt: [(6, 0), (7, 1), (8, 0), (9, 1), (10, 0), (11, 1), (6, 2), (7, 3), (8, 2), (9, 3), (10, 2), (11, 3), (6, 4), (7, 5), (8, 4), (9, 5), (10, 4), (11, 5)]
length: 18 99
2*[T] vs T3fnT3: -0.0011538666385607895 0.0023077332840447783
Estimated difference between T3^fnT3 - (T2^WT3 + h.c.) is: 0.0011538666454839889 1.3314082355604732e-06
total cost: -2.8258878344531766
singles alt: [(6, 0), (7, 1), (8, 0), (9, 1), (10, 0), (11, 1), (6, 2), (7, 3), (8, 2), (9, 3), (10, 2), (11, 3), (6, 4), (7, 5), (8, 4), (9, 5), (10, 4), (11, 5)]
length: 18 99
2*[T] vs T3fnT3: -0.0011538666368942178 0.0023077332807116347
Estimated difference between T3^fnT3 - (T2^WT3 + h.c.) is: 0.0011538666438174168 1.3314082317144695e-06
total cost: -2.825887834450013
singles alt: [(6, 0), (7, 1), (8, 0), (9, 1), (10, 0), (11, 1), (6, 2), (7, 3), (8, 2), (9, 3), (10, 2), (11, 3), (6, 4), (7, 5), (8, 4), (9, 5), (10, 4), (11, 5)]
length: 18 99
2*[T] vs T3fnT3: -0.0011538666385608658 0.0023077332840449314
Estimated difference between T3^fnT3 - (T2^WT3 + h.c.) is: 0.0011538666454840656 1.3314082355606505e-06
total cost: -2.825887834453078
singles alt: [(6, 0), (7, 1), (8, 0), (9, 1), (10, 0), (11, 1), (6, 2), (7, 3), (8, 2), (9, 3), (10, 2), (11, 3), (6, 4), (7, 5), (8, 4), (9, 5), (10, 4), (11, 5)]
length: 18 99
2*[T] vs T3fnT3: -0.0011538666382317644 0.0023077332833867283
Estimated difference between T3^fnT3 - (T2^WT3 + h.c.) is: 0.0011538666451549639 1.3314082348011713e-06
total cost: -2.8258878344634235
singles alt: [(6, 0), (7, 1), (8, 0), (9, 1), (10, 0), (11, 1), (6, 2), (7, 3), (8, 2), (9, 3), (10, 2), (11, 3), (6, 4), (7, 5), (8, 4), (9, 5), (10, 4), (11, 5)]
length: 18 99
2*[T] vs T3fnT3: -0.0011538666385607116 0.002307733284044624
Estimated difference between T3^fnT3 - (T2^WT3 + h.c.) is: 0.0011538666454839123 1.3314082355602966e-06
total cost: -2.8258878344532703
singles alt: [(6, 0), (7, 1), (8, 0), (9, 1), (10, 0), (11, 1), (6, 2), (7, 3), (8, 2), (9, 3), (10, 2), (11, 3), (6, 4), (7, 5), (8, 4), (9, 5), (10, 4), (11, 5)]
length: 18 99
2*[T] vs T3fnT3: -0.0011538666337183236 0.002307733274359847
Estimated difference between T3^fnT3 - (T2^WT3 + h.c.) is: 0.0011538666406415235 1.3314082243853547e-06
total cost: -2.8258878344620704
singles alt: [(6, 0), (7, 1), (8, 0), (9, 1), (10, 0), (11, 1), (6, 2), (7, 3), (8, 2), (9, 3), (10, 2), (11, 3), (6, 4), (7, 5), (8, 4), (9, 5), (10, 4), (11, 5)]
length: 18 99
2*[T] vs T3fnT3: -0.0011538666385609345 0.002307733284045068
Estimated difference between T3^fnT3 - (T2^WT3 + h.c.) is: 0.0011538666454841335 1.331408235560807e-06
total cost: -2.8258878344530243
singles alt: [(6, 0), (7, 1), (8, 0), (9, 1), (10, 0), (11, 1), (6, 2), (7, 3), (8, 2), (9, 3), (10, 2), (11, 3), (6, 4), (7, 5), (8, 4), (9, 5), (10, 4), (11, 5)]
length: 18 99
2*[T] vs T3fnT3: -0.0011538666431800354 0.0023077332932832715
Estimated difference between T3^fnT3 - (T2^WT3 + h.c.) is: 0.0011538666501032361 1.331408246220464e-06
total cost: -2.8258878344569727
singles alt: [(6, 0), (7, 1), (8, 0), (9, 1), (10, 0), (11, 1), (6, 2), (7, 3), (8, 2), (9, 3), (10, 2), (11, 3), (6, 4), (7, 5), (8, 4), (9, 5), (10, 4), (11, 5)]
length: 18 99
2*[T] vs T3fnT3: -0.0011538666385607426 0.0023077332840446855
Estimated difference between T3^fnT3 - (T2^WT3 + h.c.) is: 0.001153866645483943 1.3314082355603671e-06
total cost: -2.825887834453285
singles alt: [(6, 0), (7, 1), (8, 0), (9, 1), (10, 0), (11, 1), (6, 2), (7, 3), (8, 2), (9, 3), (10, 2), (11, 3), (6, 4), (7, 5), (8, 4), (9, 5), (10, 4), (11, 5)]
length: 18 99
2*[T] vs T3fnT3: -0.0011538666489782114 0.0023077333048796217
Estimated difference between T3^fnT3 - (T2^WT3 + h.c.) is: 0.0011538666559014104 1.3314082596011038e-06
total cost: -2.825887834452244
singles alt: [(6, 0), (7, 1), (8, 0), (9, 1), (10, 0), (11, 1), (6, 2), (7, 3), (8, 2), (9, 3), (10, 2), (11, 3), (6, 4), (7, 5), (8, 4), (9, 5), (10, 4), (11, 5)]
length: 18 99
2*[T] vs T3fnT3: -0.0011538666385608578 0.0023077332840449154
Estimated difference between T3^fnT3 - (T2^WT3 + h.c.) is: 0.0011538666454840576 1.3314082355606318e-06
total cost: -2.825887834453101
singles alt: [(6, 0), (7, 1), (8, 0), (9, 1), (10, 0), (11, 1), (6, 2), (7, 3), (8, 2), (9, 3), (10, 2), (11, 3), (6, 4), (7, 5), (8, 4), (9, 5), (10, 4), (11, 5)]
length: 18 99
2*[T] vs T3fnT3: -0.0011538666458395404 0.00230773329860228
Estimated difference between T3^fnT3 - (T2^WT3 + h.c.) is: 0.0011538666527627394 1.3314082523578883e-06
total cost: -2.8258878344699463
singles alt: [(6, 0), (7, 1), (8, 0), (9, 1), (10, 0), (11, 1), (6, 2), (7, 3), (8, 2), (9, 3), (10, 2), (11, 3), (6, 4), (7, 5), (8, 4), (9, 5), (10, 4), (11, 5)]
length: 18 99
2*[T] vs T3fnT3: -0.001153866638560827 0.002307733284044854
Estimated difference between T3^fnT3 - (T2^WT3 + h.c.) is: 0.0011538666454840268 1.3314082355605609e-06
total cost: -2.825887834453025
singles alt: [(6, 0), (7, 1), (8, 0), (9, 1), (10, 0), (11, 1), (6, 2), (7, 3), (8, 2), (9, 3), (10, 2), (11, 3), (6, 4), (7, 5), (8, 4), (9, 5), (10, 4), (11, 5)]
length: 18 99
2*[T] vs T3fnT3: -0.0011538666351499686 0.002307733277223136
Estimated difference between T3^fnT3 - (T2^WT3 + h.c.) is: 0.0011538666420731676 1.3314082276892074e-06
total cost: -2.8258878344557092
singles alt: [(6, 0), (7, 1), (8, 0), (9, 1), (10, 0), (11, 1), (6, 2), (7, 3), (8, 2), (9, 3), (10, 2), (11, 3), (6, 4), (7, 5), (8, 4), (9, 5), (10, 4), (11, 5)]
length: 18 99
2*[T] vs T3fnT3: -0.0011538666385608521 0.0023077332840449037
Estimated difference between T3^fnT3 - (T2^WT3 + h.c.) is: 0.0011538666454840515 1.3314082355606178e-06
total cost: -2.82588783445302
singles alt: [(6, 0), (7, 1), (8, 0), (9, 1), (10, 0), (11, 1), (6, 2), (7, 3), (8, 2), (9, 3), (10, 2), (11, 3), (6, 4), (7, 5), (8, 4), (9, 5), (10, 4), (11, 5)]
length: 18 99
2*[T] vs T3fnT3: -0.0011538666570440235 0.0023077333210112473
Estimated difference between T3^fnT3 - (T2^WT3 + h.c.) is: 0.0011538666639672238 1.3314082782148502e-06
total cost: -2.8258878344562652
singles alt: [(6, 0), (7, 1), (8, 0), (9, 1), (10, 0), (11, 1), (6, 2), (7, 3), (8, 2), (9, 3), (10, 2), (11, 3), (6, 4), (7, 5), (8, 4), (9, 5), (10, 4), (11, 5)]
length: 18 99
2*[T] vs T3fnT3: -0.001153866638560607 0.0023077332840444127
Estimated difference between T3^fnT3 - (T2^WT3 + h.c.) is: 0.0011538666454838056 1.3314082355600503e-06
total cost: -2.825887834453396
singles alt: [(6, 0), (7, 1), (8, 0), (9, 1), (10, 0), (11, 1), (6, 2), (7, 3), (8, 2), (9, 3), (10, 2), (11, 3), (6, 4), (7, 5), (8, 4), (9, 5), (10, 4), (11, 5)]
length: 18 99
2*[T] vs T3fnT3: -0.0011538666353714119 0.002307733277666024
Estimated difference between T3^fnT3 - (T2^WT3 + h.c.) is: 0.0011538666422946122 1.3314082282002425e-06
total cost: -2.825887834453534
singles alt: [(6, 0), (7, 1), (8, 0), (9, 1), (10, 0), (11, 1), (6, 2), (7, 3), (8, 2), (9, 3), (10, 2), (11, 3), (6, 4), (7, 5), (8, 4), (9, 5), (10, 4), (11, 5)]
length: 18 99
2*[T] vs T3fnT3: -0.0011538666385606223 0.0023077332840444444
Estimated difference between T3^fnT3 - (T2^WT3 + h.c.) is: 0.0011538666454838221 1.3314082355600885e-06
total cost: -2.825887834453394
singles alt: [(6, 0), (7, 1), (8, 0), (9, 1), (10, 0), (11, 1), (6, 2), (7, 3), (8, 2), (9, 3), (10, 2), (11, 3), (6, 4), (7, 5), (8, 4), (9, 5), (10, 4), (11, 5)]
length: 18 99
2*[T] vs T3fnT3: -0.0011538666377407252 0.0023077332824046493
Estimated difference between T3^fnT3 - (T2^WT3 + h.c.) is: 0.0011538666446639242 1.3314082336679827e-06
total cost: -2.8258878344526743
singles alt: [(6, 0), (7, 1), (8, 0), (9, 1), (10, 0), (11, 1), (6, 2), (7, 3), (8, 2), (9, 3), (10, 2), (11, 3), (6, 4), (7, 5), (8, 4), (9, 5), (10, 4), (11, 5)]
length: 18 99
2*[T] vs T3fnT3: -0.0011538666385607268 0.0023077332840446534
Estimated difference between T3^fnT3 - (T2^WT3 + h.c.) is: 0.0011538666454839266 1.3314082355603296e-06
total cost: -2.8258878344533063
singles alt: [(6, 0), (7, 1), (8, 0), (9, 1), (10, 0), (11, 1), (6, 2), (7, 3), (8, 2), (9, 3), (10, 2), (11, 3), (6, 4), (7, 5), (8, 4), (9, 5), (10, 4), (11, 5)]
length: 18 99
2*[T] vs T3fnT3: -0.0011538666415250689 0.002307733289973337
Estimated difference between T3^fnT3 - (T2^WT3 + h.c.) is: 0.0011538666484482683 1.3314082424012396e-06
total cost: -2.825887834448588
singles alt: [(6, 0), (7, 1), (8, 0), (9, 1), (10, 0), (11, 1), (6, 2), (7, 3), (8, 2), (9, 3), (10, 2), (11, 3), (6, 4), (7, 5), (8, 4), (9, 5), (10, 4), (11, 5)]
length: 18 99
2*[T] vs T3fnT3: -0.0011538666385608265 0.0023077332840448534
Estimated difference between T3^fnT3 - (T2^WT3 + h.c.) is: 0.0011538666454840268 1.3314082355605609e-06
total cost: -2.8258878344531744
singles alt: [(6, 0), (7, 1), (8, 0), (9, 1), (10, 0), (11, 1), (6, 2), (7, 3), (8, 2), (9, 3), (10, 2), (11, 3), (6, 4), (7, 5), (8, 4), (9, 5), (10, 4), (11, 5)]
length: 18 99
2*[T] vs T3fnT3: -0.0011538666448295443 0.0023077332965822876
Estimated difference between T3^fnT3 - (T2^WT3 + h.c.) is: 0.0011538666517527433 1.3314082500270866e-06
total cost: -2.825887834449186
singles alt: [(6, 0), (7, 1), (8, 0), (9, 1), (10, 0), (11, 1), (6, 2), (7, 3), (8, 2), (9, 3), (10, 2), (11, 3), (6, 4), (7, 5), (8, 4), (9, 5), (10, 4), (11, 5)]
length: 18 99
2*[T] vs T3fnT3: -0.0011538666385605897 0.002307733284044379
Estimated difference between T3^fnT3 - (T2^WT3 + h.c.) is: 0.0011538666454837892 1.3314082355600124e-06
total cost: -2.825887834453344
singles alt: [(6, 0), (7, 1), (8, 0), (9, 1), (10, 0), (11, 1), (6, 2), (7, 3), (8, 2), (9, 3), (10, 2), (11, 3), (6, 4), (7, 5), (8, 4), (9, 5), (10, 4), (11, 5)]
length: 18 99
2*[T] vs T3fnT3: -0.0011538666351728342 0.0023077332772688686
Estimated difference between T3^fnT3 - (T2^WT3 + h.c.) is: 0.0011538666420960345 1.3314082277419782e-06
total cost: -2.8258878344555733
singles alt: [(6, 0), (7, 1), (8, 0), (9, 1), (10, 0), (11, 1), (6, 2), (7, 3), (8, 2), (9, 3), (10, 2), (11, 3), (6, 4), (7, 5), (8, 4), (9, 5), (10, 4), (11, 5)]
length: 18 99
2*[T] vs T3fnT3: -0.001153866638560683 0.0023077332840445654
Estimated difference between T3^fnT3 - (T2^WT3 + h.c.) is: 0.0011538666454838824 1.3314082355602276e-06
total cost: -2.8258878344531793
singles alt: [(6, 0), (7, 1), (8, 0), (9, 1), (10, 0), (11, 1), (6, 2), (7, 3), (8, 2), (9, 3), (10, 2), (11, 3), (6, 4), (7, 5), (8, 4), (9, 5), (10, 4), (11, 5)]
length: 18 99
2*[T] vs T3fnT3: -0.001153866637002567 0.0023077332809283337
Estimated difference between T3^fnT3 - (T2^WT3 + h.c.) is: 0.0011538666439257668 1.3314082319645124e-06
total cost: -2.825887834449854
singles alt: [(6, 0), (7, 1), (8, 0), (9, 1), (10, 0), (11, 1), (6, 2), (7, 3), (8, 2), (9, 3), (10, 2), (11, 3), (6, 4), (7, 5), (8, 4), (9, 5), (10, 4), (11, 5)]
length: 18 99
2*[T] vs T3fnT3: -0.0011538666385605455 0.0023077332840442913
Estimated difference between T3^fnT3 - (T2^WT3 + h.c.) is: 0.0011538666454837458 1.3314082355599123e-06
total cost: -2.8258878344533223
singles alt: [(6, 0), (7, 1), (8, 0), (9, 1), (10, 0), (11, 1), (6, 2), (7, 3), (8, 2), (9, 3), (10, 2), (11, 3), (6, 4), (7, 5), (8, 4), (9, 5), (10, 4), (11, 5)]
length: 18 99
2*[T] vs T3fnT3: -0.0011538666397510001 0.0023077332864252
Estimated difference between T3^fnT3 - (T2^WT3 + h.c.) is: 0.0011538666466742 1.331408238307163e-06
total cost: -2.8258878344470593
singles alt: [(6, 0), (7, 1), (8, 0), (9, 1), (10, 0), (11, 1), (6, 2), (7, 3), (8, 2), (9, 3), (10, 2), (11, 3), (6, 4), (7, 5), (8, 4), (9, 5), (10, 4), (11, 5)]
length: 18 99
2*[T] vs T3fnT3: -0.0011538666385606199 0.0023077332840444383
Estimated difference between T3^fnT3 - (T2^WT3 + h.c.) is: 0.0011538666454838184 1.33140823556008e-06
total cost: -2.825887834453222
singles alt: [(6, 0), (7, 1), (8, 0), (9, 1), (10, 0), (11, 1), (6, 2), (7, 3), (8, 2), (9, 3), (10, 2), (11, 3), (6, 4), (7, 5), (8, 4), (9, 5), (10, 4), (11, 5)]
length: 18 99
2*[T] vs T3fnT3: -0.001153866644442237 0.0023077332958076737
Estimated difference between T3^fnT3 - (T2^WT3 + h.c.) is: 0.0011538666513654368 1.3314082491332864e-06
total cost: -2.8258878344513643
singles alt: [(6, 0), (7, 1), (8, 0), (9, 1), (10, 0), (11, 1), (6, 2), (7, 3), (8, 2), (9, 3), (10, 2), (11, 3), (6, 4), (7, 5), (8, 4), (9, 5), (10, 4), (11, 5)]
length: 18 99
2*[T] vs T3fnT3: -0.00115386663856075 0.0023077332840446994
Estimated difference between T3^fnT3 - (T2^WT3 + h.c.) is: 0.0011538666454839494 1.3314082355603822e-06
total cost: -2.8258878344532357
singles alt: [(6, 0), (7, 1), (8, 0), (9, 1), (10, 0), (11, 1), (6, 2), (7, 3), (8, 2), (9, 3), (10, 2), (11, 3), (6, 4), (7, 5), (8, 4), (9, 5), (10, 4), (11, 5)]
length: 18 99
2*[T] vs T3fnT3: -0.0011538666387335358 0.002307733284390272
Estimated difference between T3^fnT3 - (T2^WT3 + h.c.) is: 0.0011538666456567361 1.3314082359591278e-06
total cost: -2.8258878344472955
singles alt: [(6, 0), (7, 1), (8, 0), (9, 1), (10, 0), (11, 1), (6, 2), (7, 3), (8, 2), (9, 3), (10, 2), (11, 3), (6, 4), (7, 5), (8, 4), (9, 5), (10, 4), (11, 5)]
length: 18 99
2*[T] vs T3fnT3: -0.0011538666385607554 0.0023077332840447107
Estimated difference between T3^fnT3 - (T2^WT3 + h.c.) is: 0.0011538666454839553 1.3314082355603957e-06
total cost: -2.8258878344531917
singles alt: [(6, 0), (7, 1), (8, 0), (9, 1), (10, 0), (11, 1), (6, 2), (7, 3), (8, 2), (9, 3), (10, 2), (11, 3), (6, 4), (7, 5), (8, 4), (9, 5), (10, 4), (11, 5)]
length: 18 99
2*[T] vs T3fnT3: -0.0011538666496073442 0.0023077333061378887
Estimated difference between T3^fnT3 - (T2^WT3 + h.c.) is: 0.0011538666565305445 1.3314082610529775e-06
total cost: -2.825887834453653
singles alt: [(6, 0), (7, 1), (8, 0), (9, 1), (10, 0), (11, 1), (6, 2), (7, 3), (8, 2), (9, 3), (10, 2), (11, 3), (6, 4), (7, 5), (8, 4), (9, 5), (10, 4), (11, 5)]
length: 18 99
2*[T] vs T3fnT3: -0.0011538666385608593 0.0023077332840449184
Estimated difference between T3^fnT3 - (T2^WT3 + h.c.) is: 0.0011538666454840591 1.3314082355606354e-06
total cost: -2.825887834453179
singles alt: [(6, 0), (7, 1), (8, 0), (9, 1), (10, 0), (11, 1), (6, 2), (7, 3), (8, 2), (9, 3), (10, 2), (11, 3), (6, 4), (7, 5), (8, 4), (9, 5), (10, 4), (11, 5)]
length: 18 99
2*[T] vs T3fnT3: -0.0011538666370016746 0.0023077332809265496
Estimated difference between T3^fnT3 - (T2^WT3 + h.c.) is: 0.001153866643924875 1.331408231962454e-06
total cost: -2.8258878344461045
singles alt: [(6, 0), (7, 1), (8, 0), (9, 1), (10, 0), (11, 1), (6, 2), (7, 3), (8, 2), (9, 3), (10, 2), (11, 3), (6, 4), (7, 5), (8, 4), (9, 5), (10, 4), (11, 5)]
length: 18 99
2*[T] vs T3fnT3: -0.0011538666385607246 0.0023077332840446495
Estimated difference between T3^fnT3 - (T2^WT3 + h.c.) is: 0.001153866645483925 1.3314082355603256e-06
total cost: -2.825887834453299
singles alt: [(6, 0), (7, 1), (8, 0), (9, 1), (10, 0), (11, 1), (6, 2), (7, 3), (8, 2), (9, 3), (10, 2), (11, 3), (6, 4), (7, 5), (8, 4), (9, 5), (10, 4), (11, 5)]
length: 18 99
2*[T] vs T3fnT3: -0.0011538666446945223 0.002307733296312245
Estimated difference between T3^fnT3 - (T2^WT3 + h.c.) is: 0.0011538666516177226 1.3314082497154947e-06
total cost: -2.8258878344509446
singles alt: [(6, 0), (7, 1), (8, 0), (9, 1), (10, 0), (11, 1), (6, 2), (7, 3), (8, 2), (9, 3), (10, 2), (11, 3), (6, 4), (7, 5), (8, 4), (9, 5), (10, 4), (11, 5)]
length: 18 99
2*[T] vs T3fnT3: -0.0011538666385606706 0.002307733284044541
Estimated difference between T3^fnT3 - (T2^WT3 + h.c.) is: 0.0011538666454838705 1.3314082355602e-06
total cost: -2.8258878344531984
singles alt: [(6, 0), (7, 1), (8, 0), (9, 1), (10, 0), (11, 1), (6, 2), (7, 3), (8, 2), (9, 3), (10, 2), (11, 3), (6, 4), (7, 5), (8, 4), (9, 5), (10, 4), (11, 5)]
length: 18 99
2*[T] vs T3fnT3: -0.00115386664143163 0.00230773328978646
Estimated difference between T3^fnT3 - (T2^WT3 + h.c.) is: 0.0011538666483548302 1.3314082421856094e-06
total cost: -2.82588783445142
singles alt: [(6, 0), (7, 1), (8, 0), (9, 1), (10, 0), (11, 1), (6, 2), (7, 3), (8, 2), (9, 3), (10, 2), (11, 3), (6, 4), (7, 5), (8, 4), (9, 5), (10, 4), (11, 5)]
length: 18 99
2*[T] vs T3fnT3: -0.0011538666385606084 0.0023077332840444166
Estimated difference between T3^fnT3 - (T2^WT3 + h.c.) is: 0.0011538666454838083 1.3314082355600565e-06
total cost: -2.825887834453323
singles alt: [(6, 0), (7, 1), (8, 0), (9, 1), (10, 0), (11, 1), (6, 2), (7, 3), (8, 2), (9, 3), (10, 2), (11, 3), (6, 4), (7, 5), (8, 4), (9, 5), (10, 4), (11, 5)]
length: 18 99
2*[T] vs T3fnT3: -0.00115386663686333 0.002307733280649859
Estimated difference between T3^fnT3 - (T2^WT3 + h.c.) is: 0.001153866643786529 1.3314082316431885e-06
total cost: -2.825887834449493
singles alt: [(6, 0), (7, 1), (8, 0), (9, 1), (10, 0), (11, 1), (6, 2), (7, 3), (8, 2), (9, 3), (10, 2), (11, 3), (6, 4), (7, 5), (8, 4), (9, 5), (10, 4), (11, 5)]
length: 18 99
2*[T] vs T3fnT3: -0.0011538666385608111 0.0023077332840448217
Estimated difference between T3^fnT3 - (T2^WT3 + h.c.) is: 0.0011538666454840106 1.3314082355605234e-06
total cost: -2.825887834453192
singles alt: [(6, 0), (7, 1), (8, 0), (9, 1), (10, 0), (11, 1), (6, 2), (7, 3), (8, 2), (9, 3), (10, 2), (11, 3), (6, 4), (7, 5), (8, 4), (9, 5), (10, 4), (11, 5)]
length: 18 99
2*[T] vs T3fnT3: -0.0011538666351447837 0.002307733277212767
Estimated difference between T3^fnT3 - (T2^WT3 + h.c.) is: 0.0011538666420679831 1.331408227677243e-06
total cost: -2.825887834453221
singles alt: [(6, 0), (7, 1), (8, 0), (9, 1), (10, 0), (11, 1), (6, 2), (7, 3), (8, 2), (9, 3), (10, 2), (11, 3), (6, 4), (7, 5), (8, 4), (9, 5), (10, 4), (11, 5)]
length: 18 99
2*[T] vs T3fnT3: -0.0011538666385605394 0.0023077332840442796
Estimated difference between T3^fnT3 - (T2^WT3 + h.c.) is: 0.0011538666454837402 1.3314082355598994e-06
total cost: -2.8258878344533227
singles alt: [(6, 0), (7, 1), (8, 0), (9, 1), (10, 0), (11, 1), (6, 2), (7, 3), (8, 2), (9, 3), (10, 2), (11, 3), (6, 4), (7, 5), (8, 4), (9, 5), (10, 4), (11, 5)]
length: 18 99
2*[T] vs T3fnT3: -0.0011538666461704203 0.0023077332992640395
Estimated difference between T3^fnT3 - (T2^WT3 + h.c.) is: 0.0011538666530936193 1.3314082531214707e-06
total cost: -2.8258878344504224
singles alt: [(6, 0), (7, 1), (8, 0), (9, 1), (10, 0), (11, 1), (6, 2), (7, 3), (8, 2), (9, 3), (10, 2), (11, 3), (6, 4), (7, 5), (8, 4), (9, 5), (10, 4), (11, 5)]
length: 18 99
2*[T] vs T3fnT3: -0.001153866638560918 0.002307733284045035
Estimated difference between T3^fnT3 - (T2^WT3 + h.c.) is: 0.001153866645484117 1.331408235560769e-06
total cost: -2.8258878344531193
singles alt: [(6, 0), (7, 1), (8, 0), (9, 1), (10, 0), (11, 1), (6, 2), (7, 3), (8, 2), (9, 3), (10, 2), (11, 3), (6, 4), (7, 5), (8, 4), (9, 5), (10, 4), (11, 5)]
length: 18 99
2*[T] vs T3fnT3: -0.0011538666368992579 0.0023077332807217165
Estimated difference between T3^fnT3 - (T2^WT3 + h.c.) is: 0.0011538666438224586 1.3314082317261046e-06
total cost: -2.8258878344539284
singles alt: [(6, 0), (7, 1), (8, 0), (9, 1), (10, 0), (11, 1), (6, 2), (7, 3), (8, 2), (9, 3), (10, 2), (11, 3), (6, 4), (7, 5), (8, 4), (9, 5), (10, 4), (11, 5)]
length: 18 99
2*[T] vs T3fnT3: -0.001153866638560917 0.002307733284045035
Estimated difference between T3^fnT3 - (T2^WT3 + h.c.) is: 0.0011538666454841181 1.3314082355607716e-06
total cost: -2.8258878344531158
singles alt: [(6, 0), (7, 1), (8, 0), (9, 1), (10, 0), (11, 1), (6, 2), (7, 3), (8, 2), (9, 3), (10, 2), (11, 3), (6, 4), (7, 5), (8, 4), (9, 5), (10, 4), (11, 5)]
length: 18 99
2*[T] vs T3fnT3: -0.0011538666518508707 0.0023077333106249417
Estimated difference between T3^fnT3 - (T2^WT3 + h.c.) is: 0.001153866658774071 1.3314082662304385e-06
total cost: -2.8258878344452723
singles alt: [(6, 0), (7, 1), (8, 0), (9, 1), (10, 0), (11, 1), (6, 2), (7, 3), (8, 2), (9, 3), (10, 2), (11, 3), (6, 4), (7, 5), (8, 4), (9, 5), (10, 4), (11, 5)]
length: 18 99
2*[T] vs T3fnT3: -0.001153866638560494 0.0023077332840441877
Estimated difference between T3^fnT3 - (T2^WT3 + h.c.) is: 0.0011538666454836938 1.3314082355597922e-06
total cost: -2.825887834453325
singles alt: [(6, 0), (7, 1), (8, 0), (9, 1), (10, 0), (11, 1), (6, 2), (7, 3), (8, 2), (9, 3), (10, 2), (11, 3), (6, 4), (7, 5), (8, 4), (9, 5), (10, 4), (11, 5)]
length: 18 99
2*[T] vs T3fnT3: -0.001153866637067099 0.002307733281057397
Estimated difference between T3^fnT3 - (T2^WT3 + h.c.) is: 0.001153866643990298 1.3314082321134333e-06
total cost: -2.825887834453997
singles alt: [(6, 0), (7, 1), (8, 0), (9, 1), (10, 0), (11, 1), (6, 2), (7, 3), (8, 2), (9, 3), (10, 2), (11, 3), (6, 4), (7, 5), (8, 4), (9, 5), (10, 4), (11, 5)]
length: 18 99
2*[T] vs T3fnT3: -0.0011538666385604885 0.002307733284044177
Estimated difference between T3^fnT3 - (T2^WT3 + h.c.) is: 0.0011538666454836883 1.3314082355597797e-06
total cost: -2.8258878344533254
singles alt: [(6, 0), (7, 1), (8, 0), (9, 1), (10, 0), (11, 1), (6, 2), (7, 3), (8, 2), (9, 3), (10, 2), (11, 3), (6, 4), (7, 5), (8, 4), (9, 5), (10, 4), (11, 5)]
length: 18 99
2*[T] vs T3fnT3: -0.001153866642103586 0.0023077332911303717
Estimated difference between T3^fnT3 - (T2^WT3 + h.c.) is: 0.0011538666490267858 1.3314082437363037e-06
total cost: -2.825887834446032
singles alt: [(6, 0), (7, 1), (8, 0), (9, 1), (10, 0), (11, 1), (6, 2), (7, 3), (8, 2), (9, 3), (10, 2), (11, 3), (6, 4), (7, 5), (8, 4), (9, 5), (10, 4), (11, 5)]
length: 18 99
2*[T] vs T3fnT3: -0.0011538666375534093 0.0023077332820300184
Estimated difference between T3^fnT3 - (T2^WT3 + h.c.) is: 0.0011538666444766092 1.3314082332357096e-06
total cost: -2.825887834447684
singles alt: [(6, 0), (7, 1), (8, 0), (9, 1), (10, 0), (11, 1), (6, 2), (7, 3), (8, 2), (9, 3), (10, 2), (11, 3), (6, 4), (7, 5), (8, 4), (9, 5), (10, 4), (11, 5)]
length: 18 99
2*[T] vs T3fnT3: -0.0011538666373988482 0.002307733281720896
Estimated difference between T3^fnT3 - (T2^WT3 + h.c.) is: 0.0011538666443220477 1.331408232879023e-06
total cost: -2.8258878344481397
singles alt: [(6, 0), (7, 1), (8, 0), (9, 1), (10, 0), (11, 1), (6, 2), (7, 3), (8, 2), (9, 3), (10, 2), (11, 3), (6, 4), (7, 5), (8, 4), (9, 5), (10, 4), (11, 5)]
length: 18 99
2*[T] vs T3fnT3: -0.001153866638560788 0.0023077332840447766
Estimated difference between T3^fnT3 - (T2^WT3 + h.c.) is: 0.0011538666454839887 1.3314082355604728e-06
total cost: -2.825887834453212
singles alt: [(6, 0), (7, 1), (8, 0), (9, 1), (10, 0), (11, 1), (6, 2), (7, 3), (8, 2), (9, 3), (10, 2), (11, 3), (6, 4), (7, 5), (8, 4), (9, 5), (10, 4), (11, 5)]
length: 18 99
2*[T] vs T3fnT3: -0.0011538666385608014 0.0023077332840448017
Estimated difference between T3^fnT3 - (T2^WT3 + h.c.) is: 0.0011538666454840004 1.3314082355605e-06
total cost: -2.8258878344532152
singles alt: [(6, 0), (7, 1), (8, 0), (9, 1), (10, 0), (11, 1), (6, 2), (7, 3), (8, 2), (9, 3), (10, 2), (11, 3), (6, 4), (7, 5), (8, 4), (9, 5), (10, 4), (11, 5)]
length: 18 99
2*[T] vs T3fnT3: -0.0011538666356017576 0.0023077332781267145
Estimated difference between T3^fnT3 - (T2^WT3 + h.c.) is: 0.001153866642524957 1.3314082287318168e-06
total cost: -2.825887834452388
singles alt: [(6, 0), (7, 1), (8, 0), (9, 1), (10, 0), (11, 1), (6, 2), (7, 3), (8, 2), (9, 3), (10, 2), (11, 3), (6, 4), (7, 5), (8, 4), (9, 5), (10, 4), (11, 5)]
length: 18 99
2*[T] vs T3fnT3: -0.0011538666355090715 0.002307733277941343
Estimated difference between T3^fnT3 - (T2^WT3 + h.c.) is: 0.0011538666424322714 1.3314082285179232e-06
total cost: -2.8258878344502354
singles alt: [(6, 0), (7, 1), (8, 0), (9, 1), (10, 0), (11, 1), (6, 2), (7, 3), (8, 2), (9, 3), (10, 2), (11, 3), (6, 4), (7, 5), (8, 4), (9, 5), (10, 4), (11, 5)]
length: 18 99
2*[T] vs T3fnT3: -0.0011538666385607825 0.002307733284044765
Estimated difference between T3^fnT3 - (T2^WT3 + h.c.) is: 0.0011538666454839824 1.3314082355604582e-06
total cost: -2.825887834453213
singles alt: [(6, 0), (7, 1), (8, 0), (9, 1), (10, 0), (11, 1), (6, 2), (7, 3), (8, 2), (9, 3), (10, 2), (11, 3), (6, 4), (7, 5), (8, 4), (9, 5), (10, 4), (11, 5)]
length: 18 99
2*[T] vs T3fnT3: -0.0011538666385607532 0.0023077332840447055
Estimated difference between T3^fnT3 - (T2^WT3 + h.c.) is: 0.0011538666454839522 1.3314082355603887e-06
total cost: -2.8258878344532157
singles alt: [(6, 0), (7, 1), (8, 0), (9, 1), (10, 0), (11, 1), (6, 2), (7, 3), (8, 2), (9, 3), (10, 2), (11, 3), (6, 4), (7, 5), (8, 4), (9, 5), (10, 4), (11, 5)]
length: 18 99
2*[T] vs T3fnT3: -0.0011538666440443022 0.0023077332950118047
Estimated difference between T3^fnT3 - (T2^WT3 + h.c.) is: 0.0011538666509675025 1.3314082482149602e-06
total cost: -2.8258878344521947
singles alt: [(6, 0), (7, 1), (8, 0), (9, 1), (10, 0), (11, 1), (6, 2), (7, 3), (8, 2), (9, 3), (10, 2), (11, 3), (6, 4), (7, 5), (8, 4), (9, 5), (10, 4), (11, 5)]
length: 18 99
2*[T] vs T3fnT3: -0.0011538666439675146 0.0023077332948582287
Estimated difference between T3^fnT3 - (T2^WT3 + h.c.) is: 0.001153866650890714 1.331408248037753e-06
total cost: -2.8258878344529306
singles alt: [(6, 0), (7, 1), (8, 0), (9, 1), (10, 0), (11, 1), (6, 2), (7, 3), (8, 2), (9, 3), (10, 2), (11, 3), (6, 4), (7, 5), (8, 4), (9, 5), (10, 4), (11, 5)]
length: 18 99
2*[T] vs T3fnT3: -0.0011538666385608647 0.0023077332840449293
Estimated difference between T3^fnT3 - (T2^WT3 + h.c.) is: 0.0011538666454840646 1.331408235560648e-06
total cost: -2.825887834453212
singles alt: [(6, 0), (7, 1), (8, 0), (9, 1), (10, 0), (11, 1), (6, 2), (7, 3), (8, 2), (9, 3), (10, 2), (11, 3), (6, 4), (7, 5), (8, 4), (9, 5), (10, 4), (11, 5)]
length: 18 99
2*[T] vs T3fnT3: -0.0011538666385608684 0.002307733284044937
Estimated difference between T3^fnT3 - (T2^WT3 + h.c.) is: 0.0011538666454840687 1.3314082355606574e-06
total cost: -2.825887834453209
singles alt: [(6, 0), (7, 1), (8, 0), (9, 1), (10, 0), (11, 1), (6, 2), (7, 3), (8, 2), (9, 3), (10, 2), (11, 3), (6, 4), (7, 5), (8, 4), (9, 5), (10, 4), (11, 5)]
length: 18 99
2*[T] vs T3fnT3: -0.001153866641363173 0.0023077332896495463
Estimated difference between T3^fnT3 - (T2^WT3 + h.c.) is: 0.0011538666482863733 1.331408242027629e-06
total cost: -2.8258878344591403
singles alt: [(6, 0), (7, 1), (8, 0), (9, 1), (10, 0), (11, 1), (6, 2), (7, 3), (8, 2), (9, 3), (10, 2), (11, 3), (6, 4), (7, 5), (8, 4), (9, 5), (10, 4), (11, 5)]
length: 18 99
2*[T] vs T3fnT3: -0.0011538666411307628 0.0023077332891847267
Estimated difference between T3^fnT3 - (T2^WT3 + h.c.) is: 0.001153866648053964 1.3314082414912903e-06
total cost: -2.8258878344607825
singles alt: [(6, 0), (7, 1), (8, 0), (9, 1), (10, 0), (11, 1), (6, 2), (7, 3), (8, 2), (9, 3), (10, 2), (11, 3), (6, 4), (7, 5), (8, 4), (9, 5), (10, 4), (11, 5)]
length: 18 99
2*[T] vs T3fnT3: -0.0011538666385608322 0.002307733284044864
Estimated difference between T3^fnT3 - (T2^WT3 + h.c.) is: 0.001153866645484032 1.331408235560573e-06
total cost: -2.825887834453214
singles alt: [(6, 0), (7, 1), (8, 0), (9, 1), (10, 0), (11, 1), (6, 2), (7, 3), (8, 2), (9, 3), (10, 2), (11, 3), (6, 4), (7, 5), (8, 4), (9, 5), (10, 4), (11, 5)]
length: 18 99
2*[T] vs T3fnT3: -0.001153866638560832 0.002307733284044862
Estimated difference between T3^fnT3 - (T2^WT3 + h.c.) is: 0.00115386664548403 1.3314082355605683e-06
total cost: -2.825887834453211
singles alt: [(6, 0), (7, 1), (8, 0), (9, 1), (10, 0), (11, 1), (6, 2), (7, 3), (8, 2), (9, 3), (10, 2), (11, 3), (6, 4), (7, 5), (8, 4), (9, 5), (10, 4), (11, 5)]
length: 18 99
2*[T] vs T3fnT3: -0.001153866640160349 0.002307733287243896
Estimated difference between T3^fnT3 - (T2^WT3 + h.c.) is: 0.001153866647083547 1.331408239251827e-06
total cost: -2.8258878344536424
singles alt: [(6, 0), (7, 1), (8, 0), (9, 1), (10, 0), (11, 1), (6, 2), (7, 3), (8, 2), (9, 3), (10, 2), (11, 3), (6, 4), (7, 5), (8, 4), (9, 5), (10, 4), (11, 5)]
length: 18 99
2*[T] vs T3fnT3: -0.0011538666401346841 0.002307733287192568
Estimated difference between T3^fnT3 - (T2^WT3 + h.c.) is: 0.001153866647057884 1.3314082391926034e-06
total cost: -2.8258878344535905
singles alt: [(6, 0), (7, 1), (8, 0), (9, 1), (10, 0), (11, 1), (6, 2), (7, 3), (8, 2), (9, 3), (10, 2), (11, 3), (6, 4), (7, 5), (8, 4), (9, 5), (10, 4), (11, 5)]
length: 18 99
2*[T] vs T3fnT3: -0.001153866638560757 0.0023077332840447133
Estimated difference between T3^fnT3 - (T2^WT3 + h.c.) is: 0.0011538666454839564 1.3314082355603983e-06
total cost: -2.8258878344532166
singles alt: [(6, 0), (7, 1), (8, 0), (9, 1), (10, 0), (11, 1), (6, 2), (7, 3), (8, 2), (9, 3), (10, 2), (11, 3), (6, 4), (7, 5), (8, 4), (9, 5), (10, 4), (11, 5)]
length: 18 99
2*[T] vs T3fnT3: -0.001153866638560757 0.0023077332840447133
Estimated difference between T3^fnT3 - (T2^WT3 + h.c.) is: 0.0011538666454839564 1.3314082355603983e-06
total cost: -2.8258878344532175
singles alt: [(6, 0), (7, 1), (8, 0), (9, 1), (10, 0), (11, 1), (6, 2), (7, 3), (8, 2), (9, 3), (10, 2), (11, 3), (6, 4), (7, 5), (8, 4), (9, 5), (10, 4), (11, 5)]
length: 18 99
2*[T] vs T3fnT3: -0.001153866638560757 0.0023077332840447133
Estimated difference between T3^fnT3 - (T2^WT3 + h.c.) is: 0.0011538666454839564 1.3314082355603983e-06
total cost: -2.82588783445977
singles alt: [(6, 0), (7, 1), (8, 0), (9, 1), (10, 0), (11, 1), (6, 2), (7, 3), (8, 2), (9, 3), (10, 2), (11, 3), (6, 4), (7, 5), (8, 4), (9, 5), (10, 4), (11, 5)]
length: 18 99
2*[T] vs T3fnT3: -0.001153866638560757 0.0023077332840447133
Estimated difference between T3^fnT3 - (T2^WT3 + h.c.) is: 0.0011538666454839564 1.3314082355603983e-06
total cost: -2.825887834458222
singles alt: [(6, 0), (7, 1), (8, 0), (9, 1), (10, 0), (11, 1), (6, 2), (7, 3), (8, 2), (9, 3), (10, 2), (11, 3), (6, 4), (7, 5), (8, 4), (9, 5), (10, 4), (11, 5)]
length: 18 99
2*[T] vs T3fnT3: -0.001153866638560757 0.0023077332840447133
Estimated difference between T3^fnT3 - (T2^WT3 + h.c.) is: 0.0011538666454839564 1.3314082355603983e-06
total cost: -2.825887834453196
singles alt: [(6, 0), (7, 1), (8, 0), (9, 1), (10, 0), (11, 1), (6, 2), (7, 3), (8, 2), (9, 3), (10, 2), (11, 3), (6, 4), (7, 5), (8, 4), (9, 5), (10, 4), (11, 5)]
length: 18 99
2*[T] vs T3fnT3: -0.001153866638560757 0.0023077332840447133
Estimated difference between T3^fnT3 - (T2^WT3 + h.c.) is: 0.0011538666454839564 1.3314082355603983e-06
total cost: -2.825887834453196
singles alt: [(6, 0), (7, 1), (8, 0), (9, 1), (10, 0), (11, 1), (6, 2), (7, 3), (8, 2), (9, 3), (10, 2), (11, 3), (6, 4), (7, 5), (8, 4), (9, 5), (10, 4), (11, 5)]
length: 18 99
2*[T] vs T3fnT3: -0.001153866638560757 0.0023077332840447133
Estimated difference between T3^fnT3 - (T2^WT3 + h.c.) is: 0.0011538666454839564 1.3314082355603983e-06
total cost: -2.825887834452396
singles alt: [(6, 0), (7, 1), (8, 0), (9, 1), (10, 0), (11, 1), (6, 2), (7, 3), (8, 2), (9, 3), (10, 2), (11, 3), (6, 4), (7, 5), (8, 4), (9, 5), (10, 4), (11, 5)]
length: 18 99
2*[T] vs T3fnT3: -0.001153866638560757 0.0023077332840447133
Estimated difference between T3^fnT3 - (T2^WT3 + h.c.) is: 0.0011538666454839564 1.3314082355603983e-06
total cost: -2.8258878344526432
singles alt: [(6, 0), (7, 1), (8, 0), (9, 1), (10, 0), (11, 1), (6, 2), (7, 3), (8, 2), (9, 3), (10, 2), (11, 3), (6, 4), (7, 5), (8, 4), (9, 5), (10, 4), (11, 5)]
length: 18 99
2*[T] vs T3fnT3: -0.001153866638560757 0.0023077332840447133
Estimated difference between T3^fnT3 - (T2^WT3 + h.c.) is: 0.0011538666454839564 1.3314082355603983e-06
total cost: -2.825887834453202
singles alt: [(6, 0), (7, 1), (8, 0), (9, 1), (10, 0), (11, 1), (6, 2), (7, 3), (8, 2), (9, 3), (10, 2), (11, 3), (6, 4), (7, 5), (8, 4), (9, 5), (10, 4), (11, 5)]
length: 18 99
2*[T] vs T3fnT3: -0.001153866638560757 0.0023077332840447133
Estimated difference between T3^fnT3 - (T2^WT3 + h.c.) is: 0.0011538666454839564 1.3314082355603983e-06
total cost: -2.825887834453204
singles alt: [(6, 0), (7, 1), (8, 0), (9, 1), (10, 0), (11, 1), (6, 2), (7, 3), (8, 2), (9, 3), (10, 2), (11, 3), (6, 4), (7, 5), (8, 4), (9, 5), (10, 4), (11, 5)]
length: 18 99
2*[T] vs T3fnT3: -0.001153866638560757 0.0023077332840447133
Estimated difference between T3^fnT3 - (T2^WT3 + h.c.) is: 0.0011538666454839564 1.3314082355603983e-06
total cost: -2.8258878344535963
singles alt: [(6, 0), (7, 1), (8, 0), (9, 1), (10, 0), (11, 1), (6, 2), (7, 3), (8, 2), (9, 3), (10, 2), (11, 3), (6, 4), (7, 5), (8, 4), (9, 5), (10, 4), (11, 5)]
length: 18 99
2*[T] vs T3fnT3: -0.001153866638560757 0.0023077332840447133
Estimated difference between T3^fnT3 - (T2^WT3 + h.c.) is: 0.0011538666454839564 1.3314082355603983e-06
total cost: -2.8258878344532965
singles alt: [(6, 0), (7, 1), (8, 0), (9, 1), (10, 0), (11, 1), (6, 2), (7, 3), (8, 2), (9, 3), (10, 2), (11, 3), (6, 4), (7, 5), (8, 4), (9, 5), (10, 4), (11, 5)]
length: 18 99
2*[T] vs T3fnT3: -0.001153866638560757 0.0023077332840447133
Estimated difference between T3^fnT3 - (T2^WT3 + h.c.) is: 0.0011538666454839564 1.3314082355603983e-06
total cost: -2.8258878344532086
singles alt: [(6, 0), (7, 1), (8, 0), (9, 1), (10, 0), (11, 1), (6, 2), (7, 3), (8, 2), (9, 3), (10, 2), (11, 3), (6, 4), (7, 5), (8, 4), (9, 5), (10, 4), (11, 5)]
length: 18 99
2*[T] vs T3fnT3: -0.001153866638560757 0.0023077332840447133
Estimated difference between T3^fnT3 - (T2^WT3 + h.c.) is: 0.0011538666454839564 1.3314082355603983e-06
total cost: -2.825887834453209
singles alt: [(6, 0), (7, 1), (8, 0), (9, 1), (10, 0), (11, 1), (6, 2), (7, 3), (8, 2), (9, 3), (10, 2), (11, 3), (6, 4), (7, 5), (8, 4), (9, 5), (10, 4), (11, 5)]
length: 18 99
2*[T] vs T3fnT3: -0.001153866638560757 0.0023077332840447133
Estimated difference between T3^fnT3 - (T2^WT3 + h.c.) is: 0.0011538666454839564 1.3314082355603983e-06
total cost: -2.825887834448971
singles alt: [(6, 0), (7, 1), (8, 0), (9, 1), (10, 0), (11, 1), (6, 2), (7, 3), (8, 2), (9, 3), (10, 2), (11, 3), (6, 4), (7, 5), (8, 4), (9, 5), (10, 4), (11, 5)]
length: 18 99
2*[T] vs T3fnT3: -0.001153866638560757 0.0023077332840447133
Estimated difference between T3^fnT3 - (T2^WT3 + h.c.) is: 0.0011538666454839564 1.3314082355603983e-06
total cost: -2.8258878344488485
singles alt: [(6, 0), (7, 1), (8, 0), (9, 1), (10, 0), (11, 1), (6, 2), (7, 3), (8, 2), (9, 3), (10, 2), (11, 3), (6, 4), (7, 5), (8, 4), (9, 5), (10, 4), (11, 5)]
length: 18 99
2*[T] vs T3fnT3: -0.001153866638560757 0.0023077332840447133
Estimated difference between T3^fnT3 - (T2^WT3 + h.c.) is: 0.0011538666454839564 1.3314082355603983e-06
total cost: -2.8258878344532183
singles alt: [(6, 0), (7, 1), (8, 0), (9, 1), (10, 0), (11, 1), (6, 2), (7, 3), (8, 2), (9, 3), (10, 2), (11, 3), (6, 4), (7, 5), (8, 4), (9, 5), (10, 4), (11, 5)]
length: 18 99
2*[T] vs T3fnT3: -0.001153866638560757 0.0023077332840447133
Estimated difference between T3^fnT3 - (T2^WT3 + h.c.) is: 0.0011538666454839564 1.3314082355603983e-06
total cost: -2.8258878344532183
singles alt: [(6, 0), (7, 1), (8, 0), (9, 1), (10, 0), (11, 1), (6, 2), (7, 3), (8, 2), (9, 3), (10, 2), (11, 3), (6, 4), (7, 5), (8, 4), (9, 5), (10, 4), (11, 5)]
callback: energy=-2.827041701099
singles alt: [(6, 0), (7, 1), (8, 0), (9, 1), (10, 0), (11, 1), (6, 2), (7, 3), (8, 2), (9, 3), (10, 2), (11, 3), (6, 4), (7, 5), (8, 4), (9, 5), (10, 4), (11, 5)]
length: 18 99
2*[T] vs T3fnT3: -0.0011554213664614241 0.0023108427398553784
Estimated difference between T3^fnT3 - (T2^WT3 + h.c.) is: 0.0011554213733939542 1.3349985500955713e-06
total cost: -2.8258914581587735
singles alt: [(6, 0), (7, 1), (8, 0), (9, 1), (10, 0), (11, 1), (6, 2), (7, 3), (8, 2), (9, 3), (10, 2), (11, 3), (6, 4), (7, 5), (8, 4), (9, 5), (10, 4), (11, 5)]
length: 18 99
2*[T] vs T3fnT3: -0.001155421368995062 0.002310842744922652
Estimated difference between T3^fnT3 - (T2^WT3 + h.c.) is: 0.0011554213759275898 1.334998555950405e-06
total cost: -2.8258914581611374
singles alt: [(6, 0), (7, 1), (8, 0), (9, 1), (10, 0), (11, 1), (6, 2), (7, 3), (8, 2), (9, 3), (10, 2), (11, 3), (6, 4), (7, 5), (8, 4), (9, 5), (10, 4), (11, 5)]
length: 18 99
2*[T] vs T3fnT3: -0.0011554213664609196 0.002310842739854368
Estimated difference between T3^fnT3 - (T2^WT3 + h.c.) is: 0.0011554213733934483 1.3349985500944024e-06
total cost: -2.8258914581593895
singles alt: [(6, 0), (7, 1), (8, 0), (9, 1), (10, 0), (11, 1), (6, 2), (7, 3), (8, 2), (9, 3), (10, 2), (11, 3), (6, 4), (7, 5), (8, 4), (9, 5), (10, 4), (11, 5)]
length: 18 99
2*[T] vs T3fnT3: -0.0011554213656731573 0.0023108427382788435
Estimated difference between T3^fnT3 - (T2^WT3 + h.c.) is: 0.0011554213726056861 1.3349985482740077e-06
total cost: -2.8258914581611996
singles alt: [(6, 0), (7, 1), (8, 0), (9, 1), (10, 0), (11, 1), (6, 2), (7, 3), (8, 2), (9, 3), (10, 2), (11, 3), (6, 4), (7, 5), (8, 4), (9, 5), (10, 4), (11, 5)]
length: 18 99
2*[T] vs T3fnT3: -0.0011554213664609321 0.002310842739854394
Estimated difference between T3^fnT3 - (T2^WT3 + h.c.) is: 0.0011554213733934618 1.3349985500944333e-06
total cost: -2.8258914581593566
singles alt: [(6, 0), (7, 1), (8, 0), (9, 1), (10, 0), (11, 1), (6, 2), (7, 3), (8, 2), (9, 3), (10, 2), (11, 3), (6, 4), (7, 5), (8, 4), (9, 5), (10, 4), (11, 5)]
length: 18 99
2*[T] vs T3fnT3: -0.001155421371270467 0.002310842749473462
Estimated difference between T3^fnT3 - (T2^WT3 + h.c.) is: 0.001155421378202995 1.3349985612085083e-06
total cost: -2.8258914581543997
singles alt: [(6, 0), (7, 1), (8, 0), (9, 1), (10, 0), (11, 1), (6, 2), (7, 3), (8, 2), (9, 3), (10, 2), (11, 3), (6, 4), (7, 5), (8, 4), (9, 5), (10, 4), (11, 5)]
length: 18 99
2*[T] vs T3fnT3: -0.0011554213664620868 0.0023108427398567033
Estimated difference between T3^fnT3 - (T2^WT3 + h.c.) is: 0.0011554213733946165 1.3349985500971017e-06
total cost: -2.8258914581582113
singles alt: [(6, 0), (7, 1), (8, 0), (9, 1), (10, 0), (11, 1), (6, 2), (7, 3), (8, 2), (9, 3), (10, 2), (11, 3), (6, 4), (7, 5), (8, 4), (9, 5), (10, 4), (11, 5)]
length: 18 99
2*[T] vs T3fnT3: -0.0011554213656767513 0.002310842738286033
Estimated difference between T3^fnT3 - (T2^WT3 + h.c.) is: 0.0011554213726092818 1.3349985482823167e-06
total cost: -2.825891458161353
singles alt: [(6, 0), (7, 1), (8, 0), (9, 1), (10, 0), (11, 1), (6, 2), (7, 3), (8, 2), (9, 3), (10, 2), (11, 3), (6, 4), (7, 5), (8, 4), (9, 5), (10, 4), (11, 5)]
length: 18 99
2*[T] vs T3fnT3: -0.0011554213664620844 0.002310842739856697
Estimated difference between T3^fnT3 - (T2^WT3 + h.c.) is: 0.0011554213733946128 1.3349985500970932e-06
total cost: -2.8258914581582246
singles alt: [(6, 0), (7, 1), (8, 0), (9, 1), (10, 0), (11, 1), (6, 2), (7, 3), (8, 2), (9, 3), (10, 2), (11, 3), (6, 4), (7, 5), (8, 4), (9, 5), (10, 4), (11, 5)]
length: 18 99
2*[T] vs T3fnT3: -0.0011554213729695027 0.002310842752871536
Estimated difference between T3^fnT3 - (T2^WT3 + h.c.) is: 0.0011554213799020332 1.3349985651347186e-06
total cost: -2.82589145815577
singles alt: [(6, 0), (7, 1), (8, 0), (9, 1), (10, 0), (11, 1), (6, 2), (7, 3), (8, 2), (9, 3), (10, 2), (11, 3), (6, 4), (7, 5), (8, 4), (9, 5), (10, 4), (11, 5)]
length: 18 99
2*[T] vs T3fnT3: -0.001155421366460987 0.0023108427398545036
Estimated difference between T3^fnT3 - (T2^WT3 + h.c.) is: 0.0011554213733935166 1.3349985500945602e-06
total cost: -2.825891458159298
singles alt: [(6, 0), (7, 1), (8, 0), (9, 1), (10, 0), (11, 1), (6, 2), (7, 3), (8, 2), (9, 3), (10, 2), (11, 3), (6, 4), (7, 5), (8, 4), (9, 5), (10, 4), (11, 5)]
length: 18 99
2*[T] vs T3fnT3: -0.0011554213615795413 0.0023108427300916118
Estimated difference between T3^fnT3 - (T2^WT3 + h.c.) is: 0.0011554213685120705 1.3349985388143058e-06
total cost: -2.8258914581650783
singles alt: [(6, 0), (7, 1), (8, 0), (9, 1), (10, 0), (11, 1), (6, 2), (7, 3), (8, 2), (9, 3), (10, 2), (11, 3), (6, 4), (7, 5), (8, 4), (9, 5), (10, 4), (11, 5)]
length: 18 99
2*[T] vs T3fnT3: -0.0011554213664613936 0.002310842739855318
Estimated difference between T3^fnT3 - (T2^WT3 + h.c.) is: 0.0011554213733939245 1.3349985500955027e-06
total cost: -2.8258914581585626
singles alt: [(6, 0), (7, 1), (8, 0), (9, 1), (10, 0), (11, 1), (6, 2), (7, 3), (8, 2), (9, 3), (10, 2), (11, 3), (6, 4), (7, 5), (8, 4), (9, 5), (10, 4), (11, 5)]
length: 18 99
2*[T] vs T3fnT3: -0.0011554213660479639 0.0023108427390284587
Estimated difference between T3^fnT3 - (T2^WT3 + h.c.) is: 0.0011554213729804948 1.3349985491401317e-06
total cost: -2.825891458169717
singles alt: [(6, 0), (7, 1), (8, 0), (9, 1), (10, 0), (11, 1), (6, 2), (7, 3), (8, 2), (9, 3), (10, 2), (11, 3), (6, 4), (7, 5), (8, 4), (9, 5), (10, 4), (11, 5)]
length: 18 99
2*[T] vs T3fnT3: -0.0011554213664608259 0.002310842739854182
Estimated difference between T3^fnT3 - (T2^WT3 + h.c.) is: 0.001155421373393356 1.334998550094189e-06
total cost: -2.8258914581594183
singles alt: [(6, 0), (7, 1), (8, 0), (9, 1), (10, 0), (11, 1), (6, 2), (7, 3), (8, 2), (9, 3), (10, 2), (11, 3), (6, 4), (7, 5), (8, 4), (9, 5), (10, 4), (11, 5)]
length: 18 99
2*[T] vs T3fnT3: -0.0011554213764972173 0.0023108427599269647
Estimated difference between T3^fnT3 - (T2^WT3 + h.c.) is: 0.0011554213834297474 1.3349985732867113e-06
total cost: -2.8258914581550294
singles alt: [(6, 0), (7, 1), (8, 0), (9, 1), (10, 0), (11, 1), (6, 2), (7, 3), (8, 2), (9, 3), (10, 2), (11, 3), (6, 4), (7, 5), (8, 4), (9, 5), (10, 4), (11, 5)]
length: 18 99
2*[T] vs T3fnT3: -0.001155421366461526 0.0023108427398555835
Estimated difference between T3^fnT3 - (T2^WT3 + h.c.) is: 0.0011554213733940574 1.33499855009581e-06
total cost: -2.825891458158585
singles alt: [(6, 0), (7, 1), (8, 0), (9, 1), (10, 0), (11, 1), (6, 2), (7, 3), (8, 2), (9, 3), (10, 2), (11, 3), (6, 4), (7, 5), (8, 4), (9, 5), (10, 4), (11, 5)]
length: 18 99
2*[T] vs T3fnT3: -0.0011554213708065153 0.0023108427485455598
Estimated difference between T3^fnT3 - (T2^WT3 + h.c.) is: 0.0011554213777390445 1.3349985601363918e-06
total cost: -2.825891458155849
singles alt: [(6, 0), (7, 1), (8, 0), (9, 1), (10, 0), (11, 1), (6, 2), (7, 3), (8, 2), (9, 3), (10, 2), (11, 3), (6, 4), (7, 5), (8, 4), (9, 5), (10, 4), (11, 5)]
length: 18 99
2*[T] vs T3fnT3: -0.0011554213664610661 0.0023108427398546632
Estimated difference between T3^fnT3 - (T2^WT3 + h.c.) is: 0.001155421373393597 1.334998550094746e-06
total cost: -2.8258914581591235
singles alt: [(6, 0), (7, 1), (8, 0), (9, 1), (10, 0), (11, 1), (6, 2), (7, 3), (8, 2), (9, 3), (10, 2), (11, 3), (6, 4), (7, 5), (8, 4), (9, 5), (10, 4), (11, 5)]
length: 18 99
2*[T] vs T3fnT3: -0.0011554213679677763 0.0023108427428680813
Estimated difference between T3^fnT3 - (T2^WT3 + h.c.) is: 0.001155421374900305 1.3349985535765112e-06
total cost: -2.825891458152797
singles alt: [(6, 0), (7, 1), (8, 0), (9, 1), (10, 0), (11, 1), (6, 2), (7, 3), (8, 2), (9, 3), (10, 2), (11, 3), (6, 4), (7, 5), (8, 4), (9, 5), (10, 4), (11, 5)]
length: 18 99
2*[T] vs T3fnT3: -0.0011554213664615154 0.00231084273985556
Estimated difference between T3^fnT3 - (T2^WT3 + h.c.) is: 0.0011554213733940446 1.3349985500957803e-06
total cost: -2.825891458158623
singles alt: [(6, 0), (7, 1), (8, 0), (9, 1), (10, 0), (11, 1), (6, 2), (7, 3), (8, 2), (9, 3), (10, 2), (11, 3), (6, 4), (7, 5), (8, 4), (9, 5), (10, 4), (11, 5)]
length: 18 99
2*[T] vs T3fnT3: -0.001155421377586683 0.0023108427621058945
Estimated difference between T3^fnT3 - (T2^WT3 + h.c.) is: 0.0011554213845192114 1.3349985758042914e-06
total cost: -2.825891458161799
singles alt: [(6, 0), (7, 1), (8, 0), (9, 1), (10, 0), (11, 1), (6, 2), (7, 3), (8, 2), (9, 3), (10, 2), (11, 3), (6, 4), (7, 5), (8, 4), (9, 5), (10, 4), (11, 5)]
length: 18 99
2*[T] vs T3fnT3: -0.0011554213664618396 0.0023108427398562084
Estimated difference between T3^fnT3 - (T2^WT3 + h.c.) is: 0.0011554213733943688 1.3349985500965295e-06
total cost: -2.825891458158622
singles alt: [(6, 0), (7, 1), (8, 0), (9, 1), (10, 0), (11, 1), (6, 2), (7, 3), (8, 2), (9, 3), (10, 2), (11, 3), (6, 4), (7, 5), (8, 4), (9, 5), (10, 4), (11, 5)]
length: 18 99
2*[T] vs T3fnT3: -0.0011554213666262303 0.0023108427401849897
Estimated difference between T3^fnT3 - (T2^WT3 + h.c.) is: 0.0011554213735587595 1.3349985504764105e-06
total cost: -2.825891458148641
singles alt: [(6, 0), (7, 1), (8, 0), (9, 1), (10, 0), (11, 1), (6, 2), (7, 3), (8, 2), (9, 3), (10, 2), (11, 3), (6, 4), (7, 5), (8, 4), (9, 5), (10, 4), (11, 5)]
length: 18 99
2*[T] vs T3fnT3: -0.0011554213664610779 0.002310842739854685
Estimated difference between T3^fnT3 - (T2^WT3 + h.c.) is: 0.001155421373393607 1.3349985500947692e-06
total cost: -2.825891458158874
singles alt: [(6, 0), (7, 1), (8, 0), (9, 1), (10, 0), (11, 1), (6, 2), (7, 3), (8, 2), (9, 3), (10, 2), (11, 3), (6, 4), (7, 5), (8, 4), (9, 5), (10, 4), (11, 5)]
length: 18 99
2*[T] vs T3fnT3: -0.0011554213718843467 0.002310842750701222
Estimated difference between T3^fnT3 - (T2^WT3 + h.c.) is: 0.0011554213788168754 1.3349985626270896e-06
total cost: -2.825891458158031
singles alt: [(6, 0), (7, 1), (8, 0), (9, 1), (10, 0), (11, 1), (6, 2), (7, 3), (8, 2), (9, 3), (10, 2), (11, 3), (6, 4), (7, 5), (8, 4), (9, 5), (10, 4), (11, 5)]
length: 18 99
2*[T] vs T3fnT3: -0.0011554213664613407 0.002310842739855211
Estimated difference between T3^fnT3 - (T2^WT3 + h.c.) is: 0.0011554213733938703 1.3349985500953776e-06
total cost: -2.8258914581588743
singles alt: [(6, 0), (7, 1), (8, 0), (9, 1), (10, 0), (11, 1), (6, 2), (7, 3), (8, 2), (9, 3), (10, 2), (11, 3), (6, 4), (7, 5), (8, 4), (9, 5), (10, 4), (11, 5)]
length: 18 99
2*[T] vs T3fnT3: -0.0011554213647764486 0.0023108427364854273
Estimated difference between T3^fnT3 - (T2^WT3 + h.c.) is: 0.0011554213717089787 1.3349985462018578e-06
total cost: -2.8258914581544032
singles alt: [(6, 0), (7, 1), (8, 0), (9, 1), (10, 0), (11, 1), (6, 2), (7, 3), (8, 2), (9, 3), (10, 2), (11, 3), (6, 4), (7, 5), (8, 4), (9, 5), (10, 4), (11, 5)]
length: 18 99
2*[T] vs T3fnT3: -0.0011554213664611145 0.00231084273985476
Estimated difference between T3^fnT3 - (T2^WT3 + h.c.) is: 0.0011554213733936454 1.334998550094858e-06
total cost: -2.825891458159157
singles alt: [(6, 0), (7, 1), (8, 0), (9, 1), (10, 0), (11, 1), (6, 2), (7, 3), (8, 2), (9, 3), (10, 2), (11, 3), (6, 4), (7, 5), (8, 4), (9, 5), (10, 4), (11, 5)]
length: 18 99
2*[T] vs T3fnT3: -0.0011554213661667946 0.0023108427392661197
Estimated difference between T3^fnT3 - (T2^WT3 + h.c.) is: 0.001155421373099325 1.3349985494147298e-06
total cost: -2.8258914581653056
singles alt: [(6, 0), (7, 1), (8, 0), (9, 1), (10, 0), (11, 1), (6, 2), (7, 3), (8, 2), (9, 3), (10, 2), (11, 3), (6, 4), (7, 5), (8, 4), (9, 5), (10, 4), (11, 5)]
length: 18 99
2*[T] vs T3fnT3: -0.001155421366461553 0.0023108427398556364
Estimated difference between T3^fnT3 - (T2^WT3 + h.c.) is: 0.0011554213733940835 1.3349985500958701e-06
total cost: -2.825891458158591
singles alt: [(6, 0), (7, 1), (8, 0), (9, 1), (10, 0), (11, 1), (6, 2), (7, 3), (8, 2), (9, 3), (10, 2), (11, 3), (6, 4), (7, 5), (8, 4), (9, 5), (10, 4), (11, 5)]
length: 18 99
2*[T] vs T3fnT3: -0.0011554213616591568 0.0023108427302508438
Estimated difference between T3^fnT3 - (T2^WT3 + h.c.) is: 0.001155421368591687 1.334998538998287e-06
total cost: -2.82589145816385
singles alt: [(6, 0), (7, 1), (8, 0), (9, 1), (10, 0), (11, 1), (6, 2), (7, 3), (8, 2), (9, 3), (10, 2), (11, 3), (6, 4), (7, 5), (8, 4), (9, 5), (10, 4), (11, 5)]
length: 18 99
2*[T] vs T3fnT3: -0.0011554213664608905 0.002310842739854311
Estimated difference between T3^fnT3 - (T2^WT3 + h.c.) is: 0.0011554213733934206 1.3349985500943383e-06
total cost: -2.8258914581593295
singles alt: [(6, 0), (7, 1), (8, 0), (9, 1), (10, 0), (11, 1), (6, 2), (7, 3), (8, 2), (9, 3), (10, 2), (11, 3), (6, 4), (7, 5), (8, 4), (9, 5), (10, 4), (11, 5)]
length: 18 99
2*[T] vs T3fnT3: -0.001155421371060901 0.002310842749054333
Estimated difference between T3^fnT3 - (T2^WT3 + h.c.) is: 0.001155421377993432 1.3349985607242411e-06
total cost: -2.825891458158244
singles alt: [(6, 0), (7, 1), (8, 0), (9, 1), (10, 0), (11, 1), (6, 2), (7, 3), (8, 2), (9, 3), (10, 2), (11, 3), (6, 4), (7, 5), (8, 4), (9, 5), (10, 4), (11, 5)]
length: 18 99
2*[T] vs T3fnT3: -0.0011554213664614528 0.0023108427398554365
Estimated difference between T3^fnT3 - (T2^WT3 + h.c.) is: 0.0011554213733939837 1.3349985500956395e-06
total cost: -2.8258914581585524
singles alt: [(6, 0), (7, 1), (8, 0), (9, 1), (10, 0), (11, 1), (6, 2), (7, 3), (8, 2), (9, 3), (10, 2), (11, 3), (6, 4), (7, 5), (8, 4), (9, 5), (10, 4), (11, 5)]
length: 18 99
2*[T] vs T3fnT3: -0.0011554213769235677 0.0023108427607796663
Estimated difference between T3^fnT3 - (T2^WT3 + h.c.) is: 0.0011554213838560986 1.3349985742719419e-06
total cost: -2.8258914581538837
singles alt: [(6, 0), (7, 1), (8, 0), (9, 1), (10, 0), (11, 1), (6, 2), (7, 3), (8, 2), (9, 3), (10, 2), (11, 3), (6, 4), (7, 5), (8, 4), (9, 5), (10, 4), (11, 5)]
length: 18 99
2*[T] vs T3fnT3: -0.0011554213664610805 0.0023108427398546914
Estimated difference between T3^fnT3 - (T2^WT3 + h.c.) is: 0.001155421373393611 1.334998550094778e-06
total cost: -2.8258914581591035
singles alt: [(6, 0), (7, 1), (8, 0), (9, 1), (10, 0), (11, 1), (6, 2), (7, 3), (8, 2), (9, 3), (10, 2), (11, 3), (6, 4), (7, 5), (8, 4), (9, 5), (10, 4), (11, 5)]
length: 18 99
2*[T] vs T3fnT3: -0.0011554213737496551 0.0023108427544318404
Estimated difference between T3^fnT3 - (T2^WT3 + h.c.) is: 0.0011554213806821852 1.3349985669375272e-06
total cost: -2.825891458166486
singles alt: [(6, 0), (7, 1), (8, 0), (9, 1), (10, 0), (11, 1), (6, 2), (7, 3), (8, 2), (9, 3), (10, 2), (11, 3), (6, 4), (7, 5), (8, 4), (9, 5), (10, 4), (11, 5)]
length: 18 99
2*[T] vs T3fnT3: -0.001155421366461167 0.0023108427398548627
Estimated difference between T3^fnT3 - (T2^WT3 + h.c.) is: 0.0011554213733936957 1.3349985500949742e-06
total cost: -2.8258914581593126
singles alt: [(6, 0), (7, 1), (8, 0), (9, 1), (10, 0), (11, 1), (6, 2), (7, 3), (8, 2), (9, 3), (10, 2), (11, 3), (6, 4), (7, 5), (8, 4), (9, 5), (10, 4), (11, 5)]
length: 18 99
2*[T] vs T3fnT3: -0.0011554213630544648 0.0023108427330414587
Estimated difference between T3^fnT3 - (T2^WT3 + h.c.) is: 0.001155421369986994 1.334998542222622e-06
total cost: -2.825891458158679
singles alt: [(6, 0), (7, 1), (8, 0), (9, 1), (10, 0), (11, 1), (6, 2), (7, 3), (8, 2), (9, 3), (10, 2), (11, 3), (6, 4), (7, 5), (8, 4), (9, 5), (10, 4), (11, 5)]
length: 18 99
2*[T] vs T3fnT3: -0.0011554213664611494 0.0023108427398548298
Estimated difference between T3^fnT3 - (T2^WT3 + h.c.) is: 0.0011554213733936804 1.3349985500949386e-06
total cost: -2.8258914581593206
singles alt: [(6, 0), (7, 1), (8, 0), (9, 1), (10, 0), (11, 1), (6, 2), (7, 3), (8, 2), (9, 3), (10, 2), (11, 3), (6, 4), (7, 5), (8, 4), (9, 5), (10, 4), (11, 5)]
length: 18 99
2*[T] vs T3fnT3: -0.001155421384944915 0.0023108427768223586
Estimated difference between T3^fnT3 - (T2^WT3 + h.c.) is: 0.0011554213918774437 1.3349985928080094e-06
total cost: -2.8258914581618026
singles alt: [(6, 0), (7, 1), (8, 0), (9, 1), (10, 0), (11, 1), (6, 2), (7, 3), (8, 2), (9, 3), (10, 2), (11, 3), (6, 4), (7, 5), (8, 4), (9, 5), (10, 4), (11, 5)]
length: 18 99
2*[T] vs T3fnT3: -0.0011554213664618385 0.0023108427398562076
Estimated difference between T3^fnT3 - (T2^WT3 + h.c.) is: 0.001155421373394369 1.33499855009653e-06
total cost: -2.825891458158242
singles alt: [(6, 0), (7, 1), (8, 0), (9, 1), (10, 0), (11, 1), (6, 2), (7, 3), (8, 2), (9, 3), (10, 2), (11, 3), (6, 4), (7, 5), (8, 4), (9, 5), (10, 4), (11, 5)]
length: 18 99
2*[T] vs T3fnT3: -0.0011554213632710719 0.0023108427334746747
Estimated difference between T3^fnT3 - (T2^WT3 + h.c.) is: 0.0011554213702036028 1.334998542723171e-06
total cost: -2.8258914581568173
singles alt: [(6, 0), (7, 1), (8, 0), (9, 1), (10, 0), (11, 1), (6, 2), (7, 3), (8, 2), (9, 3), (10, 2), (11, 3), (6, 4), (7, 5), (8, 4), (9, 5), (10, 4), (11, 5)]
length: 18 99
2*[T] vs T3fnT3: -0.001155421366461867 0.0023108427398562626
Estimated difference between T3^fnT3 - (T2^WT3 + h.c.) is: 0.0011554213733943957 1.3349985500965916e-06
total cost: -2.8258914581582393
singles alt: [(6, 0), (7, 1), (8, 0), (9, 1), (10, 0), (11, 1), (6, 2), (7, 3), (8, 2), (9, 3), (10, 2), (11, 3), (6, 4), (7, 5), (8, 4), (9, 5), (10, 4), (11, 5)]
length: 18 99
2*[T] vs T3fnT3: -0.0011554213655916262 0.0023108427381157834
Estimated difference between T3^fnT3 - (T2^WT3 + h.c.) is: 0.0011554213725241571 1.334998548085607e-06
total cost: -2.8258914581616636
singles alt: [(6, 0), (7, 1), (8, 0), (9, 1), (10, 0), (11, 1), (6, 2), (7, 3), (8, 2), (9, 3), (10, 2), (11, 3), (6, 4), (7, 5), (8, 4), (9, 5), (10, 4), (11, 5)]
length: 18 99
2*[T] vs T3fnT3: -0.0011554213664615141 0.002310842739855557
Estimated difference between T3^fnT3 - (T2^WT3 + h.c.) is: 0.001155421373394043 1.3349985500957763e-06
total cost: -2.825891458158527
singles alt: [(6, 0), (7, 1), (8, 0), (9, 1), (10, 0), (11, 1), (6, 2), (7, 3), (8, 2), (9, 3), (10, 2), (11, 3), (6, 4), (7, 5), (8, 4), (9, 5), (10, 4), (11, 5)]
length: 18 99
2*[T] vs T3fnT3: -0.001155421369432062 0.0023108427457966536
Estimated difference between T3^fnT3 - (T2^WT3 + h.c.) is: 0.0011554213763645916 1.3349985569602474e-06
total cost: -2.8258914581562857
singles alt: [(6, 0), (7, 1), (8, 0), (9, 1), (10, 0), (11, 1), (6, 2), (7, 3), (8, 2), (9, 3), (10, 2), (11, 3), (6, 4), (7, 5), (8, 4), (9, 5), (10, 4), (11, 5)]
length: 18 99
2*[T] vs T3fnT3: -0.001155421366461196 0.002310842739854919
Estimated difference between T3^fnT3 - (T2^WT3 + h.c.) is: 0.001155421373393723 1.3349985500950373e-06
total cost: -2.8258914581588748
singles alt: [(6, 0), (7, 1), (8, 0), (9, 1), (10, 0), (11, 1), (6, 2), (7, 3), (8, 2), (9, 3), (10, 2), (11, 3), (6, 4), (7, 5), (8, 4), (9, 5), (10, 4), (11, 5)]
length: 18 99
2*[T] vs T3fnT3: -0.0011554213727313577 0.0023108427523952446
Estimated difference between T3^fnT3 - (T2^WT3 + h.c.) is: 0.001155421379663887 1.3349985645844e-06
total cost: -2.8258914581565886
singles alt: [(6, 0), (7, 1), (8, 0), (9, 1), (10, 0), (11, 1), (6, 2), (7, 3), (8, 2), (9, 3), (10, 2), (11, 3), (6, 4), (7, 5), (8, 4), (9, 5), (10, 4), (11, 5)]
length: 18 99
2*[T] vs T3fnT3: -0.0011554213664618253 0.002310842739856178
Estimated difference between T3^fnT3 - (T2^WT3 + h.c.) is: 0.0011554213733943528 1.3349985500964925e-06
total cost: -2.82589145815841
singles alt: [(6, 0), (7, 1), (8, 0), (9, 1), (10, 0), (11, 1), (6, 2), (7, 3), (8, 2), (9, 3), (10, 2), (11, 3), (6, 4), (7, 5), (8, 4), (9, 5), (10, 4), (11, 5)]
length: 18 99
2*[T] vs T3fnT3: -0.001155421363089414 0.0023108427331113572
Estimated difference between T3^fnT3 - (T2^WT3 + h.c.) is: 0.0011554213700219432 1.3349985423033843e-06
total cost: -2.8258914581605334
singles alt: [(6, 0), (7, 1), (8, 0), (9, 1), (10, 0), (11, 1), (6, 2), (7, 3), (8, 2), (9, 3), (10, 2), (11, 3), (6, 4), (7, 5), (8, 4), (9, 5), (10, 4), (11, 5)]
length: 18 99
2*[T] vs T3fnT3: -0.0011554213664615959 0.0023108427398557205
Estimated difference between T3^fnT3 - (T2^WT3 + h.c.) is: 0.0011554213733941247 1.3349985500959652e-06
total cost: -2.8258914581588654
singles alt: [(6, 0), (7, 1), (8, 0), (9, 1), (10, 0), (11, 1), (6, 2), (7, 3), (8, 2), (9, 3), (10, 2), (11, 3), (6, 4), (7, 5), (8, 4), (9, 5), (10, 4), (11, 5)]
length: 18 99
2*[T] vs T3fnT3: -0.0011554213648986979 0.002310842736729925
Estimated difference between T3^fnT3 - (T2^WT3 + h.c.) is: 0.001155421371831227 1.3349985464843546e-06
total cost: -2.8258914581592065
singles alt: [(6, 0), (7, 1), (8, 0), (9, 1), (10, 0), (11, 1), (6, 2), (7, 3), (8, 2), (9, 3), (10, 2), (11, 3), (6, 4), (7, 5), (8, 4), (9, 5), (10, 4), (11, 5)]
length: 18 99
2*[T] vs T3fnT3: -0.001155421366461983 0.002310842739856495
Estimated difference between T3^fnT3 - (T2^WT3 + h.c.) is: 0.0011554213733945122 1.3349985500968607e-06
total cost: -2.82589145815846
singles alt: [(6, 0), (7, 1), (8, 0), (9, 1), (10, 0), (11, 1), (6, 2), (7, 3), (8, 2), (9, 3), (10, 2), (11, 3), (6, 4), (7, 5), (8, 4), (9, 5), (10, 4), (11, 5)]
length: 18 99
2*[T] vs T3fnT3: -0.0011554213676218208 0.00231084274217617
Estimated difference between T3^fnT3 - (T2^WT3 + h.c.) is: 0.0011554213745543491 1.3349985527770616e-06
total cost: -2.8258914581543455
singles alt: [(6, 0), (7, 1), (8, 0), (9, 1), (10, 0), (11, 1), (6, 2), (7, 3), (8, 2), (9, 3), (10, 2), (11, 3), (6, 4), (7, 5), (8, 4), (9, 5), (10, 4), (11, 5)]
length: 18 99
2*[T] vs T3fnT3: -0.0011554213664618032 0.0023108427398561364
Estimated difference between T3^fnT3 - (T2^WT3 + h.c.) is: 0.0011554213733943333 1.3349985500964474e-06
total cost: -2.82589145815875
singles alt: [(6, 0), (7, 1), (8, 0), (9, 1), (10, 0), (11, 1), (6, 2), (7, 3), (8, 2), (9, 3), (10, 2), (11, 3), (6, 4), (7, 5), (8, 4), (9, 5), (10, 4), (11, 5)]
length: 18 99
2*[T] vs T3fnT3: -0.001155421372350579 0.002310842751633687
Estimated difference between T3^fnT3 - (T2^WT3 + h.c.) is: 0.0011554213792831082 1.3349985637044802e-06
total cost: -2.8258914581579258
singles alt: [(6, 0), (7, 1), (8, 0), (9, 1), (10, 0), (11, 1), (6, 2), (7, 3), (8, 2), (9, 3), (10, 2), (11, 3), (6, 4), (7, 5), (8, 4), (9, 5), (10, 4), (11, 5)]
length: 18 99
2*[T] vs T3fnT3: -0.0011554213664614788 0.0023108427398554872
Estimated difference between T3^fnT3 - (T2^WT3 + h.c.) is: 0.0011554213733940084 1.3349985500956967e-06
total cost: -2.8258914581587082
singles alt: [(6, 0), (7, 1), (8, 0), (9, 1), (10, 0), (11, 1), (6, 2), (7, 3), (8, 2), (9, 3), (10, 2), (11, 3), (6, 4), (7, 5), (8, 4), (9, 5), (10, 4), (11, 5)]
length: 18 99
2*[T] vs T3fnT3: -0.0011554213666303288 0.002310842740193187
Estimated difference between T3^fnT3 - (T2^WT3 + h.c.) is: 0.0011554213735628584 1.3349985504858824e-06
total cost: -2.825891458152952
singles alt: [(6, 0), (7, 1), (8, 0), (9, 1), (10, 0), (11, 1), (6, 2), (7, 3), (8, 2), (9, 3), (10, 2), (11, 3), (6, 4), (7, 5), (8, 4), (9, 5), (10, 4), (11, 5)]
length: 18 99
2*[T] vs T3fnT3: -0.0011554213664613639 0.0023108427398552574
Estimated difference between T3^fnT3 - (T2^WT3 + h.c.) is: 0.0011554213733938935 1.3349985500954311e-06
total cost: -2.825891458158858
singles alt: [(6, 0), (7, 1), (8, 0), (9, 1), (10, 0), (11, 1), (6, 2), (7, 3), (8, 2), (9, 3), (10, 2), (11, 3), (6, 4), (7, 5), (8, 4), (9, 5), (10, 4), (11, 5)]
length: 18 99
2*[T] vs T3fnT3: -0.001155421377554023 0.0023108427620405774
Estimated difference between T3^fnT3 - (T2^WT3 + h.c.) is: 0.0011554213844865544 1.334998575728826e-06
total cost: -2.825891458160496
singles alt: [(6, 0), (7, 1), (8, 0), (9, 1), (10, 0), (11, 1), (6, 2), (7, 3), (8, 2), (9, 3), (10, 2), (11, 3), (6, 4), (7, 5), (8, 4), (9, 5), (10, 4), (11, 5)]
length: 18 99
2*[T] vs T3fnT3: -0.0011554213664610865 0.002310842739854703
Estimated difference between T3^fnT3 - (T2^WT3 + h.c.) is: 0.0011554213733936166 1.3349985500947912e-06
total cost: -2.825891458158886
singles alt: [(6, 0), (7, 1), (8, 0), (9, 1), (10, 0), (11, 1), (6, 2), (7, 3), (8, 2), (9, 3), (10, 2), (11, 3), (6, 4), (7, 5), (8, 4), (9, 5), (10, 4), (11, 5)]
length: 18 99
2*[T] vs T3fnT3: -0.0011554213648756041 0.0023108427366837383
Estimated difference between T3^fnT3 - (T2^WT3 + h.c.) is: 0.0011554213718081342 1.3349985464309906e-06
total cost: -2.825891458153416
singles alt: [(6, 0), (7, 1), (8, 0), (9, 1), (10, 0), (11, 1), (6, 2), (7, 3), (8, 2), (9, 3), (10, 2), (11, 3), (6, 4), (7, 5), (8, 4), (9, 5), (10, 4), (11, 5)]
length: 18 99
2*[T] vs T3fnT3: -0.0011554213664614645 0.002310842739855459
Estimated difference between T3^fnT3 - (T2^WT3 + h.c.) is: 0.0011554213733939946 1.3349985500956645e-06
total cost: -2.8258914581585652
singles alt: [(6, 0), (7, 1), (8, 0), (9, 1), (10, 0), (11, 1), (6, 2), (7, 3), (8, 2), (9, 3), (10, 2), (11, 3), (6, 4), (7, 5), (8, 4), (9, 5), (10, 4), (11, 5)]
length: 18 99
2*[T] vs T3fnT3: -0.0011554213726006261 0.002310842752133782
Estimated difference between T3^fnT3 - (T2^WT3 + h.c.) is: 0.0011554213795331558 1.3349985642823008e-06
total cost: -2.825891458157325
singles alt: [(6, 0), (7, 1), (8, 0), (9, 1), (10, 0), (11, 1), (6, 2), (7, 3), (8, 2), (9, 3), (10, 2), (11, 3), (6, 4), (7, 5), (8, 4), (9, 5), (10, 4), (11, 5)]
length: 18 99
2*[T] vs T3fnT3: -0.0011554213664616167 0.0023108427398557648
Estimated difference between T3^fnT3 - (T2^WT3 + h.c.) is: 0.001155421373394148 1.3349985500960194e-06
total cost: -2.8258914581588406
singles alt: [(6, 0), (7, 1), (8, 0), (9, 1), (10, 0), (11, 1), (6, 2), (7, 3), (8, 2), (9, 3), (10, 2), (11, 3), (6, 4), (7, 5), (8, 4), (9, 5), (10, 4), (11, 5)]
length: 18 99
2*[T] vs T3fnT3: -0.0011554213693340093 0.0023108427456005483
Estimated difference between T3^fnT3 - (T2^WT3 + h.c.) is: 0.001155421376266539 1.334998556733663e-06
total cost: -2.8258914581583654
singles alt: [(6, 0), (7, 1), (8, 0), (9, 1), (10, 0), (11, 1), (6, 2), (7, 3), (8, 2), (9, 3), (10, 2), (11, 3), (6, 4), (7, 5), (8, 4), (9, 5), (10, 4), (11, 5)]
length: 18 99
2*[T] vs T3fnT3: -0.0011554213664617978 0.0023108427398561247
Estimated difference between T3^fnT3 - (T2^WT3 + h.c.) is: 0.001155421373394327 1.3349985500964328e-06
total cost: -2.825891458158455
singles alt: [(6, 0), (7, 1), (8, 0), (9, 1), (10, 0), (11, 1), (6, 2), (7, 3), (8, 2), (9, 3), (10, 2), (11, 3), (6, 4), (7, 5), (8, 4), (9, 5), (10, 4), (11, 5)]
length: 18 99
2*[T] vs T3fnT3: -0.0011554213647529683 0.0023108427364384653
Estimated difference between T3^fnT3 - (T2^WT3 + h.c.) is: 0.001155421371685497 1.3349985461475956e-06
total cost: -2.825891458159082
singles alt: [(6, 0), (7, 1), (8, 0), (9, 1), (10, 0), (11, 1), (6, 2), (7, 3), (8, 2), (9, 3), (10, 2), (11, 3), (6, 4), (7, 5), (8, 4), (9, 5), (10, 4), (11, 5)]
length: 18 99
2*[T] vs T3fnT3: -0.001155421366461233 0.0023108427398549963
Estimated difference between T3^fnT3 - (T2^WT3 + h.c.) is: 0.0011554213733937634 1.3349985500951304e-06
total cost: -2.825891458158847
singles alt: [(6, 0), (7, 1), (8, 0), (9, 1), (10, 0), (11, 1), (6, 2), (7, 3), (8, 2), (9, 3), (10, 2), (11, 3), (6, 4), (7, 5), (8, 4), (9, 5), (10, 4), (11, 5)]
length: 18 99
2*[T] vs T3fnT3: -0.0011554213630603123 0.0023108427330531542
Estimated difference between T3^fnT3 - (T2^WT3 + h.c.) is: 0.001155421369992842 1.3349985422361358e-06
total cost: -2.8258914581594046
singles alt: [(6, 0), (7, 1), (8, 0), (9, 1), (10, 0), (11, 1), (6, 2), (7, 3), (8, 2), (9, 3), (10, 2), (11, 3), (6, 4), (7, 5), (8, 4), (9, 5), (10, 4), (11, 5)]
length: 18 99
2*[T] vs T3fnT3: -0.0011554213664619665 0.0023108427398564617
Estimated difference between T3^fnT3 - (T2^WT3 + h.c.) is: 0.0011554213733944952 1.3349985500968215e-06
total cost: -2.825891458158474
singles alt: [(6, 0), (7, 1), (8, 0), (9, 1), (10, 0), (11, 1), (6, 2), (7, 3), (8, 2), (9, 3), (10, 2), (11, 3), (6, 4), (7, 5), (8, 4), (9, 5), (10, 4), (11, 5)]
length: 18 99
2*[T] vs T3fnT3: -0.001155421374106412 0.002310842755145353
Estimated difference between T3^fnT3 - (T2^WT3 + h.c.) is: 0.0011554213810389409 1.3349985677619334e-06
total cost: -2.825891458157646
singles alt: [(6, 0), (7, 1), (8, 0), (9, 1), (10, 0), (11, 1), (6, 2), (7, 3), (8, 2), (9, 3), (10, 2), (11, 3), (6, 4), (7, 5), (8, 4), (9, 5), (10, 4), (11, 5)]
length: 18 99
2*[T] vs T3fnT3: -0.0011554213664610015 0.0023108427398545314
Estimated difference between T3^fnT3 - (T2^WT3 + h.c.) is: 0.0011554213733935299 1.3349985500945907e-06
total cost: -2.8258914581590338
singles alt: [(6, 0), (7, 1), (8, 0), (9, 1), (10, 0), (11, 1), (6, 2), (7, 3), (8, 2), (9, 3), (10, 2), (11, 3), (6, 4), (7, 5), (8, 4), (9, 5), (10, 4), (11, 5)]
length: 18 99
2*[T] vs T3fnT3: -0.0011554213647489125 0.0023108427364303538
Estimated difference between T3^fnT3 - (T2^WT3 + h.c.) is: 0.0011554213716814413 1.3349985461382232e-06
total cost: -2.8258914581601786
singles alt: [(6, 0), (7, 1), (8, 0), (9, 1), (10, 0), (11, 1), (6, 2), (7, 3), (8, 2), (9, 3), (10, 2), (11, 3), (6, 4), (7, 5), (8, 4), (9, 5), (10, 4), (11, 5)]
length: 18 99
2*[T] vs T3fnT3: -0.0011554213664609848 0.0023108427398545
Estimated difference between T3^fnT3 - (T2^WT3 + h.c.) is: 0.0011554213733935153 1.3349985500945572e-06
total cost: -2.825891458159033
singles alt: [(6, 0), (7, 1), (8, 0), (9, 1), (10, 0), (11, 1), (6, 2), (7, 3), (8, 2), (9, 3), (10, 2), (11, 3), (6, 4), (7, 5), (8, 4), (9, 5), (10, 4), (11, 5)]
length: 18 99
2*[T] vs T3fnT3: -0.001155421379677066 0.0023108427662866613
Estimated difference between T3^fnT3 - (T2^WT3 + h.c.) is: 0.0011554213866095953 1.3349985806348398e-06
total cost: -2.825891458155
singles alt: [(6, 0), (7, 1), (8, 0), (9, 1), (10, 0), (11, 1), (6, 2), (7, 3), (8, 2), (9, 3), (10, 2), (11, 3), (6, 4), (7, 5), (8, 4), (9, 5), (10, 4), (11, 5)]
length: 18 99
2*[T] vs T3fnT3: -0.0011554213664621044 0.002310842739856738
Estimated difference between T3^fnT3 - (T2^WT3 + h.c.) is: 0.0011554213733946336 1.3349985500971413e-06
total cost: -2.8258914581584715
singles alt: [(6, 0), (7, 1), (8, 0), (9, 1), (10, 0), (11, 1), (6, 2), (7, 3), (8, 2), (9, 3), (10, 2), (11, 3), (6, 4), (7, 5), (8, 4), (9, 5), (10, 4), (11, 5)]
length: 18 99
2*[T] vs T3fnT3: -0.001155421364933598 0.002310842736799726
Estimated difference between T3^fnT3 - (T2^WT3 + h.c.) is: 0.0011554213718661277 1.3349985465650046e-06
total cost: -2.825891458159938
singles alt: [(6, 0), (7, 1), (8, 0), (9, 1), (10, 0), (11, 1), (6, 2), (7, 3), (8, 2), (9, 3), (10, 2), (11, 3), (6, 4), (7, 5), (8, 4), (9, 5), (10, 4), (11, 5)]
length: 18 99
2*[T] vs T3fnT3: -0.0011554213664620966 0.0023108427398567223
Estimated difference between T3^fnT3 - (T2^WT3 + h.c.) is: 0.0011554213733946258 1.3349985500971233e-06
total cost: -2.8258914581584706
singles alt: [(6, 0), (7, 1), (8, 0), (9, 1), (10, 0), (11, 1), (6, 2), (7, 3), (8, 2), (9, 3), (10, 2), (11, 3), (6, 4), (7, 5), (8, 4), (9, 5), (10, 4), (11, 5)]
length: 18 99
2*[T] vs T3fnT3: -0.0011554213699880287 0.002310842746908588
Estimated difference between T3^fnT3 - (T2^WT3 + h.c.) is: 0.0011554213769205592 1.334998558245001e-06
total cost: -2.8258914581559584
singles alt: [(6, 0), (7, 1), (8, 0), (9, 1), (10, 0), (11, 1), (6, 2), (7, 3), (8, 2), (9, 3), (10, 2), (11, 3), (6, 4), (7, 5), (8, 4), (9, 5), (10, 4), (11, 5)]
length: 18 99
2*[T] vs T3fnT3: -0.001155421365372491 0.0023108427376775107
Estimated difference between T3^fnT3 - (T2^WT3 + h.c.) is: 0.0011554213723050197 1.334998547579215e-06
total cost: -2.825891458156211
singles alt: [(6, 0), (7, 1), (8, 0), (9, 1), (10, 0), (11, 1), (6, 2), (7, 3), (8, 2), (9, 3), (10, 2), (11, 3), (6, 4), (7, 5), (8, 4), (9, 5), (10, 4), (11, 5)]
length: 18 99
2*[T] vs T3fnT3: -0.0011554213652277764 0.0023108427373880825
Estimated difference between T3^fnT3 - (T2^WT3 + h.c.) is: 0.001155421372160306 1.3349985472448044e-06
total cost: -2.825891458156272
singles alt: [(6, 0), (7, 1), (8, 0), (9, 1), (10, 0), (11, 1), (6, 2), (7, 3), (8, 2), (9, 3), (10, 2), (11, 3), (6, 4), (7, 5), (8, 4), (9, 5), (10, 4), (11, 5)]
length: 18 99
2*[T] vs T3fnT3: -0.001155421366461275 0.00231084273985508
Estimated difference between T3^fnT3 - (T2^WT3 + h.c.) is: 0.001155421373393805 1.3349985500952266e-06
total cost: -2.8258914581587757
singles alt: [(6, 0), (7, 1), (8, 0), (9, 1), (10, 0), (11, 1), (6, 2), (7, 3), (8, 2), (9, 3), (10, 2), (11, 3), (6, 4), (7, 5), (8, 4), (9, 5), (10, 4), (11, 5)]
length: 18 99
2*[T] vs T3fnT3: -0.0011554213664612379 0.002310842739855006
Estimated difference between T3^fnT3 - (T2^WT3 + h.c.) is: 0.001155421373393768 1.334998550095141e-06
total cost: -2.8258914581587713
singles alt: [(6, 0), (7, 1), (8, 0), (9, 1), (10, 0), (11, 1), (6, 2), (7, 3), (8, 2), (9, 3), (10, 2), (11, 3), (6, 4), (7, 5), (8, 4), (9, 5), (10, 4), (11, 5)]
length: 18 99
2*[T] vs T3fnT3: -0.001155421363520922 0.0023108427339743726
Estimated difference between T3^fnT3 - (T2^WT3 + h.c.) is: 0.0011554213704534507 1.33499854330053e-06
total cost: -2.8258914581576335
singles alt: [(6, 0), (7, 1), (8, 0), (9, 1), (10, 0), (11, 1), (6, 2), (7, 3), (8, 2), (9, 3), (10, 2), (11, 3), (6, 4), (7, 5), (8, 4), (9, 5), (10, 4), (11, 5)]
length: 18 99
2*[T] vs T3fnT3: -0.0011554213634243488 0.0023108427337812276
Estimated difference between T3^fnT3 - (T2^WT3 + h.c.) is: 0.0011554213703568789 1.3349985430773678e-06
total cost: -2.825891458156585
singles alt: [(6, 0), (7, 1), (8, 0), (9, 1), (10, 0), (11, 1), (6, 2), (7, 3), (8, 2), (9, 3), (10, 2), (11, 3), (6, 4), (7, 5), (8, 4), (9, 5), (10, 4), (11, 5)]
length: 18 99
2*[T] vs T3fnT3: -0.0011554213664613537 0.0023108427398552374
Estimated difference between T3^fnT3 - (T2^WT3 + h.c.) is: 0.0011554213733938837 1.3349985500954085e-06
total cost: -2.825891458158771
singles alt: [(6, 0), (7, 1), (8, 0), (9, 1), (10, 0), (11, 1), (6, 2), (7, 3), (8, 2), (9, 3), (10, 2), (11, 3), (6, 4), (7, 5), (8, 4), (9, 5), (10, 4), (11, 5)]
length: 18 99
2*[T] vs T3fnT3: -0.0011554213664613712 0.0023108427398552717
Estimated difference between T3^fnT3 - (T2^WT3 + h.c.) is: 0.0011554213733939004 1.334998550095447e-06
total cost: -2.8258914581587695
singles alt: [(6, 0), (7, 1), (8, 0), (9, 1), (10, 0), (11, 1), (6, 2), (7, 3), (8, 2), (9, 3), (10, 2), (11, 3), (6, 4), (7, 5), (8, 4), (9, 5), (10, 4), (11, 5)]
length: 18 99
2*[T] vs T3fnT3: -0.001155421372048158 0.002310842751028846
Estimated difference between T3^fnT3 - (T2^WT3 + h.c.) is: 0.001155421378980688 1.3349985630056346e-06
total cost: -2.8258914581569554
singles alt: [(6, 0), (7, 1), (8, 0), (9, 1), (10, 0), (11, 1), (6, 2), (7, 3), (8, 2), (9, 3), (10, 2), (11, 3), (6, 4), (7, 5), (8, 4), (9, 5), (10, 4), (11, 5)]
length: 18 99
2*[T] vs T3fnT3: -0.0011554213719707357 0.002310842750874001
Estimated difference between T3^fnT3 - (T2^WT3 + h.c.) is: 0.0011554213789032653 1.334998562826723e-06
total cost: -2.8258914581569208
singles alt: [(6, 0), (7, 1), (8, 0), (9, 1), (10, 0), (11, 1), (6, 2), (7, 3), (8, 2), (9, 3), (10, 2), (11, 3), (6, 4), (7, 5), (8, 4), (9, 5), (10, 4), (11, 5)]
length: 18 99
2*[T] vs T3fnT3: -0.0011554213664610742 0.0023108427398546767
Estimated difference between T3^fnT3 - (T2^WT3 + h.c.) is: 0.0011554213733936025 1.3349985500947586e-06
total cost: -2.825891458158772
singles alt: [(6, 0), (7, 1), (8, 0), (9, 1), (10, 0), (11, 1), (6, 2), (7, 3), (8, 2), (9, 3), (10, 2), (11, 3), (6, 4), (7, 5), (8, 4), (9, 5), (10, 4), (11, 5)]
length: 18 99
2*[T] vs T3fnT3: -0.0011554213664610859 0.0023108427398547027
Estimated difference between T3^fnT3 - (T2^WT3 + h.c.) is: 0.0011554213733936168 1.3349985500947916e-06
total cost: -2.825891458158779
singles alt: [(6, 0), (7, 1), (8, 0), (9, 1), (10, 0), (11, 1), (6, 2), (7, 3), (8, 2), (9, 3), (10, 2), (11, 3), (6, 4), (7, 5), (8, 4), (9, 5), (10, 4), (11, 5)]
length: 18 99
2*[T] vs T3fnT3: -0.0011554213693206247 0.0023108427455737794
Estimated difference between T3^fnT3 - (T2^WT3 + h.c.) is: 0.0011554213762531547 1.334998556702734e-06
total cost: -2.8258914581627983
singles alt: [(6, 0), (7, 1), (8, 0), (9, 1), (10, 0), (11, 1), (6, 2), (7, 3), (8, 2), (9, 3), (10, 2), (11, 3), (6, 4), (7, 5), (8, 4), (9, 5), (10, 4), (11, 5)]
length: 18 99
2*[T] vs T3fnT3: -0.0011554213690900103 0.00231084274511255
Estimated difference between T3^fnT3 - (T2^WT3 + h.c.) is: 0.0011554213760225395 1.3349985561698187e-06
total cost: -2.8258914581640457
singles alt: [(6, 0), (7, 1), (8, 0), (9, 1), (10, 0), (11, 1), (6, 2), (7, 3), (8, 2), (9, 3), (10, 2), (11, 3), (6, 4), (7, 5), (8, 4), (9, 5), (10, 4), (11, 5)]
length: 18 99
2*[T] vs T3fnT3: -0.0011554213664611047 0.002310842739854739
Estimated difference between T3^fnT3 - (T2^WT3 + h.c.) is: 0.0011554213733936344 1.3349985500948323e-06
total cost: -2.8258914581587757
singles alt: [(6, 0), (7, 1), (8, 0), (9, 1), (10, 0), (11, 1), (6, 2), (7, 3), (8, 2), (9, 3), (10, 2), (11, 3), (6, 4), (7, 5), (8, 4), (9, 5), (10, 4), (11, 5)]
length: 18 99
2*[T] vs T3fnT3: -0.001155421366461147 0.0023108427398548237
Estimated difference between T3^fnT3 - (T2^WT3 + h.c.) is: 0.0011554213733936767 1.33499855009493e-06
total cost: -2.825891458158776
singles alt: [(6, 0), (7, 1), (8, 0), (9, 1), (10, 0), (11, 1), (6, 2), (7, 3), (8, 2), (9, 3), (10, 2), (11, 3), (6, 4), (7, 5), (8, 4), (9, 5), (10, 4), (11, 5)]
length: 18 99
2*[T] vs T3fnT3: -0.0011554213679912785 0.002310842742915088
Estimated difference between T3^fnT3 - (T2^WT3 + h.c.) is: 0.0011554213749238095 1.3349985536308262e-06
total cost: -2.8258914581594046
singles alt: [(6, 0), (7, 1), (8, 0), (9, 1), (10, 0), (11, 1), (6, 2), (7, 3), (8, 2), (9, 3), (10, 2), (11, 3), (6, 4), (7, 5), (8, 4), (9, 5), (10, 4), (11, 5)]
length: 18 99
2*[T] vs T3fnT3: -0.0011554213679580057 0.0023108427428485405
Estimated difference between T3^fnT3 - (T2^WT3 + h.c.) is: 0.0011554213748905349 1.3349985535539338e-06
total cost: -2.825891458159113
singles alt: [(6, 0), (7, 1), (8, 0), (9, 1), (10, 0), (11, 1), (6, 2), (7, 3), (8, 2), (9, 3), (10, 2), (11, 3), (6, 4), (7, 5), (8, 4), (9, 5), (10, 4), (11, 5)]
length: 18 99
2*[T] vs T3fnT3: -0.0011554213664614241 0.0023108427398553784
Estimated difference between T3^fnT3 - (T2^WT3 + h.c.) is: 0.0011554213733939542 1.3349985500955713e-06
total cost: -2.825891458158769
singles alt: [(6, 0), (7, 1), (8, 0), (9, 1), (10, 0), (11, 1), (6, 2), (7, 3), (8, 2), (9, 3), (10, 2), (11, 3), (6, 4), (7, 5), (8, 4), (9, 5), (10, 4), (11, 5)]
length: 18 99
2*[T] vs T3fnT3: -0.0011554213664614241 0.0023108427398553784
Estimated difference between T3^fnT3 - (T2^WT3 + h.c.) is: 0.0011554213733939542 1.3349985500955713e-06
total cost: -2.8258914581587664
singles alt: [(6, 0), (7, 1), (8, 0), (9, 1), (10, 0), (11, 1), (6, 2), (7, 3), (8, 2), (9, 3), (10, 2), (11, 3), (6, 4), (7, 5), (8, 4), (9, 5), (10, 4), (11, 5)]
length: 18 99
2*[T] vs T3fnT3: -0.0011554213664614241 0.0023108427398553784
Estimated difference between T3^fnT3 - (T2^WT3 + h.c.) is: 0.0011554213733939542 1.3349985500955713e-06
total cost: -2.825891458159838
singles alt: [(6, 0), (7, 1), (8, 0), (9, 1), (10, 0), (11, 1), (6, 2), (7, 3), (8, 2), (9, 3), (10, 2), (11, 3), (6, 4), (7, 5), (8, 4), (9, 5), (10, 4), (11, 5)]
length: 18 99
2*[T] vs T3fnT3: -0.0011554213664614241 0.0023108427398553784
Estimated difference between T3^fnT3 - (T2^WT3 + h.c.) is: 0.0011554213733939542 1.3349985500955713e-06
total cost: -2.8258914581588956
singles alt: [(6, 0), (7, 1), (8, 0), (9, 1), (10, 0), (11, 1), (6, 2), (7, 3), (8, 2), (9, 3), (10, 2), (11, 3), (6, 4), (7, 5), (8, 4), (9, 5), (10, 4), (11, 5)]
length: 18 99
2*[T] vs T3fnT3: -0.0011554213664614241 0.0023108427398553784
Estimated difference between T3^fnT3 - (T2^WT3 + h.c.) is: 0.0011554213733939542 1.3349985500955713e-06
total cost: -2.8258914581587966
singles alt: [(6, 0), (7, 1), (8, 0), (9, 1), (10, 0), (11, 1), (6, 2), (7, 3), (8, 2), (9, 3), (10, 2), (11, 3), (6, 4), (7, 5), (8, 4), (9, 5), (10, 4), (11, 5)]
length: 18 99
2*[T] vs T3fnT3: -0.0011554213664614241 0.0023108427398553784
Estimated difference between T3^fnT3 - (T2^WT3 + h.c.) is: 0.0011554213733939542 1.3349985500955713e-06
total cost: -2.8258914581587975
singles alt: [(6, 0), (7, 1), (8, 0), (9, 1), (10, 0), (11, 1), (6, 2), (7, 3), (8, 2), (9, 3), (10, 2), (11, 3), (6, 4), (7, 5), (8, 4), (9, 5), (10, 4), (11, 5)]
length: 18 99
2*[T] vs T3fnT3: -0.0011554213664614241 0.0023108427398553784
Estimated difference between T3^fnT3 - (T2^WT3 + h.c.) is: 0.0011554213733939542 1.3349985500955713e-06
total cost: -2.825891458161041
singles alt: [(6, 0), (7, 1), (8, 0), (9, 1), (10, 0), (11, 1), (6, 2), (7, 3), (8, 2), (9, 3), (10, 2), (11, 3), (6, 4), (7, 5), (8, 4), (9, 5), (10, 4), (11, 5)]
length: 18 99
2*[T] vs T3fnT3: -0.0011554213664614241 0.0023108427398553784
Estimated difference between T3^fnT3 - (T2^WT3 + h.c.) is: 0.0011554213733939542 1.3349985500955713e-06
total cost: -2.8258914581613643
singles alt: [(6, 0), (7, 1), (8, 0), (9, 1), (10, 0), (11, 1), (6, 2), (7, 3), (8, 2), (9, 3), (10, 2), (11, 3), (6, 4), (7, 5), (8, 4), (9, 5), (10, 4), (11, 5)]
length: 18 99
2*[T] vs T3fnT3: -0.0011554213664614241 0.0023108427398553784
Estimated difference between T3^fnT3 - (T2^WT3 + h.c.) is: 0.0011554213733939542 1.3349985500955713e-06
total cost: -2.8258914581587797
singles alt: [(6, 0), (7, 1), (8, 0), (9, 1), (10, 0), (11, 1), (6, 2), (7, 3), (8, 2), (9, 3), (10, 2), (11, 3), (6, 4), (7, 5), (8, 4), (9, 5), (10, 4), (11, 5)]
length: 18 99
2*[T] vs T3fnT3: -0.0011554213664614241 0.0023108427398553784
Estimated difference between T3^fnT3 - (T2^WT3 + h.c.) is: 0.0011554213733939542 1.3349985500955713e-06
total cost: -2.8258914581587726
singles alt: [(6, 0), (7, 1), (8, 0), (9, 1), (10, 0), (11, 1), (6, 2), (7, 3), (8, 2), (9, 3), (10, 2), (11, 3), (6, 4), (7, 5), (8, 4), (9, 5), (10, 4), (11, 5)]
length: 18 99
2*[T] vs T3fnT3: -0.0011554213664614241 0.0023108427398553784
Estimated difference between T3^fnT3 - (T2^WT3 + h.c.) is: 0.0011554213733939542 1.3349985500955713e-06
total cost: -2.825891458156494
singles alt: [(6, 0), (7, 1), (8, 0), (9, 1), (10, 0), (11, 1), (6, 2), (7, 3), (8, 2), (9, 3), (10, 2), (11, 3), (6, 4), (7, 5), (8, 4), (9, 5), (10, 4), (11, 5)]
length: 18 99
2*[T] vs T3fnT3: -0.0011554213664614241 0.0023108427398553784
Estimated difference between T3^fnT3 - (T2^WT3 + h.c.) is: 0.0011554213733939542 1.3349985500955713e-06
total cost: -2.8258914581562418
singles alt: [(6, 0), (7, 1), (8, 0), (9, 1), (10, 0), (11, 1), (6, 2), (7, 3), (8, 2), (9, 3), (10, 2), (11, 3), (6, 4), (7, 5), (8, 4), (9, 5), (10, 4), (11, 5)]
length: 18 99
2*[T] vs T3fnT3: -0.0011554213664614241 0.0023108427398553784
Estimated difference between T3^fnT3 - (T2^WT3 + h.c.) is: 0.0011554213733939542 1.3349985500955713e-06
total cost: -2.8258914581587655
singles alt: [(6, 0), (7, 1), (8, 0), (9, 1), (10, 0), (11, 1), (6, 2), (7, 3), (8, 2), (9, 3), (10, 2), (11, 3), (6, 4), (7, 5), (8, 4), (9, 5), (10, 4), (11, 5)]
length: 18 99
2*[T] vs T3fnT3: -0.0011554213664614241 0.0023108427398553784
Estimated difference between T3^fnT3 - (T2^WT3 + h.c.) is: 0.0011554213733939542 1.3349985500955713e-06
total cost: -2.8258914581587646
singles alt: [(6, 0), (7, 1), (8, 0), (9, 1), (10, 0), (11, 1), (6, 2), (7, 3), (8, 2), (9, 3), (10, 2), (11, 3), (6, 4), (7, 5), (8, 4), (9, 5), (10, 4), (11, 5)]
length: 18 99
2*[T] vs T3fnT3: -0.0011554213664614241 0.0023108427398553784
Estimated difference between T3^fnT3 - (T2^WT3 + h.c.) is: 0.0011554213733939542 1.3349985500955713e-06
total cost: -2.8258914581589885
singles alt: [(6, 0), (7, 1), (8, 0), (9, 1), (10, 0), (11, 1), (6, 2), (7, 3), (8, 2), (9, 3), (10, 2), (11, 3), (6, 4), (7, 5), (8, 4), (9, 5), (10, 4), (11, 5)]
length: 18 99
2*[T] vs T3fnT3: -0.0011554213664614241 0.0023108427398553784
Estimated difference between T3^fnT3 - (T2^WT3 + h.c.) is: 0.0011554213733939542 1.3349985500955713e-06
total cost: -2.8258914581590613
singles alt: [(6, 0), (7, 1), (8, 0), (9, 1), (10, 0), (11, 1), (6, 2), (7, 3), (8, 2), (9, 3), (10, 2), (11, 3), (6, 4), (7, 5), (8, 4), (9, 5), (10, 4), (11, 5)]
length: 18 99
2*[T] vs T3fnT3: -0.0011554213664614241 0.0023108427398553784
Estimated difference between T3^fnT3 - (T2^WT3 + h.c.) is: 0.0011554213733939542 1.3349985500955713e-06
total cost: -2.8258914581587655
singles alt: [(6, 0), (7, 1), (8, 0), (9, 1), (10, 0), (11, 1), (6, 2), (7, 3), (8, 2), (9, 3), (10, 2), (11, 3), (6, 4), (7, 5), (8, 4), (9, 5), (10, 4), (11, 5)]
length: 18 99
2*[T] vs T3fnT3: -0.0011554213664614241 0.0023108427398553784
Estimated difference between T3^fnT3 - (T2^WT3 + h.c.) is: 0.0011554213733939542 1.3349985500955713e-06
total cost: -2.8258914581587664
singles alt: [(6, 0), (7, 1), (8, 0), (9, 1), (10, 0), (11, 1), (6, 2), (7, 3), (8, 2), (9, 3), (10, 2), (11, 3), (6, 4), (7, 5), (8, 4), (9, 5), (10, 4), (11, 5)]
callback: energy=-2.827046879532
singles alt: [(6, 0), (7, 1), (8, 0), (9, 1), (10, 0), (11, 1), (6, 2), (7, 3), (8, 2), (9, 3), (10, 2), (11, 3), (6, 4), (7, 5), (8, 4), (9, 5), (10, 4), (11, 5)]
length: 18 99
2*[T] vs T3fnT3: -0.0011551446008628706 0.0023102892086566094
Estimated difference between T3^fnT3 - (T2^WT3 + h.c.) is: 0.0011551446077937388 1.3343590649149506e-06
total cost: -2.8258927387141317
singles alt: [(6, 0), (7, 1), (8, 0), (9, 1), (10, 0), (11, 1), (6, 2), (7, 3), (8, 2), (9, 3), (10, 2), (11, 3), (6, 4), (7, 5), (8, 4), (9, 5), (10, 4), (11, 5)]
length: 18 99
2*[T] vs T3fnT3: -0.001155144603388942 0.0023102892137087513
Estimated difference between T3^fnT3 - (T2^WT3 + h.c.) is: 0.0011551446103198093 1.334359070750904e-06
total cost: -2.825892738712885
singles alt: [(6, 0), (7, 1), (8, 0), (9, 1), (10, 0), (11, 1), (6, 2), (7, 3), (8, 2), (9, 3), (10, 2), (11, 3), (6, 4), (7, 5), (8, 4), (9, 5), (10, 4), (11, 5)]
length: 18 99
2*[T] vs T3fnT3: -0.001155144600864367 0.002310289208659602
Estimated difference between T3^fnT3 - (T2^WT3 + h.c.) is: 0.0011551446077952348 1.334359064918407e-06
total cost: -2.825892738712343
singles alt: [(6, 0), (7, 1), (8, 0), (9, 1), (10, 0), (11, 1), (6, 2), (7, 3), (8, 2), (9, 3), (10, 2), (11, 3), (6, 4), (7, 5), (8, 4), (9, 5), (10, 4), (11, 5)]
length: 18 99
2*[T] vs T3fnT3: -0.0011551446000763943 0.0023102892070836546
Estimated difference between T3^fnT3 - (T2^WT3 + h.c.) is: 0.0011551446070072603 1.3343590630979578e-06
total cost: -2.8258927387139363
singles alt: [(6, 0), (7, 1), (8, 0), (9, 1), (10, 0), (11, 1), (6, 2), (7, 3), (8, 2), (9, 3), (10, 2), (11, 3), (6, 4), (7, 5), (8, 4), (9, 5), (10, 4), (11, 5)]
length: 18 99
2*[T] vs T3fnT3: -0.001155144600864285 0.002310289208659438
Estimated difference between T3^fnT3 - (T2^WT3 + h.c.) is: 0.0011551446077951528 1.3343590649182174e-06
total cost: -2.8258927387124424
singles alt: [(6, 0), (7, 1), (8, 0), (9, 1), (10, 0), (11, 1), (6, 2), (7, 3), (8, 2), (9, 3), (10, 2), (11, 3), (6, 4), (7, 5), (8, 4), (9, 5), (10, 4), (11, 5)]
length: 18 99
2*[T] vs T3fnT3: -0.0011551446056646776 0.002310289218260223
Estimated difference between T3^fnT3 - (T2^WT3 + h.c.) is: 0.0011551446125955453 1.3343590760085126e-06
total cost: -2.8258927387153285
singles alt: [(6, 0), (7, 1), (8, 0), (9, 1), (10, 0), (11, 1), (6, 2), (7, 3), (8, 2), (9, 3), (10, 2), (11, 3), (6, 4), (7, 5), (8, 4), (9, 5), (10, 4), (11, 5)]
length: 18 99
2*[T] vs T3fnT3: -0.0011551446008609336 0.0023102892086527362
Estimated difference between T3^fnT3 - (T2^WT3 + h.c.) is: 0.0011551446077918027 1.3343590649104777e-06
total cost: -2.825892738715782
singles alt: [(6, 0), (7, 1), (8, 0), (9, 1), (10, 0), (11, 1), (6, 2), (7, 3), (8, 2), (9, 3), (10, 2), (11, 3), (6, 4), (7, 5), (8, 4), (9, 5), (10, 4), (11, 5)]
length: 18 99
2*[T] vs T3fnT3: -0.001155144600082742 0.0023102892070963523
Estimated difference between T3^fnT3 - (T2^WT3 + h.c.) is: 0.0011551446070136103 1.334359063112628e-06
total cost: -2.8258927387152393
singles alt: [(6, 0), (7, 1), (8, 0), (9, 1), (10, 0), (11, 1), (6, 2), (7, 3), (8, 2), (9, 3), (10, 2), (11, 3), (6, 4), (7, 5), (8, 4), (9, 5), (10, 4), (11, 5)]
length: 18 99
2*[T] vs T3fnT3: -0.0011551446008609169 0.0023102892086527024
Estimated difference between T3^fnT3 - (T2^WT3 + h.c.) is: 0.0011551446077917855 1.334359064910438e-06
total cost: -2.825892738715743
singles alt: [(6, 0), (7, 1), (8, 0), (9, 1), (10, 0), (11, 1), (6, 2), (7, 3), (8, 2), (9, 3), (10, 2), (11, 3), (6, 4), (7, 5), (8, 4), (9, 5), (10, 4), (11, 5)]
length: 18 99
2*[T] vs T3fnT3: -0.001155144607367267 0.0023102892216654014
Estimated difference between T3^fnT3 - (T2^WT3 + h.c.) is: 0.0011551446142981344 1.3343590799419855e-06
total cost: -2.8258927387137165
singles alt: [(6, 0), (7, 1), (8, 0), (9, 1), (10, 0), (11, 1), (6, 2), (7, 3), (8, 2), (9, 3), (10, 2), (11, 3), (6, 4), (7, 5), (8, 4), (9, 5), (10, 4), (11, 5)]
length: 18 99
2*[T] vs T3fnT3: -0.0011551446008640739 0.002310289208659017
Estimated difference between T3^fnT3 - (T2^WT3 + h.c.) is: 0.001155144607794943 1.3343590649177325e-06
total cost: -2.825892738712674
singles alt: [(6, 0), (7, 1), (8, 0), (9, 1), (10, 0), (11, 1), (6, 2), (7, 3), (8, 2), (9, 3), (10, 2), (11, 3), (6, 4), (7, 5), (8, 4), (9, 5), (10, 4), (11, 5)]
length: 18 99
2*[T] vs T3fnT3: -0.0011551445959906595 0.002310289198912187
Estimated difference between T3^fnT3 - (T2^WT3 + h.c.) is: 0.0011551446029215277 1.3343590536587338e-06
total cost: -2.8258927387148924
singles alt: [(6, 0), (7, 1), (8, 0), (9, 1), (10, 0), (11, 1), (6, 2), (7, 3), (8, 2), (9, 3), (10, 2), (11, 3), (6, 4), (7, 5), (8, 4), (9, 5), (10, 4), (11, 5)]
length: 18 99
2*[T] vs T3fnT3: -0.0011551446008628845 0.0023102892086566368
Estimated difference between T3^fnT3 - (T2^WT3 + h.c.) is: 0.0011551446077937523 1.3343590649149818e-06
total cost: -2.8258927387147907
singles alt: [(6, 0), (7, 1), (8, 0), (9, 1), (10, 0), (11, 1), (6, 2), (7, 3), (8, 2), (9, 3), (10, 2), (11, 3), (6, 4), (7, 5), (8, 4), (9, 5), (10, 4), (11, 5)]
length: 18 99
2*[T] vs T3fnT3: -0.0011551446004855574 0.0023102892079019826
Estimated difference between T3^fnT3 - (T2^WT3 + h.c.) is: 0.0011551446074164252 1.334359064043247e-06
total cost: -2.825892738715657
singles alt: [(6, 0), (7, 1), (8, 0), (9, 1), (10, 0), (11, 1), (6, 2), (7, 3), (8, 2), (9, 3), (10, 2), (11, 3), (6, 4), (7, 5), (8, 4), (9, 5), (10, 4), (11, 5)]
length: 18 99
2*[T] vs T3fnT3: -0.00115514460086455 0.002310289208659969
Estimated difference between T3^fnT3 - (T2^WT3 + h.c.) is: 0.0011551446077954191 1.3343590649188326e-06
total cost: -2.8258927387122577
singles alt: [(6, 0), (7, 1), (8, 0), (9, 1), (10, 0), (11, 1), (6, 2), (7, 3), (8, 2), (9, 3), (10, 2), (11, 3), (6, 4), (7, 5), (8, 4), (9, 5), (10, 4), (11, 5)]
length: 18 99
2*[T] vs T3fnT3: -0.0011551446109056098 0.002310289228742086
Estimated difference between T3^fnT3 - (T2^WT3 + h.c.) is: 0.0011551446178364763 1.334359088116579e-06
total cost: -2.825892738714584
singles alt: [(6, 0), (7, 1), (8, 0), (9, 1), (10, 0), (11, 1), (6, 2), (7, 3), (8, 2), (9, 3), (10, 2), (11, 3), (6, 4), (7, 5), (8, 4), (9, 5), (10, 4), (11, 5)]
length: 18 99
2*[T] vs T3fnT3: -0.0011551446008624614 0.0023102892086557924
Estimated difference between T3^fnT3 - (T2^WT3 + h.c.) is: 0.001155144607793331 1.3343590649140083e-06
total cost: -2.825892738714708
singles alt: [(6, 0), (7, 1), (8, 0), (9, 1), (10, 0), (11, 1), (6, 2), (7, 3), (8, 2), (9, 3), (10, 2), (11, 3), (6, 4), (7, 5), (8, 4), (9, 5), (10, 4), (11, 5)]
length: 18 99
2*[T] vs T3fnT3: -0.0011551446051916835 0.0023102892173142353
Estimated difference between T3^fnT3 - (T2^WT3 + h.c.) is: 0.0011551446121225517 1.3343590749157604e-06
total cost: -2.8258927387161314
singles alt: [(6, 0), (7, 1), (8, 0), (9, 1), (10, 0), (11, 1), (6, 2), (7, 3), (8, 2), (9, 3), (10, 2), (11, 3), (6, 4), (7, 5), (8, 4), (9, 5), (10, 4), (11, 5)]
length: 18 99
2*[T] vs T3fnT3: -0.001155144600863812 0.002310289208658491
Estimated difference between T3^fnT3 - (T2^WT3 + h.c.) is: 0.0011551446077946793 1.3343590649171235e-06
total cost: -2.8258927387131334
singles alt: [(6, 0), (7, 1), (8, 0), (9, 1), (10, 0), (11, 1), (6, 2), (7, 3), (8, 2), (9, 3), (10, 2), (11, 3), (6, 4), (7, 5), (8, 4), (9, 5), (10, 4), (11, 5)]
length: 18 99
2*[T] vs T3fnT3: -0.001155144602352798 0.0023102892116364637
Estimated difference between T3^fnT3 - (T2^WT3 + h.c.) is: 0.0011551446092836657 1.3343590683571127e-06
total cost: -2.825892738714336
singles alt: [(6, 0), (7, 1), (8, 0), (9, 1), (10, 0), (11, 1), (6, 2), (7, 3), (8, 2), (9, 3), (10, 2), (11, 3), (6, 4), (7, 5), (8, 4), (9, 5), (10, 4), (11, 5)]
length: 18 99
2*[T] vs T3fnT3: -0.0011551446008626065 0.0023102892086560812
Estimated difference between T3^fnT3 - (T2^WT3 + h.c.) is: 0.0011551446077934747 1.3343590649143406e-06
total cost: -2.825892738714564
singles alt: [(6, 0), (7, 1), (8, 0), (9, 1), (10, 0), (11, 1), (6, 2), (7, 3), (8, 2), (9, 3), (10, 2), (11, 3), (6, 4), (7, 5), (8, 4), (9, 5), (10, 4), (11, 5)]
length: 18 99
2*[T] vs T3fnT3: -0.0011551446119957968 0.0023102892309224614
Estimated difference between T3^fnT3 - (T2^WT3 + h.c.) is: 0.0011551446189266646 1.334359090635229e-06
total cost: -2.8258927387152926
singles alt: [(6, 0), (7, 1), (8, 0), (9, 1), (10, 0), (11, 1), (6, 2), (7, 3), (8, 2), (9, 3), (10, 2), (11, 3), (6, 4), (7, 5), (8, 4), (9, 5), (10, 4), (11, 5)]
length: 18 99
2*[T] vs T3fnT3: -0.0011551446008616882 0.0023102892086542454
Estimated difference between T3^fnT3 - (T2^WT3 + h.c.) is: 0.0011551446077925573 1.3343590649122209e-06
total cost: -2.825892738714562
singles alt: [(6, 0), (7, 1), (8, 0), (9, 1), (10, 0), (11, 1), (6, 2), (7, 3), (8, 2), (9, 3), (10, 2), (11, 3), (6, 4), (7, 5), (8, 4), (9, 5), (10, 4), (11, 5)]
length: 18 99
2*[T] vs T3fnT3: -0.0011551446009958808 0.002310289208922629
Estimated difference between T3^fnT3 - (T2^WT3 + h.c.) is: 0.001155144607926748 1.3343590652222406e-06
total cost: -2.825892738714141
singles alt: [(6, 0), (7, 1), (8, 0), (9, 1), (10, 0), (11, 1), (6, 2), (7, 3), (8, 2), (9, 3), (10, 2), (11, 3), (6, 4), (7, 5), (8, 4), (9, 5), (10, 4), (11, 5)]
length: 18 99
2*[T] vs T3fnT3: -0.0011551446008638505 0.0023102892086585684
Estimated difference between T3^fnT3 - (T2^WT3 + h.c.) is: 0.0011551446077947179 1.3343590649172126e-06
total cost: -2.82589273871385
singles alt: [(6, 0), (7, 1), (8, 0), (9, 1), (10, 0), (11, 1), (6, 2), (7, 3), (8, 2), (9, 3), (10, 2), (11, 3), (6, 4), (7, 5), (8, 4), (9, 5), (10, 4), (11, 5)]
length: 18 99
2*[T] vs T3fnT3: -0.0011551446062812573 0.0023102892194933815
Estimated difference between T3^fnT3 - (T2^WT3 + h.c.) is: 0.0011551446132121242 1.334359077432988e-06
total cost: -2.825892738713541
singles alt: [(6, 0), (7, 1), (8, 0), (9, 1), (10, 0), (11, 1), (6, 2), (7, 3), (8, 2), (9, 3), (10, 2), (11, 3), (6, 4), (7, 5), (8, 4), (9, 5), (10, 4), (11, 5)]
length: 18 99
2*[T] vs T3fnT3: -0.0011551446008630935 0.0023102892086570553
Estimated difference between T3^fnT3 - (T2^WT3 + h.c.) is: 0.0011551446077939617 1.3343590649154656e-06
total cost: -2.8258927387138417
singles alt: [(6, 0), (7, 1), (8, 0), (9, 1), (10, 0), (11, 1), (6, 2), (7, 3), (8, 2), (9, 3), (10, 2), (11, 3), (6, 4), (7, 5), (8, 4), (9, 5), (10, 4), (11, 5)]
length: 18 99
2*[T] vs T3fnT3: -0.0011551445991630272 0.002310289205256922
Estimated difference between T3^fnT3 - (T2^WT3 + h.c.) is: 0.0011551446060938946 1.3343590609878187e-06
total cost: -2.8258927387144075
singles alt: [(6, 0), (7, 1), (8, 0), (9, 1), (10, 0), (11, 1), (6, 2), (7, 3), (8, 2), (9, 3), (10, 2), (11, 3), (6, 4), (7, 5), (8, 4), (9, 5), (10, 4), (11, 5)]
length: 18 99
2*[T] vs T3fnT3: -0.0011551446008637532 0.0023102892086583745
Estimated difference between T3^fnT3 - (T2^WT3 + h.c.) is: 0.0011551446077946214 1.3343590649169896e-06
total cost: -2.825892738713045
singles alt: [(6, 0), (7, 1), (8, 0), (9, 1), (10, 0), (11, 1), (6, 2), (7, 3), (8, 2), (9, 3), (10, 2), (11, 3), (6, 4), (7, 5), (8, 4), (9, 5), (10, 4), (11, 5)]
length: 18 99
2*[T] vs T3fnT3: -0.0011551446005980883 0.0023102892081270443
Estimated difference between T3^fnT3 - (T2^WT3 + h.c.) is: 0.001155144607528956 1.334359064303226e-06
total cost: -2.8258927387150203
singles alt: [(6, 0), (7, 1), (8, 0), (9, 1), (10, 0), (11, 1), (6, 2), (7, 3), (8, 2), (9, 3), (10, 2), (11, 3), (6, 4), (7, 5), (8, 4), (9, 5), (10, 4), (11, 5)]
length: 18 99
2*[T] vs T3fnT3: -0.001155144600862429 0.0023102892086557247
Estimated difference between T3^fnT3 - (T2^WT3 + h.c.) is: 0.0011551446077932958 1.3343590649139272e-06
total cost: -2.825892738714694
singles alt: [(6, 0), (7, 1), (8, 0), (9, 1), (10, 0), (11, 1), (6, 2), (7, 3), (8, 2), (9, 3), (10, 2), (11, 3), (6, 4), (7, 5), (8, 4), (9, 5), (10, 4), (11, 5)]
length: 18 99
2*[T] vs T3fnT3: -0.0011551445960713788 0.0023102891990736266
Estimated difference between T3^fnT3 - (T2^WT3 + h.c.) is: 0.0011551446030022478 1.3343590538452208e-06
total cost: -2.82589273871365
singles alt: [(6, 0), (7, 1), (8, 0), (9, 1), (10, 0), (11, 1), (6, 2), (7, 3), (8, 2), (9, 3), (10, 2), (11, 3), (6, 4), (7, 5), (8, 4), (9, 5), (10, 4), (11, 5)]
length: 18 99
2*[T] vs T3fnT3: -0.0011551446008644134 0.002310289208659696
Estimated difference between T3^fnT3 - (T2^WT3 + h.c.) is: 0.0011551446077952825 1.334359064918517e-06
total cost: -2.825892738712504
singles alt: [(6, 0), (7, 1), (8, 0), (9, 1), (10, 0), (11, 1), (6, 2), (7, 3), (8, 2), (9, 3), (10, 2), (11, 3), (6, 4), (7, 5), (8, 4), (9, 5), (10, 4), (11, 5)]
length: 18 99
2*[T] vs T3fnT3: -0.0011551446054490994 0.0023102892178290665
Estimated difference between T3^fnT3 - (T2^WT3 + h.c.) is: 0.0011551446123799671 1.3343590755104646e-06
total cost: -2.8258927387158104
singles alt: [(6, 0), (7, 1), (8, 0), (9, 1), (10, 0), (11, 1), (6, 2), (7, 3), (8, 2), (9, 3), (10, 2), (11, 3), (6, 4), (7, 5), (8, 4), (9, 5), (10, 4), (11, 5)]
length: 18 99
2*[T] vs T3fnT3: -0.0011551446008627618 0.0023102892086563913
Estimated difference between T3^fnT3 - (T2^WT3 + h.c.) is: 0.0011551446077936295 1.3343590649146982e-06
total cost: -2.8258927387148085
singles alt: [(6, 0), (7, 1), (8, 0), (9, 1), (10, 0), (11, 1), (6, 2), (7, 3), (8, 2), (9, 3), (10, 2), (11, 3), (6, 4), (7, 5), (8, 4), (9, 5), (10, 4), (11, 5)]
length: 18 99
2*[T] vs T3fnT3: -0.001155144611326347 0.0023102892295835623
Estimated difference between T3^fnT3 - (T2^WT3 + h.c.) is: 0.0011551446182572153 1.3343590890886075e-06
total cost: -2.825892738714621
singles alt: [(6, 0), (7, 1), (8, 0), (9, 1), (10, 0), (11, 1), (6, 2), (7, 3), (8, 2), (9, 3), (10, 2), (11, 3), (6, 4), (7, 5), (8, 4), (9, 5), (10, 4), (11, 5)]
length: 18 99
2*[T] vs T3fnT3: -0.0011551446008638115 0.002310289208658493
Estimated difference between T3^fnT3 - (T2^WT3 + h.c.) is: 0.0011551446077946814 1.3343590649171283e-06
total cost: -2.8258927387131796
singles alt: [(6, 0), (7, 1), (8, 0), (9, 1), (10, 0), (11, 1), (6, 2), (7, 3), (8, 2), (9, 3), (10, 2), (11, 3), (6, 4), (7, 5), (8, 4), (9, 5), (10, 4), (11, 5)]
length: 18 99
2*[T] vs T3fnT3: -0.0011551446081595397 0.002310289223249948
Estimated difference between T3^fnT3 - (T2^WT3 + h.c.) is: 0.0011551446150904084 1.3343590817723678e-06
total cost: -2.8258927387156767
singles alt: [(6, 0), (7, 1), (8, 0), (9, 1), (10, 0), (11, 1), (6, 2), (7, 3), (8, 2), (9, 3), (10, 2), (11, 3), (6, 4), (7, 5), (8, 4), (9, 5), (10, 4), (11, 5)]
length: 18 99
2*[T] vs T3fnT3: -0.0011551446008635578 0.0023102892086579838
Estimated difference between T3^fnT3 - (T2^WT3 + h.c.) is: 0.001155144607794426 1.3343590649165382e-06
total cost: -2.8258927387125885
singles alt: [(6, 0), (7, 1), (8, 0), (9, 1), (10, 0), (11, 1), (6, 2), (7, 3), (8, 2), (9, 3), (10, 2), (11, 3), (6, 4), (7, 5), (8, 4), (9, 5), (10, 4), (11, 5)]
length: 18 99
2*[T] vs T3fnT3: -0.0011551445974549812 0.0023102892018408306
Estimated difference between T3^fnT3 - (T2^WT3 + h.c.) is: 0.0011551446043858494 1.3343590570417406e-06
total cost: -2.8258927387142054
singles alt: [(6, 0), (7, 1), (8, 0), (9, 1), (10, 0), (11, 1), (6, 2), (7, 3), (8, 2), (9, 3), (10, 2), (11, 3), (6, 4), (7, 5), (8, 4), (9, 5), (10, 4), (11, 5)]
length: 18 99
2*[T] vs T3fnT3: -0.0011551446008636627 0.0023102892086581932
Estimated difference between T3^fnT3 - (T2^WT3 + h.c.) is: 0.0011551446077945305 1.3343590649167798e-06
total cost: -2.825892738712563
singles alt: [(6, 0), (7, 1), (8, 0), (9, 1), (10, 0), (11, 1), (6, 2), (7, 3), (8, 2), (9, 3), (10, 2), (11, 3), (6, 4), (7, 5), (8, 4), (9, 5), (10, 4), (11, 5)]
length: 18 99
2*[T] vs T3fnT3: -0.001155144619346787 0.0023102892456244428
Estimated difference between T3^fnT3 - (T2^WT3 + h.c.) is: 0.0011551446262776557 1.3343591076181448e-06
total cost: -2.8258927387131934
singles alt: [(6, 0), (7, 1), (8, 0), (9, 1), (10, 0), (11, 1), (6, 2), (7, 3), (8, 2), (9, 3), (10, 2), (11, 3), (6, 4), (7, 5), (8, 4), (9, 5), (10, 4), (11, 5)]
length: 18 99
2*[T] vs T3fnT3: -0.0011551446008616455 0.0023102892086541596
Estimated difference between T3^fnT3 - (T2^WT3 + h.c.) is: 0.0011551446077925141 1.3343590649121213e-06
total cost: -2.825892738715674
singles alt: [(6, 0), (7, 1), (8, 0), (9, 1), (10, 0), (11, 1), (6, 2), (7, 3), (8, 2), (9, 3), (10, 2), (11, 3), (6, 4), (7, 5), (8, 4), (9, 5), (10, 4), (11, 5)]
length: 18 99
2*[T] vs T3fnT3: -0.0011551445976612788 0.002310289202253426
Estimated difference between T3^fnT3 - (T2^WT3 + h.c.) is: 0.001155144604592147 1.3343590575183479e-06
total cost: -2.825892738714346
singles alt: [(6, 0), (7, 1), (8, 0), (9, 1), (10, 0), (11, 1), (6, 2), (7, 3), (8, 2), (9, 3), (10, 2), (11, 3), (6, 4), (7, 5), (8, 4), (9, 5), (10, 4), (11, 5)]
length: 18 99
2*[T] vs T3fnT3: -0.0011551446008616314 0.002310289208654131
Estimated difference between T3^fnT3 - (T2^WT3 + h.c.) is: 0.0011551446077924996 1.3343590649120877e-06
total cost: -2.8258927387156745
singles alt: [(6, 0), (7, 1), (8, 0), (9, 1), (10, 0), (11, 1), (6, 2), (7, 3), (8, 2), (9, 3), (10, 2), (11, 3), (6, 4), (7, 5), (8, 4), (9, 5), (10, 4), (11, 5)]
length: 18 99
2*[T] vs T3fnT3: -0.0011551445999877941 0.0023102892069064573
Estimated difference between T3^fnT3 - (T2^WT3 + h.c.) is: 0.0011551446069186632 1.334359062893273e-06
total cost: -2.8258927387137445
singles alt: [(6, 0), (7, 1), (8, 0), (9, 1), (10, 0), (11, 1), (6, 2), (7, 3), (8, 2), (9, 3), (10, 2), (11, 3), (6, 4), (7, 5), (8, 4), (9, 5), (10, 4), (11, 5)]
length: 18 99
2*[T] vs T3fnT3: -0.0011551446008626904 0.002310289208656249
Estimated difference between T3^fnT3 - (T2^WT3 + h.c.) is: 0.0011551446077935586 1.3343590649145343e-06
total cost: -2.825892738714811
singles alt: [(6, 0), (7, 1), (8, 0), (9, 1), (10, 0), (11, 1), (6, 2), (7, 3), (8, 2), (9, 3), (10, 2), (11, 3), (6, 4), (7, 5), (8, 4), (9, 5), (10, 4), (11, 5)]
length: 18 99
2*[T] vs T3fnT3: -0.0011551446038335362 0.002310289214597941
Estimated difference between T3^fnT3 - (T2^WT3 + h.c.) is: 0.0011551446107644049 1.3343590717780484e-06
total cost: -2.8258927387142814
singles alt: [(6, 0), (7, 1), (8, 0), (9, 1), (10, 0), (11, 1), (6, 2), (7, 3), (8, 2), (9, 3), (10, 2), (11, 3), (6, 4), (7, 5), (8, 4), (9, 5), (10, 4), (11, 5)]
length: 18 99
2*[T] vs T3fnT3: -0.0011551446008634635 0.002310289208657797
Estimated difference between T3^fnT3 - (T2^WT3 + h.c.) is: 0.0011551446077943334 1.3343590649163243e-06
total cost: -2.8258927387138293
singles alt: [(6, 0), (7, 1), (8, 0), (9, 1), (10, 0), (11, 1), (6, 2), (7, 3), (8, 2), (9, 3), (10, 2), (11, 3), (6, 4), (7, 5), (8, 4), (9, 5), (10, 4), (11, 5)]
length: 18 99
2*[T] vs T3fnT3: -0.0011551446071323475 0.002310289221195564
Estimated difference between T3^fnT3 - (T2^WT3 + h.c.) is: 0.0011551446140632166 1.3343590793992576e-06
total cost: -2.825892738714785
singles alt: [(6, 0), (7, 1), (8, 0), (9, 1), (10, 0), (11, 1), (6, 2), (7, 3), (8, 2), (9, 3), (10, 2), (11, 3), (6, 4), (7, 5), (8, 4), (9, 5), (10, 4), (11, 5)]
length: 18 99
2*[T] vs T3fnT3: -0.0011551446008616442 0.002310289208654157
Estimated difference between T3^fnT3 - (T2^WT3 + h.c.) is: 0.0011551446077925128 1.3343590649121181e-06
total cost: -2.8258927387151846
singles alt: [(6, 0), (7, 1), (8, 0), (9, 1), (10, 0), (11, 1), (6, 2), (7, 3), (8, 2), (9, 3), (10, 2), (11, 3), (6, 4), (7, 5), (8, 4), (9, 5), (10, 4), (11, 5)]
length: 18 99
2*[T] vs T3fnT3: -0.0011551445975031837 0.0023102892019372357
Estimated difference between T3^fnT3 - (T2^WT3 + h.c.) is: 0.001155144604434052 1.3343590571531024e-06
total cost: -2.825892738712751
singles alt: [(6, 0), (7, 1), (8, 0), (9, 1), (10, 0), (11, 1), (6, 2), (7, 3), (8, 2), (9, 3), (10, 2), (11, 3), (6, 4), (7, 5), (8, 4), (9, 5), (10, 4), (11, 5)]
length: 18 99
2*[T] vs T3fnT3: -0.0011551446008623205 0.00231028920865551
Estimated difference between T3^fnT3 - (T2^WT3 + h.c.) is: 0.0011551446077931896 1.3343590649136818e-06
total cost: -2.8258927387138626
singles alt: [(6, 0), (7, 1), (8, 0), (9, 1), (10, 0), (11, 1), (6, 2), (7, 3), (8, 2), (9, 3), (10, 2), (11, 3), (6, 4), (7, 5), (8, 4), (9, 5), (10, 4), (11, 5)]
length: 18 99
2*[T] vs T3fnT3: -0.0011551445992995075 0.0023102892055298836
Estimated difference between T3^fnT3 - (T2^WT3 + h.c.) is: 0.001155144606230376 1.3343590613031306e-06
total cost: -2.8258927387142676
singles alt: [(6, 0), (7, 1), (8, 0), (9, 1), (10, 0), (11, 1), (6, 2), (7, 3), (8, 2), (9, 3), (10, 2), (11, 3), (6, 4), (7, 5), (8, 4), (9, 5), (10, 4), (11, 5)]
length: 18 99
2*[T] vs T3fnT3: -0.0011551446008612025 0.0023102892086532727
Estimated difference between T3^fnT3 - (T2^WT3 + h.c.) is: 0.0011551446077920702 1.3343590649110958e-06
total cost: -2.825892738715035
singles alt: [(6, 0), (7, 1), (8, 0), (9, 1), (10, 0), (11, 1), (6, 2), (7, 3), (8, 2), (9, 3), (10, 2), (11, 3), (6, 4), (7, 5), (8, 4), (9, 5), (10, 4), (11, 5)]
length: 18 99
2*[T] vs T3fnT3: -0.001155144602006962 0.0023102892109447925
Estimated difference between T3^fnT3 - (T2^WT3 + h.c.) is: 0.0011551446089378306 1.3343590675581337e-06
total cost: -2.8258927387143986
singles alt: [(6, 0), (7, 1), (8, 0), (9, 1), (10, 0), (11, 1), (6, 2), (7, 3), (8, 2), (9, 3), (10, 2), (11, 3), (6, 4), (7, 5), (8, 4), (9, 5), (10, 4), (11, 5)]
length: 18 99
2*[T] vs T3fnT3: -0.0011551446008617706 0.0023102892086544107
Estimated difference between T3^fnT3 - (T2^WT3 + h.c.) is: 0.00115514460779264 1.3343590649124123e-06
total cost: -2.8258927387142103
singles alt: [(6, 0), (7, 1), (8, 0), (9, 1), (10, 0), (11, 1), (6, 2), (7, 3), (8, 2), (9, 3), (10, 2), (11, 3), (6, 4), (7, 5), (8, 4), (9, 5), (10, 4), (11, 5)]
length: 18 99
2*[T] vs T3fnT3: -0.001155144606749196 0.00231028922042926
Estimated difference between T3^fnT3 - (T2^WT3 + h.c.) is: 0.001155144613680064 1.3343590785140646e-06
total cost: -2.8258927387135615
singles alt: [(6, 0), (7, 1), (8, 0), (9, 1), (10, 0), (11, 1), (6, 2), (7, 3), (8, 2), (9, 3), (10, 2), (11, 3), (6, 4), (7, 5), (8, 4), (9, 5), (10, 4), (11, 5)]
length: 18 99
2*[T] vs T3fnT3: -0.0011551446008627299 0.0023102892086563276
Estimated difference between T3^fnT3 - (T2^WT3 + h.c.) is: 0.0011551446077935977 1.3343590649146245e-06
total cost: -2.8258927387143253
singles alt: [(6, 0), (7, 1), (8, 0), (9, 1), (10, 0), (11, 1), (6, 2), (7, 3), (8, 2), (9, 3), (10, 2), (11, 3), (6, 4), (7, 5), (8, 4), (9, 5), (10, 4), (11, 5)]
length: 18 99
2*[T] vs T3fnT3: -0.0011551446010046155 0.0023102892089400997
Estimated difference between T3^fnT3 - (T2^WT3 + h.c.) is: 0.0011551446079354842 1.3343590652424235e-06
total cost: -2.825892738714454
singles alt: [(6, 0), (7, 1), (8, 0), (9, 1), (10, 0), (11, 1), (6, 2), (7, 3), (8, 2), (9, 3), (10, 2), (11, 3), (6, 4), (7, 5), (8, 4), (9, 5), (10, 4), (11, 5)]
length: 18 99
2*[T] vs T3fnT3: -0.0011551446008630048 0.002310289208656877
Estimated difference between T3^fnT3 - (T2^WT3 + h.c.) is: 0.0011551446077938722 1.3343590649152587e-06
total cost: -2.825892738713879
singles alt: [(6, 0), (7, 1), (8, 0), (9, 1), (10, 0), (11, 1), (6, 2), (7, 3), (8, 2), (9, 3), (10, 2), (11, 3), (6, 4), (7, 5), (8, 4), (9, 5), (10, 4), (11, 5)]
length: 18 99
2*[T] vs T3fnT3: -0.0011551446119684734 0.0023102892308678137
Estimated difference between T3^fnT3 - (T2^WT3 + h.c.) is: 0.0011551446188993403 1.334359090572102e-06
total cost: -2.825892738714933
singles alt: [(6, 0), (7, 1), (8, 0), (9, 1), (10, 0), (11, 1), (6, 2), (7, 3), (8, 2), (9, 3), (10, 2), (11, 3), (6, 4), (7, 5), (8, 4), (9, 5), (10, 4), (11, 5)]
length: 18 99
2*[T] vs T3fnT3: -0.0011551446008638817 0.0023102892086586317
Estimated difference between T3^fnT3 - (T2^WT3 + h.c.) is: 0.00115514460779475 1.3343590649172867e-06
total cost: -2.825892738713802
singles alt: [(6, 0), (7, 1), (8, 0), (9, 1), (10, 0), (11, 1), (6, 2), (7, 3), (8, 2), (9, 3), (10, 2), (11, 3), (6, 4), (7, 5), (8, 4), (9, 5), (10, 4), (11, 5)]
length: 18 99
2*[T] vs T3fnT3: -0.001155144599258874 0.0023102892054486165
Estimated difference between T3^fnT3 - (T2^WT3 + h.c.) is: 0.0011551446061897426 1.3343590612092556e-06
total cost: -2.825892738715044
singles alt: [(6, 0), (7, 1), (8, 0), (9, 1), (10, 0), (11, 1), (6, 2), (7, 3), (8, 2), (9, 3), (10, 2), (11, 3), (6, 4), (7, 5), (8, 4), (9, 5), (10, 4), (11, 5)]
length: 18 99
2*[T] vs T3fnT3: -0.001155144600862781 0.00231028920865643
Estimated difference between T3^fnT3 - (T2^WT3 + h.c.) is: 0.0011551446077936488 1.3343590649147429e-06
total cost: -2.82589273871471
singles alt: [(6, 0), (7, 1), (8, 0), (9, 1), (10, 0), (11, 1), (6, 2), (7, 3), (8, 2), (9, 3), (10, 2), (11, 3), (6, 4), (7, 5), (8, 4), (9, 5), (10, 4), (11, 5)]
length: 18 99
2*[T] vs T3fnT3: -0.001155144607003697 0.0023102892209382617
Estimated difference between T3^fnT3 - (T2^WT3 + h.c.) is: 0.0011551446139345647 1.3343590791020346e-06
total cost: -2.8258927387147637
singles alt: [(6, 0), (7, 1), (8, 0), (9, 1), (10, 0), (11, 1), (6, 2), (7, 3), (8, 2), (9, 3), (10, 2), (11, 3), (6, 4), (7, 5), (8, 4), (9, 5), (10, 4), (11, 5)]
length: 18 99
2*[T] vs T3fnT3: -0.0011551446008623075 0.0023102892086554823
Estimated difference between T3^fnT3 - (T2^WT3 + h.c.) is: 0.0011551446077931748 1.3343590649136477e-06
total cost: -2.8258927387139208
singles alt: [(6, 0), (7, 1), (8, 0), (9, 1), (10, 0), (11, 1), (6, 2), (7, 3), (8, 2), (9, 3), (10, 2), (11, 3), (6, 4), (7, 5), (8, 4), (9, 5), (10, 4), (11, 5)]
length: 18 99
2*[T] vs T3fnT3: -0.00115514460373719 0.002310289214405248
Estimated difference between T3^fnT3 - (T2^WT3 + h.c.) is: 0.0011551446106680579 1.334359071555459e-06
total cost: -2.8258927387152375
singles alt: [(6, 0), (7, 1), (8, 0), (9, 1), (10, 0), (11, 1), (6, 2), (7, 3), (8, 2), (9, 3), (10, 2), (11, 3), (6, 4), (7, 5), (8, 4), (9, 5), (10, 4), (11, 5)]
length: 18 99
2*[T] vs T3fnT3: -0.0011551446008617574 0.0023102892086543834
Estimated difference between T3^fnT3 - (T2^WT3 + h.c.) is: 0.001155144607792626 1.3343590649123797e-06
total cost: -2.82589273871506
singles alt: [(6, 0), (7, 1), (8, 0), (9, 1), (10, 0), (11, 1), (6, 2), (7, 3), (8, 2), (9, 3), (10, 2), (11, 3), (6, 4), (7, 5), (8, 4), (9, 5), (10, 4), (11, 5)]
length: 18 99
2*[T] vs T3fnT3: -0.0011551445991530868 0.0023102892052370423
Estimated difference between T3^fnT3 - (T2^WT3 + h.c.) is: 0.0011551446060839555 1.3343590609648567e-06
total cost: -2.8258927387155146
singles alt: [(6, 0), (7, 1), (8, 0), (9, 1), (10, 0), (11, 1), (6, 2), (7, 3), (8, 2), (9, 3), (10, 2), (11, 3), (6, 4), (7, 5), (8, 4), (9, 5), (10, 4), (11, 5)]
length: 18 99
2*[T] vs T3fnT3: -0.001155144600863416 0.0023102892086577
Estimated difference between T3^fnT3 - (T2^WT3 + h.c.) is: 0.0011551446077942842 1.3343590649162106e-06
total cost: -2.825892738713901
singles alt: [(6, 0), (7, 1), (8, 0), (9, 1), (10, 0), (11, 1), (6, 2), (7, 3), (8, 2), (9, 3), (10, 2), (11, 3), (6, 4), (7, 5), (8, 4), (9, 5), (10, 4), (11, 5)]
length: 18 99
2*[T] vs T3fnT3: -0.0011551445974661392 0.0023102892018631465
Estimated difference between T3^fnT3 - (T2^WT3 + h.c.) is: 0.0011551446043970074 1.3343590570675186e-06
total cost: -2.8258927387128394
singles alt: [(6, 0), (7, 1), (8, 0), (9, 1), (10, 0), (11, 1), (6, 2), (7, 3), (8, 2), (9, 3), (10, 2), (11, 3), (6, 4), (7, 5), (8, 4), (9, 5), (10, 4), (11, 5)]
length: 18 99
2*[T] vs T3fnT3: -0.0011551446008612471 0.002310289208653363
Estimated difference between T3^fnT3 - (T2^WT3 + h.c.) is: 0.0011551446077921158 1.334359064911201e-06
total cost: -2.825892738714998
singles alt: [(6, 0), (7, 1), (8, 0), (9, 1), (10, 0), (11, 1), (6, 2), (7, 3), (8, 2), (9, 3), (10, 2), (11, 3), (6, 4), (7, 5), (8, 4), (9, 5), (10, 4), (11, 5)]
length: 18 99
2*[T] vs T3fnT3: -0.001155144608517708 0.0023102892239662844
Estimated difference between T3^fnT3 - (T2^WT3 + h.c.) is: 0.0011551446154485763 1.3343590825998392e-06
total cost: -2.825892738714226
singles alt: [(6, 0), (7, 1), (8, 0), (9, 1), (10, 0), (11, 1), (6, 2), (7, 3), (8, 2), (9, 3), (10, 2), (11, 3), (6, 4), (7, 5), (8, 4), (9, 5), (10, 4), (11, 5)]
length: 18 99
2*[T] vs T3fnT3: -0.0011551446008641053 0.0023102892086590784
Estimated difference between T3^fnT3 - (T2^WT3 + h.c.) is: 0.001155144607794973 1.3343590649178022e-06
total cost: -2.825892738713408
singles alt: [(6, 0), (7, 1), (8, 0), (9, 1), (10, 0), (11, 1), (6, 2), (7, 3), (8, 2), (9, 3), (10, 2), (11, 3), (6, 4), (7, 5), (8, 4), (9, 5), (10, 4), (11, 5)]
length: 18 99
2*[T] vs T3fnT3: -0.0011551445991315823 0.002310289205194032
Estimated difference between T3^fnT3 - (T2^WT3 + h.c.) is: 0.0011551446060624497 1.3343590609151721e-06
total cost: -2.8258927387146957
singles alt: [(6, 0), (7, 1), (8, 0), (9, 1), (10, 0), (11, 1), (6, 2), (7, 3), (8, 2), (9, 3), (10, 2), (11, 3), (6, 4), (7, 5), (8, 4), (9, 5), (10, 4), (11, 5)]
length: 18 99
2*[T] vs T3fnT3: -0.0011551446008641005 0.0023102892086590693
Estimated difference between T3^fnT3 - (T2^WT3 + h.c.) is: 0.0011551446077949687 1.3343590649177922e-06
total cost: -2.825892738713408
singles alt: [(6, 0), (7, 1), (8, 0), (9, 1), (10, 0), (11, 1), (6, 2), (7, 3), (8, 2), (9, 3), (10, 2), (11, 3), (6, 4), (7, 5), (8, 4), (9, 5), (10, 4), (11, 5)]
length: 18 99
2*[T] vs T3fnT3: -0.0011551446140536461 0.0023102892350381618
Estimated difference between T3^fnT3 - (T2^WT3 + h.c.) is: 0.0011551446209845156 1.3343590953894603e-06
total cost: -2.8258927387147907
singles alt: [(6, 0), (7, 1), (8, 0), (9, 1), (10, 0), (11, 1), (6, 2), (7, 3), (8, 2), (9, 3), (10, 2), (11, 3), (6, 4), (7, 5), (8, 4), (9, 5), (10, 4), (11, 5)]
length: 18 99
2*[T] vs T3fnT3: -0.0011551446008609433 0.0023102892086527536
Estimated difference between T3^fnT3 - (T2^WT3 + h.c.) is: 0.0011551446077918102 1.334359064910495e-06
total cost: -2.8258927387149977
singles alt: [(6, 0), (7, 1), (8, 0), (9, 1), (10, 0), (11, 1), (6, 2), (7, 3), (8, 2), (9, 3), (10, 2), (11, 3), (6, 4), (7, 5), (8, 4), (9, 5), (10, 4), (11, 5)]
length: 18 99
2*[T] vs T3fnT3: -0.001155144599320201 0.0023102892055712715
Estimated difference between T3^fnT3 - (T2^WT3 + h.c.) is: 0.0011551446062510705 1.3343590613509407e-06
total cost: -2.82589273871407
singles alt: [(6, 0), (7, 1), (8, 0), (9, 1), (10, 0), (11, 1), (6, 2), (7, 3), (8, 2), (9, 3), (10, 2), (11, 3), (6, 4), (7, 5), (8, 4), (9, 5), (10, 4), (11, 5)]
length: 18 99
2*[T] vs T3fnT3: -0.0011551446008609156 0.0023102892086526994
Estimated difference between T3^fnT3 - (T2^WT3 + h.c.) is: 0.0011551446077917838 1.334359064910434e-06
total cost: -2.8258927387149977
singles alt: [(6, 0), (7, 1), (8, 0), (9, 1), (10, 0), (11, 1), (6, 2), (7, 3), (8, 2), (9, 3), (10, 2), (11, 3), (6, 4), (7, 5), (8, 4), (9, 5), (10, 4), (11, 5)]
length: 18 99
2*[T] vs T3fnT3: -0.0011551446043841318 0.0023102892156991323
Estimated difference between T3^fnT3 - (T2^WT3 + h.c.) is: 0.0011551446113150004 1.3343590730500835e-06
total cost: -2.825892738712842
singles alt: [(6, 0), (7, 1), (8, 0), (9, 1), (10, 0), (11, 1), (6, 2), (7, 3), (8, 2), (9, 3), (10, 2), (11, 3), (6, 4), (7, 5), (8, 4), (9, 5), (10, 4), (11, 5)]
length: 18 99
2*[T] vs T3fnT3: -0.0011551445997454795 0.002310289206421827
Estimated difference between T3^fnT3 - (T2^WT3 + h.c.) is: 0.0011551446066763477 1.334359062333454e-06
total cost: -2.8258927387144643
singles alt: [(6, 0), (7, 1), (8, 0), (9, 1), (10, 0), (11, 1), (6, 2), (7, 3), (8, 2), (9, 3), (10, 2), (11, 3), (6, 4), (7, 5), (8, 4), (9, 5), (10, 4), (11, 5)]
length: 18 99
2*[T] vs T3fnT3: -0.0011551445995983916 0.0023102892061276524
Estimated difference between T3^fnT3 - (T2^WT3 + h.c.) is: 0.0011551446065292607 1.3343590619936405e-06
total cost: -2.825892738714641
singles alt: [(6, 0), (7, 1), (8, 0), (9, 1), (10, 0), (11, 1), (6, 2), (7, 3), (8, 2), (9, 3), (10, 2), (11, 3), (6, 4), (7, 5), (8, 4), (9, 5), (10, 4), (11, 5)]
length: 18 99
2*[T] vs T3fnT3: -0.0011551446008632173 0.0023102892086573025
Estimated difference between T3^fnT3 - (T2^WT3 + h.c.) is: 0.0011551446077940851 1.3343590649157507e-06
total cost: -2.825892738714135
singles alt: [(6, 0), (7, 1), (8, 0), (9, 1), (10, 0), (11, 1), (6, 2), (7, 3), (8, 2), (9, 3), (10, 2), (11, 3), (6, 4), (7, 5), (8, 4), (9, 5), (10, 4), (11, 5)]
length: 18 99
2*[T] vs T3fnT3: -0.0011551446008633123 0.0023102892086574924
Estimated difference between T3^fnT3 - (T2^WT3 + h.c.) is: 0.00115514460779418 1.3343590649159702e-06
total cost: -2.8258927387141406
singles alt: [(6, 0), (7, 1), (8, 0), (9, 1), (10, 0), (11, 1), (6, 2), (7, 3), (8, 2), (9, 3), (10, 2), (11, 3), (6, 4), (7, 5), (8, 4), (9, 5), (10, 4), (11, 5)]
length: 18 99
2*[T] vs T3fnT3: -0.0011551445979251385 0.0023102892027811466
Estimated difference between T3^fnT3 - (T2^WT3 + h.c.) is: 0.001155144604856008 1.3343590581279429e-06
total cost: -2.825892738713759
singles alt: [(6, 0), (7, 1), (8, 0), (9, 1), (10, 0), (11, 1), (6, 2), (7, 3), (8, 2), (9, 3), (10, 2), (11, 3), (6, 4), (7, 5), (8, 4), (9, 5), (10, 4), (11, 5)]
length: 18 99
2*[T] vs T3fnT3: -0.0011551445978252545 0.0023102892025813775
Estimated difference between T3^fnT3 - (T2^WT3 + h.c.) is: 0.001155144604756123 1.3343590578971797e-06
total cost: -2.825892738713453
singles alt: [(6, 0), (7, 1), (8, 0), (9, 1), (10, 0), (11, 1), (6, 2), (7, 3), (8, 2), (9, 3), (10, 2), (11, 3), (6, 4), (7, 5), (8, 4), (9, 5), (10, 4), (11, 5)]
length: 18 99
2*[T] vs T3fnT3: -0.0011551446008630525 0.0023102892086569737
Estimated difference between T3^fnT3 - (T2^WT3 + h.c.) is: 0.0011551446077939212 1.334359064915372e-06
total cost: -2.825892738714148
singles alt: [(6, 0), (7, 1), (8, 0), (9, 1), (10, 0), (11, 1), (6, 2), (7, 3), (8, 2), (9, 3), (10, 2), (11, 3), (6, 4), (7, 5), (8, 4), (9, 5), (10, 4), (11, 5)]
length: 18 99
2*[T] vs T3fnT3: -0.0011551446008629797 0.0023102892086568276
Estimated difference between T3^fnT3 - (T2^WT3 + h.c.) is: 0.001155144607793848 1.3343590649152026e-06
total cost: -2.8258927387141526
singles alt: [(6, 0), (7, 1), (8, 0), (9, 1), (10, 0), (11, 1), (6, 2), (7, 3), (8, 2), (9, 3), (10, 2), (11, 3), (6, 4), (7, 5), (8, 4), (9, 5), (10, 4), (11, 5)]
length: 18 99
2*[T] vs T3fnT3: -0.0011551446064731778 0.0023102892198772233
Estimated difference between T3^fnT3 - (T2^WT3 + h.c.) is: 0.0011551446134040455 1.3343590778763818e-06
total cost: -2.8258927387136077
singles alt: [(6, 0), (7, 1), (8, 0), (9, 1), (10, 0), (11, 1), (6, 2), (7, 3), (8, 2), (9, 3), (10, 2), (11, 3), (6, 4), (7, 5), (8, 4), (9, 5), (10, 4), (11, 5)]
length: 18 99
2*[T] vs T3fnT3: -0.00115514460639677 0.0023102892197244076
Estimated difference between T3^fnT3 - (T2^WT3 + h.c.) is: 0.0011551446133276377 1.3343590776998576e-06
total cost: -2.8258927387137427
singles alt: [(6, 0), (7, 1), (8, 0), (9, 1), (10, 0), (11, 1), (6, 2), (7, 3), (8, 2), (9, 3), (10, 2), (11, 3), (6, 4), (7, 5), (8, 4), (9, 5), (10, 4), (11, 5)]
length: 18 99
2*[T] vs T3fnT3: -0.0011551446008638314 0.0023102892086585324
Estimated difference between T3^fnT3 - (T2^WT3 + h.c.) is: 0.001155144607794701 1.3343590649171735e-06
total cost: -2.8258927387141366
singles alt: [(6, 0), (7, 1), (8, 0), (9, 1), (10, 0), (11, 1), (6, 2), (7, 3), (8, 2), (9, 3), (10, 2), (11, 3), (6, 4), (7, 5), (8, 4), (9, 5), (10, 4), (11, 5)]
length: 18 99
2*[T] vs T3fnT3: -0.00115514460086381 0.002310289208658488
Estimated difference between T3^fnT3 - (T2^WT3 + h.c.) is: 0.0011551446077946782 1.334359064917121e-06
total cost: -2.8258927387141215
singles alt: [(6, 0), (7, 1), (8, 0), (9, 1), (10, 0), (11, 1), (6, 2), (7, 3), (8, 2), (9, 3), (10, 2), (11, 3), (6, 4), (7, 5), (8, 4), (9, 5), (10, 4), (11, 5)]
length: 18 99
2*[T] vs T3fnT3: -0.0011551446037475449 0.002310289214425958
Estimated difference between T3^fnT3 - (T2^WT3 + h.c.) is: 0.001155144610678413 1.3343590715793826e-06
total cost: -2.8258927387158725
singles alt: [(6, 0), (7, 1), (8, 0), (9, 1), (10, 0), (11, 1), (6, 2), (7, 3), (8, 2), (9, 3), (10, 2), (11, 3), (6, 4), (7, 5), (8, 4), (9, 5), (10, 4), (11, 5)]
length: 18 99
2*[T] vs T3fnT3: -0.0011551446035207454 0.00231028921397236
Estimated difference between T3^fnT3 - (T2^WT3 + h.c.) is: 0.0011551446104516145 1.3343590710554122e-06
total cost: -2.8258927387160613
singles alt: [(6, 0), (7, 1), (8, 0), (9, 1), (10, 0), (11, 1), (6, 2), (7, 3), (8, 2), (9, 3), (10, 2), (11, 3), (6, 4), (7, 5), (8, 4), (9, 5), (10, 4), (11, 5)]
length: 18 99
2*[T] vs T3fnT3: -0.0011551446008637265 0.0023102892086583203
Estimated difference between T3^fnT3 - (T2^WT3 + h.c.) is: 0.0011551446077945938 1.334359064916926e-06
total cost: -2.8258927387141344
singles alt: [(6, 0), (7, 1), (8, 0), (9, 1), (10, 0), (11, 1), (6, 2), (7, 3), (8, 2), (9, 3), (10, 2), (11, 3), (6, 4), (7, 5), (8, 4), (9, 5), (10, 4), (11, 5)]
length: 18 99
2*[T] vs T3fnT3: -0.001155144600863669 0.0023102892086582063
Estimated difference between T3^fnT3 - (T2^WT3 + h.c.) is: 0.0011551446077945372 1.3343590649167953e-06
total cost: -2.825892738714123
singles alt: [(6, 0), (7, 1), (8, 0), (9, 1), (10, 0), (11, 1), (6, 2), (7, 3), (8, 2), (9, 3), (10, 2), (11, 3), (6, 4), (7, 5), (8, 4), (9, 5), (10, 4), (11, 5)]
length: 18 99
2*[T] vs T3fnT3: -0.0011551446023816052 0.0023102892116940777
Estimated difference between T3^fnT3 - (T2^WT3 + h.c.) is: 0.0011551446093124725 1.3343590684236648e-06
total cost: -2.8258927387143706
singles alt: [(6, 0), (7, 1), (8, 0), (9, 1), (10, 0), (11, 1), (6, 2), (7, 3), (8, 2), (9, 3), (10, 2), (11, 3), (6, 4), (7, 5), (8, 4), (9, 5), (10, 4), (11, 5)]
length: 18 99
2*[T] vs T3fnT3: -0.0011551446023412915 0.0023102892116134517
Estimated difference between T3^fnT3 - (T2^WT3 + h.c.) is: 0.0011551446092721602 1.3343590683305316e-06
total cost: -2.825892738714298
singles alt: [(6, 0), (7, 1), (8, 0), (9, 1), (10, 0), (11, 1), (6, 2), (7, 3), (8, 2), (9, 3), (10, 2), (11, 3), (6, 4), (7, 5), (8, 4), (9, 5), (10, 4), (11, 5)]
length: 18 99
2*[T] vs T3fnT3: -0.0011551446008628706 0.0023102892086566094
Estimated difference between T3^fnT3 - (T2^WT3 + h.c.) is: 0.0011551446077937388 1.3343590649149506e-06
total cost: -2.825892738714142
singles alt: [(6, 0), (7, 1), (8, 0), (9, 1), (10, 0), (11, 1), (6, 2), (7, 3), (8, 2), (9, 3), (10, 2), (11, 3), (6, 4), (7, 5), (8, 4), (9, 5), (10, 4), (11, 5)]
length: 18 99
2*[T] vs T3fnT3: -0.0011551446008628706 0.0023102892086566094
Estimated difference between T3^fnT3 - (T2^WT3 + h.c.) is: 0.0011551446077937388 1.3343590649149506e-06
total cost: -2.825892738714147
singles alt: [(6, 0), (7, 1), (8, 0), (9, 1), (10, 0), (11, 1), (6, 2), (7, 3), (8, 2), (9, 3), (10, 2), (11, 3), (6, 4), (7, 5), (8, 4), (9, 5), (10, 4), (11, 5)]
length: 18 99
2*[T] vs T3fnT3: -0.0011551446008628706 0.0023102892086566094
Estimated difference between T3^fnT3 - (T2^WT3 + h.c.) is: 0.0011551446077937388 1.3343590649149506e-06
total cost: -2.82589273871613
singles alt: [(6, 0), (7, 1), (8, 0), (9, 1), (10, 0), (11, 1), (6, 2), (7, 3), (8, 2), (9, 3), (10, 2), (11, 3), (6, 4), (7, 5), (8, 4), (9, 5), (10, 4), (11, 5)]
length: 18 99
2*[T] vs T3fnT3: -0.0011551446008628706 0.0023102892086566094
Estimated difference between T3^fnT3 - (T2^WT3 + h.c.) is: 0.0011551446077937388 1.3343590649149506e-06
total cost: -2.8258927387157793
singles alt: [(6, 0), (7, 1), (8, 0), (9, 1), (10, 0), (11, 1), (6, 2), (7, 3), (8, 2), (9, 3), (10, 2), (11, 3), (6, 4), (7, 5), (8, 4), (9, 5), (10, 4), (11, 5)]
length: 18 99
2*[T] vs T3fnT3: -0.0011551446008628706 0.0023102892086566094
Estimated difference between T3^fnT3 - (T2^WT3 + h.c.) is: 0.0011551446077937388 1.3343590649149506e-06
total cost: -2.825892738714098
singles alt: [(6, 0), (7, 1), (8, 0), (9, 1), (10, 0), (11, 1), (6, 2), (7, 3), (8, 2), (9, 3), (10, 2), (11, 3), (6, 4), (7, 5), (8, 4), (9, 5), (10, 4), (11, 5)]
length: 18 99
2*[T] vs T3fnT3: -0.0011551446008628706 0.0023102892086566094
Estimated difference between T3^fnT3 - (T2^WT3 + h.c.) is: 0.0011551446077937388 1.3343590649149506e-06
total cost: -2.8258927387140966
singles alt: [(6, 0), (7, 1), (8, 0), (9, 1), (10, 0), (11, 1), (6, 2), (7, 3), (8, 2), (9, 3), (10, 2), (11, 3), (6, 4), (7, 5), (8, 4), (9, 5), (10, 4), (11, 5)]
length: 18 99
2*[T] vs T3fnT3: -0.0011551446008628706 0.0023102892086566094
Estimated difference between T3^fnT3 - (T2^WT3 + h.c.) is: 0.0011551446077937388 1.3343590649149506e-06
total cost: -2.825892738712097
singles alt: [(6, 0), (7, 1), (8, 0), (9, 1), (10, 0), (11, 1), (6, 2), (7, 3), (8, 2), (9, 3), (10, 2), (11, 3), (6, 4), (7, 5), (8, 4), (9, 5), (10, 4), (11, 5)]
length: 18 99
2*[T] vs T3fnT3: -0.0011551446008628706 0.0023102892086566094
Estimated difference between T3^fnT3 - (T2^WT3 + h.c.) is: 0.0011551446077937388 1.3343590649149506e-06
total cost: -2.8258927387124135
singles alt: [(6, 0), (7, 1), (8, 0), (9, 1), (10, 0), (11, 1), (6, 2), (7, 3), (8, 2), (9, 3), (10, 2), (11, 3), (6, 4), (7, 5), (8, 4), (9, 5), (10, 4), (11, 5)]
length: 18 99
2*[T] vs T3fnT3: -0.0011551446008628706 0.0023102892086566094
Estimated difference between T3^fnT3 - (T2^WT3 + h.c.) is: 0.0011551446077937388 1.3343590649149506e-06
total cost: -2.8258927387141606
singles alt: [(6, 0), (7, 1), (8, 0), (9, 1), (10, 0), (11, 1), (6, 2), (7, 3), (8, 2), (9, 3), (10, 2), (11, 3), (6, 4), (7, 5), (8, 4), (9, 5), (10, 4), (11, 5)]
length: 18 99
2*[T] vs T3fnT3: -0.0011551446008628706 0.0023102892086566094
Estimated difference between T3^fnT3 - (T2^WT3 + h.c.) is: 0.0011551446077937388 1.3343590649149506e-06
total cost: -2.825892738714171
singles alt: [(6, 0), (7, 1), (8, 0), (9, 1), (10, 0), (11, 1), (6, 2), (7, 3), (8, 2), (9, 3), (10, 2), (11, 3), (6, 4), (7, 5), (8, 4), (9, 5), (10, 4), (11, 5)]
length: 18 99
2*[T] vs T3fnT3: -0.0011551446008628706 0.0023102892086566094
Estimated difference between T3^fnT3 - (T2^WT3 + h.c.) is: 0.0011551446077937388 1.3343590649149506e-06
total cost: -2.8258927387157584
singles alt: [(6, 0), (7, 1), (8, 0), (9, 1), (10, 0), (11, 1), (6, 2), (7, 3), (8, 2), (9, 3), (10, 2), (11, 3), (6, 4), (7, 5), (8, 4), (9, 5), (10, 4), (11, 5)]
length: 18 99
2*[T] vs T3fnT3: -0.0011551446008628706 0.0023102892086566094
Estimated difference between T3^fnT3 - (T2^WT3 + h.c.) is: 0.0011551446077937388 1.3343590649149506e-06
total cost: -2.825892738715506
singles alt: [(6, 0), (7, 1), (8, 0), (9, 1), (10, 0), (11, 1), (6, 2), (7, 3), (8, 2), (9, 3), (10, 2), (11, 3), (6, 4), (7, 5), (8, 4), (9, 5), (10, 4), (11, 5)]
length: 18 99
2*[T] vs T3fnT3: -0.0011551446008628706 0.0023102892086566094
Estimated difference between T3^fnT3 - (T2^WT3 + h.c.) is: 0.0011551446077937388 1.3343590649149506e-06
total cost: -2.8258927387141823
singles alt: [(6, 0), (7, 1), (8, 0), (9, 1), (10, 0), (11, 1), (6, 2), (7, 3), (8, 2), (9, 3), (10, 2), (11, 3), (6, 4), (7, 5), (8, 4), (9, 5), (10, 4), (11, 5)]
length: 18 99
2*[T] vs T3fnT3: -0.0011551446008628706 0.0023102892086566094
Estimated difference between T3^fnT3 - (T2^WT3 + h.c.) is: 0.0011551446077937388 1.3343590649149506e-06
total cost: -2.825892738714184
singles alt: [(6, 0), (7, 1), (8, 0), (9, 1), (10, 0), (11, 1), (6, 2), (7, 3), (8, 2), (9, 3), (10, 2), (11, 3), (6, 4), (7, 5), (8, 4), (9, 5), (10, 4), (11, 5)]
length: 18 99
2*[T] vs T3fnT3: -0.0011551446008628706 0.0023102892086566094
Estimated difference between T3^fnT3 - (T2^WT3 + h.c.) is: 0.0011551446077937388 1.3343590649149506e-06
total cost: -2.8258927387122106
singles alt: [(6, 0), (7, 1), (8, 0), (9, 1), (10, 0), (11, 1), (6, 2), (7, 3), (8, 2), (9, 3), (10, 2), (11, 3), (6, 4), (7, 5), (8, 4), (9, 5), (10, 4), (11, 5)]
length: 18 99
2*[T] vs T3fnT3: -0.0011551446008628706 0.0023102892086566094
Estimated difference between T3^fnT3 - (T2^WT3 + h.c.) is: 0.0011551446077937388 1.3343590649149506e-06
total cost: -2.8258927387124886
singles alt: [(6, 0), (7, 1), (8, 0), (9, 1), (10, 0), (11, 1), (6, 2), (7, 3), (8, 2), (9, 3), (10, 2), (11, 3), (6, 4), (7, 5), (8, 4), (9, 5), (10, 4), (11, 5)]
length: 18 99
2*[T] vs T3fnT3: -0.0011551446008628706 0.0023102892086566094
Estimated difference between T3^fnT3 - (T2^WT3 + h.c.) is: 0.0011551446077937388 1.3343590649149506e-06
total cost: -2.8258927387141495
singles alt: [(6, 0), (7, 1), (8, 0), (9, 1), (10, 0), (11, 1), (6, 2), (7, 3), (8, 2), (9, 3), (10, 2), (11, 3), (6, 4), (7, 5), (8, 4), (9, 5), (10, 4), (11, 5)]
length: 18 99
2*[T] vs T3fnT3: -0.0011551446008628706 0.0023102892086566094
Estimated difference between T3^fnT3 - (T2^WT3 + h.c.) is: 0.0011551446077937388 1.3343590649149506e-06
total cost: -2.8258927387141495
singles alt: [(6, 0), (7, 1), (8, 0), (9, 1), (10, 0), (11, 1), (6, 2), (7, 3), (8, 2), (9, 3), (10, 2), (11, 3), (6, 4), (7, 5), (8, 4), (9, 5), (10, 4), (11, 5)]
callback: energy=-2.827047883322
singles alt: [(6, 0), (7, 1), (8, 0), (9, 1), (10, 0), (11, 1), (6, 2), (7, 3), (8, 2), (9, 3), (10, 2), (11, 3), (6, 4), (7, 5), (8, 4), (9, 5), (10, 4), (11, 5)]
length: 18 99
2*[T] vs T3fnT3: -0.0011550007870420587 0.0023100015810141213
Estimated difference between T3^fnT3 - (T2^WT3 + h.c.) is: 0.0011550007939720626 1.3340268340760949e-06
total cost: -2.825892852506143
singles alt: [(6, 0), (7, 1), (8, 0), (9, 1), (10, 0), (11, 1), (6, 2), (7, 3), (8, 2), (9, 3), (10, 2), (11, 3), (6, 4), (7, 5), (8, 4), (9, 5), (10, 4), (11, 5)]
length: 18 99
2*[T] vs T3fnT3: -0.0011550007895636423 0.0023100015860572885
Estimated difference between T3^fnT3 - (T2^WT3 + h.c.) is: 0.0011550007964936462 1.334026839900957e-06
total cost: -2.8258928525055205
singles alt: [(6, 0), (7, 1), (8, 0), (9, 1), (10, 0), (11, 1), (6, 2), (7, 3), (8, 2), (9, 3), (10, 2), (11, 3), (6, 4), (7, 5), (8, 4), (9, 5), (10, 4), (11, 5)]
length: 18 99
2*[T] vs T3fnT3: -0.0011550007870392604 0.0023100015810085268
Estimated difference between T3^fnT3 - (T2^WT3 + h.c.) is: 0.0011550007939692664 1.3340268340696358e-06
total cost: -2.8258928525094733
singles alt: [(6, 0), (7, 1), (8, 0), (9, 1), (10, 0), (11, 1), (6, 2), (7, 3), (8, 2), (9, 3), (10, 2), (11, 3), (6, 4), (7, 5), (8, 4), (9, 5), (10, 4), (11, 5)]
length: 18 99
2*[T] vs T3fnT3: -0.0011550007862593228 0.0023100015794486504
Estimated difference between T3^fnT3 - (T2^WT3 + h.c.) is: 0.0011550007931893276 1.3340268322679758e-06
total cost: -2.8258928525056195
singles alt: [(6, 0), (7, 1), (8, 0), (9, 1), (10, 0), (11, 1), (6, 2), (7, 3), (8, 2), (9, 3), (10, 2), (11, 3), (6, 4), (7, 5), (8, 4), (9, 5), (10, 4), (11, 5)]
length: 18 99
2*[T] vs T3fnT3: -0.0011550007870393896 0.002310001581008783
Estimated difference between T3^fnT3 - (T2^WT3 + h.c.) is: 0.0011550007939693935 1.3340268340699293e-06
total cost: -2.8258928525092926
singles alt: [(6, 0), (7, 1), (8, 0), (9, 1), (10, 0), (11, 1), (6, 2), (7, 3), (8, 2), (9, 3), (10, 2), (11, 3), (6, 4), (7, 5), (8, 4), (9, 5), (10, 4), (11, 5)]
length: 18 99
2*[T] vs T3fnT3: -0.001155000791846171 0.002310001590622347
Estimated difference between T3^fnT3 - (T2^WT3 + h.c.) is: 0.0011550007987761758 1.3340268451736042e-06
total cost: -2.8258928525064184
singles alt: [(6, 0), (7, 1), (8, 0), (9, 1), (10, 0), (11, 1), (6, 2), (7, 3), (8, 2), (9, 3), (10, 2), (11, 3), (6, 4), (7, 5), (8, 4), (9, 5), (10, 4), (11, 5)]
length: 18 99
2*[T] vs T3fnT3: -0.0011550007870456745 0.0023100015810213533
Estimated difference between T3^fnT3 - (T2^WT3 + h.c.) is: 0.0011550007939756788 1.3340268340844485e-06
total cost: -2.8258928525030655
singles alt: [(6, 0), (7, 1), (8, 0), (9, 1), (10, 0), (11, 1), (6, 2), (7, 3), (8, 2), (9, 3), (10, 2), (11, 3), (6, 4), (7, 5), (8, 4), (9, 5), (10, 4), (11, 5)]
length: 18 99
2*[T] vs T3fnT3: -0.0011550007862682595 0.0023100015794665237
Estimated difference between T3^fnT3 - (T2^WT3 + h.c.) is: 0.0011550007931982642 1.3340268322886195e-06
total cost: -2.8258928525058087
singles alt: [(6, 0), (7, 1), (8, 0), (9, 1), (10, 0), (11, 1), (6, 2), (7, 3), (8, 2), (9, 3), (10, 2), (11, 3), (6, 4), (7, 5), (8, 4), (9, 5), (10, 4), (11, 5)]
length: 18 99
2*[T] vs T3fnT3: -0.0011550007870456866 0.0023100015810213785
Estimated difference between T3^fnT3 - (T2^WT3 + h.c.) is: 0.0011550007939756918 1.3340268340844786e-06
total cost: -2.825892852503143
singles alt: [(6, 0), (7, 1), (8, 0), (9, 1), (10, 0), (11, 1), (6, 2), (7, 3), (8, 2), (9, 3), (10, 2), (11, 3), (6, 4), (7, 5), (8, 4), (9, 5), (10, 4), (11, 5)]
length: 18 99
2*[T] vs T3fnT3: -0.001155000793544931 0.0023100015940198666
Estimated difference between T3^fnT3 - (T2^WT3 + h.c.) is: 0.0011550008004749357 1.3340268490977422e-06
total cost: -2.8258928525074154
singles alt: [(6, 0), (7, 1), (8, 0), (9, 1), (10, 0), (11, 1), (6, 2), (7, 3), (8, 2), (9, 3), (10, 2), (11, 3), (6, 4), (7, 5), (8, 4), (9, 5), (10, 4), (11, 5)]
length: 18 99
2*[T] vs T3fnT3: -0.0011550007870399057 0.0023100015810098165
Estimated difference between T3^fnT3 - (T2^WT3 + h.c.) is: 0.0011550007939699109 1.3340268340711245e-06
total cost: -2.825892852508807
singles alt: [(6, 0), (7, 1), (8, 0), (9, 1), (10, 0), (11, 1), (6, 2), (7, 3), (8, 2), (9, 3), (10, 2), (11, 3), (6, 4), (7, 5), (8, 4), (9, 5), (10, 4), (11, 5)]
length: 18 99
2*[T] vs T3fnT3: -0.0011550007821657779 0.0023100015712615597
Estimated difference between T3^fnT3 - (T2^WT3 + h.c.) is: 0.0011550007890957818 1.3340268228118785e-06
total cost: -2.8258928525043183
singles alt: [(6, 0), (7, 1), (8, 0), (9, 1), (10, 0), (11, 1), (6, 2), (7, 3), (8, 2), (9, 3), (10, 2), (11, 3), (6, 4), (7, 5), (8, 4), (9, 5), (10, 4), (11, 5)]
length: 18 99
2*[T] vs T3fnT3: -0.0011550007870420559 0.002310001581014117
Estimated difference between T3^fnT3 - (T2^WT3 + h.c.) is: 0.001155000793972061 1.3340268340760915e-06
total cost: -2.825892852504885
singles alt: [(6, 0), (7, 1), (8, 0), (9, 1), (10, 0), (11, 1), (6, 2), (7, 3), (8, 2), (9, 3), (10, 2), (11, 3), (6, 4), (7, 5), (8, 4), (9, 5), (10, 4), (11, 5)]
length: 18 99
2*[T] vs T3fnT3: -0.0011550007866730494 0.002310001580276105
Estimated difference between T3^fnT3 - (T2^WT3 + h.c.) is: 0.0011550007936030554 1.334026833223688e-06
total cost: -2.8258928525059837
singles alt: [(6, 0), (7, 1), (8, 0), (9, 1), (10, 0), (11, 1), (6, 2), (7, 3), (8, 2), (9, 3), (10, 2), (11, 3), (6, 4), (7, 5), (8, 4), (9, 5), (10, 4), (11, 5)]
length: 18 99
2*[T] vs T3fnT3: -0.0011550007870389039 0.002310001581007813
Estimated difference between T3^fnT3 - (T2^WT3 + h.c.) is: 0.001155000793968909 1.3340268340688104e-06
total cost: -2.825892852509644
singles alt: [(6, 0), (7, 1), (8, 0), (9, 1), (10, 0), (11, 1), (6, 2), (7, 3), (8, 2), (9, 3), (10, 2), (11, 3), (6, 4), (7, 5), (8, 4), (9, 5), (10, 4), (11, 5)]
length: 18 99
2*[T] vs T3fnT3: -0.0011550007970839399 0.002310001601097886
Estimated difference between T3^fnT3 - (T2^WT3 + h.c.) is: 0.0011550008040139463 1.3340268572728625e-06
total cost: -2.825892852507196
singles alt: [(6, 0), (7, 1), (8, 0), (9, 1), (10, 0), (11, 1), (6, 2), (7, 3), (8, 2), (9, 3), (10, 2), (11, 3), (6, 4), (7, 5), (8, 4), (9, 5), (10, 4), (11, 5)]
length: 18 99
2*[T] vs T3fnT3: -0.0011550007870428267 0.0023100015810156582
Estimated difference between T3^fnT3 - (T2^WT3 + h.c.) is: 0.0011550007939728315 1.3340268340778711e-06
total cost: -2.8258928525050386
singles alt: [(6, 0), (7, 1), (8, 0), (9, 1), (10, 0), (11, 1), (6, 2), (7, 3), (8, 2), (9, 3), (10, 2), (11, 3), (6, 4), (7, 5), (8, 4), (9, 5), (10, 4), (11, 5)]
length: 18 99
2*[T] vs T3fnT3: -0.0011550007913737766 0.002310001589677557
Estimated difference between T3^fnT3 - (T2^WT3 + h.c.) is: 0.0011550007983037805 1.3340268440823702e-06
total cost: -2.825892852507612
singles alt: [(6, 0), (7, 1), (8, 0), (9, 1), (10, 0), (11, 1), (6, 2), (7, 3), (8, 2), (9, 3), (10, 2), (11, 3), (6, 4), (7, 5), (8, 4), (9, 5), (10, 4), (11, 5)]
length: 18 99
2*[T] vs T3fnT3: -0.0011550007870402836 0.002310001581010572
Estimated difference between T3^fnT3 - (T2^WT3 + h.c.) is: 0.0011550007939702884 1.3340268340719965e-06
total cost: -2.825892852507986
singles alt: [(6, 0), (7, 1), (8, 0), (9, 1), (10, 0), (11, 1), (6, 2), (7, 3), (8, 2), (9, 3), (10, 2), (11, 3), (6, 4), (7, 5), (8, 4), (9, 5), (10, 4), (11, 5)]
length: 18 99
2*[T] vs T3fnT3: -0.0011550007885387022 0.0023100015840074083
Estimated difference between T3^fnT3 - (T2^WT3 + h.c.) is: 0.001155000795468706 1.334026837533344e-06
total cost: -2.825892852507413
singles alt: [(6, 0), (7, 1), (8, 0), (9, 1), (10, 0), (11, 1), (6, 2), (7, 3), (8, 2), (9, 3), (10, 2), (11, 3), (6, 4), (7, 5), (8, 4), (9, 5), (10, 4), (11, 5)]
length: 18 99
2*[T] vs T3fnT3: -0.001155000787042544 0.0023100015810150923
Estimated difference between T3^fnT3 - (T2^WT3 + h.c.) is: 0.0011550007939725483 1.334026834077217e-06
total cost: -2.8258928525053455
singles alt: [(6, 0), (7, 1), (8, 0), (9, 1), (10, 0), (11, 1), (6, 2), (7, 3), (8, 2), (9, 3), (10, 2), (11, 3), (6, 4), (7, 5), (8, 4), (9, 5), (10, 4), (11, 5)]
length: 18 99
2*[T] vs T3fnT3: -0.00115500079816819 0.0023100016032663847
Estimated difference between T3^fnT3 - (T2^WT3 + h.c.) is: 0.0011550008050981947 1.334026859777478e-06
total cost: -2.8258928525054947
singles alt: [(6, 0), (7, 1), (8, 0), (9, 1), (10, 0), (11, 1), (6, 2), (7, 3), (8, 2), (9, 3), (10, 2), (11, 3), (6, 4), (7, 5), (8, 4), (9, 5), (10, 4), (11, 5)]
length: 18 99
2*[T] vs T3fnT3: -0.0011550007870442711 0.002310001581018546
Estimated difference between T3^fnT3 - (T2^WT3 + h.c.) is: 0.001155000793974275 1.3340268340812057e-06
total cost: -2.8258928525053553
singles alt: [(6, 0), (7, 1), (8, 0), (9, 1), (10, 0), (11, 1), (6, 2), (7, 3), (8, 2), (9, 3), (10, 2), (11, 3), (6, 4), (7, 5), (8, 4), (9, 5), (10, 4), (11, 5)]
length: 18 99
2*[T] vs T3fnT3: -0.0011550007871669607 0.002310001581263925
Estimated difference between T3^fnT3 - (T2^WT3 + h.c.) is: 0.0011550007940969642 1.3340268343646178e-06
total cost: -2.825892852507395
singles alt: [(6, 0), (7, 1), (8, 0), (9, 1), (10, 0), (11, 1), (6, 2), (7, 3), (8, 2), (9, 3), (10, 2), (11, 3), (6, 4), (7, 5), (8, 4), (9, 5), (10, 4), (11, 5)]
length: 18 99
2*[T] vs T3fnT3: -0.0011550007870402205 0.0023100015810104467
Estimated difference between T3^fnT3 - (T2^WT3 + h.c.) is: 0.0011550007939702261 1.3340268340718527e-06
total cost: -2.8258928525066778
singles alt: [(6, 0), (7, 1), (8, 0), (9, 1), (10, 0), (11, 1), (6, 2), (7, 3), (8, 2), (9, 3), (10, 2), (11, 3), (6, 4), (7, 5), (8, 4), (9, 5), (10, 4), (11, 5)]
length: 18 99
2*[T] vs T3fnT3: -0.0011550007924563046 0.002310001591842613
Estimated difference between T3^fnT3 - (T2^WT3 + h.c.) is: 0.0011550007993863084 1.3340268465830115e-06
total cost: -2.825892852505024
singles alt: [(6, 0), (7, 1), (8, 0), (9, 1), (10, 0), (11, 1), (6, 2), (7, 3), (8, 2), (9, 3), (10, 2), (11, 3), (6, 4), (7, 5), (8, 4), (9, 5), (10, 4), (11, 5)]
length: 18 99
2*[T] vs T3fnT3: -0.0011550007870416382 0.0023100015810132812
Estimated difference between T3^fnT3 - (T2^WT3 + h.c.) is: 0.001155000793971643 1.3340268340751257e-06
total cost: -2.8258928525066898
singles alt: [(6, 0), (7, 1), (8, 0), (9, 1), (10, 0), (11, 1), (6, 2), (7, 3), (8, 2), (9, 3), (10, 2), (11, 3), (6, 4), (7, 5), (8, 4), (9, 5), (10, 4), (11, 5)]
length: 18 99
2*[T] vs T3fnT3: -0.0011550007853415377 0.002310001577613078
Estimated difference between T3^fnT3 - (T2^WT3 + h.c.) is: 0.0011550007922715403 1.3340268301478856e-06
total cost: -2.825892852506989
singles alt: [(6, 0), (7, 1), (8, 0), (9, 1), (10, 0), (11, 1), (6, 2), (7, 3), (8, 2), (9, 3), (10, 2), (11, 3), (6, 4), (7, 5), (8, 4), (9, 5), (10, 4), (11, 5)]
length: 18 99
2*[T] vs T3fnT3: -0.001155000787040445 0.0023100015810108947
Estimated difference between T3^fnT3 - (T2^WT3 + h.c.) is: 0.0011550007939704497 1.3340268340723692e-06
total cost: -2.8258928525081393
singles alt: [(6, 0), (7, 1), (8, 0), (9, 1), (10, 0), (11, 1), (6, 2), (7, 3), (8, 2), (9, 3), (10, 2), (11, 3), (6, 4), (7, 5), (8, 4), (9, 5), (10, 4), (11, 5)]
length: 18 99
2*[T] vs T3fnT3: -0.0011550007867813577 0.002310001580492719
Estimated difference between T3^fnT3 - (T2^WT3 + h.c.) is: 0.0011550007937113612 1.3340268334738744e-06
total cost: -2.825892852506135
singles alt: [(6, 0), (7, 1), (8, 0), (9, 1), (10, 0), (11, 1), (6, 2), (7, 3), (8, 2), (9, 3), (10, 2), (11, 3), (6, 4), (7, 5), (8, 4), (9, 5), (10, 4), (11, 5)]
length: 18 99
2*[T] vs T3fnT3: -0.0011550007870429148 0.0023100015810158334
Estimated difference between T3^fnT3 - (T2^WT3 + h.c.) is: 0.0011550007939729187 1.3340268340780725e-06
total cost: -2.8258928525050617
singles alt: [(6, 0), (7, 1), (8, 0), (9, 1), (10, 0), (11, 1), (6, 2), (7, 3), (8, 2), (9, 3), (10, 2), (11, 3), (6, 4), (7, 5), (8, 4), (9, 5), (10, 4), (11, 5)]
length: 18 99
2*[T] vs T3fnT3: -0.0011550007822440644 0.002310001571418133
Estimated difference between T3^fnT3 - (T2^WT3 + h.c.) is: 0.0011550007891740688 1.3340268229927217e-06
total cost: -2.82589285250478
singles alt: [(6, 0), (7, 1), (8, 0), (9, 1), (10, 0), (11, 1), (6, 2), (7, 3), (8, 2), (9, 3), (10, 2), (11, 3), (6, 4), (7, 5), (8, 4), (9, 5), (10, 4), (11, 5)]
length: 18 99
2*[T] vs T3fnT3: -0.0011550007870391899 0.0023100015810083845
Estimated difference between T3^fnT3 - (T2^WT3 + h.c.) is: 0.0011550007939691946 1.33402683406947e-06
total cost: -2.825892852509191
singles alt: [(6, 0), (7, 1), (8, 0), (9, 1), (10, 0), (11, 1), (6, 2), (7, 3), (8, 2), (9, 3), (10, 2), (11, 3), (6, 4), (7, 5), (8, 4), (9, 5), (10, 4), (11, 5)]
length: 18 99
2*[T] vs T3fnT3: -0.0011550007916322988 0.0023100015901946023
Estimated difference between T3^fnT3 - (T2^WT3 + h.c.) is: 0.0011550007985623035 1.3340268446795589e-06
total cost: -2.8258928525072378
singles alt: [(6, 0), (7, 1), (8, 0), (9, 1), (10, 0), (11, 1), (6, 2), (7, 3), (8, 2), (9, 3), (10, 2), (11, 3), (6, 4), (7, 5), (8, 4), (9, 5), (10, 4), (11, 5)]
length: 18 99
2*[T] vs T3fnT3: -0.001155000787042298 0.002310001581014601
Estimated difference between T3^fnT3 - (T2^WT3 + h.c.) is: 0.0011550007939723028 1.33402683407665e-06
total cost: -2.825892852504848
singles alt: [(6, 0), (7, 1), (8, 0), (9, 1), (10, 0), (11, 1), (6, 2), (7, 3), (8, 2), (9, 3), (10, 2), (11, 3), (6, 4), (7, 5), (8, 4), (9, 5), (10, 4), (11, 5)]
length: 18 99
2*[T] vs T3fnT3: -0.0011550007975014598 0.002310001601932922
Estimated difference between T3^fnT3 - (T2^WT3 + h.c.) is: 0.001155000804431462 1.3340268582373243e-06
total cost: -2.8258928525065126
singles alt: [(6, 0), (7, 1), (8, 0), (9, 1), (10, 0), (11, 1), (6, 2), (7, 3), (8, 2), (9, 3), (10, 2), (11, 3), (6, 4), (7, 5), (8, 4), (9, 5), (10, 4), (11, 5)]
length: 18 99
2*[T] vs T3fnT3: -0.0011550007870402865 0.002310001581010579
Estimated difference between T3^fnT3 - (T2^WT3 + h.c.) is: 0.0011550007939702925 1.334026834072006e-06
total cost: -2.8258928525079052
singles alt: [(6, 0), (7, 1), (8, 0), (9, 1), (10, 0), (11, 1), (6, 2), (7, 3), (8, 2), (9, 3), (10, 2), (11, 3), (6, 4), (7, 5), (8, 4), (9, 5), (10, 4), (11, 5)]
length: 18 99
2*[T] vs T3fnT3: -0.0011550007943511222 0.0023100015956322483
Estimated difference between T3^fnT3 - (T2^WT3 + h.c.) is: 0.001155000801281126 1.3340268509600433e-06
total cost: -2.825892852505065
singles alt: [(6, 0), (7, 1), (8, 0), (9, 1), (10, 0), (11, 1), (6, 2), (7, 3), (8, 2), (9, 3), (10, 2), (11, 3), (6, 4), (7, 5), (8, 4), (9, 5), (10, 4), (11, 5)]
length: 18 99
2*[T] vs T3fnT3: -0.0011550007870407824 0.00231000158101157
Estimated difference between T3^fnT3 - (T2^WT3 + h.c.) is: 0.0011550007939707875 1.3340268340731495e-06
total cost: -2.825892852509006
singles alt: [(6, 0), (7, 1), (8, 0), (9, 1), (10, 0), (11, 1), (6, 2), (7, 3), (8, 2), (9, 3), (10, 2), (11, 3), (6, 4), (7, 5), (8, 4), (9, 5), (10, 4), (11, 5)]
length: 18 99
2*[T] vs T3fnT3: -0.0011550007836337176 0.0023100015741974395
Estimated difference between T3^fnT3 - (T2^WT3 + h.c.) is: 0.001155000790563722 1.3340268262028226e-06
total cost: -2.8258928525055347
singles alt: [(6, 0), (7, 1), (8, 0), (9, 1), (10, 0), (11, 1), (6, 2), (7, 3), (8, 2), (9, 3), (10, 2), (11, 3), (6, 4), (7, 5), (8, 4), (9, 5), (10, 4), (11, 5)]
length: 18 99
2*[T] vs T3fnT3: -0.0011550007870406193 0.0023100015810112416
Estimated difference between T3^fnT3 - (T2^WT3 + h.c.) is: 0.0011550007939706223 1.334026834072768e-06
total cost: -2.8258928525090496
singles alt: [(6, 0), (7, 1), (8, 0), (9, 1), (10, 0), (11, 1), (6, 2), (7, 3), (8, 2), (9, 3), (10, 2), (11, 3), (6, 4), (7, 5), (8, 4), (9, 5), (10, 4), (11, 5)]
length: 18 99
2*[T] vs T3fnT3: -0.0011550008055205977 0.0023100016179712
Estimated difference between T3^fnT3 - (T2^WT3 + h.c.) is: 0.0011550008124506024 1.3340268767615518e-06
total cost: -2.825892852504523
singles alt: [(6, 0), (7, 1), (8, 0), (9, 1), (10, 0), (11, 1), (6, 2), (7, 3), (8, 2), (9, 3), (10, 2), (11, 3), (6, 4), (7, 5), (8, 4), (9, 5), (10, 4), (11, 5)]
length: 18 99
2*[T] vs T3fnT3: -0.0011550007870443127 0.002310001581018629
Estimated difference between T3^fnT3 - (T2^WT3 + h.c.) is: 0.0011550007939743162 1.3340268340813008e-06
total cost: -2.8258928525032787
singles alt: [(6, 0), (7, 1), (8, 0), (9, 1), (10, 0), (11, 1), (6, 2), (7, 3), (8, 2), (9, 3), (10, 2), (11, 3), (6, 4), (7, 5), (8, 4), (9, 5), (10, 4), (11, 5)]
length: 18 99
2*[T] vs T3fnT3: -0.001155000783836798 0.0023100015746036003
Estimated difference between T3^fnT3 - (T2^WT3 + h.c.) is: 0.0011550007907668023 1.3340268266719387e-06
total cost: -2.825892852505738
singles alt: [(6, 0), (7, 1), (8, 0), (9, 1), (10, 0), (11, 1), (6, 2), (7, 3), (8, 2), (9, 3), (10, 2), (11, 3), (6, 4), (7, 5), (8, 4), (9, 5), (10, 4), (11, 5)]
length: 18 99
2*[T] vs T3fnT3: -0.001155000787044372 0.0023100015810187486
Estimated difference between T3^fnT3 - (T2^WT3 + h.c.) is: 0.0011550007939743767 1.3340268340814405e-06
total cost: -2.8258928525032823
singles alt: [(6, 0), (7, 1), (8, 0), (9, 1), (10, 0), (11, 1), (6, 2), (7, 3), (8, 2), (9, 3), (10, 2), (11, 3), (6, 4), (7, 5), (8, 4), (9, 5), (10, 4), (11, 5)]
length: 18 99
2*[T] vs T3fnT3: -0.0011550007861727705 0.0023100015792755463
Estimated difference between T3^fnT3 - (T2^WT3 + h.c.) is: 0.0011550007931027757 1.3340268320680409e-06
total cost: -2.825892852506009
singles alt: [(6, 0), (7, 1), (8, 0), (9, 1), (10, 0), (11, 1), (6, 2), (7, 3), (8, 2), (9, 3), (10, 2), (11, 3), (6, 4), (7, 5), (8, 4), (9, 5), (10, 4), (11, 5)]
length: 18 99
2*[T] vs T3fnT3: -0.0011550007870423898 0.0023100015810147844
Estimated difference between T3^fnT3 - (T2^WT3 + h.c.) is: 0.0011550007939723946 1.3340268340768619e-06
total cost: -2.82589285250492
singles alt: [(6, 0), (7, 1), (8, 0), (9, 1), (10, 0), (11, 1), (6, 2), (7, 3), (8, 2), (9, 3), (10, 2), (11, 3), (6, 4), (7, 5), (8, 4), (9, 5), (10, 4), (11, 5)]
length: 18 99
2*[T] vs T3fnT3: -0.0011550007900115586 0.0023100015869531206
Estimated difference between T3^fnT3 - (T2^WT3 + h.c.) is: 0.001155000796941562 1.3340268409356434e-06
total cost: -2.825892852506394
singles alt: [(6, 0), (7, 1), (8, 0), (9, 1), (10, 0), (11, 1), (6, 2), (7, 3), (8, 2), (9, 3), (10, 2), (11, 3), (6, 4), (7, 5), (8, 4), (9, 5), (10, 4), (11, 5)]
length: 18 99
2*[T] vs T3fnT3: -0.0011550007870408825 0.002310001581011769
Estimated difference between T3^fnT3 - (T2^WT3 + h.c.) is: 0.0011550007939708864 1.334026834073378e-06
total cost: -2.8258928525067275
singles alt: [(6, 0), (7, 1), (8, 0), (9, 1), (10, 0), (11, 1), (6, 2), (7, 3), (8, 2), (9, 3), (10, 2), (11, 3), (6, 4), (7, 5), (8, 4), (9, 5), (10, 4), (11, 5)]
length: 18 99
2*[T] vs T3fnT3: -0.0011550007933150642 0.002310001593560133
Estimated difference between T3^fnT3 - (T2^WT3 + h.c.) is: 0.0011550008002450686 1.3340268485667487e-06
total cost: -2.825892852506737
singles alt: [(6, 0), (7, 1), (8, 0), (9, 1), (10, 0), (11, 1), (6, 2), (7, 3), (8, 2), (9, 3), (10, 2), (11, 3), (6, 4), (7, 5), (8, 4), (9, 5), (10, 4), (11, 5)]
length: 18 99
2*[T] vs T3fnT3: -0.0011550007870443004 0.0023100015810186055
Estimated difference between T3^fnT3 - (T2^WT3 + h.c.) is: 0.0011550007939743051 1.3340268340812753e-06
total cost: -2.8258928525041833
singles alt: [(6, 0), (7, 1), (8, 0), (9, 1), (10, 0), (11, 1), (6, 2), (7, 3), (8, 2), (9, 3), (10, 2), (11, 3), (6, 4), (7, 5), (8, 4), (9, 5), (10, 4), (11, 5)]
length: 18 99
2*[T] vs T3fnT3: -0.0011550007836777995 0.0023100015742856046
Estimated difference between T3^fnT3 - (T2^WT3 + h.c.) is: 0.0011550007906078051 1.3340268263046548e-06
total cost: -2.8258928525053895
singles alt: [(6, 0), (7, 1), (8, 0), (9, 1), (10, 0), (11, 1), (6, 2), (7, 3), (8, 2), (9, 3), (10, 2), (11, 3), (6, 4), (7, 5), (8, 4), (9, 5), (10, 4), (11, 5)]
length: 18 99
2*[T] vs T3fnT3: -0.0011550007870430442 0.0023100015810160923
Estimated difference between T3^fnT3 - (T2^WT3 + h.c.) is: 0.0011550007939730481 1.3340268340783715e-06
total cost: -2.825892852506664
singles alt: [(6, 0), (7, 1), (8, 0), (9, 1), (10, 0), (11, 1), (6, 2), (7, 3), (8, 2), (9, 3), (10, 2), (11, 3), (6, 4), (7, 5), (8, 4), (9, 5), (10, 4), (11, 5)]
length: 18 99
2*[T] vs T3fnT3: -0.0011550007854791101 0.0023100015778882237
Estimated difference between T3^fnT3 - (T2^WT3 + h.c.) is: 0.0011550007924091136 1.3340268304656803e-06
total cost: -2.8258928525071925
singles alt: [(6, 0), (7, 1), (8, 0), (9, 1), (10, 0), (11, 1), (6, 2), (7, 3), (8, 2), (9, 3), (10, 2), (11, 3), (6, 4), (7, 5), (8, 4), (9, 5), (10, 4), (11, 5)]
length: 18 99
2*[T] vs T3fnT3: -0.0011550007870451302 0.0023100015810202656
Estimated difference between T3^fnT3 - (T2^WT3 + h.c.) is: 0.0011550007939751354 1.3340268340831932e-06
total cost: -2.8258928525044738
singles alt: [(6, 0), (7, 1), (8, 0), (9, 1), (10, 0), (11, 1), (6, 2), (7, 3), (8, 2), (9, 3), (10, 2), (11, 3), (6, 4), (7, 5), (8, 4), (9, 5), (10, 4), (11, 5)]
length: 18 99
2*[T] vs T3fnT3: -0.0011550007881893835 0.002310001583308772
Estimated difference between T3^fnT3 - (T2^WT3 + h.c.) is: 0.0011550007951193883 1.3340268367264193e-06
total cost: -2.825892852506497
singles alt: [(6, 0), (7, 1), (8, 0), (9, 1), (10, 0), (11, 1), (6, 2), (7, 3), (8, 2), (9, 3), (10, 2), (11, 3), (6, 4), (7, 5), (8, 4), (9, 5), (10, 4), (11, 5)]
length: 18 99
2*[T] vs T3fnT3: -0.001155000787044107 0.002310001581018219
Estimated difference between T3^fnT3 - (T2^WT3 + h.c.) is: 0.0011550007939741121 1.3340268340808294e-06
total cost: -2.8258928525059956
singles alt: [(6, 0), (7, 1), (8, 0), (9, 1), (10, 0), (11, 1), (6, 2), (7, 3), (8, 2), (9, 3), (10, 2), (11, 3), (6, 4), (7, 5), (8, 4), (9, 5), (10, 4), (11, 5)]
length: 18 99
2*[T] vs T3fnT3: -0.0011550007929244214 0.0023100015927788476
Estimated difference between T3^fnT3 - (T2^WT3 + h.c.) is: 0.0011550007998544262 1.3340268476643643e-06
total cost: -2.8258928525049956
singles alt: [(6, 0), (7, 1), (8, 0), (9, 1), (10, 0), (11, 1), (6, 2), (7, 3), (8, 2), (9, 3), (10, 2), (11, 3), (6, 4), (7, 5), (8, 4), (9, 5), (10, 4), (11, 5)]
length: 18 99
2*[T] vs T3fnT3: -0.0011550007870423393 0.0023100015810146824
Estimated difference between T3^fnT3 - (T2^WT3 + h.c.) is: 0.0011550007939723432 1.334026834076743e-06
total cost: -2.8258928525057816
singles alt: [(6, 0), (7, 1), (8, 0), (9, 1), (10, 0), (11, 1), (6, 2), (7, 3), (8, 2), (9, 3), (10, 2), (11, 3), (6, 4), (7, 5), (8, 4), (9, 5), (10, 4), (11, 5)]
length: 18 99
2*[T] vs T3fnT3: -0.0011550007871772557 0.0023100015812845156
Estimated difference between T3^fnT3 - (T2^WT3 + h.c.) is: 0.00115500079410726 1.3340268343884012e-06
total cost: -2.825892852506776
singles alt: [(6, 0), (7, 1), (8, 0), (9, 1), (10, 0), (11, 1), (6, 2), (7, 3), (8, 2), (9, 3), (10, 2), (11, 3), (6, 4), (7, 5), (8, 4), (9, 5), (10, 4), (11, 5)]
length: 18 99
2*[T] vs T3fnT3: -0.0011550007870417746 0.002310001581013553
Estimated difference between T3^fnT3 - (T2^WT3 + h.c.) is: 0.0011550007939717785 1.3340268340754387e-06
total cost: -2.8258928525066245
singles alt: [(6, 0), (7, 1), (8, 0), (9, 1), (10, 0), (11, 1), (6, 2), (7, 3), (8, 2), (9, 3), (10, 2), (11, 3), (6, 4), (7, 5), (8, 4), (9, 5), (10, 4), (11, 5)]
length: 18 99
2*[T] vs T3fnT3: -0.0011550007981429586 0.0023100016032159207
Estimated difference between T3^fnT3 - (T2^WT3 + h.c.) is: 0.001155000805072962 1.3340268597191905e-06
total cost: -2.8258928525062084
singles alt: [(6, 0), (7, 1), (8, 0), (9, 1), (10, 0), (11, 1), (6, 2), (7, 3), (8, 2), (9, 3), (10, 2), (11, 3), (6, 4), (7, 5), (8, 4), (9, 5), (10, 4), (11, 5)]
length: 18 99
2*[T] vs T3fnT3: -0.0011550007870401618 0.0023100015810103283
Estimated difference between T3^fnT3 - (T2^WT3 + h.c.) is: 0.0011550007939701665 1.334026834071715e-06
total cost: -2.8258928525067706
singles alt: [(6, 0), (7, 1), (8, 0), (9, 1), (10, 0), (11, 1), (6, 2), (7, 3), (8, 2), (9, 3), (10, 2), (11, 3), (6, 4), (7, 5), (8, 4), (9, 5), (10, 4), (11, 5)]
length: 18 99
2*[T] vs T3fnT3: -0.0011550007854385523 0.0023100015778071093
Estimated difference between T3^fnT3 - (T2^WT3 + h.c.) is: 0.001155000792368557 1.3340268303719946e-06
total cost: -2.8258928525079257
singles alt: [(6, 0), (7, 1), (8, 0), (9, 1), (10, 0), (11, 1), (6, 2), (7, 3), (8, 2), (9, 3), (10, 2), (11, 3), (6, 4), (7, 5), (8, 4), (9, 5), (10, 4), (11, 5)]
length: 18 99
2*[T] vs T3fnT3: -0.0011550007870422222 0.0023100015810144483
Estimated difference between T3^fnT3 - (T2^WT3 + h.c.) is: 0.001155000793972226 1.3340268340764727e-06
total cost: -2.825892852505088
singles alt: [(6, 0), (7, 1), (8, 0), (9, 1), (10, 0), (11, 1), (6, 2), (7, 3), (8, 2), (9, 3), (10, 2), (11, 3), (6, 4), (7, 5), (8, 4), (9, 5), (10, 4), (11, 5)]
length: 18 99
2*[T] vs T3fnT3: -0.001155000793186019 0.0023100015933020432
Estimated difference between T3^fnT3 - (T2^WT3 + h.c.) is: 0.0011550008001160242 1.334026848268656e-06
total cost: -2.825892852506674
singles alt: [(6, 0), (7, 1), (8, 0), (9, 1), (10, 0), (11, 1), (6, 2), (7, 3), (8, 2), (9, 3), (10, 2), (11, 3), (6, 4), (7, 5), (8, 4), (9, 5), (10, 4), (11, 5)]
length: 18 99
2*[T] vs T3fnT3: -0.0011550007870430882 0.0023100015810161804
Estimated difference between T3^fnT3 - (T2^WT3 + h.c.) is: 0.0011550007939730921 1.3340268340784731e-06
total cost: -2.8258928525065605
singles alt: [(6, 0), (7, 1), (8, 0), (9, 1), (10, 0), (11, 1), (6, 2), (7, 3), (8, 2), (9, 3), (10, 2), (11, 3), (6, 4), (7, 5), (8, 4), (9, 5), (10, 4), (11, 5)]
length: 18 99
2*[T] vs T3fnT3: -0.0011550007899179394 0.002310001586765883
Estimated difference between T3^fnT3 - (T2^WT3 + h.c.) is: 0.0011550007968479437 1.334026840719385e-06
total cost: -2.825892852506776
singles alt: [(6, 0), (7, 1), (8, 0), (9, 1), (10, 0), (11, 1), (6, 2), (7, 3), (8, 2), (9, 3), (10, 2), (11, 3), (6, 4), (7, 5), (8, 4), (9, 5), (10, 4), (11, 5)]
length: 18 99
2*[T] vs T3fnT3: -0.0011550007870441128 0.002310001581018229
Estimated difference between T3^fnT3 - (T2^WT3 + h.c.) is: 0.0011550007939741163 1.334026834080839e-06
total cost: -2.8258928525044125
singles alt: [(6, 0), (7, 1), (8, 0), (9, 1), (10, 0), (11, 1), (6, 2), (7, 3), (8, 2), (9, 3), (10, 2), (11, 3), (6, 4), (7, 5), (8, 4), (9, 5), (10, 4), (11, 5)]
length: 18 99
2*[T] vs T3fnT3: -0.0011550007853352463 0.002310001577600497
Estimated difference between T3^fnT3 - (T2^WT3 + h.c.) is: 0.0011550007922652506 1.3340268301333564e-06
total cost: -2.8258928525080167
singles alt: [(6, 0), (7, 1), (8, 0), (9, 1), (10, 0), (11, 1), (6, 2), (7, 3), (8, 2), (9, 3), (10, 2), (11, 3), (6, 4), (7, 5), (8, 4), (9, 5), (10, 4), (11, 5)]
length: 18 99
2*[T] vs T3fnT3: -0.0011550007870410014 0.0023100015810120075
Estimated difference between T3^fnT3 - (T2^WT3 + h.c.) is: 0.0011550007939710061 1.3340268340736546e-06
total cost: -2.8258928525065894
singles alt: [(6, 0), (7, 1), (8, 0), (9, 1), (10, 0), (11, 1), (6, 2), (7, 3), (8, 2), (9, 3), (10, 2), (11, 3), (6, 4), (7, 5), (8, 4), (9, 5), (10, 4), (11, 5)]
length: 18 99
2*[T] vs T3fnT3: -0.0011550007836372488 0.0023100015742045033
Estimated difference between T3^fnT3 - (T2^WT3 + h.c.) is: 0.0011550007905672544 1.3340268262109827e-06
total cost: -2.82589285250564
singles alt: [(6, 0), (7, 1), (8, 0), (9, 1), (10, 0), (11, 1), (6, 2), (7, 3), (8, 2), (9, 3), (10, 2), (11, 3), (6, 4), (7, 5), (8, 4), (9, 5), (10, 4), (11, 5)]
length: 18 99
2*[T] vs T3fnT3: -0.0011550007870450483 0.0023100015810200982
Estimated difference between T3^fnT3 - (T2^WT3 + h.c.) is: 0.00115500079397505 1.3340268340829959e-06
total cost: -2.8258928525045413
singles alt: [(6, 0), (7, 1), (8, 0), (9, 1), (10, 0), (11, 1), (6, 2), (7, 3), (8, 2), (9, 3), (10, 2), (11, 3), (6, 4), (7, 5), (8, 4), (9, 5), (10, 4), (11, 5)]
length: 18 99
2*[T] vs T3fnT3: -0.0011550007946913706 0.002310001596312745
Estimated difference between T3^fnT3 - (T2^WT3 + h.c.) is: 0.0011550008016213745 1.3340268517460177e-06
total cost: -2.8258928525065716
singles alt: [(6, 0), (7, 1), (8, 0), (9, 1), (10, 0), (11, 1), (6, 2), (7, 3), (8, 2), (9, 3), (10, 2), (11, 3), (6, 4), (7, 5), (8, 4), (9, 5), (10, 4), (11, 5)]
length: 18 99
2*[T] vs T3fnT3: -0.0011550007870398176 0.0023100015810096413
Estimated difference between T3^fnT3 - (T2^WT3 + h.c.) is: 0.0011550007939698237 1.3340268340709231e-06
total cost: -2.825892852507461
singles alt: [(6, 0), (7, 1), (8, 0), (9, 1), (10, 0), (11, 1), (6, 2), (7, 3), (8, 2), (9, 3), (10, 2), (11, 3), (6, 4), (7, 5), (8, 4), (9, 5), (10, 4), (11, 5)]
length: 18 99
2*[T] vs T3fnT3: -0.0011550007853175913 0.0023100015775651887
Estimated difference between T3^fnT3 - (T2^WT3 + h.c.) is: 0.0011550007922475974 1.3340268300925775e-06
total cost: -2.8258928525063163
singles alt: [(6, 0), (7, 1), (8, 0), (9, 1), (10, 0), (11, 1), (6, 2), (7, 3), (8, 2), (9, 3), (10, 2), (11, 3), (6, 4), (7, 5), (8, 4), (9, 5), (10, 4), (11, 5)]
length: 18 99
2*[T] vs T3fnT3: -0.0011550007870397899 0.002310001581009584
Estimated difference between T3^fnT3 - (T2^WT3 + h.c.) is: 0.0011550007939697942 1.334026834070855e-06
total cost: -2.8258928525074674
singles alt: [(6, 0), (7, 1), (8, 0), (9, 1), (10, 0), (11, 1), (6, 2), (7, 3), (8, 2), (9, 3), (10, 2), (11, 3), (6, 4), (7, 5), (8, 4), (9, 5), (10, 4), (11, 5)]
length: 18 99
2*[T] vs T3fnT3: -0.0011550008002421473 0.0023100016074142997
Estimated difference between T3^fnT3 - (T2^WT3 + h.c.) is: 0.0011550008071721525 1.3340268645683236e-06
total cost: -2.82589285250728
singles alt: [(6, 0), (7, 1), (8, 0), (9, 1), (10, 0), (11, 1), (6, 2), (7, 3), (8, 2), (9, 3), (10, 2), (11, 3), (6, 4), (7, 5), (8, 4), (9, 5), (10, 4), (11, 5)]
length: 18 99
2*[T] vs T3fnT3: -0.0011550007870456485 0.0023100015810212995
Estimated difference between T3^fnT3 - (T2^WT3 + h.c.) is: 0.001155000793975651 1.3340268340843844e-06
total cost: -2.825892852504549
singles alt: [(6, 0), (7, 1), (8, 0), (9, 1), (10, 0), (11, 1), (6, 2), (7, 3), (8, 2), (9, 3), (10, 2), (11, 3), (6, 4), (7, 5), (8, 4), (9, 5), (10, 4), (11, 5)]
length: 18 99
2*[T] vs T3fnT3: -0.0011550007855025627 0.0023100015779351293
Estimated difference between T3^fnT3 - (T2^WT3 + h.c.) is: 0.0011550007924325666 1.3340268305198567e-06
total cost: -2.8258928525055986
singles alt: [(6, 0), (7, 1), (8, 0), (9, 1), (10, 0), (11, 1), (6, 2), (7, 3), (8, 2), (9, 3), (10, 2), (11, 3), (6, 4), (7, 5), (8, 4), (9, 5), (10, 4), (11, 5)]
length: 18 99
2*[T] vs T3fnT3: -0.0011550007870456565 0.002310001581021318
Estimated difference between T3^fnT3 - (T2^WT3 + h.c.) is: 0.0011550007939756617 1.334026834084409e-06
total cost: -2.8258928525045595
singles alt: [(6, 0), (7, 1), (8, 0), (9, 1), (10, 0), (11, 1), (6, 2), (7, 3), (8, 2), (9, 3), (10, 2), (11, 3), (6, 4), (7, 5), (8, 4), (9, 5), (10, 4), (11, 5)]
length: 18 99
2*[T] vs T3fnT3: -0.0011550007905605593 0.0023100015880511233
Estimated difference between T3^fnT3 - (T2^WT3 + h.c.) is: 0.001155000797490564 1.334026842203839e-06
total cost: -2.825892852505537
singles alt: [(6, 0), (7, 1), (8, 0), (9, 1), (10, 0), (11, 1), (6, 2), (7, 3), (8, 2), (9, 3), (10, 2), (11, 3), (6, 4), (7, 5), (8, 4), (9, 5), (10, 4), (11, 5)]
length: 18 99
2*[T] vs T3fnT3: -0.0011550007859334255 0.002310001578796856
Estimated difference between T3^fnT3 - (T2^WT3 + h.c.) is: 0.0011550007928634303 1.3340268315151526e-06
total cost: -2.8258928525067373
singles alt: [(6, 0), (7, 1), (8, 0), (9, 1), (10, 0), (11, 1), (6, 2), (7, 3), (8, 2), (9, 3), (10, 2), (11, 3), (6, 4), (7, 5), (8, 4), (9, 5), (10, 4), (11, 5)]
length: 18 99
2*[T] vs T3fnT3: -0.0011550007857838822 0.0023100015784977687
Estimated difference between T3^fnT3 - (T2^WT3 + h.c.) is: 0.0011550007927138865 1.334026831169706e-06
total cost: -2.825892852506719
singles alt: [(6, 0), (7, 1), (8, 0), (9, 1), (10, 0), (11, 1), (6, 2), (7, 3), (8, 2), (9, 3), (10, 2), (11, 3), (6, 4), (7, 5), (8, 4), (9, 5), (10, 4), (11, 5)]
length: 18 99
2*[T] vs T3fnT3: -0.0011550007870413978 0.0023100015810128003
Estimated difference between T3^fnT3 - (T2^WT3 + h.c.) is: 0.0011550007939714025 1.3340268340745702e-06
total cost: -2.8258928525061395
singles alt: [(6, 0), (7, 1), (8, 0), (9, 1), (10, 0), (11, 1), (6, 2), (7, 3), (8, 2), (9, 3), (10, 2), (11, 3), (6, 4), (7, 5), (8, 4), (9, 5), (10, 4), (11, 5)]
length: 18 99
2*[T] vs T3fnT3: -0.001155000787041207 0.0023100015810124186
Estimated difference between T3^fnT3 - (T2^WT3 + h.c.) is: 0.0011550007939712117 1.3340268340741294e-06
total cost: -2.825892852506126
singles alt: [(6, 0), (7, 1), (8, 0), (9, 1), (10, 0), (11, 1), (6, 2), (7, 3), (8, 2), (9, 3), (10, 2), (11, 3), (6, 4), (7, 5), (8, 4), (9, 5), (10, 4), (11, 5)]
length: 18 99
2*[T] vs T3fnT3: -0.001155000784103527 0.0023100015751370577
Estimated difference between T3^fnT3 - (T2^WT3 + h.c.) is: 0.0011550007910335308 1.334026827288082e-06
total cost: -2.825892852506427
singles alt: [(6, 0), (7, 1), (8, 0), (9, 1), (10, 0), (11, 1), (6, 2), (7, 3), (8, 2), (9, 3), (10, 2), (11, 3), (6, 4), (7, 5), (8, 4), (9, 5), (10, 4), (11, 5)]
length: 18 99
2*[T] vs T3fnT3: -0.0011550007840022503 0.0023100015749345053
Estimated difference between T3^fnT3 - (T2^WT3 + h.c.) is: 0.001155000790932255 1.3340268270541346e-06
total cost: -2.825892852506562
singles alt: [(6, 0), (7, 1), (8, 0), (9, 1), (10, 0), (11, 1), (6, 2), (7, 3), (8, 2), (9, 3), (10, 2), (11, 3), (6, 4), (7, 5), (8, 4), (9, 5), (10, 4), (11, 5)]
length: 18 99
2*[T] vs T3fnT3: -0.0011550007870417133 0.002310001581013431
Estimated difference between T3^fnT3 - (T2^WT3 + h.c.) is: 0.0011550007939717176 1.334026834075298e-06
total cost: -2.825892852506113
singles alt: [(6, 0), (7, 1), (8, 0), (9, 1), (10, 0), (11, 1), (6, 2), (7, 3), (8, 2), (9, 3), (10, 2), (11, 3), (6, 4), (7, 5), (8, 4), (9, 5), (10, 4), (11, 5)]
length: 18 99
2*[T] vs T3fnT3: -0.0011550007870418217 0.0023100015810136477
Estimated difference between T3^fnT3 - (T2^WT3 + h.c.) is: 0.001155000793971826 1.3340268340755483e-06
total cost: -2.8258928525061116
singles alt: [(6, 0), (7, 1), (8, 0), (9, 1), (10, 0), (11, 1), (6, 2), (7, 3), (8, 2), (9, 3), (10, 2), (11, 3), (6, 4), (7, 5), (8, 4), (9, 5), (10, 4), (11, 5)]
length: 18 99
2*[T] vs T3fnT3: -0.001155000792637259 0.0023100015922045214
Estimated difference between T3^fnT3 - (T2^WT3 + h.c.) is: 0.0011550007995672624 1.3340268470010155e-06
total cost: -2.8258928525066596
singles alt: [(6, 0), (7, 1), (8, 0), (9, 1), (10, 0), (11, 1), (6, 2), (7, 3), (8, 2), (9, 3), (10, 2), (11, 3), (6, 4), (7, 5), (8, 4), (9, 5), (10, 4), (11, 5)]
length: 18 99
2*[T] vs T3fnT3: -0.001155000792560888 0.0023100015920517803
Estimated difference between T3^fnT3 - (T2^WT3 + h.c.) is: 0.0011550007994908923 1.3340268468246004e-06
total cost: -2.825892852506579
singles alt: [(6, 0), (7, 1), (8, 0), (9, 1), (10, 0), (11, 1), (6, 2), (7, 3), (8, 2), (9, 3), (10, 2), (11, 3), (6, 4), (7, 5), (8, 4), (9, 5), (10, 4), (11, 5)]
length: 18 99
2*[T] vs T3fnT3: -0.0011550007870402466 0.0023100015810104974
Estimated difference between T3^fnT3 - (T2^WT3 + h.c.) is: 0.0011550007939702509 1.33402683407191e-06
total cost: -2.825892852506139
singles alt: [(6, 0), (7, 1), (8, 0), (9, 1), (10, 0), (11, 1), (6, 2), (7, 3), (8, 2), (9, 3), (10, 2), (11, 3), (6, 4), (7, 5), (8, 4), (9, 5), (10, 4), (11, 5)]
length: 18 99
2*[T] vs T3fnT3: -0.0011550007870402964 0.002310001581010596
Estimated difference between T3^fnT3 - (T2^WT3 + h.c.) is: 0.0011550007939702994 1.3340268340720221e-06
total cost: -2.8258928525061617
singles alt: [(6, 0), (7, 1), (8, 0), (9, 1), (10, 0), (11, 1), (6, 2), (7, 3), (8, 2), (9, 3), (10, 2), (11, 3), (6, 4), (7, 5), (8, 4), (9, 5), (10, 4), (11, 5)]
length: 18 99
2*[T] vs T3fnT3: -0.0011550007899262804 0.0023100015867825656
Estimated difference between T3^fnT3 - (T2^WT3 + h.c.) is: 0.0011550007968562852 1.3340268407386536e-06
total cost: -2.825892852507026
singles alt: [(6, 0), (7, 1), (8, 0), (9, 1), (10, 0), (11, 1), (6, 2), (7, 3), (8, 2), (9, 3), (10, 2), (11, 3), (6, 4), (7, 5), (8, 4), (9, 5), (10, 4), (11, 5)]
length: 18 99
2*[T] vs T3fnT3: -0.0011550007897006276 0.0023100015863312595
Estimated difference between T3^fnT3 - (T2^WT3 + h.c.) is: 0.001155000796630632 1.3340268402173944e-06
total cost: -2.8258928525069638
singles alt: [(6, 0), (7, 1), (8, 0), (9, 1), (10, 0), (11, 1), (6, 2), (7, 3), (8, 2), (9, 3), (10, 2), (11, 3), (6, 4), (7, 5), (8, 4), (9, 5), (10, 4), (11, 5)]
length: 18 99
2*[T] vs T3fnT3: -0.0011550007870404148 0.0023100015810108357
Estimated difference between T3^fnT3 - (T2^WT3 + h.c.) is: 0.0011550007939704209 1.3340268340723025e-06
total cost: -2.825892852506143
singles alt: [(6, 0), (7, 1), (8, 0), (9, 1), (10, 0), (11, 1), (6, 2), (7, 3), (8, 2), (9, 3), (10, 2), (11, 3), (6, 4), (7, 5), (8, 4), (9, 5), (10, 4), (11, 5)]
length: 18 99
2*[T] vs T3fnT3: -0.0011550007870405107 0.0023100015810110265
Estimated difference between T3^fnT3 - (T2^WT3 + h.c.) is: 0.0011550007939705158 1.3340268340725219e-06
total cost: -2.8258928525061644
singles alt: [(6, 0), (7, 1), (8, 0), (9, 1), (10, 0), (11, 1), (6, 2), (7, 3), (8, 2), (9, 3), (10, 2), (11, 3), (6, 4), (7, 5), (8, 4), (9, 5), (10, 4), (11, 5)]
length: 18 99
2*[T] vs T3fnT3: -0.0011550007885726787 0.0023100015840753613
Estimated difference between T3^fnT3 - (T2^WT3 + h.c.) is: 0.0011550007955026826 1.3340268376118296e-06
total cost: -2.825892852506483
singles alt: [(6, 0), (7, 1), (8, 0), (9, 1), (10, 0), (11, 1), (6, 2), (7, 3), (8, 2), (9, 3), (10, 2), (11, 3), (6, 4), (7, 5), (8, 4), (9, 5), (10, 4), (11, 5)]
length: 18 99
2*[T] vs T3fnT3: -0.0011550007885310922 0.0023100015839921896
Estimated difference between T3^fnT3 - (T2^WT3 + h.c.) is: 0.0011550007954610974 1.3340268375157678e-06
total cost: -2.8258928525064393
singles alt: [(6, 0), (7, 1), (8, 0), (9, 1), (10, 0), (11, 1), (6, 2), (7, 3), (8, 2), (9, 3), (10, 2), (11, 3), (6, 4), (7, 5), (8, 4), (9, 5), (10, 4), (11, 5)]
length: 18 99
2*[T] vs T3fnT3: -0.0011550007870420587 0.0023100015810141213
Estimated difference between T3^fnT3 - (T2^WT3 + h.c.) is: 0.0011550007939720626 1.3340268340760949e-06
total cost: -2.8258928525061315
singles alt: [(6, 0), (7, 1), (8, 0), (9, 1), (10, 0), (11, 1), (6, 2), (7, 3), (8, 2), (9, 3), (10, 2), (11, 3), (6, 4), (7, 5), (8, 4), (9, 5), (10, 4), (11, 5)]
length: 18 99
2*[T] vs T3fnT3: -0.0011550007870420587 0.0023100015810141213
Estimated difference between T3^fnT3 - (T2^WT3 + h.c.) is: 0.0011550007939720626 1.3340268340760949e-06
total cost: -2.825892852506118
singles alt: [(6, 0), (7, 1), (8, 0), (9, 1), (10, 0), (11, 1), (6, 2), (7, 3), (8, 2), (9, 3), (10, 2), (11, 3), (6, 4), (7, 5), (8, 4), (9, 5), (10, 4), (11, 5)]
length: 18 99
2*[T] vs T3fnT3: -0.0011550007870420587 0.0023100015810141213
Estimated difference between T3^fnT3 - (T2^WT3 + h.c.) is: 0.0011550007939720626 1.3340268340760949e-06
total cost: -2.8258928525052496
singles alt: [(6, 0), (7, 1), (8, 0), (9, 1), (10, 0), (11, 1), (6, 2), (7, 3), (8, 2), (9, 3), (10, 2), (11, 3), (6, 4), (7, 5), (8, 4), (9, 5), (10, 4), (11, 5)]
length: 18 99
2*[T] vs T3fnT3: -0.0011550007870420587 0.0023100015810141213
Estimated difference between T3^fnT3 - (T2^WT3 + h.c.) is: 0.0011550007939720626 1.3340268340760949e-06
total cost: -2.8258928525051137
singles alt: [(6, 0), (7, 1), (8, 0), (9, 1), (10, 0), (11, 1), (6, 2), (7, 3), (8, 2), (9, 3), (10, 2), (11, 3), (6, 4), (7, 5), (8, 4), (9, 5), (10, 4), (11, 5)]
length: 18 99
2*[T] vs T3fnT3: -0.0011550007870420587 0.0023100015810141213
Estimated difference between T3^fnT3 - (T2^WT3 + h.c.) is: 0.0011550007939720626 1.3340268340760949e-06
total cost: -2.8258928525061786
singles alt: [(6, 0), (7, 1), (8, 0), (9, 1), (10, 0), (11, 1), (6, 2), (7, 3), (8, 2), (9, 3), (10, 2), (11, 3), (6, 4), (7, 5), (8, 4), (9, 5), (10, 4), (11, 5)]
length: 18 99
2*[T] vs T3fnT3: -0.0011550007870420587 0.0023100015810141213
Estimated difference between T3^fnT3 - (T2^WT3 + h.c.) is: 0.0011550007939720626 1.3340268340760949e-06
total cost: -2.825892852506183
singles alt: [(6, 0), (7, 1), (8, 0), (9, 1), (10, 0), (11, 1), (6, 2), (7, 3), (8, 2), (9, 3), (10, 2), (11, 3), (6, 4), (7, 5), (8, 4), (9, 5), (10, 4), (11, 5)]
length: 18 99
2*[T] vs T3fnT3: -0.0011550007870420587 0.0023100015810141213
Estimated difference between T3^fnT3 - (T2^WT3 + h.c.) is: 0.0011550007939720626 1.3340268340760949e-06
total cost: -2.8258928525064553
singles alt: [(6, 0), (7, 1), (8, 0), (9, 1), (10, 0), (11, 1), (6, 2), (7, 3), (8, 2), (9, 3), (10, 2), (11, 3), (6, 4), (7, 5), (8, 4), (9, 5), (10, 4), (11, 5)]
length: 18 99
2*[T] vs T3fnT3: -0.0011550007870420587 0.0023100015810141213
Estimated difference between T3^fnT3 - (T2^WT3 + h.c.) is: 0.0011550007939720626 1.3340268340760949e-06
total cost: -2.8258928525067817
singles alt: [(6, 0), (7, 1), (8, 0), (9, 1), (10, 0), (11, 1), (6, 2), (7, 3), (8, 2), (9, 3), (10, 2), (11, 3), (6, 4), (7, 5), (8, 4), (9, 5), (10, 4), (11, 5)]
length: 18 99
2*[T] vs T3fnT3: -0.0011550007870420587 0.0023100015810141213
Estimated difference between T3^fnT3 - (T2^WT3 + h.c.) is: 0.0011550007939720626 1.3340268340760949e-06
total cost: -2.825892852506067
singles alt: [(6, 0), (7, 1), (8, 0), (9, 1), (10, 0), (11, 1), (6, 2), (7, 3), (8, 2), (9, 3), (10, 2), (11, 3), (6, 4), (7, 5), (8, 4), (9, 5), (10, 4), (11, 5)]
length: 18 99
2*[T] vs T3fnT3: -0.0011550007870420587 0.0023100015810141213
Estimated difference between T3^fnT3 - (T2^WT3 + h.c.) is: 0.0011550007939720626 1.3340268340760949e-06
total cost: -2.825892852506046
singles alt: [(6, 0), (7, 1), (8, 0), (9, 1), (10, 0), (11, 1), (6, 2), (7, 3), (8, 2), (9, 3), (10, 2), (11, 3), (6, 4), (7, 5), (8, 4), (9, 5), (10, 4), (11, 5)]
length: 18 99
2*[T] vs T3fnT3: -0.0011550007870420587 0.0023100015810141213
Estimated difference between T3^fnT3 - (T2^WT3 + h.c.) is: 0.0011550007939720626 1.3340268340760949e-06
total cost: -2.8258928525055533
singles alt: [(6, 0), (7, 1), (8, 0), (9, 1), (10, 0), (11, 1), (6, 2), (7, 3), (8, 2), (9, 3), (10, 2), (11, 3), (6, 4), (7, 5), (8, 4), (9, 5), (10, 4), (11, 5)]
length: 18 99
2*[T] vs T3fnT3: -0.0011550007870420587 0.0023100015810141213
Estimated difference between T3^fnT3 - (T2^WT3 + h.c.) is: 0.0011550007939720626 1.3340268340760949e-06
total cost: -2.8258928525052887
singles alt: [(6, 0), (7, 1), (8, 0), (9, 1), (10, 0), (11, 1), (6, 2), (7, 3), (8, 2), (9, 3), (10, 2), (11, 3), (6, 4), (7, 5), (8, 4), (9, 5), (10, 4), (11, 5)]
length: 18 99
2*[T] vs T3fnT3: -0.0011550007870420587 0.0023100015810141213
Estimated difference between T3^fnT3 - (T2^WT3 + h.c.) is: 0.0011550007939720626 1.3340268340760949e-06
total cost: -2.825892852506031
singles alt: [(6, 0), (7, 1), (8, 0), (9, 1), (10, 0), (11, 1), (6, 2), (7, 3), (8, 2), (9, 3), (10, 2), (11, 3), (6, 4), (7, 5), (8, 4), (9, 5), (10, 4), (11, 5)]
length: 18 99
2*[T] vs T3fnT3: -0.0011550007870420587 0.0023100015810141213
Estimated difference between T3^fnT3 - (T2^WT3 + h.c.) is: 0.0011550007939720626 1.3340268340760949e-06
total cost: -2.8258928525060267
singles alt: [(6, 0), (7, 1), (8, 0), (9, 1), (10, 0), (11, 1), (6, 2), (7, 3), (8, 2), (9, 3), (10, 2), (11, 3), (6, 4), (7, 5), (8, 4), (9, 5), (10, 4), (11, 5)]
length: 18 99
2*[T] vs T3fnT3: -0.0011550007870420587 0.0023100015810141213
Estimated difference between T3^fnT3 - (T2^WT3 + h.c.) is: 0.0011550007939720626 1.3340268340760949e-06
total cost: -2.8258928525071636
singles alt: [(6, 0), (7, 1), (8, 0), (9, 1), (10, 0), (11, 1), (6, 2), (7, 3), (8, 2), (9, 3), (10, 2), (11, 3), (6, 4), (7, 5), (8, 4), (9, 5), (10, 4), (11, 5)]
length: 18 99
2*[T] vs T3fnT3: -0.0011550007870420587 0.0023100015810141213
Estimated difference between T3^fnT3 - (T2^WT3 + h.c.) is: 0.0011550007939720626 1.3340268340760949e-06
total cost: -2.8258928525075175
singles alt: [(6, 0), (7, 1), (8, 0), (9, 1), (10, 0), (11, 1), (6, 2), (7, 3), (8, 2), (9, 3), (10, 2), (11, 3), (6, 4), (7, 5), (8, 4), (9, 5), (10, 4), (11, 5)]
length: 18 99
2*[T] vs T3fnT3: -0.0011550007870420587 0.0023100015810141213
Estimated difference between T3^fnT3 - (T2^WT3 + h.c.) is: 0.0011550007939720626 1.3340268340760949e-06
total cost: -2.825892852506112
singles alt: [(6, 0), (7, 1), (8, 0), (9, 1), (10, 0), (11, 1), (6, 2), (7, 3), (8, 2), (9, 3), (10, 2), (11, 3), (6, 4), (7, 5), (8, 4), (9, 5), (10, 4), (11, 5)]
length: 18 99
2*[T] vs T3fnT3: -0.0011550007870420587 0.0023100015810141213
Estimated difference between T3^fnT3 - (T2^WT3 + h.c.) is: 0.0011550007939720626 1.3340268340760949e-06
total cost: -2.8258928525061138
singles alt: [(6, 0), (7, 1), (8, 0), (9, 1), (10, 0), (11, 1), (6, 2), (7, 3), (8, 2), (9, 3), (10, 2), (11, 3), (6, 4), (7, 5), (8, 4), (9, 5), (10, 4), (11, 5)]
callback: energy=-2.827047853300
singles alt: [(6, 0), (7, 1), (8, 0), (9, 1), (10, 0), (11, 1), (6, 2), (7, 3), (8, 2), (9, 3), (10, 2), (11, 3), (6, 4), (7, 5), (8, 4), (9, 5), (10, 4), (11, 5)]
length: 18 99
2*[T] vs T3fnT3: -0.0011550195305991588 0.002310039068128434
Estimated difference between T3^fnT3 - (T2^WT3 + h.c.) is: 0.0011550195375292754 1.3340701320743413e-06
total cost: -2.825893003994785
singles alt: [(6, 0), (7, 1), (8, 0), (9, 1), (10, 0), (11, 1), (6, 2), (7, 3), (8, 2), (9, 3), (10, 2), (11, 3), (6, 4), (7, 5), (8, 4), (9, 5), (10, 4), (11, 5)]
length: 18 99
2*[T] vs T3fnT3: -0.001155019533119456 0.0023100390731690297
Estimated difference between T3^fnT3 - (T2^WT3 + h.c.) is: 0.0011550195400495736 1.3340701378963286e-06
total cost: -2.8258930039940924
singles alt: [(6, 0), (7, 1), (8, 0), (9, 1), (10, 0), (11, 1), (6, 2), (7, 3), (8, 2), (9, 3), (10, 2), (11, 3), (6, 4), (7, 5), (8, 4), (9, 5), (10, 4), (11, 5)]
length: 18 99
2*[T] vs T3fnT3: -0.0011550195305985744 0.0023100390681272667
Estimated difference between T3^fnT3 - (T2^WT3 + h.c.) is: 0.0011550195375286923 1.3340701320729943e-06
total cost: -2.8258930039954753
singles alt: [(6, 0), (7, 1), (8, 0), (9, 1), (10, 0), (11, 1), (6, 2), (7, 3), (8, 2), (9, 3), (10, 2), (11, 3), (6, 4), (7, 5), (8, 4), (9, 5), (10, 4), (11, 5)]
length: 18 99
2*[T] vs T3fnT3: -0.0011550195298171068 0.0023100390665643294
Estimated difference between T3^fnT3 - (T2^WT3 + h.c.) is: 0.0011550195367472226 1.3340701302677686e-06
total cost: -2.825893003994531
singles alt: [(6, 0), (7, 1), (8, 0), (9, 1), (10, 0), (11, 1), (6, 2), (7, 3), (8, 2), (9, 3), (10, 2), (11, 3), (6, 4), (7, 5), (8, 4), (9, 5), (10, 4), (11, 5)]
length: 18 99
2*[T] vs T3fnT3: -0.0011550195305986032 0.002310039068127324
Estimated difference between T3^fnT3 - (T2^WT3 + h.c.) is: 0.0011550195375287207 1.33407013207306e-06
total cost: -2.825893003995435
singles alt: [(6, 0), (7, 1), (8, 0), (9, 1), (10, 0), (11, 1), (6, 2), (7, 3), (8, 2), (9, 3), (10, 2), (11, 3), (6, 4), (7, 5), (8, 4), (9, 5), (10, 4), (11, 5)]
length: 18 99
2*[T] vs T3fnT3: -0.0011550195354047249 0.002310039077739567
Estimated difference between T3^fnT3 - (T2^WT3 + h.c.) is: 0.001155019542334842 1.3340701431753878e-06
total cost: -2.8258930039947474
singles alt: [(6, 0), (7, 1), (8, 0), (9, 1), (10, 0), (11, 1), (6, 2), (7, 3), (8, 2), (9, 3), (10, 2), (11, 3), (6, 4), (7, 5), (8, 4), (9, 5), (10, 4), (11, 5)]
length: 18 99
2*[T] vs T3fnT3: -0.0011550195305999092 0.0023100390681299356
Estimated difference between T3^fnT3 - (T2^WT3 + h.c.) is: 0.0011550195375300263 1.3340701320760758e-06
total cost: -2.825893003994149
singles alt: [(6, 0), (7, 1), (8, 0), (9, 1), (10, 0), (11, 1), (6, 2), (7, 3), (8, 2), (9, 3), (10, 2), (11, 3), (6, 4), (7, 5), (8, 4), (9, 5), (10, 4), (11, 5)]
length: 18 99
2*[T] vs T3fnT3: -0.001155019529826699 0.002310039066583514
Estimated difference between T3^fnT3 - (T2^WT3 + h.c.) is: 0.0011550195367568152 1.3340701302899279e-06
total cost: -2.8258930039943877
singles alt: [(6, 0), (7, 1), (8, 0), (9, 1), (10, 0), (11, 1), (6, 2), (7, 3), (8, 2), (9, 3), (10, 2), (11, 3), (6, 4), (7, 5), (8, 4), (9, 5), (10, 4), (11, 5)]
length: 18 99
2*[T] vs T3fnT3: -0.0011550195305999142 0.0023100390681299455
Estimated difference between T3^fnT3 - (T2^WT3 + h.c.) is: 0.0011550195375300313 1.3340701320760874e-06
total cost: -2.825893003994165
singles alt: [(6, 0), (7, 1), (8, 0), (9, 1), (10, 0), (11, 1), (6, 2), (7, 3), (8, 2), (9, 3), (10, 2), (11, 3), (6, 4), (7, 5), (8, 4), (9, 5), (10, 4), (11, 5)]
length: 18 99
2*[T] vs T3fnT3: -0.0011550195371020843 0.0023100390811342858
Estimated difference between T3^fnT3 - (T2^WT3 + h.c.) is: 0.0011550195440322014 1.3340701470963545e-06
total cost: -2.82589300399641
singles alt: [(6, 0), (7, 1), (8, 0), (9, 1), (10, 0), (11, 1), (6, 2), (7, 3), (8, 2), (9, 3), (10, 2), (11, 3), (6, 4), (7, 5), (8, 4), (9, 5), (10, 4), (11, 5)]
length: 18 99
2*[T] vs T3fnT3: -0.0011550195305986956 0.0023100390681275074
Estimated difference between T3^fnT3 - (T2^WT3 + h.c.) is: 0.0011550195375288118 1.3340701320732702e-06
total cost: -2.8258930039953603
singles alt: [(6, 0), (7, 1), (8, 0), (9, 1), (10, 0), (11, 1), (6, 2), (7, 3), (8, 2), (9, 3), (10, 2), (11, 3), (6, 4), (7, 5), (8, 4), (9, 5), (10, 4), (11, 5)]
length: 18 99
2*[T] vs T3fnT3: -0.0011550195257204901 0.0023100390583710973
Estimated difference between T3^fnT3 - (T2^WT3 + h.c.) is: 0.0011550195326506072 1.334070120804427e-06
total cost: -2.8258930039927876
singles alt: [(6, 0), (7, 1), (8, 0), (9, 1), (10, 0), (11, 1), (6, 2), (7, 3), (8, 2), (9, 3), (10, 2), (11, 3), (6, 4), (7, 5), (8, 4), (9, 5), (10, 4), (11, 5)]
length: 18 99
2*[T] vs T3fnT3: -0.001155019530599146 0.002310039068128409
Estimated difference between T3^fnT3 - (T2^WT3 + h.c.) is: 0.001155019537529263 1.3340701320743127e-06
total cost: -2.825893003994543
singles alt: [(6, 0), (7, 1), (8, 0), (9, 1), (10, 0), (11, 1), (6, 2), (7, 3), (8, 2), (9, 3), (10, 2), (11, 3), (6, 4), (7, 5), (8, 4), (9, 5), (10, 4), (11, 5)]
length: 18 99
2*[T] vs T3fnT3: -0.0011550195302315023 0.0023100390673931217
Estimated difference between T3^fnT3 - (T2^WT3 + h.c.) is: 0.0011550195371616194 1.3340701312250414e-06
total cost: -2.82589300399478
singles alt: [(6, 0), (7, 1), (8, 0), (9, 1), (10, 0), (11, 1), (6, 2), (7, 3), (8, 2), (9, 3), (10, 2), (11, 3), (6, 4), (7, 5), (8, 4), (9, 5), (10, 4), (11, 5)]
length: 18 99
2*[T] vs T3fnT3: -0.0011550195305985052 0.002310039068127126
Estimated difference between T3^fnT3 - (T2^WT3 + h.c.) is: 0.001155019537528621 1.3340701320728295e-06
total cost: -2.8258930039955024
singles alt: [(6, 0), (7, 1), (8, 0), (9, 1), (10, 0), (11, 1), (6, 2), (7, 3), (8, 2), (9, 3), (10, 2), (11, 3), (6, 4), (7, 5), (8, 4), (9, 5), (10, 4), (11, 5)]
length: 18 99
2*[T] vs T3fnT3: -0.0011550195406419734 0.0023100390882140618
Estimated difference between T3^fnT3 - (T2^WT3 + h.c.) is: 0.0011550195475720883 1.3340701552736316e-06
total cost: -2.8258930039953007
singles alt: [(6, 0), (7, 1), (8, 0), (9, 1), (10, 0), (11, 1), (6, 2), (7, 3), (8, 2), (9, 3), (10, 2), (11, 3), (6, 4), (7, 5), (8, 4), (9, 5), (10, 4), (11, 5)]
length: 18 99
2*[T] vs T3fnT3: -0.0011550195305992652 0.002310039068128648
Estimated difference between T3^fnT3 - (T2^WT3 + h.c.) is: 0.0011550195375293827 1.3340701320745892e-06
total cost: -2.8258930039945773
singles alt: [(6, 0), (7, 1), (8, 0), (9, 1), (10, 0), (11, 1), (6, 2), (7, 3), (8, 2), (9, 3), (10, 2), (11, 3), (6, 4), (7, 5), (8, 4), (9, 5), (10, 4), (11, 5)]
length: 18 99
2*[T] vs T3fnT3: -0.0011550195349335085 0.0023100390767971345
Estimated difference between T3^fnT3 - (T2^WT3 + h.c.) is: 0.001155019541863626 1.3340701420868604e-06
total cost: -2.82589300399532
singles alt: [(6, 0), (7, 1), (8, 0), (9, 1), (10, 0), (11, 1), (6, 2), (7, 3), (8, 2), (9, 3), (10, 2), (11, 3), (6, 4), (7, 5), (8, 4), (9, 5), (10, 4), (11, 5)]
length: 18 99
2*[T] vs T3fnT3: -0.0011550195305987763 0.0023100390681276687
Estimated difference between T3^fnT3 - (T2^WT3 + h.c.) is: 0.0011550195375288925 1.3340701320734565e-06
total cost: -2.825893003995176
singles alt: [(6, 0), (7, 1), (8, 0), (9, 1), (10, 0), (11, 1), (6, 2), (7, 3), (8, 2), (9, 3), (10, 2), (11, 3), (6, 4), (7, 5), (8, 4), (9, 5), (10, 4), (11, 5)]
length: 18 99
2*[T] vs T3fnT3: -0.0011550195320996087 0.002310039071129334
Estimated difference between T3^fnT3 - (T2^WT3 + h.c.) is: 0.0011550195390297253 1.3340701355404393e-06
total cost: -2.8258930039958243
singles alt: [(6, 0), (7, 1), (8, 0), (9, 1), (10, 0), (11, 1), (6, 2), (7, 3), (8, 2), (9, 3), (10, 2), (11, 3), (6, 4), (7, 5), (8, 4), (9, 5), (10, 4), (11, 5)]
length: 18 99
2*[T] vs T3fnT3: -0.0011550195305992574 0.0023100390681286324
Estimated difference between T3^fnT3 - (T2^WT3 + h.c.) is: 0.001155019537529375 1.3340701320745712e-06
total cost: -2.8258930039946226
singles alt: [(6, 0), (7, 1), (8, 0), (9, 1), (10, 0), (11, 1), (6, 2), (7, 3), (8, 2), (9, 3), (10, 2), (11, 3), (6, 4), (7, 5), (8, 4), (9, 5), (10, 4), (11, 5)]
length: 18 99
2*[T] vs T3fnT3: -0.0011550195417225461 0.0023100390903752085
Estimated difference between T3^fnT3 - (T2^WT3 + h.c.) is: 0.0011550195486526623 1.3340701577697998e-06
total cost: -2.825893003993974
singles alt: [(6, 0), (7, 1), (8, 0), (9, 1), (10, 0), (11, 1), (6, 2), (7, 3), (8, 2), (9, 3), (10, 2), (11, 3), (6, 4), (7, 5), (8, 4), (9, 5), (10, 4), (11, 5)]
length: 18 99
2*[T] vs T3fnT3: -0.0011550195305996206 0.002310039068129357
Estimated difference between T3^fnT3 - (T2^WT3 + h.c.) is: 0.0011550195375297364 1.3340701320754062e-06
total cost: -2.8258930039946213
singles alt: [(6, 0), (7, 1), (8, 0), (9, 1), (10, 0), (11, 1), (6, 2), (7, 3), (8, 2), (9, 3), (10, 2), (11, 3), (6, 4), (7, 5), (8, 4), (9, 5), (10, 4), (11, 5)]
length: 18 99
2*[T] vs T3fnT3: -0.0011550195307233348 0.0023100390683767863
Estimated difference between T3^fnT3 - (T2^WT3 + h.c.) is: 0.0011550195376534515 1.3340701323611928e-06
total cost: -2.825893003995399
singles alt: [(6, 0), (7, 1), (8, 0), (9, 1), (10, 0), (11, 1), (6, 2), (7, 3), (8, 2), (9, 3), (10, 2), (11, 3), (6, 4), (7, 5), (8, 4), (9, 5), (10, 4), (11, 5)]
length: 18 99
2*[T] vs T3fnT3: -0.0011550195305988133 0.002310039068127743
Estimated difference between T3^fnT3 - (T2^WT3 + h.c.) is: 0.0011550195375289295 1.3340701320735423e-06
total cost: -2.8258930039948886
singles alt: [(6, 0), (7, 1), (8, 0), (9, 1), (10, 0), (11, 1), (6, 2), (7, 3), (8, 2), (9, 3), (10, 2), (11, 3), (6, 4), (7, 5), (8, 4), (9, 5), (10, 4), (11, 5)]
length: 18 99
2*[T] vs T3fnT3: -0.0011550195360113425 0.002310039078952801
Estimated difference between T3^fnT3 - (T2^WT3 + h.c.) is: 0.0011550195429414587 1.3340701445766962e-06
total cost: -2.8258930039938015
singles alt: [(6, 0), (7, 1), (8, 0), (9, 1), (10, 0), (11, 1), (6, 2), (7, 3), (8, 2), (9, 3), (10, 2), (11, 3), (6, 4), (7, 5), (8, 4), (9, 5), (10, 4), (11, 5)]
length: 18 99
2*[T] vs T3fnT3: -0.0011550195305990738 0.0023100390681282637
Estimated difference between T3^fnT3 - (T2^WT3 + h.c.) is: 0.00115501953752919 1.334070132074144e-06
total cost: -2.8258930039948944
singles alt: [(6, 0), (7, 1), (8, 0), (9, 1), (10, 0), (11, 1), (6, 2), (7, 3), (8, 2), (9, 3), (10, 2), (11, 3), (6, 4), (7, 5), (8, 4), (9, 5), (10, 4), (11, 5)]
length: 18 99
2*[T] vs T3fnT3: -0.0011550195288994676 0.0023100390647290527
Estimated difference between T3^fnT3 - (T2^WT3 + h.c.) is: 0.001155019535829585 1.3340701281479901e-06
total cost: -2.825893003995029
singles alt: [(6, 0), (7, 1), (8, 0), (9, 1), (10, 0), (11, 1), (6, 2), (7, 3), (8, 2), (9, 3), (10, 2), (11, 3), (6, 4), (7, 5), (8, 4), (9, 5), (10, 4), (11, 5)]
length: 18 99
2*[T] vs T3fnT3: -0.0011550195305988092 0.002310039068127735
Estimated difference between T3^fnT3 - (T2^WT3 + h.c.) is: 0.0011550195375289259 1.3340701320735338e-06
total cost: -2.825893003995215
singles alt: [(6, 0), (7, 1), (8, 0), (9, 1), (10, 0), (11, 1), (6, 2), (7, 3), (8, 2), (9, 3), (10, 2), (11, 3), (6, 4), (7, 5), (8, 4), (9, 5), (10, 4), (11, 5)]
length: 18 99
2*[T] vs T3fnT3: -0.0011550195303384383 0.002310039067606993
Estimated difference between T3^fnT3 - (T2^WT3 + h.c.) is: 0.001155019537268555 1.3340701314720667e-06
total cost: -2.8258930039950028
singles alt: [(6, 0), (7, 1), (8, 0), (9, 1), (10, 0), (11, 1), (6, 2), (7, 3), (8, 2), (9, 3), (10, 2), (11, 3), (6, 4), (7, 5), (8, 4), (9, 5), (10, 4), (11, 5)]
length: 18 99
2*[T] vs T3fnT3: -0.001155019530599289 0.0023100390681286952
Estimated difference between T3^fnT3 - (T2^WT3 + h.c.) is: 0.0011550195375294062 1.3340701320746432e-06
total cost: -2.8258930039945804
singles alt: [(6, 0), (7, 1), (8, 0), (9, 1), (10, 0), (11, 1), (6, 2), (7, 3), (8, 2), (9, 3), (10, 2), (11, 3), (6, 4), (7, 5), (8, 4), (9, 5), (10, 4), (11, 5)]
length: 18 99
2*[T] vs T3fnT3: -0.0011550195257978592 0.002310039058525836
Estimated difference between T3^fnT3 - (T2^WT3 + h.c.) is: 0.0011550195327279767 1.3340701209831538e-06
total cost: -2.825893003993673
singles alt: [(6, 0), (7, 1), (8, 0), (9, 1), (10, 0), (11, 1), (6, 2), (7, 3), (8, 2), (9, 3), (10, 2), (11, 3), (6, 4), (7, 5), (8, 4), (9, 5), (10, 4), (11, 5)]
length: 18 99
2*[T] vs T3fnT3: -0.0011550195305985726 0.0023100390681272615
Estimated difference between T3^fnT3 - (T2^WT3 + h.c.) is: 0.0011550195375286888 1.3340701320729862e-06
total cost: -2.825893003995405
singles alt: [(6, 0), (7, 1), (8, 0), (9, 1), (10, 0), (11, 1), (6, 2), (7, 3), (8, 2), (9, 3), (10, 2), (11, 3), (6, 4), (7, 5), (8, 4), (9, 5), (10, 4), (11, 5)]
length: 18 99
2*[T] vs T3fnT3: -0.0011550195351921642 0.0023100390773144455
Estimated difference between T3^fnT3 - (T2^WT3 + h.c.) is: 0.0011550195421222813 1.3340701426843643e-06
total cost: -2.8258930039951404
singles alt: [(6, 0), (7, 1), (8, 0), (9, 1), (10, 0), (11, 1), (6, 2), (7, 3), (8, 2), (9, 3), (10, 2), (11, 3), (6, 4), (7, 5), (8, 4), (9, 5), (10, 4), (11, 5)]
length: 18 99
2*[T] vs T3fnT3: -0.0011550195305992006 0.0023100390681285187
Estimated difference between T3^fnT3 - (T2^WT3 + h.c.) is: 0.0011550195375293181 1.33407013207444e-06
total cost: -2.825893003994539
singles alt: [(6, 0), (7, 1), (8, 0), (9, 1), (10, 0), (11, 1), (6, 2), (7, 3), (8, 2), (9, 3), (10, 2), (11, 3), (6, 4), (7, 5), (8, 4), (9, 5), (10, 4), (11, 5)]
length: 18 99
2*[T] vs T3fnT3: -0.0011550195410583758 0.002310039089046868
Estimated difference between T3^fnT3 - (T2^WT3 + h.c.) is: 0.001155019547988492 1.3340701562355404e-06
total cost: -2.825893003994376
singles alt: [(6, 0), (7, 1), (8, 0), (9, 1), (10, 0), (11, 1), (6, 2), (7, 3), (8, 2), (9, 3), (10, 2), (11, 3), (6, 4), (7, 5), (8, 4), (9, 5), (10, 4), (11, 5)]
length: 18 99
2*[T] vs T3fnT3: -0.0011550195305987784 0.0023100390681276744
Estimated difference between T3^fnT3 - (T2^WT3 + h.c.) is: 0.001155019537528896 1.3340701320734646e-06
total cost: -2.8258930039951573
singles alt: [(6, 0), (7, 1), (8, 0), (9, 1), (10, 0), (11, 1), (6, 2), (7, 3), (8, 2), (9, 3), (10, 2), (11, 3), (6, 4), (7, 5), (8, 4), (9, 5), (10, 4), (11, 5)]
length: 18 99
2*[T] vs T3fnT3: -0.001155019537912793 0.0023100390827557023
Estimated difference between T3^fnT3 - (T2^WT3 + h.c.) is: 0.0011550195448429093 1.3340701489691213e-06
total cost: -2.825893003993327
singles alt: [(6, 0), (7, 1), (8, 0), (9, 1), (10, 0), (11, 1), (6, 2), (7, 3), (8, 2), (9, 3), (10, 2), (11, 3), (6, 4), (7, 5), (8, 4), (9, 5), (10, 4), (11, 5)]
length: 18 99
2*[T] vs T3fnT3: -0.0011550195305988925 0.0023100390681279025
Estimated difference between T3^fnT3 - (T2^WT3 + h.c.) is: 0.00115501953752901 1.334070132073728e-06
total cost: -2.825893003995384
singles alt: [(6, 0), (7, 1), (8, 0), (9, 1), (10, 0), (11, 1), (6, 2), (7, 3), (8, 2), (9, 3), (10, 2), (11, 3), (6, 4), (7, 5), (8, 4), (9, 5), (10, 4), (11, 5)]
length: 18 99
2*[T] vs T3fnT3: -0.0011550195271892317 0.00231003906130858
Estimated difference between T3^fnT3 - (T2^WT3 + h.c.) is: 0.0011550195341193483 1.3340701241972764e-06
total cost: -2.8258930039940098
singles alt: [(6, 0), (7, 1), (8, 0), (9, 1), (10, 0), (11, 1), (6, 2), (7, 3), (8, 2), (9, 3), (10, 2), (11, 3), (6, 4), (7, 5), (8, 4), (9, 5), (10, 4), (11, 5)]
length: 18 99
2*[T] vs T3fnT3: -0.0011550195305988595 0.0023100390681278352
Estimated difference between T3^fnT3 - (T2^WT3 + h.c.) is: 0.0011550195375289757 1.334070132073649e-06
total cost: -2.8258930039953944
singles alt: [(6, 0), (7, 1), (8, 0), (9, 1), (10, 0), (11, 1), (6, 2), (7, 3), (8, 2), (9, 3), (10, 2), (11, 3), (6, 4), (7, 5), (8, 4), (9, 5), (10, 4), (11, 5)]
length: 18 99
2*[T] vs T3fnT3: -0.0011550195490728074 0.002310039105075732
Estimated difference between T3^fnT3 - (T2^WT3 + h.c.) is: 0.0011550195560029244 1.3340701747491927e-06
total cost: -2.825893003993604
singles alt: [(6, 0), (7, 1), (8, 0), (9, 1), (10, 0), (11, 1), (6, 2), (7, 3), (8, 2), (9, 3), (10, 2), (11, 3), (6, 4), (7, 5), (8, 4), (9, 5), (10, 4), (11, 5)]
length: 18 99
2*[T] vs T3fnT3: -0.0011550195305996248 0.0023100390681293653
Estimated difference between T3^fnT3 - (T2^WT3 + h.c.) is: 0.0011550195375297405 1.3340701320754157e-06
total cost: -2.8258930039941923
singles alt: [(6, 0), (7, 1), (8, 0), (9, 1), (10, 0), (11, 1), (6, 2), (7, 3), (8, 2), (9, 3), (10, 2), (11, 3), (6, 4), (7, 5), (8, 4), (9, 5), (10, 4), (11, 5)]
length: 18 99
2*[T] vs T3fnT3: -0.001155019527392071 0.002310039061714259
Estimated difference between T3^fnT3 - (T2^WT3 + h.c.) is: 0.001155019534322188 1.334070124665844e-06
total cost: -2.8258930039940875
singles alt: [(6, 0), (7, 1), (8, 0), (9, 1), (10, 0), (11, 1), (6, 2), (7, 3), (8, 2), (9, 3), (10, 2), (11, 3), (6, 4), (7, 5), (8, 4), (9, 5), (10, 4), (11, 5)]
length: 18 99
2*[T] vs T3fnT3: -0.0011550195305996438 0.0023100390681294056
Estimated difference between T3^fnT3 - (T2^WT3 + h.c.) is: 0.0011550195375297618 1.3340701320754648e-06
total cost: -2.8258930039941914
singles alt: [(6, 0), (7, 1), (8, 0), (9, 1), (10, 0), (11, 1), (6, 2), (7, 3), (8, 2), (9, 3), (10, 2), (11, 3), (6, 4), (7, 5), (8, 4), (9, 5), (10, 4), (11, 5)]
length: 18 99
2*[T] vs T3fnT3: -0.0011550195297309605 0.002310039066392038
Estimated difference between T3^fnT3 - (T2^WT3 + h.c.) is: 0.0011550195366610775 1.33407013006877e-06
total cost: -2.8258930039951933
singles alt: [(6, 0), (7, 1), (8, 0), (9, 1), (10, 0), (11, 1), (6, 2), (7, 3), (8, 2), (9, 3), (10, 2), (11, 3), (6, 4), (7, 5), (8, 4), (9, 5), (10, 4), (11, 5)]
length: 18 99
2*[T] vs T3fnT3: -0.0011550195305992494 0.0023100390681286163
Estimated difference between T3^fnT3 - (T2^WT3 + h.c.) is: 0.001155019537529367 1.3340701320745526e-06
total cost: -2.825893003994517
singles alt: [(6, 0), (7, 1), (8, 0), (9, 1), (10, 0), (11, 1), (6, 2), (7, 3), (8, 2), (9, 3), (10, 2), (11, 3), (6, 4), (7, 5), (8, 4), (9, 5), (10, 4), (11, 5)]
length: 18 99
2*[T] vs T3fnT3: -0.0011550195335682989 0.002310039074066715
Estimated difference between T3^fnT3 - (T2^WT3 + h.c.) is: 0.001155019540498416 1.334070138933172e-06
total cost: -2.8258930039948593
singles alt: [(6, 0), (7, 1), (8, 0), (9, 1), (10, 0), (11, 1), (6, 2), (7, 3), (8, 2), (9, 3), (10, 2), (11, 3), (6, 4), (7, 5), (8, 4), (9, 5), (10, 4), (11, 5)]
length: 18 99
2*[T] vs T3fnT3: -0.0011550195305989163 0.002310039068127949
Estimated difference between T3^fnT3 - (T2^WT3 + h.c.) is: 0.0011550195375290325 1.33407013207378e-06
total cost: -2.8258930039948944
singles alt: [(6, 0), (7, 1), (8, 0), (9, 1), (10, 0), (11, 1), (6, 2), (7, 3), (8, 2), (9, 3), (10, 2), (11, 3), (6, 4), (7, 5), (8, 4), (9, 5), (10, 4), (11, 5)]
length: 18 99
2*[T] vs T3fnT3: -0.0011550195368737113 0.0023100390806775396
Estimated difference between T3^fnT3 - (T2^WT3 + h.c.) is: 0.0011550195438038283 1.3340701465688038e-06
total cost: -2.8258930039952497
singles alt: [(6, 0), (7, 1), (8, 0), (9, 1), (10, 0), (11, 1), (6, 2), (7, 3), (8, 2), (9, 3), (10, 2), (11, 3), (6, 4), (7, 5), (8, 4), (9, 5), (10, 4), (11, 5)]
length: 18 99
2*[T] vs T3fnT3: -0.0011550195305996256 0.002310039068129369
Estimated difference between T3^fnT3 - (T2^WT3 + h.c.) is: 0.0011550195375297436 1.3340701320754227e-06
total cost: -2.8258930039943824
singles alt: [(6, 0), (7, 1), (8, 0), (9, 1), (10, 0), (11, 1), (6, 2), (7, 3), (8, 2), (9, 3), (10, 2), (11, 3), (6, 4), (7, 5), (8, 4), (9, 5), (10, 4), (11, 5)]
length: 18 99
2*[T] vs T3fnT3: -0.001155019527231616 0.002310039061393348
Estimated difference between T3^fnT3 - (T2^WT3 + h.c.) is: 0.0011550195341617322 1.3340701242951847e-06
total cost: -2.825893003994512
singles alt: [(6, 0), (7, 1), (8, 0), (9, 1), (10, 0), (11, 1), (6, 2), (7, 3), (8, 2), (9, 3), (10, 2), (11, 3), (6, 4), (7, 5), (8, 4), (9, 5), (10, 4), (11, 5)]
length: 18 99
2*[T] vs T3fnT3: -0.001155019530599376 0.002310039068128869
Estimated difference between T3^fnT3 - (T2^WT3 + h.c.) is: 0.001155019537529493 1.3340701320748442e-06
total cost: -2.825893003994881
singles alt: [(6, 0), (7, 1), (8, 0), (9, 1), (10, 0), (11, 1), (6, 2), (7, 3), (8, 2), (9, 3), (10, 2), (11, 3), (6, 4), (7, 5), (8, 4), (9, 5), (10, 4), (11, 5)]
length: 18 99
2*[T] vs T3fnT3: -0.0011550195290367968 0.0023100390650037106
Estimated difference between T3^fnT3 - (T2^WT3 + h.c.) is: 0.0011550195359669138 1.334070128465225e-06
total cost: -2.825893003996193
singles alt: [(6, 0), (7, 1), (8, 0), (9, 1), (10, 0), (11, 1), (6, 2), (7, 3), (8, 2), (9, 3), (10, 2), (11, 3), (6, 4), (7, 5), (8, 4), (9, 5), (10, 4), (11, 5)]
length: 18 99
2*[T] vs T3fnT3: -0.001155019530599805 0.0023100390681297274
Estimated difference between T3^fnT3 - (T2^WT3 + h.c.) is: 0.0011550195375299225 1.3340701320758358e-06
total cost: -2.8258930039944334
singles alt: [(6, 0), (7, 1), (8, 0), (9, 1), (10, 0), (11, 1), (6, 2), (7, 3), (8, 2), (9, 3), (10, 2), (11, 3), (6, 4), (7, 5), (8, 4), (9, 5), (10, 4), (11, 5)]
length: 18 99
2*[T] vs T3fnT3: -0.0011550195317486726 0.0023100390704274614
Estimated difference between T3^fnT3 - (T2^WT3 + h.c.) is: 0.0011550195386787888 1.3340701347297622e-06
total cost: -2.825893003994751
singles alt: [(6, 0), (7, 1), (8, 0), (9, 1), (10, 0), (11, 1), (6, 2), (7, 3), (8, 2), (9, 3), (10, 2), (11, 3), (6, 4), (7, 5), (8, 4), (9, 5), (10, 4), (11, 5)]
length: 18 99
2*[T] vs T3fnT3: -0.0011550195305995803 0.002310039068129277
Estimated difference between T3^fnT3 - (T2^WT3 + h.c.) is: 0.0011550195375296965 1.334070132075314e-06
total cost: -2.8258930039947563
singles alt: [(6, 0), (7, 1), (8, 0), (9, 1), (10, 0), (11, 1), (6, 2), (7, 3), (8, 2), (9, 3), (10, 2), (11, 3), (6, 4), (7, 5), (8, 4), (9, 5), (10, 4), (11, 5)]
length: 18 99
2*[T] vs T3fnT3: -0.0011550195364793835 0.0023100390798888835
Estimated difference between T3^fnT3 - (T2^WT3 + h.c.) is: 0.0011550195434095 1.3340701456578901e-06
total cost: -2.82589300399374
singles alt: [(6, 0), (7, 1), (8, 0), (9, 1), (10, 0), (11, 1), (6, 2), (7, 3), (8, 2), (9, 3), (10, 2), (11, 3), (6, 4), (7, 5), (8, 4), (9, 5), (10, 4), (11, 5)]
length: 18 99
2*[T] vs T3fnT3: -0.0011550195305992154 0.002310039068128548
Estimated difference between T3^fnT3 - (T2^WT3 + h.c.) is: 0.0011550195375293324 1.334070132074473e-06
total cost: -2.8258930039947123
singles alt: [(6, 0), (7, 1), (8, 0), (9, 1), (10, 0), (11, 1), (6, 2), (7, 3), (8, 2), (9, 3), (10, 2), (11, 3), (6, 4), (7, 5), (8, 4), (9, 5), (10, 4), (11, 5)]
length: 18 99
2*[T] vs T3fnT3: -0.0011550195307339442 0.002310039068398005
Estimated difference between T3^fnT3 - (T2^WT3 + h.c.) is: 0.0011550195376640608 1.3340701323857008e-06
total cost: -2.8258930039948433
singles alt: [(6, 0), (7, 1), (8, 0), (9, 1), (10, 0), (11, 1), (6, 2), (7, 3), (8, 2), (9, 3), (10, 2), (11, 3), (6, 4), (7, 5), (8, 4), (9, 5), (10, 4), (11, 5)]
length: 18 99
2*[T] vs T3fnT3: -0.0011550195305990998 0.002310039068128317
Estimated difference between T3^fnT3 - (T2^WT3 + h.c.) is: 0.0011550195375292173 1.334070132074207e-06
total cost: -2.8258930039948784
singles alt: [(6, 0), (7, 1), (8, 0), (9, 1), (10, 0), (11, 1), (6, 2), (7, 3), (8, 2), (9, 3), (10, 2), (11, 3), (6, 4), (7, 5), (8, 4), (9, 5), (10, 4), (11, 5)]
length: 18 99
2*[T] vs T3fnT3: -0.0011550195416980393 0.002310039090326195
Estimated difference between T3^fnT3 - (T2^WT3 + h.c.) is: 0.001155019548628156 1.334070157713189e-06
total cost: -2.8258930039948424
singles alt: [(6, 0), (7, 1), (8, 0), (9, 1), (10, 0), (11, 1), (6, 2), (7, 3), (8, 2), (9, 3), (10, 2), (11, 3), (6, 4), (7, 5), (8, 4), (9, 5), (10, 4), (11, 5)]
length: 18 99
2*[T] vs T3fnT3: -0.0011550195305988049 0.002310039068127726
Estimated difference between T3^fnT3 - (T2^WT3 + h.c.) is: 0.001155019537528921 1.3340701320735228e-06
total cost: -2.825893003994905
singles alt: [(6, 0), (7, 1), (8, 0), (9, 1), (10, 0), (11, 1), (6, 2), (7, 3), (8, 2), (9, 3), (10, 2), (11, 3), (6, 4), (7, 5), (8, 4), (9, 5), (10, 4), (11, 5)]
length: 18 99
2*[T] vs T3fnT3: -0.0011550195289972412 0.0023100390649245994
Estimated difference between T3^fnT3 - (T2^WT3 + h.c.) is: 0.0011550195359273582 1.33407012837385e-06
total cost: -2.8258930039960095
singles alt: [(6, 0), (7, 1), (8, 0), (9, 1), (10, 0), (11, 1), (6, 2), (7, 3), (8, 2), (9, 3), (10, 2), (11, 3), (6, 4), (7, 5), (8, 4), (9, 5), (10, 4), (11, 5)]
length: 18 99
2*[T] vs T3fnT3: -0.0011550195305991954 0.002310039068128508
Estimated difference between T3^fnT3 - (T2^WT3 + h.c.) is: 0.0011550195375293125 1.3340701320744268e-06
total cost: -2.8258930039945587
singles alt: [(6, 0), (7, 1), (8, 0), (9, 1), (10, 0), (11, 1), (6, 2), (7, 3), (8, 2), (9, 3), (10, 2), (11, 3), (6, 4), (7, 5), (8, 4), (9, 5), (10, 4), (11, 5)]
length: 18 99
2*[T] vs T3fnT3: -0.0011550195367444468 0.002310039080419011
Estimated difference between T3^fnT3 - (T2^WT3 + h.c.) is: 0.0011550195436745643 1.3340701462701988e-06
total cost: -2.8258930039951724
singles alt: [(6, 0), (7, 1), (8, 0), (9, 1), (10, 0), (11, 1), (6, 2), (7, 3), (8, 2), (9, 3), (10, 2), (11, 3), (6, 4), (7, 5), (8, 4), (9, 5), (10, 4), (11, 5)]
length: 18 99
2*[T] vs T3fnT3: -0.0011550195305993908 0.002310039068128898
Estimated difference between T3^fnT3 - (T2^WT3 + h.c.) is: 0.0011550195375295074 1.3340701320748772e-06
total cost: -2.825893003994859
singles alt: [(6, 0), (7, 1), (8, 0), (9, 1), (10, 0), (11, 1), (6, 2), (7, 3), (8, 2), (9, 3), (10, 2), (11, 3), (6, 4), (7, 5), (8, 4), (9, 5), (10, 4), (11, 5)]
length: 18 99
2*[T] vs T3fnT3: -0.0011550195334756577 0.002310039073881433
Estimated difference between T3^fnT3 - (T2^WT3 + h.c.) is: 0.0011550195404057752 1.3340701387191682e-06
total cost: -2.825893003995191
singles alt: [(6, 0), (7, 1), (8, 0), (9, 1), (10, 0), (11, 1), (6, 2), (7, 3), (8, 2), (9, 3), (10, 2), (11, 3), (6, 4), (7, 5), (8, 4), (9, 5), (10, 4), (11, 5)]
length: 18 99
2*[T] vs T3fnT3: -0.0011550195305995879 0.0023100390681292937
Estimated difference between T3^fnT3 - (T2^WT3 + h.c.) is: 0.0011550195375297058 1.3340701320753355e-06
total cost: -2.8258930039944308
singles alt: [(6, 0), (7, 1), (8, 0), (9, 1), (10, 0), (11, 1), (6, 2), (7, 3), (8, 2), (9, 3), (10, 2), (11, 3), (6, 4), (7, 5), (8, 4), (9, 5), (10, 4), (11, 5)]
length: 18 99
2*[T] vs T3fnT3: -0.0011550195288940852 0.002310039064718288
Estimated difference between T3^fnT3 - (T2^WT3 + h.c.) is: 0.0011550195358242027 1.3340701281355565e-06
total cost: -2.8258930039967676
singles alt: [(6, 0), (7, 1), (8, 0), (9, 1), (10, 0), (11, 1), (6, 2), (7, 3), (8, 2), (9, 3), (10, 2), (11, 3), (6, 4), (7, 5), (8, 4), (9, 5), (10, 4), (11, 5)]
length: 18 99
2*[T] vs T3fnT3: -0.0011550195305989452 0.0023100390681280066
Estimated difference between T3^fnT3 - (T2^WT3 + h.c.) is: 0.0011550195375290614 1.3340701320738468e-06
total cost: -2.825893003994865
singles alt: [(6, 0), (7, 1), (8, 0), (9, 1), (10, 0), (11, 1), (6, 2), (7, 3), (8, 2), (9, 3), (10, 2), (11, 3), (6, 4), (7, 5), (8, 4), (9, 5), (10, 4), (11, 5)]
length: 18 99
2*[T] vs T3fnT3: -0.001155019527190471 0.002310039061311057
Estimated difference between T3^fnT3 - (T2^WT3 + h.c.) is: 0.0011550195341205863 1.3340701242001362e-06
total cost: -2.8258930039946897
singles alt: [(6, 0), (7, 1), (8, 0), (9, 1), (10, 0), (11, 1), (6, 2), (7, 3), (8, 2), (9, 3), (10, 2), (11, 3), (6, 4), (7, 5), (8, 4), (9, 5), (10, 4), (11, 5)]
length: 18 99
2*[T] vs T3fnT3: -0.0011550195305997824 0.002310039068129681
Estimated difference between T3^fnT3 - (T2^WT3 + h.c.) is: 0.0011550195375298986 1.3340701320757808e-06
total cost: -2.8258930039944485
singles alt: [(6, 0), (7, 1), (8, 0), (9, 1), (10, 0), (11, 1), (6, 2), (7, 3), (8, 2), (9, 3), (10, 2), (11, 3), (6, 4), (7, 5), (8, 4), (9, 5), (10, 4), (11, 5)]
length: 18 99
2*[T] vs T3fnT3: -0.0011550195382462765 0.0023100390834226697
Estimated difference between T3^fnT3 - (T2^WT3 + h.c.) is: 0.0011550195451763931 1.334070149739482e-06
total cost: -2.825893003995243
singles alt: [(6, 0), (7, 1), (8, 0), (9, 1), (10, 0), (11, 1), (6, 2), (7, 3), (8, 2), (9, 3), (10, 2), (11, 3), (6, 4), (7, 5), (8, 4), (9, 5), (10, 4), (11, 5)]
length: 18 99
2*[T] vs T3fnT3: -0.0011550195305986791 0.002310039068127476
Estimated difference between T3^fnT3 - (T2^WT3 + h.c.) is: 0.001155019537528797 1.3340701320732363e-06
total cost: -2.825893003995069
singles alt: [(6, 0), (7, 1), (8, 0), (9, 1), (10, 0), (11, 1), (6, 2), (7, 3), (8, 2), (9, 3), (10, 2), (11, 3), (6, 4), (7, 5), (8, 4), (9, 5), (10, 4), (11, 5)]
length: 18 99
2*[T] vs T3fnT3: -0.0011550195288788216 0.00231003906468776
Estimated difference between T3^fnT3 - (T2^WT3 + h.c.) is: 0.0011550195358089386 1.334070128100296e-06
total cost: -2.8258930039949846
singles alt: [(6, 0), (7, 1), (8, 0), (9, 1), (10, 0), (11, 1), (6, 2), (7, 3), (8, 2), (9, 3), (10, 2), (11, 3), (6, 4), (7, 5), (8, 4), (9, 5), (10, 4), (11, 5)]
length: 18 99
2*[T] vs T3fnT3: -0.0011550195305986709 0.002310039068127459
Estimated difference between T3^fnT3 - (T2^WT3 + h.c.) is: 0.001155019537528788 1.3340701320732151e-06
total cost: -2.82589300399507
singles alt: [(6, 0), (7, 1), (8, 0), (9, 1), (10, 0), (11, 1), (6, 2), (7, 3), (8, 2), (9, 3), (10, 2), (11, 3), (6, 4), (7, 5), (8, 4), (9, 5), (10, 4), (11, 5)]
length: 18 99
2*[T] vs T3fnT3: -0.001155019543804479 0.0023100390945390748
Estimated difference between T3^fnT3 - (T2^WT3 + h.c.) is: 0.0011550195507345957 1.3340701625791474e-06
total cost: -2.8258930039956884
singles alt: [(6, 0), (7, 1), (8, 0), (9, 1), (10, 0), (11, 1), (6, 2), (7, 3), (8, 2), (9, 3), (10, 2), (11, 3), (6, 4), (7, 5), (8, 4), (9, 5), (10, 4), (11, 5)]
length: 18 99
2*[T] vs T3fnT3: -0.0011550195305999377 0.0023100390681299915
Estimated difference between T3^fnT3 - (T2^WT3 + h.c.) is: 0.0011550195375300539 1.3340701320761395e-06
total cost: -2.825893003994445
singles alt: [(6, 0), (7, 1), (8, 0), (9, 1), (10, 0), (11, 1), (6, 2), (7, 3), (8, 2), (9, 3), (10, 2), (11, 3), (6, 4), (7, 5), (8, 4), (9, 5), (10, 4), (11, 5)]
length: 18 99
2*[T] vs T3fnT3: -0.0011550195290616562 0.002310039065053429
Estimated difference between T3^fnT3 - (T2^WT3 + h.c.) is: 0.0011550195359917729 1.3340701285226502e-06
total cost: -2.8258930039943206
singles alt: [(6, 0), (7, 1), (8, 0), (9, 1), (10, 0), (11, 1), (6, 2), (7, 3), (8, 2), (9, 3), (10, 2), (11, 3), (6, 4), (7, 5), (8, 4), (9, 5), (10, 4), (11, 5)]
length: 18 99
2*[T] vs T3fnT3: -0.0011550195305999448 0.002310039068130007
Estimated difference between T3^fnT3 - (T2^WT3 + h.c.) is: 0.0011550195375300623 1.334070132076159e-06
total cost: -2.8258930039944428
singles alt: [(6, 0), (7, 1), (8, 0), (9, 1), (10, 0), (11, 1), (6, 2), (7, 3), (8, 2), (9, 3), (10, 2), (11, 3), (6, 4), (7, 5), (8, 4), (9, 5), (10, 4), (11, 5)]
length: 18 99
2*[T] vs T3fnT3: -0.0011550195341159335 0.002310039075161984
Estimated difference between T3^fnT3 - (T2^WT3 + h.c.) is: 0.0011550195410460506 1.3340701401982294e-06
total cost: -2.825893003994338
singles alt: [(6, 0), (7, 1), (8, 0), (9, 1), (10, 0), (11, 1), (6, 2), (7, 3), (8, 2), (9, 3), (10, 2), (11, 3), (6, 4), (7, 5), (8, 4), (9, 5), (10, 4), (11, 5)]
length: 18 99
2*[T] vs T3fnT3: -0.0011550195294954579 0.0023100390659210324
Estimated difference between T3^fnT3 - (T2^WT3 + h.c.) is: 0.0011550195364255745 1.334070129524749e-06
total cost: -2.8258930039953025
singles alt: [(6, 0), (7, 1), (8, 0), (9, 1), (10, 0), (11, 1), (6, 2), (7, 3), (8, 2), (9, 3), (10, 2), (11, 3), (6, 4), (7, 5), (8, 4), (9, 5), (10, 4), (11, 5)]
length: 18 99
2*[T] vs T3fnT3: -0.001155019529344921 0.0023100390656199594
Estimated difference between T3^fnT3 - (T2^WT3 + h.c.) is: 0.0011550195362750384 1.334070129177005e-06
total cost: -2.825893003995223
singles alt: [(6, 0), (7, 1), (8, 0), (9, 1), (10, 0), (11, 1), (6, 2), (7, 3), (8, 2), (9, 3), (10, 2), (11, 3), (6, 4), (7, 5), (8, 4), (9, 5), (10, 4), (11, 5)]
length: 18 99
2*[T] vs T3fnT3: -0.0011550195305990096 0.0023100390681281362
Estimated difference between T3^fnT3 - (T2^WT3 + h.c.) is: 0.0011550195375291266 1.3340701320739976e-06
total cost: -2.825893003994786
singles alt: [(6, 0), (7, 1), (8, 0), (9, 1), (10, 0), (11, 1), (6, 2), (7, 3), (8, 2), (9, 3), (10, 2), (11, 3), (6, 4), (7, 5), (8, 4), (9, 5), (10, 4), (11, 5)]
length: 18 99
2*[T] vs T3fnT3: -0.0011550195305989634 0.002310039068128044
Estimated difference between T3^fnT3 - (T2^WT3 + h.c.) is: 0.0011550195375290805 1.3340701320738908e-06
total cost: -2.8258930039947825
singles alt: [(6, 0), (7, 1), (8, 0), (9, 1), (10, 0), (11, 1), (6, 2), (7, 3), (8, 2), (9, 3), (10, 2), (11, 3), (6, 4), (7, 5), (8, 4), (9, 5), (10, 4), (11, 5)]
length: 18 99
2*[T] vs T3fnT3: -0.0011550195276615772 0.0023100390622532727
Estimated difference between T3^fnT3 - (T2^WT3 + h.c.) is: 0.0011550195345916955 1.3340701252884168e-06
total cost: -2.8258930039952563
singles alt: [(6, 0), (7, 1), (8, 0), (9, 1), (10, 0), (11, 1), (6, 2), (7, 3), (8, 2), (9, 3), (10, 2), (11, 3), (6, 4), (7, 5), (8, 4), (9, 5), (10, 4), (11, 5)]
length: 18 99
2*[T] vs T3fnT3: -0.0011550195275601182 0.0023100390620503525
Estimated difference between T3^fnT3 - (T2^WT3 + h.c.) is: 0.0011550195344902344 1.3340701250540377e-06
total cost: -2.8258930039954797
singles alt: [(6, 0), (7, 1), (8, 0), (9, 1), (10, 0), (11, 1), (6, 2), (7, 3), (8, 2), (9, 3), (10, 2), (11, 3), (6, 4), (7, 5), (8, 4), (9, 5), (10, 4), (11, 5)]
length: 18 99
2*[T] vs T3fnT3: -0.0011550195305990885 0.0023100390681282936
Estimated difference between T3^fnT3 - (T2^WT3 + h.c.) is: 0.0011550195375292051 1.3340701320741788e-06
total cost: -2.82589300399478
singles alt: [(6, 0), (7, 1), (8, 0), (9, 1), (10, 0), (11, 1), (6, 2), (7, 3), (8, 2), (9, 3), (10, 2), (11, 3), (6, 4), (7, 5), (8, 4), (9, 5), (10, 4), (11, 5)]
length: 18 99
2*[T] vs T3fnT3: -0.0011550195305991102 0.002310039068128337
Estimated difference between T3^fnT3 - (T2^WT3 + h.c.) is: 0.0011550195375292268 1.334070132074229e-06
total cost: -2.8258930039947776
singles alt: [(6, 0), (7, 1), (8, 0), (9, 1), (10, 0), (11, 1), (6, 2), (7, 3), (8, 2), (9, 3), (10, 2), (11, 3), (6, 4), (7, 5), (8, 4), (9, 5), (10, 4), (11, 5)]
length: 18 99
2*[T] vs T3fnT3: -0.001155019536188677 0.0023100390793074706
Estimated difference between T3^fnT3 - (T2^WT3 + h.c.) is: 0.0011550195431187936 1.3340701449863468e-06
total cost: -2.825893003995455
singles alt: [(6, 0), (7, 1), (8, 0), (9, 1), (10, 0), (11, 1), (6, 2), (7, 3), (8, 2), (9, 3), (10, 2), (11, 3), (6, 4), (7, 5), (8, 4), (9, 5), (10, 4), (11, 5)]
length: 18 99
2*[T] vs T3fnT3: -0.0011550195361123494 0.002310039079154816
Estimated difference between T3^fnT3 - (T2^WT3 + h.c.) is: 0.0011550195430424664 1.334070144810028e-06
total cost: -2.825893003995307
singles alt: [(6, 0), (7, 1), (8, 0), (9, 1), (10, 0), (11, 1), (6, 2), (7, 3), (8, 2), (9, 3), (10, 2), (11, 3), (6, 4), (7, 5), (8, 4), (9, 5), (10, 4), (11, 5)]
length: 18 99
2*[T] vs T3fnT3: -0.0011550195305987765 0.002310039068127669
Estimated difference between T3^fnT3 - (T2^WT3 + h.c.) is: 0.0011550195375288927 1.3340701320734572e-06
total cost: -2.8258930039947834
singles alt: [(6, 0), (7, 1), (8, 0), (9, 1), (10, 0), (11, 1), (6, 2), (7, 3), (8, 2), (9, 3), (10, 2), (11, 3), (6, 4), (7, 5), (8, 4), (9, 5), (10, 4), (11, 5)]
length: 18 99
2*[T] vs T3fnT3: -0.001155019530598787 0.002310039068127691
Estimated difference between T3^fnT3 - (T2^WT3 + h.c.) is: 0.0011550195375289037 1.3340701320734826e-06
total cost: -2.825893003994789
singles alt: [(6, 0), (7, 1), (8, 0), (9, 1), (10, 0), (11, 1), (6, 2), (7, 3), (8, 2), (9, 3), (10, 2), (11, 3), (6, 4), (7, 5), (8, 4), (9, 5), (10, 4), (11, 5)]
length: 18 99
2*[T] vs T3fnT3: -0.0011550195334828553 0.002310039073895828
Estimated difference between T3^fnT3 - (T2^WT3 + h.c.) is: 0.0011550195404129728 1.3340701387357948e-06
total cost: -2.825893003995514
singles alt: [(6, 0), (7, 1), (8, 0), (9, 1), (10, 0), (11, 1), (6, 2), (7, 3), (8, 2), (9, 3), (10, 2), (11, 3), (6, 4), (7, 5), (8, 4), (9, 5), (10, 4), (11, 5)]
length: 18 99
2*[T] vs T3fnT3: -0.0011550195332574124 0.0023100390734449427
Estimated difference between T3^fnT3 - (T2^WT3 + h.c.) is: 0.0011550195401875303 1.334070138215014e-06
total cost: -2.8258930039954353
singles alt: [(6, 0), (7, 1), (8, 0), (9, 1), (10, 0), (11, 1), (6, 2), (7, 3), (8, 2), (9, 3), (10, 2), (11, 3), (6, 4), (7, 5), (8, 4), (9, 5), (10, 4), (11, 5)]
length: 18 99
2*[T] vs T3fnT3: -0.001155019530598841 0.002310039068127798
Estimated difference between T3^fnT3 - (T2^WT3 + h.c.) is: 0.0011550195375289569 1.3340701320736054e-06
total cost: -2.8258930039947834
singles alt: [(6, 0), (7, 1), (8, 0), (9, 1), (10, 0), (11, 1), (6, 2), (7, 3), (8, 2), (9, 3), (10, 2), (11, 3), (6, 4), (7, 5), (8, 4), (9, 5), (10, 4), (11, 5)]
length: 18 99
2*[T] vs T3fnT3: -0.0011550195305988595 0.002310039068127836
Estimated difference between T3^fnT3 - (T2^WT3 + h.c.) is: 0.0011550195375289766 1.334070132073651e-06
total cost: -2.8258930039947883
singles alt: [(6, 0), (7, 1), (8, 0), (9, 1), (10, 0), (11, 1), (6, 2), (7, 3), (8, 2), (9, 3), (10, 2), (11, 3), (6, 4), (7, 5), (8, 4), (9, 5), (10, 4), (11, 5)]
length: 18 99
2*[T] vs T3fnT3: -0.001155019532134216 0.0023100390711985486
Estimated difference between T3^fnT3 - (T2^WT3 + h.c.) is: 0.0011550195390643326 1.3340701356203835e-06
total cost: -2.8258930039951355
singles alt: [(6, 0), (7, 1), (8, 0), (9, 1), (10, 0), (11, 1), (6, 2), (7, 3), (8, 2), (9, 3), (10, 2), (11, 3), (6, 4), (7, 5), (8, 4), (9, 5), (10, 4), (11, 5)]
length: 18 99
2*[T] vs T3fnT3: -0.001155019532092928 0.0023100390711159728
Estimated difference between T3^fnT3 - (T2^WT3 + h.c.) is: 0.0011550195390230447 1.3340701355250067e-06
total cost: -2.8258930039950916
singles alt: [(6, 0), (7, 1), (8, 0), (9, 1), (10, 0), (11, 1), (6, 2), (7, 3), (8, 2), (9, 3), (10, 2), (11, 3), (6, 4), (7, 5), (8, 4), (9, 5), (10, 4), (11, 5)]
length: 18 99
2*[T] vs T3fnT3: -0.0011550195305991588 0.002310039068128434
Estimated difference between T3^fnT3 - (T2^WT3 + h.c.) is: 0.0011550195375292754 1.3340701320743413e-06
total cost: -2.825893003994779
singles alt: [(6, 0), (7, 1), (8, 0), (9, 1), (10, 0), (11, 1), (6, 2), (7, 3), (8, 2), (9, 3), (10, 2), (11, 3), (6, 4), (7, 5), (8, 4), (9, 5), (10, 4), (11, 5)]
length: 18 99
2*[T] vs T3fnT3: -0.0011550195305991588 0.002310039068128434
Estimated difference between T3^fnT3 - (T2^WT3 + h.c.) is: 0.0011550195375292754 1.3340701320743413e-06
total cost: -2.8258930039947767
singles alt: [(6, 0), (7, 1), (8, 0), (9, 1), (10, 0), (11, 1), (6, 2), (7, 3), (8, 2), (9, 3), (10, 2), (11, 3), (6, 4), (7, 5), (8, 4), (9, 5), (10, 4), (11, 5)]
length: 18 99
2*[T] vs T3fnT3: -0.0011550195305991588 0.002310039068128434
Estimated difference between T3^fnT3 - (T2^WT3 + h.c.) is: 0.0011550195375292754 1.3340701320743413e-06
total cost: -2.825893003993566
singles alt: [(6, 0), (7, 1), (8, 0), (9, 1), (10, 0), (11, 1), (6, 2), (7, 3), (8, 2), (9, 3), (10, 2), (11, 3), (6, 4), (7, 5), (8, 4), (9, 5), (10, 4), (11, 5)]
length: 18 99
2*[T] vs T3fnT3: -0.0011550195305991588 0.002310039068128434
Estimated difference between T3^fnT3 - (T2^WT3 + h.c.) is: 0.0011550195375292754 1.3340701320743413e-06
total cost: -2.8258930039934484
singles alt: [(6, 0), (7, 1), (8, 0), (9, 1), (10, 0), (11, 1), (6, 2), (7, 3), (8, 2), (9, 3), (10, 2), (11, 3), (6, 4), (7, 5), (8, 4), (9, 5), (10, 4), (11, 5)]
length: 18 99
2*[T] vs T3fnT3: -0.0011550195305991588 0.002310039068128434
Estimated difference between T3^fnT3 - (T2^WT3 + h.c.) is: 0.0011550195375292754 1.3340701320743413e-06
total cost: -2.825893003994802
singles alt: [(6, 0), (7, 1), (8, 0), (9, 1), (10, 0), (11, 1), (6, 2), (7, 3), (8, 2), (9, 3), (10, 2), (11, 3), (6, 4), (7, 5), (8, 4), (9, 5), (10, 4), (11, 5)]
length: 18 99
2*[T] vs T3fnT3: -0.0011550195305991588 0.002310039068128434
Estimated difference between T3^fnT3 - (T2^WT3 + h.c.) is: 0.0011550195375292754 1.3340701320743413e-06
total cost: -2.825893003994802
singles alt: [(6, 0), (7, 1), (8, 0), (9, 1), (10, 0), (11, 1), (6, 2), (7, 3), (8, 2), (9, 3), (10, 2), (11, 3), (6, 4), (7, 5), (8, 4), (9, 5), (10, 4), (11, 5)]
length: 18 99
2*[T] vs T3fnT3: -0.0011550195305991588 0.002310039068128434
Estimated difference between T3^fnT3 - (T2^WT3 + h.c.) is: 0.0011550195375292754 1.3340701320743413e-06
total cost: -2.8258930039955072
singles alt: [(6, 0), (7, 1), (8, 0), (9, 1), (10, 0), (11, 1), (6, 2), (7, 3), (8, 2), (9, 3), (10, 2), (11, 3), (6, 4), (7, 5), (8, 4), (9, 5), (10, 4), (11, 5)]
length: 18 99
2*[T] vs T3fnT3: -0.0011550195305991588 0.002310039068128434
Estimated difference between T3^fnT3 - (T2^WT3 + h.c.) is: 0.0011550195375292754 1.3340701320743413e-06
total cost: -2.8258930039958363
singles alt: [(6, 0), (7, 1), (8, 0), (9, 1), (10, 0), (11, 1), (6, 2), (7, 3), (8, 2), (9, 3), (10, 2), (11, 3), (6, 4), (7, 5), (8, 4), (9, 5), (10, 4), (11, 5)]
length: 18 99
2*[T] vs T3fnT3: -0.0011550195305991588 0.002310039068128434
Estimated difference between T3^fnT3 - (T2^WT3 + h.c.) is: 0.0011550195375292754 1.3340701320743413e-06
total cost: -2.8258930039947776
singles alt: [(6, 0), (7, 1), (8, 0), (9, 1), (10, 0), (11, 1), (6, 2), (7, 3), (8, 2), (9, 3), (10, 2), (11, 3), (6, 4), (7, 5), (8, 4), (9, 5), (10, 4), (11, 5)]
length: 18 99
2*[T] vs T3fnT3: -0.0011550195305991588 0.002310039068128434
Estimated difference between T3^fnT3 - (T2^WT3 + h.c.) is: 0.0011550195375292754 1.3340701320743413e-06
total cost: -2.8258930039947714
singles alt: [(6, 0), (7, 1), (8, 0), (9, 1), (10, 0), (11, 1), (6, 2), (7, 3), (8, 2), (9, 3), (10, 2), (11, 3), (6, 4), (7, 5), (8, 4), (9, 5), (10, 4), (11, 5)]
length: 18 99
2*[T] vs T3fnT3: -0.0011550195305991588 0.002310039068128434
Estimated difference between T3^fnT3 - (T2^WT3 + h.c.) is: 0.0011550195375292754 1.3340701320743413e-06
total cost: -2.8258930039937598
singles alt: [(6, 0), (7, 1), (8, 0), (9, 1), (10, 0), (11, 1), (6, 2), (7, 3), (8, 2), (9, 3), (10, 2), (11, 3), (6, 4), (7, 5), (8, 4), (9, 5), (10, 4), (11, 5)]
length: 18 99
2*[T] vs T3fnT3: -0.0011550195305991588 0.002310039068128434
Estimated difference between T3^fnT3 - (T2^WT3 + h.c.) is: 0.0011550195375292754 1.3340701320743413e-06
total cost: -2.825893003993502
singles alt: [(6, 0), (7, 1), (8, 0), (9, 1), (10, 0), (11, 1), (6, 2), (7, 3), (8, 2), (9, 3), (10, 2), (11, 3), (6, 4), (7, 5), (8, 4), (9, 5), (10, 4), (11, 5)]
length: 18 99
2*[T] vs T3fnT3: -0.0011550195305991588 0.002310039068128434
Estimated difference between T3^fnT3 - (T2^WT3 + h.c.) is: 0.0011550195375292754 1.3340701320743413e-06
total cost: -2.825893003994768
singles alt: [(6, 0), (7, 1), (8, 0), (9, 1), (10, 0), (11, 1), (6, 2), (7, 3), (8, 2), (9, 3), (10, 2), (11, 3), (6, 4), (7, 5), (8, 4), (9, 5), (10, 4), (11, 5)]
length: 18 99
2*[T] vs T3fnT3: -0.0011550195305991588 0.002310039068128434
Estimated difference between T3^fnT3 - (T2^WT3 + h.c.) is: 0.0011550195375292754 1.3340701320743413e-06
total cost: -2.8258930039947665
singles alt: [(6, 0), (7, 1), (8, 0), (9, 1), (10, 0), (11, 1), (6, 2), (7, 3), (8, 2), (9, 3), (10, 2), (11, 3), (6, 4), (7, 5), (8, 4), (9, 5), (10, 4), (11, 5)]
length: 18 99
2*[T] vs T3fnT3: -0.0011550195305991588 0.002310039068128434
Estimated difference between T3^fnT3 - (T2^WT3 + h.c.) is: 0.0011550195375292754 1.3340701320743413e-06
total cost: -2.8258930039962302
singles alt: [(6, 0), (7, 1), (8, 0), (9, 1), (10, 0), (11, 1), (6, 2), (7, 3), (8, 2), (9, 3), (10, 2), (11, 3), (6, 4), (7, 5), (8, 4), (9, 5), (10, 4), (11, 5)]
length: 18 99
2*[T] vs T3fnT3: -0.0011550195305991588 0.002310039068128434
Estimated difference between T3^fnT3 - (T2^WT3 + h.c.) is: 0.0011550195375292754 1.3340701320743413e-06
total cost: -2.825893003996595
singles alt: [(6, 0), (7, 1), (8, 0), (9, 1), (10, 0), (11, 1), (6, 2), (7, 3), (8, 2), (9, 3), (10, 2), (11, 3), (6, 4), (7, 5), (8, 4), (9, 5), (10, 4), (11, 5)]
length: 18 99
2*[T] vs T3fnT3: -0.0011550195305991588 0.002310039068128434
Estimated difference between T3^fnT3 - (T2^WT3 + h.c.) is: 0.0011550195375292754 1.3340701320743413e-06
total cost: -2.8258930039947754
singles alt: [(6, 0), (7, 1), (8, 0), (9, 1), (10, 0), (11, 1), (6, 2), (7, 3), (8, 2), (9, 3), (10, 2), (11, 3), (6, 4), (7, 5), (8, 4), (9, 5), (10, 4), (11, 5)]
length: 18 99
2*[T] vs T3fnT3: -0.0011550195305991588 0.002310039068128434
Estimated difference between T3^fnT3 - (T2^WT3 + h.c.) is: 0.0011550195375292754 1.3340701320743413e-06
total cost: -2.825893003994777
singles alt: [(6, 0), (7, 1), (8, 0), (9, 1), (10, 0), (11, 1), (6, 2), (7, 3), (8, 2), (9, 3), (10, 2), (11, 3), (6, 4), (7, 5), (8, 4), (9, 5), (10, 4), (11, 5)]
callback: energy=-2.827048023532
singles alt: [(6, 0), (7, 1), (8, 0), (9, 1), (10, 0), (11, 1), (6, 2), (7, 3), (8, 2), (9, 3), (10, 2), (11, 3), (6, 4), (7, 5), (8, 4), (9, 5), (10, 4), (11, 5)]
length: 18 99
2*[T] vs T3fnT3: -0.0011551589089413177 0.002310317824813585
Estimated difference between T3^fnT3 - (T2^WT3 + h.c.) is: 0.0011551589158722674 1.3343921209191922e-06
total cost: -2.825893154168414
singles alt: [(6, 0), (7, 1), (8, 0), (9, 1), (10, 0), (11, 1), (6, 2), (7, 3), (8, 2), (9, 3), (10, 2), (11, 3), (6, 4), (7, 5), (8, 4), (9, 5), (10, 4), (11, 5)]
length: 18 99
2*[T] vs T3fnT3: -0.001155158911459098 0.002310317829849146
Estimated difference between T3^fnT3 - (T2^WT3 + h.c.) is: 0.0011551589183900481 1.3343921267360658e-06
total cost: -2.825893154166773
singles alt: [(6, 0), (7, 1), (8, 0), (9, 1), (10, 0), (11, 1), (6, 2), (7, 3), (8, 2), (9, 3), (10, 2), (11, 3), (6, 4), (7, 5), (8, 4), (9, 5), (10, 4), (11, 5)]
length: 18 99
2*[T] vs T3fnT3: -0.0011551589089419845 0.002310317824814918
Estimated difference between T3^fnT3 - (T2^WT3 + h.c.) is: 0.0011551589158729334 1.3343921209207308e-06
total cost: -2.8258931541676118
singles alt: [(6, 0), (7, 1), (8, 0), (9, 1), (10, 0), (11, 1), (6, 2), (7, 3), (8, 2), (9, 3), (10, 2), (11, 3), (6, 4), (7, 5), (8, 4), (9, 5), (10, 4), (11, 5)]
length: 18 99
2*[T] vs T3fnT3: -0.0011551589081589075 0.0023103178232487657
Estimated difference between T3^fnT3 - (T2^WT3 + h.c.) is: 0.0011551589150898582 1.3343921191115782e-06
total cost: -2.8258931541684866
singles alt: [(6, 0), (7, 1), (8, 0), (9, 1), (10, 0), (11, 1), (6, 2), (7, 3), (8, 2), (9, 3), (10, 2), (11, 3), (6, 4), (7, 5), (8, 4), (9, 5), (10, 4), (11, 5)]
length: 18 99
2*[T] vs T3fnT3: -0.001155158908941945 0.002310317824814839
Estimated difference between T3^fnT3 - (T2^WT3 + h.c.) is: 0.001155158915872894 1.3343921209206396e-06
total cost: -2.825893154167657
singles alt: [(6, 0), (7, 1), (8, 0), (9, 1), (10, 0), (11, 1), (6, 2), (7, 3), (8, 2), (9, 3), (10, 2), (11, 3), (6, 4), (7, 5), (8, 4), (9, 5), (10, 4), (11, 5)]
length: 18 99
2*[T] vs T3fnT3: -0.0011551589137492426 0.0023103178344294354
Estimated difference between T3^fnT3 - (T2^WT3 + h.c.) is: 0.0011551589206801928 1.334392132027028e-06
total cost: -2.825893154169279
singles alt: [(6, 0), (7, 1), (8, 0), (9, 1), (10, 0), (11, 1), (6, 2), (7, 3), (8, 2), (9, 3), (10, 2), (11, 3), (6, 4), (7, 5), (8, 4), (9, 5), (10, 4), (11, 5)]
length: 18 99
2*[T] vs T3fnT3: -0.0011551589089404425 0.0023103178248118344
Estimated difference between T3^fnT3 - (T2^WT3 + h.c.) is: 0.0011551589158713918 1.3343921209171693e-06
total cost: -2.825893154169155
singles alt: [(6, 0), (7, 1), (8, 0), (9, 1), (10, 0), (11, 1), (6, 2), (7, 3), (8, 2), (9, 3), (10, 2), (11, 3), (6, 4), (7, 5), (8, 4), (9, 5), (10, 4), (11, 5)]
length: 18 99
2*[T] vs T3fnT3: -0.0011551589081686016 0.0023103178232681525
Estimated difference between T3^fnT3 - (T2^WT3 + h.c.) is: 0.001155158915099551 1.3343921191339716e-06
total cost: -2.8258931541689583
singles alt: [(6, 0), (7, 1), (8, 0), (9, 1), (10, 0), (11, 1), (6, 2), (7, 3), (8, 2), (9, 3), (10, 2), (11, 3), (6, 4), (7, 5), (8, 4), (9, 5), (10, 4), (11, 5)]
length: 18 99
2*[T] vs T3fnT3: -0.001155158908940439 0.002310317824811828
Estimated difference between T3^fnT3 - (T2^WT3 + h.c.) is: 0.0011551589158713888 1.3343921209171623e-06
total cost: -2.825893154169134
singles alt: [(6, 0), (7, 1), (8, 0), (9, 1), (10, 0), (11, 1), (6, 2), (7, 3), (8, 2), (9, 3), (10, 2), (11, 3), (6, 4), (7, 5), (8, 4), (9, 5), (10, 4), (11, 5)]
length: 18 99
2*[T] vs T3fnT3: -0.0011551589154452774 0.002310317837821505
Estimated difference between T3^fnT3 - (T2^WT3 + h.c.) is: 0.0011551589223762276 1.3343921359454074e-06
total cost: -2.825893154169078
singles alt: [(6, 0), (7, 1), (8, 0), (9, 1), (10, 0), (11, 1), (6, 2), (7, 3), (8, 2), (9, 3), (10, 2), (11, 3), (6, 4), (7, 5), (8, 4), (9, 5), (10, 4), (11, 5)]
length: 18 99
2*[T] vs T3fnT3: -0.0011551589089418741 0.002310317824814699
Estimated difference between T3^fnT3 - (T2^WT3 + h.c.) is: 0.0011551589158728247 1.3343921209204797e-06
total cost: -2.825893154167749
singles alt: [(6, 0), (7, 1), (8, 0), (9, 1), (10, 0), (11, 1), (6, 2), (7, 3), (8, 2), (9, 3), (10, 2), (11, 3), (6, 4), (7, 5), (8, 4), (9, 5), (10, 4), (11, 5)]
length: 18 99
2*[T] vs T3fnT3: -0.0011551589040599112 0.0023103178150507726
Estimated difference between T3^fnT3 - (T2^WT3 + h.c.) is: 0.0011551589109908614 1.3343921096415929e-06
total cost: -2.8258931541679697
singles alt: [(6, 0), (7, 1), (8, 0), (9, 1), (10, 0), (11, 1), (6, 2), (7, 3), (8, 2), (9, 3), (10, 2), (11, 3), (6, 4), (7, 5), (8, 4), (9, 5), (10, 4), (11, 5)]
length: 18 99
2*[T] vs T3fnT3: -0.0011551589089413357 0.0023103178248136203
Estimated difference between T3^fnT3 - (T2^WT3 + h.c.) is: 0.0011551589158722846 1.3343921209192318e-06
total cost: -2.8258931541686927
singles alt: [(6, 0), (7, 1), (8, 0), (9, 1), (10, 0), (11, 1), (6, 2), (7, 3), (8, 2), (9, 3), (10, 2), (11, 3), (6, 4), (7, 5), (8, 4), (9, 5), (10, 4), (11, 5)]
length: 18 99
2*[T] vs T3fnT3: -0.001155158908578605 0.002310317824088158
Estimated difference between T3^fnT3 - (T2^WT3 + h.c.) is: 0.001155158915509553 1.3343921200812066e-06
total cost: -2.8258931541690244
singles alt: [(6, 0), (7, 1), (8, 0), (9, 1), (10, 0), (11, 1), (6, 2), (7, 3), (8, 2), (9, 3), (10, 2), (11, 3), (6, 4), (7, 5), (8, 4), (9, 5), (10, 4), (11, 5)]
length: 18 99
2*[T] vs T3fnT3: -0.0011551589089420693 0.002310317824815089
Estimated difference between T3^fnT3 - (T2^WT3 + h.c.) is: 0.0011551589158730199 1.3343921209209305e-06
total cost: -2.8258931541675825
singles alt: [(6, 0), (7, 1), (8, 0), (9, 1), (10, 0), (11, 1), (6, 2), (7, 3), (8, 2), (9, 3), (10, 2), (11, 3), (6, 4), (7, 5), (8, 4), (9, 5), (10, 4), (11, 5)]
length: 18 99
2*[T] vs T3fnT3: -0.0011551589189891652 0.002310317844909279
Estimated difference between T3^fnT3 - (T2^WT3 + h.c.) is: 0.0011551589259201137 1.3343921441329107e-06
total cost: -2.8258931541680674
singles alt: [(6, 0), (7, 1), (8, 0), (9, 1), (10, 0), (11, 1), (6, 2), (7, 3), (8, 2), (9, 3), (10, 2), (11, 3), (6, 4), (7, 5), (8, 4), (9, 5), (10, 4), (11, 5)]
length: 18 99
2*[T] vs T3fnT3: -0.001155158908941172 0.0023103178248132946
Estimated difference between T3^fnT3 - (T2^WT3 + h.c.) is: 0.0011551589158721226 1.3343921209188576e-06
total cost: -2.825893154168652
singles alt: [(6, 0), (7, 1), (8, 0), (9, 1), (10, 0), (11, 1), (6, 2), (7, 3), (8, 2), (9, 3), (10, 2), (11, 3), (6, 4), (7, 5), (8, 4), (9, 5), (10, 4), (11, 5)]
length: 18 99
2*[T] vs T3fnT3: -0.0011551589132769427 0.002310317833484835
Estimated difference between T3^fnT3 - (T2^WT3 + h.c.) is: 0.0011551589202078924 1.334392130935864e-06
total cost: -2.8258931541684267
singles alt: [(6, 0), (7, 1), (8, 0), (9, 1), (10, 0), (11, 1), (6, 2), (7, 3), (8, 2), (9, 3), (10, 2), (11, 3), (6, 4), (7, 5), (8, 4), (9, 5), (10, 4), (11, 5)]
length: 18 99
2*[T] vs T3fnT3: -0.0011551589089417486 0.002310317824814447
Estimated difference between T3^fnT3 - (T2^WT3 + h.c.) is: 0.0011551589158726983 1.3343921209201877e-06
total cost: -2.8258931541679577
singles alt: [(6, 0), (7, 1), (8, 0), (9, 1), (10, 0), (11, 1), (6, 2), (7, 3), (8, 2), (9, 3), (10, 2), (11, 3), (6, 4), (7, 5), (8, 4), (9, 5), (10, 4), (11, 5)]
length: 18 99
2*[T] vs T3fnT3: -0.001155158910444979 0.002310317827820908
Estimated difference between T3^fnT3 - (T2^WT3 + h.c.) is: 0.0011551589173759288 1.3343921243931278e-06
total cost: -2.825893154168652
singles alt: [(6, 0), (7, 1), (8, 0), (9, 1), (10, 0), (11, 1), (6, 2), (7, 3), (8, 2), (9, 3), (10, 2), (11, 3), (6, 4), (7, 5), (8, 4), (9, 5), (10, 4), (11, 5)]
length: 18 99
2*[T] vs T3fnT3: -0.0011551589089412095 0.0023103178248133687
Estimated difference between T3^fnT3 - (T2^WT3 + h.c.) is: 0.0011551589158721592 1.3343921209189423e-06
total cost: -2.825893154168595
singles alt: [(6, 0), (7, 1), (8, 0), (9, 1), (10, 0), (11, 1), (6, 2), (7, 3), (8, 2), (9, 3), (10, 2), (11, 3), (6, 4), (7, 5), (8, 4), (9, 5), (10, 4), (11, 5)]
length: 18 99
2*[T] vs T3fnT3: -0.001155158920063626 0.0023103178470582023
Estimated difference between T3^fnT3 - (T2^WT3 + h.c.) is: 0.0011551589269945762 1.3343921466152608e-06
total cost: -2.8258931541686634
singles alt: [(6, 0), (7, 1), (8, 0), (9, 1), (10, 0), (11, 1), (6, 2), (7, 3), (8, 2), (9, 3), (10, 2), (11, 3), (6, 4), (7, 5), (8, 4), (9, 5), (10, 4), (11, 5)]
length: 18 99
2*[T] vs T3fnT3: -0.0011551589089408142 0.0023103178248125786
Estimated difference between T3^fnT3 - (T2^WT3 + h.c.) is: 0.0011551589158717644 1.33439212091803e-06
total cost: -2.8258931541685905
singles alt: [(6, 0), (7, 1), (8, 0), (9, 1), (10, 0), (11, 1), (6, 2), (7, 3), (8, 2), (9, 3), (10, 2), (11, 3), (6, 4), (7, 5), (8, 4), (9, 5), (10, 4), (11, 5)]
length: 18 99
2*[T] vs T3fnT3: -0.0011551589090616854 0.0023103178250543192
Estimated difference between T3^fnT3 - (T2^WT3 + h.c.) is: 0.0011551589159926338 1.334392121197277e-06
total cost: -2.8258931541682477
singles alt: [(6, 0), (7, 1), (8, 0), (9, 1), (10, 0), (11, 1), (6, 2), (7, 3), (8, 2), (9, 3), (10, 2), (11, 3), (6, 4), (7, 5), (8, 4), (9, 5), (10, 4), (11, 5)]
length: 18 99
2*[T] vs T3fnT3: -0.00115515890894174 0.0023103178248144304
Estimated difference between T3^fnT3 - (T2^WT3 + h.c.) is: 0.0011551589158726905 1.3343921209201697e-06
total cost: -2.8258931541682992
singles alt: [(6, 0), (7, 1), (8, 0), (9, 1), (10, 0), (11, 1), (6, 2), (7, 3), (8, 2), (9, 3), (10, 2), (11, 3), (6, 4), (7, 5), (8, 4), (9, 5), (10, 4), (11, 5)]
length: 18 99
2*[T] vs T3fnT3: -0.0011551589143492073 0.0023103178356293653
Estimated difference between T3^fnT3 - (T2^WT3 + h.c.) is: 0.001155158921280158 1.3343921334131382e-06
total cost: -2.8258931541682024
singles alt: [(6, 0), (7, 1), (8, 0), (9, 1), (10, 0), (11, 1), (6, 2), (7, 3), (8, 2), (9, 3), (10, 2), (11, 3), (6, 4), (7, 5), (8, 4), (9, 5), (10, 4), (11, 5)]
length: 18 99
2*[T] vs T3fnT3: -0.001155158908941411 0.002310317824813772
Estimated difference between T3^fnT3 - (T2^WT3 + h.c.) is: 0.0011551589158723611 1.3343921209194086e-06
total cost: -2.825893154168294
singles alt: [(6, 0), (7, 1), (8, 0), (9, 1), (10, 0), (11, 1), (6, 2), (7, 3), (8, 2), (9, 3), (10, 2), (11, 3), (6, 4), (7, 5), (8, 4), (9, 5), (10, 4), (11, 5)]
length: 18 99
2*[T] vs T3fnT3: -0.0011551589072409476 0.0023103178214128454
Estimated difference between T3^fnT3 - (T2^WT3 + h.c.) is: 0.0011551589141718978 1.3343921169907978e-06
total cost: -2.8258931541677392
singles alt: [(6, 0), (7, 1), (8, 0), (9, 1), (10, 0), (11, 1), (6, 2), (7, 3), (8, 2), (9, 3), (10, 2), (11, 3), (6, 4), (7, 5), (8, 4), (9, 5), (10, 4), (11, 5)]
length: 18 99
2*[T] vs T3fnT3: -0.0011551589089417273 0.0023103178248144044
Estimated difference between T3^fnT3 - (T2^WT3 + h.c.) is: 0.001155158915872677 1.3343921209201385e-06
total cost: -2.8258931541679133
singles alt: [(6, 0), (7, 1), (8, 0), (9, 1), (10, 0), (11, 1), (6, 2), (7, 3), (8, 2), (9, 3), (10, 2), (11, 3), (6, 4), (7, 5), (8, 4), (9, 5), (10, 4), (11, 5)]
length: 18 99
2*[T] vs T3fnT3: -0.001155158908684003 0.002310317824298955
Estimated difference between T3^fnT3 - (T2^WT3 + h.c.) is: 0.0011551589156149522 1.3343921203247123e-06
total cost: -2.825893154169094
singles alt: [(6, 0), (7, 1), (8, 0), (9, 1), (10, 0), (11, 1), (6, 2), (7, 3), (8, 2), (9, 3), (10, 2), (11, 3), (6, 4), (7, 5), (8, 4), (9, 5), (10, 4), (11, 5)]
length: 18 99
2*[T] vs T3fnT3: -0.0011551589089411436 0.002310317824813237
Estimated difference between T3^fnT3 - (T2^WT3 + h.c.) is: 0.0011551589158720933 1.33439212091879e-06
total cost: -2.8258931541686536
singles alt: [(6, 0), (7, 1), (8, 0), (9, 1), (10, 0), (11, 1), (6, 2), (7, 3), (8, 2), (9, 3), (10, 2), (11, 3), (6, 4), (7, 5), (8, 4), (9, 5), (10, 4), (11, 5)]
length: 18 99
2*[T] vs T3fnT3: -0.0011551589041371116 0.0023103178152051726
Estimated difference between T3^fnT3 - (T2^WT3 + h.c.) is: 0.001155158911068061 1.3343921098199484e-06
total cost: -2.8258931541679155
singles alt: [(6, 0), (7, 1), (8, 0), (9, 1), (10, 0), (11, 1), (6, 2), (7, 3), (8, 2), (9, 3), (10, 2), (11, 3), (6, 4), (7, 5), (8, 4), (9, 5), (10, 4), (11, 5)]
length: 18 99
2*[T] vs T3fnT3: -0.0011551589089420075 0.0023103178248149647
Estimated difference between T3^fnT3 - (T2^WT3 + h.c.) is: 0.0011551589158729572 1.3343921209207859e-06
total cost: -2.8258931541676935
singles alt: [(6, 0), (7, 1), (8, 0), (9, 1), (10, 0), (11, 1), (6, 2), (7, 3), (8, 2), (9, 3), (10, 2), (11, 3), (6, 4), (7, 5), (8, 4), (9, 5), (10, 4), (11, 5)]
length: 18 99
2*[T] vs T3fnT3: -0.0011551589135355956 0.0023103178340021413
Estimated difference between T3^fnT3 - (T2^WT3 + h.c.) is: 0.0011551589204665457 1.3343921315334353e-06
total cost: -2.8258931541682815
singles alt: [(6, 0), (7, 1), (8, 0), (9, 1), (10, 0), (11, 1), (6, 2), (7, 3), (8, 2), (9, 3), (10, 2), (11, 3), (6, 4), (7, 5), (8, 4), (9, 5), (10, 4), (11, 5)]
length: 18 99
2*[T] vs T3fnT3: -0.0011551589089412913 0.0023103178248135327
Estimated difference between T3^fnT3 - (T2^WT3 + h.c.) is: 0.0011551589158722414 1.334392120919132e-06
total cost: -2.8258931541686954
singles alt: [(6, 0), (7, 1), (8, 0), (9, 1), (10, 0), (11, 1), (6, 2), (7, 3), (8, 2), (9, 3), (10, 2), (11, 3), (6, 4), (7, 5), (8, 4), (9, 5), (10, 4), (11, 5)]
length: 18 99
2*[T] vs T3fnT3: -0.00115515891940306 0.0023103178457370703
Estimated difference between T3^fnT3 - (T2^WT3 + h.c.) is: 0.0011551589263340102 1.3343921450891433e-06
total cost: -2.825893154167691
singles alt: [(6, 0), (7, 1), (8, 0), (9, 1), (10, 0), (11, 1), (6, 2), (7, 3), (8, 2), (9, 3), (10, 2), (11, 3), (6, 4), (7, 5), (8, 4), (9, 5), (10, 4), (11, 5)]
length: 18 99
2*[T] vs T3fnT3: -0.0011551589089417436 0.002310317824814437
Estimated difference between T3^fnT3 - (T2^WT3 + h.c.) is: 0.0011551589158726933 1.3343921209201762e-06
total cost: -2.8258931541679817
singles alt: [(6, 0), (7, 1), (8, 0), (9, 1), (10, 0), (11, 1), (6, 2), (7, 3), (8, 2), (9, 3), (10, 2), (11, 3), (6, 4), (7, 5), (8, 4), (9, 5), (10, 4), (11, 5)]
length: 18 99
2*[T] vs T3fnT3: -0.0011551589162586693 0.0023103178394482883
Estimated difference between T3^fnT3 - (T2^WT3 + h.c.) is: 0.001155158923189619 1.3343921378246002e-06
total cost: -2.825893154168054
singles alt: [(6, 0), (7, 1), (8, 0), (9, 1), (10, 0), (11, 1), (6, 2), (7, 3), (8, 2), (9, 3), (10, 2), (11, 3), (6, 4), (7, 5), (8, 4), (9, 5), (10, 4), (11, 5)]
length: 18 99
2*[T] vs T3fnT3: -0.0011551589089416375 0.002310317824814225
Estimated difference between T3^fnT3 - (T2^WT3 + h.c.) is: 0.0011551589158725873 1.3343921209199312e-06
total cost: -2.8258931541677206
singles alt: [(6, 0), (7, 1), (8, 0), (9, 1), (10, 0), (11, 1), (6, 2), (7, 3), (8, 2), (9, 3), (10, 2), (11, 3), (6, 4), (7, 5), (8, 4), (9, 5), (10, 4), (11, 5)]
length: 18 99
2*[T] vs T3fnT3: -0.001155158905524596 0.0023103178179801408
Estimated difference between T3^fnT3 - (T2^WT3 + h.c.) is: 0.0011551589124555448 1.334392113025477e-06
total cost: -2.8258931541682273
singles alt: [(6, 0), (7, 1), (8, 0), (9, 1), (10, 0), (11, 1), (6, 2), (7, 3), (8, 2), (9, 3), (10, 2), (11, 3), (6, 4), (7, 5), (8, 4), (9, 5), (10, 4), (11, 5)]
length: 18 99
2*[T] vs T3fnT3: -0.0011551589089416907 0.00231031782481433
Estimated difference between T3^fnT3 - (T2^WT3 + h.c.) is: 0.0011551589158726391 1.3343921209200509e-06
total cost: -2.825893154167709
singles alt: [(6, 0), (7, 1), (8, 0), (9, 1), (10, 0), (11, 1), (6, 2), (7, 3), (8, 2), (9, 3), (10, 2), (11, 3), (6, 4), (7, 5), (8, 4), (9, 5), (10, 4), (11, 5)]
length: 18 99
2*[T] vs T3fnT3: -0.001155158927402603 0.002310317861736155
Estimated difference between T3^fnT3 - (T2^WT3 + h.c.) is: 0.0011551589343335522 1.334392163570628e-06
total cost: -2.8258931541681815
singles alt: [(6, 0), (7, 1), (8, 0), (9, 1), (10, 0), (11, 1), (6, 2), (7, 3), (8, 2), (9, 3), (10, 2), (11, 3), (6, 4), (7, 5), (8, 4), (9, 5), (10, 4), (11, 5)]
length: 18 99
2*[T] vs T3fnT3: -0.001155158908940784 0.0023103178248125174
Estimated difference between T3^fnT3 - (T2^WT3 + h.c.) is: 0.0011551589158717334 1.3343921209179583e-06
total cost: -2.825893154169099
singles alt: [(6, 0), (7, 1), (8, 0), (9, 1), (10, 0), (11, 1), (6, 2), (7, 3), (8, 2), (9, 3), (10, 2), (11, 3), (6, 4), (7, 5), (8, 4), (9, 5), (10, 4), (11, 5)]
length: 18 99
2*[T] vs T3fnT3: -0.0011551589057278264 0.002310317818386604
Estimated difference between T3^fnT3 - (T2^WT3 + h.c.) is: 0.0011551589126587774 1.334392113495009e-06
total cost: -2.8258931541683063
singles alt: [(6, 0), (7, 1), (8, 0), (9, 1), (10, 0), (11, 1), (6, 2), (7, 3), (8, 2), (9, 3), (10, 2), (11, 3), (6, 4), (7, 5), (8, 4), (9, 5), (10, 4), (11, 5)]
length: 18 99
2*[T] vs T3fnT3: -0.0011551589089407756 0.0023103178248125005
Estimated difference between T3^fnT3 - (T2^WT3 + h.c.) is: 0.001155158915871725 1.3343921209179388e-06
total cost: -2.8258931541690964
singles alt: [(6, 0), (7, 1), (8, 0), (9, 1), (10, 0), (11, 1), (6, 2), (7, 3), (8, 2), (9, 3), (10, 2), (11, 3), (6, 4), (7, 5), (8, 4), (9, 5), (10, 4), (11, 5)]
length: 18 99
2*[T] vs T3fnT3: -0.0011551589080708393 0.0023103178230726284
Estimated difference between T3^fnT3 - (T2^WT3 + h.c.) is: 0.001155158915001789 1.3343921189081105e-06
total cost: -2.825893154168976
singles alt: [(6, 0), (7, 1), (8, 0), (9, 1), (10, 0), (11, 1), (6, 2), (7, 3), (8, 2), (9, 3), (10, 2), (11, 3), (6, 4), (7, 5), (8, 4), (9, 5), (10, 4), (11, 5)]
length: 18 99
2*[T] vs T3fnT3: -0.001155158908941258 0.0023103178248134655
Estimated difference between T3^fnT3 - (T2^WT3 + h.c.) is: 0.0011551589158722074 1.3343921209190535e-06
total cost: -2.8258931541687162
singles alt: [(6, 0), (7, 1), (8, 0), (9, 1), (10, 0), (11, 1), (6, 2), (7, 3), (8, 2), (9, 3), (10, 2), (11, 3), (6, 4), (7, 5), (8, 4), (9, 5), (10, 4), (11, 5)]
length: 18 99
2*[T] vs T3fnT3: -0.0011551589119103624 0.002310317830751674
Estimated difference between T3^fnT3 - (T2^WT3 + h.c.) is: 0.0011551589188413117 1.3343921277786283e-06
total cost: -2.825893154168274
singles alt: [(6, 0), (7, 1), (8, 0), (9, 1), (10, 0), (11, 1), (6, 2), (7, 3), (8, 2), (9, 3), (10, 2), (11, 3), (6, 4), (7, 5), (8, 4), (9, 5), (10, 4), (11, 5)]
length: 18 99
2*[T] vs T3fnT3: -0.0011551589089415662 0.0023103178248140813
Estimated difference between T3^fnT3 - (T2^WT3 + h.c.) is: 0.001155158915872515 1.3343921209197644e-06
total cost: -2.8258931541682917
singles alt: [(6, 0), (7, 1), (8, 0), (9, 1), (10, 0), (11, 1), (6, 2), (7, 3), (8, 2), (9, 3), (10, 2), (11, 3), (6, 4), (7, 5), (8, 4), (9, 5), (10, 4), (11, 5)]
length: 18 99
2*[T] vs T3fnT3: -0.001155158915217671 0.002310317837366292
Estimated difference between T3^fnT3 - (T2^WT3 + h.c.) is: 0.0011551589221486208 1.3343921354195634e-06
total cost: -2.8258931541690595
singles alt: [(6, 0), (7, 1), (8, 0), (9, 1), (10, 0), (11, 1), (6, 2), (7, 3), (8, 2), (9, 3), (10, 2), (11, 3), (6, 4), (7, 5), (8, 4), (9, 5), (10, 4), (11, 5)]
length: 18 99
2*[T] vs T3fnT3: -0.0011551589089407717 0.0023103178248124927
Estimated difference between T3^fnT3 - (T2^WT3 + h.c.) is: 0.001155158915871721 1.33439212091793e-06
total cost: -2.8258931541688743
singles alt: [(6, 0), (7, 1), (8, 0), (9, 1), (10, 0), (11, 1), (6, 2), (7, 3), (8, 2), (9, 3), (10, 2), (11, 3), (6, 4), (7, 5), (8, 4), (9, 5), (10, 4), (11, 5)]
length: 18 99
2*[T] vs T3fnT3: -0.0011551589055703191 0.002310317818071587
Estimated difference between T3^fnT3 - (T2^WT3 + h.c.) is: 0.001155158912501268 1.3343921131311122e-06
total cost: -2.8258931541680856
singles alt: [(6, 0), (7, 1), (8, 0), (9, 1), (10, 0), (11, 1), (6, 2), (7, 3), (8, 2), (9, 3), (10, 2), (11, 3), (6, 4), (7, 5), (8, 4), (9, 5), (10, 4), (11, 5)]
length: 18 99
2*[T] vs T3fnT3: -0.0011551589089410586 0.0023103178248130673
Estimated difference between T3^fnT3 - (T2^WT3 + h.c.) is: 0.0011551589158720088 1.3343921209185946e-06
total cost: -2.825893154168308
singles alt: [(6, 0), (7, 1), (8, 0), (9, 1), (10, 0), (11, 1), (6, 2), (7, 3), (8, 2), (9, 3), (10, 2), (11, 3), (6, 4), (7, 5), (8, 4), (9, 5), (10, 4), (11, 5)]
length: 18 99
2*[T] vs T3fnT3: -0.0011551589073812054 0.00231031782169336
Estimated difference between T3^fnT3 - (T2^WT3 + h.c.) is: 0.0011551589143121547 1.334392117314836e-06
total cost: -2.825893154169403
singles alt: [(6, 0), (7, 1), (8, 0), (9, 1), (10, 0), (11, 1), (6, 2), (7, 3), (8, 2), (9, 3), (10, 2), (11, 3), (6, 4), (7, 5), (8, 4), (9, 5), (10, 4), (11, 5)]
length: 18 99
2*[T] vs T3fnT3: -0.0011551589089405674 0.0023103178248120846
Estimated difference between T3^fnT3 - (T2^WT3 + h.c.) is: 0.0011551589158715172 1.334392120917459e-06
total cost: -2.8258931541688206
singles alt: [(6, 0), (7, 1), (8, 0), (9, 1), (10, 0), (11, 1), (6, 2), (7, 3), (8, 2), (9, 3), (10, 2), (11, 3), (6, 4), (7, 5), (8, 4), (9, 5), (10, 4), (11, 5)]
length: 18 99
2*[T] vs T3fnT3: -0.0011551589100909636 0.0023103178271128766
Estimated difference between T3^fnT3 - (T2^WT3 + h.c.) is: 0.001155158917021913 1.3343921235752387e-06
total cost: -2.825893154168157
singles alt: [(6, 0), (7, 1), (8, 0), (9, 1), (10, 0), (11, 1), (6, 2), (7, 3), (8, 2), (9, 3), (10, 2), (11, 3), (6, 4), (7, 5), (8, 4), (9, 5), (10, 4), (11, 5)]
length: 18 99
2*[T] vs T3fnT3: -0.0011551589089408326 0.002310317824812615
Estimated difference between T3^fnT3 - (T2^WT3 + h.c.) is: 0.0011551589158717824 1.3343921209180716e-06
total cost: -2.825893154168443
singles alt: [(6, 0), (7, 1), (8, 0), (9, 1), (10, 0), (11, 1), (6, 2), (7, 3), (8, 2), (9, 3), (10, 2), (11, 3), (6, 4), (7, 5), (8, 4), (9, 5), (10, 4), (11, 5)]
length: 18 99
2*[T] vs T3fnT3: -0.0011551589148173006 0.0023103178365655496
Estimated difference between T3^fnT3 - (T2^WT3 + h.c.) is: 0.001155158921748249 1.3343921344945772e-06
total cost: -2.825893154168169
singles alt: [(6, 0), (7, 1), (8, 0), (9, 1), (10, 0), (11, 1), (6, 2), (7, 3), (8, 2), (9, 3), (10, 2), (11, 3), (6, 4), (7, 5), (8, 4), (9, 5), (10, 4), (11, 5)]
length: 18 99
2*[T] vs T3fnT3: -0.0011551589089412585 0.0023103178248134668
Estimated difference between T3^fnT3 - (T2^WT3 + h.c.) is: 0.0011551589158722082 1.3343921209190554e-06
total cost: -2.8258931541684937
singles alt: [(6, 0), (7, 1), (8, 0), (9, 1), (10, 0), (11, 1), (6, 2), (7, 3), (8, 2), (9, 3), (10, 2), (11, 3), (6, 4), (7, 5), (8, 4), (9, 5), (10, 4), (11, 5)]
length: 18 99
2*[T] vs T3fnT3: -0.0011551589090734874 0.0023103178250779245
Estimated difference between T3^fnT3 - (T2^WT3 + h.c.) is: 0.0011551589160044371 1.334392121224546e-06
total cost: -2.8258931541680754
singles alt: [(6, 0), (7, 1), (8, 0), (9, 1), (10, 0), (11, 1), (6, 2), (7, 3), (8, 2), (9, 3), (10, 2), (11, 3), (6, 4), (7, 5), (8, 4), (9, 5), (10, 4), (11, 5)]
length: 18 99
2*[T] vs T3fnT3: -0.0011551589089413734 0.0023103178248136975
Estimated difference between T3^fnT3 - (T2^WT3 + h.c.) is: 0.001155158915872324 1.334392120919323e-06
total cost: -2.825893154168308
singles alt: [(6, 0), (7, 1), (8, 0), (9, 1), (10, 0), (11, 1), (6, 2), (7, 3), (8, 2), (9, 3), (10, 2), (11, 3), (6, 4), (7, 5), (8, 4), (9, 5), (10, 4), (11, 5)]
length: 18 99
2*[T] vs T3fnT3: -0.0011551589200412629 0.002310317847013475
Estimated difference between T3^fnT3 - (T2^WT3 + h.c.) is: 0.0011551589269722122 1.3343921465635926e-06
total cost: -2.8258931541687833
singles alt: [(6, 0), (7, 1), (8, 0), (9, 1), (10, 0), (11, 1), (6, 2), (7, 3), (8, 2), (9, 3), (10, 2), (11, 3), (6, 4), (7, 5), (8, 4), (9, 5), (10, 4), (11, 5)]
length: 18 99
2*[T] vs T3fnT3: -0.0011551589089417486 0.0023103178248144477
Estimated difference between T3^fnT3 - (T2^WT3 + h.c.) is: 0.0011551589158726992 1.3343921209201898e-06
total cost: -2.8258931541682744
singles alt: [(6, 0), (7, 1), (8, 0), (9, 1), (10, 0), (11, 1), (6, 2), (7, 3), (8, 2), (9, 3), (10, 2), (11, 3), (6, 4), (7, 5), (8, 4), (9, 5), (10, 4), (11, 5)]
length: 18 99
2*[T] vs T3fnT3: -0.001155158907339845 0.002310317821610639
Estimated difference between T3^fnT3 - (T2^WT3 + h.c.) is: 0.001155158914270794 1.3343921172192794e-06
total cost: -2.8258931541686243
singles alt: [(6, 0), (7, 1), (8, 0), (9, 1), (10, 0), (11, 1), (6, 2), (7, 3), (8, 2), (9, 3), (10, 2), (11, 3), (6, 4), (7, 5), (8, 4), (9, 5), (10, 4), (11, 5)]
length: 18 99
2*[T] vs T3fnT3: -0.0011551589089412871 0.0023103178248135244
Estimated difference between T3^fnT3 - (T2^WT3 + h.c.) is: 0.0011551589158722373 1.3343921209191225e-06
total cost: -2.8258931541686745
singles alt: [(6, 0), (7, 1), (8, 0), (9, 1), (10, 0), (11, 1), (6, 2), (7, 3), (8, 2), (9, 3), (10, 2), (11, 3), (6, 4), (7, 5), (8, 4), (9, 5), (10, 4), (11, 5)]
length: 18 99
2*[T] vs T3fnT3: -0.0011551589150883155 0.002310317837107581
Estimated difference between T3^fnT3 - (T2^WT3 + h.c.) is: 0.0011551589220192653 1.334392135120711e-06
total cost: -2.825893154168901
singles alt: [(6, 0), (7, 1), (8, 0), (9, 1), (10, 0), (11, 1), (6, 2), (7, 3), (8, 2), (9, 3), (10, 2), (11, 3), (6, 4), (7, 5), (8, 4), (9, 5), (10, 4), (11, 5)]
length: 18 99
2*[T] vs T3fnT3: -0.0011551589089410586 0.002310317824813066
Estimated difference between T3^fnT3 - (T2^WT3 + h.c.) is: 0.0011551589158720075 1.3343921209185917e-06
total cost: -2.825893154168327
singles alt: [(6, 0), (7, 1), (8, 0), (9, 1), (10, 0), (11, 1), (6, 2), (7, 3), (8, 2), (9, 3), (10, 2), (11, 3), (6, 4), (7, 5), (8, 4), (9, 5), (10, 4), (11, 5)]
length: 18 99
2*[T] vs T3fnT3: -0.0011551589118188909 0.002310317830568731
Estimated difference between T3^fnT3 - (T2^WT3 + h.c.) is: 0.0011551589187498402 1.3343921275673e-06
total cost: -2.825893154168805
singles alt: [(6, 0), (7, 1), (8, 0), (9, 1), (10, 0), (11, 1), (6, 2), (7, 3), (8, 2), (9, 3), (10, 2), (11, 3), (6, 4), (7, 5), (8, 4), (9, 5), (10, 4), (11, 5)]
length: 18 99
2*[T] vs T3fnT3: -0.0011551589089408233 0.0023103178248125964
Estimated difference between T3^fnT3 - (T2^WT3 + h.c.) is: 0.001155158915871773 1.33439212091805e-06
total cost: -2.8258931541688215
singles alt: [(6, 0), (7, 1), (8, 0), (9, 1), (10, 0), (11, 1), (6, 2), (7, 3), (8, 2), (9, 3), (10, 2), (11, 3), (6, 4), (7, 5), (8, 4), (9, 5), (10, 4), (11, 5)]
length: 18 99
2*[T] vs T3fnT3: -0.0011551589072398949 0.00231031782141074
Estimated difference between T3^fnT3 - (T2^WT3 + h.c.) is: 0.001155158914170845 1.3343921169883658e-06
total cost: -2.825893154169975
singles alt: [(6, 0), (7, 1), (8, 0), (9, 1), (10, 0), (11, 1), (6, 2), (7, 3), (8, 2), (9, 3), (10, 2), (11, 3), (6, 4), (7, 5), (8, 4), (9, 5), (10, 4), (11, 5)]
length: 18 99
2*[T] vs T3fnT3: -0.0011551589089415345 0.0023103178248140184
Estimated difference between T3^fnT3 - (T2^WT3 + h.c.) is: 0.0011551589158724839 1.3343921209196922e-06
total cost: -2.825893154168326
singles alt: [(6, 0), (7, 1), (8, 0), (9, 1), (10, 0), (11, 1), (6, 2), (7, 3), (8, 2), (9, 3), (10, 2), (11, 3), (6, 4), (7, 5), (8, 4), (9, 5), (10, 4), (11, 5)]
length: 18 99
2*[T] vs T3fnT3: -0.0011551589055290637 0.0023103178179890776
Estimated difference between T3^fnT3 - (T2^WT3 + h.c.) is: 0.001155158912460014 1.3343921130358021e-06
total cost: -2.8258931541680647
singles alt: [(6, 0), (7, 1), (8, 0), (9, 1), (10, 0), (11, 1), (6, 2), (7, 3), (8, 2), (9, 3), (10, 2), (11, 3), (6, 4), (7, 5), (8, 4), (9, 5), (10, 4), (11, 5)]
length: 18 99
2*[T] vs T3fnT3: -0.0011551589089405867 0.002310317824812124
Estimated difference between T3^fnT3 - (T2^WT3 + h.c.) is: 0.0011551589158715373 1.3343921209175055e-06
total cost: -2.8258931541688046
singles alt: [(6, 0), (7, 1), (8, 0), (9, 1), (10, 0), (11, 1), (6, 2), (7, 3), (8, 2), (9, 3), (10, 2), (11, 3), (6, 4), (7, 5), (8, 4), (9, 5), (10, 4), (11, 5)]
length: 18 99
2*[T] vs T3fnT3: -0.0011551589165883405 0.0023103178401076316
Estimated difference between T3^fnT3 - (T2^WT3 + h.c.) is: 0.001155158923519291 1.3343921385862473e-06
total cost: -2.825893154168753
singles alt: [(6, 0), (7, 1), (8, 0), (9, 1), (10, 0), (11, 1), (6, 2), (7, 3), (8, 2), (9, 3), (10, 2), (11, 3), (6, 4), (7, 5), (8, 4), (9, 5), (10, 4), (11, 5)]
length: 18 99
2*[T] vs T3fnT3: -0.001155158908941874 0.0023103178248146967
Estimated difference between T3^fnT3 - (T2^WT3 + h.c.) is: 0.0011551589158728228 1.3343921209204752e-06
total cost: -2.825893154168085
singles alt: [(6, 0), (7, 1), (8, 0), (9, 1), (10, 0), (11, 1), (6, 2), (7, 3), (8, 2), (9, 3), (10, 2), (11, 3), (6, 4), (7, 5), (8, 4), (9, 5), (10, 4), (11, 5)]
length: 18 99
2*[T] vs T3fnT3: -0.0011551589072253373 0.002310317821381626
Estimated difference between T3^fnT3 - (T2^WT3 + h.c.) is: 0.0011551589141562887 1.334392116954736e-06
total cost: -2.8258931541687877
singles alt: [(6, 0), (7, 1), (8, 0), (9, 1), (10, 0), (11, 1), (6, 2), (7, 3), (8, 2), (9, 3), (10, 2), (11, 3), (6, 4), (7, 5), (8, 4), (9, 5), (10, 4), (11, 5)]
length: 18 99
2*[T] vs T3fnT3: -0.001155158908941874 0.002310317824814696
Estimated difference between T3^fnT3 - (T2^WT3 + h.c.) is: 0.001155158915872822 1.3343921209204733e-06
total cost: -2.8258931541680847
singles alt: [(6, 0), (7, 1), (8, 0), (9, 1), (10, 0), (11, 1), (6, 2), (7, 3), (8, 2), (9, 3), (10, 2), (11, 3), (6, 4), (7, 5), (8, 4), (9, 5), (10, 4), (11, 5)]
length: 18 99
2*[T] vs T3fnT3: -0.0011551589221516522 0.002310317851234255
Estimated difference between T3^fnT3 - (T2^WT3 + h.c.) is: 0.0011551589290826028 1.3343921514392659e-06
total cost: -2.8258931541687824
singles alt: [(6, 0), (7, 1), (8, 0), (9, 1), (10, 0), (11, 1), (6, 2), (7, 3), (8, 2), (9, 3), (10, 2), (11, 3), (6, 4), (7, 5), (8, 4), (9, 5), (10, 4), (11, 5)]
length: 18 99
2*[T] vs T3fnT3: -0.00115515890894045 0.00231031782481185
Estimated difference between T3^fnT3 - (T2^WT3 + h.c.) is: 0.0011551589158714 1.3343921209171883e-06
total cost: -2.8258931541688086
singles alt: [(6, 0), (7, 1), (8, 0), (9, 1), (10, 0), (11, 1), (6, 2), (7, 3), (8, 2), (9, 3), (10, 2), (11, 3), (6, 4), (7, 5), (8, 4), (9, 5), (10, 4), (11, 5)]
length: 18 99
2*[T] vs T3fnT3: -0.0011551589074047556 0.0023103178217404614
Estimated difference between T3^fnT3 - (T2^WT3 + h.c.) is: 0.0011551589143357058 1.3343921173692464e-06
total cost: -2.825893154168329
singles alt: [(6, 0), (7, 1), (8, 0), (9, 1), (10, 0), (11, 1), (6, 2), (7, 3), (8, 2), (9, 3), (10, 2), (11, 3), (6, 4), (7, 5), (8, 4), (9, 5), (10, 4), (11, 5)]
length: 18 99
2*[T] vs T3fnT3: -0.0011551589089404354 0.0023103178248118205
Estimated difference between T3^fnT3 - (T2^WT3 + h.c.) is: 0.0011551589158713851 1.3343921209171538e-06
total cost: -2.8258931541688064
singles alt: [(6, 0), (7, 1), (8, 0), (9, 1), (10, 0), (11, 1), (6, 2), (7, 3), (8, 2), (9, 3), (10, 2), (11, 3), (6, 4), (7, 5), (8, 4), (9, 5), (10, 4), (11, 5)]
length: 18 99
2*[T] vs T3fnT3: -0.0011551589124533666 0.002310317831837684
Estimated difference between T3^fnT3 - (T2^WT3 + h.c.) is: 0.0011551589193843173 1.3343921290331436e-06
total cost: -2.825893154167745
singles alt: [(6, 0), (7, 1), (8, 0), (9, 1), (10, 0), (11, 1), (6, 2), (7, 3), (8, 2), (9, 3), (10, 2), (11, 3), (6, 4), (7, 5), (8, 4), (9, 5), (10, 4), (11, 5)]
length: 18 99
2*[T] vs T3fnT3: -0.0011551589078403347 0.0023103178226116187
Estimated difference between T3^fnT3 - (T2^WT3 + h.c.) is: 0.001155158914771284 1.3343921183755705e-06
total cost: -2.8258931541689702
singles alt: [(6, 0), (7, 1), (8, 0), (9, 1), (10, 0), (11, 1), (6, 2), (7, 3), (8, 2), (9, 3), (10, 2), (11, 3), (6, 4), (7, 5), (8, 4), (9, 5), (10, 4), (11, 5)]
length: 18 99
2*[T] vs T3fnT3: -0.001155158907687775 0.0023103178223065
Estimated difference between T3^fnT3 - (T2^WT3 + h.c.) is: 0.0011551589146187248 1.3343921180231103e-06
total cost: -2.825893154168957
singles alt: [(6, 0), (7, 1), (8, 0), (9, 1), (10, 0), (11, 1), (6, 2), (7, 3), (8, 2), (9, 3), (10, 2), (11, 3), (6, 4), (7, 5), (8, 4), (9, 5), (10, 4), (11, 5)]
length: 18 99
2*[T] vs T3fnT3: -0.0011551589089414877 0.0023103178248139265
Estimated difference between T3^fnT3 - (T2^WT3 + h.c.) is: 0.0011551589158724387 1.334392120919588e-06
total cost: -2.825893154168412
singles alt: [(6, 0), (7, 1), (8, 0), (9, 1), (10, 0), (11, 1), (6, 2), (7, 3), (8, 2), (9, 3), (10, 2), (11, 3), (6, 4), (7, 5), (8, 4), (9, 5), (10, 4), (11, 5)]
length: 18 99
2*[T] vs T3fnT3: -0.001155158908941517 0.0023103178248139846
Estimated difference between T3^fnT3 - (T2^WT3 + h.c.) is: 0.0011551589158724676 1.3343921209196547e-06
total cost: -2.8258931541684187
singles alt: [(6, 0), (7, 1), (8, 0), (9, 1), (10, 0), (11, 1), (6, 2), (7, 3), (8, 2), (9, 3), (10, 2), (11, 3), (6, 4), (7, 5), (8, 4), (9, 5), (10, 4), (11, 5)]
length: 18 99
2*[T] vs T3fnT3: -0.0011551589060094084 0.0023103178189497666
Estimated difference between T3^fnT3 - (T2^WT3 + h.c.) is: 0.0011551589129403582 1.33439211414555e-06
total cost: -2.825893154169002
singles alt: [(6, 0), (7, 1), (8, 0), (9, 1), (10, 0), (11, 1), (6, 2), (7, 3), (8, 2), (9, 3), (10, 2), (11, 3), (6, 4), (7, 5), (8, 4), (9, 5), (10, 4), (11, 5)]
length: 18 99
2*[T] vs T3fnT3: -0.0011551589059083504 0.002310317818747651
Estimated difference between T3^fnT3 - (T2^WT3 + h.c.) is: 0.0011551589128393006 1.3343921139120749e-06
total cost: -2.825893154169106
singles alt: [(6, 0), (7, 1), (8, 0), (9, 1), (10, 0), (11, 1), (6, 2), (7, 3), (8, 2), (9, 3), (10, 2), (11, 3), (6, 4), (7, 5), (8, 4), (9, 5), (10, 4), (11, 5)]
length: 18 99
2*[T] vs T3fnT3: -0.0011551589089413947 0.0023103178248137395
Estimated difference between T3^fnT3 - (T2^WT3 + h.c.) is: 0.0011551589158723449 1.3343921209193711e-06
total cost: -2.82589315416842
singles alt: [(6, 0), (7, 1), (8, 0), (9, 1), (10, 0), (11, 1), (6, 2), (7, 3), (8, 2), (9, 3), (10, 2), (11, 3), (6, 4), (7, 5), (8, 4), (9, 5), (10, 4), (11, 5)]
length: 18 99
2*[T] vs T3fnT3: -0.0011551589089413645 0.002310317824813679
Estimated difference between T3^fnT3 - (T2^WT3 + h.c.) is: 0.0011551589158723143 1.3343921209193004e-06
total cost: -2.8258931541684236
singles alt: [(6, 0), (7, 1), (8, 0), (9, 1), (10, 0), (11, 1), (6, 2), (7, 3), (8, 2), (9, 3), (10, 2), (11, 3), (6, 4), (7, 5), (8, 4), (9, 5), (10, 4), (11, 5)]
length: 18 99
2*[T] vs T3fnT3: -0.0011551589145324095 0.0023103178359957692
Estimated difference between T3^fnT3 - (T2^WT3 + h.c.) is: 0.0011551589214633597 1.3343921338363923e-06
total cost: -2.825893154168811
singles alt: [(6, 0), (7, 1), (8, 0), (9, 1), (10, 0), (11, 1), (6, 2), (7, 3), (8, 2), (9, 3), (10, 2), (11, 3), (6, 4), (7, 5), (8, 4), (9, 5), (10, 4), (11, 5)]
length: 18 99
2*[T] vs T3fnT3: -0.0011551589144565377 0.002310317835844026
Estimated difference between T3^fnT3 - (T2^WT3 + h.c.) is: 0.0011551589213874883 1.3343921336611054e-06
total cost: -2.8258931541687993
singles alt: [(6, 0), (7, 1), (8, 0), (9, 1), (10, 0), (11, 1), (6, 2), (7, 3), (8, 2), (9, 3), (10, 2), (11, 3), (6, 4), (7, 5), (8, 4), (9, 5), (10, 4), (11, 5)]
length: 18 99
2*[T] vs T3fnT3: -0.0011551589089417386 0.002310317824814427
Estimated difference between T3^fnT3 - (T2^WT3 + h.c.) is: 0.0011551589158726883 1.3343921209201646e-06
total cost: -2.825893154168415
singles alt: [(6, 0), (7, 1), (8, 0), (9, 1), (10, 0), (11, 1), (6, 2), (7, 3), (8, 2), (9, 3), (10, 2), (11, 3), (6, 4), (7, 5), (8, 4), (9, 5), (10, 4), (11, 5)]
length: 18 99
2*[T] vs T3fnT3: -0.0011551589089417225 0.002310317824814395
Estimated difference between T3^fnT3 - (T2^WT3 + h.c.) is: 0.0011551589158726723 1.3343921209201275e-06
total cost: -2.8258931541684102
singles alt: [(6, 0), (7, 1), (8, 0), (9, 1), (10, 0), (11, 1), (6, 2), (7, 3), (8, 2), (9, 3), (10, 2), (11, 3), (6, 4), (7, 5), (8, 4), (9, 5), (10, 4), (11, 5)]
length: 18 99
2*[T] vs T3fnT3: -0.001155158911829842 0.0023103178305906333
Estimated difference between T3^fnT3 - (T2^WT3 + h.c.) is: 0.0011551589187607913 1.3343921275926004e-06
total cost: -2.8258931541690204
singles alt: [(6, 0), (7, 1), (8, 0), (9, 1), (10, 0), (11, 1), (6, 2), (7, 3), (8, 2), (9, 3), (10, 2), (11, 3), (6, 4), (7, 5), (8, 4), (9, 5), (10, 4), (11, 5)]
length: 18 99
2*[T] vs T3fnT3: -0.001155158911604708 0.0023103178301403654
Estimated difference between T3^fnT3 - (T2^WT3 + h.c.) is: 0.0011551589185356574 1.3343921270724694e-06
total cost: -2.82589315416892
singles alt: [(6, 0), (7, 1), (8, 0), (9, 1), (10, 0), (11, 1), (6, 2), (7, 3), (8, 2), (9, 3), (10, 2), (11, 3), (6, 4), (7, 5), (8, 4), (9, 5), (10, 4), (11, 5)]
length: 18 99
2*[T] vs T3fnT3: -0.0011551589089416905 0.0023103178248143315
Estimated difference between T3^fnT3 - (T2^WT3 + h.c.) is: 0.001155158915872641 1.3343921209200553e-06
total cost: -2.825893154168415
singles alt: [(6, 0), (7, 1), (8, 0), (9, 1), (10, 0), (11, 1), (6, 2), (7, 3), (8, 2), (9, 3), (10, 2), (11, 3), (6, 4), (7, 5), (8, 4), (9, 5), (10, 4), (11, 5)]
length: 18 99
2*[T] vs T3fnT3: -0.0011551589089416614 0.0023103178248142717
Estimated difference between T3^fnT3 - (T2^WT3 + h.c.) is: 0.0011551589158726103 1.3343921209199844e-06
total cost: -2.8258931541684094
singles alt: [(6, 0), (7, 1), (8, 0), (9, 1), (10, 0), (11, 1), (6, 2), (7, 3), (8, 2), (9, 3), (10, 2), (11, 3), (6, 4), (7, 5), (8, 4), (9, 5), (10, 4), (11, 5)]
length: 18 99
2*[T] vs T3fnT3: -0.001155158910478038 0.002310317827887027
Estimated difference between T3^fnT3 - (T2^WT3 + h.c.) is: 0.001155158917408989 1.3343921244695073e-06
total cost: -2.8258931541686456
singles alt: [(6, 0), (7, 1), (8, 0), (9, 1), (10, 0), (11, 1), (6, 2), (7, 3), (8, 2), (9, 3), (10, 2), (11, 3), (6, 4), (7, 5), (8, 4), (9, 5), (10, 4), (11, 5)]
length: 18 99
2*[T] vs T3fnT3: -0.0011551589104379 0.002310317827806751
Estimated difference between T3^fnT3 - (T2^WT3 + h.c.) is: 0.0011551589173688511 1.3343921243767762e-06
total cost: -2.8258931541686607
singles alt: [(6, 0), (7, 1), (8, 0), (9, 1), (10, 0), (11, 1), (6, 2), (7, 3), (8, 2), (9, 3), (10, 2), (11, 3), (6, 4), (7, 5), (8, 4), (9, 5), (10, 4), (11, 5)]
length: 18 99
2*[T] vs T3fnT3: -0.0011551589089413177 0.002310317824813585
Estimated difference between T3^fnT3 - (T2^WT3 + h.c.) is: 0.0011551589158722674 1.3343921209191922e-06
total cost: -2.8258931541684196
singles alt: [(6, 0), (7, 1), (8, 0), (9, 1), (10, 0), (11, 1), (6, 2), (7, 3), (8, 2), (9, 3), (10, 2), (11, 3), (6, 4), (7, 5), (8, 4), (9, 5), (10, 4), (11, 5)]
length: 18 99
2*[T] vs T3fnT3: -0.0011551589089413177 0.002310317824813585
Estimated difference between T3^fnT3 - (T2^WT3 + h.c.) is: 0.0011551589158722674 1.3343921209191922e-06
total cost: -2.8258931541684245
singles alt: [(6, 0), (7, 1), (8, 0), (9, 1), (10, 0), (11, 1), (6, 2), (7, 3), (8, 2), (9, 3), (10, 2), (11, 3), (6, 4), (7, 5), (8, 4), (9, 5), (10, 4), (11, 5)]
length: 18 99
2*[T] vs T3fnT3: -0.0011551589089413177 0.002310317824813585
Estimated difference between T3^fnT3 - (T2^WT3 + h.c.) is: 0.0011551589158722674 1.3343921209191922e-06
total cost: -2.8258931541693317
singles alt: [(6, 0), (7, 1), (8, 0), (9, 1), (10, 0), (11, 1), (6, 2), (7, 3), (8, 2), (9, 3), (10, 2), (11, 3), (6, 4), (7, 5), (8, 4), (9, 5), (10, 4), (11, 5)]
length: 18 99
2*[T] vs T3fnT3: -0.0011551589089413177 0.002310317824813585
Estimated difference between T3^fnT3 - (T2^WT3 + h.c.) is: 0.0011551589158722674 1.3343921209191922e-06
total cost: -2.8258931541691394
singles alt: [(6, 0), (7, 1), (8, 0), (9, 1), (10, 0), (11, 1), (6, 2), (7, 3), (8, 2), (9, 3), (10, 2), (11, 3), (6, 4), (7, 5), (8, 4), (9, 5), (10, 4), (11, 5)]
length: 18 99
2*[T] vs T3fnT3: -0.0011551589089413177 0.002310317824813585
Estimated difference between T3^fnT3 - (T2^WT3 + h.c.) is: 0.0011551589158722674 1.3343921209191922e-06
total cost: -2.825893154168405
singles alt: [(6, 0), (7, 1), (8, 0), (9, 1), (10, 0), (11, 1), (6, 2), (7, 3), (8, 2), (9, 3), (10, 2), (11, 3), (6, 4), (7, 5), (8, 4), (9, 5), (10, 4), (11, 5)]
length: 18 99
2*[T] vs T3fnT3: -0.0011551589089413177 0.002310317824813585
Estimated difference between T3^fnT3 - (T2^WT3 + h.c.) is: 0.0011551589158722674 1.3343921209191922e-06
total cost: -2.825893154168402
singles alt: [(6, 0), (7, 1), (8, 0), (9, 1), (10, 0), (11, 1), (6, 2), (7, 3), (8, 2), (9, 3), (10, 2), (11, 3), (6, 4), (7, 5), (8, 4), (9, 5), (10, 4), (11, 5)]
length: 18 99
2*[T] vs T3fnT3: -0.0011551589089413177 0.002310317824813585
Estimated difference between T3^fnT3 - (T2^WT3 + h.c.) is: 0.0011551589158722674 1.3343921209191922e-06
total cost: -2.825893154167246
singles alt: [(6, 0), (7, 1), (8, 0), (9, 1), (10, 0), (11, 1), (6, 2), (7, 3), (8, 2), (9, 3), (10, 2), (11, 3), (6, 4), (7, 5), (8, 4), (9, 5), (10, 4), (11, 5)]
length: 18 99
2*[T] vs T3fnT3: -0.0011551589089413177 0.002310317824813585
Estimated difference between T3^fnT3 - (T2^WT3 + h.c.) is: 0.0011551589158722674 1.3343921209191922e-06
total cost: -2.8258931541675634
singles alt: [(6, 0), (7, 1), (8, 0), (9, 1), (10, 0), (11, 1), (6, 2), (7, 3), (8, 2), (9, 3), (10, 2), (11, 3), (6, 4), (7, 5), (8, 4), (9, 5), (10, 4), (11, 5)]
length: 18 99
2*[T] vs T3fnT3: -0.0011551589089413177 0.002310317824813585
Estimated difference between T3^fnT3 - (T2^WT3 + h.c.) is: 0.0011551589158722674 1.3343921209191922e-06
total cost: -2.8258931541684316
singles alt: [(6, 0), (7, 1), (8, 0), (9, 1), (10, 0), (11, 1), (6, 2), (7, 3), (8, 2), (9, 3), (10, 2), (11, 3), (6, 4), (7, 5), (8, 4), (9, 5), (10, 4), (11, 5)]
length: 18 99
2*[T] vs T3fnT3: -0.0011551589089413177 0.002310317824813585
Estimated difference between T3^fnT3 - (T2^WT3 + h.c.) is: 0.0011551589158722674 1.3343921209191922e-06
total cost: -2.825893154168437
singles alt: [(6, 0), (7, 1), (8, 0), (9, 1), (10, 0), (11, 1), (6, 2), (7, 3), (8, 2), (9, 3), (10, 2), (11, 3), (6, 4), (7, 5), (8, 4), (9, 5), (10, 4), (11, 5)]
length: 18 99
2*[T] vs T3fnT3: -0.0011551589089413177 0.002310317824813585
Estimated difference between T3^fnT3 - (T2^WT3 + h.c.) is: 0.0011551589158722674 1.3343921209191922e-06
total cost: -2.825893154169023
singles alt: [(6, 0), (7, 1), (8, 0), (9, 1), (10, 0), (11, 1), (6, 2), (7, 3), (8, 2), (9, 3), (10, 2), (11, 3), (6, 4), (7, 5), (8, 4), (9, 5), (10, 4), (11, 5)]
length: 18 99
2*[T] vs T3fnT3: -0.0011551589089413177 0.002310317824813585
Estimated difference between T3^fnT3 - (T2^WT3 + h.c.) is: 0.0011551589158722674 1.3343921209191922e-06
total cost: -2.8258931541687917
singles alt: [(6, 0), (7, 1), (8, 0), (9, 1), (10, 0), (11, 1), (6, 2), (7, 3), (8, 2), (9, 3), (10, 2), (11, 3), (6, 4), (7, 5), (8, 4), (9, 5), (10, 4), (11, 5)]
length: 18 99
2*[T] vs T3fnT3: -0.0011551589089413177 0.002310317824813585
Estimated difference between T3^fnT3 - (T2^WT3 + h.c.) is: 0.0011551589158722674 1.3343921209191922e-06
total cost: -2.8258931541684422
singles alt: [(6, 0), (7, 1), (8, 0), (9, 1), (10, 0), (11, 1), (6, 2), (7, 3), (8, 2), (9, 3), (10, 2), (11, 3), (6, 4), (7, 5), (8, 4), (9, 5), (10, 4), (11, 5)]
length: 18 99
2*[T] vs T3fnT3: -0.0011551589089413177 0.002310317824813585
Estimated difference between T3^fnT3 - (T2^WT3 + h.c.) is: 0.0011551589158722674 1.3343921209191922e-06
total cost: -2.825893154168442
singles alt: [(6, 0), (7, 1), (8, 0), (9, 1), (10, 0), (11, 1), (6, 2), (7, 3), (8, 2), (9, 3), (10, 2), (11, 3), (6, 4), (7, 5), (8, 4), (9, 5), (10, 4), (11, 5)]
length: 18 99
2*[T] vs T3fnT3: -0.0011551589089413177 0.002310317824813585
Estimated difference between T3^fnT3 - (T2^WT3 + h.c.) is: 0.0011551589158722674 1.3343921209191922e-06
total cost: -2.8258931541677956
singles alt: [(6, 0), (7, 1), (8, 0), (9, 1), (10, 0), (11, 1), (6, 2), (7, 3), (8, 2), (9, 3), (10, 2), (11, 3), (6, 4), (7, 5), (8, 4), (9, 5), (10, 4), (11, 5)]
length: 18 99
2*[T] vs T3fnT3: -0.0011551589089413177 0.002310317824813585
Estimated difference between T3^fnT3 - (T2^WT3 + h.c.) is: 0.0011551589158722674 1.3343921209191922e-06
total cost: -2.825893154168133
singles alt: [(6, 0), (7, 1), (8, 0), (9, 1), (10, 0), (11, 1), (6, 2), (7, 3), (8, 2), (9, 3), (10, 2), (11, 3), (6, 4), (7, 5), (8, 4), (9, 5), (10, 4), (11, 5)]
length: 18 99
2*[T] vs T3fnT3: -0.0011551589089413177 0.002310317824813585
Estimated difference between T3^fnT3 - (T2^WT3 + h.c.) is: 0.0011551589158722674 1.3343921209191922e-06
total cost: -2.8258931541684253
singles alt: [(6, 0), (7, 1), (8, 0), (9, 1), (10, 0), (11, 1), (6, 2), (7, 3), (8, 2), (9, 3), (10, 2), (11, 3), (6, 4), (7, 5), (8, 4), (9, 5), (10, 4), (11, 5)]
length: 18 99
2*[T] vs T3fnT3: -0.0011551589089413177 0.002310317824813585
Estimated difference between T3^fnT3 - (T2^WT3 + h.c.) is: 0.0011551589158722674 1.3343921209191922e-06
total cost: -2.825893154168425
singles alt: [(6, 0), (7, 1), (8, 0), (9, 1), (10, 0), (11, 1), (6, 2), (7, 3), (8, 2), (9, 3), (10, 2), (11, 3), (6, 4), (7, 5), (8, 4), (9, 5), (10, 4), (11, 5)]
callback: energy=-2.827048313084
singles alt: [(6, 0), (7, 1), (8, 0), (9, 1), (10, 0), (11, 1), (6, 2), (7, 3), (8, 2), (9, 3), (10, 2), (11, 3), (6, 4), (7, 5), (8, 4), (9, 5), (10, 4), (11, 5)]
length: 18 99
2*[T] vs T3fnT3: -0.0011554640541042815 0.0023109281151413477
Estimated difference between T3^fnT3 - (T2^WT3 + h.c.) is: 0.0011554640610370662 1.335097196348269e-06
total cost: -2.825893327424781
singles alt: [(6, 0), (7, 1), (8, 0), (9, 1), (10, 0), (11, 1), (6, 2), (7, 3), (8, 2), (9, 3), (10, 2), (11, 3), (6, 4), (7, 5), (8, 4), (9, 5), (10, 4), (11, 5)]
length: 18 99
2*[T] vs T3fnT3: -0.0011554640566117766 0.002310928120156338
Estimated difference between T3^fnT3 - (T2^WT3 + h.c.) is: 0.0011554640635445612 1.3350972021429099e-06
total cost: -2.8258933274238203
singles alt: [(6, 0), (7, 1), (8, 0), (9, 1), (10, 0), (11, 1), (6, 2), (7, 3), (8, 2), (9, 3), (10, 2), (11, 3), (6, 4), (7, 5), (8, 4), (9, 5), (10, 4), (11, 5)]
length: 18 99
2*[T] vs T3fnT3: -0.0011554640541058283 0.0023109281151444403
Estimated difference between T3^fnT3 - (T2^WT3 + h.c.) is: 0.001155464061038612 1.3350971963518413e-06
total cost: -2.8258933274229316
singles alt: [(6, 0), (7, 1), (8, 0), (9, 1), (10, 0), (11, 1), (6, 2), (7, 3), (8, 2), (9, 3), (10, 2), (11, 3), (6, 4), (7, 5), (8, 4), (9, 5), (10, 4), (11, 5)]
length: 18 99
2*[T] vs T3fnT3: -0.0011554640533228322 0.0023109281135784486
Estimated difference between T3^fnT3 - (T2^WT3 + h.c.) is: 0.0011554640602556164 1.3350971945423947e-06
total cost: -2.8258933274247604
singles alt: [(6, 0), (7, 1), (8, 0), (9, 1), (10, 0), (11, 1), (6, 2), (7, 3), (8, 2), (9, 3), (10, 2), (11, 3), (6, 4), (7, 5), (8, 4), (9, 5), (10, 4), (11, 5)]
length: 18 99
2*[T] vs T3fnT3: -0.001155464054105746 0.0023109281151442763
Estimated difference between T3^fnT3 - (T2^WT3 + h.c.) is: 0.0011554640610385303 1.3350971963516524e-06
total cost: -2.8258933274230293
singles alt: [(6, 0), (7, 1), (8, 0), (9, 1), (10, 0), (11, 1), (6, 2), (7, 3), (8, 2), (9, 3), (10, 2), (11, 3), (6, 4), (7, 5), (8, 4), (9, 5), (10, 4), (11, 5)]
length: 18 99
2*[T] vs T3fnT3: -0.0011554640589193635 0.0023109281247715103
Estimated difference between T3^fnT3 - (T2^WT3 + h.c.) is: 0.0011554640658521468 1.3350972074755741e-06
total cost: -2.8258933274254483
singles alt: [(6, 0), (7, 1), (8, 0), (9, 1), (10, 0), (11, 1), (6, 2), (7, 3), (8, 2), (9, 3), (10, 2), (11, 3), (6, 4), (7, 5), (8, 4), (9, 5), (10, 4), (11, 5)]
length: 18 99
2*[T] vs T3fnT3: -0.0011554640541022803 0.002310928115137345
Estimated difference between T3^fnT3 - (T2^WT3 + h.c.) is: 0.0011554640610350645 1.3350971963436433e-06
total cost: -2.8258933274264835
singles alt: [(6, 0), (7, 1), (8, 0), (9, 1), (10, 0), (11, 1), (6, 2), (7, 3), (8, 2), (9, 3), (10, 2), (11, 3), (6, 4), (7, 5), (8, 4), (9, 5), (10, 4), (11, 5)]
length: 18 99
2*[T] vs T3fnT3: -0.0011554640533337351 0.002310928113600255
Estimated difference between T3^fnT3 - (T2^WT3 + h.c.) is: 0.0011554640602665198 1.3350971945675916e-06
total cost: -2.8258933274253506
singles alt: [(6, 0), (7, 1), (8, 0), (9, 1), (10, 0), (11, 1), (6, 2), (7, 3), (8, 2), (9, 3), (10, 2), (11, 3), (6, 4), (7, 5), (8, 4), (9, 5), (10, 4), (11, 5)]
length: 18 99
2*[T] vs T3fnT3: -0.00115546405410227 0.0023109281151373236
Estimated difference between T3^fnT3 - (T2^WT3 + h.c.) is: 0.0011554640610350537 1.3350971963436183e-06
total cost: -2.8258933274264484
singles alt: [(6, 0), (7, 1), (8, 0), (9, 1), (10, 0), (11, 1), (6, 2), (7, 3), (8, 2), (9, 3), (10, 2), (11, 3), (6, 4), (7, 5), (8, 4), (9, 5), (10, 4), (11, 5)]
length: 18 99
2*[T] vs T3fnT3: -0.0011554640606096607 0.002310928128152104
Estimated difference between T3^fnT3 - (T2^WT3 + h.c.) is: 0.0011554640675424431 1.3350972113817276e-06
total cost: -2.8258933274245157
singles alt: [(6, 0), (7, 1), (8, 0), (9, 1), (10, 0), (11, 1), (6, 2), (7, 3), (8, 2), (9, 3), (10, 2), (11, 3), (6, 4), (7, 5), (8, 4), (9, 5), (10, 4), (11, 5)]
length: 18 99
2*[T] vs T3fnT3: -0.0011554640541054674 0.00231092811514372
Estimated difference between T3^fnT3 - (T2^WT3 + h.c.) is: 0.0011554640610382525 1.3350971963510106e-06
total cost: -2.8258933274233167
singles alt: [(6, 0), (7, 1), (8, 0), (9, 1), (10, 0), (11, 1), (6, 2), (7, 3), (8, 2), (9, 3), (10, 2), (11, 3), (6, 4), (7, 5), (8, 4), (9, 5), (10, 4), (11, 5)]
length: 18 99
2*[T] vs T3fnT3: -0.0011554640492201888 0.0023109281053731606
Estimated difference between T3^fnT3 - (T2^WT3 + h.c.) is: 0.0011554640561529717 1.3350971850614779e-06
total cost: -2.8258933274253066
singles alt: [(6, 0), (7, 1), (8, 0), (9, 1), (10, 0), (11, 1), (6, 2), (7, 3), (8, 2), (9, 3), (10, 2), (11, 3), (6, 4), (7, 5), (8, 4), (9, 5), (10, 4), (11, 5)]
length: 18 99
2*[T] vs T3fnT3: -0.0011554640541042692 0.002310928115141323
Estimated difference between T3^fnT3 - (T2^WT3 + h.c.) is: 0.0011554640610370538 1.3350971963482404e-06
total cost: -2.8258933274255083
singles alt: [(6, 0), (7, 1), (8, 0), (9, 1), (10, 0), (11, 1), (6, 2), (7, 3), (8, 2), (9, 3), (10, 2), (11, 3), (6, 4), (7, 5), (8, 4), (9, 5), (10, 4), (11, 5)]
length: 18 99
2*[T] vs T3fnT3: -0.001155464053754146 0.002310928114441075
Estimated difference between T3^fnT3 - (T2^WT3 + h.c.) is: 0.001155464060686929 1.335097195539127e-06
total cost: -2.825893327425998
singles alt: [(6, 0), (7, 1), (8, 0), (9, 1), (10, 0), (11, 1), (6, 2), (7, 3), (8, 2), (9, 3), (10, 2), (11, 3), (6, 4), (7, 5), (8, 4), (9, 5), (10, 4), (11, 5)]
length: 18 99
2*[T] vs T3fnT3: -0.0011554640541060364 0.0023109281151448566
Estimated difference between T3^fnT3 - (T2^WT3 + h.c.) is: 0.0011554640610388202 1.3350971963523224e-06
total cost: -2.8258933274228135
singles alt: [(6, 0), (7, 1), (8, 0), (9, 1), (10, 0), (11, 1), (6, 2), (7, 3), (8, 2), (9, 3), (10, 2), (11, 3), (6, 4), (7, 5), (8, 4), (9, 5), (10, 4), (11, 5)]
length: 18 99
2*[T] vs T3fnT3: -0.0011554640641600832 0.0023109281352529498
Estimated difference between T3^fnT3 - (T2^WT3 + h.c.) is: 0.0011554640710928665 1.335097219586501e-06
total cost: -2.825893327424624
singles alt: [(6, 0), (7, 1), (8, 0), (9, 1), (10, 0), (11, 1), (6, 2), (7, 3), (8, 2), (9, 3), (10, 2), (11, 3), (6, 4), (7, 5), (8, 4), (9, 5), (10, 4), (11, 5)]
length: 18 99
2*[T] vs T3fnT3: -0.0011554640541037717 0.0023109281151403272
Estimated difference between T3^fnT3 - (T2^WT3 + h.c.) is: 0.0011554640610365555 1.3350971963470888e-06
total cost: -2.8258933274254243
singles alt: [(6, 0), (7, 1), (8, 0), (9, 1), (10, 0), (11, 1), (6, 2), (7, 3), (8, 2), (9, 3), (10, 2), (11, 3), (6, 4), (7, 5), (8, 4), (9, 5), (10, 4), (11, 5)]
length: 18 99
2*[T] vs T3fnT3: -0.0011554640584395019 0.0023109281238117884
Estimated difference between T3^fnT3 - (T2^WT3 + h.c.) is: 0.0011554640653722865 1.3350972063666515e-06
total cost: -2.8258933274250455
singles alt: [(6, 0), (7, 1), (8, 0), (9, 1), (10, 0), (11, 1), (6, 2), (7, 3), (8, 2), (9, 3), (10, 2), (11, 3), (6, 4), (7, 5), (8, 4), (9, 5), (10, 4), (11, 5)]
length: 18 99
2*[T] vs T3fnT3: -0.0011554640541052558 0.002310928115143297
Estimated difference between T3^fnT3 - (T2^WT3 + h.c.) is: 0.0011554640610380413 1.3350971963505225e-06
total cost: -2.8258933274237594
singles alt: [(6, 0), (7, 1), (8, 0), (9, 1), (10, 0), (11, 1), (6, 2), (7, 3), (8, 2), (9, 3), (10, 2), (11, 3), (6, 4), (7, 5), (8, 4), (9, 5), (10, 4), (11, 5)]
length: 18 99
2*[T] vs T3fnT3: -0.001155464055611556 0.0023109281181558964
Estimated difference between T3^fnT3 - (T2^WT3 + h.c.) is: 0.0011554640625443403 1.335097199831471e-06
total cost: -2.825893327424372
singles alt: [(6, 0), (7, 1), (8, 0), (9, 1), (10, 0), (11, 1), (6, 2), (7, 3), (8, 2), (9, 3), (10, 2), (11, 3), (6, 4), (7, 5), (8, 4), (9, 5), (10, 4), (11, 5)]
length: 18 99
2*[T] vs T3fnT3: -0.0011554640541039955 0.0023109281151407752
Estimated difference between T3^fnT3 - (T2^WT3 + h.c.) is: 0.0011554640610367797 1.335097196347607e-06
total cost: -2.825893327425239
singles alt: [(6, 0), (7, 1), (8, 0), (9, 1), (10, 0), (11, 1), (6, 2), (7, 3), (8, 2), (9, 3), (10, 2), (11, 3), (6, 4), (7, 5), (8, 4), (9, 5), (10, 4), (11, 5)]
length: 18 99
2*[T] vs T3fnT3: -0.0011554640652279864 0.0023109281373887565
Estimated difference between T3^fnT3 - (T2^WT3 + h.c.) is: 0.0011554640721607701 1.3350972220543495e-06
total cost: -2.82589332742522
singles alt: [(6, 0), (7, 1), (8, 0), (9, 1), (10, 0), (11, 1), (6, 2), (7, 3), (8, 2), (9, 3), (10, 2), (11, 3), (6, 4), (7, 5), (8, 4), (9, 5), (10, 4), (11, 5)]
length: 18 99
2*[T] vs T3fnT3: -0.0011554640541030163 0.0023109281151388176
Estimated difference between T3^fnT3 - (T2^WT3 + h.c.) is: 0.0011554640610358013 1.335097196345346e-06
total cost: -2.8258933274252374
singles alt: [(6, 0), (7, 1), (8, 0), (9, 1), (10, 0), (11, 1), (6, 2), (7, 3), (8, 2), (9, 3), (10, 2), (11, 3), (6, 4), (7, 5), (8, 4), (9, 5), (10, 4), (11, 5)]
length: 18 99
2*[T] vs T3fnT3: -0.001155464054214453 0.0023109281153616905
Estimated difference between T3^fnT3 - (T2^WT3 + h.c.) is: 0.0011554640611472376 1.3350971966028672e-06
total cost: -2.82589332742452
singles alt: [(6, 0), (7, 1), (8, 0), (9, 1), (10, 0), (11, 1), (6, 2), (7, 3), (8, 2), (9, 3), (10, 2), (11, 3), (6, 4), (7, 5), (8, 4), (9, 5), (10, 4), (11, 5)]
length: 18 99
2*[T] vs T3fnT3: -0.0011554640541053792 0.0023109281151435447
Estimated difference between T3^fnT3 - (T2^WT3 + h.c.) is: 0.0011554640610381656 1.3350971963508096e-06
total cost: -2.825893327424462
singles alt: [(6, 0), (7, 1), (8, 0), (9, 1), (10, 0), (11, 1), (6, 2), (7, 3), (8, 2), (9, 3), (10, 2), (11, 3), (6, 4), (7, 5), (8, 4), (9, 5), (10, 4), (11, 5)]
length: 18 99
2*[T] vs T3fnT3: -0.0011554640595058197 0.002310928125944424
Estimated difference between T3^fnT3 - (T2^WT3 + h.c.) is: 0.0011554640664386043 1.3350972088308355e-06
total cost: -2.8258933274247378
singles alt: [(6, 0), (7, 1), (8, 0), (9, 1), (10, 0), (11, 1), (6, 2), (7, 3), (8, 2), (9, 3), (10, 2), (11, 3), (6, 4), (7, 5), (8, 4), (9, 5), (10, 4), (11, 5)]
length: 18 99
2*[T] vs T3fnT3: -0.001155464054104533 0.0023109281151418503
Estimated difference between T3^fnT3 - (T2^WT3 + h.c.) is: 0.0011554640610373173 1.3350971963488492e-06
total cost: -2.825893327424456
singles alt: [(6, 0), (7, 1), (8, 0), (9, 1), (10, 0), (11, 1), (6, 2), (7, 3), (8, 2), (9, 3), (10, 2), (11, 3), (6, 4), (7, 5), (8, 4), (9, 5), (10, 4), (11, 5)]
length: 18 99
2*[T] vs T3fnT3: -0.001155464052399726 0.0023109281117322353
Estimated difference between T3^fnT3 - (T2^WT3 + h.c.) is: 0.0011554640593325093 1.3350971924091607e-06
total cost: -2.8258933274242755
singles alt: [(6, 0), (7, 1), (8, 0), (9, 1), (10, 0), (11, 1), (6, 2), (7, 3), (8, 2), (9, 3), (10, 2), (11, 3), (6, 4), (7, 5), (8, 4), (9, 5), (10, 4), (11, 5)]
length: 18 99
2*[T] vs T3fnT3: -0.0011554640541051792 0.0023109281151431427
Estimated difference between T3^fnT3 - (T2^WT3 + h.c.) is: 0.0011554640610379635 1.3350971963503425e-06
total cost: -2.825893327423683
singles alt: [(6, 0), (7, 1), (8, 0), (9, 1), (10, 0), (11, 1), (6, 2), (7, 3), (8, 2), (9, 3), (10, 2), (11, 3), (6, 4), (7, 5), (8, 4), (9, 5), (10, 4), (11, 5)]
length: 18 99
2*[T] vs T3fnT3: -0.0011554640538569752 0.002310928114646733
Estimated difference between T3^fnT3 - (T2^WT3 + h.c.) is: 0.0011554640607897577 1.335097195776757e-06
total cost: -2.825893327425533
singles alt: [(6, 0), (7, 1), (8, 0), (9, 1), (10, 0), (11, 1), (6, 2), (7, 3), (8, 2), (9, 3), (10, 2), (11, 3), (6, 4), (7, 5), (8, 4), (9, 5), (10, 4), (11, 5)]
length: 18 99
2*[T] vs T3fnT3: -0.0011554640541037468 0.002310928115140279
Estimated difference between T3^fnT3 - (T2^WT3 + h.c.) is: 0.0011554640610365323 1.3350971963470353e-06
total cost: -2.825893327425404
singles alt: [(6, 0), (7, 1), (8, 0), (9, 1), (10, 0), (11, 1), (6, 2), (7, 3), (8, 2), (9, 3), (10, 2), (11, 3), (6, 4), (7, 5), (8, 4), (9, 5), (10, 4), (11, 5)]
length: 18 99
2*[T] vs T3fnT3: -0.0011554640492963185 0.002310928105525422
Estimated difference between T3^fnT3 - (T2^WT3 + h.c.) is: 0.0011554640562291035 1.335097185237413e-06
total cost: -2.825893327424733
singles alt: [(6, 0), (7, 1), (8, 0), (9, 1), (10, 0), (11, 1), (6, 2), (7, 3), (8, 2), (9, 3), (10, 2), (11, 3), (6, 4), (7, 5), (8, 4), (9, 5), (10, 4), (11, 5)]
length: 18 99
2*[T] vs T3fnT3: -0.0011554640541058963 0.002310928115144577
Estimated difference between T3^fnT3 - (T2^WT3 + h.c.) is: 0.0011554640610386805 1.3350971963519997e-06
total cost: -2.825893327423069
singles alt: [(6, 0), (7, 1), (8, 0), (9, 1), (10, 0), (11, 1), (6, 2), (7, 3), (8, 2), (9, 3), (10, 2), (11, 3), (6, 4), (7, 5), (8, 4), (9, 5), (10, 4), (11, 5)]
length: 18 99
2*[T] vs T3fnT3: -0.0011554640586983612 0.002310928124329507
Estimated difference between T3^fnT3 - (T2^WT3 + h.c.) is: 0.0011554640656311458 1.3350972069648569e-06
total cost: -2.8258933274250344
singles alt: [(6, 0), (7, 1), (8, 0), (9, 1), (10, 0), (11, 1), (6, 2), (7, 3), (8, 2), (9, 3), (10, 2), (11, 3), (6, 4), (7, 5), (8, 4), (9, 5), (10, 4), (11, 5)]
length: 18 99
2*[T] vs T3fnT3: -0.0011554640541041367 0.002310928115141058
Estimated difference between T3^fnT3 - (T2^WT3 + h.c.) is: 0.0011554640610369213 1.3350971963479342e-06
total cost: -2.825893327425528
singles alt: [(6, 0), (7, 1), (8, 0), (9, 1), (10, 0), (11, 1), (6, 2), (7, 3), (8, 2), (9, 3), (10, 2), (11, 3), (6, 4), (7, 5), (8, 4), (9, 5), (10, 4), (11, 5)]
length: 18 99
2*[T] vs T3fnT3: -0.0011554640645700005 0.0023109281360727844
Estimated difference between T3^fnT3 - (T2^WT3 + h.c.) is: 0.0011554640715027839 1.3350972205337904e-06
total cost: -2.8258933274245877
singles alt: [(6, 0), (7, 1), (8, 0), (9, 1), (10, 0), (11, 1), (6, 2), (7, 3), (8, 2), (9, 3), (10, 2), (11, 3), (6, 4), (7, 5), (8, 4), (9, 5), (10, 4), (11, 5)]
length: 18 99
2*[T] vs T3fnT3: -0.0011554640541052528 0.00231092811514329
Estimated difference between T3^fnT3 - (T2^WT3 + h.c.) is: 0.0011554640610380374 1.3350971963505134e-06
total cost: -2.8258933274238083
singles alt: [(6, 0), (7, 1), (8, 0), (9, 1), (10, 0), (11, 1), (6, 2), (7, 3), (8, 2), (9, 3), (10, 2), (11, 3), (6, 4), (7, 5), (8, 4), (9, 5), (10, 4), (11, 5)]
length: 18 99
2*[T] vs T3fnT3: -0.0011554640614320991 0.0023109281297969825
Estimated difference between T3^fnT3 - (T2^WT3 + h.c.) is: 0.0011554640683648833 1.3350972132823278e-06
total cost: -2.825893327425603
singles alt: [(6, 0), (7, 1), (8, 0), (9, 1), (10, 0), (11, 1), (6, 2), (7, 3), (8, 2), (9, 3), (10, 2), (11, 3), (6, 4), (7, 5), (8, 4), (9, 5), (10, 4), (11, 5)]
length: 18 99
2*[T] vs T3fnT3: -0.0011554640541049984 0.0023109281151427806
Estimated difference between T3^fnT3 - (T2^WT3 + h.c.) is: 0.0011554640610377822 1.3350971963499236e-06
total cost: -2.825893327423184
singles alt: [(6, 0), (7, 1), (8, 0), (9, 1), (10, 0), (11, 1), (6, 2), (7, 3), (8, 2), (9, 3), (10, 2), (11, 3), (6, 4), (7, 5), (8, 4), (9, 5), (10, 4), (11, 5)]
length: 18 99
2*[T] vs T3fnT3: -0.0011554640506770974 0.002310928108286981
Estimated difference between T3^fnT3 - (T2^WT3 + h.c.) is: 0.0011554640576098834 1.335097188428296e-06
total cost: -2.8258933274252263
singles alt: [(6, 0), (7, 1), (8, 0), (9, 1), (10, 0), (11, 1), (6, 2), (7, 3), (8, 2), (9, 3), (10, 2), (11, 3), (6, 4), (7, 5), (8, 4), (9, 5), (10, 4), (11, 5)]
length: 18 99
2*[T] vs T3fnT3: -0.0011554640541051023 0.002310928115142989
Estimated difference between T3^fnT3 - (T2^WT3 + h.c.) is: 0.001155464061037887 1.3350971963501657e-06
total cost: -2.8258933274231564
singles alt: [(6, 0), (7, 1), (8, 0), (9, 1), (10, 0), (11, 1), (6, 2), (7, 3), (8, 2), (9, 3), (10, 2), (11, 3), (6, 4), (7, 5), (8, 4), (9, 5), (10, 4), (11, 5)]
length: 18 99
2*[T] vs T3fnT3: -0.0011554640725453123 0.002310928152023409
Estimated difference between T3^fnT3 - (T2^WT3 + h.c.) is: 0.0011554640794780966 1.335097238964165e-06
total cost: -2.825893327424745
singles alt: [(6, 0), (7, 1), (8, 0), (9, 1), (10, 0), (11, 1), (6, 2), (7, 3), (8, 2), (9, 3), (10, 2), (11, 3), (6, 4), (7, 5), (8, 4), (9, 5), (10, 4), (11, 5)]
length: 18 99
2*[T] vs T3fnT3: -0.0011554640541030158 0.0023109281151388176
Estimated difference between T3^fnT3 - (T2^WT3 + h.c.) is: 0.0011554640610358018 1.3350971963453471e-06
total cost: -2.825893327426383
singles alt: [(6, 0), (7, 1), (8, 0), (9, 1), (10, 0), (11, 1), (6, 2), (7, 3), (8, 2), (9, 3), (10, 2), (11, 3), (6, 4), (7, 5), (8, 4), (9, 5), (10, 4), (11, 5)]
length: 18 99
2*[T] vs T3fnT3: -0.0011554640508797801 0.0023109281086923445
Estimated difference between T3^fnT3 - (T2^WT3 + h.c.) is: 0.0011554640578125643 1.335097188896677e-06
total cost: -2.825893327425155
singles alt: [(6, 0), (7, 1), (8, 0), (9, 1), (10, 0), (11, 1), (6, 2), (7, 3), (8, 2), (9, 3), (10, 2), (11, 3), (6, 4), (7, 5), (8, 4), (9, 5), (10, 4), (11, 5)]
length: 18 99
2*[T] vs T3fnT3: -0.0011554640541029833 0.002310928115138751
Estimated difference between T3^fnT3 - (T2^WT3 + h.c.) is: 0.0011554640610357675 1.335097196345268e-06
total cost: -2.8258933274263853
singles alt: [(6, 0), (7, 1), (8, 0), (9, 1), (10, 0), (11, 1), (6, 2), (7, 3), (8, 2), (9, 3), (10, 2), (11, 3), (6, 4), (7, 5), (8, 4), (9, 5), (10, 4), (11, 5)]
length: 18 99
2*[T] vs T3fnT3: -0.0011554640532304304 0.002310928113393645
Estimated difference between T3^fnT3 - (T2^WT3 + h.c.) is: 0.0011554640601632146 1.3350971943288609e-06
total cost: -2.8258933274250833
singles alt: [(6, 0), (7, 1), (8, 0), (9, 1), (10, 0), (11, 1), (6, 2), (7, 3), (8, 2), (9, 3), (10, 2), (11, 3), (6, 4), (7, 5), (8, 4), (9, 5), (10, 4), (11, 5)]
length: 18 99
2*[T] vs T3fnT3: -0.0011554640541041122 0.002310928115141008
Estimated difference between T3^fnT3 - (T2^WT3 + h.c.) is: 0.001155464061036896 1.3350971963478755e-06
total cost: -2.8258933274254487
singles alt: [(6, 0), (7, 1), (8, 0), (9, 1), (10, 0), (11, 1), (6, 2), (7, 3), (8, 2), (9, 3), (10, 2), (11, 3), (6, 4), (7, 5), (8, 4), (9, 5), (10, 4), (11, 5)]
length: 18 99
2*[T] vs T3fnT3: -0.0011554640570731497 0.0023109281210790832
Estimated difference between T3^fnT3 - (T2^WT3 + h.c.) is: 0.0011554640640059335 1.335097203209108e-06
total cost: -2.825893327424362
singles alt: [(6, 0), (7, 1), (8, 0), (9, 1), (10, 0), (11, 1), (6, 2), (7, 3), (8, 2), (9, 3), (10, 2), (11, 3), (6, 4), (7, 5), (8, 4), (9, 5), (10, 4), (11, 5)]
length: 18 99
2*[T] vs T3fnT3: -0.001155464054104953 0.002310928115142689
Estimated difference between T3^fnT3 - (T2^WT3 + h.c.) is: 0.001155464061037736 1.335097196349817e-06
total cost: -2.825893327424432
singles alt: [(6, 0), (7, 1), (8, 0), (9, 1), (10, 0), (11, 1), (6, 2), (7, 3), (8, 2), (9, 3), (10, 2), (11, 3), (6, 4), (7, 5), (8, 4), (9, 5), (10, 4), (11, 5)]
length: 18 99
2*[T] vs T3fnT3: -0.0011554640603858115 0.002310928127704408
Estimated difference between T3^fnT3 - (T2^WT3 + h.c.) is: 0.0011554640673185966 1.3350972108644344e-06
total cost: -2.825893327425276
singles alt: [(6, 0), (7, 1), (8, 0), (9, 1), (10, 0), (11, 1), (6, 2), (7, 3), (8, 2), (9, 3), (10, 2), (11, 3), (6, 4), (7, 5), (8, 4), (9, 5), (10, 4), (11, 5)]
length: 18 99
2*[T] vs T3fnT3: -0.001155464054103025 0.002310928115138833
Estimated difference between T3^fnT3 - (T2^WT3 + h.c.) is: 0.0011554640610358078 1.335097196345361e-06
total cost: -2.825893327425889
singles alt: [(6, 0), (7, 1), (8, 0), (9, 1), (10, 0), (11, 1), (6, 2), (7, 3), (8, 2), (9, 3), (10, 2), (11, 3), (6, 4), (7, 5), (8, 4), (9, 5), (10, 4), (11, 5)]
length: 18 99
2*[T] vs T3fnT3: -0.0011554640507283477 0.002310928108389479
Estimated difference between T3^fnT3 - (T2^WT3 + h.c.) is: 0.0011554640576611314 1.3350971885467264e-06
total cost: -2.8258933274243305
singles alt: [(6, 0), (7, 1), (8, 0), (9, 1), (10, 0), (11, 1), (6, 2), (7, 3), (8, 2), (9, 3), (10, 2), (11, 3), (6, 4), (7, 5), (8, 4), (9, 5), (10, 4), (11, 5)]
length: 18 99
2*[T] vs T3fnT3: -0.0011554640541037568 0.002310928115140296
Estimated difference between T3^fnT3 - (T2^WT3 + h.c.) is: 0.0011554640610365392 1.3350971963470513e-06
total cost: -2.825893327424466
singles alt: [(6, 0), (7, 1), (8, 0), (9, 1), (10, 0), (11, 1), (6, 2), (7, 3), (8, 2), (9, 3), (10, 2), (11, 3), (6, 4), (7, 5), (8, 4), (9, 5), (10, 4), (11, 5)]
length: 18 99
2*[T] vs T3fnT3: -0.001155464052548045 0.0023109281120288743
Estimated difference between T3^fnT3 - (T2^WT3 + h.c.) is: 0.0011554640594808293 1.3350971927519174e-06
total cost: -2.825893327425125
singles alt: [(6, 0), (7, 1), (8, 0), (9, 1), (10, 0), (11, 1), (6, 2), (7, 3), (8, 2), (9, 3), (10, 2), (11, 3), (6, 4), (7, 5), (8, 4), (9, 5), (10, 4), (11, 5)]
length: 18 99
2*[T] vs T3fnT3: -0.001155464054102574 0.0023109281151379325
Estimated difference between T3^fnT3 - (T2^WT3 + h.c.) is: 0.0011554640610353586 1.3350971963443228e-06
total cost: -2.8258933274257063
singles alt: [(6, 0), (7, 1), (8, 0), (9, 1), (10, 0), (11, 1), (6, 2), (7, 3), (8, 2), (9, 3), (10, 2), (11, 3), (6, 4), (7, 5), (8, 4), (9, 5), (10, 4), (11, 5)]
length: 18 99
2*[T] vs T3fnT3: -0.0011554640552523148 0.0023109281174374134
Estimated difference between T3^fnT3 - (T2^WT3 + h.c.) is: 0.0011554640621850986 1.3350971990012894e-06
total cost: -2.825893327424425
singles alt: [(6, 0), (7, 1), (8, 0), (9, 1), (10, 0), (11, 1), (6, 2), (7, 3), (8, 2), (9, 3), (10, 2), (11, 3), (6, 4), (7, 5), (8, 4), (9, 5), (10, 4), (11, 5)]
length: 18 99
2*[T] vs T3fnT3: -0.001155464054103126 0.0023109281151390366
Estimated difference between T3^fnT3 - (T2^WT3 + h.c.) is: 0.0011554640610359106 1.3350971963455987e-06
total cost: -2.825893327424873
singles alt: [(6, 0), (7, 1), (8, 0), (9, 1), (10, 0), (11, 1), (6, 2), (7, 3), (8, 2), (9, 3), (10, 2), (11, 3), (6, 4), (7, 5), (8, 4), (9, 5), (10, 4), (11, 5)]
length: 18 99
2*[T] vs T3fnT3: -0.0011554640599740857 0.002310928126880955
Estimated difference between T3^fnT3 - (T2^WT3 + h.c.) is: 0.001155464066906869 1.3350972099129616e-06
total cost: -2.825893327424662
singles alt: [(6, 0), (7, 1), (8, 0), (9, 1), (10, 0), (11, 1), (6, 2), (7, 3), (8, 2), (9, 3), (10, 2), (11, 3), (6, 4), (7, 5), (8, 4), (9, 5), (10, 4), (11, 5)]
length: 18 99
2*[T] vs T3fnT3: -0.0011554640541041126 0.0023109281151410094
Estimated difference between T3^fnT3 - (T2^WT3 + h.c.) is: 0.0011554640610368968 1.3350971963478776e-06
total cost: -2.8258933274249953
singles alt: [(6, 0), (7, 1), (8, 0), (9, 1), (10, 0), (11, 1), (6, 2), (7, 3), (8, 2), (9, 3), (10, 2), (11, 3), (6, 4), (7, 5), (8, 4), (9, 5), (10, 4), (11, 5)]
length: 18 99
2*[T] vs T3fnT3: -0.001155464054228303 0.0023109281153893884
Estimated difference between T3^fnT3 - (T2^WT3 + h.c.) is: 0.0011554640611610855 1.3350971966348687e-06
total cost: -2.8258933274245748
singles alt: [(6, 0), (7, 1), (8, 0), (9, 1), (10, 0), (11, 1), (6, 2), (7, 3), (8, 2), (9, 3), (10, 2), (11, 3), (6, 4), (7, 5), (8, 4), (9, 5), (10, 4), (11, 5)]
length: 18 99
2*[T] vs T3fnT3: -0.0011554640541044507 0.0023109281151416847
Estimated difference between T3^fnT3 - (T2^WT3 + h.c.) is: 0.001155464061037234 1.335097196348657e-06
total cost: -2.8258933274244997
singles alt: [(6, 0), (7, 1), (8, 0), (9, 1), (10, 0), (11, 1), (6, 2), (7, 3), (8, 2), (9, 3), (10, 2), (11, 3), (6, 4), (7, 5), (8, 4), (9, 5), (10, 4), (11, 5)]
length: 18 99
2*[T] vs T3fnT3: -0.001155464065208636 0.0023109281373500565
Estimated difference between T3^fnT3 - (T2^WT3 + h.c.) is: 0.0011554640721414206 1.335097222009634e-06
total cost: -2.825893327424933
singles alt: [(6, 0), (7, 1), (8, 0), (9, 1), (10, 0), (11, 1), (6, 2), (7, 3), (8, 2), (9, 3), (10, 2), (11, 3), (6, 4), (7, 5), (8, 4), (9, 5), (10, 4), (11, 5)]
length: 18 99
2*[T] vs T3fnT3: -0.001155464054105386 0.0023109281151435564
Estimated difference between T3^fnT3 - (T2^WT3 + h.c.) is: 0.0011554640610381705 1.335097196350821e-06
total cost: -2.8258933274244145
singles alt: [(6, 0), (7, 1), (8, 0), (9, 1), (10, 0), (11, 1), (6, 2), (7, 3), (8, 2), (9, 3), (10, 2), (11, 3), (6, 4), (7, 5), (8, 4), (9, 5), (10, 4), (11, 5)]
length: 18 99
2*[T] vs T3fnT3: -0.001155464052500768 0.0023109281119343193
Estimated difference between T3^fnT3 - (T2^WT3 + h.c.) is: 0.0011554640594335513 1.3350971926426614e-06
total cost: -2.8258933274248363
singles alt: [(6, 0), (7, 1), (8, 0), (9, 1), (10, 0), (11, 1), (6, 2), (7, 3), (8, 2), (9, 3), (10, 2), (11, 3), (6, 4), (7, 5), (8, 4), (9, 5), (10, 4), (11, 5)]
length: 18 99
2*[T] vs T3fnT3: -0.001155464054104197 0.002310928115141179
Estimated difference between T3^fnT3 - (T2^WT3 + h.c.) is: 0.001155464061036982 1.3350971963480746e-06
total cost: -2.825893327425359
singles alt: [(6, 0), (7, 1), (8, 0), (9, 1), (10, 0), (11, 1), (6, 2), (7, 3), (8, 2), (9, 3), (10, 2), (11, 3), (6, 4), (7, 5), (8, 4), (9, 5), (10, 4), (11, 5)]
length: 18 99
2*[T] vs T3fnT3: -0.001155464060255944 0.002310928127444673
Estimated difference between T3^fnT3 - (T2^WT3 + h.c.) is: 0.0011554640671887291 1.33509721056432e-06
total cost: -2.8258933274252316
singles alt: [(6, 0), (7, 1), (8, 0), (9, 1), (10, 0), (11, 1), (6, 2), (7, 3), (8, 2), (9, 3), (10, 2), (11, 3), (6, 4), (7, 5), (8, 4), (9, 5), (10, 4), (11, 5)]
length: 18 99
2*[T] vs T3fnT3: -0.0011554640541037327 0.0023109281151402505
Estimated difference between T3^fnT3 - (T2^WT3 + h.c.) is: 0.0011554640610365178 1.3350971963470016e-06
total cost: -2.8258933274245295
singles alt: [(6, 0), (7, 1), (8, 0), (9, 1), (10, 0), (11, 1), (6, 2), (7, 3), (8, 2), (9, 3), (10, 2), (11, 3), (6, 4), (7, 5), (8, 4), (9, 5), (10, 4), (11, 5)]
length: 18 99
2*[T] vs T3fnT3: -0.0011554640569842699 0.002310928120901324
Estimated difference between T3^fnT3 - (T2^WT3 + h.c.) is: 0.001155464063917054 1.335097203003714e-06
total cost: -2.8258933274248155
singles alt: [(6, 0), (7, 1), (8, 0), (9, 1), (10, 0), (11, 1), (6, 2), (7, 3), (8, 2), (9, 3), (10, 2), (11, 3), (6, 4), (7, 5), (8, 4), (9, 5), (10, 4), (11, 5)]
length: 18 99
2*[T] vs T3fnT3: -0.0011554640541031412 0.002310928115139068
Estimated difference between T3^fnT3 - (T2^WT3 + h.c.) is: 0.0011554640610359267 1.3350971963456357e-06
total cost: -2.825893327425759
singles alt: [(6, 0), (7, 1), (8, 0), (9, 1), (10, 0), (11, 1), (6, 2), (7, 3), (8, 2), (9, 3), (10, 2), (11, 3), (6, 4), (7, 5), (8, 4), (9, 5), (10, 4), (11, 5)]
length: 18 99
2*[T] vs T3fnT3: -0.001155464052409449 0.0023109281117516824
Estimated difference between T3^fnT3 - (T2^WT3 + h.c.) is: 0.0011554640593422333 1.335097192431632e-06
total cost: -2.825893327425515
singles alt: [(6, 0), (7, 1), (8, 0), (9, 1), (10, 0), (11, 1), (6, 2), (7, 3), (8, 2), (9, 3), (10, 2), (11, 3), (6, 4), (7, 5), (8, 4), (9, 5), (10, 4), (11, 5)]
length: 18 99
2*[T] vs T3fnT3: -0.001155464054104879 0.0023109281151425416
Estimated difference between T3^fnT3 - (T2^WT3 + h.c.) is: 0.0011554640610376627 1.3350971963496475e-06
total cost: -2.825893327424511
singles alt: [(6, 0), (7, 1), (8, 0), (9, 1), (10, 0), (11, 1), (6, 2), (7, 3), (8, 2), (9, 3), (10, 2), (11, 3), (6, 4), (7, 5), (8, 4), (9, 5), (10, 4), (11, 5)]
length: 18 99
2*[T] vs T3fnT3: -0.0011554640506857379 0.002310928108304261
Estimated difference between T3^fnT3 - (T2^WT3 + h.c.) is: 0.001155464057618523 1.3350971884482614e-06
total cost: -2.825893327424214
singles alt: [(6, 0), (7, 1), (8, 0), (9, 1), (10, 0), (11, 1), (6, 2), (7, 3), (8, 2), (9, 3), (10, 2), (11, 3), (6, 4), (7, 5), (8, 4), (9, 5), (10, 4), (11, 5)]
length: 18 99
2*[T] vs T3fnT3: -0.0011554640541026236 0.002310928115138033
Estimated difference between T3^fnT3 - (T2^WT3 + h.c.) is: 0.0011554640610354095 1.3350971963444406e-06
total cost: -2.825893327425667
singles alt: [(6, 0), (7, 1), (8, 0), (9, 1), (10, 0), (11, 1), (6, 2), (7, 3), (8, 2), (9, 3), (10, 2), (11, 3), (6, 4), (7, 5), (8, 4), (9, 5), (10, 4), (11, 5)]
length: 18 99
2*[T] vs T3fnT3: -0.0011554640617505766 0.0023109281304339374
Estimated difference between T3^fnT3 - (T2^WT3 + h.c.) is: 0.0011554640686833608 1.3350972140183063e-06
total cost: -2.825893327425009
singles alt: [(6, 0), (7, 1), (8, 0), (9, 1), (10, 0), (11, 1), (6, 2), (7, 3), (8, 2), (9, 3), (10, 2), (11, 3), (6, 4), (7, 5), (8, 4), (9, 5), (10, 4), (11, 5)]
length: 18 99
2*[T] vs T3fnT3: -0.0011554640541055078 0.0023109281151438
Estimated difference between T3^fnT3 - (T2^WT3 + h.c.) is: 0.0011554640610382924 1.3350971963511027e-06
total cost: -2.8258933274240596
singles alt: [(6, 0), (7, 1), (8, 0), (9, 1), (10, 0), (11, 1), (6, 2), (7, 3), (8, 2), (9, 3), (10, 2), (11, 3), (6, 4), (7, 5), (8, 4), (9, 5), (10, 4), (11, 5)]
length: 18 99
2*[T] vs T3fnT3: -0.0011554640523950806 0.002310928111722944
Estimated difference between T3^fnT3 - (T2^WT3 + h.c.) is: 0.0011554640593278635 1.3350971923984245e-06
total cost: -2.825893327425042
singles alt: [(6, 0), (7, 1), (8, 0), (9, 1), (10, 0), (11, 1), (6, 2), (7, 3), (8, 2), (9, 3), (10, 2), (11, 3), (6, 4), (7, 5), (8, 4), (9, 5), (10, 4), (11, 5)]
length: 18 99
2*[T] vs T3fnT3: -0.001155464054105521 0.0023109281151438258
Estimated difference between T3^fnT3 - (T2^WT3 + h.c.) is: 0.0011554640610383048 1.3350971963511313e-06
total cost: -2.8258933274240565
singles alt: [(6, 0), (7, 1), (8, 0), (9, 1), (10, 0), (11, 1), (6, 2), (7, 3), (8, 2), (9, 3), (10, 2), (11, 3), (6, 4), (7, 5), (8, 4), (9, 5), (10, 4), (11, 5)]
length: 18 99
2*[T] vs T3fnT3: -0.0011554640673220751 0.0023109281415769345
Estimated difference between T3^fnT3 - (T2^WT3 + h.c.) is: 0.0011554640742548593 1.335097226893639e-06
total cost: -2.8258933274245073
singles alt: [(6, 0), (7, 1), (8, 0), (9, 1), (10, 0), (11, 1), (6, 2), (7, 3), (8, 2), (9, 3), (10, 2), (11, 3), (6, 4), (7, 5), (8, 4), (9, 5), (10, 4), (11, 5)]
length: 18 99
2*[T] vs T3fnT3: -0.0011554640541023343 0.0023109281151374532
Estimated difference between T3^fnT3 - (T2^WT3 + h.c.) is: 0.001155464061035119 1.335097196343769e-06
total cost: -2.8258933274256557
singles alt: [(6, 0), (7, 1), (8, 0), (9, 1), (10, 0), (11, 1), (6, 2), (7, 3), (8, 2), (9, 3), (10, 2), (11, 3), (6, 4), (7, 5), (8, 4), (9, 5), (10, 4), (11, 5)]
length: 18 99
2*[T] vs T3fnT3: -0.0011554640525689992 0.002310928112070783
Estimated difference between T3^fnT3 - (T2^WT3 + h.c.) is: 0.0011554640595017839 1.3350971928003419e-06
total cost: -2.825893327424675
singles alt: [(6, 0), (7, 1), (8, 0), (9, 1), (10, 0), (11, 1), (6, 2), (7, 3), (8, 2), (9, 3), (10, 2), (11, 3), (6, 4), (7, 5), (8, 4), (9, 5), (10, 4), (11, 5)]
length: 18 99
2*[T] vs T3fnT3: -0.0011554640541023157 0.0023109281151374155
Estimated difference between T3^fnT3 - (T2^WT3 + h.c.) is: 0.0011554640610350999 1.335097196343725e-06
total cost: -2.8258933274256495
singles alt: [(6, 0), (7, 1), (8, 0), (9, 1), (10, 0), (11, 1), (6, 2), (7, 3), (8, 2), (9, 3), (10, 2), (11, 3), (6, 4), (7, 5), (8, 4), (9, 5), (10, 4), (11, 5)]
length: 18 99
2*[T] vs T3fnT3: -0.0011554640576063526 0.0023109281221454898
Estimated difference between T3^fnT3 - (T2^WT3 + h.c.) is: 0.0011554640645391372 1.3350972044413035e-06
total cost: -2.825893327423959
singles alt: [(6, 0), (7, 1), (8, 0), (9, 1), (10, 0), (11, 1), (6, 2), (7, 3), (8, 2), (9, 3), (10, 2), (11, 3), (6, 4), (7, 5), (8, 4), (9, 5), (10, 4), (11, 5)]
length: 18 99
2*[T] vs T3fnT3: -0.0011554640530052516 0.002310928112943287
Estimated difference between T3^fnT3 - (T2^WT3 + h.c.) is: 0.0011554640599380354 1.3350971938084879e-06
total cost: -2.82589332742536
singles alt: [(6, 0), (7, 1), (8, 0), (9, 1), (10, 0), (11, 1), (6, 2), (7, 3), (8, 2), (9, 3), (10, 2), (11, 3), (6, 4), (7, 5), (8, 4), (9, 5), (10, 4), (11, 5)]
length: 18 99
2*[T] vs T3fnT3: -0.0011554640528493995 0.002310928112631583
Estimated difference between T3^fnT3 - (T2^WT3 + h.c.) is: 0.0011554640597821837 1.3350971934483257e-06
total cost: -2.8258933274253564
singles alt: [(6, 0), (7, 1), (8, 0), (9, 1), (10, 0), (11, 1), (6, 2), (7, 3), (8, 2), (9, 3), (10, 2), (11, 3), (6, 4), (7, 5), (8, 4), (9, 5), (10, 4), (11, 5)]
length: 18 99
2*[T] vs T3fnT3: -0.0011554640541046421 0.002310928115142069
Estimated difference between T3^fnT3 - (T2^WT3 + h.c.) is: 0.0011554640610374268 1.3350971963491022e-06
total cost: -2.8258933274247804
singles alt: [(6, 0), (7, 1), (8, 0), (9, 1), (10, 0), (11, 1), (6, 2), (7, 3), (8, 2), (9, 3), (10, 2), (11, 3), (6, 4), (7, 5), (8, 4), (9, 5), (10, 4), (11, 5)]
length: 18 99
2*[T] vs T3fnT3: -0.0011554640541047427 0.00231092811514227
Estimated difference between T3^fnT3 - (T2^WT3 + h.c.) is: 0.0011554640610375274 1.3350971963493347e-06
total cost: -2.8258933274247884
singles alt: [(6, 0), (7, 1), (8, 0), (9, 1), (10, 0), (11, 1), (6, 2), (7, 3), (8, 2), (9, 3), (10, 2), (11, 3), (6, 4), (7, 5), (8, 4), (9, 5), (10, 4), (11, 5)]
length: 18 99
2*[T] vs T3fnT3: -0.0011554640511834782 0.0023109281092997397
Estimated difference between T3^fnT3 - (T2^WT3 + h.c.) is: 0.0011554640581162615 1.3350971895984993e-06
total cost: -2.8258933274256077
singles alt: [(6, 0), (7, 1), (8, 0), (9, 1), (10, 0), (11, 1), (6, 2), (7, 3), (8, 2), (9, 3), (10, 2), (11, 3), (6, 4), (7, 5), (8, 4), (9, 5), (10, 4), (11, 5)]
length: 18 99
2*[T] vs T3fnT3: -0.0011554640510826888 0.0023109281090981618
Estimated difference between T3^fnT3 - (T2^WT3 + h.c.) is: 0.001155464058015473 1.3350971893655843e-06
total cost: -2.8258933274256286
singles alt: [(6, 0), (7, 1), (8, 0), (9, 1), (10, 0), (11, 1), (6, 2), (7, 3), (8, 2), (9, 3), (10, 2), (11, 3), (6, 4), (7, 5), (8, 4), (9, 5), (10, 4), (11, 5)]
length: 18 99
2*[T] vs T3fnT3: -0.0011554640541044893 0.0023109281151417627
Estimated difference between T3^fnT3 - (T2^WT3 + h.c.) is: 0.0011554640610372735 1.335097196348748e-06
total cost: -2.8258933274248
singles alt: [(6, 0), (7, 1), (8, 0), (9, 1), (10, 0), (11, 1), (6, 2), (7, 3), (8, 2), (9, 3), (10, 2), (11, 3), (6, 4), (7, 5), (8, 4), (9, 5), (10, 4), (11, 5)]
length: 18 99
2*[T] vs T3fnT3: -0.0011554640541044242 0.002310928115141632
Estimated difference between T3^fnT3 - (T2^WT3 + h.c.) is: 0.001155464061037208 1.3350971963485968e-06
total cost: -2.8258933274247964
singles alt: [(6, 0), (7, 1), (8, 0), (9, 1), (10, 0), (11, 1), (6, 2), (7, 3), (8, 2), (9, 3), (10, 2), (11, 3), (6, 4), (7, 5), (8, 4), (9, 5), (10, 4), (11, 5)]
length: 18 99
2*[T] vs T3fnT3: -0.0011554640597018296 0.0023109281263364425
Estimated difference between T3^fnT3 - (T2^WT3 + h.c.) is: 0.001155464066634613 1.3350972092837972e-06
total cost: -2.8258933274250975
singles alt: [(6, 0), (7, 1), (8, 0), (9, 1), (10, 0), (11, 1), (6, 2), (7, 3), (8, 2), (9, 3), (10, 2), (11, 3), (6, 4), (7, 5), (8, 4), (9, 5), (10, 4), (11, 5)]
length: 18 99
2*[T] vs T3fnT3: -0.0011554640596264517 0.002310928126185687
Estimated difference between T3^fnT3 - (T2^WT3 + h.c.) is: 0.0011554640665592355 1.3350972091096053e-06
total cost: -2.8258933274251987
singles alt: [(6, 0), (7, 1), (8, 0), (9, 1), (10, 0), (11, 1), (6, 2), (7, 3), (8, 2), (9, 3), (10, 2), (11, 3), (6, 4), (7, 5), (8, 4), (9, 5), (10, 4), (11, 5)]
length: 18 99
2*[T] vs T3fnT3: -0.0011554640541052907 0.0023109281151433647
Estimated difference between T3^fnT3 - (T2^WT3 + h.c.) is: 0.001155464061038074 1.335097196350598e-06
total cost: -2.825893327424781
singles alt: [(6, 0), (7, 1), (8, 0), (9, 1), (10, 0), (11, 1), (6, 2), (7, 3), (8, 2), (9, 3), (10, 2), (11, 3), (6, 4), (7, 5), (8, 4), (9, 5), (10, 4), (11, 5)]
length: 18 99
2*[T] vs T3fnT3: -0.0011554640541052558 0.0023109281151432962
Estimated difference between T3^fnT3 - (T2^WT3 + h.c.) is: 0.0011554640610380404 1.3350971963505204e-06
total cost: -2.8258933274247724
singles alt: [(6, 0), (7, 1), (8, 0), (9, 1), (10, 0), (11, 1), (6, 2), (7, 3), (8, 2), (9, 3), (10, 2), (11, 3), (6, 4), (7, 5), (8, 4), (9, 5), (10, 4), (11, 5)]
length: 18 99
2*[T] vs T3fnT3: -0.001155464057004166 0.002310928120941117
Estimated difference between T3^fnT3 - (T2^WT3 + h.c.) is: 0.0011554640639369507 1.3350972030496938e-06
total cost: -2.8258933274249
singles alt: [(6, 0), (7, 1), (8, 0), (9, 1), (10, 0), (11, 1), (6, 2), (7, 3), (8, 2), (9, 3), (10, 2), (11, 3), (6, 4), (7, 5), (8, 4), (9, 5), (10, 4), (11, 5)]
length: 18 99
2*[T] vs T3fnT3: -0.0011554640567795554 0.002310928120491895
Estimated difference between T3^fnT3 - (T2^WT3 + h.c.) is: 0.0011554640637123396 1.3350972025306335e-06
total cost: -2.8258933274247604
singles alt: [(6, 0), (7, 1), (8, 0), (9, 1), (10, 0), (11, 1), (6, 2), (7, 3), (8, 2), (9, 3), (10, 2), (11, 3), (6, 4), (7, 5), (8, 4), (9, 5), (10, 4), (11, 5)]
length: 18 99
2*[T] vs T3fnT3: -0.0011554640541052335 0.0023109281151432516
Estimated difference between T3^fnT3 - (T2^WT3 + h.c.) is: 0.001155464061038018 1.335097196350469e-06
total cost: -2.825893327424782
singles alt: [(6, 0), (7, 1), (8, 0), (9, 1), (10, 0), (11, 1), (6, 2), (7, 3), (8, 2), (9, 3), (10, 2), (11, 3), (6, 4), (7, 5), (8, 4), (9, 5), (10, 4), (11, 5)]
length: 18 99
2*[T] vs T3fnT3: -0.0011554640541051714 0.002310928115143127
Estimated difference between T3^fnT3 - (T2^WT3 + h.c.) is: 0.0011554640610379556 1.3350971963503245e-06
total cost: -2.82589332742477
singles alt: [(6, 0), (7, 1), (8, 0), (9, 1), (10, 0), (11, 1), (6, 2), (7, 3), (8, 2), (9, 3), (10, 2), (11, 3), (6, 4), (7, 5), (8, 4), (9, 5), (10, 4), (11, 5)]
length: 18 99
2*[T] vs T3fnT3: -0.0011554640556432532 0.0023109281182192905
Estimated difference between T3^fnT3 - (T2^WT3 + h.c.) is: 0.0011554640625760374 1.3350971999047208e-06
total cost: -2.825893327425104
singles alt: [(6, 0), (7, 1), (8, 0), (9, 1), (10, 0), (11, 1), (6, 2), (7, 3), (8, 2), (9, 3), (10, 2), (11, 3), (6, 4), (7, 5), (8, 4), (9, 5), (10, 4), (11, 5)]
length: 18 99
2*[T] vs T3fnT3: -0.0011554640556042525 0.0023109281181412887
Estimated difference between T3^fnT3 - (T2^WT3 + h.c.) is: 0.0011554640625370362 1.335097199814592e-06
total cost: -2.8258933274252187
singles alt: [(6, 0), (7, 1), (8, 0), (9, 1), (10, 0), (11, 1), (6, 2), (7, 3), (8, 2), (9, 3), (10, 2), (11, 3), (6, 4), (7, 5), (8, 4), (9, 5), (10, 4), (11, 5)]
length: 18 99
2*[T] vs T3fnT3: -0.0011554640541042815 0.0023109281151413477
Estimated difference between T3^fnT3 - (T2^WT3 + h.c.) is: 0.0011554640610370662 1.335097196348269e-06
total cost: -2.825893327424785
singles alt: [(6, 0), (7, 1), (8, 0), (9, 1), (10, 0), (11, 1), (6, 2), (7, 3), (8, 2), (9, 3), (10, 2), (11, 3), (6, 4), (7, 5), (8, 4), (9, 5), (10, 4), (11, 5)]
length: 18 99
2*[T] vs T3fnT3: -0.0011554640541042815 0.0023109281151413477
Estimated difference between T3^fnT3 - (T2^WT3 + h.c.) is: 0.0011554640610370662 1.335097196348269e-06
total cost: -2.8258933274247924
singles alt: [(6, 0), (7, 1), (8, 0), (9, 1), (10, 0), (11, 1), (6, 2), (7, 3), (8, 2), (9, 3), (10, 2), (11, 3), (6, 4), (7, 5), (8, 4), (9, 5), (10, 4), (11, 5)]
length: 18 99
2*[T] vs T3fnT3: -0.0011554640541042815 0.0023109281151413477
Estimated difference between T3^fnT3 - (T2^WT3 + h.c.) is: 0.0011554640610370662 1.335097196348269e-06
total cost: -2.8258933274254976
singles alt: [(6, 0), (7, 1), (8, 0), (9, 1), (10, 0), (11, 1), (6, 2), (7, 3), (8, 2), (9, 3), (10, 2), (11, 3), (6, 4), (7, 5), (8, 4), (9, 5), (10, 4), (11, 5)]
length: 18 99
2*[T] vs T3fnT3: -0.0011554640541042815 0.0023109281151413477
Estimated difference between T3^fnT3 - (T2^WT3 + h.c.) is: 0.0011554640610370662 1.335097196348269e-06
total cost: -2.8258933274252525
singles alt: [(6, 0), (7, 1), (8, 0), (9, 1), (10, 0), (11, 1), (6, 2), (7, 3), (8, 2), (9, 3), (10, 2), (11, 3), (6, 4), (7, 5), (8, 4), (9, 5), (10, 4), (11, 5)]
length: 18 99
2*[T] vs T3fnT3: -0.0011554640541042815 0.0023109281151413477
Estimated difference between T3^fnT3 - (T2^WT3 + h.c.) is: 0.0011554640610370662 1.335097196348269e-06
total cost: -2.8258933274247573
singles alt: [(6, 0), (7, 1), (8, 0), (9, 1), (10, 0), (11, 1), (6, 2), (7, 3), (8, 2), (9, 3), (10, 2), (11, 3), (6, 4), (7, 5), (8, 4), (9, 5), (10, 4), (11, 5)]
length: 18 99
2*[T] vs T3fnT3: -0.0011554640541042815 0.0023109281151413477
Estimated difference between T3^fnT3 - (T2^WT3 + h.c.) is: 0.0011554640610370662 1.335097196348269e-06
total cost: -2.825893327424754
singles alt: [(6, 0), (7, 1), (8, 0), (9, 1), (10, 0), (11, 1), (6, 2), (7, 3), (8, 2), (9, 3), (10, 2), (11, 3), (6, 4), (7, 5), (8, 4), (9, 5), (10, 4), (11, 5)]
length: 18 99
2*[T] vs T3fnT3: -0.0011554640541042815 0.0023109281151413477
Estimated difference between T3^fnT3 - (T2^WT3 + h.c.) is: 0.0011554640610370662 1.335097196348269e-06
total cost: -2.8258933274241067
singles alt: [(6, 0), (7, 1), (8, 0), (9, 1), (10, 0), (11, 1), (6, 2), (7, 3), (8, 2), (9, 3), (10, 2), (11, 3), (6, 4), (7, 5), (8, 4), (9, 5), (10, 4), (11, 5)]
length: 18 99
2*[T] vs T3fnT3: -0.0011554640541042815 0.0023109281151413477
Estimated difference between T3^fnT3 - (T2^WT3 + h.c.) is: 0.0011554640610370662 1.335097196348269e-06
total cost: -2.8258933274244122
singles alt: [(6, 0), (7, 1), (8, 0), (9, 1), (10, 0), (11, 1), (6, 2), (7, 3), (8, 2), (9, 3), (10, 2), (11, 3), (6, 4), (7, 5), (8, 4), (9, 5), (10, 4), (11, 5)]
length: 18 99
2*[T] vs T3fnT3: -0.0011554640541042815 0.0023109281151413477
Estimated difference between T3^fnT3 - (T2^WT3 + h.c.) is: 0.0011554640610370662 1.335097196348269e-06
total cost: -2.825893327424819
singles alt: [(6, 0), (7, 1), (8, 0), (9, 1), (10, 0), (11, 1), (6, 2), (7, 3), (8, 2), (9, 3), (10, 2), (11, 3), (6, 4), (7, 5), (8, 4), (9, 5), (10, 4), (11, 5)]
length: 18 99
2*[T] vs T3fnT3: -0.0011554640541042815 0.0023109281151413477
Estimated difference between T3^fnT3 - (T2^WT3 + h.c.) is: 0.0011554640610370662 1.335097196348269e-06
total cost: -2.825893327424831
singles alt: [(6, 0), (7, 1), (8, 0), (9, 1), (10, 0), (11, 1), (6, 2), (7, 3), (8, 2), (9, 3), (10, 2), (11, 3), (6, 4), (7, 5), (8, 4), (9, 5), (10, 4), (11, 5)]
length: 18 99
2*[T] vs T3fnT3: -0.0011554640541042815 0.0023109281151413477
Estimated difference between T3^fnT3 - (T2^WT3 + h.c.) is: 0.0011554640610370662 1.335097196348269e-06
total cost: -2.8258933274249194
singles alt: [(6, 0), (7, 1), (8, 0), (9, 1), (10, 0), (11, 1), (6, 2), (7, 3), (8, 2), (9, 3), (10, 2), (11, 3), (6, 4), (7, 5), (8, 4), (9, 5), (10, 4), (11, 5)]
length: 18 99
2*[T] vs T3fnT3: -0.0011554640541042815 0.0023109281151413477
Estimated difference between T3^fnT3 - (T2^WT3 + h.c.) is: 0.0011554640610370662 1.335097196348269e-06
total cost: -2.8258933274247027
singles alt: [(6, 0), (7, 1), (8, 0), (9, 1), (10, 0), (11, 1), (6, 2), (7, 3), (8, 2), (9, 3), (10, 2), (11, 3), (6, 4), (7, 5), (8, 4), (9, 5), (10, 4), (11, 5)]
length: 18 99
2*[T] vs T3fnT3: -0.0011554640541042815 0.0023109281151413477
Estimated difference between T3^fnT3 - (T2^WT3 + h.c.) is: 0.0011554640610370662 1.335097196348269e-06
total cost: -2.825893327424836
singles alt: [(6, 0), (7, 1), (8, 0), (9, 1), (10, 0), (11, 1), (6, 2), (7, 3), (8, 2), (9, 3), (10, 2), (11, 3), (6, 4), (7, 5), (8, 4), (9, 5), (10, 4), (11, 5)]
length: 18 99
2*[T] vs T3fnT3: -0.0011554640541042815 0.0023109281151413477
Estimated difference between T3^fnT3 - (T2^WT3 + h.c.) is: 0.0011554640610370662 1.335097196348269e-06
total cost: -2.8258933274248403
singles alt: [(6, 0), (7, 1), (8, 0), (9, 1), (10, 0), (11, 1), (6, 2), (7, 3), (8, 2), (9, 3), (10, 2), (11, 3), (6, 4), (7, 5), (8, 4), (9, 5), (10, 4), (11, 5)]
length: 18 99
2*[T] vs T3fnT3: -0.0011554640541042815 0.0023109281151413477
Estimated difference between T3^fnT3 - (T2^WT3 + h.c.) is: 0.0011554640610370662 1.335097196348269e-06
total cost: -2.825893327424508
singles alt: [(6, 0), (7, 1), (8, 0), (9, 1), (10, 0), (11, 1), (6, 2), (7, 3), (8, 2), (9, 3), (10, 2), (11, 3), (6, 4), (7, 5), (8, 4), (9, 5), (10, 4), (11, 5)]
length: 18 99
2*[T] vs T3fnT3: -0.0011554640541042815 0.0023109281151413477
Estimated difference between T3^fnT3 - (T2^WT3 + h.c.) is: 0.0011554640610370662 1.335097196348269e-06
total cost: -2.825893327424811
singles alt: [(6, 0), (7, 1), (8, 0), (9, 1), (10, 0), (11, 1), (6, 2), (7, 3), (8, 2), (9, 3), (10, 2), (11, 3), (6, 4), (7, 5), (8, 4), (9, 5), (10, 4), (11, 5)]
length: 18 99
2*[T] vs T3fnT3: -0.0011554640541042815 0.0023109281151413477
Estimated difference between T3^fnT3 - (T2^WT3 + h.c.) is: 0.0011554640610370662 1.335097196348269e-06
total cost: -2.8258933274247946
singles alt: [(6, 0), (7, 1), (8, 0), (9, 1), (10, 0), (11, 1), (6, 2), (7, 3), (8, 2), (9, 3), (10, 2), (11, 3), (6, 4), (7, 5), (8, 4), (9, 5), (10, 4), (11, 5)]
length: 18 99
2*[T] vs T3fnT3: -0.0011554640541042815 0.0023109281151413477
Estimated difference between T3^fnT3 - (T2^WT3 + h.c.) is: 0.0011554640610370662 1.335097196348269e-06
total cost: -2.8258933274247937
singles alt: [(6, 0), (7, 1), (8, 0), (9, 1), (10, 0), (11, 1), (6, 2), (7, 3), (8, 2), (9, 3), (10, 2), (11, 3), (6, 4), (7, 5), (8, 4), (9, 5), (10, 4), (11, 5)]
callback: energy=-2.827048791486
singles alt: [(6, 0), (7, 1), (8, 0), (9, 1), (10, 0), (11, 1), (6, 2), (7, 3), (8, 2), (9, 3), (10, 2), (11, 3), (6, 4), (7, 5), (8, 4), (9, 5), (10, 4), (11, 5)]
length: 18 99
2*[T] vs T3fnT3: -0.0011560668173281898 0.002312133641592781
Estimated difference between T3^fnT3 - (T2^WT3 + h.c.) is: 0.0011560668242645913 1.3364905021652175e-06
total cost: -2.8258935426543714
singles alt: [(6, 0), (7, 1), (8, 0), (9, 1), (10, 0), (11, 1), (6, 2), (7, 3), (8, 2), (9, 3), (10, 2), (11, 3), (6, 4), (7, 5), (8, 4), (9, 5), (10, 4), (11, 5)]
length: 18 99
2*[T] vs T3fnT3: -0.0011560668198129383 0.0023121336465622786
Estimated difference between T3^fnT3 - (T2^WT3 + h.c.) is: 0.0011560668267493403 1.3364905079102892e-06
total cost: -2.825893542654335
singles alt: [(6, 0), (7, 1), (8, 0), (9, 1), (10, 0), (11, 1), (6, 2), (7, 3), (8, 2), (9, 3), (10, 2), (11, 3), (6, 4), (7, 5), (8, 4), (9, 5), (10, 4), (11, 5)]
length: 18 99
2*[T] vs T3fnT3: -0.001156066817329395 0.0023121336415951933
Estimated difference between T3^fnT3 - (T2^WT3 + h.c.) is: 0.0011560668242657983 1.336490502168008e-06
total cost: -2.825893542652955
singles alt: [(6, 0), (7, 1), (8, 0), (9, 1), (10, 0), (11, 1), (6, 2), (7, 3), (8, 2), (9, 3), (10, 2), (11, 3), (6, 4), (7, 5), (8, 4), (9, 5), (10, 4), (11, 5)]
length: 18 99
2*[T] vs T3fnT3: -0.0011560668165480888 0.002312133640032579
Estimated difference between T3^fnT3 - (T2^WT3 + h.c.) is: 0.0011560668234844903 1.3364905003615197e-06
total cost: -2.8258935426545233
singles alt: [(6, 0), (7, 1), (8, 0), (9, 1), (10, 0), (11, 1), (6, 2), (7, 3), (8, 2), (9, 3), (10, 2), (11, 3), (6, 4), (7, 5), (8, 4), (9, 5), (10, 4), (11, 5)]
length: 18 99
2*[T] vs T3fnT3: -0.0011560668173293451 0.0023121336415950922
Estimated difference between T3^fnT3 - (T2^WT3 + h.c.) is: 0.001156066824265747 1.3364905021678899e-06
total cost: -2.8258935426530427
singles alt: [(6, 0), (7, 1), (8, 0), (9, 1), (10, 0), (11, 1), (6, 2), (7, 3), (8, 2), (9, 3), (10, 2), (11, 3), (6, 4), (7, 5), (8, 4), (9, 5), (10, 4), (11, 5)]
length: 18 99
2*[T] vs T3fnT3: -0.0011560668221580652 0.0023121336512525324
Estimated difference between T3^fnT3 - (T2^WT3 + h.c.) is: 0.0011560668290944672 1.336490513332536e-06
total cost: -2.8258935426540517
singles alt: [(6, 0), (7, 1), (8, 0), (9, 1), (10, 0), (11, 1), (6, 2), (7, 3), (8, 2), (9, 3), (10, 2), (11, 3), (6, 4), (7, 5), (8, 4), (9, 5), (10, 4), (11, 5)]
length: 18 99
2*[T] vs T3fnT3: -0.0011560668173266084 0.002312133641589618
Estimated difference between T3^fnT3 - (T2^WT3 + h.c.) is: 0.0011560668242630095 1.33649050216156e-06
total cost: -2.825893542655684
singles alt: [(6, 0), (7, 1), (8, 0), (9, 1), (10, 0), (11, 1), (6, 2), (7, 3), (8, 2), (9, 3), (10, 2), (11, 3), (6, 4), (7, 5), (8, 4), (9, 5), (10, 4), (11, 5)]
length: 18 99
2*[T] vs T3fnT3: -0.0011560668165621244 0.0023121336400606504
Estimated difference between T3^fnT3 - (T2^WT3 + h.c.) is: 0.001156066823498526 1.336490500393972e-06
total cost: -2.8258935426546152
singles alt: [(6, 0), (7, 1), (8, 0), (9, 1), (10, 0), (11, 1), (6, 2), (7, 3), (8, 2), (9, 3), (10, 2), (11, 3), (6, 4), (7, 5), (8, 4), (9, 5), (10, 4), (11, 5)]
length: 18 99
2*[T] vs T3fnT3: -0.0011560668173266188 0.002312133641589641
Estimated difference between T3^fnT3 - (T2^WT3 + h.c.) is: 0.001156066824263022 1.3364905021615892e-06
total cost: -2.825893542655641
singles alt: [(6, 0), (7, 1), (8, 0), (9, 1), (10, 0), (11, 1), (6, 2), (7, 3), (8, 2), (9, 3), (10, 2), (11, 3), (6, 4), (7, 5), (8, 4), (9, 5), (10, 4), (11, 5)]
length: 18 99
2*[T] vs T3fnT3: -0.001156066823835884 0.0023121336546081694
Estimated difference between T3^fnT3 - (T2^WT3 + h.c.) is: 0.0011560668307722855 1.336490517211876e-06
total cost: -2.8258935426540392
singles alt: [(6, 0), (7, 1), (8, 0), (9, 1), (10, 0), (11, 1), (6, 2), (7, 3), (8, 2), (9, 3), (10, 2), (11, 3), (6, 4), (7, 5), (8, 4), (9, 5), (10, 4), (11, 5)]
length: 18 99
2*[T] vs T3fnT3: -0.0011560668173291586 0.0023121336415947193
Estimated difference between T3^fnT3 - (T2^WT3 + h.c.) is: 0.0011560668242655606 1.3364905021674585e-06
total cost: -2.8258935426532052
singles alt: [(6, 0), (7, 1), (8, 0), (9, 1), (10, 0), (11, 1), (6, 2), (7, 3), (8, 2), (9, 3), (10, 2), (11, 3), (6, 4), (7, 5), (8, 4), (9, 5), (10, 4), (11, 5)]
length: 18 99
2*[T] vs T3fnT3: -0.0011560668124405591 0.0023121336318175207
Estimated difference between T3^fnT3 - (T2^WT3 + h.c.) is: 0.0011560668193769615 1.3364904908643641e-06
total cost: -2.825893542654731
singles alt: [(6, 0), (7, 1), (8, 0), (9, 1), (10, 0), (11, 1), (6, 2), (7, 3), (8, 2), (9, 3), (10, 2), (11, 3), (6, 4), (7, 5), (8, 4), (9, 5), (10, 4), (11, 5)]
length: 18 99
2*[T] vs T3fnT3: -0.0011560668173282304 0.0023121336415928622
Estimated difference between T3^fnT3 - (T2^WT3 + h.c.) is: 0.0011560668242646319 1.3364905021653113e-06
total cost: -2.8258935426548244
singles alt: [(6, 0), (7, 1), (8, 0), (9, 1), (10, 0), (11, 1), (6, 2), (7, 3), (8, 2), (9, 3), (10, 2), (11, 3), (6, 4), (7, 5), (8, 4), (9, 5), (10, 4), (11, 5)]
length: 18 99
2*[T] vs T3fnT3: -0.0011560668170042907 0.0023121336409449834
Estimated difference between T3^fnT3 - (T2^WT3 + h.c.) is: 0.0011560668239406927 1.3364905014163205e-06
total cost: -2.825893542655398
singles alt: [(6, 0), (7, 1), (8, 0), (9, 1), (10, 0), (11, 1), (6, 2), (7, 3), (8, 2), (9, 3), (10, 2), (11, 3), (6, 4), (7, 5), (8, 4), (9, 5), (10, 4), (11, 5)]
length: 18 99
2*[T] vs T3fnT3: -0.0011560668173294607 0.002312133641595323
Estimated difference between T3^fnT3 - (T2^WT3 + h.c.) is: 0.0011560668242658622 1.336490502168156e-06
total cost: -2.8258935426529614
singles alt: [(6, 0), (7, 1), (8, 0), (9, 1), (10, 0), (11, 1), (6, 2), (7, 3), (8, 2), (9, 3), (10, 2), (11, 3), (6, 4), (7, 5), (8, 4), (9, 5), (10, 4), (11, 5)]
length: 18 99
2*[T] vs T3fnT3: -0.0011560668274002185 0.002312133661736839
Estimated difference between T3^fnT3 - (T2^WT3 + h.c.) is: 0.0011560668343366205 1.3364905254530952e-06
total cost: -2.8258935426539114
singles alt: [(6, 0), (7, 1), (8, 0), (9, 1), (10, 0), (11, 1), (6, 2), (7, 3), (8, 2), (9, 3), (10, 2), (11, 3), (6, 4), (7, 5), (8, 4), (9, 5), (10, 4), (11, 5)]
length: 18 99
2*[T] vs T3fnT3: -0.0011560668173280053 0.002312133641592413
Estimated difference between T3^fnT3 - (T2^WT3 + h.c.) is: 0.0011560668242644077 1.336490502164793e-06
total cost: -2.8258935426547565
singles alt: [(6, 0), (7, 1), (8, 0), (9, 1), (10, 0), (11, 1), (6, 2), (7, 3), (8, 2), (9, 3), (10, 2), (11, 3), (6, 4), (7, 5), (8, 4), (9, 5), (10, 4), (11, 5)]
length: 18 99
2*[T] vs T3fnT3: -0.0011560668216639503 0.0023121336502643034
Estimated difference between T3^fnT3 - (T2^WT3 + h.c.) is: 0.0011560668286003531 1.3364905121900784e-06
total cost: -2.8258935426538967
singles alt: [(6, 0), (7, 1), (8, 0), (9, 1), (10, 0), (11, 1), (6, 2), (7, 3), (8, 2), (9, 3), (10, 2), (11, 3), (6, 4), (7, 5), (8, 4), (9, 5), (10, 4), (11, 5)]
length: 18 99
2*[T] vs T3fnT3: -0.0011560668173289164 0.0023121336415942344
Estimated difference between T3^fnT3 - (T2^WT3 + h.c.) is: 0.001156066824265318 1.3364905021668976e-06
total cost: -2.8258935426535863
singles alt: [(6, 0), (7, 1), (8, 0), (9, 1), (10, 0), (11, 1), (6, 2), (7, 3), (8, 2), (9, 3), (10, 2), (11, 3), (6, 4), (7, 5), (8, 4), (9, 5), (10, 4), (11, 5)]
length: 18 99
2*[T] vs T3fnT3: -0.0011560668188412655 0.0023121336446189325
Estimated difference between T3^fnT3 - (T2^WT3 + h.c.) is: 0.001156066825777667 1.3364905056636507e-06
total cost: -2.8258935426538665
singles alt: [(6, 0), (7, 1), (8, 0), (9, 1), (10, 0), (11, 1), (6, 2), (7, 3), (8, 2), (9, 3), (10, 2), (11, 3), (6, 4), (7, 5), (8, 4), (9, 5), (10, 4), (11, 5)]
length: 18 99
2*[T] vs T3fnT3: -0.0011560668173280228 0.002312133641592446
Estimated difference between T3^fnT3 - (T2^WT3 + h.c.) is: 0.001156066824264423 1.3364905021648285e-06
total cost: -2.82589354265466
singles alt: [(6, 0), (7, 1), (8, 0), (9, 1), (10, 0), (11, 1), (6, 2), (7, 3), (8, 2), (9, 3), (10, 2), (11, 3), (6, 4), (7, 5), (8, 4), (9, 5), (10, 4), (11, 5)]
length: 18 99
2*[T] vs T3fnT3: -0.0011560668284560658 0.002312133663848533
Estimated difference between T3^fnT3 - (T2^WT3 + h.c.) is: 0.0011560668353924673 1.336490527894354e-06
total cost: -2.8258935426545615
singles alt: [(6, 0), (7, 1), (8, 0), (9, 1), (10, 0), (11, 1), (6, 2), (7, 3), (8, 2), (9, 3), (10, 2), (11, 3), (6, 4), (7, 5), (8, 4), (9, 5), (10, 4), (11, 5)]
length: 18 99
2*[T] vs T3fnT3: -0.0011560668173273465 0.0023121336415910954
Estimated difference between T3^fnT3 - (T2^WT3 + h.c.) is: 0.001156066824263749 1.3364905021632697e-06
total cost: -2.8258935426546556
singles alt: [(6, 0), (7, 1), (8, 0), (9, 1), (10, 0), (11, 1), (6, 2), (7, 3), (8, 2), (9, 3), (10, 2), (11, 3), (6, 4), (7, 5), (8, 4), (9, 5), (10, 4), (11, 5)]
length: 18 99
2*[T] vs T3fnT3: -0.0011560668174211896 0.0023121336417787812
Estimated difference between T3^fnT3 - (T2^WT3 + h.c.) is: 0.0011560668243575916 1.3364905023802465e-06
total cost: -2.825893542653618
singles alt: [(6, 0), (7, 1), (8, 0), (9, 1), (10, 0), (11, 1), (6, 2), (7, 3), (8, 2), (9, 3), (10, 2), (11, 3), (6, 4), (7, 5), (8, 4), (9, 5), (10, 4), (11, 5)]
length: 18 99
2*[T] vs T3fnT3: -0.0011560668173288375 0.0023121336415940774
Estimated difference between T3^fnT3 - (T2^WT3 + h.c.) is: 0.00115606682426524 1.3364905021667171e-06
total cost: -2.8258935426541987
singles alt: [(6, 0), (7, 1), (8, 0), (9, 1), (10, 0), (11, 1), (6, 2), (7, 3), (8, 2), (9, 3), (10, 2), (11, 3), (6, 4), (7, 5), (8, 4), (9, 5), (10, 4), (11, 5)]
length: 18 99
2*[T] vs T3fnT3: -0.0011560668227180628 0.0023121336523725267
Estimated difference between T3^fnT3 - (T2^WT3 + h.c.) is: 0.001156066829654464 1.3364905146273233e-06
total cost: -2.825893542654585
singles alt: [(6, 0), (7, 1), (8, 0), (9, 1), (10, 0), (11, 1), (6, 2), (7, 3), (8, 2), (9, 3), (10, 2), (11, 3), (6, 4), (7, 5), (8, 4), (9, 5), (10, 4), (11, 5)]
length: 18 99
2*[T] vs T3fnT3: -0.0011560668173283349 0.0023121336415930713
Estimated difference between T3^fnT3 - (T2^WT3 + h.c.) is: 0.0011560668242647364 1.336490502165553e-06
total cost: -2.825893542654192
singles alt: [(6, 0), (7, 1), (8, 0), (9, 1), (10, 0), (11, 1), (6, 2), (7, 3), (8, 2), (9, 3), (10, 2), (11, 3), (6, 4), (7, 5), (8, 4), (9, 5), (10, 4), (11, 5)]
length: 18 99
2*[T] vs T3fnT3: -0.001156066815615844 0.002312133638168089
Estimated difference between T3^fnT3 - (T2^WT3 + h.c.) is: 0.0011560668225522451 1.3364904982060442e-06
total cost: -2.825893542653676
singles alt: [(6, 0), (7, 1), (8, 0), (9, 1), (10, 0), (11, 1), (6, 2), (7, 3), (8, 2), (9, 3), (10, 2), (11, 3), (6, 4), (7, 5), (8, 4), (9, 5), (10, 4), (11, 5)]
length: 18 99
2*[T] vs T3fnT3: -0.0011560668173288841 0.0023121336415941702
Estimated difference between T3^fnT3 - (T2^WT3 + h.c.) is: 0.001156066824265286 1.3364905021668239e-06
total cost: -2.8258935426534957
singles alt: [(6, 0), (7, 1), (8, 0), (9, 1), (10, 0), (11, 1), (6, 2), (7, 3), (8, 2), (9, 3), (10, 2), (11, 3), (6, 4), (7, 5), (8, 4), (9, 5), (10, 4), (11, 5)]
length: 18 99
2*[T] vs T3fnT3: -0.0011560668171004002 0.0023121336411372024
Estimated difference between T3^fnT3 - (T2^WT3 + h.c.) is: 0.0011560668240368022 1.3364905016385385e-06
total cost: -2.825893542654948
singles alt: [(6, 0), (7, 1), (8, 0), (9, 1), (10, 0), (11, 1), (6, 2), (7, 3), (8, 2), (9, 3), (10, 2), (11, 3), (6, 4), (7, 5), (8, 4), (9, 5), (10, 4), (11, 5)]
length: 18 99
2*[T] vs T3fnT3: -0.0011560668173279508 0.0023121336415923024
Estimated difference between T3^fnT3 - (T2^WT3 + h.c.) is: 0.0011560668242643515 1.336490502164663e-06
total cost: -2.825893542654762
singles alt: [(6, 0), (7, 1), (8, 0), (9, 1), (10, 0), (11, 1), (6, 2), (7, 3), (8, 2), (9, 3), (10, 2), (11, 3), (6, 4), (7, 5), (8, 4), (9, 5), (10, 4), (11, 5)]
length: 18 99
2*[T] vs T3fnT3: -0.0011560668125133937 0.00231213363196319
Estimated difference between T3^fnT3 - (T2^WT3 + h.c.) is: 0.0011560668194497965 1.3364904910327685e-06
total cost: -2.8258935426546423
singles alt: [(6, 0), (7, 1), (8, 0), (9, 1), (10, 0), (11, 1), (6, 2), (7, 3), (8, 2), (9, 3), (10, 2), (11, 3), (6, 4), (7, 5), (8, 4), (9, 5), (10, 4), (11, 5)]
length: 18 99
2*[T] vs T3fnT3: -0.0011560668173293618 0.002312133641595126
Estimated difference between T3^fnT3 - (T2^WT3 + h.c.) is: 0.0011560668242657642 1.3364905021679295e-06
total cost: -2.825893542653137
singles alt: [(6, 0), (7, 1), (8, 0), (9, 1), (10, 0), (11, 1), (6, 2), (7, 3), (8, 2), (9, 3), (10, 2), (11, 3), (6, 4), (7, 5), (8, 4), (9, 5), (10, 4), (11, 5)]
length: 18 99
2*[T] vs T3fnT3: -0.0011560668219234738 0.002312133650783349
Estimated difference between T3^fnT3 - (T2^WT3 + h.c.) is: 0.0011560668288598753 1.3364905127901284e-06
total cost: -2.825893542654102
singles alt: [(6, 0), (7, 1), (8, 0), (9, 1), (10, 0), (11, 1), (6, 2), (7, 3), (8, 2), (9, 3), (10, 2), (11, 3), (6, 4), (7, 5), (8, 4), (9, 5), (10, 4), (11, 5)]
length: 18 99
2*[T] vs T3fnT3: -0.0011560668173281237 0.002312133641592649
Estimated difference between T3^fnT3 - (T2^WT3 + h.c.) is: 0.0011560668242645252 1.3364905021650646e-06
total cost: -2.8258935426548373
singles alt: [(6, 0), (7, 1), (8, 0), (9, 1), (10, 0), (11, 1), (6, 2), (7, 3), (8, 2), (9, 3), (10, 2), (11, 3), (6, 4), (7, 5), (8, 4), (9, 5), (10, 4), (11, 5)]
length: 18 99
2*[T] vs T3fnT3: -0.001156066827803024 0.0023121336625424502
Estimated difference between T3^fnT3 - (T2^WT3 + h.c.) is: 0.0011560668347394263 1.336490526384436e-06
total cost: -2.825893542653797
singles alt: [(6, 0), (7, 1), (8, 0), (9, 1), (10, 0), (11, 1), (6, 2), (7, 3), (8, 2), (9, 3), (10, 2), (11, 3), (6, 4), (7, 5), (8, 4), (9, 5), (10, 4), (11, 5)]
length: 18 99
2*[T] vs T3fnT3: -0.001156066817328944 0.002312133641594288
Estimated difference between T3^fnT3 - (T2^WT3 + h.c.) is: 0.0011560668242653442 1.3364905021669583e-06
total cost: -2.8258935426536125
singles alt: [(6, 0), (7, 1), (8, 0), (9, 1), (10, 0), (11, 1), (6, 2), (7, 3), (8, 2), (9, 3), (10, 2), (11, 3), (6, 4), (7, 5), (8, 4), (9, 5), (10, 4), (11, 5)]
length: 18 99
2*[T] vs T3fnT3: -0.001156066824684358 0.0023121336563051184
Estimated difference between T3^fnT3 - (T2^WT3 + h.c.) is: 0.0011560668316207604 1.3364905191736636e-06
total cost: -2.82589354265453
singles alt: [(6, 0), (7, 1), (8, 0), (9, 1), (10, 0), (11, 1), (6, 2), (7, 3), (8, 2), (9, 3), (10, 2), (11, 3), (6, 4), (7, 5), (8, 4), (9, 5), (10, 4), (11, 5)]
length: 18 99
2*[T] vs T3fnT3: -0.0011560668173287176 0.002312133641593838
Estimated difference between T3^fnT3 - (T2^WT3 + h.c.) is: 0.0011560668242651204 1.3364905021664408e-06
total cost: -2.825893542653178
singles alt: [(6, 0), (7, 1), (8, 0), (9, 1), (10, 0), (11, 1), (6, 2), (7, 3), (8, 2), (9, 3), (10, 2), (11, 3), (6, 4), (7, 5), (8, 4), (9, 5), (10, 4), (11, 5)]
length: 18 99
2*[T] vs T3fnT3: -0.0011560668138829813 0.0023121336347023645
Estimated difference between T3^fnT3 - (T2^WT3 + h.c.) is: 0.0011560668208193832 1.3364904941994359e-06
total cost: -2.8258935426545917
singles alt: [(6, 0), (7, 1), (8, 0), (9, 1), (10, 0), (11, 1), (6, 2), (7, 3), (8, 2), (9, 3), (10, 2), (11, 3), (6, 4), (7, 5), (8, 4), (9, 5), (10, 4), (11, 5)]
length: 18 99
2*[T] vs T3fnT3: -0.001156066817328782 0.0023121336415939655
Estimated difference between T3^fnT3 - (T2^WT3 + h.c.) is: 0.0011560668242651835 1.3364905021665867e-06
total cost: -2.825893542653171
singles alt: [(6, 0), (7, 1), (8, 0), (9, 1), (10, 0), (11, 1), (6, 2), (7, 3), (8, 2), (9, 3), (10, 2), (11, 3), (6, 4), (7, 5), (8, 4), (9, 5), (10, 4), (11, 5)]
length: 18 99
2*[T] vs T3fnT3: -0.0011560668357271382 0.002312133678390678
Estimated difference between T3^fnT3 - (T2^WT3 + h.c.) is: 0.0011560668426635397 1.3364905447060454e-06
total cost: -2.8258935426548715
singles alt: [(6, 0), (7, 1), (8, 0), (9, 1), (10, 0), (11, 1), (6, 2), (7, 3), (8, 2), (9, 3), (10, 2), (11, 3), (6, 4), (7, 5), (8, 4), (9, 5), (10, 4), (11, 5)]
length: 18 99
2*[T] vs T3fnT3: -0.001156066817327288 0.0023121336415909788
Estimated difference between T3^fnT3 - (T2^WT3 + h.c.) is: 0.0011560668242636908 1.3364905021631353e-06
total cost: -2.8258935426555563
singles alt: [(6, 0), (7, 1), (8, 0), (9, 1), (10, 0), (11, 1), (6, 2), (7, 3), (8, 2), (9, 3), (10, 2), (11, 3), (6, 4), (7, 5), (8, 4), (9, 5), (10, 4), (11, 5)]
length: 18 99
2*[T] vs T3fnT3: -0.0011560668140831374 0.002312133635102678
Estimated difference between T3^fnT3 - (T2^WT3 + h.c.) is: 0.0011560668210195406 1.3364904946622265e-06
total cost: -2.8258935426543834
singles alt: [(6, 0), (7, 1), (8, 0), (9, 1), (10, 0), (11, 1), (6, 2), (7, 3), (8, 2), (9, 3), (10, 2), (11, 3), (6, 4), (7, 5), (8, 4), (9, 5), (10, 4), (11, 5)]
length: 18 99
2*[T] vs T3fnT3: -0.0011560668173272797 0.0023121336415909614
Estimated difference between T3^fnT3 - (T2^WT3 + h.c.) is: 0.0011560668242636817 1.3364905021631143e-06
total cost: -2.8258935426555456
singles alt: [(6, 0), (7, 1), (8, 0), (9, 1), (10, 0), (11, 1), (6, 2), (7, 3), (8, 2), (9, 3), (10, 2), (11, 3), (6, 4), (7, 5), (8, 4), (9, 5), (10, 4), (11, 5)]
length: 18 99
2*[T] vs T3fnT3: -0.0011560668164470988 0.0023121336398305983
Estimated difference between T3^fnT3 - (T2^WT3 + h.c.) is: 0.0011560668233834995 1.3364905001280154e-06
total cost: -2.825893542654822
singles alt: [(6, 0), (7, 1), (8, 0), (9, 1), (10, 0), (11, 1), (6, 2), (7, 3), (8, 2), (9, 3), (10, 2), (11, 3), (6, 4), (7, 5), (8, 4), (9, 5), (10, 4), (11, 5)]
length: 18 99
2*[T] vs T3fnT3: -0.0011560668173280489 0.0023121336415924993
Estimated difference between T3^fnT3 - (T2^WT3 + h.c.) is: 0.0011560668242644504 1.3364905021648916e-06
total cost: -2.8258935426549145
singles alt: [(6, 0), (7, 1), (8, 0), (9, 1), (10, 0), (11, 1), (6, 2), (7, 3), (8, 2), (9, 3), (10, 2), (11, 3), (6, 4), (7, 5), (8, 4), (9, 5), (10, 4), (11, 5)]
length: 18 99
2*[T] vs T3fnT3: -0.001156066820296241 0.0023121336475288847
Estimated difference between T3^fnT3 - (T2^WT3 + h.c.) is: 0.0011560668272326438 1.3364905090277516e-06
total cost: -2.82589354265374
singles alt: [(6, 0), (7, 1), (8, 0), (9, 1), (10, 0), (11, 1), (6, 2), (7, 3), (8, 2), (9, 3), (10, 2), (11, 3), (6, 4), (7, 5), (8, 4), (9, 5), (10, 4), (11, 5)]
length: 18 99
2*[T] vs T3fnT3: -0.00115606681732861 0.002312133641593623
Estimated difference between T3^fnT3 - (T2^WT3 + h.c.) is: 0.0011560668242650129 1.3364905021661922e-06
total cost: -2.825893542654189
singles alt: [(6, 0), (7, 1), (8, 0), (9, 1), (10, 0), (11, 1), (6, 2), (7, 3), (8, 2), (9, 3), (10, 2), (11, 3), (6, 4), (7, 5), (8, 4), (9, 5), (10, 4), (11, 5)]
length: 18 99
2*[T] vs T3fnT3: -0.0011560668236214372 0.0023121336541792755
Estimated difference between T3^fnT3 - (T2^WT3 + h.c.) is: 0.0011560668305578383 1.3364905167160456e-06
total cost: -2.8258935426545193
singles alt: [(6, 0), (7, 1), (8, 0), (9, 1), (10, 0), (11, 1), (6, 2), (7, 3), (8, 2), (9, 3), (10, 2), (11, 3), (6, 4), (7, 5), (8, 4), (9, 5), (10, 4), (11, 5)]
length: 18 99
2*[T] vs T3fnT3: -0.0011560668173272476 0.0023121336415908972
Estimated difference between T3^fnT3 - (T2^WT3 + h.c.) is: 0.0011560668242636496 1.3364905021630402e-06
total cost: -2.8258935426551504
singles alt: [(6, 0), (7, 1), (8, 0), (9, 1), (10, 0), (11, 1), (6, 2), (7, 3), (8, 2), (9, 3), (10, 2), (11, 3), (6, 4), (7, 5), (8, 4), (9, 5), (10, 4), (11, 5)]
length: 18 99
2*[T] vs T3fnT3: -0.0011560668139413742 0.002312133634819151
Estimated difference between T3^fnT3 - (T2^WT3 + h.c.) is: 0.0011560668208777766 1.3364904943344493e-06
total cost: -2.8258935426545277
singles alt: [(6, 0), (7, 1), (8, 0), (9, 1), (10, 0), (11, 1), (6, 2), (7, 3), (8, 2), (9, 3), (10, 2), (11, 3), (6, 4), (7, 5), (8, 4), (9, 5), (10, 4), (11, 5)]
length: 18 99
2*[T] vs T3fnT3: -0.0011560668173277203 0.0023121336415918405
Estimated difference between T3^fnT3 - (T2^WT3 + h.c.) is: 0.0011560668242641201 1.336490502164128e-06
total cost: -2.8258935426542116
singles alt: [(6, 0), (7, 1), (8, 0), (9, 1), (10, 0), (11, 1), (6, 2), (7, 3), (8, 2), (9, 3), (10, 2), (11, 3), (6, 4), (7, 5), (8, 4), (9, 5), (10, 4), (11, 5)]
length: 18 99
2*[T] vs T3fnT3: -0.0011560668157787328 0.0023121336384938672
Estimated difference between T3^fnT3 - (T2^WT3 + h.c.) is: 0.0011560668227151344 1.336490498582666e-06
total cost: -2.82589354265454
singles alt: [(6, 0), (7, 1), (8, 0), (9, 1), (10, 0), (11, 1), (6, 2), (7, 3), (8, 2), (9, 3), (10, 2), (11, 3), (6, 4), (7, 5), (8, 4), (9, 5), (10, 4), (11, 5)]
length: 18 99
2*[T] vs T3fnT3: -0.0011560668173268682 0.0023121336415901396
Estimated difference between T3^fnT3 - (T2^WT3 + h.c.) is: 0.0011560668242632714 1.3364905021621656e-06
total cost: -2.825893542655085
singles alt: [(6, 0), (7, 1), (8, 0), (9, 1), (10, 0), (11, 1), (6, 2), (7, 3), (8, 2), (9, 3), (10, 2), (11, 3), (6, 4), (7, 5), (8, 4), (9, 5), (10, 4), (11, 5)]
length: 18 99
2*[T] vs T3fnT3: -0.0011560668184728265 0.0023121336438820545
Estimated difference between T3^fnT3 - (T2^WT3 + h.c.) is: 0.001156066825409228 1.3364905048117704e-06
total cost: -2.8258935426538554
singles alt: [(6, 0), (7, 1), (8, 0), (9, 1), (10, 0), (11, 1), (6, 2), (7, 3), (8, 2), (9, 3), (10, 2), (11, 3), (6, 4), (7, 5), (8, 4), (9, 5), (10, 4), (11, 5)]
length: 18 99
2*[T] vs T3fnT3: -0.0011560668173273996 0.002312133641591201
Estimated difference between T3^fnT3 - (T2^WT3 + h.c.) is: 0.0011560668242638012 1.3364905021633906e-06
total cost: -2.8258935426544047
singles alt: [(6, 0), (7, 1), (8, 0), (9, 1), (10, 0), (11, 1), (6, 2), (7, 3), (8, 2), (9, 3), (10, 2), (11, 3), (6, 4), (7, 5), (8, 4), (9, 5), (10, 4), (11, 5)]
length: 18 99
2*[T] vs T3fnT3: -0.001156066823186207 0.0023121336533088155
Estimated difference between T3^fnT3 - (T2^WT3 + h.c.) is: 0.0011560668301226085 1.3364905157097361e-06
total cost: -2.8258935426545175
singles alt: [(6, 0), (7, 1), (8, 0), (9, 1), (10, 0), (11, 1), (6, 2), (7, 3), (8, 2), (9, 3), (10, 2), (11, 3), (6, 4), (7, 5), (8, 4), (9, 5), (10, 4), (11, 5)]
length: 18 99
2*[T] vs T3fnT3: -0.0011560668173281018 0.0023121336415926055
Estimated difference between T3^fnT3 - (T2^WT3 + h.c.) is: 0.0011560668242645037 1.336490502165015e-06
total cost: -2.8258935426544833
singles alt: [(6, 0), (7, 1), (8, 0), (9, 1), (10, 0), (11, 1), (6, 2), (7, 3), (8, 2), (9, 3), (10, 2), (11, 3), (6, 4), (7, 5), (8, 4), (9, 5), (10, 4), (11, 5)]
length: 18 99
2*[T] vs T3fnT3: -0.0011560668174376253 0.002312133641811652
Estimated difference between T3^fnT3 - (T2^WT3 + h.c.) is: 0.0011560668243740268 1.336490502418247e-06
total cost: -2.8258935426538403
singles alt: [(6, 0), (7, 1), (8, 0), (9, 1), (10, 0), (11, 1), (6, 2), (7, 3), (8, 2), (9, 3), (10, 2), (11, 3), (6, 4), (7, 5), (8, 4), (9, 5), (10, 4), (11, 5)]
length: 18 99
2*[T] vs T3fnT3: -0.0011560668173282813 0.0023121336415929655
Estimated difference between T3^fnT3 - (T2^WT3 + h.c.) is: 0.0011560668242646841 1.3364905021654322e-06
total cost: -2.825893542654209
singles alt: [(6, 0), (7, 1), (8, 0), (9, 1), (10, 0), (11, 1), (6, 2), (7, 3), (8, 2), (9, 3), (10, 2), (11, 3), (6, 4), (7, 5), (8, 4), (9, 5), (10, 4), (11, 5)]
length: 18 99
2*[T] vs T3fnT3: -0.0011560668284416493 0.0023121336638197002
Estimated difference between T3^fnT3 - (T2^WT3 + h.c.) is: 0.0011560668353780509 1.3364905278610214e-06
total cost: -2.825893542654324
singles alt: [(6, 0), (7, 1), (8, 0), (9, 1), (10, 0), (11, 1), (6, 2), (7, 3), (8, 2), (9, 3), (10, 2), (11, 3), (6, 4), (7, 5), (8, 4), (9, 5), (10, 4), (11, 5)]
length: 18 99
2*[T] vs T3fnT3: -0.001156066817328865 0.002312133641594131
Estimated difference between T3^fnT3 - (T2^WT3 + h.c.) is: 0.0011560668242652661 1.3364905021667777e-06
total cost: -2.8258935426541623
singles alt: [(6, 0), (7, 1), (8, 0), (9, 1), (10, 0), (11, 1), (6, 2), (7, 3), (8, 2), (9, 3), (10, 2), (11, 3), (6, 4), (7, 5), (8, 4), (9, 5), (10, 4), (11, 5)]
length: 18 99
2*[T] vs T3fnT3: -0.001156066815720806 0.0023121336383780137
Estimated difference between T3^fnT3 - (T2^WT3 + h.c.) is: 0.0011560668226572076 1.3364904984487315e-06
total cost: -2.825893542653937
singles alt: [(6, 0), (7, 1), (8, 0), (9, 1), (10, 0), (11, 1), (6, 2), (7, 3), (8, 2), (9, 3), (10, 2), (11, 3), (6, 4), (7, 5), (8, 4), (9, 5), (10, 4), (11, 5)]
length: 18 99
2*[T] vs T3fnT3: -0.0011560668173281384 0.0023121336415926797
Estimated difference between T3^fnT3 - (T2^WT3 + h.c.) is: 0.0011560668242645413 1.3364905021651016e-06
total cost: -2.825893542654836
singles alt: [(6, 0), (7, 1), (8, 0), (9, 1), (10, 0), (11, 1), (6, 2), (7, 3), (8, 2), (9, 3), (10, 2), (11, 3), (6, 4), (7, 5), (8, 4), (9, 5), (10, 4), (11, 5)]
length: 18 99
2*[T] vs T3fnT3: -0.0011560668234907887 0.0023121336539179797
Estimated difference between T3^fnT3 - (T2^WT3 + h.c.) is: 0.001156066830427191 1.3364905164139718e-06
total cost: -2.8258935426545344
singles alt: [(6, 0), (7, 1), (8, 0), (9, 1), (10, 0), (11, 1), (6, 2), (7, 3), (8, 2), (9, 3), (10, 2), (11, 3), (6, 4), (7, 5), (8, 4), (9, 5), (10, 4), (11, 5)]
length: 18 99
2*[T] vs T3fnT3: -0.0011560668173277054 0.0023121336415918136
Estimated difference between T3^fnT3 - (T2^WT3 + h.c.) is: 0.0011560668242641082 1.3364905021641005e-06
total cost: -2.825893542654248
singles alt: [(6, 0), (7, 1), (8, 0), (9, 1), (10, 0), (11, 1), (6, 2), (7, 3), (8, 2), (9, 3), (10, 2), (11, 3), (6, 4), (7, 5), (8, 4), (9, 5), (10, 4), (11, 5)]
length: 18 99
2*[T] vs T3fnT3: -0.0011560668202125843 0.0023121336473615707
Estimated difference between T3^fnT3 - (T2^WT3 + h.c.) is: 0.0011560668271489863 1.3364905088343242e-06
total cost: -2.825893542653908
singles alt: [(6, 0), (7, 1), (8, 0), (9, 1), (10, 0), (11, 1), (6, 2), (7, 3), (8, 2), (9, 3), (10, 2), (11, 3), (6, 4), (7, 5), (8, 4), (9, 5), (10, 4), (11, 5)]
length: 18 99
2*[T] vs T3fnT3: -0.0011560668173273318 0.002312133641591067
Estimated difference between T3^fnT3 - (T2^WT3 + h.c.) is: 0.001156066824263735 1.3364905021632375e-06
total cost: -2.8258935426550553
singles alt: [(6, 0), (7, 1), (8, 0), (9, 1), (10, 0), (11, 1), (6, 2), (7, 3), (8, 2), (9, 3), (10, 2), (11, 3), (6, 4), (7, 5), (8, 4), (9, 5), (10, 4), (11, 5)]
length: 18 99
2*[T] vs T3fnT3: -0.0011560668156454811 0.0023121336382273647
Estimated difference between T3^fnT3 - (T2^WT3 + h.c.) is: 0.0011560668225818835 1.3364904982745722e-06
total cost: -2.825893542654472
singles alt: [(6, 0), (7, 1), (8, 0), (9, 1), (10, 0), (11, 1), (6, 2), (7, 3), (8, 2), (9, 3), (10, 2), (11, 3), (6, 4), (7, 5), (8, 4), (9, 5), (10, 4), (11, 5)]
length: 18 99
2*[T] vs T3fnT3: -0.0011560668173285597 0.0023121336415935223
Estimated difference between T3^fnT3 - (T2^WT3 + h.c.) is: 0.0011560668242649626 1.336490502166076e-06
total cost: -2.8258935426542426
singles alt: [(6, 0), (7, 1), (8, 0), (9, 1), (10, 0), (11, 1), (6, 2), (7, 3), (8, 2), (9, 3), (10, 2), (11, 3), (6, 4), (7, 5), (8, 4), (9, 5), (10, 4), (11, 5)]
length: 18 99
2*[T] vs T3fnT3: -0.0011560668138950211 0.002312133634726444
Estimated difference between T3^fnT3 - (T2^WT3 + h.c.) is: 0.0011560668208314227 1.3364904942272728e-06
total cost: -2.8258935426543186
singles alt: [(6, 0), (7, 1), (8, 0), (9, 1), (10, 0), (11, 1), (6, 2), (7, 3), (8, 2), (9, 3), (10, 2), (11, 3), (6, 4), (7, 5), (8, 4), (9, 5), (10, 4), (11, 5)]
length: 18 99
2*[T] vs T3fnT3: -0.0011560668173268963 0.002312133641590196
Estimated difference between T3^fnT3 - (T2^WT3 + h.c.) is: 0.0011560668242632996 1.3364905021622308e-06
total cost: -2.8258935426550575
singles alt: [(6, 0), (7, 1), (8, 0), (9, 1), (10, 0), (11, 1), (6, 2), (7, 3), (8, 2), (9, 3), (10, 2), (11, 3), (6, 4), (7, 5), (8, 4), (9, 5), (10, 4), (11, 5)]
length: 18 99
2*[T] vs T3fnT3: -0.0011560668249720257 0.0023121336568804537
Estimated difference between T3^fnT3 - (T2^WT3 + h.c.) is: 0.001156066831908428 1.3364905198387897e-06
total cost: -2.825893542654596
singles alt: [(6, 0), (7, 1), (8, 0), (9, 1), (10, 0), (11, 1), (6, 2), (7, 3), (8, 2), (9, 3), (10, 2), (11, 3), (6, 4), (7, 5), (8, 4), (9, 5), (10, 4), (11, 5)]
length: 18 99
2*[T] vs T3fnT3: -0.0011560668173291777 0.002312133641594758
Estimated difference between T3^fnT3 - (T2^WT3 + h.c.) is: 0.0011560668242655801 1.3364905021675038e-06
total cost: -2.825893542653791
singles alt: [(6, 0), (7, 1), (8, 0), (9, 1), (10, 0), (11, 1), (6, 2), (7, 3), (8, 2), (9, 3), (10, 2), (11, 3), (6, 4), (7, 5), (8, 4), (9, 5), (10, 4), (11, 5)]
length: 18 99
2*[T] vs T3fnT3: -0.0011560668156316255 0.0023121336381996525
Estimated difference between T3^fnT3 - (T2^WT3 + h.c.) is: 0.001156066822568027 1.336490498242534e-06
total cost: -2.8258935426542022
singles alt: [(6, 0), (7, 1), (8, 0), (9, 1), (10, 0), (11, 1), (6, 2), (7, 3), (8, 2), (9, 3), (10, 2), (11, 3), (6, 4), (7, 5), (8, 4), (9, 5), (10, 4), (11, 5)]
length: 18 99
2*[T] vs T3fnT3: -0.0011560668173292159 0.0023121336415948338
Estimated difference between T3^fnT3 - (T2^WT3 + h.c.) is: 0.0011560668242656179 1.336490502167591e-06
total cost: -2.8258935426537852
singles alt: [(6, 0), (7, 1), (8, 0), (9, 1), (10, 0), (11, 1), (6, 2), (7, 3), (8, 2), (9, 3), (10, 2), (11, 3), (6, 4), (7, 5), (8, 4), (9, 5), (10, 4), (11, 5)]
length: 18 99
2*[T] vs T3fnT3: -0.0011560668305576982 0.002312133668051799
Estimated difference between T3^fnT3 - (T2^WT3 + h.c.) is: 0.0011560668374941006 1.3364905327536114e-06
total cost: -2.8258935426536533
singles alt: [(6, 0), (7, 1), (8, 0), (9, 1), (10, 0), (11, 1), (6, 2), (7, 3), (8, 2), (9, 3), (10, 2), (11, 3), (6, 4), (7, 5), (8, 4), (9, 5), (10, 4), (11, 5)]
length: 18 99
2*[T] vs T3fnT3: -0.0011560668173266053 0.0023121336415896127
Estimated difference between T3^fnT3 - (T2^WT3 + h.c.) is: 0.0011560668242630073 1.3364905021615551e-06
total cost: -2.825893542655072
singles alt: [(6, 0), (7, 1), (8, 0), (9, 1), (10, 0), (11, 1), (6, 2), (7, 3), (8, 2), (9, 3), (10, 2), (11, 3), (6, 4), (7, 5), (8, 4), (9, 5), (10, 4), (11, 5)]
length: 18 99
2*[T] vs T3fnT3: -0.0011560668157946236 0.0023121336385256487
Estimated difference between T3^fnT3 - (T2^WT3 + h.c.) is: 0.001156066822731025 1.3364904986194073e-06
total cost: -2.8258935426540845
singles alt: [(6, 0), (7, 1), (8, 0), (9, 1), (10, 0), (11, 1), (6, 2), (7, 3), (8, 2), (9, 3), (10, 2), (11, 3), (6, 4), (7, 5), (8, 4), (9, 5), (10, 4), (11, 5)]
length: 18 99
2*[T] vs T3fnT3: -0.0011560668173265878 0.002312133641589578
Estimated difference between T3^fnT3 - (T2^WT3 + h.c.) is: 0.0011560668242629902 1.3364905021615155e-06
total cost: -2.825893542655071
singles alt: [(6, 0), (7, 1), (8, 0), (9, 1), (10, 0), (11, 1), (6, 2), (7, 3), (8, 2), (9, 3), (10, 2), (11, 3), (6, 4), (7, 5), (8, 4), (9, 5), (10, 4), (11, 5)]
length: 18 99
2*[T] vs T3fnT3: -0.0011560668208095632 0.002312133648555528
Estimated difference between T3^fnT3 - (T2^WT3 + h.c.) is: 0.0011560668277459647 1.3364905102146182e-06
total cost: -2.8258935426539864
singles alt: [(6, 0), (7, 1), (8, 0), (9, 1), (10, 0), (11, 1), (6, 2), (7, 3), (8, 2), (9, 3), (10, 2), (11, 3), (6, 4), (7, 5), (8, 4), (9, 5), (10, 4), (11, 5)]
length: 18 99
2*[T] vs T3fnT3: -0.0011560668162320256 0.0023121336394004524
Estimated difference between T3^fnT3 - (T2^WT3 + h.c.) is: 0.0011560668231684267 1.3364904996307384e-06
total cost: -2.8258935426548257
singles alt: [(6, 0), (7, 1), (8, 0), (9, 1), (10, 0), (11, 1), (6, 2), (7, 3), (8, 2), (9, 3), (10, 2), (11, 3), (6, 4), (7, 5), (8, 4), (9, 5), (10, 4), (11, 5)]
length: 18 99
2*[T] vs T3fnT3: -0.0011560668160698435 0.002312133639076089
Estimated difference between T3^fnT3 - (T2^WT3 + h.c.) is: 0.0011560668230062455 1.3364904992557537e-06
total cost: -2.8258935426547303
singles alt: [(6, 0), (7, 1), (8, 0), (9, 1), (10, 0), (11, 1), (6, 2), (7, 3), (8, 2), (9, 3), (10, 2), (11, 3), (6, 4), (7, 5), (8, 4), (9, 5), (10, 4), (11, 5)]
length: 18 99
2*[T] vs T3fnT3: -0.0011560668173284767 0.002312133641593354
Estimated difference between T3^fnT3 - (T2^WT3 + h.c.) is: 0.0011560668242648774 1.3364905021658788e-06
total cost: -2.8258935426543723
singles alt: [(6, 0), (7, 1), (8, 0), (9, 1), (10, 0), (11, 1), (6, 2), (7, 3), (8, 2), (9, 3), (10, 2), (11, 3), (6, 4), (7, 5), (8, 4), (9, 5), (10, 4), (11, 5)]
length: 18 99
2*[T] vs T3fnT3: -0.001156066817328555 0.0023121336415935123
Estimated difference between T3^fnT3 - (T2^WT3 + h.c.) is: 0.0011560668242649574 1.3364905021660639e-06
total cost: -2.8258935426543763
singles alt: [(6, 0), (7, 1), (8, 0), (9, 1), (10, 0), (11, 1), (6, 2), (7, 3), (8, 2), (9, 3), (10, 2), (11, 3), (6, 4), (7, 5), (8, 4), (9, 5), (10, 4), (11, 5)]
length: 18 99
2*[T] vs T3fnT3: -0.0011560668144310051 0.002312133635798412
Estimated difference between T3^fnT3 - (T2^WT3 + h.c.) is: 0.0011560668213674067 1.3364904954665394e-06
total cost: -2.8258935426554292
singles alt: [(6, 0), (7, 1), (8, 0), (9, 1), (10, 0), (11, 1), (6, 2), (7, 3), (8, 2), (9, 3), (10, 2), (11, 3), (6, 4), (7, 5), (8, 4), (9, 5), (10, 4), (11, 5)]
length: 18 99
2*[T] vs T3fnT3: -0.0011560668143308162 0.0023121336355980335
Estimated difference between T3^fnT3 - (T2^WT3 + h.c.) is: 0.0011560668212672173 1.3364904952348881e-06
total cost: -2.825893542655485
singles alt: [(6, 0), (7, 1), (8, 0), (9, 1), (10, 0), (11, 1), (6, 2), (7, 3), (8, 2), (9, 3), (10, 2), (11, 3), (6, 4), (7, 5), (8, 4), (9, 5), (10, 4), (11, 5)]
length: 18 99
2*[T] vs T3fnT3: -0.001156066817328311 0.002312133641593023
Estimated difference between T3^fnT3 - (T2^WT3 + h.c.) is: 0.0011560668242647121 1.3364905021654968e-06
total cost: -2.8258935426543816
singles alt: [(6, 0), (7, 1), (8, 0), (9, 1), (10, 0), (11, 1), (6, 2), (7, 3), (8, 2), (9, 3), (10, 2), (11, 3), (6, 4), (7, 5), (8, 4), (9, 5), (10, 4), (11, 5)]
length: 18 99
2*[T] vs T3fnT3: -0.0011560668173282687 0.0023121336415929394
Estimated difference between T3^fnT3 - (T2^WT3 + h.c.) is: 0.0011560668242646707 1.336490502165401e-06
total cost: -2.825893542654385
singles alt: [(6, 0), (7, 1), (8, 0), (9, 1), (10, 0), (11, 1), (6, 2), (7, 3), (8, 2), (9, 3), (10, 2), (11, 3), (6, 4), (7, 5), (8, 4), (9, 5), (10, 4), (11, 5)]
length: 18 99
2*[T] vs T3fnT3: -0.001156066822939136 0.002312133652814675
Estimated difference between T3^fnT3 - (T2^WT3 + h.c.) is: 0.0011560668298755388 1.336490515138478e-06
total cost: -2.8258935426545757
singles alt: [(6, 0), (7, 1), (8, 0), (9, 1), (10, 0), (11, 1), (6, 2), (7, 3), (8, 2), (9, 3), (10, 2), (11, 3), (6, 4), (7, 5), (8, 4), (9, 5), (10, 4), (11, 5)]
length: 18 99
2*[T] vs T3fnT3: -0.0011560668228644652 0.0023121336526653316
Estimated difference between T3^fnT3 - (T2^WT3 + h.c.) is: 0.0011560668298008663 1.3364905149658252e-06
total cost: -2.8258935426546286
singles alt: [(6, 0), (7, 1), (8, 0), (9, 1), (10, 0), (11, 1), (6, 2), (7, 3), (8, 2), (9, 3), (10, 2), (11, 3), (6, 4), (7, 5), (8, 4), (9, 5), (10, 4), (11, 5)]
length: 18 99
2*[T] vs T3fnT3: -0.0011560668173289112 0.002312133641594225
Estimated difference between T3^fnT3 - (T2^WT3 + h.c.) is: 0.0011560668242653136 1.3364905021668876e-06
total cost: -2.825893542654378
singles alt: [(6, 0), (7, 1), (8, 0), (9, 1), (10, 0), (11, 1), (6, 2), (7, 3), (8, 2), (9, 3), (10, 2), (11, 3), (6, 4), (7, 5), (8, 4), (9, 5), (10, 4), (11, 5)]
length: 18 99
2*[T] vs T3fnT3: -0.0011560668173289143 0.0023121336415942305
Estimated difference between T3^fnT3 - (T2^WT3 + h.c.) is: 0.0011560668242653162 1.3364905021668935e-06
total cost: -2.8258935426543594
singles alt: [(6, 0), (7, 1), (8, 0), (9, 1), (10, 0), (11, 1), (6, 2), (7, 3), (8, 2), (9, 3), (10, 2), (11, 3), (6, 4), (7, 5), (8, 4), (9, 5), (10, 4), (11, 5)]
length: 18 99
2*[T] vs T3fnT3: -0.0011560668202499872 0.002312133647436377
Estimated difference between T3^fnT3 - (T2^WT3 + h.c.) is: 0.00115606682718639 1.3364905089208065e-06
total cost: -2.8258935426538025
singles alt: [(6, 0), (7, 1), (8, 0), (9, 1), (10, 0), (11, 1), (6, 2), (7, 3), (8, 2), (9, 3), (10, 2), (11, 3), (6, 4), (7, 5), (8, 4), (9, 5), (10, 4), (11, 5)]
length: 18 99
2*[T] vs T3fnT3: -0.001156066820026441 0.002312133646989283
Estimated difference between T3^fnT3 - (T2^WT3 + h.c.) is: 0.001156066826962842 1.3364905084039338e-06
total cost: -2.8258935426536804
singles alt: [(6, 0), (7, 1), (8, 0), (9, 1), (10, 0), (11, 1), (6, 2), (7, 3), (8, 2), (9, 3), (10, 2), (11, 3), (6, 4), (7, 5), (8, 4), (9, 5), (10, 4), (11, 5)]
length: 18 99
2*[T] vs T3fnT3: -0.001156066817328805 0.0023121336415940115
Estimated difference between T3^fnT3 - (T2^WT3 + h.c.) is: 0.0011560668242652065 1.3364905021666399e-06
total cost: -2.825893542654372
singles alt: [(6, 0), (7, 1), (8, 0), (9, 1), (10, 0), (11, 1), (6, 2), (7, 3), (8, 2), (9, 3), (10, 2), (11, 3), (6, 4), (7, 5), (8, 4), (9, 5), (10, 4), (11, 5)]
length: 18 99
2*[T] vs T3fnT3: -0.0011560668173287588 0.0023121336415939196
Estimated difference between T3^fnT3 - (T2^WT3 + h.c.) is: 0.0011560668242651608 1.3364905021665342e-06
total cost: -2.825893542654363
singles alt: [(6, 0), (7, 1), (8, 0), (9, 1), (10, 0), (11, 1), (6, 2), (7, 3), (8, 2), (9, 3), (10, 2), (11, 3), (6, 4), (7, 5), (8, 4), (9, 5), (10, 4), (11, 5)]
length: 18 99
2*[T] vs T3fnT3: -0.0011560668188710188 0.00231213364467844
Estimated difference between T3^fnT3 - (T2^WT3 + h.c.) is: 0.0011560668258074212 1.3364905057324463e-06
total cost: -2.8258935426548795
singles alt: [(6, 0), (7, 1), (8, 0), (9, 1), (10, 0), (11, 1), (6, 2), (7, 3), (8, 2), (9, 3), (10, 2), (11, 3), (6, 4), (7, 5), (8, 4), (9, 5), (10, 4), (11, 5)]
length: 18 99
2*[T] vs T3fnT3: -0.0011560668188339434 0.002312133644604289
Estimated difference between T3^fnT3 - (T2^WT3 + h.c.) is: 0.0011560668257703454 1.3364905056467222e-06
total cost: -2.8258935426550376
singles alt: [(6, 0), (7, 1), (8, 0), (9, 1), (10, 0), (11, 1), (6, 2), (7, 3), (8, 2), (9, 3), (10, 2), (11, 3), (6, 4), (7, 5), (8, 4), (9, 5), (10, 4), (11, 5)]
length: 18 99
2*[T] vs T3fnT3: -0.0011560668173281898 0.002312133641592781
Estimated difference between T3^fnT3 - (T2^WT3 + h.c.) is: 0.0011560668242645913 1.3364905021652175e-06
total cost: -2.8258935426543816
singles alt: [(6, 0), (7, 1), (8, 0), (9, 1), (10, 0), (11, 1), (6, 2), (7, 3), (8, 2), (9, 3), (10, 2), (11, 3), (6, 4), (7, 5), (8, 4), (9, 5), (10, 4), (11, 5)]
length: 18 99
2*[T] vs T3fnT3: -0.0011560668173281898 0.002312133641592781
Estimated difference between T3^fnT3 - (T2^WT3 + h.c.) is: 0.0011560668242645913 1.3364905021652175e-06
total cost: -2.825893542654391
singles alt: [(6, 0), (7, 1), (8, 0), (9, 1), (10, 0), (11, 1), (6, 2), (7, 3), (8, 2), (9, 3), (10, 2), (11, 3), (6, 4), (7, 5), (8, 4), (9, 5), (10, 4), (11, 5)]
length: 18 99
2*[T] vs T3fnT3: -0.0011560668173281898 0.002312133641592781
Estimated difference between T3^fnT3 - (T2^WT3 + h.c.) is: 0.0011560668242645913 1.3364905021652175e-06
total cost: -2.8258935426555665
singles alt: [(6, 0), (7, 1), (8, 0), (9, 1), (10, 0), (11, 1), (6, 2), (7, 3), (8, 2), (9, 3), (10, 2), (11, 3), (6, 4), (7, 5), (8, 4), (9, 5), (10, 4), (11, 5)]
length: 18 99
2*[T] vs T3fnT3: -0.0011560668173281898 0.002312133641592781
Estimated difference between T3^fnT3 - (T2^WT3 + h.c.) is: 0.0011560668242645913 1.3364905021652175e-06
total cost: -2.8258935426553164
singles alt: [(6, 0), (7, 1), (8, 0), (9, 1), (10, 0), (11, 1), (6, 2), (7, 3), (8, 2), (9, 3), (10, 2), (11, 3), (6, 4), (7, 5), (8, 4), (9, 5), (10, 4), (11, 5)]
length: 18 99
2*[T] vs T3fnT3: -0.0011560668173281898 0.002312133641592781
Estimated difference between T3^fnT3 - (T2^WT3 + h.c.) is: 0.0011560668242645913 1.3364905021652175e-06
total cost: -2.8258935426543608
singles alt: [(6, 0), (7, 1), (8, 0), (9, 1), (10, 0), (11, 1), (6, 2), (7, 3), (8, 2), (9, 3), (10, 2), (11, 3), (6, 4), (7, 5), (8, 4), (9, 5), (10, 4), (11, 5)]
length: 18 99
2*[T] vs T3fnT3: -0.0011560668173281898 0.002312133641592781
Estimated difference between T3^fnT3 - (T2^WT3 + h.c.) is: 0.0011560668242645913 1.3364905021652175e-06
total cost: -2.8258935426543625
singles alt: [(6, 0), (7, 1), (8, 0), (9, 1), (10, 0), (11, 1), (6, 2), (7, 3), (8, 2), (9, 3), (10, 2), (11, 3), (6, 4), (7, 5), (8, 4), (9, 5), (10, 4), (11, 5)]
length: 18 99
2*[T] vs T3fnT3: -0.0011560668173281898 0.002312133641592781
Estimated difference between T3^fnT3 - (T2^WT3 + h.c.) is: 0.0011560668242645913 1.3364905021652175e-06
total cost: -2.8258935426534206
singles alt: [(6, 0), (7, 1), (8, 0), (9, 1), (10, 0), (11, 1), (6, 2), (7, 3), (8, 2), (9, 3), (10, 2), (11, 3), (6, 4), (7, 5), (8, 4), (9, 5), (10, 4), (11, 5)]
length: 18 99
2*[T] vs T3fnT3: -0.0011560668173281898 0.002312133641592781
Estimated difference between T3^fnT3 - (T2^WT3 + h.c.) is: 0.0011560668242645913 1.3364905021652175e-06
total cost: -2.825893542653691
singles alt: [(6, 0), (7, 1), (8, 0), (9, 1), (10, 0), (11, 1), (6, 2), (7, 3), (8, 2), (9, 3), (10, 2), (11, 3), (6, 4), (7, 5), (8, 4), (9, 5), (10, 4), (11, 5)]
length: 18 99
2*[T] vs T3fnT3: -0.0011560668173281898 0.002312133641592781
Estimated difference between T3^fnT3 - (T2^WT3 + h.c.) is: 0.0011560668242645913 1.3364905021652175e-06
total cost: -2.8258935426544114
singles alt: [(6, 0), (7, 1), (8, 0), (9, 1), (10, 0), (11, 1), (6, 2), (7, 3), (8, 2), (9, 3), (10, 2), (11, 3), (6, 4), (7, 5), (8, 4), (9, 5), (10, 4), (11, 5)]
length: 18 99
2*[T] vs T3fnT3: -0.0011560668173281898 0.002312133641592781
Estimated difference between T3^fnT3 - (T2^WT3 + h.c.) is: 0.0011560668242645913 1.3364905021652175e-06
total cost: -2.8258935426544216
singles alt: [(6, 0), (7, 1), (8, 0), (9, 1), (10, 0), (11, 1), (6, 2), (7, 3), (8, 2), (9, 3), (10, 2), (11, 3), (6, 4), (7, 5), (8, 4), (9, 5), (10, 4), (11, 5)]
length: 18 99
2*[T] vs T3fnT3: -0.0011560668173281898 0.002312133641592781
Estimated difference between T3^fnT3 - (T2^WT3 + h.c.) is: 0.0011560668242645913 1.3364905021652175e-06
total cost: -2.82589354265492
singles alt: [(6, 0), (7, 1), (8, 0), (9, 1), (10, 0), (11, 1), (6, 2), (7, 3), (8, 2), (9, 3), (10, 2), (11, 3), (6, 4), (7, 5), (8, 4), (9, 5), (10, 4), (11, 5)]
length: 18 99
2*[T] vs T3fnT3: -0.0011560668173281898 0.002312133641592781
Estimated difference between T3^fnT3 - (T2^WT3 + h.c.) is: 0.0011560668242645913 1.3364905021652175e-06
total cost: -2.8258935426547183
singles alt: [(6, 0), (7, 1), (8, 0), (9, 1), (10, 0), (11, 1), (6, 2), (7, 3), (8, 2), (9, 3), (10, 2), (11, 3), (6, 4), (7, 5), (8, 4), (9, 5), (10, 4), (11, 5)]
length: 18 99
2*[T] vs T3fnT3: -0.0011560668173281898 0.002312133641592781
Estimated difference between T3^fnT3 - (T2^WT3 + h.c.) is: 0.0011560668242645913 1.3364905021652175e-06
total cost: -2.8258935426544345
singles alt: [(6, 0), (7, 1), (8, 0), (9, 1), (10, 0), (11, 1), (6, 2), (7, 3), (8, 2), (9, 3), (10, 2), (11, 3), (6, 4), (7, 5), (8, 4), (9, 5), (10, 4), (11, 5)]
length: 18 99
2*[T] vs T3fnT3: -0.0011560668173281898 0.002312133641592781
Estimated difference between T3^fnT3 - (T2^WT3 + h.c.) is: 0.0011560668242645913 1.3364905021652175e-06
total cost: -2.8258935426544354
singles alt: [(6, 0), (7, 1), (8, 0), (9, 1), (10, 0), (11, 1), (6, 2), (7, 3), (8, 2), (9, 3), (10, 2), (11, 3), (6, 4), (7, 5), (8, 4), (9, 5), (10, 4), (11, 5)]
length: 18 99
2*[T] vs T3fnT3: -0.0011560668173281898 0.002312133641592781
Estimated difference between T3^fnT3 - (T2^WT3 + h.c.) is: 0.0011560668242645913 1.3364905021652175e-06
total cost: -2.8258935426535063
singles alt: [(6, 0), (7, 1), (8, 0), (9, 1), (10, 0), (11, 1), (6, 2), (7, 3), (8, 2), (9, 3), (10, 2), (11, 3), (6, 4), (7, 5), (8, 4), (9, 5), (10, 4), (11, 5)]
length: 18 99
2*[T] vs T3fnT3: -0.0011560668173281898 0.002312133641592781
Estimated difference between T3^fnT3 - (T2^WT3 + h.c.) is: 0.0011560668242645913 1.3364905021652175e-06
total cost: -2.8258935426537652
singles alt: [(6, 0), (7, 1), (8, 0), (9, 1), (10, 0), (11, 1), (6, 2), (7, 3), (8, 2), (9, 3), (10, 2), (11, 3), (6, 4), (7, 5), (8, 4), (9, 5), (10, 4), (11, 5)]
length: 18 99
2*[T] vs T3fnT3: -0.0011560668173281898 0.002312133641592781
Estimated difference between T3^fnT3 - (T2^WT3 + h.c.) is: 0.0011560668242645913 1.3364905021652175e-06
total cost: -2.825893542654392
singles alt: [(6, 0), (7, 1), (8, 0), (9, 1), (10, 0), (11, 1), (6, 2), (7, 3), (8, 2), (9, 3), (10, 2), (11, 3), (6, 4), (7, 5), (8, 4), (9, 5), (10, 4), (11, 5)]
length: 18 99
2*[T] vs T3fnT3: -0.0011560668173281898 0.002312133641592781
Estimated difference between T3^fnT3 - (T2^WT3 + h.c.) is: 0.0011560668242645913 1.3364905021652175e-06
total cost: -2.8258935426543896
singles alt: [(6, 0), (7, 1), (8, 0), (9, 1), (10, 0), (11, 1), (6, 2), (7, 3), (8, 2), (9, 3), (10, 2), (11, 3), (6, 4), (7, 5), (8, 4), (9, 5), (10, 4), (11, 5)]
callback: energy=-2.827049609479
Optimization terminated successfully.
         Current function value: -2.825894
         Iterations: 19
         Function evaluations: 2360
         Gradient evaluations: 20
Optimization finished in 3552.19 s
Success: True
Final energy: -2.8258935426543714
(6, 7, 0, 1) | 0.1837962341774151
(6, 7, 0, 3) | 0.0000297490996264
(6, 7, 0, 5) | 0.0573037282135216
(6, 7, 2, 1) | 0.0000274864386125
(6, 7, 2, 3) | 0.1849771419832244
(6, 7, 2, 5) | -0.0000283076449844
(6, 7, 4, 1) | 0.0604381315473656
(6, 7, 4, 3) | -0.0000266502520860
(6, 7, 4, 5) | 0.3471091339154850
(6, 9, 0, 1) | 0.0000248958661618
(6, 9, 0, 3) | -0.1356763224550458
(6, 9, 0, 5) | -0.0000086808745542
(6, 9, 2, 1) | -0.1145906680203440
(6, 9, 2, 3) | 0.0000289771305723
(6, 9, 2, 5) | 0.2240495134869604
(6, 9, 4, 1) | -0.0000075506142660
(6, 9, 4, 3) | 0.1747717911022273
(6, 9, 4, 5) | 0.0000158351668652
(6, 11, 0, 1) | 0.0791800616076006
(6, 11, 0, 3) | -0.0000057406918195
(6, 11, 0, 5) | 0.2439489162812664
(6, 11, 2, 1) | -0.0000057230928741
(6, 11, 2, 3) | -0.1291061005093664
(6, 11, 2, 5) | 0.0000034664970343
(6, 11, 4, 1) | 0.1751762286913855
(6, 11, 4, 3) | 0.0000035421064485
(6, 11, 4, 5) | 0.0595543009454420
(8, 7, 0, 1) | 0.0000185787079607
(8, 7, 0, 3) | -0.1097183797337650
(8, 7, 0, 5) | -0.0000076667384783
(8, 7, 2, 1) | -0.1298308698789907
(8, 7, 2, 3) | 0.0000254737340656
(8, 7, 2, 5) | 0.1865249328254158
(8, 7, 4, 1) | -0.0000094740983435
(8, 7, 4, 3) | 0.2323916189488828
(8, 7, 4, 5) | 0.0000162694925353
(8, 9, 0, 1) | 0.1193848241430052
(8, 9, 0, 3) | 0.0000249454433300
(8, 9, 0, 5) | -0.1464243641810759
(8, 9, 2, 1) | 0.0000249286350421
(8, 9, 2, 3) | 0.3030100881345445
(8, 9, 2, 5) | -0.0000243954874714
(8, 9, 4, 1) | -0.1401170376242861
(8, 9, 4, 3) | -0.0000241104198475
(8, 9, 4, 5) | 0.1637683677720131
(8, 11, 0, 1) | -0.0000117691457621
(8, 11, 0, 3) | 0.1701134800312206
(8, 11, 0, 5) | 0.0000034617584604
(8, 11, 2, 1) | 0.1361262071798848
(8, 11, 2, 3) | -0.0000160461070461
(8, 11, 2, 5) | -0.1202488778860646
(8, 11, 4, 1) | 0.0000030211603900
(8, 11, 4, 3) | -0.0979175983545570
(8, 11, 4, 5) | -0.0000151469550528
(10, 7, 0, 1) | 0.0712949110362570
(10, 7, 0, 3) | -0.0000005423461514
(10, 7, 0, 5) | 0.1848767734588746
(10, 7, 2, 1) | -0.0000022434553290
(10, 7, 2, 3) | -0.1351714018714457
(10, 7, 2, 5) | 0.0000030695049327
(10, 7, 4, 1) | 0.2460130748679557
(10, 7, 4, 3) | 0.0000037472115150
(10, 7, 4, 5) | 0.0628632122787943
(10, 9, 0, 1) | -0.0000097728254611
(10, 9, 0, 3) | 0.1324679767994335
(10, 9, 0, 5) | 0.0000021734683972
(10, 9, 2, 1) | 0.1655371733289635
(10, 9, 2, 3) | -0.0000138112051610
(10, 9, 2, 5) | -0.1059198563457982
(10, 9, 4, 1) | 0.0000021258727308
(10, 9, 4, 3) | -0.1248848770656679
(10, 9, 4, 5) | -0.0000146471182176
(10, 11, 0, 1) | 0.2498459374987588
(10, 11, 0, 3) | 0.0000122520590833
(10, 11, 0, 5) | 0.0777430435115874
(10, 11, 2, 1) | 0.0000128153976796
(10, 11, 2, 3) | 0.1219018356564289
(10, 11, 2, 5) | -0.0000147998322392
(10, 11, 4, 1) | 0.0828957495666679
(10, 11, 4, 3) | -0.0000151757520852
(10, 11, 4, 5) | 0.1678893656173790
(6, 8, 0, 2) | -0.0356331640455721
(7, 9, 1, 3) | -0.0356352555381726
(6, 10, 0, 2) | -0.0000002746029491
(7, 11, 1, 3) | -0.0000001602808545
(8, 10, 0, 2) | 0.0423329192539143
(9, 11, 1, 3) | 0.0422644317052052
(6, 8, 0, 4) | 0.0000001942817800
(7, 9, 1, 5) | 0.0000002129179801
(6, 10, 0, 4) | 0.0805242903201240
(7, 11, 1, 5) | 0.0806654494593249
(8, 10, 0, 4) | -0.0000002549410339
(9, 11, 1, 5) | 0.0000003742643655
(6, 8, 2, 4) | 0.0479633416675866
(7, 9, 3, 5) | 0.0482708972411822
(6, 10, 2, 4) | 0.0000004379279870
(7, 11, 3, 5) | 0.0000004412987959
(8, 10, 2, 4) | -0.0357944670829429
(9, 11, 3, 5) | -0.0356724619918163
(6, 0)         | -0.0000002441101209
(7, 1)         | -0.0000007731385111
(8, 0)         | -0.0761379036783695
(9, 1)         | -0.0763872797570278
(10, 0)        | 0.0000006070380760
(11, 1)        | -0.0000003184289797
(6, 2)         | 0.1221660220651574
(7, 3)         | 0.1223968894794778
(8, 2)         | -0.0000005160482670
(9, 3)         | -0.0000014339714406
(10, 2)        | 0.0747155150741285
(11, 3)        | 0.0744137913810010
(6, 4)         | -0.0000010420390946
(7, 5)         | -0.0000017916910183
(8, 4)         | -0.1173627928826639
(9, 5)         | -0.1172345827955136
(10, 4)        | -0.0000003696437305
(11, 5)        | -0.0000003301780050
None
singles alt: [(6, 0), (7, 1), (8, 0), (9, 1), (10, 0), (11, 1), (6, 2), (7, 3), (8, 2), (9, 3), (10, 2), (11, 3), (6, 4), (7, 5), (8, 4), (9, 5), (10, 4), (11, 5)]
Final evaluation of (unbiased) <H>: -2.827049609478636
